
simpleserial-hqc-CW308_STM32F4.elf:     file format elf32-littlearm

Sections:
Idx Name          Size      VMA       LMA       File off  Algn
  0 .isr_vector   00000188  08000000  08000000  00010000  2**0
                  CONTENTS, ALLOC, LOAD, READONLY, DATA
  1 .text         00001a34  08000188  08000188  00010188  2**2
                  CONTENTS, ALLOC, LOAD, READONLY, CODE
  2 .rodata       00000ce4  08001bbc  08001bbc  00011bbc  2**2
                  CONTENTS, ALLOC, LOAD, READONLY, DATA
  3 .ARM.extab    00000000  080028a0  080028a0  00020430  2**0
                  CONTENTS
  4 .ARM          00000000  080028a0  080028a0  00020430  2**0
                  CONTENTS
  5 .preinit_array 00000000  080028a0  080028a0  00020430  2**0
                  CONTENTS, ALLOC, LOAD, DATA
  6 .init_array   00000008  080028a0  080028a0  000128a0  2**2
                  CONTENTS, ALLOC, LOAD, DATA
  7 .fini_array   00000004  080028a8  080028a8  000128a8  2**2
                  CONTENTS, ALLOC, LOAD, DATA
  8 .data         00000430  20000000  080028ac  00020000  2**3
                  CONTENTS, ALLOC, LOAD, DATA
  9 .bss          00000bbc  20000430  08002cdc  00020430  2**3
                  ALLOC
 10 ._user_heap_stack 00000404  20000fec  08002cdc  00020fec  2**0
                  ALLOC
 11 .ARM.attributes 0000002a  00000000  00000000  00020430  2**0
                  CONTENTS, READONLY
 12 .comment      00000033  00000000  00000000  0002045a  2**0
                  CONTENTS, READONLY
 13 .debug_info   0000ab70  00000000  00000000  0002048d  2**0
                  CONTENTS, READONLY, DEBUGGING, OCTETS
 14 .debug_abbrev 0000208e  00000000  00000000  0002affd  2**0
                  CONTENTS, READONLY, DEBUGGING, OCTETS
 15 .debug_loc    00006bd0  00000000  00000000  0002d08b  2**0
                  CONTENTS, READONLY, DEBUGGING, OCTETS
 16 .debug_aranges 00000428  00000000  00000000  00033c60  2**3
                  CONTENTS, READONLY, DEBUGGING, OCTETS
 17 .debug_ranges 000010a0  00000000  00000000  00034088  2**0
                  CONTENTS, READONLY, DEBUGGING, OCTETS
 18 .debug_line   0000652c  00000000  00000000  00035128  2**0
                  CONTENTS, READONLY, DEBUGGING, OCTETS
 19 .debug_str    00002197  00000000  00000000  0003b654  2**0
                  CONTENTS, READONLY, DEBUGGING, OCTETS
 20 .debug_frame  00000a74  00000000  00000000  0003d7ec  2**2
                  CONTENTS, READONLY, DEBUGGING, OCTETS
 21 .stab         00000144  00000000  00000000  0003e260  2**2
                  CONTENTS, READONLY, DEBUGGING
 22 .stabstr      00000080  00000000  00000000  0003e3a4  2**0
                  CONTENTS, READONLY, DEBUGGING

Disassembly of section .text:

08000188 <deregister_tm_clones>:
 8000188:	4803      	ldr	r0, [pc, #12]	; (8000198 <deregister_tm_clones+0x10>)
 800018a:	4b04      	ldr	r3, [pc, #16]	; (800019c <deregister_tm_clones+0x14>)
 800018c:	4283      	cmp	r3, r0
 800018e:	d002      	beq.n	8000196 <deregister_tm_clones+0xe>
 8000190:	4b03      	ldr	r3, [pc, #12]	; (80001a0 <deregister_tm_clones+0x18>)
 8000192:	b103      	cbz	r3, 8000196 <deregister_tm_clones+0xe>
 8000194:	4718      	bx	r3
 8000196:	4770      	bx	lr
 8000198:	20000430 	.word	0x20000430
 800019c:	20000430 	.word	0x20000430
 80001a0:	00000000 	.word	0x00000000

080001a4 <register_tm_clones>:
 80001a4:	4805      	ldr	r0, [pc, #20]	; (80001bc <register_tm_clones+0x18>)
 80001a6:	4906      	ldr	r1, [pc, #24]	; (80001c0 <register_tm_clones+0x1c>)
 80001a8:	1a0b      	subs	r3, r1, r0
 80001aa:	0fd9      	lsrs	r1, r3, #31
 80001ac:	eb01 01a3 	add.w	r1, r1, r3, asr #2
 80001b0:	1049      	asrs	r1, r1, #1
 80001b2:	d002      	beq.n	80001ba <register_tm_clones+0x16>
 80001b4:	4b03      	ldr	r3, [pc, #12]	; (80001c4 <register_tm_clones+0x20>)
 80001b6:	b103      	cbz	r3, 80001ba <register_tm_clones+0x16>
 80001b8:	4718      	bx	r3
 80001ba:	4770      	bx	lr
 80001bc:	20000430 	.word	0x20000430
 80001c0:	20000430 	.word	0x20000430
 80001c4:	00000000 	.word	0x00000000

080001c8 <__do_global_dtors_aux>:
 80001c8:	b510      	push	{r4, lr}
 80001ca:	4c06      	ldr	r4, [pc, #24]	; (80001e4 <__do_global_dtors_aux+0x1c>)
 80001cc:	7823      	ldrb	r3, [r4, #0]
 80001ce:	b943      	cbnz	r3, 80001e2 <__do_global_dtors_aux+0x1a>
 80001d0:	f7ff ffda 	bl	8000188 <deregister_tm_clones>
 80001d4:	4b04      	ldr	r3, [pc, #16]	; (80001e8 <__do_global_dtors_aux+0x20>)
 80001d6:	b113      	cbz	r3, 80001de <__do_global_dtors_aux+0x16>
 80001d8:	4804      	ldr	r0, [pc, #16]	; (80001ec <__do_global_dtors_aux+0x24>)
 80001da:	f3af 8000 	nop.w
 80001de:	2301      	movs	r3, #1
 80001e0:	7023      	strb	r3, [r4, #0]
 80001e2:	bd10      	pop	{r4, pc}
 80001e4:	20000430 	.word	0x20000430
 80001e8:	00000000 	.word	0x00000000
 80001ec:	08001ba4 	.word	0x08001ba4

080001f0 <frame_dummy>:
 80001f0:	b508      	push	{r3, lr}
 80001f2:	4b04      	ldr	r3, [pc, #16]	; (8000204 <frame_dummy+0x14>)
 80001f4:	b11b      	cbz	r3, 80001fe <frame_dummy+0xe>
 80001f6:	4904      	ldr	r1, [pc, #16]	; (8000208 <frame_dummy+0x18>)
 80001f8:	4804      	ldr	r0, [pc, #16]	; (800020c <frame_dummy+0x1c>)
 80001fa:	f3af 8000 	nop.w
 80001fe:	e8bd 4008 	ldmia.w	sp!, {r3, lr}
 8000202:	e7cf      	b.n	80001a4 <register_tm_clones>
 8000204:	00000000 	.word	0x00000000
 8000208:	20000434 	.word	0x20000434
 800020c:	08001ba4 	.word	0x08001ba4

08000210 <atexit>:
 8000210:	2300      	movs	r3, #0
 8000212:	4601      	mov	r1, r0
 8000214:	461a      	mov	r2, r3
 8000216:	4618      	mov	r0, r3
 8000218:	f000 b926 	b.w	8000468 <__register_exitproc>

0800021c <__libc_fini_array>:
 800021c:	b538      	push	{r3, r4, r5, lr}
 800021e:	4b08      	ldr	r3, [pc, #32]	; (8000240 <__libc_fini_array+0x24>)
 8000220:	4d08      	ldr	r5, [pc, #32]	; (8000244 <__libc_fini_array+0x28>)
 8000222:	1b5b      	subs	r3, r3, r5
 8000224:	109c      	asrs	r4, r3, #2
 8000226:	d007      	beq.n	8000238 <__libc_fini_array+0x1c>
 8000228:	3b04      	subs	r3, #4
 800022a:	441d      	add	r5, r3
 800022c:	3c01      	subs	r4, #1
 800022e:	f855 3904 	ldr.w	r3, [r5], #-4
 8000232:	4798      	blx	r3
 8000234:	2c00      	cmp	r4, #0
 8000236:	d1f9      	bne.n	800022c <__libc_fini_array+0x10>
 8000238:	e8bd 4038 	ldmia.w	sp!, {r3, r4, r5, lr}
 800023c:	f001 bcb8 	b.w	8001bb0 <_fini>
 8000240:	080028ac 	.word	0x080028ac
 8000244:	080028a8 	.word	0x080028a8

08000248 <__libc_init_array>:
 8000248:	b570      	push	{r4, r5, r6, lr}
 800024a:	4e0d      	ldr	r6, [pc, #52]	; (8000280 <__libc_init_array+0x38>)
 800024c:	4d0d      	ldr	r5, [pc, #52]	; (8000284 <__libc_init_array+0x3c>)
 800024e:	1b76      	subs	r6, r6, r5
 8000250:	10b6      	asrs	r6, r6, #2
 8000252:	d006      	beq.n	8000262 <__libc_init_array+0x1a>
 8000254:	2400      	movs	r4, #0
 8000256:	f855 3b04 	ldr.w	r3, [r5], #4
 800025a:	3401      	adds	r4, #1
 800025c:	4798      	blx	r3
 800025e:	42a6      	cmp	r6, r4
 8000260:	d1f9      	bne.n	8000256 <__libc_init_array+0xe>
 8000262:	4e09      	ldr	r6, [pc, #36]	; (8000288 <__libc_init_array+0x40>)
 8000264:	4d09      	ldr	r5, [pc, #36]	; (800028c <__libc_init_array+0x44>)
 8000266:	1b76      	subs	r6, r6, r5
 8000268:	f001 fc9c 	bl	8001ba4 <_init>
 800026c:	10b6      	asrs	r6, r6, #2
 800026e:	d006      	beq.n	800027e <__libc_init_array+0x36>
 8000270:	2400      	movs	r4, #0
 8000272:	f855 3b04 	ldr.w	r3, [r5], #4
 8000276:	3401      	adds	r4, #1
 8000278:	4798      	blx	r3
 800027a:	42a6      	cmp	r6, r4
 800027c:	d1f9      	bne.n	8000272 <__libc_init_array+0x2a>
 800027e:	bd70      	pop	{r4, r5, r6, pc}
 8000280:	080028a0 	.word	0x080028a0
 8000284:	080028a0 	.word	0x080028a0
 8000288:	080028a8 	.word	0x080028a8
 800028c:	080028a0 	.word	0x080028a0

08000290 <memcpy>:
 8000290:	4684      	mov	ip, r0
 8000292:	ea41 0300 	orr.w	r3, r1, r0
 8000296:	f013 0303 	ands.w	r3, r3, #3
 800029a:	d16d      	bne.n	8000378 <memcpy+0xe8>
 800029c:	3a40      	subs	r2, #64	; 0x40
 800029e:	d341      	bcc.n	8000324 <memcpy+0x94>
 80002a0:	f851 3b04 	ldr.w	r3, [r1], #4
 80002a4:	f840 3b04 	str.w	r3, [r0], #4
 80002a8:	f851 3b04 	ldr.w	r3, [r1], #4
 80002ac:	f840 3b04 	str.w	r3, [r0], #4
 80002b0:	f851 3b04 	ldr.w	r3, [r1], #4
 80002b4:	f840 3b04 	str.w	r3, [r0], #4
 80002b8:	f851 3b04 	ldr.w	r3, [r1], #4
 80002bc:	f840 3b04 	str.w	r3, [r0], #4
 80002c0:	f851 3b04 	ldr.w	r3, [r1], #4
 80002c4:	f840 3b04 	str.w	r3, [r0], #4
 80002c8:	f851 3b04 	ldr.w	r3, [r1], #4
 80002cc:	f840 3b04 	str.w	r3, [r0], #4
 80002d0:	f851 3b04 	ldr.w	r3, [r1], #4
 80002d4:	f840 3b04 	str.w	r3, [r0], #4
 80002d8:	f851 3b04 	ldr.w	r3, [r1], #4
 80002dc:	f840 3b04 	str.w	r3, [r0], #4
 80002e0:	f851 3b04 	ldr.w	r3, [r1], #4
 80002e4:	f840 3b04 	str.w	r3, [r0], #4
 80002e8:	f851 3b04 	ldr.w	r3, [r1], #4
 80002ec:	f840 3b04 	str.w	r3, [r0], #4
 80002f0:	f851 3b04 	ldr.w	r3, [r1], #4
 80002f4:	f840 3b04 	str.w	r3, [r0], #4
 80002f8:	f851 3b04 	ldr.w	r3, [r1], #4
 80002fc:	f840 3b04 	str.w	r3, [r0], #4
 8000300:	f851 3b04 	ldr.w	r3, [r1], #4
 8000304:	f840 3b04 	str.w	r3, [r0], #4
 8000308:	f851 3b04 	ldr.w	r3, [r1], #4
 800030c:	f840 3b04 	str.w	r3, [r0], #4
 8000310:	f851 3b04 	ldr.w	r3, [r1], #4
 8000314:	f840 3b04 	str.w	r3, [r0], #4
 8000318:	f851 3b04 	ldr.w	r3, [r1], #4
 800031c:	f840 3b04 	str.w	r3, [r0], #4
 8000320:	3a40      	subs	r2, #64	; 0x40
 8000322:	d2bd      	bcs.n	80002a0 <memcpy+0x10>
 8000324:	3230      	adds	r2, #48	; 0x30
 8000326:	d311      	bcc.n	800034c <memcpy+0xbc>
 8000328:	f851 3b04 	ldr.w	r3, [r1], #4
 800032c:	f840 3b04 	str.w	r3, [r0], #4
 8000330:	f851 3b04 	ldr.w	r3, [r1], #4
 8000334:	f840 3b04 	str.w	r3, [r0], #4
 8000338:	f851 3b04 	ldr.w	r3, [r1], #4
 800033c:	f840 3b04 	str.w	r3, [r0], #4
 8000340:	f851 3b04 	ldr.w	r3, [r1], #4
 8000344:	f840 3b04 	str.w	r3, [r0], #4
 8000348:	3a10      	subs	r2, #16
 800034a:	d2ed      	bcs.n	8000328 <memcpy+0x98>
 800034c:	320c      	adds	r2, #12
 800034e:	d305      	bcc.n	800035c <memcpy+0xcc>
 8000350:	f851 3b04 	ldr.w	r3, [r1], #4
 8000354:	f840 3b04 	str.w	r3, [r0], #4
 8000358:	3a04      	subs	r2, #4
 800035a:	d2f9      	bcs.n	8000350 <memcpy+0xc0>
 800035c:	3204      	adds	r2, #4
 800035e:	d008      	beq.n	8000372 <memcpy+0xe2>
 8000360:	07d2      	lsls	r2, r2, #31
 8000362:	bf1c      	itt	ne
 8000364:	f811 3b01 	ldrbne.w	r3, [r1], #1
 8000368:	f800 3b01 	strbne.w	r3, [r0], #1
 800036c:	d301      	bcc.n	8000372 <memcpy+0xe2>
 800036e:	880b      	ldrh	r3, [r1, #0]
 8000370:	8003      	strh	r3, [r0, #0]
 8000372:	4660      	mov	r0, ip
 8000374:	4770      	bx	lr
 8000376:	bf00      	nop
 8000378:	2a08      	cmp	r2, #8
 800037a:	d313      	bcc.n	80003a4 <memcpy+0x114>
 800037c:	078b      	lsls	r3, r1, #30
 800037e:	d08d      	beq.n	800029c <memcpy+0xc>
 8000380:	f010 0303 	ands.w	r3, r0, #3
 8000384:	d08a      	beq.n	800029c <memcpy+0xc>
 8000386:	f1c3 0304 	rsb	r3, r3, #4
 800038a:	1ad2      	subs	r2, r2, r3
 800038c:	07db      	lsls	r3, r3, #31
 800038e:	bf1c      	itt	ne
 8000390:	f811 3b01 	ldrbne.w	r3, [r1], #1
 8000394:	f800 3b01 	strbne.w	r3, [r0], #1
 8000398:	d380      	bcc.n	800029c <memcpy+0xc>
 800039a:	f831 3b02 	ldrh.w	r3, [r1], #2
 800039e:	f820 3b02 	strh.w	r3, [r0], #2
 80003a2:	e77b      	b.n	800029c <memcpy+0xc>
 80003a4:	3a04      	subs	r2, #4
 80003a6:	d3d9      	bcc.n	800035c <memcpy+0xcc>
 80003a8:	3a01      	subs	r2, #1
 80003aa:	f811 3b01 	ldrb.w	r3, [r1], #1
 80003ae:	f800 3b01 	strb.w	r3, [r0], #1
 80003b2:	d2f9      	bcs.n	80003a8 <memcpy+0x118>
 80003b4:	780b      	ldrb	r3, [r1, #0]
 80003b6:	7003      	strb	r3, [r0, #0]
 80003b8:	784b      	ldrb	r3, [r1, #1]
 80003ba:	7043      	strb	r3, [r0, #1]
 80003bc:	788b      	ldrb	r3, [r1, #2]
 80003be:	7083      	strb	r3, [r0, #2]
 80003c0:	4660      	mov	r0, ip
 80003c2:	4770      	bx	lr

080003c4 <memset>:
 80003c4:	0783      	lsls	r3, r0, #30
 80003c6:	b530      	push	{r4, r5, lr}
 80003c8:	d048      	beq.n	800045c <memset+0x98>
 80003ca:	1e54      	subs	r4, r2, #1
 80003cc:	2a00      	cmp	r2, #0
 80003ce:	d03f      	beq.n	8000450 <memset+0x8c>
 80003d0:	b2ca      	uxtb	r2, r1
 80003d2:	4603      	mov	r3, r0
 80003d4:	e001      	b.n	80003da <memset+0x16>
 80003d6:	3c01      	subs	r4, #1
 80003d8:	d33a      	bcc.n	8000450 <memset+0x8c>
 80003da:	f803 2b01 	strb.w	r2, [r3], #1
 80003de:	079d      	lsls	r5, r3, #30
 80003e0:	d1f9      	bne.n	80003d6 <memset+0x12>
 80003e2:	2c03      	cmp	r4, #3
 80003e4:	d92d      	bls.n	8000442 <memset+0x7e>
 80003e6:	b2cd      	uxtb	r5, r1
 80003e8:	ea45 2505 	orr.w	r5, r5, r5, lsl #8
 80003ec:	2c0f      	cmp	r4, #15
 80003ee:	ea45 4505 	orr.w	r5, r5, r5, lsl #16
 80003f2:	d936      	bls.n	8000462 <memset+0x9e>
 80003f4:	f1a4 0210 	sub.w	r2, r4, #16
 80003f8:	f022 0c0f 	bic.w	ip, r2, #15
 80003fc:	f103 0e20 	add.w	lr, r3, #32
 8000400:	44e6      	add	lr, ip
 8000402:	ea4f 1c12 	mov.w	ip, r2, lsr #4
 8000406:	f103 0210 	add.w	r2, r3, #16
 800040a:	e942 5504 	strd	r5, r5, [r2, #-16]
 800040e:	e942 5502 	strd	r5, r5, [r2, #-8]
 8000412:	3210      	adds	r2, #16
 8000414:	4572      	cmp	r2, lr
 8000416:	d1f8      	bne.n	800040a <memset+0x46>
 8000418:	f10c 0201 	add.w	r2, ip, #1
 800041c:	f014 0f0c 	tst.w	r4, #12
 8000420:	eb03 1202 	add.w	r2, r3, r2, lsl #4
 8000424:	f004 0c0f 	and.w	ip, r4, #15
 8000428:	d013      	beq.n	8000452 <memset+0x8e>
 800042a:	f1ac 0304 	sub.w	r3, ip, #4
 800042e:	f023 0303 	bic.w	r3, r3, #3
 8000432:	3304      	adds	r3, #4
 8000434:	4413      	add	r3, r2
 8000436:	f842 5b04 	str.w	r5, [r2], #4
 800043a:	4293      	cmp	r3, r2
 800043c:	d1fb      	bne.n	8000436 <memset+0x72>
 800043e:	f00c 0403 	and.w	r4, ip, #3
 8000442:	b12c      	cbz	r4, 8000450 <memset+0x8c>
 8000444:	b2ca      	uxtb	r2, r1
 8000446:	441c      	add	r4, r3
 8000448:	f803 2b01 	strb.w	r2, [r3], #1
 800044c:	429c      	cmp	r4, r3
 800044e:	d1fb      	bne.n	8000448 <memset+0x84>
 8000450:	bd30      	pop	{r4, r5, pc}
 8000452:	4664      	mov	r4, ip
 8000454:	4613      	mov	r3, r2
 8000456:	2c00      	cmp	r4, #0
 8000458:	d1f4      	bne.n	8000444 <memset+0x80>
 800045a:	e7f9      	b.n	8000450 <memset+0x8c>
 800045c:	4603      	mov	r3, r0
 800045e:	4614      	mov	r4, r2
 8000460:	e7bf      	b.n	80003e2 <memset+0x1e>
 8000462:	461a      	mov	r2, r3
 8000464:	46a4      	mov	ip, r4
 8000466:	e7e0      	b.n	800042a <memset+0x66>

08000468 <__register_exitproc>:
 8000468:	b470      	push	{r4, r5, r6}
 800046a:	4c18      	ldr	r4, [pc, #96]	; (80004cc <__register_exitproc+0x64>)
 800046c:	6825      	ldr	r5, [r4, #0]
 800046e:	f8d5 4148 	ldr.w	r4, [r5, #328]	; 0x148
 8000472:	b31c      	cbz	r4, 80004bc <__register_exitproc+0x54>
 8000474:	6865      	ldr	r5, [r4, #4]
 8000476:	2d1f      	cmp	r5, #31
 8000478:	dc25      	bgt.n	80004c6 <__register_exitproc+0x5e>
 800047a:	b938      	cbnz	r0, 800048c <__register_exitproc+0x24>
 800047c:	1cab      	adds	r3, r5, #2
 800047e:	3501      	adds	r5, #1
 8000480:	6065      	str	r5, [r4, #4]
 8000482:	f844 1023 	str.w	r1, [r4, r3, lsl #2]
 8000486:	2000      	movs	r0, #0
 8000488:	bc70      	pop	{r4, r5, r6}
 800048a:	4770      	bx	lr
 800048c:	eb04 0c85 	add.w	ip, r4, r5, lsl #2
 8000490:	2802      	cmp	r0, #2
 8000492:	f8cc 2088 	str.w	r2, [ip, #136]	; 0x88
 8000496:	f8d4 6188 	ldr.w	r6, [r4, #392]	; 0x188
 800049a:	f04f 0201 	mov.w	r2, #1
 800049e:	fa02 f205 	lsl.w	r2, r2, r5
 80004a2:	ea46 0602 	orr.w	r6, r6, r2
 80004a6:	f8c4 6188 	str.w	r6, [r4, #392]	; 0x188
 80004aa:	f8cc 3108 	str.w	r3, [ip, #264]	; 0x108
 80004ae:	d1e5      	bne.n	800047c <__register_exitproc+0x14>
 80004b0:	f8d4 318c 	ldr.w	r3, [r4, #396]	; 0x18c
 80004b4:	4313      	orrs	r3, r2
 80004b6:	f8c4 318c 	str.w	r3, [r4, #396]	; 0x18c
 80004ba:	e7df      	b.n	800047c <__register_exitproc+0x14>
 80004bc:	f505 74a6 	add.w	r4, r5, #332	; 0x14c
 80004c0:	f8c5 4148 	str.w	r4, [r5, #328]	; 0x148
 80004c4:	e7d6      	b.n	8000474 <__register_exitproc+0xc>
 80004c6:	f04f 30ff 	mov.w	r0, #4294967295	; 0xffffffff
 80004ca:	e7dd      	b.n	8000488 <__register_exitproc+0x20>
 80004cc:	0800289c 	.word	0x0800289c

080004d0 <set_single_byte>:
/*
 * Set single byte message
 * Command 'b' + [1 byte]
 */
uint8_t set_single_byte(uint8_t *data, uint8_t len) {
    single_msg = data[0];
 80004d0:	4b02      	ldr	r3, [pc, #8]	; (80004dc <set_single_byte+0xc>)
 80004d2:	7802      	ldrb	r2, [r0, #0]
 80004d4:	701a      	strb	r2, [r3, #0]
    return 0x00;
}
 80004d6:	2000      	movs	r0, #0
 80004d8:	4770      	bx	lr
 80004da:	bf00      	nop
 80004dc:	20000450 	.word	0x20000450

080004e0 <set_original_msg>:

/*
 * Set 16-byte original message for code_encode (RS input)
 * Command 'i' + [16 bytes]
 */
uint8_t set_original_msg(uint8_t *data, uint8_t len) {
 80004e0:	b410      	push	{r4}
 80004e2:	4603      	mov	r3, r0
    memcpy(original_msg, data, PARAM_K);
 80004e4:	4c04      	ldr	r4, [pc, #16]	; (80004f8 <set_original_msg+0x18>)
 80004e6:	6800      	ldr	r0, [r0, #0]
 80004e8:	6859      	ldr	r1, [r3, #4]
 80004ea:	689a      	ldr	r2, [r3, #8]
 80004ec:	68db      	ldr	r3, [r3, #12]
 80004ee:	c40f      	stmia	r4!, {r0, r1, r2, r3}
    return 0x00;
}
 80004f0:	2000      	movs	r0, #0
 80004f2:	bc10      	pop	{r4}
 80004f4:	4770      	bx	lr
 80004f6:	bf00      	nop
 80004f8:	20000454 	.word	0x20000454

080004fc <set_msg>:
    if (len < 2)
 80004fc:	2901      	cmp	r1, #1
 80004fe:	d912      	bls.n	8000526 <set_msg+0x2a>
uint8_t set_msg(uint8_t *data, uint8_t len) {
 8000500:	b510      	push	{r4, lr}
    uint8_t copy_len = len - 1;
 8000502:	1e4a      	subs	r2, r1, #1
    uint8_t offset = data[0];
 8000504:	7803      	ldrb	r3, [r0, #0]
    memcpy(&msg[offset], &data[1], copy_len);
 8000506:	4c09      	ldr	r4, [pc, #36]	; (800052c <set_msg+0x30>)
    uint8_t copy_len = len - 1;
 8000508:	b2d2      	uxtb	r2, r2
    if (offset + copy_len > PARAM_N1)
 800050a:	1899      	adds	r1, r3, r2
 800050c:	292e      	cmp	r1, #46	; 0x2e
        copy_len = PARAM_N1 - offset;
 800050e:	bfc8      	it	gt
 8000510:	f1c3 022e 	rsbgt	r2, r3, #46	; 0x2e
    memcpy(&msg[offset], &data[1], copy_len);
 8000514:	f100 0101 	add.w	r1, r0, #1
        copy_len = PARAM_N1 - offset;
 8000518:	bfc8      	it	gt
 800051a:	b2d2      	uxtbgt	r2, r2
    memcpy(&msg[offset], &data[1], copy_len);
 800051c:	18e0      	adds	r0, r4, r3
 800051e:	f7ff feb7 	bl	8000290 <memcpy>
    return 0x00;
 8000522:	2000      	movs	r0, #0
}
 8000524:	bd10      	pop	{r4, pc}
        return 0x01;
 8000526:	2001      	movs	r0, #1
}
 8000528:	4770      	bx	lr
 800052a:	bf00      	nop
 800052c:	20000464 	.word	0x20000464

08000530 <encode_single>:
uint8_t encode_single(uint8_t *data, uint8_t len) {
 8000530:	b510      	push	{r4, lr}
    encode(single_codeword, single_msg);
 8000532:	4c08      	ldr	r4, [pc, #32]	; (8000554 <encode_single+0x24>)
    trigger_high();
 8000534:	f000 fd60 	bl	8000ff8 <trigger_high>
    encode(single_codeword, single_msg);
 8000538:	f814 1b48 	ldrb.w	r1, [r4], #72
 800053c:	4620      	mov	r0, r4
 800053e:	f000 f953 	bl	80007e8 <encode>
    trigger_low();
 8000542:	f000 fd61 	bl	8001008 <trigger_low>
    simpleserial_put('r', 16, (uint8_t *)single_codeword);
 8000546:	4622      	mov	r2, r4
 8000548:	2072      	movs	r0, #114	; 0x72
 800054a:	2110      	movs	r1, #16
 800054c:	f000 fc90 	bl	8000e70 <simpleserial_put>
}
 8000550:	2000      	movs	r0, #0
 8000552:	bd10      	pop	{r4, pc}
 8000554:	20000450 	.word	0x20000450

08000558 <encode_full_triggered>:
uint8_t encode_full_triggered(uint8_t *data, uint8_t len) {
 8000558:	b570      	push	{r4, r5, r6, lr}
 800055a:	4d15      	ldr	r5, [pc, #84]	; (80005b0 <encode_full_triggered+0x58>)
 800055c:	f105 0445 	add.w	r4, r5, #69	; 0x45
 8000560:	f605 06e5 	addw	r6, r5, #2277	; 0x8e5
        trigger_high();
 8000564:	f000 fd48 	bl	8000ff8 <trigger_high>
        encode(&codeword[2 * i * MULTIPLICITY], msg[i]);
 8000568:	4620      	mov	r0, r4
 800056a:	f815 1f01 	ldrb.w	r1, [r5, #1]!
 800056e:	f000 f93b 	bl	80007e8 <encode>
        trigger_low();
 8000572:	f000 fd49 	bl	8001008 <trigger_low>
            memcpy(&codeword[2 * i * MULTIPLICITY + 2 * copy],
 8000576:	46a4      	mov	ip, r4
 8000578:	e8bc 000f 	ldmia.w	ip!, {r0, r1, r2, r3}
 800057c:	46a4      	mov	ip, r4
 800057e:	6120      	str	r0, [r4, #16]
 8000580:	6161      	str	r1, [r4, #20]
 8000582:	61a2      	str	r2, [r4, #24]
 8000584:	61e3      	str	r3, [r4, #28]
 8000586:	e8bc 000f 	ldmia.w	ip!, {r0, r1, r2, r3}
    for (size_t i = 0; i < PARAM_N1; i++) {
 800058a:	3430      	adds	r4, #48	; 0x30
 800058c:	42b4      	cmp	r4, r6
            memcpy(&codeword[2 * i * MULTIPLICITY + 2 * copy],
 800058e:	f844 0c10 	str.w	r0, [r4, #-16]
 8000592:	f844 1c0c 	str.w	r1, [r4, #-12]
 8000596:	f844 2c08 	str.w	r2, [r4, #-8]
 800059a:	f844 3c04 	str.w	r3, [r4, #-4]
    for (size_t i = 0; i < PARAM_N1; i++) {
 800059e:	d1e1      	bne.n	8000564 <encode_full_triggered+0xc>
    simpleserial_put('r', 16, (uint8_t *)codeword);
 80005a0:	4a04      	ldr	r2, [pc, #16]	; (80005b4 <encode_full_triggered+0x5c>)
 80005a2:	2072      	movs	r0, #114	; 0x72
 80005a4:	2110      	movs	r1, #16
 80005a6:	f000 fc63 	bl	8000e70 <simpleserial_put>
}
 80005aa:	2000      	movs	r0, #0
 80005ac:	bd70      	pop	{r4, r5, r6, pc}
 80005ae:	bf00      	nop
 80005b0:	20000463 	.word	0x20000463
 80005b4:	200004a8 	.word	0x200004a8

080005b8 <get_codeword>:

/*
 * Get codeword chunk
 * Command 'g' + [chunk_index]
 */
uint8_t get_codeword(uint8_t *data, uint8_t len) {
 80005b8:	b508      	push	{r3, lr}
    uint8_t chunk = data[0];
    uint16_t offset = chunk * 16;
 80005ba:	7803      	ldrb	r3, [r0, #0]
 80005bc:	011b      	lsls	r3, r3, #4
    if (offset + 16 > sizeof(codeword))
 80005be:	f103 0210 	add.w	r2, r3, #16
 80005c2:	f5b2 6f0a 	cmp.w	r2, #2208	; 0x8a0
 80005c6:	d901      	bls.n	80005cc <get_codeword+0x14>
        return 0x01;
 80005c8:	2001      	movs	r0, #1
    simpleserial_put('r', 16, ((uint8_t *)codeword) + offset);
    return 0x00;
}
 80005ca:	bd08      	pop	{r3, pc}
    simpleserial_put('r', 16, ((uint8_t *)codeword) + offset);
 80005cc:	4a03      	ldr	r2, [pc, #12]	; (80005dc <get_codeword+0x24>)
 80005ce:	2110      	movs	r1, #16
 80005d0:	441a      	add	r2, r3
 80005d2:	2072      	movs	r0, #114	; 0x72
 80005d4:	f000 fc4c 	bl	8000e70 <simpleserial_put>
    return 0x00;
 80005d8:	2000      	movs	r0, #0
}
 80005da:	bd08      	pop	{r3, pc}
 80005dc:	200004a8 	.word	0x200004a8

080005e0 <encode_full>:
uint8_t encode_full(uint8_t *data, uint8_t len) {
 80005e0:	b508      	push	{r3, lr}
    if (len > 0)
 80005e2:	b111      	cbz	r1, 80005ea <encode_full+0xa>
        msg[0] = data[0];
 80005e4:	4b09      	ldr	r3, [pc, #36]	; (800060c <encode_full+0x2c>)
 80005e6:	7802      	ldrb	r2, [r0, #0]
 80005e8:	751a      	strb	r2, [r3, #20]
    trigger_high();
 80005ea:	f000 fd05 	bl	8000ff8 <trigger_high>
    PQCLEAN_HQC128_CLEAN_reed_muller_encode(codeword, msg);
 80005ee:	4908      	ldr	r1, [pc, #32]	; (8000610 <encode_full+0x30>)
 80005f0:	f101 0044 	add.w	r0, r1, #68	; 0x44
 80005f4:	f000 f926 	bl	8000844 <PQCLEAN_HQC128_CLEAN_reed_muller_encode>
    trigger_low();
 80005f8:	f000 fd06 	bl	8001008 <trigger_low>
    simpleserial_put('r', 16, (uint8_t *)codeword);
 80005fc:	4a05      	ldr	r2, [pc, #20]	; (8000614 <encode_full+0x34>)
 80005fe:	2072      	movs	r0, #114	; 0x72
 8000600:	2110      	movs	r1, #16
 8000602:	f000 fc35 	bl	8000e70 <simpleserial_put>
}
 8000606:	2000      	movs	r0, #0
 8000608:	bd08      	pop	{r3, pc}
 800060a:	bf00      	nop
 800060c:	20000450 	.word	0x20000450
 8000610:	20000464 	.word	0x20000464
 8000614:	200004a8 	.word	0x200004a8

08000618 <encode_code>:
uint8_t encode_code(uint8_t *data, uint8_t len) {
 8000618:	b510      	push	{r4, lr}
    trigger_high();
 800061a:	f000 fced 	bl	8000ff8 <trigger_high>
    PQCLEAN_HQC128_CLEAN_code_encode(codeword, original_msg);
 800061e:	4908      	ldr	r1, [pc, #32]	; (8000640 <encode_code+0x28>)
 8000620:	f101 0458 	add.w	r4, r1, #88	; 0x58
 8000624:	4620      	mov	r0, r4
 8000626:	3104      	adds	r1, #4
 8000628:	f000 f8c8 	bl	80007bc <PQCLEAN_HQC128_CLEAN_code_encode>
    trigger_low();
 800062c:	f000 fcec 	bl	8001008 <trigger_low>
    simpleserial_put('r', 16, (uint8_t *)codeword);
 8000630:	4622      	mov	r2, r4
 8000632:	2072      	movs	r0, #114	; 0x72
 8000634:	2110      	movs	r1, #16
 8000636:	f000 fc1b 	bl	8000e70 <simpleserial_put>
}
 800063a:	2000      	movs	r0, #0
 800063c:	bd10      	pop	{r4, pc}
 800063e:	bf00      	nop
 8000640:	20000450 	.word	0x20000450

08000644 <reset>:

/*
 * Reset all buffers
 * Command 'x' + [1 dummy byte]
 */
uint8_t reset(uint8_t *data, uint8_t len) {
 8000644:	b510      	push	{r4, lr}
    memset(msg, 0, PARAM_N1);
 8000646:	4c0d      	ldr	r4, [pc, #52]	; (800067c <reset+0x38>)
 8000648:	222e      	movs	r2, #46	; 0x2e
 800064a:	2100      	movs	r1, #0
 800064c:	f104 0014 	add.w	r0, r4, #20
 8000650:	f7ff feb8 	bl	80003c4 <memset>
    memset(codeword, 0, sizeof(codeword));
 8000654:	f44f 620a 	mov.w	r2, #2208	; 0x8a0
 8000658:	2100      	movs	r1, #0
 800065a:	f104 0058 	add.w	r0, r4, #88	; 0x58
 800065e:	f7ff feb1 	bl	80003c4 <memset>
    single_msg = 0;
 8000662:	4623      	mov	r3, r4
 8000664:	2000      	movs	r0, #0
 8000666:	f803 0b48 	strb.w	r0, [r3], #72
    memset(single_codeword, 0, sizeof(single_codeword));
 800066a:	64a0      	str	r0, [r4, #72]	; 0x48
 800066c:	e9c3 0001 	strd	r0, r0, [r3, #4]
 8000670:	60d8      	str	r0, [r3, #12]
    memset(original_msg, 0, PARAM_K);
 8000672:	e9c4 0001 	strd	r0, r0, [r4, #4]
 8000676:	e9c4 0003 	strd	r0, r0, [r4, #12]
    return 0x00;
}
 800067a:	bd10      	pop	{r4, pc}
 800067c:	20000450 	.word	0x20000450

08000680 <encode_code_triggered>:
uint8_t encode_code_triggered(uint8_t *data, uint8_t len) {
 8000680:	b570      	push	{r4, r5, r6, lr}
    memset(msg, 0, PARAM_N1);
 8000682:	222e      	movs	r2, #46	; 0x2e
 8000684:	2100      	movs	r1, #0
 8000686:	4819      	ldr	r0, [pc, #100]	; (80006ec <encode_code_triggered+0x6c>)
 8000688:	f7ff fe9c 	bl	80003c4 <memset>
    PQCLEAN_HQC128_CLEAN_reed_solomon_encode(msg, original_msg);
 800068c:	4918      	ldr	r1, [pc, #96]	; (80006f0 <encode_code_triggered+0x70>)
 800068e:	f101 0010 	add.w	r0, r1, #16
 8000692:	f101 050f 	add.w	r5, r1, #15
 8000696:	f000 f927 	bl	80008e8 <PQCLEAN_HQC128_CLEAN_reed_solomon_encode>
    for (size_t i = 0; i < PARAM_N1; i++) {
 800069a:	f105 0445 	add.w	r4, r5, #69	; 0x45
 800069e:	f605 06e5 	addw	r6, r5, #2277	; 0x8e5
        trigger_high();
 80006a2:	f000 fca9 	bl	8000ff8 <trigger_high>
        encode(&codeword[2 * i * MULTIPLICITY], msg[i]);
 80006a6:	4620      	mov	r0, r4
 80006a8:	f815 1f01 	ldrb.w	r1, [r5, #1]!
 80006ac:	f000 f89c 	bl	80007e8 <encode>
        trigger_low();
 80006b0:	f000 fcaa 	bl	8001008 <trigger_low>
            memcpy(&codeword[2 * i * MULTIPLICITY + 2 * copy],
 80006b4:	46a4      	mov	ip, r4
 80006b6:	e8bc 000f 	ldmia.w	ip!, {r0, r1, r2, r3}
 80006ba:	46a4      	mov	ip, r4
 80006bc:	6120      	str	r0, [r4, #16]
 80006be:	6161      	str	r1, [r4, #20]
 80006c0:	61a2      	str	r2, [r4, #24]
 80006c2:	61e3      	str	r3, [r4, #28]
 80006c4:	e8bc 000f 	ldmia.w	ip!, {r0, r1, r2, r3}
    for (size_t i = 0; i < PARAM_N1; i++) {
 80006c8:	3430      	adds	r4, #48	; 0x30
 80006ca:	42b4      	cmp	r4, r6
            memcpy(&codeword[2 * i * MULTIPLICITY + 2 * copy],
 80006cc:	f844 0c10 	str.w	r0, [r4, #-16]
 80006d0:	f844 1c0c 	str.w	r1, [r4, #-12]
 80006d4:	f844 2c08 	str.w	r2, [r4, #-8]
 80006d8:	f844 3c04 	str.w	r3, [r4, #-4]
    for (size_t i = 0; i < PARAM_N1; i++) {
 80006dc:	d1e1      	bne.n	80006a2 <encode_code_triggered+0x22>
    simpleserial_put('r', 16, (uint8_t *)codeword);
 80006de:	4a05      	ldr	r2, [pc, #20]	; (80006f4 <encode_code_triggered+0x74>)
 80006e0:	2072      	movs	r0, #114	; 0x72
 80006e2:	2110      	movs	r1, #16
 80006e4:	f000 fbc4 	bl	8000e70 <simpleserial_put>
}
 80006e8:	2000      	movs	r0, #0
 80006ea:	bd70      	pop	{r4, r5, r6, pc}
 80006ec:	20000464 	.word	0x20000464
 80006f0:	20000454 	.word	0x20000454
 80006f4:	200004a8 	.word	0x200004a8

080006f8 <main>:

int main(void) {
 80006f8:	b508      	push	{r3, lr}
    platform_init();
 80006fa:	f000 fbd9 	bl	8000eb0 <platform_init>
    init_uart();
 80006fe:	f000 fc19 	bl	8000f34 <init_uart>
    trigger_setup();
 8000702:	f000 fc57 	bl	8000fb4 <trigger_setup>

    memset(msg, 0, PARAM_N1);
 8000706:	222e      	movs	r2, #46	; 0x2e
 8000708:	2100      	movs	r1, #0
 800070a:	4820      	ldr	r0, [pc, #128]	; (800078c <main+0x94>)
 800070c:	f7ff fe5a 	bl	80003c4 <memset>
    memset(codeword, 0, sizeof(codeword));
 8000710:	f44f 620a 	mov.w	r2, #2208	; 0x8a0
 8000714:	2100      	movs	r1, #0
 8000716:	481e      	ldr	r0, [pc, #120]	; (8000790 <main+0x98>)
 8000718:	f7ff fe54 	bl	80003c4 <memset>

    simpleserial_init();
 800071c:	f000 faba 	bl	8000c94 <simpleserial_init>

    /* RM encode commands (compatible with custom firmware) */
    simpleserial_addcmd('m', 16, set_msg);
 8000720:	4a1c      	ldr	r2, [pc, #112]	; (8000794 <main+0x9c>)
 8000722:	2110      	movs	r1, #16
 8000724:	206d      	movs	r0, #109	; 0x6d
 8000726:	f000 faeb 	bl	8000d00 <simpleserial_addcmd>
    simpleserial_addcmd('b', 1, set_single_byte);
 800072a:	4a1b      	ldr	r2, [pc, #108]	; (8000798 <main+0xa0>)
 800072c:	2101      	movs	r1, #1
 800072e:	2062      	movs	r0, #98	; 0x62
 8000730:	f000 fae6 	bl	8000d00 <simpleserial_addcmd>
    simpleserial_addcmd('e', 1, encode_single);
 8000734:	4a19      	ldr	r2, [pc, #100]	; (800079c <main+0xa4>)
 8000736:	2101      	movs	r1, #1
 8000738:	2065      	movs	r0, #101	; 0x65
 800073a:	f000 fae1 	bl	8000d00 <simpleserial_addcmd>
    simpleserial_addcmd('p', 16, encode_full);
 800073e:	4a18      	ldr	r2, [pc, #96]	; (80007a0 <main+0xa8>)
 8000740:	2110      	movs	r1, #16
 8000742:	2070      	movs	r0, #112	; 0x70
 8000744:	f000 fadc 	bl	8000d00 <simpleserial_addcmd>
    simpleserial_addcmd('t', 1, encode_full_triggered);
 8000748:	4a16      	ldr	r2, [pc, #88]	; (80007a4 <main+0xac>)
 800074a:	2101      	movs	r1, #1
 800074c:	2074      	movs	r0, #116	; 0x74
 800074e:	f000 fad7 	bl	8000d00 <simpleserial_addcmd>
    simpleserial_addcmd('g', 1, get_codeword);
 8000752:	4a15      	ldr	r2, [pc, #84]	; (80007a8 <main+0xb0>)
 8000754:	2101      	movs	r1, #1
 8000756:	2067      	movs	r0, #103	; 0x67
 8000758:	f000 fad2 	bl	8000d00 <simpleserial_addcmd>
    simpleserial_addcmd('x', 1, reset);
 800075c:	4a13      	ldr	r2, [pc, #76]	; (80007ac <main+0xb4>)
 800075e:	2101      	movs	r1, #1
 8000760:	2078      	movs	r0, #120	; 0x78
 8000762:	f000 facd 	bl	8000d00 <simpleserial_addcmd>

    /* code_encode commands (PQClean-specific) */
    simpleserial_addcmd('i', 16, set_original_msg);
 8000766:	4a12      	ldr	r2, [pc, #72]	; (80007b0 <main+0xb8>)
 8000768:	2110      	movs	r1, #16
 800076a:	2069      	movs	r0, #105	; 0x69
 800076c:	f000 fac8 	bl	8000d00 <simpleserial_addcmd>
    simpleserial_addcmd('c', 1, encode_code);
 8000770:	4a10      	ldr	r2, [pc, #64]	; (80007b4 <main+0xbc>)
 8000772:	2101      	movs	r1, #1
 8000774:	2063      	movs	r0, #99	; 0x63
 8000776:	f000 fac3 	bl	8000d00 <simpleserial_addcmd>
    simpleserial_addcmd('d', 1, encode_code_triggered);
 800077a:	4a0f      	ldr	r2, [pc, #60]	; (80007b8 <main+0xc0>)
 800077c:	2101      	movs	r1, #1
 800077e:	2064      	movs	r0, #100	; 0x64
 8000780:	f000 fabe 	bl	8000d00 <simpleserial_addcmd>

    while (1)
        simpleserial_get();
 8000784:	f000 fad8 	bl	8000d38 <simpleserial_get>
    while (1)
 8000788:	e7fc      	b.n	8000784 <main+0x8c>
 800078a:	bf00      	nop
 800078c:	20000464 	.word	0x20000464
 8000790:	200004a8 	.word	0x200004a8
 8000794:	080004fd 	.word	0x080004fd
 8000798:	080004d1 	.word	0x080004d1
 800079c:	08000531 	.word	0x08000531
 80007a0:	080005e1 	.word	0x080005e1
 80007a4:	08000559 	.word	0x08000559
 80007a8:	080005b9 	.word	0x080005b9
 80007ac:	08000645 	.word	0x08000645
 80007b0:	080004e1 	.word	0x080004e1
 80007b4:	08000619 	.word	0x08000619
 80007b8:	08000681 	.word	0x08000681

080007bc <PQCLEAN_HQC128_CLEAN_code_encode>:
 * a concatenated code word.
 *
 * @param[out] em Pointer to an array that is the tensor code word
 * @param[in] m Pointer to an array that is the message
 */
void PQCLEAN_HQC128_CLEAN_code_encode(uint64_t *em, const uint8_t *m) {
 80007bc:	b530      	push	{r4, r5, lr}
    uint8_t tmp[VEC_N1_SIZE_BYTES] = {0};
 80007be:	2300      	movs	r3, #0
void PQCLEAN_HQC128_CLEAN_code_encode(uint64_t *em, const uint8_t *m) {
 80007c0:	b08d      	sub	sp, #52	; 0x34
    uint8_t tmp[VEC_N1_SIZE_BYTES] = {0};
 80007c2:	222a      	movs	r2, #42	; 0x2a
void PQCLEAN_HQC128_CLEAN_code_encode(uint64_t *em, const uint8_t *m) {
 80007c4:	460d      	mov	r5, r1
 80007c6:	4604      	mov	r4, r0
    uint8_t tmp[VEC_N1_SIZE_BYTES] = {0};
 80007c8:	4619      	mov	r1, r3
 80007ca:	a801      	add	r0, sp, #4
 80007cc:	9300      	str	r3, [sp, #0]
 80007ce:	f7ff fdf9 	bl	80003c4 <memset>

    PQCLEAN_HQC128_CLEAN_reed_solomon_encode(tmp, m);
 80007d2:	4629      	mov	r1, r5
 80007d4:	4668      	mov	r0, sp
 80007d6:	f000 f887 	bl	80008e8 <PQCLEAN_HQC128_CLEAN_reed_solomon_encode>
    PQCLEAN_HQC128_CLEAN_reed_muller_encode(em, tmp);
 80007da:	4669      	mov	r1, sp
 80007dc:	4620      	mov	r0, r4
 80007de:	f000 f831 	bl	8000844 <PQCLEAN_HQC128_CLEAN_reed_muller_encode>

}
 80007e2:	b00d      	add	sp, #52	; 0x34
 80007e4:	bd30      	pop	{r4, r5, pc}
 80007e6:	bf00      	nop

080007e8 <encode>:
    uint32_t first_word;
    // bit 7 flips all the bits, do that first to save work
    first_word = BIT0MASK(message >> 7);
    // bits 0, 1, 2, 3, 4 are the same for all four longs
    // (Warning: in the bit matrix above, low bits are at the left!)
    first_word ^= BIT0MASK(message >> 0) & 0xaaaaaaaa;
 80007e8:	f341 0c00 	sbfx	ip, r1, #0, #1
    first_word = BIT0MASK(message >> 7);
 80007ec:	f341 13c0 	sbfx	r3, r1, #7, #1
    first_word ^= BIT0MASK(message >> 1) & 0xcccccccc;
 80007f0:	f341 0240 	sbfx	r2, r1, #1, #1
    first_word ^= BIT0MASK(message >> 0) & 0xaaaaaaaa;
 80007f4:	f00c 3caa 	and.w	ip, ip, #2863311530	; 0xaaaaaaaa
 80007f8:	ea8c 0c03 	eor.w	ip, ip, r3
    first_word ^= BIT0MASK(message >> 1) & 0xcccccccc;
 80007fc:	f002 32cc 	and.w	r2, r2, #3435973836	; 0xcccccccc
 8000800:	ea82 0c0c 	eor.w	ip, r2, ip
    first_word ^= BIT0MASK(message >> 2) & 0xf0f0f0f0;
 8000804:	f341 0280 	sbfx	r2, r1, #2, #1
    first_word ^= BIT0MASK(message >> 3) & 0xff00ff00;
 8000808:	f341 03c0 	sbfx	r3, r1, #3, #1
    first_word ^= BIT0MASK(message >> 2) & 0xf0f0f0f0;
 800080c:	f002 32f0 	and.w	r2, r2, #4042322160	; 0xf0f0f0f0
    first_word ^= BIT0MASK(message >> 3) & 0xff00ff00;
 8000810:	f003 23ff 	and.w	r3, r3, #4278255360	; 0xff00ff00
    first_word ^= BIT0MASK(message >> 2) & 0xf0f0f0f0;
 8000814:	ea82 020c 	eor.w	r2, r2, ip
    first_word ^= BIT0MASK(message >> 3) & 0xff00ff00;
 8000818:	405a      	eors	r2, r3
    first_word ^= BIT0MASK(message >> 4) & 0xffff0000;
 800081a:	f341 1300 	sbfx	r3, r1, #4, #1
 800081e:	0c1b      	lsrs	r3, r3, #16
 8000820:	041b      	lsls	r3, r3, #16
 8000822:	4053      	eors	r3, r2
    // we can store this in the first quarter
    cword[0] = first_word;
    // bit 5 flips entries 1 and 3; bit 6 flips 2 and 3
    first_word ^= BIT0MASK(message >> 5);
 8000824:	f341 1240 	sbfx	r2, r1, #5, #1
void encode(uint64_t *cword, uint8_t message) {
 8000828:	b410      	push	{r4}
    cword[0] |= (uint64_t)first_word << 32;
    first_word ^= BIT0MASK(message >> 6);
 800082a:	f341 1180 	sbfx	r1, r1, #6, #1
    first_word ^= BIT0MASK(message >> 5);
 800082e:	ea82 0403 	eor.w	r4, r2, r3
    first_word ^= BIT0MASK(message >> 6);
 8000832:	4061      	eors	r1, r4
    cword[1] = (uint64_t)first_word << 32;
    first_word ^= BIT0MASK(message >> 5);
 8000834:	404a      	eors	r2, r1
    cword[0] |= (uint64_t)first_word << 32;
 8000836:	e9c0 3400 	strd	r3, r4, [r0]
    cword[1] |= first_word;
 800083a:	6082      	str	r2, [r0, #8]
}
 800083c:	bc10      	pop	{r4}
    cword[1] |= first_word;
 800083e:	60c1      	str	r1, [r0, #12]
}
 8000840:	4770      	bx	lr
 8000842:	bf00      	nop

08000844 <PQCLEAN_HQC128_CLEAN_reed_muller_encode>:
 * or MULTIPLICITY repeats of 128 bits
 *
 * @param[out] cdw Array of size VEC_N1N2_SIZE_64 receiving the encoded message
 * @param[in] msg Array of size VEC_N1_SIZE_64 storing the message
 */
void PQCLEAN_HQC128_CLEAN_reed_muller_encode(uint64_t *cdw, const uint8_t *msg) {
 8000844:	e92d 43f0 	stmdb	sp!, {r4, r5, r6, r7, r8, r9, lr}
    first_word ^= BIT0MASK(message >> 4) & 0xffff0000;
 8000848:	4d26      	ldr	r5, [pc, #152]	; (80008e4 <PQCLEAN_HQC128_CLEAN_reed_muller_encode+0xa0>)
 800084a:	f101 3eff 	add.w	lr, r1, #4294967295	; 0xffffffff
 800084e:	f100 0310 	add.w	r3, r0, #16
 8000852:	f101 042d 	add.w	r4, r1, #45	; 0x2d
    for (size_t i = 0; i < VEC_N1_SIZE_BYTES; ++i) {
        // encode first word
        encode(&cdw[2 * i * MULTIPLICITY], msg[i]);
 8000856:	f81e 2f01 	ldrb.w	r2, [lr, #1]!
    first_word ^= BIT0MASK(message >> 0) & 0xaaaaaaaa;
 800085a:	f342 0000 	sbfx	r0, r2, #0, #1
    first_word = BIT0MASK(message >> 7);
 800085e:	f342 1cc0 	sbfx	ip, r2, #7, #1
    first_word ^= BIT0MASK(message >> 1) & 0xcccccccc;
 8000862:	f342 0140 	sbfx	r1, r2, #1, #1
    first_word ^= BIT0MASK(message >> 0) & 0xaaaaaaaa;
 8000866:	f000 30aa 	and.w	r0, r0, #2863311530	; 0xaaaaaaaa
 800086a:	ea80 000c 	eor.w	r0, r0, ip
    first_word ^= BIT0MASK(message >> 1) & 0xcccccccc;
 800086e:	f001 31cc 	and.w	r1, r1, #3435973836	; 0xcccccccc
    first_word ^= BIT0MASK(message >> 2) & 0xf0f0f0f0;
 8000872:	f342 0c80 	sbfx	ip, r2, #2, #1
    first_word ^= BIT0MASK(message >> 1) & 0xcccccccc;
 8000876:	4041      	eors	r1, r0
    first_word ^= BIT0MASK(message >> 2) & 0xf0f0f0f0;
 8000878:	f00c 3cf0 	and.w	ip, ip, #4042322160	; 0xf0f0f0f0
    first_word ^= BIT0MASK(message >> 3) & 0xff00ff00;
 800087c:	f342 00c0 	sbfx	r0, r2, #3, #1
    first_word ^= BIT0MASK(message >> 2) & 0xf0f0f0f0;
 8000880:	ea8c 0c01 	eor.w	ip, ip, r1
    first_word ^= BIT0MASK(message >> 3) & 0xff00ff00;
 8000884:	f000 20ff 	and.w	r0, r0, #4278255360	; 0xff00ff00
    first_word ^= BIT0MASK(message >> 4) & 0xffff0000;
 8000888:	f342 1100 	sbfx	r1, r2, #4, #1
    first_word ^= BIT0MASK(message >> 3) & 0xff00ff00;
 800088c:	ea80 000c 	eor.w	r0, r0, ip
    first_word ^= BIT0MASK(message >> 4) & 0xffff0000;
 8000890:	4029      	ands	r1, r5
 8000892:	4041      	eors	r1, r0
    first_word ^= BIT0MASK(message >> 5);
 8000894:	f342 1040 	sbfx	r0, r2, #5, #1
 8000898:	ea81 0600 	eor.w	r6, r1, r0
    first_word ^= BIT0MASK(message >> 6);
 800089c:	f342 1280 	sbfx	r2, r2, #6, #1
 80008a0:	4072      	eors	r2, r6
    first_word ^= BIT0MASK(message >> 5);
 80008a2:	4050      	eors	r0, r2
    cword[1] |= first_word;
 80008a4:	e943 0202 	strd	r0, r2, [r3, #-8]
    cword[0] |= (uint64_t)first_word << 32;
 80008a8:	e943 1604 	strd	r1, r6, [r3, #-16]
        // copy to other identical codewords
        for (size_t copy = 1; copy < MULTIPLICITY; ++copy) {
            memcpy(&cdw[2 * i * MULTIPLICITY + 2 * copy], &cdw[2 * i * MULTIPLICITY], 16);
 80008ac:	f853 cc04 	ldr.w	ip, [r3, #-4]
 80008b0:	f853 9c10 	ldr.w	r9, [r3, #-16]
 80008b4:	f853 8c0c 	ldr.w	r8, [r3, #-12]
 80008b8:	f853 7c08 	ldr.w	r7, [r3, #-8]
 80008bc:	f8c3 9000 	str.w	r9, [r3]
 80008c0:	464e      	mov	r6, r9
 80008c2:	4640      	mov	r0, r8
 80008c4:	4662      	mov	r2, ip
    for (size_t i = 0; i < VEC_N1_SIZE_BYTES; ++i) {
 80008c6:	4574      	cmp	r4, lr
            memcpy(&cdw[2 * i * MULTIPLICITY + 2 * copy], &cdw[2 * i * MULTIPLICITY], 16);
 80008c8:	f8c3 8004 	str.w	r8, [r3, #4]
 80008cc:	609f      	str	r7, [r3, #8]
 80008ce:	f8c3 c00c 	str.w	ip, [r3, #12]
 80008d2:	611e      	str	r6, [r3, #16]
 80008d4:	6158      	str	r0, [r3, #20]
 80008d6:	619f      	str	r7, [r3, #24]
 80008d8:	61da      	str	r2, [r3, #28]
    for (size_t i = 0; i < VEC_N1_SIZE_BYTES; ++i) {
 80008da:	f103 0330 	add.w	r3, r3, #48	; 0x30
 80008de:	d1ba      	bne.n	8000856 <PQCLEAN_HQC128_CLEAN_reed_muller_encode+0x12>
        }
    }
}
 80008e0:	e8bd 83f0 	ldmia.w	sp!, {r4, r5, r6, r7, r8, r9, pc}
 80008e4:	ffff0000 	.word	0xffff0000

080008e8 <PQCLEAN_HQC128_CLEAN_reed_solomon_encode>:
 * with feedback connections based on the generator polynomial PARAM_RS_POLY of the Reed-Solomon code.
 *
 * @param[out] cdw Array of size VEC_N1_SIZE_64 receiving the encoded message
 * @param[in] msg Array of size VEC_K_SIZE_64 storing the message
 */
void PQCLEAN_HQC128_CLEAN_reed_solomon_encode(uint8_t *cdw, const uint8_t *msg) {
 80008e8:	e92d 4ff0 	stmdb	sp!, {r4, r5, r6, r7, r8, r9, sl, fp, lr}
 80008ec:	b0a3      	sub	sp, #140	; 0x8c
    uint8_t gate_value = 0;

    uint16_t tmp[PARAM_G] = {0};
 80008ee:	ad02      	add	r5, sp, #8
void PQCLEAN_HQC128_CLEAN_reed_solomon_encode(uint8_t *cdw, const uint8_t *msg) {
 80008f0:	4607      	mov	r7, r0
 80008f2:	4688      	mov	r8, r1
    uint16_t tmp[PARAM_G] = {0};
 80008f4:	223e      	movs	r2, #62	; 0x3e
 80008f6:	2100      	movs	r1, #0
 80008f8:	4628      	mov	r0, r5
 80008fa:	f7ff fd63 	bl	80003c4 <memset>
    uint16_t PARAM_RS_POLY [] = {RS_POLY_COEFS};
 80008fe:	f8df e0ac 	ldr.w	lr, [pc, #172]	; 80009ac <PQCLEAN_HQC128_CLEAN_reed_solomon_encode+0xc4>
 8000902:	f107 031d 	add.w	r3, r7, #29
 8000906:	9301      	str	r3, [sp, #4]
 8000908:	e8be 000f 	ldmia.w	lr!, {r0, r1, r2, r3}
 800090c:	f10d 0c48 	add.w	ip, sp, #72	; 0x48
 8000910:	e8ac 000f 	stmia.w	ip!, {r0, r1, r2, r3}
 8000914:	e8be 000f 	ldmia.w	lr!, {r0, r1, r2, r3}
 8000918:	e8ac 000f 	stmia.w	ip!, {r0, r1, r2, r3}
 800091c:	e8be 000f 	ldmia.w	lr!, {r0, r1, r2, r3}
 8000920:	e8ac 000f 	stmia.w	ip!, {r0, r1, r2, r3}
 8000924:	e89e 000f 	ldmia.w	lr, {r0, r1, r2, r3}
 8000928:	e8ac 0007 	stmia.w	ip!, {r0, r1, r2}

    memset(cdw, 0, PARAM_N1);
 800092c:	222e      	movs	r2, #46	; 0x2e
 800092e:	2100      	movs	r1, #0
 8000930:	4638      	mov	r0, r7
    uint16_t PARAM_RS_POLY [] = {RS_POLY_COEFS};
 8000932:	f8ac 3000 	strh.w	r3, [ip]
    memset(cdw, 0, PARAM_N1);
 8000936:	f7ff fd45 	bl	80003c4 <memset>

    for (size_t i = 0; i < PARAM_K; ++i) {
 800093a:	f108 0610 	add.w	r6, r8, #16
 800093e:	ac21      	add	r4, sp, #132	; 0x84
    memset(cdw, 0, PARAM_N1);
 8000940:	f04f 0b00 	mov.w	fp, #0
        gate_value = msg[PARAM_K - 1 - i] ^ cdw[PARAM_N1 - PARAM_K - 1];
 8000944:	f816 3d01 	ldrb.w	r3, [r6, #-1]!
 8000948:	f10d 0a46 	add.w	sl, sp, #70	; 0x46

        for (size_t j = 0; j < PARAM_G; ++j) {
            tmp[j] = PQCLEAN_HQC128_CLEAN_gf_mul(gate_value, PARAM_RS_POLY[j]);
 800094c:	ea8b 0b03 	eor.w	fp, fp, r3
 8000950:	f10d 0906 	add.w	r9, sp, #6
 8000954:	f83a 1f02 	ldrh.w	r1, [sl, #2]!
 8000958:	4658      	mov	r0, fp
 800095a:	f000 f829 	bl	80009b0 <PQCLEAN_HQC128_CLEAN_gf_mul>
        for (size_t j = 0; j < PARAM_G; ++j) {
 800095e:	45a2      	cmp	sl, r4
            tmp[j] = PQCLEAN_HQC128_CLEAN_gf_mul(gate_value, PARAM_RS_POLY[j]);
 8000960:	f829 0f02 	strh.w	r0, [r9, #2]!
        for (size_t j = 0; j < PARAM_G; ++j) {
 8000964:	d1f6      	bne.n	8000954 <PQCLEAN_HQC128_CLEAN_reed_solomon_encode+0x6c>
 8000966:	9901      	ldr	r1, [sp, #4]
 8000968:	f10d 0242 	add.w	r2, sp, #66	; 0x42
        }

        for (size_t k = PARAM_N1 - PARAM_K - 1; k; --k) {
            cdw[k] = (uint8_t)(cdw[k - 1] ^ tmp[k]);
 800096c:	f811 3d01 	ldrb.w	r3, [r1, #-1]!
 8000970:	f832 0902 	ldrh.w	r0, [r2], #-2
 8000974:	4043      	eors	r3, r0
        for (size_t k = PARAM_N1 - PARAM_K - 1; k; --k) {
 8000976:	4295      	cmp	r5, r2
            cdw[k] = (uint8_t)(cdw[k - 1] ^ tmp[k]);
 8000978:	704b      	strb	r3, [r1, #1]
        for (size_t k = PARAM_N1 - PARAM_K - 1; k; --k) {
 800097a:	d1f7      	bne.n	800096c <PQCLEAN_HQC128_CLEAN_reed_solomon_encode+0x84>
        }

        cdw[0] = (uint8_t)tmp[0];
 800097c:	f8bd 3008 	ldrh.w	r3, [sp, #8]
 8000980:	703b      	strb	r3, [r7, #0]
    for (size_t i = 0; i < PARAM_K; ++i) {
 8000982:	4546      	cmp	r6, r8
 8000984:	d002      	beq.n	800098c <PQCLEAN_HQC128_CLEAN_reed_solomon_encode+0xa4>
        gate_value = msg[PARAM_K - 1 - i] ^ cdw[PARAM_N1 - PARAM_K - 1];
 8000986:	f897 b01d 	ldrb.w	fp, [r7, #29]
 800098a:	e7db      	b.n	8000944 <PQCLEAN_HQC128_CLEAN_reed_solomon_encode+0x5c>
    }

    memcpy(cdw + PARAM_N1 - PARAM_K, msg, PARAM_K);
 800098c:	6831      	ldr	r1, [r6, #0]
 800098e:	6872      	ldr	r2, [r6, #4]
 8000990:	68b3      	ldr	r3, [r6, #8]
 8000992:	68f0      	ldr	r0, [r6, #12]
 8000994:	f8c7 002a 	str.w	r0, [r7, #42]	; 0x2a
 8000998:	f8c7 101e 	str.w	r1, [r7, #30]
 800099c:	f8c7 2022 	str.w	r2, [r7, #34]	; 0x22
 80009a0:	f8c7 3026 	str.w	r3, [r7, #38]	; 0x26
}
 80009a4:	b023      	add	sp, #140	; 0x8c
 80009a6:	e8bd 8ff0 	ldmia.w	sp!, {r4, r5, r6, r7, r8, r9, sl, fp, pc}
 80009aa:	bf00      	nop
 80009ac:	08001bbc 	.word	0x08001bbc

080009b0 <PQCLEAN_HQC128_CLEAN_gf_mul>:
 * Multiplies two elements of GF(2^GF_M).
 * @returns the product a*b
 * @param[in] a Element of GF(2^GF_M)
 * @param[in] b Element of GF(2^GF_M)
 */
uint16_t PQCLEAN_HQC128_CLEAN_gf_mul(uint16_t a, uint16_t b) {
 80009b0:	e92d 43f0 	stmdb	sp!, {r4, r5, r6, r7, r8, r9, lr}
        tmp1 = (a >> i) & 3;
 80009b4:	f3c0 0981 	ubfx	r9, r0, #2, #2
 80009b8:	f3c0 1801 	ubfx	r8, r0, #4, #2
            g ^= (u[j] & (uint32_t)(0 - (1 - ((uint32_t)(tmp2 | (0 - tmp2)) >> 31))));
 80009bc:	f1c9 0202 	rsb	r2, r9, #2
            tmp2 = (uint32_t)(tmp1 - j);
 80009c0:	f1a9 0302 	sub.w	r3, r9, #2
            g ^= (u[j] & (uint32_t)(0 - (1 - ((uint32_t)(tmp2 | (0 - tmp2)) >> 31))));
 80009c4:	f1c8 0402 	rsb	r4, r8, #2
 80009c8:	4313      	orrs	r3, r2
            tmp2 = (uint32_t)(tmp1 - j);
 80009ca:	f1a8 0202 	sub.w	r2, r8, #2
            g ^= (u[j] & (uint32_t)(0 - (1 - ((uint32_t)(tmp2 | (0 - tmp2)) >> 31))));
 80009ce:	f1c9 0701 	rsb	r7, r9, #1
 80009d2:	4322      	orrs	r2, r4
            tmp2 = (uint32_t)(tmp1 - j);
 80009d4:	f109 34ff 	add.w	r4, r9, #4294967295	; 0xffffffff
            g ^= (u[j] & (uint32_t)(0 - (1 - ((uint32_t)(tmp2 | (0 - tmp2)) >> 31))));
 80009d8:	433c      	orrs	r4, r7
 80009da:	17db      	asrs	r3, r3, #31
uint16_t PQCLEAN_HQC128_CLEAN_gf_mul(uint16_t a, uint16_t b) {
 80009dc:	468c      	mov	ip, r1
            g ^= (u[j] & (uint32_t)(0 - (1 - ((uint32_t)(tmp2 | (0 - tmp2)) >> 31))));
 80009de:	43db      	mvns	r3, r3
    u[1] = b & 0x7F;
 80009e0:	f001 017f 	and.w	r1, r1, #127	; 0x7f
            g ^= (u[j] & (uint32_t)(0 - (1 - ((uint32_t)(tmp2 | (0 - tmp2)) >> 31))));
 80009e4:	17e4      	asrs	r4, r4, #31
 80009e6:	ea21 0404 	bic.w	r4, r1, r4
 80009ea:	ea03 0341 	and.w	r3, r3, r1, lsl #1
 80009ee:	4063      	eors	r3, r4
 80009f0:	f1c8 0701 	rsb	r7, r8, #1
            tmp2 = (uint32_t)(tmp1 - j);
 80009f4:	f108 34ff 	add.w	r4, r8, #4294967295	; 0xffffffff
            g ^= (u[j] & (uint32_t)(0 - (1 - ((uint32_t)(tmp2 | (0 - tmp2)) >> 31))));
 80009f8:	433c      	orrs	r4, r7
 80009fa:	17d2      	asrs	r2, r2, #31
 80009fc:	43d2      	mvns	r2, r2
 80009fe:	17e4      	asrs	r4, r4, #31
    tmp1 = a & 3;
 8000a00:	f000 0603 	and.w	r6, r0, #3
            g ^= (u[j] & (uint32_t)(0 - (1 - ((uint32_t)(tmp2 | (0 - tmp2)) >> 31))));
 8000a04:	ea21 0404 	bic.w	r4, r1, r4
 8000a08:	ea02 0241 	and.w	r2, r2, r1, lsl #1
 8000a0c:	4062      	eors	r2, r4
        tmp2 = (uint32_t)(tmp1 - i);
 8000a0e:	1eb7      	subs	r7, r6, #2
        g ^= (u[i] & (uint32_t)(0 - (1 - ((uint32_t)(tmp2 | (0 - tmp2)) >> 31))));
 8000a10:	f1c6 0402 	rsb	r4, r6, #2
 8000a14:	4327      	orrs	r7, r4
            tmp2 = (uint32_t)(tmp1 - j);
 8000a16:	f1a9 0403 	sub.w	r4, r9, #3
            g ^= (u[j] & (uint32_t)(0 - (1 - ((uint32_t)(tmp2 | (0 - tmp2)) >> 31))));
 8000a1a:	f1c9 0903 	rsb	r9, r9, #3
 8000a1e:	ea44 0409 	orr.w	r4, r4, r9
    u[3] = u[2] ^ u[1];
 8000a22:	ea81 0541 	eor.w	r5, r1, r1, lsl #1
            g ^= (u[j] & (uint32_t)(0 - (1 - ((uint32_t)(tmp2 | (0 - tmp2)) >> 31))));
 8000a26:	17e4      	asrs	r4, r4, #31
 8000a28:	ea25 0404 	bic.w	r4, r5, r4
 8000a2c:	405c      	eors	r4, r3
            tmp2 = (uint32_t)(tmp1 - j);
 8000a2e:	f1a8 0303 	sub.w	r3, r8, #3
            g ^= (u[j] & (uint32_t)(0 - (1 - ((uint32_t)(tmp2 | (0 - tmp2)) >> 31))));
 8000a32:	f1c8 0803 	rsb	r8, r8, #3
 8000a36:	ea43 0308 	orr.w	r3, r3, r8
 8000a3a:	17db      	asrs	r3, r3, #31
 8000a3c:	ea25 0303 	bic.w	r3, r5, r3
    uint8_t c[2] = {0};
    gf_carryless_mul(c, (uint8_t) a, (uint8_t) b);
 8000a40:	fa5f fe80 	uxtb.w	lr, r0
            g ^= (u[j] & (uint32_t)(0 - (1 - ((uint32_t)(tmp2 | (0 - tmp2)) >> 31))));
 8000a44:	4053      	eors	r3, r2
        tmp1 = (a >> i) & 3;
 8000a46:	f3c0 1081 	ubfx	r0, r0, #6, #2
        l ^= g << i;
 8000a4a:	b29a      	uxth	r2, r3
            tmp2 = (uint32_t)(tmp1 - j);
 8000a4c:	f1a0 0802 	sub.w	r8, r0, #2
            g ^= (u[j] & (uint32_t)(0 - (1 - ((uint32_t)(tmp2 | (0 - tmp2)) >> 31))));
 8000a50:	f1c0 0302 	rsb	r3, r0, #2
        g ^= (u[i] & (uint32_t)(0 - (1 - ((uint32_t)(tmp2 | (0 - tmp2)) >> 31))));
 8000a54:	f1c6 0901 	rsb	r9, r6, #1
            g ^= (u[j] & (uint32_t)(0 - (1 - ((uint32_t)(tmp2 | (0 - tmp2)) >> 31))));
 8000a58:	ea48 0803 	orr.w	r8, r8, r3
        tmp2 = (uint32_t)(tmp1 - i);
 8000a5c:	1e73      	subs	r3, r6, #1
        g ^= (u[i] & (uint32_t)(0 - (1 - ((uint32_t)(tmp2 | (0 - tmp2)) >> 31))));
 8000a5e:	ea43 0309 	orr.w	r3, r3, r9
 8000a62:	17ff      	asrs	r7, r7, #31
 8000a64:	43ff      	mvns	r7, r7
 8000a66:	17db      	asrs	r3, r3, #31
 8000a68:	ea07 0741 	and.w	r7, r7, r1, lsl #1
 8000a6c:	ea21 0303 	bic.w	r3, r1, r3
            g ^= (u[j] & (uint32_t)(0 - (1 - ((uint32_t)(tmp2 | (0 - tmp2)) >> 31))));
 8000a70:	f1c0 0901 	rsb	r9, r0, #1
        l ^= g << i;
 8000a74:	407b      	eors	r3, r7
            tmp2 = (uint32_t)(tmp1 - j);
 8000a76:	1e47      	subs	r7, r0, #1
            g ^= (u[j] & (uint32_t)(0 - (1 - ((uint32_t)(tmp2 | (0 - tmp2)) >> 31))));
 8000a78:	ea47 0709 	orr.w	r7, r7, r9
 8000a7c:	ea4f 78e8 	mov.w	r8, r8, asr #31
 8000a80:	17ff      	asrs	r7, r7, #31
 8000a82:	ea6f 0808 	mvn.w	r8, r8
 8000a86:	ea08 0841 	and.w	r8, r8, r1, lsl #1
 8000a8a:	ea21 0107 	bic.w	r1, r1, r7
        tmp2 = (uint32_t)(tmp1 - i);
 8000a8e:	1ef7      	subs	r7, r6, #3
        g ^= (u[i] & (uint32_t)(0 - (1 - ((uint32_t)(tmp2 | (0 - tmp2)) >> 31))));
 8000a90:	f1c6 0603 	rsb	r6, r6, #3
 8000a94:	433e      	orrs	r6, r7
 8000a96:	17f6      	asrs	r6, r6, #31
 8000a98:	ea25 0606 	bic.w	r6, r5, r6
        l ^= g << i;
 8000a9c:	b2a4      	uxth	r4, r4
 8000a9e:	4073      	eors	r3, r6
 8000aa0:	ea83 0384 	eor.w	r3, r3, r4, lsl #2
 8000aa4:	ea83 1302 	eor.w	r3, r3, r2, lsl #4
        h ^= g >> (8 - i);
 8000aa8:	1112      	asrs	r2, r2, #4
 8000aaa:	ea82 1494 	eor.w	r4, r2, r4, lsr #6
            tmp2 = (uint32_t)(tmp1 - j);
 8000aae:	1ec2      	subs	r2, r0, #3
            g ^= (u[j] & (uint32_t)(0 - (1 - ((uint32_t)(tmp2 | (0 - tmp2)) >> 31))));
 8000ab0:	f1c0 0003 	rsb	r0, r0, #3
 8000ab4:	4302      	orrs	r2, r0
 8000ab6:	17d2      	asrs	r2, r2, #31
 8000ab8:	ea81 0108 	eor.w	r1, r1, r8
 8000abc:	ea25 0202 	bic.w	r2, r5, r2
 8000ac0:	404a      	eors	r2, r1
    mask = (-((b >> 7) & 1));
 8000ac2:	f34c 1cc0 	sbfx	ip, ip, #7, #1
        l ^= g << i;
 8000ac6:	b292      	uxth	r2, r2
    h ^= ((a >> 1) & mask);
 8000ac8:	ea0c 015e 	and.w	r1, ip, lr, lsr #1
        l ^= g << i;
 8000acc:	ea83 1382 	eor.w	r3, r3, r2, lsl #6
    l ^= ((a << 7) & mask);
 8000ad0:	ea0c 1cce 	and.w	ip, ip, lr, lsl #7
        h ^= g >> (8 - i);
 8000ad4:	ea84 0292 	eor.w	r2, r4, r2, lsr #2
    l ^= ((a << 7) & mask);
 8000ad8:	ea83 030c 	eor.w	r3, r3, ip
    h ^= ((a >> 1) & mask);
 8000adc:	404a      	eors	r2, r1
    uint16_t tmp = c[0] ^ (c[1] << 8);
 8000ade:	b212      	sxth	r2, r2
 8000ae0:	b2db      	uxtb	r3, r3
 8000ae2:	ea43 2302 	orr.w	r3, r3, r2, lsl #8
 8000ae6:	b21a      	sxth	r2, r3
        mod = x >> PARAM_M;
 8000ae8:	0a11      	lsrs	r1, r2, #8
    return gf_reduce(tmp, 2 * (PARAM_M - 1));
 8000aea:	f343 33c0 	sbfx	r3, r3, #15, #1
        mod = x >> PARAM_M;
 8000aee:	ea41 6103 	orr.w	r1, r1, r3, lsl #24
 8000af2:	0a1b      	lsrs	r3, r3, #8
            mod <<= dist;
 8000af4:	0098      	lsls	r0, r3, #2
        x &= (1 << PARAM_M) - 1;
 8000af6:	b2d2      	uxtb	r2, r2
            mod <<= dist;
 8000af8:	ea40 7091 	orr.w	r0, r0, r1, lsr #30
        x ^= mod;
 8000afc:	404a      	eors	r2, r1
            x ^= mod;
 8000afe:	ea80 0403 	eor.w	r4, r0, r3
 8000b02:	ea82 0281 	eor.w	r2, r2, r1, lsl #2
            mod <<= dist;
 8000b06:	00d8      	lsls	r0, r3, #3
            x ^= mod;
 8000b08:	ea82 02c1 	eor.w	r2, r2, r1, lsl #3
            mod <<= dist;
 8000b0c:	ea40 7051 	orr.w	r0, r0, r1, lsr #29
 8000b10:	011b      	lsls	r3, r3, #4
            x ^= mod;
 8000b12:	ea82 1201 	eor.w	r2, r2, r1, lsl #4
 8000b16:	4060      	eors	r0, r4
            mod <<= dist;
 8000b18:	ea43 7311 	orr.w	r3, r3, r1, lsr #28
            x ^= mod;
 8000b1c:	4043      	eors	r3, r0
        mod = x >> PARAM_M;
 8000b1e:	0a11      	lsrs	r1, r2, #8
 8000b20:	ea41 6103 	orr.w	r1, r1, r3, lsl #24
        x &= (1 << PARAM_M) - 1;
 8000b24:	f002 00ff 	and.w	r0, r2, #255	; 0xff
        x ^= mod;
 8000b28:	4048      	eors	r0, r1
            x ^= mod;
 8000b2a:	ea80 0081 	eor.w	r0, r0, r1, lsl #2
 8000b2e:	ea80 00c1 	eor.w	r0, r0, r1, lsl #3
 8000b32:	ea80 1001 	eor.w	r0, r0, r1, lsl #4
}
 8000b36:	b280      	uxth	r0, r0
 8000b38:	e8bd 83f0 	ldmia.w	sp!, {r4, r5, r6, r7, r8, r9, pc}

08000b3c <check_version>:
// Callback function for "v" command.
// This can exist in v1.0 as long as we don't actually send back an ack ("z")
uint8_t check_version(uint8_t *v, uint8_t len)
{
	return SS_VER;
}
 8000b3c:	2001      	movs	r0, #1
 8000b3e:	4770      	bx	lr

08000b40 <ss_num_commands>:

uint8_t ss_num_commands(uint8_t *x, uint8_t len)
{
 8000b40:	b538      	push	{r3, r4, r5, lr}
    uint8_t ncmds = num_commands & 0xFF;
 8000b42:	4b0a      	ldr	r3, [pc, #40]	; (8000b6c <ss_num_commands+0x2c>)
	putch(c);

	// Write each byte as two nibbles
	for(int i = 0; i < size; i++)
	{
		putch(hex_lookup[output[i] >> 4 ]);
 8000b44:	4d0a      	ldr	r5, [pc, #40]	; (8000b70 <ss_num_commands+0x30>)
    uint8_t ncmds = num_commands & 0xFF;
 8000b46:	781c      	ldrb	r4, [r3, #0]
	putch(c);
 8000b48:	2072      	movs	r0, #114	; 0x72
 8000b4a:	f000 fa79 	bl	8001040 <putch>
		putch(hex_lookup[output[i] >> 4 ]);
 8000b4e:	0923      	lsrs	r3, r4, #4
		putch(hex_lookup[output[i] & 0xF]);
 8000b50:	f004 040f 	and.w	r4, r4, #15
		putch(hex_lookup[output[i] >> 4 ]);
 8000b54:	5ce8      	ldrb	r0, [r5, r3]
 8000b56:	f000 fa73 	bl	8001040 <putch>
		putch(hex_lookup[output[i] & 0xF]);
 8000b5a:	5d28      	ldrb	r0, [r5, r4]
 8000b5c:	f000 fa70 	bl	8001040 <putch>
	}

	// Write trailing '\n'
	putch('\n');
 8000b60:	200a      	movs	r0, #10
 8000b62:	f000 fa6d 	bl	8001040 <putch>
}
 8000b66:	2000      	movs	r0, #0
 8000b68:	bd38      	pop	{r3, r4, r5, pc}
 8000b6a:	bf00      	nop
 8000b6c:	20000d48 	.word	0x20000d48
 8000b70:	0800288c 	.word	0x0800288c

08000b74 <ss_get_commands>:
{
 8000b74:	b5f0      	push	{r4, r5, r6, r7, lr}
    for (uint8_t i = 0; i < (num_commands & 0xFF); i++) {
 8000b76:	4d1c      	ldr	r5, [pc, #112]	; (8000be8 <ss_get_commands+0x74>)
 8000b78:	682e      	ldr	r6, [r5, #0]
 8000b7a:	f016 07ff 	ands.w	r7, r6, #255	; 0xff
{
 8000b7e:	b099      	sub	sp, #100	; 0x64
    for (uint8_t i = 0; i < (num_commands & 0xFF); i++) {
 8000b80:	d015      	beq.n	8000bae <ss_get_commands+0x3a>
 8000b82:	2200      	movs	r2, #0
 8000b84:	4613      	mov	r3, r2
        repr_cmd_buf[i].c = commands[i].c;
 8000b86:	eb05 1103 	add.w	r1, r5, r3, lsl #4
 8000b8a:	eb03 0343 	add.w	r3, r3, r3, lsl #1
 8000b8e:	3360      	adds	r3, #96	; 0x60
    for (uint8_t i = 0; i < (num_commands & 0xFF); i++) {
 8000b90:	3201      	adds	r2, #1
        repr_cmd_buf[i].c = commands[i].c;
 8000b92:	446b      	add	r3, sp
    for (uint8_t i = 0; i < (num_commands & 0xFF); i++) {
 8000b94:	b2d2      	uxtb	r2, r2
        repr_cmd_buf[i].c = commands[i].c;
 8000b96:	790c      	ldrb	r4, [r1, #4]
        repr_cmd_buf[i].len = commands[i].len;
 8000b98:	6888      	ldr	r0, [r1, #8]
        repr_cmd_buf[i].flags = commands[i].flags;
 8000b9a:	7c09      	ldrb	r1, [r1, #16]
        repr_cmd_buf[i].c = commands[i].c;
 8000b9c:	f803 4c60 	strb.w	r4, [r3, #-96]
    for (uint8_t i = 0; i < (num_commands & 0xFF); i++) {
 8000ba0:	42ba      	cmp	r2, r7
        repr_cmd_buf[i].len = commands[i].len;
 8000ba2:	f803 0c5f 	strb.w	r0, [r3, #-95]
        repr_cmd_buf[i].flags = commands[i].flags;
 8000ba6:	f803 1c5e 	strb.w	r1, [r3, #-94]
    for (uint8_t i = 0; i < (num_commands & 0xFF); i++) {
 8000baa:	4613      	mov	r3, r2
 8000bac:	dbeb      	blt.n	8000b86 <ss_get_commands+0x12>
    simpleserial_put('r', num_commands * sizeof (ss_cmd_repr), (void *) repr_cmd_buf);
 8000bae:	eb06 0646 	add.w	r6, r6, r6, lsl #1
 8000bb2:	b2f6      	uxtb	r6, r6
	putch(c);
 8000bb4:	2072      	movs	r0, #114	; 0x72
 8000bb6:	f000 fa43 	bl	8001040 <putch>
	for(int i = 0; i < size; i++)
 8000bba:	b17e      	cbz	r6, 8000bdc <ss_get_commands+0x68>
 8000bbc:	466d      	mov	r5, sp
 8000bbe:	4f0b      	ldr	r7, [pc, #44]	; (8000bec <ss_get_commands+0x78>)
 8000bc0:	442e      	add	r6, r5
		putch(hex_lookup[output[i] >> 4 ]);
 8000bc2:	f815 4b01 	ldrb.w	r4, [r5], #1
 8000bc6:	0923      	lsrs	r3, r4, #4
		putch(hex_lookup[output[i] & 0xF]);
 8000bc8:	f004 040f 	and.w	r4, r4, #15
		putch(hex_lookup[output[i] >> 4 ]);
 8000bcc:	5cf8      	ldrb	r0, [r7, r3]
 8000bce:	f000 fa37 	bl	8001040 <putch>
		putch(hex_lookup[output[i] & 0xF]);
 8000bd2:	5d38      	ldrb	r0, [r7, r4]
 8000bd4:	f000 fa34 	bl	8001040 <putch>
	for(int i = 0; i < size; i++)
 8000bd8:	42b5      	cmp	r5, r6
 8000bda:	d1f2      	bne.n	8000bc2 <ss_get_commands+0x4e>
	putch('\n');
 8000bdc:	200a      	movs	r0, #10
 8000bde:	f000 fa2f 	bl	8001040 <putch>
}
 8000be2:	2000      	movs	r0, #0
 8000be4:	b019      	add	sp, #100	; 0x64
 8000be6:	bdf0      	pop	{r4, r5, r6, r7, pc}
 8000be8:	20000d48 	.word	0x20000d48
 8000bec:	0800288c 	.word	0x0800288c

08000bf0 <hex_decode>:
	for(int i = 0; i < len; i++)
 8000bf0:	2800      	cmp	r0, #0
 8000bf2:	dd4d      	ble.n	8000c90 <hex_decode+0xa0>
{
 8000bf4:	b510      	push	{r4, lr}
 8000bf6:	4694      	mov	ip, r2
 8000bf8:	eb01 0e40 	add.w	lr, r1, r0, lsl #1
 8000bfc:	e015      	b.n	8000c2a <hex_decode+0x3a>
		else if(n_lo >= 'A' && n_lo <= 'F')
 8000bfe:	f1a2 0341 	sub.w	r3, r2, #65	; 0x41
 8000c02:	2b05      	cmp	r3, #5
 8000c04:	d82f      	bhi.n	8000c66 <hex_decode+0x76>
			data_buf[i] = n_lo - 'A' + 10;
 8000c06:	3a37      	subs	r2, #55	; 0x37
 8000c08:	b2d3      	uxtb	r3, r2
		if(n_hi >= '0' && n_hi <= '9')
 8000c0a:	f1a0 0230 	sub.w	r2, r0, #48	; 0x30
 8000c0e:	b2d4      	uxtb	r4, r2
 8000c10:	2c09      	cmp	r4, #9
			data_buf[i] = n_lo - 'A' + 10;
 8000c12:	f88c 3000 	strb.w	r3, [ip]
		if(n_hi >= '0' && n_hi <= '9')
 8000c16:	d816      	bhi.n	8000c46 <hex_decode+0x56>
			data_buf[i] |= (n_hi - '0') << 4;
 8000c18:	ea43 1302 	orr.w	r3, r3, r2, lsl #4
 8000c1c:	f88c 3000 	strb.w	r3, [ip]
	for(int i = 0; i < len; i++)
 8000c20:	3102      	adds	r1, #2
 8000c22:	458e      	cmp	lr, r1
 8000c24:	f10c 0c01 	add.w	ip, ip, #1
 8000c28:	d01b      	beq.n	8000c62 <hex_decode+0x72>
		char n_lo = ascii_buf[2*i+1];
 8000c2a:	784a      	ldrb	r2, [r1, #1]
		char n_hi = ascii_buf[2*i];
 8000c2c:	7808      	ldrb	r0, [r1, #0]
		if(n_lo >= '0' && n_lo <= '9')
 8000c2e:	f1a2 0330 	sub.w	r3, r2, #48	; 0x30
 8000c32:	b2db      	uxtb	r3, r3
 8000c34:	2b09      	cmp	r3, #9
 8000c36:	d8e2      	bhi.n	8000bfe <hex_decode+0xe>
			data_buf[i] = n_lo - 'a' + 10;
 8000c38:	f88c 3000 	strb.w	r3, [ip]
		if(n_hi >= '0' && n_hi <= '9')
 8000c3c:	f1a0 0230 	sub.w	r2, r0, #48	; 0x30
 8000c40:	b2d4      	uxtb	r4, r2
 8000c42:	2c09      	cmp	r4, #9
 8000c44:	d9e8      	bls.n	8000c18 <hex_decode+0x28>
		else if(n_hi >= 'A' && n_hi <= 'F')
 8000c46:	f1a0 0241 	sub.w	r2, r0, #65	; 0x41
 8000c4a:	2a05      	cmp	r2, #5
 8000c4c:	d814      	bhi.n	8000c78 <hex_decode+0x88>
			data_buf[i] |= (n_hi - 'A' + 10) << 4;
 8000c4e:	3837      	subs	r0, #55	; 0x37
	for(int i = 0; i < len; i++)
 8000c50:	3102      	adds	r1, #2
			data_buf[i] |= (n_hi - 'A' + 10) << 4;
 8000c52:	ea43 1300 	orr.w	r3, r3, r0, lsl #4
	for(int i = 0; i < len; i++)
 8000c56:	458e      	cmp	lr, r1
			data_buf[i] |= (n_hi - 'A' + 10) << 4;
 8000c58:	f88c 3000 	strb.w	r3, [ip]
	for(int i = 0; i < len; i++)
 8000c5c:	f10c 0c01 	add.w	ip, ip, #1
 8000c60:	d1e3      	bne.n	8000c2a <hex_decode+0x3a>
	return 0;
 8000c62:	2000      	movs	r0, #0
}
 8000c64:	bd10      	pop	{r4, pc}
		else if(n_lo >= 'a' && n_lo <= 'f')
 8000c66:	f1a2 0361 	sub.w	r3, r2, #97	; 0x61
 8000c6a:	2b05      	cmp	r3, #5
 8000c6c:	d80e      	bhi.n	8000c8c <hex_decode+0x9c>
			data_buf[i] = n_lo - 'a' + 10;
 8000c6e:	3a57      	subs	r2, #87	; 0x57
 8000c70:	b2d3      	uxtb	r3, r2
 8000c72:	f88c 3000 	strb.w	r3, [ip]
 8000c76:	e7e1      	b.n	8000c3c <hex_decode+0x4c>
		else if(n_hi >= 'a' && n_hi <= 'f')
 8000c78:	f1a0 0261 	sub.w	r2, r0, #97	; 0x61
 8000c7c:	2a05      	cmp	r2, #5
 8000c7e:	d805      	bhi.n	8000c8c <hex_decode+0x9c>
			data_buf[i] |= (n_hi - 'a' + 10) << 4;
 8000c80:	3857      	subs	r0, #87	; 0x57
 8000c82:	ea43 1300 	orr.w	r3, r3, r0, lsl #4
 8000c86:	f88c 3000 	strb.w	r3, [ip]
 8000c8a:	e7c9      	b.n	8000c20 <hex_decode+0x30>
			return 1;
 8000c8c:	2001      	movs	r0, #1
}
 8000c8e:	bd10      	pop	{r4, pc}
	return 0;
 8000c90:	2000      	movs	r0, #0
}
 8000c92:	4770      	bx	lr

08000c94 <simpleserial_init>:
	if(num_commands >= MAX_SS_CMDS)
 8000c94:	4b16      	ldr	r3, [pc, #88]	; (8000cf0 <simpleserial_init+0x5c>)
 8000c96:	681a      	ldr	r2, [r3, #0]
 8000c98:	2a1f      	cmp	r2, #31
 8000c9a:	dc27      	bgt.n	8000cec <simpleserial_init+0x58>
	commands[num_commands].fp  = fp;
 8000c9c:	4815      	ldr	r0, [pc, #84]	; (8000cf4 <simpleserial_init+0x60>)
{
 8000c9e:	b410      	push	{r4}
	commands[num_commands].c   = c;
 8000ca0:	eb03 1102 	add.w	r1, r3, r2, lsl #4
	commands[num_commands].len = len;
 8000ca4:	2400      	movs	r4, #0
	commands[num_commands].fp  = fp;
 8000ca6:	e9c1 4002 	strd	r4, r0, [r1, #8]
	num_commands++;
 8000caa:	1c50      	adds	r0, r2, #1
	commands[num_commands].c   = c;
 8000cac:	f04f 0c76 	mov.w	ip, #118	; 0x76
	if(num_commands >= MAX_SS_CMDS)
 8000cb0:	2820      	cmp	r0, #32
	commands[num_commands].c   = c;
 8000cb2:	f881 c004 	strb.w	ip, [r1, #4]
	commands[num_commands].flags = fl;
 8000cb6:	740c      	strb	r4, [r1, #16]
	num_commands++;
 8000cb8:	6018      	str	r0, [r3, #0]
	if(num_commands >= MAX_SS_CMDS)
 8000cba:	d015      	beq.n	8000ce8 <simpleserial_init+0x54>
	commands[num_commands].c   = c;
 8000cbc:	eb03 1000 	add.w	r0, r3, r0, lsl #4
 8000cc0:	2177      	movs	r1, #119	; 0x77
 8000cc2:	7101      	strb	r1, [r0, #4]
	commands[num_commands].fp  = fp;
 8000cc4:	490c      	ldr	r1, [pc, #48]	; (8000cf8 <simpleserial_init+0x64>)
	commands[num_commands].flags = fl;
 8000cc6:	7404      	strb	r4, [r0, #16]
	commands[num_commands].fp  = fp;
 8000cc8:	e9c0 4102 	strd	r4, r1, [r0, #8]
	num_commands++;
 8000ccc:	1c91      	adds	r1, r2, #2
	if(num_commands >= MAX_SS_CMDS)
 8000cce:	2920      	cmp	r1, #32
	num_commands++;
 8000cd0:	6019      	str	r1, [r3, #0]
	if(num_commands >= MAX_SS_CMDS)
 8000cd2:	d009      	beq.n	8000ce8 <simpleserial_init+0x54>
	commands[num_commands].c   = c;
 8000cd4:	eb03 1101 	add.w	r1, r3, r1, lsl #4
 8000cd8:	2079      	movs	r0, #121	; 0x79
 8000cda:	7108      	strb	r0, [r1, #4]
	commands[num_commands].fp  = fp;
 8000cdc:	4807      	ldr	r0, [pc, #28]	; (8000cfc <simpleserial_init+0x68>)
	commands[num_commands].flags = fl;
 8000cde:	740c      	strb	r4, [r1, #16]
	commands[num_commands].fp  = fp;
 8000ce0:	e9c1 4002 	strd	r4, r0, [r1, #8]
	num_commands++;
 8000ce4:	3203      	adds	r2, #3
 8000ce6:	601a      	str	r2, [r3, #0]
}
 8000ce8:	bc10      	pop	{r4}
 8000cea:	4770      	bx	lr
 8000cec:	4770      	bx	lr
 8000cee:	bf00      	nop
 8000cf0:	20000d48 	.word	0x20000d48
 8000cf4:	08000b3d 	.word	0x08000b3d
 8000cf8:	08000b75 	.word	0x08000b75
 8000cfc:	08000b41 	.word	0x08000b41

08000d00 <simpleserial_addcmd>:
{
 8000d00:	b410      	push	{r4}
	if(num_commands >= MAX_SS_CMDS)
 8000d02:	4c0c      	ldr	r4, [pc, #48]	; (8000d34 <simpleserial_addcmd+0x34>)
 8000d04:	6823      	ldr	r3, [r4, #0]
 8000d06:	2b1f      	cmp	r3, #31
 8000d08:	dc10      	bgt.n	8000d2c <simpleserial_addcmd+0x2c>
	if(len >= MAX_SS_LEN)
 8000d0a:	293f      	cmp	r1, #63	; 0x3f
 8000d0c:	d80e      	bhi.n	8000d2c <simpleserial_addcmd+0x2c>
	commands[num_commands].c   = c;
 8000d0e:	eb04 1c03 	add.w	ip, r4, r3, lsl #4
	num_commands++;
 8000d12:	3301      	adds	r3, #1
	commands[num_commands].c   = c;
 8000d14:	f88c 0004 	strb.w	r0, [ip, #4]
	commands[num_commands].flags = fl;
 8000d18:	2000      	movs	r0, #0
 8000d1a:	f88c 0010 	strb.w	r0, [ip, #16]
	num_commands++;
 8000d1e:	6023      	str	r3, [r4, #0]
	commands[num_commands].len = len;
 8000d20:	f8cc 1008 	str.w	r1, [ip, #8]
}
 8000d24:	bc10      	pop	{r4}
	commands[num_commands].fp  = fp;
 8000d26:	f8cc 200c 	str.w	r2, [ip, #12]
}
 8000d2a:	4770      	bx	lr
		return 1;
 8000d2c:	2001      	movs	r0, #1
}
 8000d2e:	bc10      	pop	{r4}
 8000d30:	4770      	bx	lr
 8000d32:	bf00      	nop
 8000d34:	20000d48 	.word	0x20000d48

08000d38 <simpleserial_get>:
{
 8000d38:	e92d 41f0 	stmdb	sp!, {r4, r5, r6, r7, r8, lr}
	for(cmd = 0; cmd < num_commands; cmd++)
 8000d3c:	4f4a      	ldr	r7, [pc, #296]	; (8000e68 <simpleserial_get+0x130>)
{
 8000d3e:	b0b0      	sub	sp, #192	; 0xc0
	c = getch();
 8000d40:	f000 f96a 	bl	8001018 <getch>
	for(cmd = 0; cmd < num_commands; cmd++)
 8000d44:	6839      	ldr	r1, [r7, #0]
 8000d46:	2900      	cmp	r1, #0
 8000d48:	dd27      	ble.n	8000d9a <simpleserial_get+0x62>
 8000d4a:	2300      	movs	r3, #0
 8000d4c:	1d3d      	adds	r5, r7, #4
 8000d4e:	e001      	b.n	8000d54 <simpleserial_get+0x1c>
 8000d50:	428b      	cmp	r3, r1
 8000d52:	d01f      	beq.n	8000d94 <simpleserial_get+0x5c>
		if(commands[cmd].c == c)
 8000d54:	011c      	lsls	r4, r3, #4
	for(cmd = 0; cmd < num_commands; cmd++)
 8000d56:	3301      	adds	r3, #1
		if(commands[cmd].c == c)
 8000d58:	5d2a      	ldrb	r2, [r5, r4]
 8000d5a:	4282      	cmp	r2, r0
 8000d5c:	d1f8      	bne.n	8000d50 <simpleserial_get+0x18>
	if ((commands[cmd].flags & CMD_FLAG_LEN) != 0)
 8000d5e:	193b      	adds	r3, r7, r4
 8000d60:	7c1a      	ldrb	r2, [r3, #16]
 8000d62:	07d2      	lsls	r2, r2, #31
 8000d64:	d41f      	bmi.n	8000da6 <simpleserial_get+0x6e>
	for(int i = 0; i < 2*commands[cmd].len; i++)
 8000d66:	689b      	ldr	r3, [r3, #8]
 8000d68:	005b      	lsls	r3, r3, #1
 8000d6a:	d049      	beq.n	8000e00 <simpleserial_get+0xc8>
 8000d6c:	ae10      	add	r6, sp, #64	; 0x40
 8000d6e:	2500      	movs	r5, #0
 8000d70:	eb07 0804 	add.w	r8, r7, r4
 8000d74:	e008      	b.n	8000d88 <simpleserial_get+0x50>
		if(c == '\n' || c == '\r')
 8000d76:	280d      	cmp	r0, #13
 8000d78:	d00c      	beq.n	8000d94 <simpleserial_get+0x5c>
	for(int i = 0; i < 2*commands[cmd].len; i++)
 8000d7a:	f8d8 3008 	ldr.w	r3, [r8, #8]
		ascii_buf[i] = c;
 8000d7e:	f806 0b01 	strb.w	r0, [r6], #1
	for(int i = 0; i < 2*commands[cmd].len; i++)
 8000d82:	ebb5 0f43 	cmp.w	r5, r3, lsl #1
 8000d86:	d23b      	bcs.n	8000e00 <simpleserial_get+0xc8>
		c = getch();
 8000d88:	f000 f946 	bl	8001018 <getch>
		if(c == '\n' || c == '\r')
 8000d8c:	280a      	cmp	r0, #10
	for(int i = 0; i < 2*commands[cmd].len; i++)
 8000d8e:	f105 0501 	add.w	r5, r5, #1
		if(c == '\n' || c == '\r')
 8000d92:	d1f0      	bne.n	8000d76 <simpleserial_get+0x3e>
}
 8000d94:	b030      	add	sp, #192	; 0xc0
 8000d96:	e8bd 81f0 	ldmia.w	sp!, {r4, r5, r6, r7, r8, pc}
	if(cmd == num_commands)
 8000d9a:	d0fb      	beq.n	8000d94 <simpleserial_get+0x5c>
 8000d9c:	2400      	movs	r4, #0
	if ((commands[cmd].flags & CMD_FLAG_LEN) != 0)
 8000d9e:	193b      	adds	r3, r7, r4
 8000da0:	7c1a      	ldrb	r2, [r3, #16]
 8000da2:	07d2      	lsls	r2, r2, #31
 8000da4:	d5df      	bpl.n	8000d66 <simpleserial_get+0x2e>
		buff[0] = getch();
 8000da6:	f000 f937 	bl	8001018 <getch>
 8000daa:	4605      	mov	r5, r0
		buff[1] = getch();
 8000dac:	f000 f934 	bl	8001018 <getch>
		if(n_lo >= '0' && n_lo <= '9')
 8000db0:	f1a0 0330 	sub.w	r3, r0, #48	; 0x30
 8000db4:	b2db      	uxtb	r3, r3
 8000db6:	2b09      	cmp	r3, #9
 8000db8:	d90c      	bls.n	8000dd4 <simpleserial_get+0x9c>
		else if(n_lo >= 'A' && n_lo <= 'F')
 8000dba:	f1a0 0341 	sub.w	r3, r0, #65	; 0x41
 8000dbe:	b2db      	uxtb	r3, r3
 8000dc0:	2b05      	cmp	r3, #5
 8000dc2:	d947      	bls.n	8000e54 <simpleserial_get+0x11c>
		else if(n_lo >= 'a' && n_lo <= 'f')
 8000dc4:	f1a0 0361 	sub.w	r3, r0, #97	; 0x61
 8000dc8:	b2db      	uxtb	r3, r3
 8000dca:	2b05      	cmp	r3, #5
 8000dcc:	d8e2      	bhi.n	8000d94 <simpleserial_get+0x5c>
			data_buf[i] = n_lo - 'a' + 10;
 8000dce:	f1a0 0357 	sub.w	r3, r0, #87	; 0x57
 8000dd2:	b2db      	uxtb	r3, r3
		if(n_hi >= '0' && n_hi <= '9')
 8000dd4:	f1a5 0230 	sub.w	r2, r5, #48	; 0x30
 8000dd8:	b2d1      	uxtb	r1, r2
 8000dda:	2909      	cmp	r1, #9
 8000ddc:	d936      	bls.n	8000e4c <simpleserial_get+0x114>
		else if(n_hi >= 'A' && n_hi <= 'F')
 8000dde:	f1a5 0241 	sub.w	r2, r5, #65	; 0x41
 8000de2:	b2d2      	uxtb	r2, r2
 8000de4:	2a05      	cmp	r2, #5
 8000de6:	d939      	bls.n	8000e5c <simpleserial_get+0x124>
		else if(n_hi >= 'a' && n_hi <= 'f')
 8000de8:	f1a5 0261 	sub.w	r2, r5, #97	; 0x61
 8000dec:	b2d2      	uxtb	r2, r2
 8000dee:	2a05      	cmp	r2, #5
 8000df0:	d8d0      	bhi.n	8000d94 <simpleserial_get+0x5c>
			data_buf[i] |= (n_hi - 'a' + 10) << 4;
 8000df2:	3d57      	subs	r5, #87	; 0x57
 8000df4:	ea43 1305 	orr.w	r3, r3, r5, lsl #4
 8000df8:	b2db      	uxtb	r3, r3
		commands[cmd].len = l;
 8000dfa:	193a      	adds	r2, r7, r4
 8000dfc:	6093      	str	r3, [r2, #8]
 8000dfe:	e7b3      	b.n	8000d68 <simpleserial_get+0x30>
	c = getch();
 8000e00:	f000 f90a 	bl	8001018 <getch>
	if(c != '\n' && c != '\r')
 8000e04:	280a      	cmp	r0, #10
 8000e06:	d001      	beq.n	8000e0c <simpleserial_get+0xd4>
 8000e08:	280d      	cmp	r0, #13
 8000e0a:	d1c3      	bne.n	8000d94 <simpleserial_get+0x5c>
	if(hex_decode(commands[cmd].len, ascii_buf, data_buf))
 8000e0c:	443c      	add	r4, r7
 8000e0e:	466a      	mov	r2, sp
 8000e10:	68a5      	ldr	r5, [r4, #8]
 8000e12:	a910      	add	r1, sp, #64	; 0x40
 8000e14:	4628      	mov	r0, r5
 8000e16:	f7ff feeb 	bl	8000bf0 <hex_decode>
 8000e1a:	2800      	cmp	r0, #0
 8000e1c:	d1ba      	bne.n	8000d94 <simpleserial_get+0x5c>
	ret[0] = commands[cmd].fp(data_buf, commands[cmd].len);
 8000e1e:	b2e9      	uxtb	r1, r5
 8000e20:	68e3      	ldr	r3, [r4, #12]
		putch(hex_lookup[output[i] >> 4 ]);
 8000e22:	4d12      	ldr	r5, [pc, #72]	; (8000e6c <simpleserial_get+0x134>)
	ret[0] = commands[cmd].fp(data_buf, commands[cmd].len);
 8000e24:	4668      	mov	r0, sp
 8000e26:	4798      	blx	r3
 8000e28:	4604      	mov	r4, r0
	putch(c);
 8000e2a:	207a      	movs	r0, #122	; 0x7a
 8000e2c:	f000 f908 	bl	8001040 <putch>
		putch(hex_lookup[output[i] >> 4 ]);
 8000e30:	f3c4 1307 	ubfx	r3, r4, #4, #8
		putch(hex_lookup[output[i] & 0xF]);
 8000e34:	f004 040f 	and.w	r4, r4, #15
		putch(hex_lookup[output[i] >> 4 ]);
 8000e38:	5ce8      	ldrb	r0, [r5, r3]
 8000e3a:	f000 f901 	bl	8001040 <putch>
		putch(hex_lookup[output[i] & 0xF]);
 8000e3e:	5d28      	ldrb	r0, [r5, r4]
 8000e40:	f000 f8fe 	bl	8001040 <putch>
	putch('\n');
 8000e44:	200a      	movs	r0, #10
 8000e46:	f000 f8fb 	bl	8001040 <putch>
 8000e4a:	e7a3      	b.n	8000d94 <simpleserial_get+0x5c>
			data_buf[i] |= (n_hi - '0') << 4;
 8000e4c:	ea43 1302 	orr.w	r3, r3, r2, lsl #4
 8000e50:	b2db      	uxtb	r3, r3
 8000e52:	e7d2      	b.n	8000dfa <simpleserial_get+0xc2>
			data_buf[i] = n_lo - 'A' + 10;
 8000e54:	f1a0 0337 	sub.w	r3, r0, #55	; 0x37
 8000e58:	b2db      	uxtb	r3, r3
 8000e5a:	e7bb      	b.n	8000dd4 <simpleserial_get+0x9c>
			data_buf[i] |= (n_hi - 'A' + 10) << 4;
 8000e5c:	3d37      	subs	r5, #55	; 0x37
 8000e5e:	ea43 1305 	orr.w	r3, r3, r5, lsl #4
 8000e62:	b2db      	uxtb	r3, r3
 8000e64:	e7c9      	b.n	8000dfa <simpleserial_get+0xc2>
 8000e66:	bf00      	nop
 8000e68:	20000d48 	.word	0x20000d48
 8000e6c:	0800288c 	.word	0x0800288c

08000e70 <simpleserial_put>:
    if (!output) return;
 8000e70:	b1d2      	cbz	r2, 8000ea8 <simpleserial_put+0x38>
{
 8000e72:	b570      	push	{r4, r5, r6, lr}
 8000e74:	460e      	mov	r6, r1
	putch(c);
 8000e76:	4614      	mov	r4, r2
 8000e78:	f000 f8e2 	bl	8001040 <putch>
	for(int i = 0; i < size; i++)
 8000e7c:	b17e      	cbz	r6, 8000e9e <simpleserial_put+0x2e>
 8000e7e:	4d0b      	ldr	r5, [pc, #44]	; (8000eac <simpleserial_put+0x3c>)
 8000e80:	4426      	add	r6, r4
		putch(hex_lookup[output[i] >> 4 ]);
 8000e82:	7823      	ldrb	r3, [r4, #0]
 8000e84:	091b      	lsrs	r3, r3, #4
 8000e86:	5ce8      	ldrb	r0, [r5, r3]
 8000e88:	f000 f8da 	bl	8001040 <putch>
		putch(hex_lookup[output[i] & 0xF]);
 8000e8c:	f814 3b01 	ldrb.w	r3, [r4], #1
 8000e90:	f003 030f 	and.w	r3, r3, #15
 8000e94:	5ce8      	ldrb	r0, [r5, r3]
 8000e96:	f000 f8d3 	bl	8001040 <putch>
	for(int i = 0; i < size; i++)
 8000e9a:	42a6      	cmp	r6, r4
 8000e9c:	d1f1      	bne.n	8000e82 <simpleserial_put+0x12>
}
 8000e9e:	e8bd 4070 	ldmia.w	sp!, {r4, r5, r6, lr}
	putch('\n');
 8000ea2:	200a      	movs	r0, #10
 8000ea4:	f000 b8cc 	b.w	8001040 <putch>
 8000ea8:	4770      	bx	lr
 8000eaa:	bf00      	nop
 8000eac:	0800288c 	.word	0x0800288c

08000eb0 <platform_init>:

uint8_t hw_key[16];
static CRYP_HandleTypeDef cryp;

void platform_init(void)
{
 8000eb0:	b530      	push	{r4, r5, lr}
 8000eb2:	b095      	sub	sp, #84	; 0x54
	HAL_RCC_ClockConfig(&RCC_ClkInitStruct, FLASH_ACR_LATENCY_5WS);
    FLASH->ACR |= 0b111 << 8; //enable ART acceleration

#else
	RCC_OscInitTypeDef RCC_OscInitStruct;
	RCC_OscInitStruct.OscillatorType = RCC_OSCILLATORTYPE_HSE | RCC_OSCILLATORTYPE_HSI;
 8000eb4:	2403      	movs	r4, #3
	RCC_OscInitStruct.HSEState       = RCC_HSE_BYPASS;
	RCC_OscInitStruct.HSIState       = RCC_HSI_ON;  // HSI is needed for the RNG
 8000eb6:	2201      	movs	r2, #1
	RCC_OscInitStruct.PLL.PLLState   = RCC_PLL_ON;  // we need PLL to use RNG
 8000eb8:	2002      	movs	r0, #2
	RCC_OscInitStruct.PLL.PLLSource  = RCC_PLLSOURCE_HSE;
 8000eba:	f44f 0380 	mov.w	r3, #4194304	; 0x400000
	RCC_OscInitStruct.OscillatorType = RCC_OSCILLATORTYPE_HSE | RCC_OSCILLATORTYPE_HSI;
 8000ebe:	f44f 25a0 	mov.w	r5, #327680	; 0x50000
	RCC_OscInitStruct.PLL.PLLSource  = RCC_PLLSOURCE_HSE;
 8000ec2:	e9cd 030e 	strd	r0, r3, [sp, #56]	; 0x38
	RCC_OscInitStruct.OscillatorType = RCC_OSCILLATORTYPE_HSE | RCC_OSCILLATORTYPE_HSI;
 8000ec6:	e9cd 4508 	strd	r4, r5, [sp, #32]
	RCC_OscInitStruct.HSIState       = RCC_HSI_ON;  // HSI is needed for the RNG
 8000eca:	920b      	str	r2, [sp, #44]	; 0x2c
	RCC_OscInitStruct.PLL.PLLM       = 12;  // Internal clock is 16MHz
 8000ecc:	240c      	movs	r4, #12
	RCC_OscInitStruct.PLL.PLLN       = 196;
 8000ece:	21c4      	movs	r1, #196	; 0xc4
	RCC_OscInitStruct.PLL.PLLP       = RCC_PLLP_DIV4;
 8000ed0:	2204      	movs	r2, #4
	RCC_OscInitStruct.PLL.PLLQ       = 7;  // divisor for RNG, USB and SDIO
 8000ed2:	2307      	movs	r3, #7
	if (HAL_RCC_OscConfig(&RCC_OscInitStruct) != HAL_OK) {
 8000ed4:	a808      	add	r0, sp, #32
	RCC_OscInitStruct.PLL.PLLN       = 196;
 8000ed6:	e9cd 4110 	strd	r4, r1, [sp, #64]	; 0x40
	RCC_OscInitStruct.PLL.PLLQ       = 7;  // divisor for RNG, USB and SDIO
 8000eda:	e9cd 2312 	strd	r2, r3, [sp, #72]	; 0x48
	if (HAL_RCC_OscConfig(&RCC_OscInitStruct) != HAL_OK) {
 8000ede:	f000 f8c1 	bl	8001064 <HAL_RCC_OscConfig>
 8000ee2:	b100      	cbz	r0, 8000ee6 <platform_init+0x36>
        for(;;);
 8000ee4:	e7fe      	b.n	8000ee4 <platform_init+0x34>

	RCC_ClkInitTypeDef RCC_ClkInitStruct;
	RCC_ClkInitStruct.ClockType      = (RCC_CLOCKTYPE_SYSCLK | RCC_CLOCKTYPE_HCLK | RCC_CLOCKTYPE_PCLK1 | RCC_CLOCKTYPE_PCLK2);
	RCC_ClkInitStruct.SYSCLKSource   = RCC_SYSCLKSOURCE_HSE;
	RCC_ClkInitStruct.AHBCLKDivider  = RCC_SYSCLK_DIV1;
	RCC_ClkInitStruct.APB1CLKDivider = RCC_HCLK_DIV1;
 8000ee6:	4604      	mov	r4, r0
	RCC_ClkInitStruct.ClockType      = (RCC_CLOCKTYPE_SYSCLK | RCC_CLOCKTYPE_HCLK | RCC_CLOCKTYPE_PCLK1 | RCC_CLOCKTYPE_PCLK2);
 8000ee8:	2101      	movs	r1, #1
 8000eea:	200f      	movs	r0, #15
 8000eec:	e9cd 0102 	strd	r0, r1, [sp, #8]
 8000ef0:	2200      	movs	r2, #0
 8000ef2:	2300      	movs	r3, #0
	RCC_ClkInitStruct.APB2CLKDivider = RCC_HCLK_DIV1;
	HAL_RCC_ClockConfig(&RCC_ClkInitStruct, FLASH_ACR_LATENCY_0WS); //wait states not needed for HSE
 8000ef4:	4621      	mov	r1, r4
 8000ef6:	a802      	add	r0, sp, #8
	RCC_ClkInitStruct.ClockType      = (RCC_CLOCKTYPE_SYSCLK | RCC_CLOCKTYPE_HCLK | RCC_CLOCKTYPE_PCLK1 | RCC_CLOCKTYPE_PCLK2);
 8000ef8:	e9cd 2304 	strd	r2, r3, [sp, #16]
	RCC_ClkInitStruct.APB2CLKDivider = RCC_HCLK_DIV1;
 8000efc:	9406      	str	r4, [sp, #24]
	HAL_RCC_ClockConfig(&RCC_ClkInitStruct, FLASH_ACR_LATENCY_0WS); //wait states not needed for HSE
 8000efe:	f000 fac9 	bl	8001494 <HAL_RCC_ClockConfig>
#endif

	// Configure and starts the RNG
	__HAL_RCC_RNG_CLK_ENABLE();
 8000f02:	4b09      	ldr	r3, [pc, #36]	; (8000f28 <platform_init+0x78>)
 8000f04:	9401      	str	r4, [sp, #4]
 8000f06:	6b5a      	ldr	r2, [r3, #52]	; 0x34
	RngHandle.Instance = RNG;
 8000f08:	4808      	ldr	r0, [pc, #32]	; (8000f2c <platform_init+0x7c>)
	__HAL_RCC_RNG_CLK_ENABLE();
 8000f0a:	f042 0240 	orr.w	r2, r2, #64	; 0x40
 8000f0e:	635a      	str	r2, [r3, #52]	; 0x34
 8000f10:	6b5b      	ldr	r3, [r3, #52]	; 0x34
	RngHandle.Instance = RNG;
 8000f12:	4a07      	ldr	r2, [pc, #28]	; (8000f30 <platform_init+0x80>)
 8000f14:	6002      	str	r2, [r0, #0]
	__HAL_RCC_RNG_CLK_ENABLE();
 8000f16:	f003 0340 	and.w	r3, r3, #64	; 0x40
 8000f1a:	9301      	str	r3, [sp, #4]
 8000f1c:	9b01      	ldr	r3, [sp, #4]
	RngHandle.State = HAL_RNG_STATE_RESET;
 8000f1e:	7144      	strb	r4, [r0, #5]
	HAL_RNG_Init(&RngHandle);
 8000f20:	f000 fdf2 	bl	8001b08 <HAL_RNG_Init>

}
 8000f24:	b015      	add	sp, #84	; 0x54
 8000f26:	bd30      	pop	{r4, r5, pc}
 8000f28:	40023800 	.word	0x40023800
 8000f2c:	20000f4c 	.word	0x20000f4c
 8000f30:	50060800 	.word	0x50060800

08000f34 <init_uart>:

void init_uart(void)
{
 8000f34:	b530      	push	{r4, r5, lr}
	GPIO_InitTypeDef GpioInit;
	GpioInit.Pin       = GPIO_PIN_9 | GPIO_PIN_10;
 8000f36:	2201      	movs	r2, #1
{
 8000f38:	b089      	sub	sp, #36	; 0x24
	GpioInit.Pin       = GPIO_PIN_9 | GPIO_PIN_10;
 8000f3a:	f44f 60c0 	mov.w	r0, #1536	; 0x600
 8000f3e:	2102      	movs	r1, #2
 8000f40:	2302      	movs	r3, #2
 8000f42:	e9cd 0102 	strd	r0, r1, [sp, #8]
 8000f46:	e9cd 2304 	strd	r2, r3, [sp, #16]
	GpioInit.Mode      = GPIO_MODE_AF_PP;
	GpioInit.Pull      = GPIO_PULLUP;
	GpioInit.Speed     = GPIO_SPEED_FREQ_HIGH;
	GpioInit.Alternate = GPIO_AF7_USART1;
	__GPIOA_CLK_ENABLE();
 8000f4a:	4d17      	ldr	r5, [pc, #92]	; (8000fa8 <init_uart+0x74>)
	HAL_GPIO_Init(GPIOA, &GpioInit);
 8000f4c:	4817      	ldr	r0, [pc, #92]	; (8000fac <init_uart+0x78>)
	__GPIOA_CLK_ENABLE();
 8000f4e:	2400      	movs	r4, #0
	GpioInit.Alternate = GPIO_AF7_USART1;
 8000f50:	2307      	movs	r3, #7
	__GPIOA_CLK_ENABLE();
 8000f52:	9400      	str	r4, [sp, #0]
	GpioInit.Alternate = GPIO_AF7_USART1;
 8000f54:	9306      	str	r3, [sp, #24]
	__GPIOA_CLK_ENABLE();
 8000f56:	6b2b      	ldr	r3, [r5, #48]	; 0x30
 8000f58:	f043 0301 	orr.w	r3, r3, #1
 8000f5c:	632b      	str	r3, [r5, #48]	; 0x30
 8000f5e:	6b2b      	ldr	r3, [r5, #48]	; 0x30
 8000f60:	f003 0301 	and.w	r3, r3, #1
	HAL_GPIO_Init(GPIOA, &GpioInit);
 8000f64:	a902      	add	r1, sp, #8
	__GPIOA_CLK_ENABLE();
 8000f66:	9300      	str	r3, [sp, #0]
 8000f68:	9b00      	ldr	r3, [sp, #0]
	HAL_GPIO_Init(GPIOA, &GpioInit);
 8000f6a:	f000 fb61 	bl	8001630 <HAL_GPIO_Init>
	UartHandle.Init.WordLength = UART_WORDLENGTH_8B;
	UartHandle.Init.StopBits   = UART_STOPBITS_1;
	UartHandle.Init.Parity     = UART_PARITY_NONE;
	UartHandle.Init.HwFlowCtl  = UART_HWCONTROL_NONE;
	UartHandle.Init.Mode       = UART_MODE_TX_RX;
	__USART1_CLK_ENABLE();
 8000f6e:	9401      	str	r4, [sp, #4]
 8000f70:	6c6a      	ldr	r2, [r5, #68]	; 0x44
	UartHandle.Instance        = USART1;
 8000f72:	4b0f      	ldr	r3, [pc, #60]	; (8000fb0 <init_uart+0x7c>)
	__USART1_CLK_ENABLE();
 8000f74:	f042 0210 	orr.w	r2, r2, #16
 8000f78:	646a      	str	r2, [r5, #68]	; 0x44
 8000f7a:	6c6a      	ldr	r2, [r5, #68]	; 0x44
	UartHandle.Init.Parity     = UART_PARITY_NONE;
 8000f7c:	61dc      	str	r4, [r3, #28]
	__USART1_CLK_ENABLE();
 8000f7e:	f002 0210 	and.w	r2, r2, #16
 8000f82:	9201      	str	r2, [sp, #4]
 8000f84:	9a01      	ldr	r2, [sp, #4]
  UartHandle.Init.BaudRate   = 38400;
 8000f86:	f44f 4116 	mov.w	r1, #38400	; 0x9600
	UartHandle.Init.Mode       = UART_MODE_TX_RX;
 8000f8a:	220c      	movs	r2, #12
	UartHandle.Instance        = USART1;
 8000f8c:	f5a5 3594 	sub.w	r5, r5, #75776	; 0x12800
	HAL_UART_Init(&UartHandle);
 8000f90:	f103 000c 	add.w	r0, r3, #12
  UartHandle.Init.BaudRate   = 38400;
 8000f94:	e9c3 5103 	strd	r5, r1, [r3, #12]
	UartHandle.Init.StopBits   = UART_STOPBITS_1;
 8000f98:	e9c3 4405 	strd	r4, r4, [r3, #20]
	UartHandle.Init.Mode       = UART_MODE_TX_RX;
 8000f9c:	e9c3 2408 	strd	r2, r4, [r3, #32]
	HAL_UART_Init(&UartHandle);
 8000fa0:	f000 fc7c 	bl	800189c <HAL_UART_Init>
}
 8000fa4:	b009      	add	sp, #36	; 0x24
 8000fa6:	bd30      	pop	{r4, r5, pc}
 8000fa8:	40023800 	.word	0x40023800
 8000fac:	40020000 	.word	0x40020000
 8000fb0:	20000f4c 	.word	0x20000f4c

08000fb4 <trigger_setup>:

//#define STM32F4_WLCSP

void trigger_setup(void)
{
 8000fb4:	b530      	push	{r4, r5, lr}
 8000fb6:	b089      	sub	sp, #36	; 0x24
	__GPIOA_CLK_ENABLE();
 8000fb8:	4b0d      	ldr	r3, [pc, #52]	; (8000ff0 <trigger_setup+0x3c>)
	GPIO_InitTypeDef GpioInit;
	GpioInit.Pin       = GPIO_PIN_12;
	GpioInit.Mode      = GPIO_MODE_OUTPUT_PP;
	GpioInit.Pull      = GPIO_NOPULL;
	GpioInit.Speed     = GPIO_SPEED_FREQ_HIGH;
	HAL_GPIO_Init(GPIOA, &GpioInit);
 8000fba:	480e      	ldr	r0, [pc, #56]	; (8000ff4 <trigger_setup+0x40>)
	__GPIOA_CLK_ENABLE();
 8000fbc:	2200      	movs	r2, #0
 8000fbe:	9201      	str	r2, [sp, #4]
 8000fc0:	6b1a      	ldr	r2, [r3, #48]	; 0x30
 8000fc2:	f042 0201 	orr.w	r2, r2, #1
 8000fc6:	631a      	str	r2, [r3, #48]	; 0x30
 8000fc8:	6b1b      	ldr	r3, [r3, #48]	; 0x30
 8000fca:	f003 0301 	and.w	r3, r3, #1
 8000fce:	9301      	str	r3, [sp, #4]
	GpioInit.Pin       = GPIO_PIN_12;
 8000fd0:	2200      	movs	r2, #0
 8000fd2:	f44f 5480 	mov.w	r4, #4096	; 0x1000
 8000fd6:	2501      	movs	r5, #1
 8000fd8:	2302      	movs	r3, #2
	HAL_GPIO_Init(GPIOA, &GpioInit);
 8000fda:	a902      	add	r1, sp, #8
	GpioInit.Pin       = GPIO_PIN_12;
 8000fdc:	e9cd 2304 	strd	r2, r3, [sp, #16]
 8000fe0:	e9cd 4502 	strd	r4, r5, [sp, #8]
	__GPIOA_CLK_ENABLE();
 8000fe4:	9b01      	ldr	r3, [sp, #4]
	HAL_GPIO_Init(GPIOA, &GpioInit);
 8000fe6:	f000 fb23 	bl	8001630 <HAL_GPIO_Init>
#endif
}
 8000fea:	b009      	add	sp, #36	; 0x24
 8000fec:	bd30      	pop	{r4, r5, pc}
 8000fee:	bf00      	nop
 8000ff0:	40023800 	.word	0x40023800
 8000ff4:	40020000 	.word	0x40020000

08000ff8 <trigger_high>:
void trigger_high(void)
{
#ifdef STM32F4_WLCSP
    HAL_GPIO_WritePin(GPIOD, GPIO_PIN_4, SET);
#else
	HAL_GPIO_WritePin(GPIOA, GPIO_PIN_12, SET);
 8000ff8:	4802      	ldr	r0, [pc, #8]	; (8001004 <trigger_high+0xc>)
 8000ffa:	2201      	movs	r2, #1
 8000ffc:	f44f 5180 	mov.w	r1, #4096	; 0x1000
 8001000:	f000 bc48 	b.w	8001894 <HAL_GPIO_WritePin>
 8001004:	40020000 	.word	0x40020000

08001008 <trigger_low>:
void trigger_low(void)
{
#ifdef STM32F4_WLCSP
    HAL_GPIO_WritePin(GPIOD, GPIO_PIN_4, RESET);
#else
	HAL_GPIO_WritePin(GPIOA, GPIO_PIN_12, RESET);
 8001008:	4802      	ldr	r0, [pc, #8]	; (8001014 <trigger_low+0xc>)
 800100a:	2200      	movs	r2, #0
 800100c:	f44f 5180 	mov.w	r1, #4096	; 0x1000
 8001010:	f000 bc40 	b.w	8001894 <HAL_GPIO_WritePin>
 8001014:	40020000 	.word	0x40020000

08001018 <getch>:
#endif
}
char getch(void)
{
 8001018:	b510      	push	{r4, lr}
	uint8_t d;
	while (HAL_UART_Receive(&UartHandle, &d, 1, 5000) != HAL_OK);
 800101a:	4c08      	ldr	r4, [pc, #32]	; (800103c <getch+0x24>)
{
 800101c:	b082      	sub	sp, #8
	while (HAL_UART_Receive(&UartHandle, &d, 1, 5000) != HAL_OK);
 800101e:	f241 3388 	movw	r3, #5000	; 0x1388
 8001022:	2201      	movs	r2, #1
 8001024:	f10d 0107 	add.w	r1, sp, #7
 8001028:	4620      	mov	r0, r4
 800102a:	f000 fd03 	bl	8001a34 <HAL_UART_Receive>
 800102e:	2800      	cmp	r0, #0
 8001030:	d1f5      	bne.n	800101e <getch+0x6>
	return d;
}
 8001032:	f89d 0007 	ldrb.w	r0, [sp, #7]
 8001036:	b002      	add	sp, #8
 8001038:	bd10      	pop	{r4, pc}
 800103a:	bf00      	nop
 800103c:	20000f58 	.word	0x20000f58

08001040 <putch>:

void putch(char c)
{
 8001040:	b500      	push	{lr}
 8001042:	b083      	sub	sp, #12
 8001044:	4684      	mov	ip, r0
	uint8_t d  = c;
	HAL_UART_Transmit(&UartHandle,  &d, 1, 5000);
 8001046:	f241 3388 	movw	r3, #5000	; 0x1388
 800104a:	2201      	movs	r2, #1
 800104c:	f10d 0107 	add.w	r1, sp, #7
 8001050:	4803      	ldr	r0, [pc, #12]	; (8001060 <putch+0x20>)
	uint8_t d  = c;
 8001052:	f88d c007 	strb.w	ip, [sp, #7]
	HAL_UART_Transmit(&UartHandle,  &d, 1, 5000);
 8001056:	f000 fc9f 	bl	8001998 <HAL_UART_Transmit>
}
 800105a:	b003      	add	sp, #12
 800105c:	f85d fb04 	ldr.w	pc, [sp], #4
 8001060:	20000f58 	.word	0x20000f58

08001064 <HAL_RCC_OscConfig>:
  *         supported by this API. User should request a transition to HSE Off
  *         first and then HSE On or HSE Bypass.
  * @retval HAL status
  */
HAL_StatusTypeDef HAL_RCC_OscConfig(RCC_OscInitTypeDef  *RCC_OscInitStruct)
{
 8001064:	b4f0      	push	{r4, r5, r6, r7}
  uint32_t tickstart = 0U;

  /* Check the parameters */
  assert_param(IS_RCC_OSCILLATORTYPE(RCC_OscInitStruct->OscillatorType));
  /*------------------------------- HSE Configuration ------------------------*/
  if(((RCC_OscInitStruct->OscillatorType) & RCC_OSCILLATORTYPE_HSE) == RCC_OSCILLATORTYPE_HSE)
 8001066:	6801      	ldr	r1, [r0, #0]
 8001068:	07cf      	lsls	r7, r1, #31
{
 800106a:	b082      	sub	sp, #8
  if(((RCC_OscInitStruct->OscillatorType) & RCC_OSCILLATORTYPE_HSE) == RCC_OSCILLATORTYPE_HSE)
 800106c:	d532      	bpl.n	80010d4 <HAL_RCC_OscConfig+0x70>
  {
    /* Check the parameters */
    assert_param(IS_RCC_HSE(RCC_OscInitStruct->HSEState));
    /* When the HSE is used as system clock or clock source for PLL in these cases HSE will not disabled */
    if((__HAL_RCC_GET_SYSCLK_SOURCE() == RCC_CFGR_SWS_HSE) ||\
 800106e:	4a94      	ldr	r2, [pc, #592]	; (80012c0 <HAL_RCC_OscConfig+0x25c>)
 8001070:	6893      	ldr	r3, [r2, #8]
 8001072:	f003 030c 	and.w	r3, r3, #12
 8001076:	2b04      	cmp	r3, #4
 8001078:	f000 8108 	beq.w	800128c <HAL_RCC_OscConfig+0x228>
      ((__HAL_RCC_GET_SYSCLK_SOURCE() == RCC_CFGR_SWS_PLL) && ((RCC->PLLCFGR & RCC_PLLCFGR_PLLSRC) == RCC_PLLCFGR_PLLSRC_HSE)))
 800107c:	6893      	ldr	r3, [r2, #8]
 800107e:	f003 030c 	and.w	r3, r3, #12
    if((__HAL_RCC_GET_SYSCLK_SOURCE() == RCC_CFGR_SWS_HSE) ||\
 8001082:	2b08      	cmp	r3, #8
 8001084:	f000 80fe 	beq.w	8001284 <HAL_RCC_OscConfig+0x220>
      }
    }
    else
    {
      /* Set the new HSE configuration ---------------------------------------*/
      __HAL_RCC_HSE_CONFIG(RCC_OscInitStruct->HSEState);
 8001088:	6845      	ldr	r5, [r0, #4]
 800108a:	f5b5 3f80 	cmp.w	r5, #65536	; 0x10000
 800108e:	f000 8132 	beq.w	80012f6 <HAL_RCC_OscConfig+0x292>
 8001092:	f5b5 2fa0 	cmp.w	r5, #327680	; 0x50000
 8001096:	f000 8187 	beq.w	80013a8 <HAL_RCC_OscConfig+0x344>
 800109a:	4e89      	ldr	r6, [pc, #548]	; (80012c0 <HAL_RCC_OscConfig+0x25c>)
 800109c:	6833      	ldr	r3, [r6, #0]
 800109e:	f423 3380 	bic.w	r3, r3, #65536	; 0x10000
 80010a2:	6033      	str	r3, [r6, #0]
 80010a4:	6833      	ldr	r3, [r6, #0]
 80010a6:	f423 2380 	bic.w	r3, r3, #262144	; 0x40000
 80010aa:	6033      	str	r3, [r6, #0]

      /* Check the HSE State */
      if((RCC_OscInitStruct->HSEState) != RCC_HSE_OFF)
 80010ac:	2d00      	cmp	r5, #0
 80010ae:	f040 8127 	bne.w	8001300 <HAL_RCC_OscConfig+0x29c>
	return tick++;;
 80010b2:	4b84      	ldr	r3, [pc, #528]	; (80012c4 <HAL_RCC_OscConfig+0x260>)
 80010b4:	4f84      	ldr	r7, [pc, #528]	; (80012c8 <HAL_RCC_OscConfig+0x264>)
 80010b6:	681a      	ldr	r2, [r3, #0]
 80010b8:	4417      	add	r7, r2
 80010ba:	3201      	adds	r2, #1
 80010bc:	601a      	str	r2, [r3, #0]
      {
        /* Get Start Tick*/
        tickstart = HAL_GetTick();

        /* Wait till HSE is bypassed or disabled */
        while(__HAL_RCC_GET_FLAG(RCC_FLAG_HSERDY) != RESET)
 80010be:	e004      	b.n	80010ca <HAL_RCC_OscConfig+0x66>
	return tick++;;
 80010c0:	3201      	adds	r2, #1
        {
          if((HAL_GetTick() - tickstart ) > HSE_TIMEOUT_VALUE)
 80010c2:	42ba      	cmp	r2, r7
 80010c4:	f04f 0501 	mov.w	r5, #1
 80010c8:	d055      	beq.n	8001176 <HAL_RCC_OscConfig+0x112>
        while(__HAL_RCC_GET_FLAG(RCC_FLAG_HSERDY) != RESET)
 80010ca:	6834      	ldr	r4, [r6, #0]
 80010cc:	03a4      	lsls	r4, r4, #14
 80010ce:	d4f7      	bmi.n	80010c0 <HAL_RCC_OscConfig+0x5c>
 80010d0:	b105      	cbz	r5, 80010d4 <HAL_RCC_OscConfig+0x70>
 80010d2:	601a      	str	r2, [r3, #0]
        }
      }
    }
  }
  /*----------------------------- HSI Configuration --------------------------*/
  if(((RCC_OscInitStruct->OscillatorType) & RCC_OSCILLATORTYPE_HSI) == RCC_OSCILLATORTYPE_HSI)
 80010d4:	078a      	lsls	r2, r1, #30
 80010d6:	d533      	bpl.n	8001140 <HAL_RCC_OscConfig+0xdc>
    /* Check the parameters */
    assert_param(IS_RCC_HSI(RCC_OscInitStruct->HSIState));
    assert_param(IS_RCC_CALIBRATION_VALUE(RCC_OscInitStruct->HSICalibrationValue));

    /* Check if HSI is used as system clock or as PLL source when PLL is selected as system clock */
    if((__HAL_RCC_GET_SYSCLK_SOURCE() == RCC_CFGR_SWS_HSI) ||\
 80010d8:	4b79      	ldr	r3, [pc, #484]	; (80012c0 <HAL_RCC_OscConfig+0x25c>)
 80010da:	689a      	ldr	r2, [r3, #8]
 80010dc:	f012 0f0c 	tst.w	r2, #12
 80010e0:	f000 80e2 	beq.w	80012a8 <HAL_RCC_OscConfig+0x244>
      ((__HAL_RCC_GET_SYSCLK_SOURCE() == RCC_CFGR_SWS_PLL) && ((RCC->PLLCFGR & RCC_PLLCFGR_PLLSRC) == RCC_PLLCFGR_PLLSRC_HSI)))
 80010e4:	689a      	ldr	r2, [r3, #8]
 80010e6:	f002 020c 	and.w	r2, r2, #12
    if((__HAL_RCC_GET_SYSCLK_SOURCE() == RCC_CFGR_SWS_HSI) ||\
 80010ea:	2a08      	cmp	r2, #8
 80010ec:	f000 80d8 	beq.w	80012a0 <HAL_RCC_OscConfig+0x23c>
      }
    }
    else
    {
      /* Check the HSI State */
      if((RCC_OscInitStruct->HSIState)!= RCC_HSI_OFF)
 80010f0:	68c2      	ldr	r2, [r0, #12]
 80010f2:	2a00      	cmp	r2, #0
 80010f4:	f000 8140 	beq.w	8001378 <HAL_RCC_OscConfig+0x314>
      {
        /* Enable the Internal High Speed oscillator (HSI). */
        __HAL_RCC_HSI_ENABLE();
 80010f8:	4a74      	ldr	r2, [pc, #464]	; (80012cc <HAL_RCC_OscConfig+0x268>)
	return tick++;;
 80010fa:	4b72      	ldr	r3, [pc, #456]	; (80012c4 <HAL_RCC_OscConfig+0x260>)
        __HAL_RCC_HSI_ENABLE();
 80010fc:	2101      	movs	r1, #1
 80010fe:	6011      	str	r1, [r2, #0]
	return tick++;;
 8001100:	681a      	ldr	r2, [r3, #0]

        /* Get Start Tick*/
        tickstart = HAL_GetTick();

        /* Wait till HSI is ready */
        while(__HAL_RCC_GET_FLAG(RCC_FLAG_HSIRDY) == RESET)
 8001102:	496f      	ldr	r1, [pc, #444]	; (80012c0 <HAL_RCC_OscConfig+0x25c>)
	return tick++;;
 8001104:	1c54      	adds	r4, r2, #1
 8001106:	601c      	str	r4, [r3, #0]
        while(__HAL_RCC_GET_FLAG(RCC_FLAG_HSIRDY) == RESET)
 8001108:	680c      	ldr	r4, [r1, #0]
 800110a:	07a6      	lsls	r6, r4, #30
 800110c:	d40a      	bmi.n	8001124 <HAL_RCC_OscConfig+0xc0>
 800110e:	680d      	ldr	r5, [r1, #0]
 8001110:	07ad      	lsls	r5, r5, #30
	return tick++;;
 8001112:	f102 0402 	add.w	r4, r2, #2
        while(__HAL_RCC_GET_FLAG(RCC_FLAG_HSIRDY) == RESET)
 8001116:	d404      	bmi.n	8001122 <HAL_RCC_OscConfig+0xbe>
 8001118:	6809      	ldr	r1, [r1, #0]
 800111a:	078f      	lsls	r7, r1, #30
	return tick++;;
 800111c:	f102 0403 	add.w	r4, r2, #3
        while(__HAL_RCC_GET_FLAG(RCC_FLAG_HSIRDY) == RESET)
 8001120:	d528      	bpl.n	8001174 <HAL_RCC_OscConfig+0x110>
 8001122:	601c      	str	r4, [r3, #0]
            return HAL_TIMEOUT;
          }
        }

        /* Adjusts the Internal High Speed oscillator (HSI) calibration value.*/
        __HAL_RCC_HSI_CALIBRATIONVALUE_ADJUST(RCC_OscInitStruct->HSICalibrationValue);
 8001124:	4c66      	ldr	r4, [pc, #408]	; (80012c0 <HAL_RCC_OscConfig+0x25c>)
__attribute__((always_inline)) __STATIC_INLINE uint32_t __RBIT(uint32_t value)
{
  uint32_t result;

#if       (__CORTEX_M >= 0x03U) || (__CORTEX_SC >= 300U)
   __ASM volatile ("rbit %0, %1" : "=r" (result) : "r" (value) );
 8001126:	22f8      	movs	r2, #248	; 0xf8
 8001128:	6821      	ldr	r1, [r4, #0]
 800112a:	fa92 f2a2 	rbit	r2, r2
 800112e:	6903      	ldr	r3, [r0, #16]
 8001130:	fab2 f282 	clz	r2, r2
 8001134:	4093      	lsls	r3, r2
 8001136:	f021 02f8 	bic.w	r2, r1, #248	; 0xf8
 800113a:	4313      	orrs	r3, r2
 800113c:	6023      	str	r3, [r4, #0]
        }
      }
    }
  }
  /*------------------------------ LSI Configuration -------------------------*/
  if(((RCC_OscInitStruct->OscillatorType) & RCC_OSCILLATORTYPE_LSI) == RCC_OSCILLATORTYPE_LSI)
 800113e:	6801      	ldr	r1, [r0, #0]
 8001140:	070f      	lsls	r7, r1, #28
 8001142:	d536      	bpl.n	80011b2 <HAL_RCC_OscConfig+0x14e>
  {
    /* Check the parameters */
    assert_param(IS_RCC_LSI(RCC_OscInitStruct->LSIState));

    /* Check the LSI State */
    if((RCC_OscInitStruct->LSIState)!= RCC_LSI_OFF)
 8001144:	6942      	ldr	r2, [r0, #20]
 8001146:	b9da      	cbnz	r2, 8001180 <HAL_RCC_OscConfig+0x11c>
      }
    }
    else
    {
      /* Disable the Internal Low Speed oscillator (LSI). */
      __HAL_RCC_LSI_DISABLE();
 8001148:	4960      	ldr	r1, [pc, #384]	; (80012cc <HAL_RCC_OscConfig+0x268>)
	return tick++;;
 800114a:	4b5e      	ldr	r3, [pc, #376]	; (80012c4 <HAL_RCC_OscConfig+0x260>)
      __HAL_RCC_LSI_DISABLE();
 800114c:	f8c1 2e80 	str.w	r2, [r1, #3712]	; 0xe80
	return tick++;;
 8001150:	681a      	ldr	r2, [r3, #0]

      /* Get Start Tick*/
      tickstart = HAL_GetTick();

      /* Wait till LSI is ready */
      while(__HAL_RCC_GET_FLAG(RCC_FLAG_LSIRDY) != RESET)
 8001152:	495b      	ldr	r1, [pc, #364]	; (80012c0 <HAL_RCC_OscConfig+0x25c>)
	return tick++;;
 8001154:	1c54      	adds	r4, r2, #1
 8001156:	601c      	str	r4, [r3, #0]
      while(__HAL_RCC_GET_FLAG(RCC_FLAG_LSIRDY) != RESET)
 8001158:	6f4c      	ldr	r4, [r1, #116]	; 0x74
 800115a:	07a6      	lsls	r6, r4, #30
 800115c:	f140 812e 	bpl.w	80013bc <HAL_RCC_OscConfig+0x358>
 8001160:	6f4d      	ldr	r5, [r1, #116]	; 0x74
 8001162:	07ad      	lsls	r5, r5, #30
	return tick++;;
 8001164:	f102 0402 	add.w	r4, r2, #2
      while(__HAL_RCC_GET_FLAG(RCC_FLAG_LSIRDY) != RESET)
 8001168:	d521      	bpl.n	80011ae <HAL_RCC_OscConfig+0x14a>
 800116a:	6f49      	ldr	r1, [r1, #116]	; 0x74
 800116c:	0789      	lsls	r1, r1, #30
	return tick++;;
 800116e:	f102 0403 	add.w	r4, r2, #3
      while(__HAL_RCC_GET_FLAG(RCC_FLAG_LSIRDY) != RESET)
 8001172:	d51c      	bpl.n	80011ae <HAL_RCC_OscConfig+0x14a>
	return tick++;;
 8001174:	3204      	adds	r2, #4
            return HAL_TIMEOUT;
 8001176:	2003      	movs	r0, #3
 8001178:	601a      	str	r2, [r3, #0]
    {
      return HAL_ERROR;
    }
  }
  return HAL_OK;
}
 800117a:	b002      	add	sp, #8
 800117c:	bcf0      	pop	{r4, r5, r6, r7}
 800117e:	4770      	bx	lr
      __HAL_RCC_LSI_ENABLE();
 8001180:	4a52      	ldr	r2, [pc, #328]	; (80012cc <HAL_RCC_OscConfig+0x268>)
	return tick++;;
 8001182:	4b50      	ldr	r3, [pc, #320]	; (80012c4 <HAL_RCC_OscConfig+0x260>)
      __HAL_RCC_LSI_ENABLE();
 8001184:	2101      	movs	r1, #1
 8001186:	f8c2 1e80 	str.w	r1, [r2, #3712]	; 0xe80
	return tick++;;
 800118a:	681a      	ldr	r2, [r3, #0]
      while(__HAL_RCC_GET_FLAG(RCC_FLAG_LSIRDY) == RESET)
 800118c:	494c      	ldr	r1, [pc, #304]	; (80012c0 <HAL_RCC_OscConfig+0x25c>)
	return tick++;;
 800118e:	1c54      	adds	r4, r2, #1
 8001190:	601c      	str	r4, [r3, #0]
      while(__HAL_RCC_GET_FLAG(RCC_FLAG_LSIRDY) == RESET)
 8001192:	6f4c      	ldr	r4, [r1, #116]	; 0x74
 8001194:	07a6      	lsls	r6, r4, #30
 8001196:	f100 8111 	bmi.w	80013bc <HAL_RCC_OscConfig+0x358>
 800119a:	6f4d      	ldr	r5, [r1, #116]	; 0x74
 800119c:	07ad      	lsls	r5, r5, #30
	return tick++;;
 800119e:	f102 0402 	add.w	r4, r2, #2
      while(__HAL_RCC_GET_FLAG(RCC_FLAG_LSIRDY) == RESET)
 80011a2:	d404      	bmi.n	80011ae <HAL_RCC_OscConfig+0x14a>
 80011a4:	6f49      	ldr	r1, [r1, #116]	; 0x74
 80011a6:	078f      	lsls	r7, r1, #30
	return tick++;;
 80011a8:	f102 0403 	add.w	r4, r2, #3
      while(__HAL_RCC_GET_FLAG(RCC_FLAG_LSIRDY) == RESET)
 80011ac:	d5e2      	bpl.n	8001174 <HAL_RCC_OscConfig+0x110>
  if(((RCC_OscInitStruct->OscillatorType) & RCC_OSCILLATORTYPE_LSE) == RCC_OSCILLATORTYPE_LSE)
 80011ae:	6801      	ldr	r1, [r0, #0]
 80011b0:	601c      	str	r4, [r3, #0]
 80011b2:	074f      	lsls	r7, r1, #29
 80011b4:	d541      	bpl.n	800123a <HAL_RCC_OscConfig+0x1d6>
    __HAL_RCC_PWR_CLK_ENABLE();
 80011b6:	4b42      	ldr	r3, [pc, #264]	; (80012c0 <HAL_RCC_OscConfig+0x25c>)
    PWR->CR |= PWR_CR_DBP;
 80011b8:	4c45      	ldr	r4, [pc, #276]	; (80012d0 <HAL_RCC_OscConfig+0x26c>)
    __HAL_RCC_PWR_CLK_ENABLE();
 80011ba:	2200      	movs	r2, #0
 80011bc:	9201      	str	r2, [sp, #4]
 80011be:	6c1a      	ldr	r2, [r3, #64]	; 0x40
 80011c0:	f042 5280 	orr.w	r2, r2, #268435456	; 0x10000000
 80011c4:	641a      	str	r2, [r3, #64]	; 0x40
 80011c6:	6c1b      	ldr	r3, [r3, #64]	; 0x40
 80011c8:	f003 5380 	and.w	r3, r3, #268435456	; 0x10000000
 80011cc:	9301      	str	r3, [sp, #4]
 80011ce:	9b01      	ldr	r3, [sp, #4]
    PWR->CR |= PWR_CR_DBP;
 80011d0:	6822      	ldr	r2, [r4, #0]
	return tick++;;
 80011d2:	4b3c      	ldr	r3, [pc, #240]	; (80012c4 <HAL_RCC_OscConfig+0x260>)
    PWR->CR |= PWR_CR_DBP;
 80011d4:	f442 7280 	orr.w	r2, r2, #256	; 0x100
 80011d8:	6022      	str	r2, [r4, #0]
	return tick++;;
 80011da:	6819      	ldr	r1, [r3, #0]
 80011dc:	1c4a      	adds	r2, r1, #1
 80011de:	601a      	str	r2, [r3, #0]
    while((PWR->CR & PWR_CR_DBP) == RESET)
 80011e0:	6825      	ldr	r5, [r4, #0]
 80011e2:	05ee      	lsls	r6, r5, #23
 80011e4:	f100 80a3 	bmi.w	800132e <HAL_RCC_OscConfig+0x2ca>
 80011e8:	6825      	ldr	r5, [r4, #0]
 80011ea:	05ed      	lsls	r5, r5, #23
	return tick++;;
 80011ec:	f101 0202 	add.w	r2, r1, #2
    while((PWR->CR & PWR_CR_DBP) == RESET)
 80011f0:	f100 809c 	bmi.w	800132c <HAL_RCC_OscConfig+0x2c8>
 80011f4:	6824      	ldr	r4, [r4, #0]
 80011f6:	05e4      	lsls	r4, r4, #23
	return tick++;;
 80011f8:	f101 0203 	add.w	r2, r1, #3
    while((PWR->CR & PWR_CR_DBP) == RESET)
 80011fc:	f100 8096 	bmi.w	800132c <HAL_RCC_OscConfig+0x2c8>
	return tick++;;
 8001200:	3104      	adds	r1, #4
 8001202:	6019      	str	r1, [r3, #0]
        return HAL_TIMEOUT;
 8001204:	2003      	movs	r0, #3
}
 8001206:	b002      	add	sp, #8
 8001208:	bcf0      	pop	{r4, r5, r6, r7}
 800120a:	4770      	bx	lr
    __HAL_RCC_LSE_CONFIG(RCC_OscInitStruct->LSEState);
 800120c:	4c2c      	ldr	r4, [pc, #176]	; (80012c0 <HAL_RCC_OscConfig+0x25c>)
 800120e:	6f21      	ldr	r1, [r4, #112]	; 0x70
 8001210:	f041 0101 	orr.w	r1, r1, #1
 8001214:	6721      	str	r1, [r4, #112]	; 0x70
	return tick++;;
 8001216:	1c51      	adds	r1, r2, #1
 8001218:	f502 529c 	add.w	r2, r2, #4992	; 0x1380
      while(__HAL_RCC_GET_FLAG(RCC_FLAG_LSERDY) == RESET)
 800121c:	4d28      	ldr	r5, [pc, #160]	; (80012c0 <HAL_RCC_OscConfig+0x25c>)
	return tick++;;
 800121e:	6019      	str	r1, [r3, #0]
      while(__HAL_RCC_GET_FLAG(RCC_FLAG_LSERDY) == RESET)
 8001220:	320a      	adds	r2, #10
 8001222:	2600      	movs	r6, #0
 8001224:	e004      	b.n	8001230 <HAL_RCC_OscConfig+0x1cc>
	return tick++;;
 8001226:	3101      	adds	r1, #1
        if((HAL_GetTick() - tickstart ) > RCC_LSE_TIMEOUT_VALUE)
 8001228:	428a      	cmp	r2, r1
 800122a:	f04f 0601 	mov.w	r6, #1
 800122e:	d0a2      	beq.n	8001176 <HAL_RCC_OscConfig+0x112>
      while(__HAL_RCC_GET_FLAG(RCC_FLAG_LSERDY) == RESET)
 8001230:	6f2c      	ldr	r4, [r5, #112]	; 0x70
 8001232:	07a7      	lsls	r7, r4, #30
 8001234:	d5f7      	bpl.n	8001226 <HAL_RCC_OscConfig+0x1c2>
 8001236:	b106      	cbz	r6, 800123a <HAL_RCC_OscConfig+0x1d6>
 8001238:	6019      	str	r1, [r3, #0]
  if ((RCC_OscInitStruct->PLL.PLLState) != RCC_PLL_NONE)
 800123a:	6983      	ldr	r3, [r0, #24]
 800123c:	b1f3      	cbz	r3, 800127c <HAL_RCC_OscConfig+0x218>
    if(__HAL_RCC_GET_SYSCLK_SOURCE() != RCC_CFGR_SWS_PLL)
 800123e:	4d20      	ldr	r5, [pc, #128]	; (80012c0 <HAL_RCC_OscConfig+0x25c>)
 8001240:	68aa      	ldr	r2, [r5, #8]
 8001242:	f002 020c 	and.w	r2, r2, #12
 8001246:	2a08      	cmp	r2, #8
 8001248:	d035      	beq.n	80012b6 <HAL_RCC_OscConfig+0x252>
      if((RCC_OscInitStruct->PLL.PLLState) == RCC_PLL_ON)
 800124a:	2b02      	cmp	r3, #2
        __HAL_RCC_PLL_DISABLE();
 800124c:	4a1f      	ldr	r2, [pc, #124]	; (80012cc <HAL_RCC_OscConfig+0x268>)
	return tick++;;
 800124e:	4b1d      	ldr	r3, [pc, #116]	; (80012c4 <HAL_RCC_OscConfig+0x260>)
      if((RCC_OscInitStruct->PLL.PLLState) == RCC_PLL_ON)
 8001250:	f000 80b6 	beq.w	80013c0 <HAL_RCC_OscConfig+0x35c>
        __HAL_RCC_PLL_DISABLE();
 8001254:	2400      	movs	r4, #0
 8001256:	6614      	str	r4, [r2, #96]	; 0x60
	return tick++;;
 8001258:	6818      	ldr	r0, [r3, #0]
 800125a:	1c42      	adds	r2, r0, #1
 800125c:	f500 10f4 	add.w	r0, r0, #1998848	; 0x1e8000
 8001260:	601a      	str	r2, [r3, #0]
        while(__HAL_RCC_GET_FLAG(RCC_FLAG_PLLRDY) != RESET)
 8001262:	f200 4082 	addw	r0, r0, #1154	; 0x482
 8001266:	e004      	b.n	8001272 <HAL_RCC_OscConfig+0x20e>
	return tick++;;
 8001268:	3201      	adds	r2, #1
          if((HAL_GetTick() - tickstart ) > PLL_TIMEOUT_VALUE)
 800126a:	4282      	cmp	r2, r0
 800126c:	f04f 0401 	mov.w	r4, #1
 8001270:	d081      	beq.n	8001176 <HAL_RCC_OscConfig+0x112>
        while(__HAL_RCC_GET_FLAG(RCC_FLAG_PLLRDY) != RESET)
 8001272:	6829      	ldr	r1, [r5, #0]
 8001274:	0189      	lsls	r1, r1, #6
 8001276:	d4f7      	bmi.n	8001268 <HAL_RCC_OscConfig+0x204>
 8001278:	b104      	cbz	r4, 800127c <HAL_RCC_OscConfig+0x218>
 800127a:	601a      	str	r2, [r3, #0]
  return HAL_OK;
 800127c:	2000      	movs	r0, #0
}
 800127e:	b002      	add	sp, #8
 8001280:	bcf0      	pop	{r4, r5, r6, r7}
 8001282:	4770      	bx	lr
      ((__HAL_RCC_GET_SYSCLK_SOURCE() == RCC_CFGR_SWS_PLL) && ((RCC->PLLCFGR & RCC_PLLCFGR_PLLSRC) == RCC_PLLCFGR_PLLSRC_HSE)))
 8001284:	6853      	ldr	r3, [r2, #4]
 8001286:	025e      	lsls	r6, r3, #9
 8001288:	f57f aefe 	bpl.w	8001088 <HAL_RCC_OscConfig+0x24>
      if((__HAL_RCC_GET_FLAG(RCC_FLAG_HSERDY) != RESET) && (RCC_OscInitStruct->HSEState == RCC_HSE_OFF))
 800128c:	4b0c      	ldr	r3, [pc, #48]	; (80012c0 <HAL_RCC_OscConfig+0x25c>)
 800128e:	681b      	ldr	r3, [r3, #0]
 8001290:	039d      	lsls	r5, r3, #14
 8001292:	f57f af1f 	bpl.w	80010d4 <HAL_RCC_OscConfig+0x70>
 8001296:	6843      	ldr	r3, [r0, #4]
 8001298:	2b00      	cmp	r3, #0
 800129a:	f47f af1b 	bne.w	80010d4 <HAL_RCC_OscConfig+0x70>
 800129e:	e00a      	b.n	80012b6 <HAL_RCC_OscConfig+0x252>
      ((__HAL_RCC_GET_SYSCLK_SOURCE() == RCC_CFGR_SWS_PLL) && ((RCC->PLLCFGR & RCC_PLLCFGR_PLLSRC) == RCC_PLLCFGR_PLLSRC_HSI)))
 80012a0:	685b      	ldr	r3, [r3, #4]
 80012a2:	025b      	lsls	r3, r3, #9
 80012a4:	f53f af24 	bmi.w	80010f0 <HAL_RCC_OscConfig+0x8c>
      if((__HAL_RCC_GET_FLAG(RCC_FLAG_HSIRDY) != RESET) && (RCC_OscInitStruct->HSIState != RCC_HSI_ON))
 80012a8:	4b05      	ldr	r3, [pc, #20]	; (80012c0 <HAL_RCC_OscConfig+0x25c>)
 80012aa:	681b      	ldr	r3, [r3, #0]
 80012ac:	079f      	lsls	r7, r3, #30
 80012ae:	d511      	bpl.n	80012d4 <HAL_RCC_OscConfig+0x270>
 80012b0:	68c3      	ldr	r3, [r0, #12]
 80012b2:	2b01      	cmp	r3, #1
 80012b4:	d00e      	beq.n	80012d4 <HAL_RCC_OscConfig+0x270>
        return HAL_ERROR;
 80012b6:	2001      	movs	r0, #1
}
 80012b8:	b002      	add	sp, #8
 80012ba:	bcf0      	pop	{r4, r5, r6, r7}
 80012bc:	4770      	bx	lr
 80012be:	bf00      	nop
 80012c0:	40023800 	.word	0x40023800
 80012c4:	20000fe8 	.word	0x20000fe8
 80012c8:	05f5e102 	.word	0x05f5e102
 80012cc:	42470000 	.word	0x42470000
 80012d0:	40007000 	.word	0x40007000
        __HAL_RCC_HSI_CALIBRATIONVALUE_ADJUST(RCC_OscInitStruct->HSICalibrationValue);
 80012d4:	4d6b      	ldr	r5, [pc, #428]	; (8001484 <HAL_RCC_OscConfig+0x420>)
 80012d6:	23f8      	movs	r3, #248	; 0xf8
 80012d8:	682c      	ldr	r4, [r5, #0]
 80012da:	fa93 f3a3 	rbit	r3, r3
 80012de:	fab3 f283 	clz	r2, r3
 80012e2:	6903      	ldr	r3, [r0, #16]
 80012e4:	f024 04f8 	bic.w	r4, r4, #248	; 0xf8
 80012e8:	4093      	lsls	r3, r2
 80012ea:	4323      	orrs	r3, r4
  if(((RCC_OscInitStruct->OscillatorType) & RCC_OSCILLATORTYPE_LSI) == RCC_OSCILLATORTYPE_LSI)
 80012ec:	070f      	lsls	r7, r1, #28
        __HAL_RCC_HSI_CALIBRATIONVALUE_ADJUST(RCC_OscInitStruct->HSICalibrationValue);
 80012ee:	602b      	str	r3, [r5, #0]
  if(((RCC_OscInitStruct->OscillatorType) & RCC_OSCILLATORTYPE_LSI) == RCC_OSCILLATORTYPE_LSI)
 80012f0:	f57f af5f 	bpl.w	80011b2 <HAL_RCC_OscConfig+0x14e>
 80012f4:	e726      	b.n	8001144 <HAL_RCC_OscConfig+0xe0>
      __HAL_RCC_HSE_CONFIG(RCC_OscInitStruct->HSEState);
 80012f6:	4a63      	ldr	r2, [pc, #396]	; (8001484 <HAL_RCC_OscConfig+0x420>)
 80012f8:	6813      	ldr	r3, [r2, #0]
 80012fa:	f443 3380 	orr.w	r3, r3, #65536	; 0x10000
 80012fe:	6013      	str	r3, [r2, #0]
	return tick++;;
 8001300:	4b61      	ldr	r3, [pc, #388]	; (8001488 <HAL_RCC_OscConfig+0x424>)
 8001302:	4d62      	ldr	r5, [pc, #392]	; (800148c <HAL_RCC_OscConfig+0x428>)
 8001304:	681c      	ldr	r4, [r3, #0]
        while(__HAL_RCC_GET_FLAG(RCC_FLAG_HSERDY) == RESET)
 8001306:	4f5f      	ldr	r7, [pc, #380]	; (8001484 <HAL_RCC_OscConfig+0x420>)
	return tick++;;
 8001308:	1c62      	adds	r2, r4, #1
 800130a:	601a      	str	r2, [r3, #0]
        while(__HAL_RCC_GET_FLAG(RCC_FLAG_HSERDY) == RESET)
 800130c:	4425      	add	r5, r4
 800130e:	2600      	movs	r6, #0
 8001310:	e005      	b.n	800131e <HAL_RCC_OscConfig+0x2ba>
	return tick++;;
 8001312:	3201      	adds	r2, #1
          if((HAL_GetTick() - tickstart ) > HSE_TIMEOUT_VALUE)
 8001314:	42aa      	cmp	r2, r5
 8001316:	f04f 0601 	mov.w	r6, #1
 800131a:	f43f af2c 	beq.w	8001176 <HAL_RCC_OscConfig+0x112>
        while(__HAL_RCC_GET_FLAG(RCC_FLAG_HSERDY) == RESET)
 800131e:	683c      	ldr	r4, [r7, #0]
 8001320:	03a4      	lsls	r4, r4, #14
 8001322:	d5f6      	bpl.n	8001312 <HAL_RCC_OscConfig+0x2ae>
 8001324:	2e00      	cmp	r6, #0
 8001326:	f47f aed4 	bne.w	80010d2 <HAL_RCC_OscConfig+0x6e>
 800132a:	e6d3      	b.n	80010d4 <HAL_RCC_OscConfig+0x70>
 800132c:	601a      	str	r2, [r3, #0]
    __HAL_RCC_LSE_CONFIG(RCC_OscInitStruct->LSEState);
 800132e:	6885      	ldr	r5, [r0, #8]
 8001330:	2d01      	cmp	r5, #1
 8001332:	f43f af6b 	beq.w	800120c <HAL_RCC_OscConfig+0x1a8>
 8001336:	2d05      	cmp	r5, #5
 8001338:	f000 8097 	beq.w	800146a <HAL_RCC_OscConfig+0x406>
 800133c:	4e51      	ldr	r6, [pc, #324]	; (8001484 <HAL_RCC_OscConfig+0x420>)
 800133e:	6f31      	ldr	r1, [r6, #112]	; 0x70
 8001340:	f021 0101 	bic.w	r1, r1, #1
 8001344:	6731      	str	r1, [r6, #112]	; 0x70
 8001346:	6f31      	ldr	r1, [r6, #112]	; 0x70
 8001348:	f021 0104 	bic.w	r1, r1, #4
 800134c:	6731      	str	r1, [r6, #112]	; 0x70
    if((RCC_OscInitStruct->LSEState) != RCC_LSE_OFF)
 800134e:	2d00      	cmp	r5, #0
 8001350:	f47f af61 	bne.w	8001216 <HAL_RCC_OscConfig+0x1b2>
	return tick++;;
 8001354:	1c51      	adds	r1, r2, #1
 8001356:	f502 529c 	add.w	r2, r2, #4992	; 0x1380
 800135a:	6019      	str	r1, [r3, #0]
      while(__HAL_RCC_GET_FLAG(RCC_FLAG_LSERDY) != RESET)
 800135c:	320a      	adds	r2, #10
 800135e:	e004      	b.n	800136a <HAL_RCC_OscConfig+0x306>
	return tick++;;
 8001360:	3101      	adds	r1, #1
        if((HAL_GetTick() - tickstart ) > RCC_LSE_TIMEOUT_VALUE)
 8001362:	4291      	cmp	r1, r2
 8001364:	f04f 0501 	mov.w	r5, #1
 8001368:	d07c      	beq.n	8001464 <HAL_RCC_OscConfig+0x400>
      while(__HAL_RCC_GET_FLAG(RCC_FLAG_LSERDY) != RESET)
 800136a:	6f34      	ldr	r4, [r6, #112]	; 0x70
 800136c:	07a4      	lsls	r4, r4, #30
 800136e:	d4f7      	bmi.n	8001360 <HAL_RCC_OscConfig+0x2fc>
 8001370:	2d00      	cmp	r5, #0
 8001372:	f47f af61 	bne.w	8001238 <HAL_RCC_OscConfig+0x1d4>
 8001376:	e760      	b.n	800123a <HAL_RCC_OscConfig+0x1d6>
        __HAL_RCC_HSI_DISABLE();
 8001378:	4945      	ldr	r1, [pc, #276]	; (8001490 <HAL_RCC_OscConfig+0x42c>)
	return tick++;;
 800137a:	4b43      	ldr	r3, [pc, #268]	; (8001488 <HAL_RCC_OscConfig+0x424>)
        __HAL_RCC_HSI_DISABLE();
 800137c:	600a      	str	r2, [r1, #0]
	return tick++;;
 800137e:	681a      	ldr	r2, [r3, #0]
        while(__HAL_RCC_GET_FLAG(RCC_FLAG_HSIRDY) != RESET)
 8001380:	4940      	ldr	r1, [pc, #256]	; (8001484 <HAL_RCC_OscConfig+0x420>)
	return tick++;;
 8001382:	1c54      	adds	r4, r2, #1
 8001384:	601c      	str	r4, [r3, #0]
        while(__HAL_RCC_GET_FLAG(RCC_FLAG_HSIRDY) != RESET)
 8001386:	680c      	ldr	r4, [r1, #0]
 8001388:	07a6      	lsls	r6, r4, #30
 800138a:	d578      	bpl.n	800147e <HAL_RCC_OscConfig+0x41a>
 800138c:	680d      	ldr	r5, [r1, #0]
 800138e:	07ad      	lsls	r5, r5, #30
	return tick++;;
 8001390:	f102 0402 	add.w	r4, r2, #2
        while(__HAL_RCC_GET_FLAG(RCC_FLAG_HSIRDY) != RESET)
 8001394:	d505      	bpl.n	80013a2 <HAL_RCC_OscConfig+0x33e>
 8001396:	6809      	ldr	r1, [r1, #0]
 8001398:	0789      	lsls	r1, r1, #30
	return tick++;;
 800139a:	f102 0403 	add.w	r4, r2, #3
        while(__HAL_RCC_GET_FLAG(RCC_FLAG_HSIRDY) != RESET)
 800139e:	f53f aee9 	bmi.w	8001174 <HAL_RCC_OscConfig+0x110>
  if(((RCC_OscInitStruct->OscillatorType) & RCC_OSCILLATORTYPE_LSI) == RCC_OSCILLATORTYPE_LSI)
 80013a2:	6801      	ldr	r1, [r0, #0]
 80013a4:	601c      	str	r4, [r3, #0]
 80013a6:	e6cb      	b.n	8001140 <HAL_RCC_OscConfig+0xdc>
      __HAL_RCC_HSE_CONFIG(RCC_OscInitStruct->HSEState);
 80013a8:	4b36      	ldr	r3, [pc, #216]	; (8001484 <HAL_RCC_OscConfig+0x420>)
 80013aa:	681a      	ldr	r2, [r3, #0]
 80013ac:	f442 2280 	orr.w	r2, r2, #262144	; 0x40000
 80013b0:	601a      	str	r2, [r3, #0]
 80013b2:	681a      	ldr	r2, [r3, #0]
 80013b4:	f442 3280 	orr.w	r2, r2, #65536	; 0x10000
 80013b8:	601a      	str	r2, [r3, #0]
      if((RCC_OscInitStruct->HSEState) != RCC_HSE_OFF)
 80013ba:	e7a1      	b.n	8001300 <HAL_RCC_OscConfig+0x29c>
  if(((RCC_OscInitStruct->OscillatorType) & RCC_OSCILLATORTYPE_LSE) == RCC_OSCILLATORTYPE_LSE)
 80013bc:	6801      	ldr	r1, [r0, #0]
 80013be:	e6f8      	b.n	80011b2 <HAL_RCC_OscConfig+0x14e>
        __HAL_RCC_PLL_DISABLE();
 80013c0:	2600      	movs	r6, #0
 80013c2:	6616      	str	r6, [r2, #96]	; 0x60
	return tick++;;
 80013c4:	681c      	ldr	r4, [r3, #0]
 80013c6:	1c62      	adds	r2, r4, #1
 80013c8:	f504 14f4 	add.w	r4, r4, #1998848	; 0x1e8000
 80013cc:	601a      	str	r2, [r3, #0]
        while(__HAL_RCC_GET_FLAG(RCC_FLAG_PLLRDY) != RESET)
 80013ce:	f204 4482 	addw	r4, r4, #1154	; 0x482
 80013d2:	e005      	b.n	80013e0 <HAL_RCC_OscConfig+0x37c>
	return tick++;;
 80013d4:	3201      	adds	r2, #1
          if((HAL_GetTick() - tickstart ) > PLL_TIMEOUT_VALUE)
 80013d6:	42a2      	cmp	r2, r4
 80013d8:	f04f 0601 	mov.w	r6, #1
 80013dc:	f43f aecb 	beq.w	8001176 <HAL_RCC_OscConfig+0x112>
        while(__HAL_RCC_GET_FLAG(RCC_FLAG_PLLRDY) != RESET)
 80013e0:	6829      	ldr	r1, [r5, #0]
 80013e2:	018f      	lsls	r7, r1, #6
 80013e4:	d4f6      	bmi.n	80013d4 <HAL_RCC_OscConfig+0x370>
 80013e6:	b106      	cbz	r6, 80013ea <HAL_RCC_OscConfig+0x386>
 80013e8:	601a      	str	r2, [r3, #0]
 80013ea:	f647 75c0 	movw	r5, #32704	; 0x7fc0
 80013ee:	fa95 f5a5 	rbit	r5, r5
 80013f2:	f44f 3140 	mov.w	r1, #196608	; 0x30000
        WRITE_REG(RCC->PLLCFGR, (RCC_OscInitStruct->PLL.PLLSource                                            | \
 80013f6:	fab5 f585 	clz	r5, r5
 80013fa:	fa91 f1a1 	rbit	r1, r1
 80013fe:	f04f 6470 	mov.w	r4, #251658240	; 0xf000000
 8001402:	fab1 f181 	clz	r1, r1
 8001406:	fa94 f4a4 	rbit	r4, r4
 800140a:	6a82      	ldr	r2, [r0, #40]	; 0x28
 800140c:	0852      	lsrs	r2, r2, #1
 800140e:	3a01      	subs	r2, #1
 8001410:	fa02 f101 	lsl.w	r1, r2, r1
 8001414:	e9d0 2607 	ldrd	r2, r6, [r0, #28]
 8001418:	4332      	orrs	r2, r6
 800141a:	6a46      	ldr	r6, [r0, #36]	; 0x24
 800141c:	6ac0      	ldr	r0, [r0, #44]	; 0x2c
 800141e:	fa06 f505 	lsl.w	r5, r6, r5
 8001422:	fab4 f484 	clz	r4, r4
 8001426:	432a      	orrs	r2, r5
 8001428:	40a0      	lsls	r0, r4
 800142a:	430a      	orrs	r2, r1
 800142c:	4c15      	ldr	r4, [pc, #84]	; (8001484 <HAL_RCC_OscConfig+0x420>)
        __HAL_RCC_PLL_ENABLE();
 800142e:	4918      	ldr	r1, [pc, #96]	; (8001490 <HAL_RCC_OscConfig+0x42c>)
        WRITE_REG(RCC->PLLCFGR, (RCC_OscInitStruct->PLL.PLLSource                                            | \
 8001430:	4302      	orrs	r2, r0
        __HAL_RCC_PLL_ENABLE();
 8001432:	2001      	movs	r0, #1
        WRITE_REG(RCC->PLLCFGR, (RCC_OscInitStruct->PLL.PLLSource                                            | \
 8001434:	6062      	str	r2, [r4, #4]
        __HAL_RCC_PLL_ENABLE();
 8001436:	6608      	str	r0, [r1, #96]	; 0x60
	return tick++;;
 8001438:	6818      	ldr	r0, [r3, #0]
 800143a:	1c42      	adds	r2, r0, #1
 800143c:	f500 10f4 	add.w	r0, r0, #1998848	; 0x1e8000
 8001440:	601a      	str	r2, [r3, #0]
        while(__HAL_RCC_GET_FLAG(RCC_FLAG_PLLRDY) == RESET)
 8001442:	f200 4082 	addw	r0, r0, #1154	; 0x482
 8001446:	2500      	movs	r5, #0
 8001448:	e005      	b.n	8001456 <HAL_RCC_OscConfig+0x3f2>
	return tick++;;
 800144a:	3201      	adds	r2, #1
          if((HAL_GetTick() - tickstart ) > PLL_TIMEOUT_VALUE)
 800144c:	4282      	cmp	r2, r0
 800144e:	f04f 0501 	mov.w	r5, #1
 8001452:	f43f ae90 	beq.w	8001176 <HAL_RCC_OscConfig+0x112>
        while(__HAL_RCC_GET_FLAG(RCC_FLAG_PLLRDY) == RESET)
 8001456:	6821      	ldr	r1, [r4, #0]
 8001458:	018e      	lsls	r6, r1, #6
 800145a:	d5f6      	bpl.n	800144a <HAL_RCC_OscConfig+0x3e6>
 800145c:	2d00      	cmp	r5, #0
 800145e:	f47f af0c 	bne.w	800127a <HAL_RCC_OscConfig+0x216>
 8001462:	e70b      	b.n	800127c <HAL_RCC_OscConfig+0x218>
 8001464:	6019      	str	r1, [r3, #0]
          return HAL_TIMEOUT;
 8001466:	2003      	movs	r0, #3
 8001468:	e6cd      	b.n	8001206 <HAL_RCC_OscConfig+0x1a2>
    __HAL_RCC_LSE_CONFIG(RCC_OscInitStruct->LSEState);
 800146a:	4906      	ldr	r1, [pc, #24]	; (8001484 <HAL_RCC_OscConfig+0x420>)
 800146c:	6f0c      	ldr	r4, [r1, #112]	; 0x70
 800146e:	f044 0404 	orr.w	r4, r4, #4
 8001472:	670c      	str	r4, [r1, #112]	; 0x70
 8001474:	6f0c      	ldr	r4, [r1, #112]	; 0x70
 8001476:	f044 0401 	orr.w	r4, r4, #1
 800147a:	670c      	str	r4, [r1, #112]	; 0x70
    if((RCC_OscInitStruct->LSEState) != RCC_LSE_OFF)
 800147c:	e6cb      	b.n	8001216 <HAL_RCC_OscConfig+0x1b2>
  if(((RCC_OscInitStruct->OscillatorType) & RCC_OSCILLATORTYPE_LSI) == RCC_OSCILLATORTYPE_LSI)
 800147e:	6801      	ldr	r1, [r0, #0]
 8001480:	e65e      	b.n	8001140 <HAL_RCC_OscConfig+0xdc>
 8001482:	bf00      	nop
 8001484:	40023800 	.word	0x40023800
 8001488:	20000fe8 	.word	0x20000fe8
 800148c:	05f5e102 	.word	0x05f5e102
 8001490:	42470000 	.word	0x42470000

08001494 <HAL_RCC_ClockConfig>:
  /* To correctly read data from FLASH memory, the number of wait states (LATENCY)
    must be correctly programmed according to the frequency of the CPU clock
    (HCLK) and the supply voltage of the device. */

  /* Increasing the number of wait states because of higher CPU frequency */
  if(FLatency > (FLASH->ACR & FLASH_ACR_LATENCY))
 8001494:	4a63      	ldr	r2, [pc, #396]	; (8001624 <HAL_RCC_ClockConfig+0x190>)
 8001496:	6813      	ldr	r3, [r2, #0]
 8001498:	f003 030f 	and.w	r3, r3, #15
 800149c:	428b      	cmp	r3, r1
 800149e:	d208      	bcs.n	80014b2 <HAL_RCC_ClockConfig+0x1e>
  {
    /* Program the new number of wait states to the LATENCY bits in the FLASH_ACR register */
    __HAL_FLASH_SET_LATENCY(FLatency);
 80014a0:	b2cb      	uxtb	r3, r1
 80014a2:	7013      	strb	r3, [r2, #0]

    /* Check that the new number of wait states is taken into account to access the Flash
    memory by reading the FLASH_ACR register */
    if((FLASH->ACR & FLASH_ACR_LATENCY) != FLatency)
 80014a4:	6813      	ldr	r3, [r2, #0]
 80014a6:	f003 030f 	and.w	r3, r3, #15
 80014aa:	428b      	cmp	r3, r1
 80014ac:	d001      	beq.n	80014b2 <HAL_RCC_ClockConfig+0x1e>
    {
      return HAL_ERROR;
 80014ae:	2001      	movs	r0, #1

  /* Configure the source of time base considering new system clocks settings*/
  //HAL_InitTick (TICK_INT_PRIORITY);

  return HAL_OK;
}
 80014b0:	4770      	bx	lr
  if(((RCC_ClkInitStruct->ClockType) & RCC_CLOCKTYPE_HCLK) == RCC_CLOCKTYPE_HCLK)
 80014b2:	6803      	ldr	r3, [r0, #0]
{
 80014b4:	b5f0      	push	{r4, r5, r6, r7, lr}
  if(((RCC_ClkInitStruct->ClockType) & RCC_CLOCKTYPE_HCLK) == RCC_CLOCKTYPE_HCLK)
 80014b6:	079e      	lsls	r6, r3, #30
 80014b8:	d506      	bpl.n	80014c8 <HAL_RCC_ClockConfig+0x34>
    MODIFY_REG(RCC->CFGR, RCC_CFGR_HPRE, RCC_ClkInitStruct->AHBCLKDivider);
 80014ba:	4c5b      	ldr	r4, [pc, #364]	; (8001628 <HAL_RCC_ClockConfig+0x194>)
 80014bc:	6885      	ldr	r5, [r0, #8]
 80014be:	68a2      	ldr	r2, [r4, #8]
 80014c0:	f022 02f0 	bic.w	r2, r2, #240	; 0xf0
 80014c4:	432a      	orrs	r2, r5
 80014c6:	60a2      	str	r2, [r4, #8]
  if(((RCC_ClkInitStruct->ClockType) & RCC_CLOCKTYPE_SYSCLK) == RCC_CLOCKTYPE_SYSCLK)
 80014c8:	07dd      	lsls	r5, r3, #31
 80014ca:	d527      	bpl.n	800151c <HAL_RCC_ClockConfig+0x88>
    if(RCC_ClkInitStruct->SYSCLKSource == RCC_SYSCLKSOURCE_HSE)
 80014cc:	6844      	ldr	r4, [r0, #4]
 80014ce:	2c01      	cmp	r4, #1
 80014d0:	d06d      	beq.n	80015ae <HAL_RCC_ClockConfig+0x11a>
    else if((RCC_ClkInitStruct->SYSCLKSource == RCC_SYSCLKSOURCE_PLLCLK)   ||
 80014d2:	1ea2      	subs	r2, r4, #2
 80014d4:	2a01      	cmp	r2, #1
 80014d6:	d949      	bls.n	800156c <HAL_RCC_ClockConfig+0xd8>
      if(__HAL_RCC_GET_FLAG(RCC_FLAG_HSIRDY) == RESET)
 80014d8:	4d53      	ldr	r5, [pc, #332]	; (8001628 <HAL_RCC_ClockConfig+0x194>)
 80014da:	682a      	ldr	r2, [r5, #0]
 80014dc:	0796      	lsls	r6, r2, #30
 80014de:	d52a      	bpl.n	8001536 <HAL_RCC_ClockConfig+0xa2>
    __HAL_RCC_SYSCLK_CONFIG(RCC_ClkInitStruct->SYSCLKSource);
 80014e0:	68aa      	ldr	r2, [r5, #8]
	return tick++;;
 80014e2:	4e52      	ldr	r6, [pc, #328]	; (800162c <HAL_RCC_ClockConfig+0x198>)
    __HAL_RCC_SYSCLK_CONFIG(RCC_ClkInitStruct->SYSCLKSource);
 80014e4:	f022 0203 	bic.w	r2, r2, #3
 80014e8:	4314      	orrs	r4, r2
 80014ea:	60ac      	str	r4, [r5, #8]
	return tick++;;
 80014ec:	6837      	ldr	r7, [r6, #0]
 80014ee:	1c7a      	adds	r2, r7, #1
 80014f0:	f04f 0c00 	mov.w	ip, #0
        if((HAL_GetTick() - tickstart ) > CLOCKSWITCH_TIMEOUT_VALUE)
 80014f4:	f241 3e88 	movw	lr, #5000	; 0x1388
	return tick++;;
 80014f8:	6032      	str	r2, [r6, #0]
        if((HAL_GetTick() - tickstart ) > CLOCKSWITCH_TIMEOUT_VALUE)
 80014fa:	43ff      	mvns	r7, r7
 80014fc:	e006      	b.n	800150c <HAL_RCC_ClockConfig+0x78>
	return tick++;;
 80014fe:	3201      	adds	r2, #1
        if((HAL_GetTick() - tickstart ) > CLOCKSWITCH_TIMEOUT_VALUE)
 8001500:	18bc      	adds	r4, r7, r2
 8001502:	4574      	cmp	r4, lr
 8001504:	f04f 0c01 	mov.w	ip, #1
 8001508:	f200 8088 	bhi.w	800161c <HAL_RCC_ClockConfig+0x188>
      while(__HAL_RCC_GET_SYSCLK_SOURCE() != RCC_SYSCLKSOURCE_STATUS_HSI)
 800150c:	68ac      	ldr	r4, [r5, #8]
 800150e:	f014 0f0c 	tst.w	r4, #12
 8001512:	d1f4      	bne.n	80014fe <HAL_RCC_ClockConfig+0x6a>
 8001514:	f1bc 0f00 	cmp.w	ip, #0
 8001518:	d000      	beq.n	800151c <HAL_RCC_ClockConfig+0x88>
 800151a:	6032      	str	r2, [r6, #0]
  if(FLatency < (FLASH->ACR & FLASH_ACR_LATENCY))
 800151c:	4c41      	ldr	r4, [pc, #260]	; (8001624 <HAL_RCC_ClockConfig+0x190>)
 800151e:	6822      	ldr	r2, [r4, #0]
 8001520:	f002 020f 	and.w	r2, r2, #15
 8001524:	428a      	cmp	r2, r1
 8001526:	d909      	bls.n	800153c <HAL_RCC_ClockConfig+0xa8>
    __HAL_FLASH_SET_LATENCY(FLatency);
 8001528:	b2cb      	uxtb	r3, r1
 800152a:	7023      	strb	r3, [r4, #0]
    if((FLASH->ACR & FLASH_ACR_LATENCY) != FLatency)
 800152c:	6823      	ldr	r3, [r4, #0]
 800152e:	f003 030f 	and.w	r3, r3, #15
 8001532:	428b      	cmp	r3, r1
 8001534:	d001      	beq.n	800153a <HAL_RCC_ClockConfig+0xa6>
      return HAL_ERROR;
 8001536:	2001      	movs	r0, #1
}
 8001538:	bdf0      	pop	{r4, r5, r6, r7, pc}
  if(((RCC_ClkInitStruct->ClockType) & RCC_CLOCKTYPE_PCLK1) == RCC_CLOCKTYPE_PCLK1)
 800153a:	6803      	ldr	r3, [r0, #0]
 800153c:	075a      	lsls	r2, r3, #29
 800153e:	d506      	bpl.n	800154e <HAL_RCC_ClockConfig+0xba>
    MODIFY_REG(RCC->CFGR, RCC_CFGR_PPRE1, RCC_ClkInitStruct->APB1CLKDivider);
 8001540:	4939      	ldr	r1, [pc, #228]	; (8001628 <HAL_RCC_ClockConfig+0x194>)
 8001542:	68c4      	ldr	r4, [r0, #12]
 8001544:	688a      	ldr	r2, [r1, #8]
 8001546:	f422 52e0 	bic.w	r2, r2, #7168	; 0x1c00
 800154a:	4322      	orrs	r2, r4
 800154c:	608a      	str	r2, [r1, #8]
  if(((RCC_ClkInitStruct->ClockType) & RCC_CLOCKTYPE_PCLK2) == RCC_CLOCKTYPE_PCLK2)
 800154e:	f013 0308 	ands.w	r3, r3, #8
 8001552:	d009      	beq.n	8001568 <HAL_RCC_ClockConfig+0xd4>
    MODIFY_REG(RCC->CFGR, RCC_CFGR_PPRE2, ((RCC_ClkInitStruct->APB2CLKDivider) << 3U));
 8001554:	4a34      	ldr	r2, [pc, #208]	; (8001628 <HAL_RCC_ClockConfig+0x194>)
 8001556:	6901      	ldr	r1, [r0, #16]
 8001558:	6893      	ldr	r3, [r2, #8]
 800155a:	f423 4360 	bic.w	r3, r3, #57344	; 0xe000
 800155e:	ea43 03c1 	orr.w	r3, r3, r1, lsl #3
  return HAL_OK;
 8001562:	2000      	movs	r0, #0
    MODIFY_REG(RCC->CFGR, RCC_CFGR_PPRE2, ((RCC_ClkInitStruct->APB2CLKDivider) << 3U));
 8001564:	6093      	str	r3, [r2, #8]
}
 8001566:	bdf0      	pop	{r4, r5, r6, r7, pc}
  return HAL_OK;
 8001568:	4618      	mov	r0, r3
}
 800156a:	bdf0      	pop	{r4, r5, r6, r7, pc}
      if(__HAL_RCC_GET_FLAG(RCC_FLAG_PLLRDY) == RESET)
 800156c:	4f2e      	ldr	r7, [pc, #184]	; (8001628 <HAL_RCC_ClockConfig+0x194>)
 800156e:	683a      	ldr	r2, [r7, #0]
 8001570:	0192      	lsls	r2, r2, #6
 8001572:	d5e0      	bpl.n	8001536 <HAL_RCC_ClockConfig+0xa2>
    __HAL_RCC_SYSCLK_CONFIG(RCC_ClkInitStruct->SYSCLKSource);
 8001574:	68ba      	ldr	r2, [r7, #8]
	return tick++;;
 8001576:	4e2d      	ldr	r6, [pc, #180]	; (800162c <HAL_RCC_ClockConfig+0x198>)
    __HAL_RCC_SYSCLK_CONFIG(RCC_ClkInitStruct->SYSCLKSource);
 8001578:	f022 0203 	bic.w	r2, r2, #3
 800157c:	4322      	orrs	r2, r4
 800157e:	60ba      	str	r2, [r7, #8]
	return tick++;;
 8001580:	6835      	ldr	r5, [r6, #0]
    else if(RCC_ClkInitStruct->SYSCLKSource == RCC_SYSCLKSOURCE_PLLCLK)
 8001582:	2c02      	cmp	r4, #2
	return tick++;;
 8001584:	f105 0201 	add.w	r2, r5, #1
 8001588:	6032      	str	r2, [r6, #0]
    else if(RCC_ClkInitStruct->SYSCLKSource == RCC_SYSCLKSOURCE_PLLCLK)
 800158a:	d136      	bne.n	80015fa <HAL_RCC_ClockConfig+0x166>
 800158c:	f505 559c 	add.w	r5, r5, #4992	; 0x1380
 8001590:	350a      	adds	r5, #10
 8001592:	f04f 0c00 	mov.w	ip, #0
 8001596:	e004      	b.n	80015a2 <HAL_RCC_ClockConfig+0x10e>
	return tick++;;
 8001598:	3201      	adds	r2, #1
        if((HAL_GetTick() - tickstart ) > CLOCKSWITCH_TIMEOUT_VALUE)
 800159a:	4295      	cmp	r5, r2
 800159c:	f04f 0c01 	mov.w	ip, #1
 80015a0:	d028      	beq.n	80015f4 <HAL_RCC_ClockConfig+0x160>
      while (__HAL_RCC_GET_SYSCLK_SOURCE() != RCC_SYSCLKSOURCE_STATUS_PLLCLK)
 80015a2:	68bc      	ldr	r4, [r7, #8]
 80015a4:	f004 040c 	and.w	r4, r4, #12
 80015a8:	2c08      	cmp	r4, #8
 80015aa:	d1f5      	bne.n	8001598 <HAL_RCC_ClockConfig+0x104>
 80015ac:	e7b2      	b.n	8001514 <HAL_RCC_ClockConfig+0x80>
      if(__HAL_RCC_GET_FLAG(RCC_FLAG_HSERDY) == RESET)
 80015ae:	4f1e      	ldr	r7, [pc, #120]	; (8001628 <HAL_RCC_ClockConfig+0x194>)
 80015b0:	683a      	ldr	r2, [r7, #0]
 80015b2:	0394      	lsls	r4, r2, #14
 80015b4:	d5bf      	bpl.n	8001536 <HAL_RCC_ClockConfig+0xa2>
    __HAL_RCC_SYSCLK_CONFIG(RCC_ClkInitStruct->SYSCLKSource);
 80015b6:	68ba      	ldr	r2, [r7, #8]
	return tick++;;
 80015b8:	4e1c      	ldr	r6, [pc, #112]	; (800162c <HAL_RCC_ClockConfig+0x198>)
    __HAL_RCC_SYSCLK_CONFIG(RCC_ClkInitStruct->SYSCLKSource);
 80015ba:	f022 0203 	bic.w	r2, r2, #3
 80015be:	f042 0201 	orr.w	r2, r2, #1
 80015c2:	60ba      	str	r2, [r7, #8]
	return tick++;;
 80015c4:	6835      	ldr	r5, [r6, #0]
 80015c6:	1c6c      	adds	r4, r5, #1
 80015c8:	f505 559c 	add.w	r5, r5, #4992	; 0x1380
 80015cc:	f04f 0c00 	mov.w	ip, #0
 80015d0:	6034      	str	r4, [r6, #0]
    if(RCC_ClkInitStruct->SYSCLKSource == RCC_SYSCLKSOURCE_HSE)
 80015d2:	350a      	adds	r5, #10
 80015d4:	e004      	b.n	80015e0 <HAL_RCC_ClockConfig+0x14c>
	return tick++;;
 80015d6:	3401      	adds	r4, #1
        if((HAL_GetTick() - tickstart ) > CLOCKSWITCH_TIMEOUT_VALUE)
 80015d8:	42a5      	cmp	r5, r4
 80015da:	f04f 0c01 	mov.w	ip, #1
 80015de:	d009      	beq.n	80015f4 <HAL_RCC_ClockConfig+0x160>
      while (__HAL_RCC_GET_SYSCLK_SOURCE() != RCC_SYSCLKSOURCE_STATUS_HSE)
 80015e0:	68ba      	ldr	r2, [r7, #8]
 80015e2:	f002 020c 	and.w	r2, r2, #12
 80015e6:	2a04      	cmp	r2, #4
 80015e8:	d1f5      	bne.n	80015d6 <HAL_RCC_ClockConfig+0x142>
 80015ea:	f1bc 0f00 	cmp.w	ip, #0
 80015ee:	d095      	beq.n	800151c <HAL_RCC_ClockConfig+0x88>
 80015f0:	6034      	str	r4, [r6, #0]
 80015f2:	e793      	b.n	800151c <HAL_RCC_ClockConfig+0x88>
 80015f4:	6035      	str	r5, [r6, #0]
          return HAL_TIMEOUT;
 80015f6:	2003      	movs	r0, #3
}
 80015f8:	bdf0      	pop	{r4, r5, r6, r7, pc}
    else if(RCC_ClkInitStruct->SYSCLKSource == RCC_SYSCLKSOURCE_PLLRCLK)
 80015fa:	f505 559c 	add.w	r5, r5, #4992	; 0x1380
 80015fe:	350a      	adds	r5, #10
    else if(RCC_ClkInitStruct->SYSCLKSource == RCC_SYSCLKSOURCE_PLLCLK)
 8001600:	f04f 0c00 	mov.w	ip, #0
 8001604:	e004      	b.n	8001610 <HAL_RCC_ClockConfig+0x17c>
	return tick++;;
 8001606:	3201      	adds	r2, #1
        if((HAL_GetTick() - tickstart ) > CLOCKSWITCH_TIMEOUT_VALUE)
 8001608:	4295      	cmp	r5, r2
 800160a:	f04f 0c01 	mov.w	ip, #1
 800160e:	d0f1      	beq.n	80015f4 <HAL_RCC_ClockConfig+0x160>
      while (__HAL_RCC_GET_SYSCLK_SOURCE() != RCC_SYSCLKSOURCE_STATUS_PLLRCLK)
 8001610:	68bc      	ldr	r4, [r7, #8]
 8001612:	f004 040c 	and.w	r4, r4, #12
 8001616:	2c0c      	cmp	r4, #12
 8001618:	d1f5      	bne.n	8001606 <HAL_RCC_ClockConfig+0x172>
 800161a:	e77b      	b.n	8001514 <HAL_RCC_ClockConfig+0x80>
 800161c:	6032      	str	r2, [r6, #0]
          return HAL_TIMEOUT;
 800161e:	2003      	movs	r0, #3
}
 8001620:	bdf0      	pop	{r4, r5, r6, r7, pc}
 8001622:	bf00      	nop
 8001624:	40023c00 	.word	0x40023c00
 8001628:	40023800 	.word	0x40023800
 800162c:	20000fe8 	.word	0x20000fe8

08001630 <HAL_GPIO_Init>:
  * @param  GPIO_Init: pointer to a GPIO_InitTypeDef structure that contains
  *         the configuration information for the specified GPIO peripheral.
  * @retval None
  */
void HAL_GPIO_Init(GPIO_TypeDef  *GPIOx, GPIO_InitTypeDef *GPIO_Init)
{
 8001630:	e92d 4ff0 	stmdb	sp!, {r4, r5, r6, r7, r8, r9, sl, fp, lr}
  assert_param(IS_GPIO_PIN(GPIO_Init->Pin));
  assert_param(IS_GPIO_MODE(GPIO_Init->Mode));
  assert_param(IS_GPIO_PULL(GPIO_Init->Pull));

  /* Configure the port pins */
  for(position = 0U; position < GPIO_NUMBER; position++)
 8001634:	2300      	movs	r3, #0
  {
    /* Get the IO position */
    ioposition = 0x01U << position;
    /* Get the current IO position */
    iocurrent = (uint32_t)(GPIO_Init->Pin) & ioposition;
 8001636:	680d      	ldr	r5, [r1, #0]
      /*--------------------- EXTI Mode Configuration ------------------------*/
      /* Configure the External Interrupt or event for the current IO */
      if((GPIO_Init->Mode & EXTI_MODE) == EXTI_MODE)
      {
        /* Enable SYSCFG Clock */
        __HAL_RCC_SYSCFG_CLK_ENABLE();
 8001638:	f8df 8234 	ldr.w	r8, [pc, #564]	; 8001870 <HAL_GPIO_Init+0x240>
        temp &= ~(0x0FU << (4U * (position & 0x03U)));
        temp |= ((uint32_t)(GPIO_GET_INDEX(GPIOx)) << (4U * (position & 0x03U)));
        SYSCFG->EXTICR[position >> 2U] = temp;

        /* Clear EXTI line configuration */
        temp = EXTI->IMR;
 800163c:	4f8d      	ldr	r7, [pc, #564]	; (8001874 <HAL_GPIO_Init+0x244>)
{
 800163e:	b083      	sub	sp, #12
 8001640:	e003      	b.n	800164a <HAL_GPIO_Init+0x1a>
  for(position = 0U; position < GPIO_NUMBER; position++)
 8001642:	3301      	adds	r3, #1
 8001644:	2b10      	cmp	r3, #16
 8001646:	f000 80a5 	beq.w	8001794 <HAL_GPIO_Init+0x164>
    ioposition = 0x01U << position;
 800164a:	2201      	movs	r2, #1
 800164c:	409a      	lsls	r2, r3
    if(iocurrent == ioposition)
 800164e:	ea32 0405 	bics.w	r4, r2, r5
    iocurrent = (uint32_t)(GPIO_Init->Pin) & ioposition;
 8001652:	ea02 0c05 	and.w	ip, r2, r5
    if(iocurrent == ioposition)
 8001656:	d1f4      	bne.n	8001642 <HAL_GPIO_Init+0x12>
      if((GPIO_Init->Mode == GPIO_MODE_AF_PP) || (GPIO_Init->Mode == GPIO_MODE_AF_OD))
 8001658:	684e      	ldr	r6, [r1, #4]
 800165a:	f026 0910 	bic.w	r9, r6, #16
 800165e:	f1b9 0f02 	cmp.w	r9, #2
 8001662:	f000 809a 	beq.w	800179a <HAL_GPIO_Init+0x16a>
      temp = GPIOx->MODER;
 8001666:	f8d0 b000 	ldr.w	fp, [r0]
      temp &= ~(GPIO_MODER_MODER0 << (position * 2U));
 800166a:	ea4f 0e43 	mov.w	lr, r3, lsl #1
 800166e:	2403      	movs	r4, #3
 8001670:	fa04 f40e 	lsl.w	r4, r4, lr
      temp |= ((GPIO_Init->Mode & GPIO_MODE) << (position * 2U));
 8001674:	f006 0a03 	and.w	sl, r6, #3
      temp &= ~(GPIO_MODER_MODER0 << (position * 2U));
 8001678:	ea2b 0b04 	bic.w	fp, fp, r4
      if((GPIO_Init->Mode == GPIO_MODE_OUTPUT_PP) || (GPIO_Init->Mode == GPIO_MODE_AF_PP) ||
 800167c:	f109 39ff 	add.w	r9, r9, #4294967295	; 0xffffffff
      temp |= ((GPIO_Init->Mode & GPIO_MODE) << (position * 2U));
 8001680:	fa0a fa0e 	lsl.w	sl, sl, lr
 8001684:	ea4a 0a0b 	orr.w	sl, sl, fp
      if((GPIO_Init->Mode == GPIO_MODE_OUTPUT_PP) || (GPIO_Init->Mode == GPIO_MODE_AF_PP) ||
 8001688:	f1b9 0f01 	cmp.w	r9, #1
      temp &= ~(GPIO_MODER_MODER0 << (position * 2U));
 800168c:	ea6f 0404 	mvn.w	r4, r4
      GPIOx->MODER = temp;
 8001690:	f8c0 a000 	str.w	sl, [r0]
      if((GPIO_Init->Mode == GPIO_MODE_OUTPUT_PP) || (GPIO_Init->Mode == GPIO_MODE_AF_PP) ||
 8001694:	f240 80aa 	bls.w	80017ec <HAL_GPIO_Init+0x1bc>
      temp = GPIOx->PUPDR;
 8001698:	68c2      	ldr	r2, [r0, #12]
      temp &= ~(GPIO_PUPDR_PUPDR0 << (position * 2U));
 800169a:	4014      	ands	r4, r2
      temp |= ((GPIO_Init->Pull) << (position * 2U));
 800169c:	688a      	ldr	r2, [r1, #8]
 800169e:	fa02 f20e 	lsl.w	r2, r2, lr
 80016a2:	4322      	orrs	r2, r4
      GPIOx->PUPDR = temp;
 80016a4:	60c2      	str	r2, [r0, #12]
      if((GPIO_Init->Mode & EXTI_MODE) == EXTI_MODE)
 80016a6:	00f2      	lsls	r2, r6, #3
 80016a8:	d5cb      	bpl.n	8001642 <HAL_GPIO_Init+0x12>
        __HAL_RCC_SYSCFG_CLK_ENABLE();
 80016aa:	2200      	movs	r2, #0
 80016ac:	9201      	str	r2, [sp, #4]
 80016ae:	f8d8 2044 	ldr.w	r2, [r8, #68]	; 0x44
 80016b2:	f442 4280 	orr.w	r2, r2, #16384	; 0x4000
 80016b6:	f8c8 2044 	str.w	r2, [r8, #68]	; 0x44
 80016ba:	f8d8 2044 	ldr.w	r2, [r8, #68]	; 0x44
 80016be:	f402 4280 	and.w	r2, r2, #16384	; 0x4000
 80016c2:	9201      	str	r2, [sp, #4]
 80016c4:	9a01      	ldr	r2, [sp, #4]
        temp = SYSCFG->EXTICR[position >> 2U];
 80016c6:	f023 0203 	bic.w	r2, r3, #3
 80016ca:	f102 4280 	add.w	r2, r2, #1073741824	; 0x40000000
 80016ce:	f502 329c 	add.w	r2, r2, #79872	; 0x13800
        temp &= ~(0x0FU << (4U * (position & 0x03U)));
 80016d2:	f003 0903 	and.w	r9, r3, #3
        temp = SYSCFG->EXTICR[position >> 2U];
 80016d6:	f8d2 e008 	ldr.w	lr, [r2, #8]
        temp &= ~(0x0FU << (4U * (position & 0x03U)));
 80016da:	ea4f 0989 	mov.w	r9, r9, lsl #2
 80016de:	240f      	movs	r4, #15
 80016e0:	fa04 f409 	lsl.w	r4, r4, r9
 80016e4:	ea2e 0404 	bic.w	r4, lr, r4
        temp |= ((uint32_t)(GPIO_GET_INDEX(GPIOx)) << (4U * (position & 0x03U)));
 80016e8:	f8df e18c 	ldr.w	lr, [pc, #396]	; 8001878 <HAL_GPIO_Init+0x248>
 80016ec:	4570      	cmp	r0, lr
 80016ee:	d029      	beq.n	8001744 <HAL_GPIO_Init+0x114>
 80016f0:	f50e 6e80 	add.w	lr, lr, #1024	; 0x400
 80016f4:	4570      	cmp	r0, lr
 80016f6:	f000 8090 	beq.w	800181a <HAL_GPIO_Init+0x1ea>
 80016fa:	f8df e180 	ldr.w	lr, [pc, #384]	; 800187c <HAL_GPIO_Init+0x24c>
 80016fe:	4570      	cmp	r0, lr
 8001700:	f000 8092 	beq.w	8001828 <HAL_GPIO_Init+0x1f8>
 8001704:	f8df e178 	ldr.w	lr, [pc, #376]	; 8001880 <HAL_GPIO_Init+0x250>
 8001708:	4570      	cmp	r0, lr
 800170a:	f000 8094 	beq.w	8001836 <HAL_GPIO_Init+0x206>
 800170e:	f8df e174 	ldr.w	lr, [pc, #372]	; 8001884 <HAL_GPIO_Init+0x254>
 8001712:	4570      	cmp	r0, lr
 8001714:	f000 8096 	beq.w	8001844 <HAL_GPIO_Init+0x214>
 8001718:	f8df e16c 	ldr.w	lr, [pc, #364]	; 8001888 <HAL_GPIO_Init+0x258>
 800171c:	4570      	cmp	r0, lr
 800171e:	f000 8098 	beq.w	8001852 <HAL_GPIO_Init+0x222>
 8001722:	f8df e168 	ldr.w	lr, [pc, #360]	; 800188c <HAL_GPIO_Init+0x25c>
 8001726:	4570      	cmp	r0, lr
 8001728:	f000 809a 	beq.w	8001860 <HAL_GPIO_Init+0x230>
 800172c:	f8df e160 	ldr.w	lr, [pc, #352]	; 8001890 <HAL_GPIO_Init+0x260>
 8001730:	4570      	cmp	r0, lr
 8001732:	bf0c      	ite	eq
 8001734:	f04f 0e07 	moveq.w	lr, #7
 8001738:	f04f 0e08 	movne.w	lr, #8
 800173c:	fa0e f909 	lsl.w	r9, lr, r9
 8001740:	ea44 0409 	orr.w	r4, r4, r9
        SYSCFG->EXTICR[position >> 2U] = temp;
 8001744:	6094      	str	r4, [r2, #8]
        temp = EXTI->IMR;
 8001746:	683a      	ldr	r2, [r7, #0]
        temp &= ~((uint32_t)iocurrent);
 8001748:	ea6f 0e0c 	mvn.w	lr, ip
        if((GPIO_Init->Mode & GPIO_MODE_IT) == GPIO_MODE_IT)
 800174c:	03f4      	lsls	r4, r6, #15
        temp &= ~((uint32_t)iocurrent);
 800174e:	bf54      	ite	pl
 8001750:	ea0e 0202 	andpl.w	r2, lr, r2
        {
          temp |= iocurrent;
 8001754:	ea4c 0202 	orrmi.w	r2, ip, r2
        }
        EXTI->IMR = temp;
 8001758:	603a      	str	r2, [r7, #0]

        temp = EXTI->EMR;
 800175a:	687c      	ldr	r4, [r7, #4]
        temp &= ~((uint32_t)iocurrent);
        if((GPIO_Init->Mode & GPIO_MODE_EVT) == GPIO_MODE_EVT)
 800175c:	03b2      	lsls	r2, r6, #14
        temp &= ~((uint32_t)iocurrent);
 800175e:	bf54      	ite	pl
 8001760:	ea0e 0404 	andpl.w	r4, lr, r4
        {
          temp |= iocurrent;
 8001764:	ea4c 0404 	orrmi.w	r4, ip, r4
        }
        EXTI->EMR = temp;
 8001768:	607c      	str	r4, [r7, #4]

        /* Clear Rising Falling edge configuration */
        temp = EXTI->RTSR;
 800176a:	68bc      	ldr	r4, [r7, #8]
        temp &= ~((uint32_t)iocurrent);
        if((GPIO_Init->Mode & RISING_EDGE) == RISING_EDGE)
 800176c:	02f2      	lsls	r2, r6, #11
        temp &= ~((uint32_t)iocurrent);
 800176e:	bf54      	ite	pl
 8001770:	ea0e 0404 	andpl.w	r4, lr, r4
        {
          temp |= iocurrent;
 8001774:	ea4c 0404 	orrmi.w	r4, ip, r4
        }
        EXTI->RTSR = temp;
 8001778:	60bc      	str	r4, [r7, #8]

        temp = EXTI->FTSR;
 800177a:	68fa      	ldr	r2, [r7, #12]
        temp &= ~((uint32_t)iocurrent);
        if((GPIO_Init->Mode & FALLING_EDGE) == FALLING_EDGE)
 800177c:	02b4      	lsls	r4, r6, #10
  for(position = 0U; position < GPIO_NUMBER; position++)
 800177e:	f103 0301 	add.w	r3, r3, #1
        temp &= ~((uint32_t)iocurrent);
 8001782:	bf54      	ite	pl
 8001784:	ea0e 0202 	andpl.w	r2, lr, r2
        {
          temp |= iocurrent;
 8001788:	ea4c 0202 	orrmi.w	r2, ip, r2
  for(position = 0U; position < GPIO_NUMBER; position++)
 800178c:	2b10      	cmp	r3, #16
        }
        EXTI->FTSR = temp;
 800178e:	60fa      	str	r2, [r7, #12]
  for(position = 0U; position < GPIO_NUMBER; position++)
 8001790:	f47f af5b 	bne.w	800164a <HAL_GPIO_Init+0x1a>
      }
    }
  }
}
 8001794:	b003      	add	sp, #12
 8001796:	e8bd 8ff0 	ldmia.w	sp!, {r4, r5, r6, r7, r8, r9, sl, fp, pc}
        temp = GPIOx->AFR[position >> 3U];
 800179a:	ea4f 0ed3 	mov.w	lr, r3, lsr #3
 800179e:	eb00 0e8e 	add.w	lr, r0, lr, lsl #2
        temp |= ((uint32_t)(GPIO_Init->Alternate) << (((uint32_t)position & 0x07U) * 4U));
 80017a2:	690c      	ldr	r4, [r1, #16]
        temp = GPIOx->AFR[position >> 3U];
 80017a4:	f8de a020 	ldr.w	sl, [lr, #32]
        temp &= ~(0xFU << ((uint32_t)(position & 0x07U) * 4U)) ;
 80017a8:	f003 0907 	and.w	r9, r3, #7
 80017ac:	ea4f 0989 	mov.w	r9, r9, lsl #2
 80017b0:	f04f 0b0f 	mov.w	fp, #15
        temp |= ((uint32_t)(GPIO_Init->Alternate) << (((uint32_t)position & 0x07U) * 4U));
 80017b4:	fa04 f409 	lsl.w	r4, r4, r9
        temp &= ~(0xFU << ((uint32_t)(position & 0x07U) * 4U)) ;
 80017b8:	fa0b f909 	lsl.w	r9, fp, r9
 80017bc:	ea2a 0909 	bic.w	r9, sl, r9
        temp |= ((uint32_t)(GPIO_Init->Alternate) << (((uint32_t)position & 0x07U) * 4U));
 80017c0:	ea44 0409 	orr.w	r4, r4, r9
        GPIOx->AFR[position >> 3U] = temp;
 80017c4:	f8ce 4020 	str.w	r4, [lr, #32]
      temp = GPIOx->MODER;
 80017c8:	f8d0 a000 	ldr.w	sl, [r0]
      temp &= ~(GPIO_MODER_MODER0 << (position * 2U));
 80017cc:	ea4f 0e43 	mov.w	lr, r3, lsl #1
 80017d0:	2403      	movs	r4, #3
 80017d2:	fa04 f40e 	lsl.w	r4, r4, lr
      temp |= ((GPIO_Init->Mode & GPIO_MODE) << (position * 2U));
 80017d6:	f006 0903 	and.w	r9, r6, #3
      temp &= ~(GPIO_MODER_MODER0 << (position * 2U));
 80017da:	ea2a 0a04 	bic.w	sl, sl, r4
      temp |= ((GPIO_Init->Mode & GPIO_MODE) << (position * 2U));
 80017de:	fa09 f90e 	lsl.w	r9, r9, lr
 80017e2:	ea49 090a 	orr.w	r9, r9, sl
      temp &= ~(GPIO_MODER_MODER0 << (position * 2U));
 80017e6:	43e4      	mvns	r4, r4
      GPIOx->MODER = temp;
 80017e8:	f8c0 9000 	str.w	r9, [r0]
        temp = GPIOx->OSPEEDR;
 80017ec:	f8d0 a008 	ldr.w	sl, [r0, #8]
        temp |= (GPIO_Init->Speed << (position * 2U));
 80017f0:	f8d1 900c 	ldr.w	r9, [r1, #12]
        temp &= ~(GPIO_OSPEEDER_OSPEEDR0 << (position * 2U));
 80017f4:	ea04 0a0a 	and.w	sl, r4, sl
        temp |= (GPIO_Init->Speed << (position * 2U));
 80017f8:	fa09 f90e 	lsl.w	r9, r9, lr
 80017fc:	ea49 090a 	orr.w	r9, r9, sl
        GPIOx->OSPEEDR = temp;
 8001800:	f8c0 9008 	str.w	r9, [r0, #8]
        temp = GPIOx->OTYPER;
 8001804:	f8d0 9004 	ldr.w	r9, [r0, #4]
        temp &= ~(GPIO_OTYPER_OT_0 << position) ;
 8001808:	ea29 0902 	bic.w	r9, r9, r2
        temp |= (((GPIO_Init->Mode & GPIO_OUTPUT_TYPE) >> 4U) << position);
 800180c:	f3c6 1200 	ubfx	r2, r6, #4, #1
 8001810:	409a      	lsls	r2, r3
 8001812:	ea42 0209 	orr.w	r2, r2, r9
        GPIOx->OTYPER = temp;
 8001816:	6042      	str	r2, [r0, #4]
 8001818:	e73e      	b.n	8001698 <HAL_GPIO_Init+0x68>
        temp |= ((uint32_t)(GPIO_GET_INDEX(GPIOx)) << (4U * (position & 0x03U)));
 800181a:	f04f 0e01 	mov.w	lr, #1
 800181e:	fa0e f909 	lsl.w	r9, lr, r9
 8001822:	ea44 0409 	orr.w	r4, r4, r9
 8001826:	e78d      	b.n	8001744 <HAL_GPIO_Init+0x114>
 8001828:	f04f 0e02 	mov.w	lr, #2
 800182c:	fa0e f909 	lsl.w	r9, lr, r9
 8001830:	ea44 0409 	orr.w	r4, r4, r9
 8001834:	e786      	b.n	8001744 <HAL_GPIO_Init+0x114>
 8001836:	f04f 0e03 	mov.w	lr, #3
 800183a:	fa0e f909 	lsl.w	r9, lr, r9
 800183e:	ea44 0409 	orr.w	r4, r4, r9
 8001842:	e77f      	b.n	8001744 <HAL_GPIO_Init+0x114>
 8001844:	f04f 0e04 	mov.w	lr, #4
 8001848:	fa0e f909 	lsl.w	r9, lr, r9
 800184c:	ea44 0409 	orr.w	r4, r4, r9
 8001850:	e778      	b.n	8001744 <HAL_GPIO_Init+0x114>
 8001852:	f04f 0e05 	mov.w	lr, #5
 8001856:	fa0e f909 	lsl.w	r9, lr, r9
 800185a:	ea44 0409 	orr.w	r4, r4, r9
 800185e:	e771      	b.n	8001744 <HAL_GPIO_Init+0x114>
 8001860:	f04f 0e06 	mov.w	lr, #6
 8001864:	fa0e f909 	lsl.w	r9, lr, r9
 8001868:	ea44 0409 	orr.w	r4, r4, r9
 800186c:	e76a      	b.n	8001744 <HAL_GPIO_Init+0x114>
 800186e:	bf00      	nop
 8001870:	40023800 	.word	0x40023800
 8001874:	40013c00 	.word	0x40013c00
 8001878:	40020000 	.word	0x40020000
 800187c:	40020800 	.word	0x40020800
 8001880:	40020c00 	.word	0x40020c00
 8001884:	40021000 	.word	0x40021000
 8001888:	40021400 	.word	0x40021400
 800188c:	40021800 	.word	0x40021800
 8001890:	40021c00 	.word	0x40021c00

08001894 <HAL_GPIO_WritePin>:
{
  /* Check the parameters */
  assert_param(IS_GPIO_PIN(GPIO_Pin));
  assert_param(IS_GPIO_PIN_ACTION(PinState));

  if(PinState != GPIO_PIN_RESET)
 8001894:	b902      	cbnz	r2, 8001898 <HAL_GPIO_WritePin+0x4>
  {
    GPIOx->BSRR = GPIO_Pin;
  }
  else
  {
    GPIOx->BSRR = (uint32_t)GPIO_Pin << 16U;
 8001896:	0409      	lsls	r1, r1, #16
 8001898:	6181      	str	r1, [r0, #24]
  }
}
 800189a:	4770      	bx	lr

0800189c <HAL_UART_Init>:
  * @retval HAL status
  */
HAL_StatusTypeDef HAL_UART_Init(UART_HandleTypeDef *huart)
{
  /* Check the UART handle allocation */
  if(huart == NULL)
 800189c:	2800      	cmp	r0, #0
 800189e:	d075      	beq.n	800198c <HAL_UART_Init+0xf0>
{
 80018a0:	b430      	push	{r4, r5}
    assert_param(IS_UART_INSTANCE(huart->Instance));
  }
  assert_param(IS_UART_WORD_LENGTH(huart->Init.WordLength));
  assert_param(IS_UART_OVERSAMPLING(huart->Init.OverSampling));

  if(huart->gState == HAL_UART_STATE_RESET)
 80018a2:	f890 2039 	ldrb.w	r2, [r0, #57]	; 0x39
 80018a6:	4603      	mov	r3, r0
 80018a8:	f002 01ff 	and.w	r1, r2, #255	; 0xff
 80018ac:	2a00      	cmp	r2, #0
 80018ae:	d050      	beq.n	8001952 <HAL_UART_Init+0xb6>
  }

  huart->gState = HAL_UART_STATE_BUSY;

  /* Disable the peripheral */
  __HAL_UART_DISABLE(huart);
 80018b0:	681a      	ldr	r2, [r3, #0]
  tmpreg |= (uint32_t)huart->Init.StopBits;
 80018b2:	68dc      	ldr	r4, [r3, #12]
  tmpreg |= (uint32_t)huart->Init.WordLength | huart->Init.Parity | huart->Init.Mode | huart->Init.OverSampling;
 80018b4:	691d      	ldr	r5, [r3, #16]
  huart->gState = HAL_UART_STATE_BUSY;
 80018b6:	2124      	movs	r1, #36	; 0x24
 80018b8:	f883 1039 	strb.w	r1, [r3, #57]	; 0x39
  __HAL_UART_DISABLE(huart);
 80018bc:	68d1      	ldr	r1, [r2, #12]
 80018be:	f421 5100 	bic.w	r1, r1, #8192	; 0x2000
 80018c2:	60d1      	str	r1, [r2, #12]
  tmpreg = huart->Instance->CR2;
 80018c4:	6910      	ldr	r0, [r2, #16]
  tmpreg |= (uint32_t)huart->Init.WordLength | huart->Init.Parity | huart->Init.Mode | huart->Init.OverSampling;
 80018c6:	6899      	ldr	r1, [r3, #8]
  tmpreg &= (uint32_t)~((uint32_t)USART_CR2_STOP);
 80018c8:	f420 5040 	bic.w	r0, r0, #12288	; 0x3000
  tmpreg |= (uint32_t)huart->Init.StopBits;
 80018cc:	4320      	orrs	r0, r4
  WRITE_REG(huart->Instance->CR2, (uint32_t)tmpreg);
 80018ce:	6110      	str	r0, [r2, #16]
  tmpreg = huart->Instance->CR1;
 80018d0:	68d0      	ldr	r0, [r2, #12]
  tmpreg |= (uint32_t)huart->Init.WordLength | huart->Init.Parity | huart->Init.Mode | huart->Init.OverSampling;
 80018d2:	69dc      	ldr	r4, [r3, #28]
 80018d4:	4329      	orrs	r1, r5
 80018d6:	695d      	ldr	r5, [r3, #20]
  tmpreg &= (uint32_t)~((uint32_t)(USART_CR1_M | USART_CR1_PCE | USART_CR1_PS | USART_CR1_TE | \
 80018d8:	f420 4016 	bic.w	r0, r0, #38400	; 0x9600
  tmpreg |= (uint32_t)huart->Init.WordLength | huart->Init.Parity | huart->Init.Mode | huart->Init.OverSampling;
 80018dc:	4329      	orrs	r1, r5
  tmpreg &= (uint32_t)~((uint32_t)(USART_CR1_M | USART_CR1_PCE | USART_CR1_PS | USART_CR1_TE | \
 80018de:	f020 000c 	bic.w	r0, r0, #12
  tmpreg |= (uint32_t)huart->Init.WordLength | huart->Init.Parity | huart->Init.Mode | huart->Init.OverSampling;
 80018e2:	4321      	orrs	r1, r4
 80018e4:	4301      	orrs	r1, r0
  WRITE_REG(huart->Instance->CR1, (uint32_t)tmpreg);
 80018e6:	60d1      	str	r1, [r2, #12]
  tmpreg = huart->Instance->CR3;
 80018e8:	6951      	ldr	r1, [r2, #20]
  tmpreg |= huart->Init.HwFlowCtl;
 80018ea:	6998      	ldr	r0, [r3, #24]
  tmpreg &= (uint32_t)~((uint32_t)(USART_CR3_RTSE | USART_CR3_CTSE));
 80018ec:	f421 7140 	bic.w	r1, r1, #768	; 0x300
  tmpreg |= huart->Init.HwFlowCtl;
 80018f0:	4301      	orrs	r1, r0
  if(huart->Init.OverSampling == UART_OVERSAMPLING_8)
 80018f2:	f5b4 4f00 	cmp.w	r4, #32768	; 0x8000
  WRITE_REG(huart->Instance->CR3, (uint32_t)tmpreg);
 80018f6:	6151      	str	r1, [r2, #20]
  if(huart->Init.OverSampling == UART_OVERSAMPLING_8)
 80018f8:	d02e      	beq.n	8001958 <HAL_UART_Init+0xbc>
      huart->Instance->BRR = UART_BRR_SAMPLING16(HAL_RCC_GetPCLK2Freq(), huart->Init.BaudRate);
 80018fa:	6858      	ldr	r0, [r3, #4]
 80018fc:	4c24      	ldr	r4, [pc, #144]	; (8001990 <HAL_UART_Init+0xf4>)
      huart->Instance->BRR = UART_BRR_SAMPLING16(HAL_RCC_GetPCLK1Freq(), huart->Init.BaudRate);
 80018fe:	4925      	ldr	r1, [pc, #148]	; (8001994 <HAL_UART_Init+0xf8>)
 8001900:	0080      	lsls	r0, r0, #2
 8001902:	fbb1 f1f0 	udiv	r1, r1, r0
 8001906:	fba4 5001 	umull	r5, r0, r4, r1
 800190a:	0940      	lsrs	r0, r0, #5
 800190c:	f04f 0c64 	mov.w	ip, #100	; 0x64
 8001910:	fb0c 1110 	mls	r1, ip, r0, r1
 8001914:	0109      	lsls	r1, r1, #4
 8001916:	3132      	adds	r1, #50	; 0x32
 8001918:	fba4 4101 	umull	r4, r1, r4, r1
 800191c:	0100      	lsls	r0, r0, #4
 800191e:	eb00 1151 	add.w	r1, r0, r1, lsr #5
 8001922:	6091      	str	r1, [r2, #8]
  UART_SetConfig(huart);

  /* In asynchronous mode, the following bits must be kept cleared:
     - LINEN and CLKEN bits in the USART_CR2 register,
     - SCEN, HDSEL and IREN  bits in the USART_CR3 register.*/
  CLEAR_BIT(huart->Instance->CR2, (USART_CR2_LINEN | USART_CR2_CLKEN));
 8001924:	6911      	ldr	r1, [r2, #16]
 8001926:	f421 4190 	bic.w	r1, r1, #18432	; 0x4800
 800192a:	6111      	str	r1, [r2, #16]
  CLEAR_BIT(huart->Instance->CR3, (USART_CR3_SCEN | USART_CR3_HDSEL | USART_CR3_IREN));
 800192c:	6951      	ldr	r1, [r2, #20]
 800192e:	f021 012a 	bic.w	r1, r1, #42	; 0x2a
 8001932:	6151      	str	r1, [r2, #20]

  /* Enable the peripheral */
  __HAL_UART_ENABLE(huart);
 8001934:	68d1      	ldr	r1, [r2, #12]

  /* Initialize the UART state */
  huart->ErrorCode = HAL_UART_ERROR_NONE;
 8001936:	2400      	movs	r4, #0
  huart->gState= HAL_UART_STATE_READY;
 8001938:	f04f 0c20 	mov.w	ip, #32
  __HAL_UART_ENABLE(huart);
 800193c:	f441 5100 	orr.w	r1, r1, #8192	; 0x2000
 8001940:	60d1      	str	r1, [r2, #12]
  huart->ErrorCode = HAL_UART_ERROR_NONE;
 8001942:	63dc      	str	r4, [r3, #60]	; 0x3c
  huart->gState= HAL_UART_STATE_READY;
 8001944:	f883 c039 	strb.w	ip, [r3, #57]	; 0x39
  huart->RxState= HAL_UART_STATE_READY;
 8001948:	f883 c03a 	strb.w	ip, [r3, #58]	; 0x3a

  return HAL_OK;
 800194c:	4620      	mov	r0, r4
}
 800194e:	bc30      	pop	{r4, r5}
 8001950:	4770      	bx	lr
    huart->Lock = HAL_UNLOCKED;
 8001952:	f880 1038 	strb.w	r1, [r0, #56]	; 0x38
 8001956:	e7ab      	b.n	80018b0 <HAL_UART_Init+0x14>
      huart->Instance->BRR = UART_BRR_SAMPLING8(HAL_RCC_GetPCLK2Freq(), huart->Init.BaudRate);
 8001958:	685c      	ldr	r4, [r3, #4]
 800195a:	4d0d      	ldr	r5, [pc, #52]	; (8001990 <HAL_UART_Init+0xf4>)
 800195c:	480d      	ldr	r0, [pc, #52]	; (8001994 <HAL_UART_Init+0xf8>)
 800195e:	0064      	lsls	r4, r4, #1
 8001960:	fbb0 f0f4 	udiv	r0, r0, r4
      huart->Instance->BRR = UART_BRR_SAMPLING8(HAL_RCC_GetPCLK1Freq(), huart->Init.BaudRate);
 8001964:	fba5 1400 	umull	r1, r4, r5, r0
 8001968:	0964      	lsrs	r4, r4, #5
 800196a:	2164      	movs	r1, #100	; 0x64
 800196c:	fb01 0114 	mls	r1, r1, r4, r0
 8001970:	00c9      	lsls	r1, r1, #3
 8001972:	3132      	adds	r1, #50	; 0x32
 8001974:	fba5 0101 	umull	r0, r1, r5, r1
 8001978:	f3c1 1042 	ubfx	r0, r1, #5, #3
 800197c:	0909      	lsrs	r1, r1, #4
 800197e:	eb00 1004 	add.w	r0, r0, r4, lsl #4
 8001982:	f401 71f8 	and.w	r1, r1, #496	; 0x1f0
 8001986:	4401      	add	r1, r0
 8001988:	6091      	str	r1, [r2, #8]
 800198a:	e7cb      	b.n	8001924 <HAL_UART_Init+0x88>
    return HAL_ERROR;
 800198c:	2001      	movs	r0, #1
}
 800198e:	4770      	bx	lr
 8001990:	51eb851f 	.word	0x51eb851f
 8001994:	0afb6e90 	.word	0x0afb6e90

08001998 <HAL_UART_Transmit>:
{
  uint16_t* tmp;
  //uint32_t tickstart = 0U;

  /* Check that a Tx process is not already ongoing */
  if(huart->gState == HAL_UART_STATE_READY)
 8001998:	f890 3039 	ldrb.w	r3, [r0, #57]	; 0x39
 800199c:	2b20      	cmp	r3, #32
 800199e:	d142      	bne.n	8001a26 <HAL_UART_Transmit+0x8e>
  {
    if((pData == NULL ) || (Size == 0))
 80019a0:	2900      	cmp	r1, #0
 80019a2:	d03e      	beq.n	8001a22 <HAL_UART_Transmit+0x8a>
 80019a4:	2a00      	cmp	r2, #0
 80019a6:	d03c      	beq.n	8001a22 <HAL_UART_Transmit+0x8a>
    {
      return  HAL_ERROR;
    }

    /* Process Locked */
    __HAL_LOCK(huart);
 80019a8:	f890 3038 	ldrb.w	r3, [r0, #56]	; 0x38
 80019ac:	2b01      	cmp	r3, #1
 80019ae:	d03a      	beq.n	8001a26 <HAL_UART_Transmit+0x8e>
{
 80019b0:	b410      	push	{r4}

    huart->ErrorCode = HAL_UART_ERROR_NONE;
    huart->gState = HAL_UART_STATE_BUSY_TX;
 80019b2:	2321      	movs	r3, #33	; 0x21
    huart->ErrorCode = HAL_UART_ERROR_NONE;
 80019b4:	2400      	movs	r4, #0
 80019b6:	63c4      	str	r4, [r0, #60]	; 0x3c
    huart->gState = HAL_UART_STATE_BUSY_TX;
 80019b8:	f880 3039 	strb.w	r3, [r0, #57]	; 0x39

    /* Init tickstart for timeout managment */
    //tickstart = HAL_GetTick();

    huart->TxXferSize = Size;
    huart->TxXferCount = Size;
 80019bc:	84c2      	strh	r2, [r0, #38]	; 0x26
    while(huart->TxXferCount > 0U)
 80019be:	8cc3      	ldrh	r3, [r0, #38]	; 0x26
    huart->TxXferSize = Size;
 80019c0:	8482      	strh	r2, [r0, #36]	; 0x24
    __HAL_LOCK(huart);
 80019c2:	2401      	movs	r4, #1
    while(huart->TxXferCount > 0U)
 80019c4:	b29b      	uxth	r3, r3
    __HAL_LOCK(huart);
 80019c6:	f880 4038 	strb.w	r4, [r0, #56]	; 0x38
    while(huart->TxXferCount > 0U)
 80019ca:	2b00      	cmp	r3, #0
 80019cc:	d02f      	beq.n	8001a2e <HAL_UART_Transmit+0x96>
    {
      huart->TxXferCount--;
      if(huart->Init.WordLength == UART_WORDLENGTH_9B)
 80019ce:	6884      	ldr	r4, [r0, #8]
  while((__HAL_UART_GET_FLAG(huart, Flag) ? SET : RESET) == Status);
 80019d0:	6802      	ldr	r2, [r0, #0]
      huart->TxXferCount--;
 80019d2:	8cc3      	ldrh	r3, [r0, #38]	; 0x26
 80019d4:	3b01      	subs	r3, #1
 80019d6:	b29b      	uxth	r3, r3
      if(huart->Init.WordLength == UART_WORDLENGTH_9B)
 80019d8:	f5b4 5f80 	cmp.w	r4, #4096	; 0x1000
      huart->TxXferCount--;
 80019dc:	84c3      	strh	r3, [r0, #38]	; 0x26
      if(huart->Init.WordLength == UART_WORDLENGTH_9B)
 80019de:	d015      	beq.n	8001a0c <HAL_UART_Transmit+0x74>
  while((__HAL_UART_GET_FLAG(huart, Flag) ? SET : RESET) == Status);
 80019e0:	6813      	ldr	r3, [r2, #0]
 80019e2:	061b      	lsls	r3, r3, #24
 80019e4:	d5fc      	bpl.n	80019e0 <HAL_UART_Transmit+0x48>
      {
        if(UART_WaitOnFlagForever(huart, UART_FLAG_TXE, RESET) != HAL_OK)
        {
          return HAL_TIMEOUT;
        }
        huart->Instance->DR = (*pData++ & (uint8_t)0xFF);
 80019e6:	f811 3b01 	ldrb.w	r3, [r1], #1
 80019ea:	6053      	str	r3, [r2, #4]
    while(huart->TxXferCount > 0U)
 80019ec:	8cc3      	ldrh	r3, [r0, #38]	; 0x26
 80019ee:	b29b      	uxth	r3, r3
 80019f0:	2b00      	cmp	r3, #0
 80019f2:	d1ee      	bne.n	80019d2 <HAL_UART_Transmit+0x3a>
  while((__HAL_UART_GET_FLAG(huart, Flag) ? SET : RESET) == Status);
 80019f4:	6813      	ldr	r3, [r2, #0]
 80019f6:	065b      	lsls	r3, r3, #25
 80019f8:	d5fc      	bpl.n	80019f4 <HAL_UART_Transmit+0x5c>

    /* At end of Tx process, restore huart->gState to Ready */
      huart->gState = HAL_UART_STATE_READY;

    /* Process Unlocked */
    __HAL_UNLOCK(huart);
 80019fa:	2300      	movs	r3, #0
      huart->gState = HAL_UART_STATE_READY;
 80019fc:	2220      	movs	r2, #32
 80019fe:	f880 2039 	strb.w	r2, [r0, #57]	; 0x39
    __HAL_UNLOCK(huart);
 8001a02:	f880 3038 	strb.w	r3, [r0, #56]	; 0x38
  }
  else
  {
    return HAL_BUSY;
  }
}
 8001a06:	bc10      	pop	{r4}
    return HAL_OK;
 8001a08:	4618      	mov	r0, r3
}
 8001a0a:	4770      	bx	lr
  while((__HAL_UART_GET_FLAG(huart, Flag) ? SET : RESET) == Status);
 8001a0c:	6813      	ldr	r3, [r2, #0]
 8001a0e:	061b      	lsls	r3, r3, #24
 8001a10:	d5fc      	bpl.n	8001a0c <HAL_UART_Transmit+0x74>
        huart->Instance->DR = (*tmp & (uint16_t)0x01FF);
 8001a12:	880b      	ldrh	r3, [r1, #0]
 8001a14:	f3c3 0308 	ubfx	r3, r3, #0, #9
 8001a18:	6053      	str	r3, [r2, #4]
        if(huart->Init.Parity == UART_PARITY_NONE)
 8001a1a:	6903      	ldr	r3, [r0, #16]
 8001a1c:	b92b      	cbnz	r3, 8001a2a <HAL_UART_Transmit+0x92>
          pData +=2U;
 8001a1e:	3102      	adds	r1, #2
 8001a20:	e7e4      	b.n	80019ec <HAL_UART_Transmit+0x54>
      return  HAL_ERROR;
 8001a22:	2001      	movs	r0, #1
 8001a24:	4770      	bx	lr
    return HAL_BUSY;
 8001a26:	2002      	movs	r0, #2
}
 8001a28:	4770      	bx	lr
          pData +=1U;
 8001a2a:	3101      	adds	r1, #1
 8001a2c:	e7de      	b.n	80019ec <HAL_UART_Transmit+0x54>
  while((__HAL_UART_GET_FLAG(huart, Flag) ? SET : RESET) == Status);
 8001a2e:	6802      	ldr	r2, [r0, #0]
 8001a30:	e7e0      	b.n	80019f4 <HAL_UART_Transmit+0x5c>
 8001a32:	bf00      	nop

08001a34 <HAL_UART_Receive>:
{
  uint16_t* tmp;
  //uint32_t tickstart = 0U;

  /* Check that a Rx process is not already ongoing */
  if(huart->RxState == HAL_UART_STATE_READY)
 8001a34:	f890 303a 	ldrb.w	r3, [r0, #58]	; 0x3a
 8001a38:	2b20      	cmp	r3, #32
 8001a3a:	d15c      	bne.n	8001af6 <HAL_UART_Receive+0xc2>
  {
    if((pData == NULL ) || (Size == 0))
 8001a3c:	2900      	cmp	r1, #0
 8001a3e:	d052      	beq.n	8001ae6 <HAL_UART_Receive+0xb2>
 8001a40:	2a00      	cmp	r2, #0
 8001a42:	d050      	beq.n	8001ae6 <HAL_UART_Receive+0xb2>
    {
      return  HAL_ERROR;
    }

    /* Process Locked */
    __HAL_LOCK(huart);
 8001a44:	f890 3038 	ldrb.w	r3, [r0, #56]	; 0x38
 8001a48:	2b01      	cmp	r3, #1
 8001a4a:	d054      	beq.n	8001af6 <HAL_UART_Receive+0xc2>
{
 8001a4c:	b410      	push	{r4}

    huart->ErrorCode = HAL_UART_ERROR_NONE;
    huart->RxState = HAL_UART_STATE_BUSY_RX;
 8001a4e:	2322      	movs	r3, #34	; 0x22
    huart->ErrorCode = HAL_UART_ERROR_NONE;
 8001a50:	2400      	movs	r4, #0
 8001a52:	63c4      	str	r4, [r0, #60]	; 0x3c
    huart->RxState = HAL_UART_STATE_BUSY_RX;
 8001a54:	f880 303a 	strb.w	r3, [r0, #58]	; 0x3a

    /* Init tickstart for timeout managment */
    //tickstart = HAL_GetTick();

    huart->RxXferSize = Size;
    huart->RxXferCount = Size;
 8001a58:	85c2      	strh	r2, [r0, #46]	; 0x2e

    /* Check the remain data to be received */
    while(huart->RxXferCount > 0U)
 8001a5a:	8dc3      	ldrh	r3, [r0, #46]	; 0x2e
    huart->RxXferSize = Size;
 8001a5c:	8582      	strh	r2, [r0, #44]	; 0x2c
    __HAL_LOCK(huart);
 8001a5e:	2401      	movs	r4, #1
    while(huart->RxXferCount > 0U)
 8001a60:	b29b      	uxth	r3, r3
    __HAL_LOCK(huart);
 8001a62:	f880 4038 	strb.w	r4, [r0, #56]	; 0x38
    while(huart->RxXferCount > 0U)
 8001a66:	b1ab      	cbz	r3, 8001a94 <HAL_UART_Receive+0x60>
    {
      huart->RxXferCount--;
 8001a68:	8dc3      	ldrh	r3, [r0, #46]	; 0x2e
      if(huart->Init.WordLength == UART_WORDLENGTH_9B)
 8001a6a:	6882      	ldr	r2, [r0, #8]
      huart->RxXferCount--;
 8001a6c:	3b01      	subs	r3, #1
 8001a6e:	b29b      	uxth	r3, r3
      if(huart->Init.WordLength == UART_WORDLENGTH_9B)
 8001a70:	f5b2 5f80 	cmp.w	r2, #4096	; 0x1000
      huart->RxXferCount--;
 8001a74:	85c3      	strh	r3, [r0, #46]	; 0x2e
  while((__HAL_UART_GET_FLAG(huart, Flag) ? SET : RESET) == Status);
 8001a76:	6802      	ldr	r2, [r0, #0]
      if(huart->Init.WordLength == UART_WORDLENGTH_9B)
 8001a78:	d015      	beq.n	8001aa6 <HAL_UART_Receive+0x72>
  while((__HAL_UART_GET_FLAG(huart, Flag) ? SET : RESET) == Status);
 8001a7a:	6813      	ldr	r3, [r2, #0]
 8001a7c:	069c      	lsls	r4, r3, #26
 8001a7e:	d5fc      	bpl.n	8001a7a <HAL_UART_Receive+0x46>
      {
        if(UART_WaitOnFlagForever(huart, UART_FLAG_RXNE, RESET) != HAL_OK)
        {
          return HAL_TIMEOUT;
        }
        if(huart->Init.Parity == UART_PARITY_NONE)
 8001a80:	6903      	ldr	r3, [r0, #16]
 8001a82:	2b00      	cmp	r3, #0
 8001a84:	d131      	bne.n	8001aea <HAL_UART_Receive+0xb6>
        {
          *pData++ = (uint8_t)(huart->Instance->DR & (uint8_t)0x00FF);
 8001a86:	6853      	ldr	r3, [r2, #4]
 8001a88:	f801 3b01 	strb.w	r3, [r1], #1
    while(huart->RxXferCount > 0U)
 8001a8c:	8dc3      	ldrh	r3, [r0, #46]	; 0x2e
 8001a8e:	b29b      	uxth	r3, r3
 8001a90:	2b00      	cmp	r3, #0
 8001a92:	d1e9      	bne.n	8001a68 <HAL_UART_Receive+0x34>

    /* At end of Rx process, restore huart->RxState to Ready */
    huart->RxState = HAL_UART_STATE_READY;

    /* Process Unlocked */
    __HAL_UNLOCK(huart);
 8001a94:	2300      	movs	r3, #0
    huart->RxState = HAL_UART_STATE_READY;
 8001a96:	2220      	movs	r2, #32
 8001a98:	f880 203a 	strb.w	r2, [r0, #58]	; 0x3a
    __HAL_UNLOCK(huart);
 8001a9c:	f880 3038 	strb.w	r3, [r0, #56]	; 0x38
  }
  else
  {
    return HAL_BUSY;
  }
}
 8001aa0:	bc10      	pop	{r4}
    return HAL_OK;
 8001aa2:	4618      	mov	r0, r3
}
 8001aa4:	4770      	bx	lr
  while((__HAL_UART_GET_FLAG(huart, Flag) ? SET : RESET) == Status);
 8001aa6:	6813      	ldr	r3, [r2, #0]
 8001aa8:	069b      	lsls	r3, r3, #26
 8001aaa:	d5fc      	bpl.n	8001aa6 <HAL_UART_Receive+0x72>
        if(huart->Init.Parity == UART_PARITY_NONE)
 8001aac:	6904      	ldr	r4, [r0, #16]
          *tmp = (uint16_t)(huart->Instance->DR & (uint16_t)0x01FF);
 8001aae:	6853      	ldr	r3, [r2, #4]
        if(huart->Init.Parity == UART_PARITY_NONE)
 8001ab0:	bb1c      	cbnz	r4, 8001afa <HAL_UART_Receive+0xc6>
          *tmp = (uint16_t)(huart->Instance->DR & (uint16_t)0x01FF);
 8001ab2:	f3c3 0308 	ubfx	r3, r3, #0, #9
 8001ab6:	f821 3b02 	strh.w	r3, [r1], #2
    while(huart->RxXferCount > 0U)
 8001aba:	8dc3      	ldrh	r3, [r0, #46]	; 0x2e
 8001abc:	b29b      	uxth	r3, r3
 8001abe:	2b00      	cmp	r3, #0
 8001ac0:	d0e8      	beq.n	8001a94 <HAL_UART_Receive+0x60>
      huart->RxXferCount--;
 8001ac2:	8dc3      	ldrh	r3, [r0, #46]	; 0x2e
 8001ac4:	3b01      	subs	r3, #1
 8001ac6:	b29b      	uxth	r3, r3
 8001ac8:	85c3      	strh	r3, [r0, #46]	; 0x2e
  while((__HAL_UART_GET_FLAG(huart, Flag) ? SET : RESET) == Status);
 8001aca:	6813      	ldr	r3, [r2, #0]
 8001acc:	069b      	lsls	r3, r3, #26
 8001ace:	d5fc      	bpl.n	8001aca <HAL_UART_Receive+0x96>
          *tmp = (uint16_t)(huart->Instance->DR & (uint16_t)0x01FF);
 8001ad0:	6853      	ldr	r3, [r2, #4]
        if(huart->Init.Parity == UART_PARITY_NONE)
 8001ad2:	b994      	cbnz	r4, 8001afa <HAL_UART_Receive+0xc6>
          *tmp = (uint16_t)(huart->Instance->DR & (uint16_t)0x01FF);
 8001ad4:	f3c3 0308 	ubfx	r3, r3, #0, #9
 8001ad8:	f821 3b02 	strh.w	r3, [r1], #2
    while(huart->RxXferCount > 0U)
 8001adc:	8dc3      	ldrh	r3, [r0, #46]	; 0x2e
 8001ade:	b29b      	uxth	r3, r3
 8001ae0:	2b00      	cmp	r3, #0
 8001ae2:	d1ee      	bne.n	8001ac2 <HAL_UART_Receive+0x8e>
 8001ae4:	e7d6      	b.n	8001a94 <HAL_UART_Receive+0x60>
      return  HAL_ERROR;
 8001ae6:	2001      	movs	r0, #1
 8001ae8:	4770      	bx	lr
          *pData++ = (uint8_t)(huart->Instance->DR & (uint8_t)0x007F);
 8001aea:	6853      	ldr	r3, [r2, #4]
 8001aec:	f003 037f 	and.w	r3, r3, #127	; 0x7f
 8001af0:	f801 3b01 	strb.w	r3, [r1], #1
 8001af4:	e7ca      	b.n	8001a8c <HAL_UART_Receive+0x58>
    return HAL_BUSY;
 8001af6:	2002      	movs	r0, #2
}
 8001af8:	4770      	bx	lr
          *tmp = (uint16_t)(huart->Instance->DR & (uint16_t)0x00FF);
 8001afa:	b2db      	uxtb	r3, r3
 8001afc:	f821 3b01 	strh.w	r3, [r1], #1
 8001b00:	e7db      	b.n	8001aba <HAL_UART_Receive+0x86>
 8001b02:	bf00      	nop

08001b04 <HAL_RNG_MspInit>:
  /* Prevent unused argument(s) compilation warning */
  UNUSED(hrng);
  /* NOTE : This function should not be modified. When the callback is needed,
            function HAL_RNG_MspInit must be implemented in the user file.
   */
}
 8001b04:	4770      	bx	lr
 8001b06:	bf00      	nop

08001b08 <HAL_RNG_Init>:
  if(hrng == NULL)
 8001b08:	b1c0      	cbz	r0, 8001b3c <HAL_RNG_Init+0x34>
{ 
 8001b0a:	b510      	push	{r4, lr}
  __HAL_LOCK(hrng);
 8001b0c:	7903      	ldrb	r3, [r0, #4]
 8001b0e:	2b01      	cmp	r3, #1
 8001b10:	4604      	mov	r4, r0
 8001b12:	d015      	beq.n	8001b40 <HAL_RNG_Init+0x38>
  if(hrng->State == HAL_RNG_STATE_RESET)
 8001b14:	7943      	ldrb	r3, [r0, #5]
 8001b16:	f003 02ff 	and.w	r2, r3, #255	; 0xff
 8001b1a:	b15b      	cbz	r3, 8001b34 <HAL_RNG_Init+0x2c>
  __HAL_RNG_ENABLE(hrng);
 8001b1c:	6822      	ldr	r2, [r4, #0]
  hrng->State = HAL_RNG_STATE_BUSY;
 8001b1e:	2302      	movs	r3, #2
 8001b20:	7163      	strb	r3, [r4, #5]
  __HAL_RNG_ENABLE(hrng);
 8001b22:	6813      	ldr	r3, [r2, #0]
  __HAL_UNLOCK(hrng);
 8001b24:	2000      	movs	r0, #0
  __HAL_RNG_ENABLE(hrng);
 8001b26:	f043 0304 	orr.w	r3, r3, #4
  hrng->State = HAL_RNG_STATE_READY;
 8001b2a:	2101      	movs	r1, #1
  __HAL_RNG_ENABLE(hrng);
 8001b2c:	6013      	str	r3, [r2, #0]
  hrng->State = HAL_RNG_STATE_READY;
 8001b2e:	7161      	strb	r1, [r4, #5]
  __HAL_UNLOCK(hrng);
 8001b30:	7120      	strb	r0, [r4, #4]
}
 8001b32:	bd10      	pop	{r4, pc}
    hrng->Lock = HAL_UNLOCKED;
 8001b34:	7102      	strb	r2, [r0, #4]
    HAL_RNG_MspInit(hrng);
 8001b36:	f7ff ffe5 	bl	8001b04 <HAL_RNG_MspInit>
 8001b3a:	e7ef      	b.n	8001b1c <HAL_RNG_Init+0x14>
    return HAL_ERROR;
 8001b3c:	2001      	movs	r0, #1
}
 8001b3e:	4770      	bx	lr
  __HAL_LOCK(hrng);
 8001b40:	2002      	movs	r0, #2
}
 8001b42:	bd10      	pop	{r4, pc}

08001b44 <Reset_Handler>:
 8001b44:	2100      	movs	r1, #0
 8001b46:	e003      	b.n	8001b50 <LoopCopyDataInit>

08001b48 <CopyDataInit>:
 8001b48:	4b0b      	ldr	r3, [pc, #44]	; (8001b78 <LoopForever+0x2>)
 8001b4a:	585b      	ldr	r3, [r3, r1]
 8001b4c:	5043      	str	r3, [r0, r1]
 8001b4e:	3104      	adds	r1, #4

08001b50 <LoopCopyDataInit>:
 8001b50:	480a      	ldr	r0, [pc, #40]	; (8001b7c <LoopForever+0x6>)
 8001b52:	4b0b      	ldr	r3, [pc, #44]	; (8001b80 <LoopForever+0xa>)
 8001b54:	1842      	adds	r2, r0, r1
 8001b56:	429a      	cmp	r2, r3
 8001b58:	d3f6      	bcc.n	8001b48 <CopyDataInit>
 8001b5a:	4a0a      	ldr	r2, [pc, #40]	; (8001b84 <LoopForever+0xe>)
 8001b5c:	e002      	b.n	8001b64 <LoopFillZerobss>

08001b5e <FillZerobss>:
 8001b5e:	2300      	movs	r3, #0
 8001b60:	6013      	str	r3, [r2, #0]
 8001b62:	3204      	adds	r2, #4

08001b64 <LoopFillZerobss>:
 8001b64:	4b08      	ldr	r3, [pc, #32]	; (8001b88 <LoopForever+0x12>)
 8001b66:	429a      	cmp	r2, r3
 8001b68:	d3f9      	bcc.n	8001b5e <FillZerobss>
 8001b6a:	f3af 8000 	nop.w
 8001b6e:	f7fe fb6b 	bl	8000248 <__libc_init_array>
 8001b72:	f7fe fdc1 	bl	80006f8 <main>

08001b76 <LoopForever>:
 8001b76:	e7fe      	b.n	8001b76 <LoopForever>
 8001b78:	080028ac 	.word	0x080028ac
 8001b7c:	20000000 	.word	0x20000000
 8001b80:	20000430 	.word	0x20000430
 8001b84:	20000430 	.word	0x20000430
 8001b88:	20000fec 	.word	0x20000fec

08001b8c <BusFault_Handler>:
 8001b8c:	e7fe      	b.n	8001b8c <BusFault_Handler>
 8001b8e:	0000      	movs	r0, r0

08001b90 <register_fini>:
 8001b90:	4b02      	ldr	r3, [pc, #8]	; (8001b9c <register_fini+0xc>)
 8001b92:	b113      	cbz	r3, 8001b9a <register_fini+0xa>
 8001b94:	4802      	ldr	r0, [pc, #8]	; (8001ba0 <register_fini+0x10>)
 8001b96:	f7fe bb3b 	b.w	8000210 <atexit>
 8001b9a:	4770      	bx	lr
 8001b9c:	00000000 	.word	0x00000000
 8001ba0:	0800021d 	.word	0x0800021d

08001ba4 <_init>:
 8001ba4:	b5f8      	push	{r3, r4, r5, r6, r7, lr}
 8001ba6:	bf00      	nop
 8001ba8:	bcf8      	pop	{r3, r4, r5, r6, r7}
 8001baa:	bc08      	pop	{r3}
 8001bac:	469e      	mov	lr, r3
 8001bae:	4770      	bx	lr

08001bb0 <_fini>:
 8001bb0:	b5f8      	push	{r3, r4, r5, r6, r7, lr}
 8001bb2:	bf00      	nop
 8001bb4:	bcf8      	pop	{r3, r4, r5, r6, r7}
 8001bb6:	bc08      	pop	{r3}
 8001bb8:	469e      	mov	lr, r3
 8001bba:	4770      	bx	lr
