   1              		.cpu cortex-m4
   2              		.arch armv7e-m
   3              		.fpu softvfp
   4              		.eabi_attribute 20, 1
   5              		.eabi_attribute 21, 1
   6              		.eabi_attribute 23, 3
   7              		.eabi_attribute 24, 1
   8              		.eabi_attribute 25, 1
   9              		.eabi_attribute 26, 1
  10              		.eabi_attribute 30, 2
  11              		.eabi_attribute 34, 1
  12              		.eabi_attribute 18, 4
  13              		.file	"fft.c"
  14              		.text
  15              	.Ltext0:
  16              		.cfi_sections	.debug_frame
  17              		.file 1 "/home/pacl/Documents/Repository/sca-2026/lib/crypto_kem/hqc128/pqclean/fft.c"
  18              		.section	.text.radix,"ax",%progbits
  19              		.align	1
  20              		.p2align 2,,3
  21              		.syntax unified
  22              		.thumb
  23              		.thumb_func
  25              	radix:
  26              	.LVL0:
  27              	.LFB2:
   1:/home/pacl/Documents/Repository/sca-2026/lib/crypto_kem/hqc128/pqclean/fft.c **** #include "fft.h"
   2:/home/pacl/Documents/Repository/sca-2026/lib/crypto_kem/hqc128/pqclean/fft.c **** #include "gf.h"
   3:/home/pacl/Documents/Repository/sca-2026/lib/crypto_kem/hqc128/pqclean/fft.c **** #include "parameters.h"
   4:/home/pacl/Documents/Repository/sca-2026/lib/crypto_kem/hqc128/pqclean/fft.c **** #include <stdint.h>
   5:/home/pacl/Documents/Repository/sca-2026/lib/crypto_kem/hqc128/pqclean/fft.c **** #include <string.h>
   6:/home/pacl/Documents/Repository/sca-2026/lib/crypto_kem/hqc128/pqclean/fft.c **** /**
   7:/home/pacl/Documents/Repository/sca-2026/lib/crypto_kem/hqc128/pqclean/fft.c ****  * @file fft.c
   8:/home/pacl/Documents/Repository/sca-2026/lib/crypto_kem/hqc128/pqclean/fft.c ****  * @brief Implementation of the additive FFT and its transpose.
   9:/home/pacl/Documents/Repository/sca-2026/lib/crypto_kem/hqc128/pqclean/fft.c ****  * This implementation is based on the paper from Gao and Mateer: <br>
  10:/home/pacl/Documents/Repository/sca-2026/lib/crypto_kem/hqc128/pqclean/fft.c ****  * Shuhong Gao and Todd Mateer, Additive Fast Fourier Transforms over Finite Fields,
  11:/home/pacl/Documents/Repository/sca-2026/lib/crypto_kem/hqc128/pqclean/fft.c ****  * IEEE Transactions on Information Theory 56 (2010), 6265--6272.
  12:/home/pacl/Documents/Repository/sca-2026/lib/crypto_kem/hqc128/pqclean/fft.c ****  * http://www.math.clemson.edu/~sgao/papers/GM10.pdf <br>
  13:/home/pacl/Documents/Repository/sca-2026/lib/crypto_kem/hqc128/pqclean/fft.c ****  * and includes improvements proposed by Bernstein, Chou and Schwabe here:
  14:/home/pacl/Documents/Repository/sca-2026/lib/crypto_kem/hqc128/pqclean/fft.c ****  * https://binary.cr.yp.to/mcbits-20130616.pdf
  15:/home/pacl/Documents/Repository/sca-2026/lib/crypto_kem/hqc128/pqclean/fft.c ****  */
  16:/home/pacl/Documents/Repository/sca-2026/lib/crypto_kem/hqc128/pqclean/fft.c **** 
  17:/home/pacl/Documents/Repository/sca-2026/lib/crypto_kem/hqc128/pqclean/fft.c **** static void radix_big(uint16_t *f0, uint16_t *f1, const uint16_t *f, uint32_t m_f);
  18:/home/pacl/Documents/Repository/sca-2026/lib/crypto_kem/hqc128/pqclean/fft.c **** 
  19:/home/pacl/Documents/Repository/sca-2026/lib/crypto_kem/hqc128/pqclean/fft.c **** /**
  20:/home/pacl/Documents/Repository/sca-2026/lib/crypto_kem/hqc128/pqclean/fft.c ****  * @brief Computes the basis of betas (omitting 1) used in the additive FFT and its transpose
  21:/home/pacl/Documents/Repository/sca-2026/lib/crypto_kem/hqc128/pqclean/fft.c ****  *
  22:/home/pacl/Documents/Repository/sca-2026/lib/crypto_kem/hqc128/pqclean/fft.c ****  * @param[out] betas Array of size PARAM_M-1
  23:/home/pacl/Documents/Repository/sca-2026/lib/crypto_kem/hqc128/pqclean/fft.c ****  */
  24:/home/pacl/Documents/Repository/sca-2026/lib/crypto_kem/hqc128/pqclean/fft.c **** static void compute_fft_betas(uint16_t *betas) {
  25:/home/pacl/Documents/Repository/sca-2026/lib/crypto_kem/hqc128/pqclean/fft.c ****     size_t i;
  26:/home/pacl/Documents/Repository/sca-2026/lib/crypto_kem/hqc128/pqclean/fft.c ****     for (i = 0; i < PARAM_M - 1; ++i) {
  27:/home/pacl/Documents/Repository/sca-2026/lib/crypto_kem/hqc128/pqclean/fft.c ****         betas[i] = 1 << (PARAM_M - 1 - i);
  28:/home/pacl/Documents/Repository/sca-2026/lib/crypto_kem/hqc128/pqclean/fft.c ****     }
  29:/home/pacl/Documents/Repository/sca-2026/lib/crypto_kem/hqc128/pqclean/fft.c **** }
  30:/home/pacl/Documents/Repository/sca-2026/lib/crypto_kem/hqc128/pqclean/fft.c **** 
  31:/home/pacl/Documents/Repository/sca-2026/lib/crypto_kem/hqc128/pqclean/fft.c **** /**
  32:/home/pacl/Documents/Repository/sca-2026/lib/crypto_kem/hqc128/pqclean/fft.c ****  * @brief Computes the subset sums of the given set
  33:/home/pacl/Documents/Repository/sca-2026/lib/crypto_kem/hqc128/pqclean/fft.c ****  *
  34:/home/pacl/Documents/Repository/sca-2026/lib/crypto_kem/hqc128/pqclean/fft.c ****  * The array subset_sums is such that its ith element is
  35:/home/pacl/Documents/Repository/sca-2026/lib/crypto_kem/hqc128/pqclean/fft.c ****  * the subset sum of the set elements given by the binary form of i.
  36:/home/pacl/Documents/Repository/sca-2026/lib/crypto_kem/hqc128/pqclean/fft.c ****  *
  37:/home/pacl/Documents/Repository/sca-2026/lib/crypto_kem/hqc128/pqclean/fft.c ****  * @param[out] subset_sums Array of size 2^set_size receiving the subset sums
  38:/home/pacl/Documents/Repository/sca-2026/lib/crypto_kem/hqc128/pqclean/fft.c ****  * @param[in] set Array of set_size elements
  39:/home/pacl/Documents/Repository/sca-2026/lib/crypto_kem/hqc128/pqclean/fft.c ****  * @param[in] set_size Size of the array set
  40:/home/pacl/Documents/Repository/sca-2026/lib/crypto_kem/hqc128/pqclean/fft.c ****  */
  41:/home/pacl/Documents/Repository/sca-2026/lib/crypto_kem/hqc128/pqclean/fft.c **** static void compute_subset_sums(uint16_t *subset_sums, const uint16_t *set, uint16_t set_size) {
  42:/home/pacl/Documents/Repository/sca-2026/lib/crypto_kem/hqc128/pqclean/fft.c ****     uint16_t i, j;
  43:/home/pacl/Documents/Repository/sca-2026/lib/crypto_kem/hqc128/pqclean/fft.c ****     subset_sums[0] = 0;
  44:/home/pacl/Documents/Repository/sca-2026/lib/crypto_kem/hqc128/pqclean/fft.c **** 
  45:/home/pacl/Documents/Repository/sca-2026/lib/crypto_kem/hqc128/pqclean/fft.c ****     for (i = 0; i < set_size; ++i) {
  46:/home/pacl/Documents/Repository/sca-2026/lib/crypto_kem/hqc128/pqclean/fft.c ****         for (j = 0; j < (1 << i); ++j) {
  47:/home/pacl/Documents/Repository/sca-2026/lib/crypto_kem/hqc128/pqclean/fft.c ****             subset_sums[(1 << i) + j] = set[i] ^ subset_sums[j];
  48:/home/pacl/Documents/Repository/sca-2026/lib/crypto_kem/hqc128/pqclean/fft.c ****         }
  49:/home/pacl/Documents/Repository/sca-2026/lib/crypto_kem/hqc128/pqclean/fft.c ****     }
  50:/home/pacl/Documents/Repository/sca-2026/lib/crypto_kem/hqc128/pqclean/fft.c **** }
  51:/home/pacl/Documents/Repository/sca-2026/lib/crypto_kem/hqc128/pqclean/fft.c **** 
  52:/home/pacl/Documents/Repository/sca-2026/lib/crypto_kem/hqc128/pqclean/fft.c **** /**
  53:/home/pacl/Documents/Repository/sca-2026/lib/crypto_kem/hqc128/pqclean/fft.c ****  * @brief Computes the radix conversion of a polynomial f in GF(2^m)[x]
  54:/home/pacl/Documents/Repository/sca-2026/lib/crypto_kem/hqc128/pqclean/fft.c ****  *
  55:/home/pacl/Documents/Repository/sca-2026/lib/crypto_kem/hqc128/pqclean/fft.c ****  * Computes f0 and f1 such that f(x) = f0(x^2-x) + x.f1(x^2-x)
  56:/home/pacl/Documents/Repository/sca-2026/lib/crypto_kem/hqc128/pqclean/fft.c ****  * as proposed by Bernstein, Chou and Schwabe:
  57:/home/pacl/Documents/Repository/sca-2026/lib/crypto_kem/hqc128/pqclean/fft.c ****  * https://binary.cr.yp.to/mcbits-20130616.pdf
  58:/home/pacl/Documents/Repository/sca-2026/lib/crypto_kem/hqc128/pqclean/fft.c ****  *
  59:/home/pacl/Documents/Repository/sca-2026/lib/crypto_kem/hqc128/pqclean/fft.c ****  * @param[out] f0 Array half the size of f
  60:/home/pacl/Documents/Repository/sca-2026/lib/crypto_kem/hqc128/pqclean/fft.c ****  * @param[out] f1 Array half the size of f
  61:/home/pacl/Documents/Repository/sca-2026/lib/crypto_kem/hqc128/pqclean/fft.c ****  * @param[in] f Array of size a power of 2
  62:/home/pacl/Documents/Repository/sca-2026/lib/crypto_kem/hqc128/pqclean/fft.c ****  * @param[in] m_f 2^{m_f} is the smallest power of 2 greater or equal to the number of coefficients
  63:/home/pacl/Documents/Repository/sca-2026/lib/crypto_kem/hqc128/pqclean/fft.c ****  */
  64:/home/pacl/Documents/Repository/sca-2026/lib/crypto_kem/hqc128/pqclean/fft.c **** static void radix(uint16_t *f0, uint16_t *f1, const uint16_t *f, uint32_t m_f) {
  28              		.loc 1 64 80 view -0
  29              		.cfi_startproc
  30              		@ args = 0, pretend = 0, frame = 0
  31              		@ frame_needed = 0, uses_anonymous_args = 0
  65:/home/pacl/Documents/Repository/sca-2026/lib/crypto_kem/hqc128/pqclean/fft.c ****     switch (m_f) {
  32              		.loc 1 65 5 view .LVU1
  33 0000 013B     		subs	r3, r3, #1
  34              	.LVL1:
  64:/home/pacl/Documents/Repository/sca-2026/lib/crypto_kem/hqc128/pqclean/fft.c ****     switch (m_f) {
  35              		.loc 1 64 80 is_stmt 0 view .LVU2
  36 0002 00B5     		push	{lr}
  37              	.LCFI0:
  38              		.cfi_def_cfa_offset 4
  39              		.cfi_offset 14, -4
  40              		.loc 1 65 5 view .LVU3
  41 0004 032B     		cmp	r3, #3
  42 0006 4DD8     		bhi	.L3
  43 0008 DFE803F0 		tbb	[pc, r3]
  44              	.L4:
  45 000c 46       		.byte	(.L7-.L4)/2
  46 000d 36       		.byte	(.L6-.L4)/2
  47 000e 02       		.byte	(.L5-.L4)/2
  48 000f 4C       		.byte	(.L3-.L4)/2
  49              		.p2align 1
  50              	.L5:
  66:/home/pacl/Documents/Repository/sca-2026/lib/crypto_kem/hqc128/pqclean/fft.c ****     case 4:
  67:/home/pacl/Documents/Repository/sca-2026/lib/crypto_kem/hqc128/pqclean/fft.c ****         f0[4] = f[8] ^ f[12];
  68:/home/pacl/Documents/Repository/sca-2026/lib/crypto_kem/hqc128/pqclean/fft.c ****         f0[6] = f[12] ^ f[14];
  69:/home/pacl/Documents/Repository/sca-2026/lib/crypto_kem/hqc128/pqclean/fft.c ****         f0[7] = f[14] ^ f[15];
  70:/home/pacl/Documents/Repository/sca-2026/lib/crypto_kem/hqc128/pqclean/fft.c ****         f1[5] = f[11] ^ f[13];
  71:/home/pacl/Documents/Repository/sca-2026/lib/crypto_kem/hqc128/pqclean/fft.c ****         f1[6] = f[13] ^ f[14];
  72:/home/pacl/Documents/Repository/sca-2026/lib/crypto_kem/hqc128/pqclean/fft.c ****         f1[7] = f[15];
  73:/home/pacl/Documents/Repository/sca-2026/lib/crypto_kem/hqc128/pqclean/fft.c ****         f0[5] = f[10] ^ f[12] ^ f1[5];
  74:/home/pacl/Documents/Repository/sca-2026/lib/crypto_kem/hqc128/pqclean/fft.c ****         f1[4] = f[9] ^ f[13] ^ f0[5];
  75:/home/pacl/Documents/Repository/sca-2026/lib/crypto_kem/hqc128/pqclean/fft.c **** 
  76:/home/pacl/Documents/Repository/sca-2026/lib/crypto_kem/hqc128/pqclean/fft.c ****         f0[0] = f[0];
  77:/home/pacl/Documents/Repository/sca-2026/lib/crypto_kem/hqc128/pqclean/fft.c ****         f1[3] = f[7] ^ f[11] ^ f[15];
  78:/home/pacl/Documents/Repository/sca-2026/lib/crypto_kem/hqc128/pqclean/fft.c ****         f0[3] = f[6] ^ f[10] ^ f[14] ^ f1[3];
  79:/home/pacl/Documents/Repository/sca-2026/lib/crypto_kem/hqc128/pqclean/fft.c ****         f0[2] = f[4] ^ f0[4] ^ f0[3] ^ f1[3];
  80:/home/pacl/Documents/Repository/sca-2026/lib/crypto_kem/hqc128/pqclean/fft.c ****         f1[1] = f[3] ^ f[5] ^ f[9] ^ f[13] ^ f1[3];
  81:/home/pacl/Documents/Repository/sca-2026/lib/crypto_kem/hqc128/pqclean/fft.c ****         f1[2] = f[3] ^ f1[1] ^ f0[3];
  82:/home/pacl/Documents/Repository/sca-2026/lib/crypto_kem/hqc128/pqclean/fft.c ****         f0[1] = f[2] ^ f0[2] ^ f1[1];
  83:/home/pacl/Documents/Repository/sca-2026/lib/crypto_kem/hqc128/pqclean/fft.c ****         f1[0] = f[1] ^ f0[1];
  84:/home/pacl/Documents/Repository/sca-2026/lib/crypto_kem/hqc128/pqclean/fft.c ****         break;
  85:/home/pacl/Documents/Repository/sca-2026/lib/crypto_kem/hqc128/pqclean/fft.c **** 
  86:/home/pacl/Documents/Repository/sca-2026/lib/crypto_kem/hqc128/pqclean/fft.c ****     case 3:
  87:/home/pacl/Documents/Repository/sca-2026/lib/crypto_kem/hqc128/pqclean/fft.c ****         f0[0] = f[0];
  51              		.loc 1 87 9 is_stmt 1 view .LVU4
  52              		.loc 1 87 18 is_stmt 0 view .LVU5
  53 0010 1388     		ldrh	r3, [r2]
  54              	.LVL2:
  55              		.loc 1 87 15 view .LVU6
  56 0012 0380     		strh	r3, [r0]	@ movhi
  88:/home/pacl/Documents/Repository/sca-2026/lib/crypto_kem/hqc128/pqclean/fft.c ****         f0[2] = f[4] ^ f[6];
  57              		.loc 1 88 9 is_stmt 1 view .LVU7
  58              		.loc 1 88 15 is_stmt 0 view .LVU8
  59 0014 B2F80CC0 		ldrh	ip, [r2, #12]
  60 0018 1389     		ldrh	r3, [r2, #8]
  61 001a 83EA0C03 		eor	r3, r3, ip
  62 001e 8380     		strh	r3, [r0, #4]	@ movhi
  89:/home/pacl/Documents/Repository/sca-2026/lib/crypto_kem/hqc128/pqclean/fft.c ****         f0[3] = f[6] ^ f[7];
  63              		.loc 1 89 9 is_stmt 1 view .LVU9
  64              		.loc 1 89 15 is_stmt 0 view .LVU10
  65 0020 B2F80EC0 		ldrh	ip, [r2, #14]
  66 0024 9389     		ldrh	r3, [r2, #12]
  67 0026 83EA0C03 		eor	r3, r3, ip
  68 002a C380     		strh	r3, [r0, #6]	@ movhi
  90:/home/pacl/Documents/Repository/sca-2026/lib/crypto_kem/hqc128/pqclean/fft.c ****         f1[1] = f[3] ^ f[5] ^ f[7];
  69              		.loc 1 90 9 is_stmt 1 view .LVU11
  70              		.loc 1 90 15 is_stmt 0 view .LVU12
  71 002c B2F80AC0 		ldrh	ip, [r2, #10]
  72 0030 D388     		ldrh	r3, [r2, #6]
  73 0032 83EA0C03 		eor	r3, r3, ip
  74 0036 B2F80EC0 		ldrh	ip, [r2, #14]
  75 003a 83EA0C03 		eor	r3, r3, ip
  76 003e 9BB2     		uxth	r3, r3
  77 0040 4B80     		strh	r3, [r1, #2]	@ movhi
  91:/home/pacl/Documents/Repository/sca-2026/lib/crypto_kem/hqc128/pqclean/fft.c ****         f1[2] = f[5] ^ f[6];
  78              		.loc 1 91 9 is_stmt 1 view .LVU13
  79              		.loc 1 91 15 is_stmt 0 view .LVU14
  80 0042 B2F80AC0 		ldrh	ip, [r2, #10]
  81 0046 B2F80CE0 		ldrh	lr, [r2, #12]
  82 004a 8CEA0E0C 		eor	ip, ip, lr
  83 004e A1F804C0 		strh	ip, [r1, #4]	@ movhi
  92:/home/pacl/Documents/Repository/sca-2026/lib/crypto_kem/hqc128/pqclean/fft.c ****         f1[3] = f[7];
  84              		.loc 1 92 9 is_stmt 1 view .LVU15
  85              		.loc 1 92 18 is_stmt 0 view .LVU16
  86 0052 B2F80EC0 		ldrh	ip, [r2, #14]
  87              		.loc 1 92 15 view .LVU17
  88 0056 A1F806C0 		strh	ip, [r1, #6]	@ movhi
  89              	.L10:
  93:/home/pacl/Documents/Repository/sca-2026/lib/crypto_kem/hqc128/pqclean/fft.c ****         f0[1] = f[2] ^ f0[2] ^ f1[1];
  90              		.loc 1 93 9 is_stmt 1 view .LVU18
  91              		.loc 1 93 15 is_stmt 0 view .LVU19
  92 005a B2F804C0 		ldrh	ip, [r2, #4]
  93 005e B0F804E0 		ldrh	lr, [r0, #4]
  94 0062 8CEA0E0C 		eor	ip, ip, lr
  95 0066 83EA0C03 		eor	r3, r3, ip
  96 006a 9BB2     		uxth	r3, r3
  97 006c 4380     		strh	r3, [r0, #2]	@ movhi
  94:/home/pacl/Documents/Repository/sca-2026/lib/crypto_kem/hqc128/pqclean/fft.c ****         f1[0] = f[1] ^ f0[1];
  98              		.loc 1 94 9 is_stmt 1 view .LVU20
  99              		.loc 1 94 15 is_stmt 0 view .LVU21
 100 006e 5288     		ldrh	r2, [r2, #2]
 101              	.LVL3:
 102              		.loc 1 94 15 view .LVU22
 103 0070 5340     		eors	r3, r3, r2
 104 0072 0B80     		strh	r3, [r1]	@ movhi
  95:/home/pacl/Documents/Repository/sca-2026/lib/crypto_kem/hqc128/pqclean/fft.c ****         break;
 105              		.loc 1 95 9 is_stmt 1 view .LVU23
  96:/home/pacl/Documents/Repository/sca-2026/lib/crypto_kem/hqc128/pqclean/fft.c **** 
  97:/home/pacl/Documents/Repository/sca-2026/lib/crypto_kem/hqc128/pqclean/fft.c ****     case 2:
  98:/home/pacl/Documents/Repository/sca-2026/lib/crypto_kem/hqc128/pqclean/fft.c ****         f0[0] = f[0];
  99:/home/pacl/Documents/Repository/sca-2026/lib/crypto_kem/hqc128/pqclean/fft.c ****         f0[1] = f[2] ^ f[3];
 100:/home/pacl/Documents/Repository/sca-2026/lib/crypto_kem/hqc128/pqclean/fft.c ****         f1[0] = f[1] ^ f0[1];
 101:/home/pacl/Documents/Repository/sca-2026/lib/crypto_kem/hqc128/pqclean/fft.c ****         f1[1] = f[3];
 102:/home/pacl/Documents/Repository/sca-2026/lib/crypto_kem/hqc128/pqclean/fft.c ****         break;
 103:/home/pacl/Documents/Repository/sca-2026/lib/crypto_kem/hqc128/pqclean/fft.c **** 
 104:/home/pacl/Documents/Repository/sca-2026/lib/crypto_kem/hqc128/pqclean/fft.c ****     case 1:
 105:/home/pacl/Documents/Repository/sca-2026/lib/crypto_kem/hqc128/pqclean/fft.c ****         f0[0] = f[0];
 106:/home/pacl/Documents/Repository/sca-2026/lib/crypto_kem/hqc128/pqclean/fft.c ****         f1[0] = f[1];
 107:/home/pacl/Documents/Repository/sca-2026/lib/crypto_kem/hqc128/pqclean/fft.c ****         break;
 108:/home/pacl/Documents/Repository/sca-2026/lib/crypto_kem/hqc128/pqclean/fft.c **** 
 109:/home/pacl/Documents/Repository/sca-2026/lib/crypto_kem/hqc128/pqclean/fft.c ****     default:
 110:/home/pacl/Documents/Repository/sca-2026/lib/crypto_kem/hqc128/pqclean/fft.c ****         radix_big(f0, f1, f, m_f);
 111:/home/pacl/Documents/Repository/sca-2026/lib/crypto_kem/hqc128/pqclean/fft.c ****         break;
 112:/home/pacl/Documents/Repository/sca-2026/lib/crypto_kem/hqc128/pqclean/fft.c ****     }
 113:/home/pacl/Documents/Repository/sca-2026/lib/crypto_kem/hqc128/pqclean/fft.c **** }
 106              		.loc 1 113 1 is_stmt 0 view .LVU24
 107 0074 5DF804FB 		ldr	pc, [sp], #4
 108              	.LVL4:
 109              	.L6:
  98:/home/pacl/Documents/Repository/sca-2026/lib/crypto_kem/hqc128/pqclean/fft.c ****         f0[1] = f[2] ^ f[3];
 110              		.loc 1 98 9 is_stmt 1 view .LVU25
  98:/home/pacl/Documents/Repository/sca-2026/lib/crypto_kem/hqc128/pqclean/fft.c ****         f0[1] = f[2] ^ f[3];
 111              		.loc 1 98 18 is_stmt 0 view .LVU26
 112 0078 1388     		ldrh	r3, [r2]
  98:/home/pacl/Documents/Repository/sca-2026/lib/crypto_kem/hqc128/pqclean/fft.c ****         f0[1] = f[2] ^ f[3];
 113              		.loc 1 98 15 view .LVU27
 114 007a 0380     		strh	r3, [r0]	@ movhi
  99:/home/pacl/Documents/Repository/sca-2026/lib/crypto_kem/hqc128/pqclean/fft.c ****         f1[0] = f[1] ^ f0[1];
 115              		.loc 1 99 9 is_stmt 1 view .LVU28
  99:/home/pacl/Documents/Repository/sca-2026/lib/crypto_kem/hqc128/pqclean/fft.c ****         f1[0] = f[1] ^ f0[1];
 116              		.loc 1 99 15 is_stmt 0 view .LVU29
 117 007c 9388     		ldrh	r3, [r2, #4]
 118 007e B2F806C0 		ldrh	ip, [r2, #6]
 119 0082 83EA0C03 		eor	r3, r3, ip
 120 0086 9BB2     		uxth	r3, r3
 121 0088 4380     		strh	r3, [r0, #2]	@ movhi
 100:/home/pacl/Documents/Repository/sca-2026/lib/crypto_kem/hqc128/pqclean/fft.c ****         f1[1] = f[3];
 122              		.loc 1 100 9 is_stmt 1 view .LVU30
 100:/home/pacl/Documents/Repository/sca-2026/lib/crypto_kem/hqc128/pqclean/fft.c ****         f1[1] = f[3];
 123              		.loc 1 100 15 is_stmt 0 view .LVU31
 124 008a 5088     		ldrh	r0, [r2, #2]
 125              	.LVL5:
 100:/home/pacl/Documents/Repository/sca-2026/lib/crypto_kem/hqc128/pqclean/fft.c ****         f1[1] = f[3];
 126              		.loc 1 100 15 view .LVU32
 127 008c 4340     		eors	r3, r3, r0
 128 008e 0B80     		strh	r3, [r1]	@ movhi
 101:/home/pacl/Documents/Repository/sca-2026/lib/crypto_kem/hqc128/pqclean/fft.c ****         break;
 129              		.loc 1 101 9 is_stmt 1 view .LVU33
 101:/home/pacl/Documents/Repository/sca-2026/lib/crypto_kem/hqc128/pqclean/fft.c ****         break;
 130              		.loc 1 101 18 is_stmt 0 view .LVU34
 131 0090 D388     		ldrh	r3, [r2, #6]
 101:/home/pacl/Documents/Repository/sca-2026/lib/crypto_kem/hqc128/pqclean/fft.c ****         break;
 132              		.loc 1 101 15 view .LVU35
 133 0092 4B80     		strh	r3, [r1, #2]	@ movhi
 102:/home/pacl/Documents/Repository/sca-2026/lib/crypto_kem/hqc128/pqclean/fft.c **** 
 134              		.loc 1 102 9 is_stmt 1 view .LVU36
 135              		.loc 1 113 1 is_stmt 0 view .LVU37
 136 0094 5DF804FB 		ldr	pc, [sp], #4
 137              	.LVL6:
 138              	.L7:
 105:/home/pacl/Documents/Repository/sca-2026/lib/crypto_kem/hqc128/pqclean/fft.c ****         f1[0] = f[1];
 139              		.loc 1 105 9 is_stmt 1 view .LVU38
 105:/home/pacl/Documents/Repository/sca-2026/lib/crypto_kem/hqc128/pqclean/fft.c ****         f1[0] = f[1];
 140              		.loc 1 105 18 is_stmt 0 view .LVU39
 141 0098 1388     		ldrh	r3, [r2]
 105:/home/pacl/Documents/Repository/sca-2026/lib/crypto_kem/hqc128/pqclean/fft.c ****         f1[0] = f[1];
 142              		.loc 1 105 15 view .LVU40
 143 009a 0380     		strh	r3, [r0]	@ movhi
 106:/home/pacl/Documents/Repository/sca-2026/lib/crypto_kem/hqc128/pqclean/fft.c ****         break;
 144              		.loc 1 106 9 is_stmt 1 view .LVU41
 106:/home/pacl/Documents/Repository/sca-2026/lib/crypto_kem/hqc128/pqclean/fft.c ****         break;
 145              		.loc 1 106 18 is_stmt 0 view .LVU42
 146 009c 5388     		ldrh	r3, [r2, #2]
 106:/home/pacl/Documents/Repository/sca-2026/lib/crypto_kem/hqc128/pqclean/fft.c ****         break;
 147              		.loc 1 106 15 view .LVU43
 148 009e 0B80     		strh	r3, [r1]	@ movhi
 107:/home/pacl/Documents/Repository/sca-2026/lib/crypto_kem/hqc128/pqclean/fft.c **** 
 149              		.loc 1 107 9 is_stmt 1 view .LVU44
 150              		.loc 1 113 1 is_stmt 0 view .LVU45
 151 00a0 5DF804FB 		ldr	pc, [sp], #4
 152              	.L3:
  67:/home/pacl/Documents/Repository/sca-2026/lib/crypto_kem/hqc128/pqclean/fft.c ****         f0[6] = f[12] ^ f[14];
 153              		.loc 1 67 9 is_stmt 1 view .LVU46
  67:/home/pacl/Documents/Repository/sca-2026/lib/crypto_kem/hqc128/pqclean/fft.c ****         f0[6] = f[12] ^ f[14];
 154              		.loc 1 67 15 is_stmt 0 view .LVU47
 155 00a4 B2F818C0 		ldrh	ip, [r2, #24]
 156 00a8 138A     		ldrh	r3, [r2, #16]
 157 00aa 83EA0C03 		eor	r3, r3, ip
 158 00ae 0381     		strh	r3, [r0, #8]	@ movhi
  68:/home/pacl/Documents/Repository/sca-2026/lib/crypto_kem/hqc128/pqclean/fft.c ****         f0[7] = f[14] ^ f[15];
 159              		.loc 1 68 9 is_stmt 1 view .LVU48
  68:/home/pacl/Documents/Repository/sca-2026/lib/crypto_kem/hqc128/pqclean/fft.c ****         f0[7] = f[14] ^ f[15];
 160              		.loc 1 68 15 is_stmt 0 view .LVU49
 161 00b0 B2F81CC0 		ldrh	ip, [r2, #28]
 162 00b4 138B     		ldrh	r3, [r2, #24]
 163 00b6 83EA0C03 		eor	r3, r3, ip
 164 00ba 8381     		strh	r3, [r0, #12]	@ movhi
  69:/home/pacl/Documents/Repository/sca-2026/lib/crypto_kem/hqc128/pqclean/fft.c ****         f1[5] = f[11] ^ f[13];
 165              		.loc 1 69 9 is_stmt 1 view .LVU50
  69:/home/pacl/Documents/Repository/sca-2026/lib/crypto_kem/hqc128/pqclean/fft.c ****         f1[5] = f[11] ^ f[13];
 166              		.loc 1 69 15 is_stmt 0 view .LVU51
 167 00bc B2F81EC0 		ldrh	ip, [r2, #30]
 168 00c0 938B     		ldrh	r3, [r2, #28]
 169 00c2 83EA0C03 		eor	r3, r3, ip
 170 00c6 C381     		strh	r3, [r0, #14]	@ movhi
  70:/home/pacl/Documents/Repository/sca-2026/lib/crypto_kem/hqc128/pqclean/fft.c ****         f1[6] = f[13] ^ f[14];
 171              		.loc 1 70 9 is_stmt 1 view .LVU52
  70:/home/pacl/Documents/Repository/sca-2026/lib/crypto_kem/hqc128/pqclean/fft.c ****         f1[6] = f[13] ^ f[14];
 172              		.loc 1 70 15 is_stmt 0 view .LVU53
 173 00c8 B2F81AC0 		ldrh	ip, [r2, #26]
 174 00cc D38A     		ldrh	r3, [r2, #22]
 175 00ce 83EA0C03 		eor	r3, r3, ip
 176 00d2 9BB2     		uxth	r3, r3
 177 00d4 4B81     		strh	r3, [r1, #10]	@ movhi
  71:/home/pacl/Documents/Repository/sca-2026/lib/crypto_kem/hqc128/pqclean/fft.c ****         f1[7] = f[15];
 178              		.loc 1 71 9 is_stmt 1 view .LVU54
  71:/home/pacl/Documents/Repository/sca-2026/lib/crypto_kem/hqc128/pqclean/fft.c ****         f1[7] = f[15];
 179              		.loc 1 71 15 is_stmt 0 view .LVU55
 180 00d6 B2F81CE0 		ldrh	lr, [r2, #28]
 181 00da B2F81AC0 		ldrh	ip, [r2, #26]
 182 00de 8CEA0E0C 		eor	ip, ip, lr
 183 00e2 A1F80CC0 		strh	ip, [r1, #12]	@ movhi
  72:/home/pacl/Documents/Repository/sca-2026/lib/crypto_kem/hqc128/pqclean/fft.c ****         f0[5] = f[10] ^ f[12] ^ f1[5];
 184              		.loc 1 72 9 is_stmt 1 view .LVU56
  72:/home/pacl/Documents/Repository/sca-2026/lib/crypto_kem/hqc128/pqclean/fft.c ****         f0[5] = f[10] ^ f[12] ^ f1[5];
 185              		.loc 1 72 18 is_stmt 0 view .LVU57
 186 00e6 B2F81EC0 		ldrh	ip, [r2, #30]
  72:/home/pacl/Documents/Repository/sca-2026/lib/crypto_kem/hqc128/pqclean/fft.c ****         f0[5] = f[10] ^ f[12] ^ f1[5];
 187              		.loc 1 72 15 view .LVU58
 188 00ea A1F80EC0 		strh	ip, [r1, #14]	@ movhi
  73:/home/pacl/Documents/Repository/sca-2026/lib/crypto_kem/hqc128/pqclean/fft.c ****         f1[4] = f[9] ^ f[13] ^ f0[5];
 189              		.loc 1 73 9 is_stmt 1 view .LVU59
  73:/home/pacl/Documents/Repository/sca-2026/lib/crypto_kem/hqc128/pqclean/fft.c ****         f1[4] = f[9] ^ f[13] ^ f0[5];
 190              		.loc 1 73 15 is_stmt 0 view .LVU60
 191 00ee B2F818E0 		ldrh	lr, [r2, #24]
 192 00f2 B2F814C0 		ldrh	ip, [r2, #20]
 193 00f6 8CEA0E0C 		eor	ip, ip, lr
 194 00fa 83EA0C03 		eor	r3, r3, ip
 195 00fe 9BB2     		uxth	r3, r3
 196 0100 4381     		strh	r3, [r0, #10]	@ movhi
  74:/home/pacl/Documents/Repository/sca-2026/lib/crypto_kem/hqc128/pqclean/fft.c **** 
 197              		.loc 1 74 9 is_stmt 1 view .LVU61
  74:/home/pacl/Documents/Repository/sca-2026/lib/crypto_kem/hqc128/pqclean/fft.c **** 
 198              		.loc 1 74 15 is_stmt 0 view .LVU62
 199 0102 B2F81AE0 		ldrh	lr, [r2, #26]
 200 0106 B2F812C0 		ldrh	ip, [r2, #18]
 201 010a 8CEA0E0C 		eor	ip, ip, lr
 202 010e 83EA0C03 		eor	r3, r3, ip
 203 0112 0B81     		strh	r3, [r1, #8]	@ movhi
  76:/home/pacl/Documents/Repository/sca-2026/lib/crypto_kem/hqc128/pqclean/fft.c ****         f1[3] = f[7] ^ f[11] ^ f[15];
 204              		.loc 1 76 9 is_stmt 1 view .LVU63
  76:/home/pacl/Documents/Repository/sca-2026/lib/crypto_kem/hqc128/pqclean/fft.c ****         f1[3] = f[7] ^ f[11] ^ f[15];
 205              		.loc 1 76 18 is_stmt 0 view .LVU64
 206 0114 1388     		ldrh	r3, [r2]
  76:/home/pacl/Documents/Repository/sca-2026/lib/crypto_kem/hqc128/pqclean/fft.c ****         f1[3] = f[7] ^ f[11] ^ f[15];
 207              		.loc 1 76 15 view .LVU65
 208 0116 0380     		strh	r3, [r0]	@ movhi
  77:/home/pacl/Documents/Repository/sca-2026/lib/crypto_kem/hqc128/pqclean/fft.c ****         f0[3] = f[6] ^ f[10] ^ f[14] ^ f1[3];
 209              		.loc 1 77 9 is_stmt 1 view .LVU66
  77:/home/pacl/Documents/Repository/sca-2026/lib/crypto_kem/hqc128/pqclean/fft.c ****         f0[3] = f[6] ^ f[10] ^ f[14] ^ f1[3];
 210              		.loc 1 77 15 is_stmt 0 view .LVU67
 211 0118 B2F816C0 		ldrh	ip, [r2, #22]
 212 011c D389     		ldrh	r3, [r2, #14]
 213 011e 83EA0C03 		eor	r3, r3, ip
 214 0122 B2F81EC0 		ldrh	ip, [r2, #30]
 215 0126 83EA0C03 		eor	r3, r3, ip
 216 012a 9BB2     		uxth	r3, r3
 217 012c CB80     		strh	r3, [r1, #6]	@ movhi
  78:/home/pacl/Documents/Repository/sca-2026/lib/crypto_kem/hqc128/pqclean/fft.c ****         f0[2] = f[4] ^ f0[4] ^ f0[3] ^ f1[3];
 218              		.loc 1 78 9 is_stmt 1 view .LVU68
  78:/home/pacl/Documents/Repository/sca-2026/lib/crypto_kem/hqc128/pqclean/fft.c ****         f0[2] = f[4] ^ f0[4] ^ f0[3] ^ f1[3];
 219              		.loc 1 78 15 is_stmt 0 view .LVU69
 220 012e B2F814E0 		ldrh	lr, [r2, #20]
 221 0132 B2F80CC0 		ldrh	ip, [r2, #12]
 222 0136 8CEA0E0C 		eor	ip, ip, lr
 223 013a B2F81CE0 		ldrh	lr, [r2, #28]
 224 013e 8CEA0E0C 		eor	ip, ip, lr
 225 0142 83EA0C03 		eor	r3, r3, ip
 226 0146 9BB2     		uxth	r3, r3
 227 0148 C380     		strh	r3, [r0, #6]	@ movhi
  79:/home/pacl/Documents/Repository/sca-2026/lib/crypto_kem/hqc128/pqclean/fft.c ****         f1[1] = f[3] ^ f[5] ^ f[9] ^ f[13] ^ f1[3];
 228              		.loc 1 79 9 is_stmt 1 view .LVU70
  79:/home/pacl/Documents/Repository/sca-2026/lib/crypto_kem/hqc128/pqclean/fft.c ****         f1[1] = f[3] ^ f[5] ^ f[9] ^ f[13] ^ f1[3];
 229              		.loc 1 79 15 is_stmt 0 view .LVU71
 230 014a B0F808C0 		ldrh	ip, [r0, #8]
 231 014e B1F806E0 		ldrh	lr, [r1, #6]
 232 0152 8CEA0E0C 		eor	ip, ip, lr
 233 0156 B2F808E0 		ldrh	lr, [r2, #8]
 234 015a 8CEA0E0C 		eor	ip, ip, lr
 235 015e 83EA0C03 		eor	r3, r3, ip
 236 0162 8380     		strh	r3, [r0, #4]	@ movhi
  80:/home/pacl/Documents/Repository/sca-2026/lib/crypto_kem/hqc128/pqclean/fft.c ****         f1[2] = f[3] ^ f1[1] ^ f0[3];
 237              		.loc 1 80 9 is_stmt 1 view .LVU72
  80:/home/pacl/Documents/Repository/sca-2026/lib/crypto_kem/hqc128/pqclean/fft.c ****         f1[2] = f[3] ^ f1[1] ^ f0[3];
 238              		.loc 1 80 15 is_stmt 0 view .LVU73
 239 0164 B2F80AC0 		ldrh	ip, [r2, #10]
 240 0168 D388     		ldrh	r3, [r2, #6]
 241 016a 83EA0C03 		eor	r3, r3, ip
 242 016e B1F806C0 		ldrh	ip, [r1, #6]
 243 0172 83EA0C03 		eor	r3, r3, ip
 244 0176 B2F812C0 		ldrh	ip, [r2, #18]
 245 017a 83EA0C03 		eor	r3, r3, ip
 246 017e B2F81AC0 		ldrh	ip, [r2, #26]
 247 0182 83EA0C03 		eor	r3, r3, ip
 248 0186 9BB2     		uxth	r3, r3
 249 0188 4B80     		strh	r3, [r1, #2]	@ movhi
  81:/home/pacl/Documents/Repository/sca-2026/lib/crypto_kem/hqc128/pqclean/fft.c ****         f0[1] = f[2] ^ f0[2] ^ f1[1];
 250              		.loc 1 81 9 is_stmt 1 view .LVU74
  81:/home/pacl/Documents/Repository/sca-2026/lib/crypto_kem/hqc128/pqclean/fft.c ****         f0[1] = f[2] ^ f0[2] ^ f1[1];
 251              		.loc 1 81 15 is_stmt 0 view .LVU75
 252 018a B2F806C0 		ldrh	ip, [r2, #6]
 253 018e B0F806E0 		ldrh	lr, [r0, #6]
 254 0192 8CEA0E0C 		eor	ip, ip, lr
 255 0196 83EA0C0C 		eor	ip, r3, ip
 256 019a A1F804C0 		strh	ip, [r1, #4]	@ movhi
  82:/home/pacl/Documents/Repository/sca-2026/lib/crypto_kem/hqc128/pqclean/fft.c ****         f1[0] = f[1] ^ f0[1];
 257              		.loc 1 82 9 is_stmt 1 view .LVU76
 258 019e 5CE7     		b	.L10
 259              		.cfi_endproc
 260              	.LFE2:
 262              		.section	.text.fft_rec.constprop.2,"ax",%progbits
 263              		.align	1
 264              		.p2align 2,,3
 265              		.syntax unified
 266              		.thumb
 267              		.thumb_func
 269              	fft_rec.constprop.2:
 270              	.LVL7:
 271              	.LFB8:
 114:/home/pacl/Documents/Repository/sca-2026/lib/crypto_kem/hqc128/pqclean/fft.c **** 
 115:/home/pacl/Documents/Repository/sca-2026/lib/crypto_kem/hqc128/pqclean/fft.c **** static void radix_big(uint16_t *f0, uint16_t *f1, const uint16_t *f, uint32_t m_f) {
 116:/home/pacl/Documents/Repository/sca-2026/lib/crypto_kem/hqc128/pqclean/fft.c ****     uint16_t Q[2 * (1 << (PARAM_FFT - 2)) + 1] = {0};
 117:/home/pacl/Documents/Repository/sca-2026/lib/crypto_kem/hqc128/pqclean/fft.c ****     uint16_t R[2 * (1 << (PARAM_FFT - 2)) + 1] = {0};
 118:/home/pacl/Documents/Repository/sca-2026/lib/crypto_kem/hqc128/pqclean/fft.c **** 
 119:/home/pacl/Documents/Repository/sca-2026/lib/crypto_kem/hqc128/pqclean/fft.c ****     uint16_t Q0[1 << (PARAM_FFT - 2)] = {0};
 120:/home/pacl/Documents/Repository/sca-2026/lib/crypto_kem/hqc128/pqclean/fft.c ****     uint16_t Q1[1 << (PARAM_FFT - 2)] = {0};
 121:/home/pacl/Documents/Repository/sca-2026/lib/crypto_kem/hqc128/pqclean/fft.c ****     uint16_t R0[1 << (PARAM_FFT - 2)] = {0};
 122:/home/pacl/Documents/Repository/sca-2026/lib/crypto_kem/hqc128/pqclean/fft.c ****     uint16_t R1[1 << (PARAM_FFT - 2)] = {0};
 123:/home/pacl/Documents/Repository/sca-2026/lib/crypto_kem/hqc128/pqclean/fft.c **** 
 124:/home/pacl/Documents/Repository/sca-2026/lib/crypto_kem/hqc128/pqclean/fft.c ****     size_t i, n;
 125:/home/pacl/Documents/Repository/sca-2026/lib/crypto_kem/hqc128/pqclean/fft.c **** 
 126:/home/pacl/Documents/Repository/sca-2026/lib/crypto_kem/hqc128/pqclean/fft.c ****     n = 1;
 127:/home/pacl/Documents/Repository/sca-2026/lib/crypto_kem/hqc128/pqclean/fft.c ****     n <<= (m_f - 2);
 128:/home/pacl/Documents/Repository/sca-2026/lib/crypto_kem/hqc128/pqclean/fft.c ****     memcpy(Q, f + 3 * n, 2 * n);
 129:/home/pacl/Documents/Repository/sca-2026/lib/crypto_kem/hqc128/pqclean/fft.c ****     memcpy(Q + n, f + 3 * n, 2 * n);
 130:/home/pacl/Documents/Repository/sca-2026/lib/crypto_kem/hqc128/pqclean/fft.c ****     memcpy(R, f, 4 * n);
 131:/home/pacl/Documents/Repository/sca-2026/lib/crypto_kem/hqc128/pqclean/fft.c **** 
 132:/home/pacl/Documents/Repository/sca-2026/lib/crypto_kem/hqc128/pqclean/fft.c ****     for (i = 0; i < n; ++i) {
 133:/home/pacl/Documents/Repository/sca-2026/lib/crypto_kem/hqc128/pqclean/fft.c ****         Q[i] ^= f[2 * n + i];
 134:/home/pacl/Documents/Repository/sca-2026/lib/crypto_kem/hqc128/pqclean/fft.c ****         R[n + i] ^= Q[i];
 135:/home/pacl/Documents/Repository/sca-2026/lib/crypto_kem/hqc128/pqclean/fft.c ****     }
 136:/home/pacl/Documents/Repository/sca-2026/lib/crypto_kem/hqc128/pqclean/fft.c **** 
 137:/home/pacl/Documents/Repository/sca-2026/lib/crypto_kem/hqc128/pqclean/fft.c ****     radix(Q0, Q1, Q, m_f - 1);
 138:/home/pacl/Documents/Repository/sca-2026/lib/crypto_kem/hqc128/pqclean/fft.c ****     radix(R0, R1, R, m_f - 1);
 139:/home/pacl/Documents/Repository/sca-2026/lib/crypto_kem/hqc128/pqclean/fft.c **** 
 140:/home/pacl/Documents/Repository/sca-2026/lib/crypto_kem/hqc128/pqclean/fft.c ****     memcpy(f0, R0, 2 * n);
 141:/home/pacl/Documents/Repository/sca-2026/lib/crypto_kem/hqc128/pqclean/fft.c ****     memcpy(f0 + n, Q0, 2 * n);
 142:/home/pacl/Documents/Repository/sca-2026/lib/crypto_kem/hqc128/pqclean/fft.c ****     memcpy(f1, R1, 2 * n);
 143:/home/pacl/Documents/Repository/sca-2026/lib/crypto_kem/hqc128/pqclean/fft.c ****     memcpy(f1 + n, Q1, 2 * n);
 144:/home/pacl/Documents/Repository/sca-2026/lib/crypto_kem/hqc128/pqclean/fft.c **** }
 145:/home/pacl/Documents/Repository/sca-2026/lib/crypto_kem/hqc128/pqclean/fft.c **** 
 146:/home/pacl/Documents/Repository/sca-2026/lib/crypto_kem/hqc128/pqclean/fft.c **** /**
 147:/home/pacl/Documents/Repository/sca-2026/lib/crypto_kem/hqc128/pqclean/fft.c ****  * @brief Evaluates f at all subset sums of a given set
 148:/home/pacl/Documents/Repository/sca-2026/lib/crypto_kem/hqc128/pqclean/fft.c ****  *
 149:/home/pacl/Documents/Repository/sca-2026/lib/crypto_kem/hqc128/pqclean/fft.c ****  * This function is a subroutine of the function PQCLEAN_HQC128_CLEAN_fft.
 150:/home/pacl/Documents/Repository/sca-2026/lib/crypto_kem/hqc128/pqclean/fft.c ****  *
 151:/home/pacl/Documents/Repository/sca-2026/lib/crypto_kem/hqc128/pqclean/fft.c ****  * @param[out] w Array
 152:/home/pacl/Documents/Repository/sca-2026/lib/crypto_kem/hqc128/pqclean/fft.c ****  * @param[in] f Array
 153:/home/pacl/Documents/Repository/sca-2026/lib/crypto_kem/hqc128/pqclean/fft.c ****  * @param[in] f_coeffs Number of coefficients of f
 154:/home/pacl/Documents/Repository/sca-2026/lib/crypto_kem/hqc128/pqclean/fft.c ****  * @param[in] m Number of betas
 155:/home/pacl/Documents/Repository/sca-2026/lib/crypto_kem/hqc128/pqclean/fft.c ****  * @param[in] m_f Number of coefficients of f (one more than its degree)
 156:/home/pacl/Documents/Repository/sca-2026/lib/crypto_kem/hqc128/pqclean/fft.c ****  * @param[in] betas FFT constants
 157:/home/pacl/Documents/Repository/sca-2026/lib/crypto_kem/hqc128/pqclean/fft.c ****  */
 158:/home/pacl/Documents/Repository/sca-2026/lib/crypto_kem/hqc128/pqclean/fft.c **** static void fft_rec(uint16_t *w, uint16_t *f, size_t f_coeffs, uint8_t m, uint32_t m_f, const uint1
 272              		.loc 1 158 13 view -0
 273              		.cfi_startproc
 274              		@ args = 0, pretend = 0, frame = 16
 275              		@ frame_needed = 0, uses_anonymous_args = 0
 159:/home/pacl/Documents/Repository/sca-2026/lib/crypto_kem/hqc128/pqclean/fft.c ****     uint16_t f0[1 << (PARAM_FFT - 2)] = {0};
 276              		.loc 1 159 5 view .LVU78
 160:/home/pacl/Documents/Repository/sca-2026/lib/crypto_kem/hqc128/pqclean/fft.c ****     uint16_t f1[1 << (PARAM_FFT - 2)] = {0};
 277              		.loc 1 160 5 view .LVU79
 161:/home/pacl/Documents/Repository/sca-2026/lib/crypto_kem/hqc128/pqclean/fft.c ****     uint16_t gammas[PARAM_M - 2] = {0};
 278              		.loc 1 161 5 view .LVU80
 162:/home/pacl/Documents/Repository/sca-2026/lib/crypto_kem/hqc128/pqclean/fft.c ****     uint16_t deltas[PARAM_M - 2] = {0};
 279              		.loc 1 162 5 view .LVU81
 163:/home/pacl/Documents/Repository/sca-2026/lib/crypto_kem/hqc128/pqclean/fft.c ****     uint16_t gammas_sums[1 << (PARAM_M - 2)] = {0};
 280              		.loc 1 163 5 view .LVU82
 164:/home/pacl/Documents/Repository/sca-2026/lib/crypto_kem/hqc128/pqclean/fft.c ****     uint16_t u[1 << (PARAM_M - 2)] = {0};
 281              		.loc 1 164 5 view .LVU83
 165:/home/pacl/Documents/Repository/sca-2026/lib/crypto_kem/hqc128/pqclean/fft.c ****     uint16_t v[1 << (PARAM_M - 2)] = {0};
 282              		.loc 1 165 5 view .LVU84
 166:/home/pacl/Documents/Repository/sca-2026/lib/crypto_kem/hqc128/pqclean/fft.c ****     uint16_t tmp[PARAM_M - (PARAM_FFT - 1)] = {0};
 283              		.loc 1 166 5 view .LVU85
 158:/home/pacl/Documents/Repository/sca-2026/lib/crypto_kem/hqc128/pqclean/fft.c ****     uint16_t f0[1 << (PARAM_FFT - 2)] = {0};
 284              		.loc 1 158 13 is_stmt 0 view .LVU86
 285 0000 2DE9F043 		push	{r4, r5, r6, r7, r8, r9, lr}
 286              	.LCFI1:
 287              		.cfi_def_cfa_offset 28
 288              		.cfi_offset 4, -28
 289              		.cfi_offset 5, -24
 290              		.cfi_offset 6, -20
 291              		.cfi_offset 7, -16
 292              		.cfi_offset 8, -12
 293              		.cfi_offset 9, -8
 294              		.cfi_offset 14, -4
 295              		.loc 1 166 14 view .LVU87
 296 0004 0022     		movs	r2, #0
 297              	.LVL8:
 158:/home/pacl/Documents/Repository/sca-2026/lib/crypto_kem/hqc128/pqclean/fft.c ****     uint16_t f0[1 << (PARAM_FFT - 2)] = {0};
 298              		.loc 1 158 13 view .LVU88
 299 0006 85B0     		sub	sp, sp, #20
 300              	.LCFI2:
 301              		.cfi_def_cfa_offset 48
 302              		.loc 1 166 14 view .LVU89
 303 0008 CDE90122 		strd	r2, r2, [sp, #4]
 304 000c 01AD     		add	r5, sp, #4
 158:/home/pacl/Documents/Repository/sca-2026/lib/crypto_kem/hqc128/pqclean/fft.c ****     uint16_t f0[1 << (PARAM_FFT - 2)] = {0};
 305              		.loc 1 158 13 view .LVU90
 306 000e 0446     		mov	r4, r0
 307 0010 0F46     		mov	r7, r1
 308              		.loc 1 166 14 view .LVU91
 309 0012 ADF80C20 		strh	r2, [sp, #12]	@ movhi
 167:/home/pacl/Documents/Repository/sca-2026/lib/crypto_kem/hqc128/pqclean/fft.c **** 
 168:/home/pacl/Documents/Repository/sca-2026/lib/crypto_kem/hqc128/pqclean/fft.c ****     uint16_t beta_m_pow;
 310              		.loc 1 168 5 is_stmt 1 view .LVU92
 169:/home/pacl/Documents/Repository/sca-2026/lib/crypto_kem/hqc128/pqclean/fft.c ****     size_t i, j, k;
 311              		.loc 1 169 5 view .LVU93
 170:/home/pacl/Documents/Repository/sca-2026/lib/crypto_kem/hqc128/pqclean/fft.c ****     size_t x;
 312              		.loc 1 170 5 view .LVU94
 171:/home/pacl/Documents/Repository/sca-2026/lib/crypto_kem/hqc128/pqclean/fft.c **** 
 172:/home/pacl/Documents/Repository/sca-2026/lib/crypto_kem/hqc128/pqclean/fft.c ****     // Step 1
 173:/home/pacl/Documents/Repository/sca-2026/lib/crypto_kem/hqc128/pqclean/fft.c ****     if (m_f == 1) {
 313              		.loc 1 173 5 view .LVU95
 314              	.LVL9:
 174:/home/pacl/Documents/Repository/sca-2026/lib/crypto_kem/hqc128/pqclean/fft.c ****         for (i = 0; i < m; ++i) {
 315              		.loc 1 174 23 discriminator 1 view .LVU96
 316 0016 A3F10208 		sub	r8, r3, #2
 317 001a 03F10806 		add	r6, r3, #8
 166:/home/pacl/Documents/Repository/sca-2026/lib/crypto_kem/hqc128/pqclean/fft.c **** 
 318              		.loc 1 166 14 is_stmt 0 view .LVU97
 319 001e A946     		mov	r9, r5
 320              	.LVL10:
 321              	.L13:
 175:/home/pacl/Documents/Repository/sca-2026/lib/crypto_kem/hqc128/pqclean/fft.c ****             tmp[i] = PQCLEAN_HQC128_CLEAN_gf_mul(betas[i], f[1]);
 322              		.loc 1 175 13 is_stmt 1 view .LVU98
 323              		.loc 1 175 22 is_stmt 0 view .LVU99
 324 0020 38F8020F 		ldrh	r0, [r8, #2]!
 325 0024 7988     		ldrh	r1, [r7, #2]
 326 0026 FFF7FEFF 		bl	PQCLEAN_HQC128_CLEAN_gf_mul
 327              	.LVL11:
 174:/home/pacl/Documents/Repository/sca-2026/lib/crypto_kem/hqc128/pqclean/fft.c ****         for (i = 0; i < m; ++i) {
 328              		.loc 1 174 23 discriminator 1 view .LVU100
 329 002a 4645     		cmp	r6, r8
 330              		.loc 1 175 20 discriminator 1 view .LVU101
 331 002c 29F8020B 		strh	r0, [r9], #2	@ movhi
 174:/home/pacl/Documents/Repository/sca-2026/lib/crypto_kem/hqc128/pqclean/fft.c ****         for (i = 0; i < m; ++i) {
 332              		.loc 1 174 28 is_stmt 1 discriminator 3 view .LVU102
 174:/home/pacl/Documents/Repository/sca-2026/lib/crypto_kem/hqc128/pqclean/fft.c ****         for (i = 0; i < m; ++i) {
 333              		.loc 1 174 23 discriminator 1 view .LVU103
 334 0030 F6D1     		bne	.L13
 176:/home/pacl/Documents/Repository/sca-2026/lib/crypto_kem/hqc128/pqclean/fft.c ****         }
 177:/home/pacl/Documents/Repository/sca-2026/lib/crypto_kem/hqc128/pqclean/fft.c **** 
 178:/home/pacl/Documents/Repository/sca-2026/lib/crypto_kem/hqc128/pqclean/fft.c ****         w[0] = f[0];
 335              		.loc 1 178 9 view .LVU104
 336              		.loc 1 178 17 is_stmt 0 view .LVU105
 337 0032 3B88     		ldrh	r3, [r7]
 338              		.loc 1 178 14 view .LVU106
 339 0034 2380     		strh	r3, [r4]	@ movhi
 179:/home/pacl/Documents/Repository/sca-2026/lib/crypto_kem/hqc128/pqclean/fft.c ****         x = 1;
 340              		.loc 1 179 9 is_stmt 1 view .LVU107
 341              	.LVL12:
 180:/home/pacl/Documents/Repository/sca-2026/lib/crypto_kem/hqc128/pqclean/fft.c ****         for (j = 0; j < m; ++j) {
 342              		.loc 1 180 9 view .LVU108
 343              		.loc 1 180 23 discriminator 1 view .LVU109
 344 0036 0DF10E00 		add	r0, sp, #14
 179:/home/pacl/Documents/Repository/sca-2026/lib/crypto_kem/hqc128/pqclean/fft.c ****         x = 1;
 345              		.loc 1 179 11 is_stmt 0 view .LVU110
 346 003a 0123     		movs	r3, #1
 347 003c 6FF0004E 		mvn	lr, #-2147483648
 348              	.LVL13:
 349              	.L14:
 181:/home/pacl/Documents/Repository/sca-2026/lib/crypto_kem/hqc128/pqclean/fft.c ****             for (k = 0; k < x; ++k) {
 350              		.loc 1 181 27 is_stmt 1 discriminator 1 view .LVU111
 351 0040 9C46     		mov	ip, r3
 352 0042 A3B1     		cbz	r3, .L22
 353              		.loc 1 181 27 is_stmt 0 discriminator 1 view .LVU112
 354 0044 5A1E     		subs	r2, r3, #1
 355 0046 072A     		cmp	r2, #7
 182:/home/pacl/Documents/Repository/sca-2026/lib/crypto_kem/hqc128/pqclean/fft.c ****                 w[x + k] = w[k] ^ tmp[j];
 356              		.loc 1 182 38 view .LVU113
 357 0048 2E88     		ldrh	r6, [r5]
 358 004a 4FEA430C 		lsl	ip, r3, #1
 359 004e 02D9     		bls	.L15
 360 0050 BCF1020F 		cmp	ip, #2
 361 0054 12D1     		bne	.L35
 362              	.L15:
 363 0056 7344     		add	r3, r3, lr
 364 0058 04EB4301 		add	r1, r4, r3, lsl #1
 365 005c 0F46     		mov	r7, r1
 366 005e A21E     		subs	r2, r4, #2
 367              	.LVL14:
 368              	.L18:
 369              		.loc 1 182 17 is_stmt 1 view .LVU114
 370              		.loc 1 182 26 is_stmt 0 view .LVU115
 371 0060 32F8023F 		ldrh	r3, [r2, #2]!
 372 0064 7340     		eors	r3, r3, r6
 181:/home/pacl/Documents/Repository/sca-2026/lib/crypto_kem/hqc128/pqclean/fft.c ****             for (k = 0; k < x; ++k) {
 373              		.loc 1 181 27 discriminator 1 view .LVU116
 374 0066 9742     		cmp	r7, r2
 375              		.loc 1 182 26 view .LVU117
 376 0068 21F8023F 		strh	r3, [r1, #2]!	@ movhi
 181:/home/pacl/Documents/Repository/sca-2026/lib/crypto_kem/hqc128/pqclean/fft.c ****             for (k = 0; k < x; ++k) {
 377              		.loc 1 181 32 is_stmt 1 discriminator 3 view .LVU118
 181:/home/pacl/Documents/Repository/sca-2026/lib/crypto_kem/hqc128/pqclean/fft.c ****             for (k = 0; k < x; ++k) {
 378              		.loc 1 181 27 discriminator 1 view .LVU119
 379 006c F8D1     		bne	.L18
 380              	.L22:
 183:/home/pacl/Documents/Repository/sca-2026/lib/crypto_kem/hqc128/pqclean/fft.c ****             }
 184:/home/pacl/Documents/Repository/sca-2026/lib/crypto_kem/hqc128/pqclean/fft.c ****             x <<= 1;
 381              		.loc 1 184 13 view .LVU120
 382              	.LVL15:
 180:/home/pacl/Documents/Repository/sca-2026/lib/crypto_kem/hqc128/pqclean/fft.c ****             for (k = 0; k < x; ++k) {
 383              		.loc 1 180 23 is_stmt 0 discriminator 1 view .LVU121
 384 006e 0235     		adds	r5, r5, #2
 385 0070 A842     		cmp	r0, r5
 386              		.loc 1 184 15 view .LVU122
 387 0072 6346     		mov	r3, ip
 388              	.LVL16:
 180:/home/pacl/Documents/Repository/sca-2026/lib/crypto_kem/hqc128/pqclean/fft.c ****             for (k = 0; k < x; ++k) {
 389              		.loc 1 180 28 is_stmt 1 discriminator 2 view .LVU123
 180:/home/pacl/Documents/Repository/sca-2026/lib/crypto_kem/hqc128/pqclean/fft.c ****             for (k = 0; k < x; ++k) {
 390              		.loc 1 180 23 discriminator 1 view .LVU124
 391 0074 E4D1     		bne	.L14
 392              	.L12:
 185:/home/pacl/Documents/Repository/sca-2026/lib/crypto_kem/hqc128/pqclean/fft.c ****         }
 186:/home/pacl/Documents/Repository/sca-2026/lib/crypto_kem/hqc128/pqclean/fft.c **** 
 187:/home/pacl/Documents/Repository/sca-2026/lib/crypto_kem/hqc128/pqclean/fft.c ****         return;
 188:/home/pacl/Documents/Repository/sca-2026/lib/crypto_kem/hqc128/pqclean/fft.c ****     }
 189:/home/pacl/Documents/Repository/sca-2026/lib/crypto_kem/hqc128/pqclean/fft.c **** 
 190:/home/pacl/Documents/Repository/sca-2026/lib/crypto_kem/hqc128/pqclean/fft.c ****     // Step 2: compute g
 191:/home/pacl/Documents/Repository/sca-2026/lib/crypto_kem/hqc128/pqclean/fft.c ****     if (betas[m - 1] != 1) {
 192:/home/pacl/Documents/Repository/sca-2026/lib/crypto_kem/hqc128/pqclean/fft.c ****         beta_m_pow = 1;
 193:/home/pacl/Documents/Repository/sca-2026/lib/crypto_kem/hqc128/pqclean/fft.c ****         x = 1;
 194:/home/pacl/Documents/Repository/sca-2026/lib/crypto_kem/hqc128/pqclean/fft.c ****         x <<= m_f;
 195:/home/pacl/Documents/Repository/sca-2026/lib/crypto_kem/hqc128/pqclean/fft.c ****         for (i = 1; i < x; ++i) {
 196:/home/pacl/Documents/Repository/sca-2026/lib/crypto_kem/hqc128/pqclean/fft.c ****             beta_m_pow = PQCLEAN_HQC128_CLEAN_gf_mul(beta_m_pow, betas[m - 1]);
 197:/home/pacl/Documents/Repository/sca-2026/lib/crypto_kem/hqc128/pqclean/fft.c ****             f[i] = PQCLEAN_HQC128_CLEAN_gf_mul(beta_m_pow, f[i]);
 198:/home/pacl/Documents/Repository/sca-2026/lib/crypto_kem/hqc128/pqclean/fft.c ****         }
 199:/home/pacl/Documents/Repository/sca-2026/lib/crypto_kem/hqc128/pqclean/fft.c ****     }
 200:/home/pacl/Documents/Repository/sca-2026/lib/crypto_kem/hqc128/pqclean/fft.c **** 
 201:/home/pacl/Documents/Repository/sca-2026/lib/crypto_kem/hqc128/pqclean/fft.c ****     // Step 3
 202:/home/pacl/Documents/Repository/sca-2026/lib/crypto_kem/hqc128/pqclean/fft.c ****     radix(f0, f1, f, m_f);
 203:/home/pacl/Documents/Repository/sca-2026/lib/crypto_kem/hqc128/pqclean/fft.c **** 
 204:/home/pacl/Documents/Repository/sca-2026/lib/crypto_kem/hqc128/pqclean/fft.c ****     // Step 4: compute gammas and deltas
 205:/home/pacl/Documents/Repository/sca-2026/lib/crypto_kem/hqc128/pqclean/fft.c ****     for (i = 0; i + 1 < m; ++i) {
 206:/home/pacl/Documents/Repository/sca-2026/lib/crypto_kem/hqc128/pqclean/fft.c ****         gammas[i] = PQCLEAN_HQC128_CLEAN_gf_mul(betas[i], PQCLEAN_HQC128_CLEAN_gf_inverse(betas[m -
 207:/home/pacl/Documents/Repository/sca-2026/lib/crypto_kem/hqc128/pqclean/fft.c ****         deltas[i] = PQCLEAN_HQC128_CLEAN_gf_square(gammas[i]) ^ gammas[i];
 208:/home/pacl/Documents/Repository/sca-2026/lib/crypto_kem/hqc128/pqclean/fft.c ****     }
 209:/home/pacl/Documents/Repository/sca-2026/lib/crypto_kem/hqc128/pqclean/fft.c **** 
 210:/home/pacl/Documents/Repository/sca-2026/lib/crypto_kem/hqc128/pqclean/fft.c ****     // Compute gammas sums
 211:/home/pacl/Documents/Repository/sca-2026/lib/crypto_kem/hqc128/pqclean/fft.c ****     compute_subset_sums(gammas_sums, gammas, m - 1);
 212:/home/pacl/Documents/Repository/sca-2026/lib/crypto_kem/hqc128/pqclean/fft.c **** 
 213:/home/pacl/Documents/Repository/sca-2026/lib/crypto_kem/hqc128/pqclean/fft.c ****     // Step 5
 214:/home/pacl/Documents/Repository/sca-2026/lib/crypto_kem/hqc128/pqclean/fft.c ****     fft_rec(u, f0, (f_coeffs + 1) / 2, m - 1, m_f - 1, deltas);
 215:/home/pacl/Documents/Repository/sca-2026/lib/crypto_kem/hqc128/pqclean/fft.c **** 
 216:/home/pacl/Documents/Repository/sca-2026/lib/crypto_kem/hqc128/pqclean/fft.c ****     k = 1;
 217:/home/pacl/Documents/Repository/sca-2026/lib/crypto_kem/hqc128/pqclean/fft.c ****     k <<= ((m - 1) & 0xf); // &0xf is to let the compiler know that m-1 is small.
 218:/home/pacl/Documents/Repository/sca-2026/lib/crypto_kem/hqc128/pqclean/fft.c ****     if (f_coeffs <= 3) { // 3-coefficient polynomial f case: f1 is constant
 219:/home/pacl/Documents/Repository/sca-2026/lib/crypto_kem/hqc128/pqclean/fft.c ****         w[0] = u[0];
 220:/home/pacl/Documents/Repository/sca-2026/lib/crypto_kem/hqc128/pqclean/fft.c ****         w[k] = u[0] ^ f1[0];
 221:/home/pacl/Documents/Repository/sca-2026/lib/crypto_kem/hqc128/pqclean/fft.c ****         for (i = 1; i < k; ++i) {
 222:/home/pacl/Documents/Repository/sca-2026/lib/crypto_kem/hqc128/pqclean/fft.c ****             w[i] = u[i] ^ PQCLEAN_HQC128_CLEAN_gf_mul(gammas_sums[i], f1[0]);
 223:/home/pacl/Documents/Repository/sca-2026/lib/crypto_kem/hqc128/pqclean/fft.c ****             w[k + i] = w[i] ^ f1[0];
 224:/home/pacl/Documents/Repository/sca-2026/lib/crypto_kem/hqc128/pqclean/fft.c ****         }
 225:/home/pacl/Documents/Repository/sca-2026/lib/crypto_kem/hqc128/pqclean/fft.c ****     } else {
 226:/home/pacl/Documents/Repository/sca-2026/lib/crypto_kem/hqc128/pqclean/fft.c ****         fft_rec(v, f1, f_coeffs / 2, m - 1, m_f - 1, deltas);
 227:/home/pacl/Documents/Repository/sca-2026/lib/crypto_kem/hqc128/pqclean/fft.c **** 
 228:/home/pacl/Documents/Repository/sca-2026/lib/crypto_kem/hqc128/pqclean/fft.c ****         // Step 6
 229:/home/pacl/Documents/Repository/sca-2026/lib/crypto_kem/hqc128/pqclean/fft.c ****         memcpy(w + k, v, 2 * k);
 230:/home/pacl/Documents/Repository/sca-2026/lib/crypto_kem/hqc128/pqclean/fft.c ****         w[0] = u[0];
 231:/home/pacl/Documents/Repository/sca-2026/lib/crypto_kem/hqc128/pqclean/fft.c ****         w[k] ^= u[0];
 232:/home/pacl/Documents/Repository/sca-2026/lib/crypto_kem/hqc128/pqclean/fft.c ****         for (i = 1; i < k; ++i) {
 233:/home/pacl/Documents/Repository/sca-2026/lib/crypto_kem/hqc128/pqclean/fft.c ****             w[i] = u[i] ^ PQCLEAN_HQC128_CLEAN_gf_mul(gammas_sums[i], v[i]);
 234:/home/pacl/Documents/Repository/sca-2026/lib/crypto_kem/hqc128/pqclean/fft.c ****             w[k + i] ^= w[i];
 235:/home/pacl/Documents/Repository/sca-2026/lib/crypto_kem/hqc128/pqclean/fft.c ****         }
 236:/home/pacl/Documents/Repository/sca-2026/lib/crypto_kem/hqc128/pqclean/fft.c ****     }
 237:/home/pacl/Documents/Repository/sca-2026/lib/crypto_kem/hqc128/pqclean/fft.c **** }
 393              		.loc 1 237 1 is_stmt 0 view .LVU125
 394 0076 05B0     		add	sp, sp, #20
 395              	.LCFI3:
 396              		.cfi_remember_state
 397              		.cfi_def_cfa_offset 28
 398              		@ sp needed
 399 0078 BDE8F083 		pop	{r4, r5, r6, r7, r8, r9, pc}
 400              	.LVL17:
 401              	.L35:
 402              	.LCFI4:
 403              		.cfi_restore_state
 404              		.loc 1 237 1 view .LVU126
 405 007c 4FF00009 		mov	r9, #0
 406 0080 66F30F09 		bfi	r9, r6, #0, #16
 407 0084 4FEA5308 		lsr	r8, r3, #1
 408 0088 66F31F49 		bfi	r9, r6, #16, #16
 409 008c 04EB8808 		add	r8, r4, r8, lsl #2
 410 0090 2146     		mov	r1, r4
 411 0092 04EB0C07 		add	r7, r4, ip
 412              	.LVL18:
 413              	.L16:
 182:/home/pacl/Documents/Repository/sca-2026/lib/crypto_kem/hqc128/pqclean/fft.c ****             }
 414              		.loc 1 182 17 is_stmt 1 view .LVU127
 182:/home/pacl/Documents/Repository/sca-2026/lib/crypto_kem/hqc128/pqclean/fft.c ****             }
 415              		.loc 1 182 29 is_stmt 0 view .LVU128
 416 0096 51F8042B 		ldr	r2, [r1], #4	@ unaligned
 182:/home/pacl/Documents/Repository/sca-2026/lib/crypto_kem/hqc128/pqclean/fft.c ****             }
 417              		.loc 1 182 26 view .LVU129
 418 009a 82EA0902 		eor	r2, r2, r9
 419 009e 4145     		cmp	r1, r8
 420 00a0 47F8042B 		str	r2, [r7], #4	@ unaligned
 181:/home/pacl/Documents/Repository/sca-2026/lib/crypto_kem/hqc128/pqclean/fft.c ****                 w[x + k] = w[k] ^ tmp[j];
 421              		.loc 1 181 32 is_stmt 1 discriminator 3 view .LVU130
 181:/home/pacl/Documents/Repository/sca-2026/lib/crypto_kem/hqc128/pqclean/fft.c ****                 w[x + k] = w[k] ^ tmp[j];
 422              		.loc 1 181 27 discriminator 1 view .LVU131
 423 00a4 F7D1     		bne	.L16
 424 00a6 D907     		lsls	r1, r3, #31
 425 00a8 23F00102 		bic	r2, r3, #1
 426 00ac DFD5     		bpl	.L22
 427              	.LVL19:
 182:/home/pacl/Documents/Repository/sca-2026/lib/crypto_kem/hqc128/pqclean/fft.c ****             }
 428              		.loc 1 182 17 view .LVU132
 182:/home/pacl/Documents/Repository/sca-2026/lib/crypto_kem/hqc128/pqclean/fft.c ****             }
 429              		.loc 1 182 26 is_stmt 0 view .LVU133
 430 00ae 34F81210 		ldrh	r1, [r4, r2, lsl #1]
 180:/home/pacl/Documents/Repository/sca-2026/lib/crypto_kem/hqc128/pqclean/fft.c ****             for (k = 0; k < x; ++k) {
 431              		.loc 1 180 23 discriminator 1 view .LVU134
 432 00b2 0235     		adds	r5, r5, #2
 182:/home/pacl/Documents/Repository/sca-2026/lib/crypto_kem/hqc128/pqclean/fft.c ****             }
 433              		.loc 1 182 18 view .LVU135
 434 00b4 1A44     		add	r2, r2, r3
 180:/home/pacl/Documents/Repository/sca-2026/lib/crypto_kem/hqc128/pqclean/fft.c ****             for (k = 0; k < x; ++k) {
 435              		.loc 1 180 23 discriminator 1 view .LVU136
 436 00b6 A842     		cmp	r0, r5
 182:/home/pacl/Documents/Repository/sca-2026/lib/crypto_kem/hqc128/pqclean/fft.c ****             }
 437              		.loc 1 182 26 view .LVU137
 438 00b8 86EA0103 		eor	r3, r6, r1
 439 00bc 24F81230 		strh	r3, [r4, r2, lsl #1]	@ movhi
 181:/home/pacl/Documents/Repository/sca-2026/lib/crypto_kem/hqc128/pqclean/fft.c ****                 w[x + k] = w[k] ^ tmp[j];
 440              		.loc 1 181 32 is_stmt 1 discriminator 3 view .LVU138
 181:/home/pacl/Documents/Repository/sca-2026/lib/crypto_kem/hqc128/pqclean/fft.c ****                 w[x + k] = w[k] ^ tmp[j];
 441              		.loc 1 181 27 discriminator 1 view .LVU139
 184:/home/pacl/Documents/Repository/sca-2026/lib/crypto_kem/hqc128/pqclean/fft.c ****         }
 442              		.loc 1 184 13 view .LVU140
 443              	.LVL20:
 184:/home/pacl/Documents/Repository/sca-2026/lib/crypto_kem/hqc128/pqclean/fft.c ****         }
 444              		.loc 1 184 15 is_stmt 0 view .LVU141
 445 00c0 6346     		mov	r3, ip
 446              	.LVL21:
 180:/home/pacl/Documents/Repository/sca-2026/lib/crypto_kem/hqc128/pqclean/fft.c ****             for (k = 0; k < x; ++k) {
 447              		.loc 1 180 28 is_stmt 1 discriminator 2 view .LVU142
 180:/home/pacl/Documents/Repository/sca-2026/lib/crypto_kem/hqc128/pqclean/fft.c ****             for (k = 0; k < x; ++k) {
 448              		.loc 1 180 23 discriminator 1 view .LVU143
 449 00c2 BDD1     		bne	.L14
 450              	.LVL22:
 180:/home/pacl/Documents/Repository/sca-2026/lib/crypto_kem/hqc128/pqclean/fft.c ****             for (k = 0; k < x; ++k) {
 451              		.loc 1 180 23 is_stmt 0 discriminator 1 view .LVU144
 452 00c4 D7E7     		b	.L12
 453              		.cfi_endproc
 454              	.LFE8:
 456 00c6 00BF     		.section	.text.fft_rec.constprop.1,"ax",%progbits
 457              		.align	1
 458              		.p2align 2,,3
 459              		.syntax unified
 460              		.thumb
 461              		.thumb_func
 463              	fft_rec.constprop.1:
 464              	.LVL23:
 465              	.LFB9:
 158:/home/pacl/Documents/Repository/sca-2026/lib/crypto_kem/hqc128/pqclean/fft.c ****     uint16_t f0[1 << (PARAM_FFT - 2)] = {0};
 466              		.loc 1 158 13 is_stmt 1 view -0
 467              		.cfi_startproc
 468              		@ args = 0, pretend = 0, frame = 440
 469              		@ frame_needed = 0, uses_anonymous_args = 0
 159:/home/pacl/Documents/Repository/sca-2026/lib/crypto_kem/hqc128/pqclean/fft.c ****     uint16_t f1[1 << (PARAM_FFT - 2)] = {0};
 470              		.loc 1 159 5 view .LVU146
 158:/home/pacl/Documents/Repository/sca-2026/lib/crypto_kem/hqc128/pqclean/fft.c ****     uint16_t f0[1 << (PARAM_FFT - 2)] = {0};
 471              		.loc 1 158 13 is_stmt 0 view .LVU147
 472 0000 2DE9F04F 		push	{r4, r5, r6, r7, r8, r9, r10, fp, lr}
 473              	.LCFI5:
 474              		.cfi_def_cfa_offset 36
 475              		.cfi_offset 4, -36
 476              		.cfi_offset 5, -32
 477              		.cfi_offset 6, -28
 478              		.cfi_offset 7, -24
 479              		.cfi_offset 8, -20
 480              		.cfi_offset 9, -16
 481              		.cfi_offset 10, -12
 482              		.cfi_offset 11, -8
 483              		.cfi_offset 14, -4
 484 0004 EFB0     		sub	sp, sp, #444
 485              	.LCFI6:
 486              		.cfi_def_cfa_offset 480
 159:/home/pacl/Documents/Repository/sca-2026/lib/crypto_kem/hqc128/pqclean/fft.c ****     uint16_t f1[1 << (PARAM_FFT - 2)] = {0};
 487              		.loc 1 159 14 view .LVU148
 488 0006 0025     		movs	r5, #0
 163:/home/pacl/Documents/Repository/sca-2026/lib/crypto_kem/hqc128/pqclean/fft.c ****     uint16_t u[1 << (PARAM_M - 2)] = {0};
 489              		.loc 1 163 14 view .LVU149
 490 0008 0EAC     		add	r4, sp, #56
 158:/home/pacl/Documents/Repository/sca-2026/lib/crypto_kem/hqc128/pqclean/fft.c ****     uint16_t f0[1 << (PARAM_FFT - 2)] = {0};
 491              		.loc 1 158 13 view .LVU150
 492 000a 0190     		str	r0, [sp, #4]
 493 000c 0292     		str	r2, [sp, #8]
 494 000e 0F46     		mov	r7, r1
 163:/home/pacl/Documents/Repository/sca-2026/lib/crypto_kem/hqc128/pqclean/fft.c ****     uint16_t u[1 << (PARAM_M - 2)] = {0};
 495              		.loc 1 163 14 view .LVU151
 496 0010 8022     		movs	r2, #128
 497              	.LVL24:
 163:/home/pacl/Documents/Repository/sca-2026/lib/crypto_kem/hqc128/pqclean/fft.c ****     uint16_t u[1 << (PARAM_M - 2)] = {0};
 498              		.loc 1 163 14 view .LVU152
 499 0012 2946     		mov	r1, r5
 500              	.LVL25:
 163:/home/pacl/Documents/Repository/sca-2026/lib/crypto_kem/hqc128/pqclean/fft.c ****     uint16_t u[1 << (PARAM_M - 2)] = {0};
 501              		.loc 1 163 14 view .LVU153
 502 0014 2046     		mov	r0, r4
 503              	.LVL26:
 158:/home/pacl/Documents/Repository/sca-2026/lib/crypto_kem/hqc128/pqclean/fft.c ****     uint16_t f0[1 << (PARAM_FFT - 2)] = {0};
 504              		.loc 1 158 13 view .LVU154
 505 0016 9946     		mov	r9, r3
 159:/home/pacl/Documents/Repository/sca-2026/lib/crypto_kem/hqc128/pqclean/fft.c ****     uint16_t f1[1 << (PARAM_FFT - 2)] = {0};
 506              		.loc 1 159 14 view .LVU155
 507 0018 CDE90455 		strd	r5, r5, [sp, #16]
 160:/home/pacl/Documents/Repository/sca-2026/lib/crypto_kem/hqc128/pqclean/fft.c ****     uint16_t gammas[PARAM_M - 2] = {0};
 508              		.loc 1 160 5 is_stmt 1 view .LVU156
 161:/home/pacl/Documents/Repository/sca-2026/lib/crypto_kem/hqc128/pqclean/fft.c ****     uint16_t deltas[PARAM_M - 2] = {0};
 509              		.loc 1 161 14 is_stmt 0 view .LVU157
 510 001c CDE90855 		strd	r5, r5, [sp, #32]
 162:/home/pacl/Documents/Repository/sca-2026/lib/crypto_kem/hqc128/pqclean/fft.c ****     uint16_t gammas_sums[1 << (PARAM_M - 2)] = {0};
 511              		.loc 1 162 14 view .LVU158
 512 0020 CDE90A55 		strd	r5, r5, [sp, #40]
 513 0024 CDE90C55 		strd	r5, r5, [sp, #48]
 160:/home/pacl/Documents/Repository/sca-2026/lib/crypto_kem/hqc128/pqclean/fft.c ****     uint16_t gammas[PARAM_M - 2] = {0};
 514              		.loc 1 160 14 view .LVU159
 515 0028 CDE90655 		strd	r5, r5, [sp, #24]
 161:/home/pacl/Documents/Repository/sca-2026/lib/crypto_kem/hqc128/pqclean/fft.c ****     uint16_t deltas[PARAM_M - 2] = {0};
 516              		.loc 1 161 5 is_stmt 1 view .LVU160
 162:/home/pacl/Documents/Repository/sca-2026/lib/crypto_kem/hqc128/pqclean/fft.c ****     uint16_t gammas_sums[1 << (PARAM_M - 2)] = {0};
 517              		.loc 1 162 5 view .LVU161
 163:/home/pacl/Documents/Repository/sca-2026/lib/crypto_kem/hqc128/pqclean/fft.c ****     uint16_t u[1 << (PARAM_M - 2)] = {0};
 518              		.loc 1 163 5 view .LVU162
 163:/home/pacl/Documents/Repository/sca-2026/lib/crypto_kem/hqc128/pqclean/fft.c ****     uint16_t u[1 << (PARAM_M - 2)] = {0};
 519              		.loc 1 163 14 is_stmt 0 view .LVU163
 520 002c FFF7FEFF 		bl	memset
 521              	.LVL27:
 164:/home/pacl/Documents/Repository/sca-2026/lib/crypto_kem/hqc128/pqclean/fft.c ****     uint16_t v[1 << (PARAM_M - 2)] = {0};
 522              		.loc 1 164 5 is_stmt 1 view .LVU164
 164:/home/pacl/Documents/Repository/sca-2026/lib/crypto_kem/hqc128/pqclean/fft.c ****     uint16_t v[1 << (PARAM_M - 2)] = {0};
 523              		.loc 1 164 14 is_stmt 0 view .LVU165
 524 0030 8022     		movs	r2, #128
 525 0032 2946     		mov	r1, r5
 526 0034 2EA8     		add	r0, sp, #184
 527 0036 FFF7FEFF 		bl	memset
 528              	.LVL28:
 165:/home/pacl/Documents/Repository/sca-2026/lib/crypto_kem/hqc128/pqclean/fft.c ****     uint16_t tmp[PARAM_M - (PARAM_FFT - 1)] = {0};
 529              		.loc 1 165 5 is_stmt 1 view .LVU166
 165:/home/pacl/Documents/Repository/sca-2026/lib/crypto_kem/hqc128/pqclean/fft.c ****     uint16_t tmp[PARAM_M - (PARAM_FFT - 1)] = {0};
 530              		.loc 1 165 14 is_stmt 0 view .LVU167
 531 003a 2946     		mov	r1, r5
 532 003c 8022     		movs	r2, #128
 533 003e 4EA8     		add	r0, sp, #312
 534 0040 FFF7FEFF 		bl	memset
 535              	.LVL29:
 166:/home/pacl/Documents/Repository/sca-2026/lib/crypto_kem/hqc128/pqclean/fft.c **** 
 536              		.loc 1 166 5 is_stmt 1 view .LVU168
 168:/home/pacl/Documents/Repository/sca-2026/lib/crypto_kem/hqc128/pqclean/fft.c ****     size_t i, j, k;
 537              		.loc 1 168 5 view .LVU169
 169:/home/pacl/Documents/Repository/sca-2026/lib/crypto_kem/hqc128/pqclean/fft.c ****     size_t x;
 538              		.loc 1 169 5 view .LVU170
 170:/home/pacl/Documents/Repository/sca-2026/lib/crypto_kem/hqc128/pqclean/fft.c **** 
 539              		.loc 1 170 5 view .LVU171
 173:/home/pacl/Documents/Repository/sca-2026/lib/crypto_kem/hqc128/pqclean/fft.c ****         for (i = 0; i < m; ++i) {
 540              		.loc 1 173 5 view .LVU172
 191:/home/pacl/Documents/Repository/sca-2026/lib/crypto_kem/hqc128/pqclean/fft.c ****         beta_m_pow = 1;
 541              		.loc 1 191 5 view .LVU173
 191:/home/pacl/Documents/Repository/sca-2026/lib/crypto_kem/hqc128/pqclean/fft.c ****         beta_m_pow = 1;
 542              		.loc 1 191 14 is_stmt 0 view .LVU174
 543 0044 B9F80A00 		ldrh	r0, [r9, #10]
 191:/home/pacl/Documents/Repository/sca-2026/lib/crypto_kem/hqc128/pqclean/fft.c ****         beta_m_pow = 1;
 544              		.loc 1 191 8 view .LVU175
 545 0048 0128     		cmp	r0, #1
 546 004a 14D0     		beq	.L37
 547 004c B846     		mov	r8, r7
 548 004e BE1D     		adds	r6, r7, #6
 192:/home/pacl/Documents/Repository/sca-2026/lib/crypto_kem/hqc128/pqclean/fft.c ****         x = 1;
 549              		.loc 1 192 20 view .LVU176
 550 0050 0125     		movs	r5, #1
 551 0052 0146     		mov	r1, r0
 552 0054 01E0     		b	.L39
 553              	.LVL30:
 554              	.L38:
 206:/home/pacl/Documents/Repository/sca-2026/lib/crypto_kem/hqc128/pqclean/fft.c ****         deltas[i] = PQCLEAN_HQC128_CLEAN_gf_square(gammas[i]) ^ gammas[i];
 555              		.loc 1 206 21 view .LVU177
 556 0056 B9F80A10 		ldrh	r1, [r9, #10]
 557              	.LVL31:
 558              	.L39:
 196:/home/pacl/Documents/Repository/sca-2026/lib/crypto_kem/hqc128/pqclean/fft.c ****             f[i] = PQCLEAN_HQC128_CLEAN_gf_mul(beta_m_pow, f[i]);
 559              		.loc 1 196 13 is_stmt 1 view .LVU178
 196:/home/pacl/Documents/Repository/sca-2026/lib/crypto_kem/hqc128/pqclean/fft.c ****             f[i] = PQCLEAN_HQC128_CLEAN_gf_mul(beta_m_pow, f[i]);
 560              		.loc 1 196 26 is_stmt 0 view .LVU179
 561 005a 2846     		mov	r0, r5
 562 005c FFF7FEFF 		bl	PQCLEAN_HQC128_CLEAN_gf_mul
 563              	.LVL32:
 197:/home/pacl/Documents/Repository/sca-2026/lib/crypto_kem/hqc128/pqclean/fft.c ****         }
 564              		.loc 1 197 20 view .LVU180
 565 0060 38F8021F 		ldrh	r1, [r8, #2]!
 196:/home/pacl/Documents/Repository/sca-2026/lib/crypto_kem/hqc128/pqclean/fft.c ****             f[i] = PQCLEAN_HQC128_CLEAN_gf_mul(beta_m_pow, f[i]);
 566              		.loc 1 196 26 view .LVU181
 567 0064 0546     		mov	r5, r0
 568              	.LVL33:
 197:/home/pacl/Documents/Repository/sca-2026/lib/crypto_kem/hqc128/pqclean/fft.c ****         }
 569              		.loc 1 197 13 is_stmt 1 view .LVU182
 197:/home/pacl/Documents/Repository/sca-2026/lib/crypto_kem/hqc128/pqclean/fft.c ****         }
 570              		.loc 1 197 20 is_stmt 0 view .LVU183
 571 0066 FFF7FEFF 		bl	PQCLEAN_HQC128_CLEAN_gf_mul
 572              	.LVL34:
 195:/home/pacl/Documents/Repository/sca-2026/lib/crypto_kem/hqc128/pqclean/fft.c ****             beta_m_pow = PQCLEAN_HQC128_CLEAN_gf_mul(beta_m_pow, betas[m - 1]);
 573              		.loc 1 195 23 discriminator 1 view .LVU184
 574 006a 4645     		cmp	r6, r8
 197:/home/pacl/Documents/Repository/sca-2026/lib/crypto_kem/hqc128/pqclean/fft.c ****         }
 575              		.loc 1 197 18 discriminator 1 view .LVU185
 576 006c A8F80000 		strh	r0, [r8]	@ movhi
 195:/home/pacl/Documents/Repository/sca-2026/lib/crypto_kem/hqc128/pqclean/fft.c ****             beta_m_pow = PQCLEAN_HQC128_CLEAN_gf_mul(beta_m_pow, betas[m - 1]);
 577              		.loc 1 195 28 is_stmt 1 discriminator 3 view .LVU186
 195:/home/pacl/Documents/Repository/sca-2026/lib/crypto_kem/hqc128/pqclean/fft.c ****             beta_m_pow = PQCLEAN_HQC128_CLEAN_gf_mul(beta_m_pow, betas[m - 1]);
 578              		.loc 1 195 23 discriminator 1 view .LVU187
 579 0070 F1D1     		bne	.L38
 206:/home/pacl/Documents/Repository/sca-2026/lib/crypto_kem/hqc128/pqclean/fft.c ****         deltas[i] = PQCLEAN_HQC128_CLEAN_gf_square(gammas[i]) ^ gammas[i];
 580              		.loc 1 206 21 is_stmt 0 view .LVU188
 581 0072 B9F80A00 		ldrh	r0, [r9, #10]
 582              	.LVL35:
 583              	.L37:
 202:/home/pacl/Documents/Repository/sca-2026/lib/crypto_kem/hqc128/pqclean/fft.c **** 
 584              		.loc 1 202 5 is_stmt 1 view .LVU189
 585              	.LBB14:
 586              	.LBI14:
  64:/home/pacl/Documents/Repository/sca-2026/lib/crypto_kem/hqc128/pqclean/fft.c ****     switch (m_f) {
 587              		.loc 1 64 13 view .LVU190
 588              	.LBB15:
  65:/home/pacl/Documents/Repository/sca-2026/lib/crypto_kem/hqc128/pqclean/fft.c ****     case 4:
 589              		.loc 1 65 5 view .LVU191
  98:/home/pacl/Documents/Repository/sca-2026/lib/crypto_kem/hqc128/pqclean/fft.c ****         f0[1] = f[2] ^ f[3];
 590              		.loc 1 98 9 view .LVU192
  99:/home/pacl/Documents/Repository/sca-2026/lib/crypto_kem/hqc128/pqclean/fft.c ****         f1[0] = f[1] ^ f0[1];
 591              		.loc 1 99 25 is_stmt 0 view .LVU193
 592 0076 FE88     		ldrh	r6, [r7, #6]
  99:/home/pacl/Documents/Repository/sca-2026/lib/crypto_kem/hqc128/pqclean/fft.c ****         f1[0] = f[1] ^ f0[1];
 593              		.loc 1 99 15 view .LVU194
 594 0078 BA88     		ldrh	r2, [r7, #4]
 101:/home/pacl/Documents/Repository/sca-2026/lib/crypto_kem/hqc128/pqclean/fft.c ****         break;
 595              		.loc 1 101 15 view .LVU195
 596 007a ADF81A60 		strh	r6, [sp, #26]	@ movhi
  99:/home/pacl/Documents/Repository/sca-2026/lib/crypto_kem/hqc128/pqclean/fft.c ****         f1[0] = f[1] ^ f0[1];
 597              		.loc 1 99 15 view .LVU196
 598 007e 5640     		eors	r6, r6, r2
 100:/home/pacl/Documents/Repository/sca-2026/lib/crypto_kem/hqc128/pqclean/fft.c ****         f1[1] = f[3];
 599              		.loc 1 100 15 view .LVU197
 600 0080 7A88     		ldrh	r2, [r7, #2]
  99:/home/pacl/Documents/Repository/sca-2026/lib/crypto_kem/hqc128/pqclean/fft.c ****         f1[0] = f[1] ^ f0[1];
 601              		.loc 1 99 15 view .LVU198
 602 0082 ADF81260 		strh	r6, [sp, #18]	@ movhi
 603 0086 08AD     		add	r5, sp, #32
 100:/home/pacl/Documents/Repository/sca-2026/lib/crypto_kem/hqc128/pqclean/fft.c ****         f1[1] = f[3];
 604              		.loc 1 100 15 view .LVU199
 605 0088 5640     		eors	r6, r6, r2
 606 008a 0DF12C0B 		add	fp, sp, #44
  98:/home/pacl/Documents/Repository/sca-2026/lib/crypto_kem/hqc128/pqclean/fft.c ****         f0[1] = f[2] ^ f[3];
 607              		.loc 1 98 15 view .LVU200
 608 008e 3A88     		ldrh	r2, [r7]
 101:/home/pacl/Documents/Repository/sca-2026/lib/crypto_kem/hqc128/pqclean/fft.c ****         break;
 609              		.loc 1 101 15 view .LVU201
 610 0090 0395     		str	r5, [sp, #12]
 611 0092 09F10803 		add	r3, r9, #8
 612 0096 A9F10207 		sub	r7, r9, #2
 613              	.LVL36:
 101:/home/pacl/Documents/Repository/sca-2026/lib/crypto_kem/hqc128/pqclean/fft.c ****         break;
 614              		.loc 1 101 15 view .LVU202
 615 009a A846     		mov	r8, r5
  98:/home/pacl/Documents/Repository/sca-2026/lib/crypto_kem/hqc128/pqclean/fft.c ****         f0[1] = f[2] ^ f[3];
 616              		.loc 1 98 15 view .LVU203
 617 009c ADF81020 		strh	r2, [sp, #16]	@ movhi
  99:/home/pacl/Documents/Repository/sca-2026/lib/crypto_kem/hqc128/pqclean/fft.c ****         f1[0] = f[1] ^ f0[1];
 618              		.loc 1 99 9 is_stmt 1 view .LVU204
 100:/home/pacl/Documents/Repository/sca-2026/lib/crypto_kem/hqc128/pqclean/fft.c ****         f1[1] = f[3];
 619              		.loc 1 100 9 view .LVU205
 101:/home/pacl/Documents/Repository/sca-2026/lib/crypto_kem/hqc128/pqclean/fft.c ****         break;
 620              		.loc 1 101 15 is_stmt 0 view .LVU206
 621 00a0 5D46     		mov	r5, fp
 100:/home/pacl/Documents/Repository/sca-2026/lib/crypto_kem/hqc128/pqclean/fft.c ****         f1[1] = f[3];
 622              		.loc 1 100 15 view .LVU207
 623 00a2 ADF81860 		strh	r6, [sp, #24]	@ movhi
 101:/home/pacl/Documents/Repository/sca-2026/lib/crypto_kem/hqc128/pqclean/fft.c ****         break;
 624              		.loc 1 101 9 is_stmt 1 view .LVU208
 102:/home/pacl/Documents/Repository/sca-2026/lib/crypto_kem/hqc128/pqclean/fft.c **** 
 625              		.loc 1 102 9 view .LVU209
 626              	.LVL37:
 102:/home/pacl/Documents/Repository/sca-2026/lib/crypto_kem/hqc128/pqclean/fft.c **** 
 627              		.loc 1 102 9 is_stmt 0 view .LVU210
 628              	.LBE15:
 629              	.LBE14:
 205:/home/pacl/Documents/Repository/sca-2026/lib/crypto_kem/hqc128/pqclean/fft.c ****         gammas[i] = PQCLEAN_HQC128_CLEAN_gf_mul(betas[i], PQCLEAN_HQC128_CLEAN_gf_inverse(betas[m -
 630              		.loc 1 205 5 is_stmt 1 view .LVU211
 205:/home/pacl/Documents/Repository/sca-2026/lib/crypto_kem/hqc128/pqclean/fft.c ****         gammas[i] = PQCLEAN_HQC128_CLEAN_gf_mul(betas[i], PQCLEAN_HQC128_CLEAN_gf_inverse(betas[m -
 631              		.loc 1 205 23 discriminator 1 view .LVU212
 632              	.LBB17:
 633              	.LBB16:
 101:/home/pacl/Documents/Repository/sca-2026/lib/crypto_kem/hqc128/pqclean/fft.c ****         break;
 634              		.loc 1 101 15 is_stmt 0 view .LVU213
 635 00a6 CB46     		mov	fp, r9
 636 00a8 9946     		mov	r9, r3
 637              	.LVL38:
 101:/home/pacl/Documents/Repository/sca-2026/lib/crypto_kem/hqc128/pqclean/fft.c ****         break;
 638              		.loc 1 101 15 view .LVU214
 639 00aa 01E0     		b	.L41
 640              	.LVL39:
 641              	.L71:
 101:/home/pacl/Documents/Repository/sca-2026/lib/crypto_kem/hqc128/pqclean/fft.c ****         break;
 642              		.loc 1 101 15 view .LVU215
 643              	.LBE16:
 644              	.LBE17:
 206:/home/pacl/Documents/Repository/sca-2026/lib/crypto_kem/hqc128/pqclean/fft.c ****         deltas[i] = PQCLEAN_HQC128_CLEAN_gf_square(gammas[i]) ^ gammas[i];
 645              		.loc 1 206 21 view .LVU216
 646 00ac BBF80A00 		ldrh	r0, [fp, #10]
 647              	.L41:
 206:/home/pacl/Documents/Repository/sca-2026/lib/crypto_kem/hqc128/pqclean/fft.c ****         deltas[i] = PQCLEAN_HQC128_CLEAN_gf_square(gammas[i]) ^ gammas[i];
 648              		.loc 1 206 9 is_stmt 1 view .LVU217
 206:/home/pacl/Documents/Repository/sca-2026/lib/crypto_kem/hqc128/pqclean/fft.c ****         deltas[i] = PQCLEAN_HQC128_CLEAN_gf_square(gammas[i]) ^ gammas[i];
 649              		.loc 1 206 21 is_stmt 0 view .LVU218
 650 00b0 37F802AF 		ldrh	r10, [r7, #2]!
 651 00b4 FFF7FEFF 		bl	PQCLEAN_HQC128_CLEAN_gf_inverse
 652              	.LVL40:
 653 00b8 0146     		mov	r1, r0
 206:/home/pacl/Documents/Repository/sca-2026/lib/crypto_kem/hqc128/pqclean/fft.c ****         deltas[i] = PQCLEAN_HQC128_CLEAN_gf_square(gammas[i]) ^ gammas[i];
 654              		.loc 1 206 21 discriminator 1 view .LVU219
 655 00ba 5046     		mov	r0, r10
 656 00bc FFF7FEFF 		bl	PQCLEAN_HQC128_CLEAN_gf_mul
 657              	.LVL41:
 206:/home/pacl/Documents/Repository/sca-2026/lib/crypto_kem/hqc128/pqclean/fft.c ****         deltas[i] = PQCLEAN_HQC128_CLEAN_gf_square(gammas[i]) ^ gammas[i];
 658              		.loc 1 206 19 discriminator 2 view .LVU220
 659 00c0 28F8020B 		strh	r0, [r8], #2	@ movhi
 207:/home/pacl/Documents/Repository/sca-2026/lib/crypto_kem/hqc128/pqclean/fft.c ****     }
 660              		.loc 1 207 9 is_stmt 1 view .LVU221
 206:/home/pacl/Documents/Repository/sca-2026/lib/crypto_kem/hqc128/pqclean/fft.c ****         deltas[i] = PQCLEAN_HQC128_CLEAN_gf_square(gammas[i]) ^ gammas[i];
 661              		.loc 1 206 21 is_stmt 0 discriminator 1 view .LVU222
 662 00c4 8246     		mov	r10, r0
 207:/home/pacl/Documents/Repository/sca-2026/lib/crypto_kem/hqc128/pqclean/fft.c ****     }
 663              		.loc 1 207 21 view .LVU223
 664 00c6 FFF7FEFF 		bl	PQCLEAN_HQC128_CLEAN_gf_square
 665              	.LVL42:
 205:/home/pacl/Documents/Repository/sca-2026/lib/crypto_kem/hqc128/pqclean/fft.c ****         gammas[i] = PQCLEAN_HQC128_CLEAN_gf_mul(betas[i], PQCLEAN_HQC128_CLEAN_gf_inverse(betas[m -
 666              		.loc 1 205 23 discriminator 1 view .LVU224
 667 00ca 4F45     		cmp	r7, r9
 207:/home/pacl/Documents/Repository/sca-2026/lib/crypto_kem/hqc128/pqclean/fft.c ****     }
 668              		.loc 1 207 19 discriminator 1 view .LVU225
 669 00cc 8AEA000A 		eor	r10, r10, r0
 670 00d0 25F802AB 		strh	r10, [r5], #2	@ movhi
 205:/home/pacl/Documents/Repository/sca-2026/lib/crypto_kem/hqc128/pqclean/fft.c ****         gammas[i] = PQCLEAN_HQC128_CLEAN_gf_mul(betas[i], PQCLEAN_HQC128_CLEAN_gf_inverse(betas[m -
 671              		.loc 1 205 28 is_stmt 1 discriminator 3 view .LVU226
 205:/home/pacl/Documents/Repository/sca-2026/lib/crypto_kem/hqc128/pqclean/fft.c ****         gammas[i] = PQCLEAN_HQC128_CLEAN_gf_mul(betas[i], PQCLEAN_HQC128_CLEAN_gf_inverse(betas[m -
 672              		.loc 1 205 23 discriminator 1 view .LVU227
 673 00d4 EAD1     		bne	.L71
 674 00d6 039D     		ldr	r5, [sp, #12]
 675 00d8 0023     		movs	r3, #0
 676              	.LBB18:
 677              	.LBB19:
  46:/home/pacl/Documents/Repository/sca-2026/lib/crypto_kem/hqc128/pqclean/fft.c ****             subset_sums[(1 << i) + j] = set[i] ^ subset_sums[j];
 678              		.loc 1 46 28 is_stmt 0 discriminator 1 view .LVU228
 679 00da 4FF0010C 		mov	ip, #1
 680 00de 4FF0020E 		mov	lr, #2
  47:/home/pacl/Documents/Repository/sca-2026/lib/crypto_kem/hqc128/pqclean/fft.c ****         }
 681              		.loc 1 47 39 view .LVU229
 682 00e2 0DF13A07 		add	r7, sp, #58
 683 00e6 0DF13C08 		add	r8, sp, #60
 684 00ea 0DF13E0A 		add	r10, sp, #62
 685              	.L40:
 686              	.LVL43:
  46:/home/pacl/Documents/Repository/sca-2026/lib/crypto_kem/hqc128/pqclean/fft.c ****             subset_sums[(1 << i) + j] = set[i] ^ subset_sums[j];
 687              		.loc 1 46 23 is_stmt 1 discriminator 1 view .LVU230
  46:/home/pacl/Documents/Repository/sca-2026/lib/crypto_kem/hqc128/pqclean/fft.c ****             subset_sums[(1 << i) + j] = set[i] ^ subset_sums[j];
 688              		.loc 1 46 28 is_stmt 0 discriminator 1 view .LVU231
 689 00ee 0CFA03F2 		lsl	r2, ip, r3
 690 00f2 501E     		subs	r0, r2, #1
 691 00f4 0728     		cmp	r0, #7
  47:/home/pacl/Documents/Repository/sca-2026/lib/crypto_kem/hqc128/pqclean/fft.c ****         }
 692              		.loc 1 47 44 view .LVU232
 693 00f6 35F8021B 		ldrh	r1, [r5], #2
 694 00fa 0CD9     		bls	.L44
 695              	.L73:
  47:/home/pacl/Documents/Repository/sca-2026/lib/crypto_kem/hqc128/pqclean/fft.c ****         }
 696              		.loc 1 47 44 view .LVU233
 697 00fc 002B     		cmp	r3, #0
 698 00fe 67D1     		bne	.L72
  47:/home/pacl/Documents/Repository/sca-2026/lib/crypto_kem/hqc128/pqclean/fft.c ****         }
 699              		.loc 1 47 13 is_stmt 1 view .LVU234
  47:/home/pacl/Documents/Repository/sca-2026/lib/crypto_kem/hqc128/pqclean/fft.c ****         }
 700              		.loc 1 47 39 is_stmt 0 view .LVU235
 701 0100 2388     		ldrh	r3, [r4]
 702              	.LVL44:
  47:/home/pacl/Documents/Repository/sca-2026/lib/crypto_kem/hqc128/pqclean/fft.c ****         }
 703              		.loc 1 47 39 view .LVU236
 704 0102 4B40     		eors	r3, r3, r1
 705 0104 6380     		strh	r3, [r4, #2]	@ movhi
  46:/home/pacl/Documents/Repository/sca-2026/lib/crypto_kem/hqc128/pqclean/fft.c ****             subset_sums[(1 << i) + j] = set[i] ^ subset_sums[j];
 706              		.loc 1 46 35 is_stmt 1 discriminator 3 view .LVU237
 707              	.LVL45:
  46:/home/pacl/Documents/Repository/sca-2026/lib/crypto_kem/hqc128/pqclean/fft.c ****             subset_sums[(1 << i) + j] = set[i] ^ subset_sums[j];
 708              		.loc 1 46 23 discriminator 1 view .LVU238
  45:/home/pacl/Documents/Repository/sca-2026/lib/crypto_kem/hqc128/pqclean/fft.c ****         for (j = 0; j < (1 << i); ++j) {
 709              		.loc 1 45 31 discriminator 2 view .LVU239
  45:/home/pacl/Documents/Repository/sca-2026/lib/crypto_kem/hqc128/pqclean/fft.c ****         for (j = 0; j < (1 << i); ++j) {
 710              		.loc 1 45 19 discriminator 1 view .LVU240
 711 0106 0123     		movs	r3, #1
 712              	.LVL46:
  46:/home/pacl/Documents/Repository/sca-2026/lib/crypto_kem/hqc128/pqclean/fft.c ****             subset_sums[(1 << i) + j] = set[i] ^ subset_sums[j];
 713              		.loc 1 46 23 discriminator 1 view .LVU241
  46:/home/pacl/Documents/Repository/sca-2026/lib/crypto_kem/hqc128/pqclean/fft.c ****             subset_sums[(1 << i) + j] = set[i] ^ subset_sums[j];
 714              		.loc 1 46 28 is_stmt 0 discriminator 1 view .LVU242
 715 0108 0CFA03F2 		lsl	r2, ip, r3
 716 010c 501E     		subs	r0, r2, #1
 717 010e 0728     		cmp	r0, #7
  47:/home/pacl/Documents/Repository/sca-2026/lib/crypto_kem/hqc128/pqclean/fft.c ****         }
 718              		.loc 1 47 44 view .LVU243
 719 0110 35F8021B 		ldrh	r1, [r5], #2
 720 0114 F2D8     		bhi	.L73
 721              	.L44:
  47:/home/pacl/Documents/Repository/sca-2026/lib/crypto_kem/hqc128/pqclean/fft.c ****         }
 722              		.loc 1 47 13 is_stmt 1 view .LVU244
  47:/home/pacl/Documents/Repository/sca-2026/lib/crypto_kem/hqc128/pqclean/fft.c ****         }
 723              		.loc 1 47 39 is_stmt 0 view .LVU245
 724 0116 2088     		ldrh	r0, [r4]
  47:/home/pacl/Documents/Repository/sca-2026/lib/crypto_kem/hqc128/pqclean/fft.c ****         }
 725              		.loc 1 47 24 view .LVU246
 726 0118 0EFA03F9 		lsl	r9, lr, r3
  47:/home/pacl/Documents/Repository/sca-2026/lib/crypto_kem/hqc128/pqclean/fft.c ****         }
 727              		.loc 1 47 39 view .LVU247
 728 011c 4840     		eors	r0, r0, r1
 729 011e 24F80900 		strh	r0, [r4, r9]	@ movhi
  46:/home/pacl/Documents/Repository/sca-2026/lib/crypto_kem/hqc128/pqclean/fft.c ****             subset_sums[(1 << i) + j] = set[i] ^ subset_sums[j];
 730              		.loc 1 46 35 is_stmt 1 discriminator 3 view .LVU248
 731              	.LVL47:
  46:/home/pacl/Documents/Repository/sca-2026/lib/crypto_kem/hqc128/pqclean/fft.c ****             subset_sums[(1 << i) + j] = set[i] ^ subset_sums[j];
 732              		.loc 1 46 23 discriminator 1 view .LVU249
 733 0122 43B3     		cbz	r3, .L42
  47:/home/pacl/Documents/Repository/sca-2026/lib/crypto_kem/hqc128/pqclean/fft.c ****         }
 734              		.loc 1 47 13 view .LVU250
  47:/home/pacl/Documents/Repository/sca-2026/lib/crypto_kem/hqc128/pqclean/fft.c ****         }
 735              		.loc 1 47 39 is_stmt 0 view .LVU251
 736 0124 6088     		ldrh	r0, [r4, #2]
  47:/home/pacl/Documents/Repository/sca-2026/lib/crypto_kem/hqc128/pqclean/fft.c ****         }
 737              		.loc 1 47 34 view .LVU252
 738 0126 0132     		adds	r2, r2, #1
  47:/home/pacl/Documents/Repository/sca-2026/lib/crypto_kem/hqc128/pqclean/fft.c ****         }
 739              		.loc 1 47 39 view .LVU253
 740 0128 4840     		eors	r0, r0, r1
  46:/home/pacl/Documents/Repository/sca-2026/lib/crypto_kem/hqc128/pqclean/fft.c ****             subset_sums[(1 << i) + j] = set[i] ^ subset_sums[j];
 741              		.loc 1 46 23 discriminator 1 view .LVU254
 742 012a 012B     		cmp	r3, #1
  47:/home/pacl/Documents/Repository/sca-2026/lib/crypto_kem/hqc128/pqclean/fft.c ****         }
 743              		.loc 1 47 39 view .LVU255
 744 012c 24F81200 		strh	r0, [r4, r2, lsl #1]	@ movhi
  46:/home/pacl/Documents/Repository/sca-2026/lib/crypto_kem/hqc128/pqclean/fft.c ****             subset_sums[(1 << i) + j] = set[i] ^ subset_sums[j];
 745              		.loc 1 46 35 is_stmt 1 discriminator 3 view .LVU256
 746              	.LVL48:
  46:/home/pacl/Documents/Repository/sca-2026/lib/crypto_kem/hqc128/pqclean/fft.c ****             subset_sums[(1 << i) + j] = set[i] ^ subset_sums[j];
 747              		.loc 1 46 23 discriminator 1 view .LVU257
 748 0130 21D0     		beq	.L42
  47:/home/pacl/Documents/Repository/sca-2026/lib/crypto_kem/hqc128/pqclean/fft.c ****         }
 749              		.loc 1 47 13 view .LVU258
  47:/home/pacl/Documents/Repository/sca-2026/lib/crypto_kem/hqc128/pqclean/fft.c ****         }
 750              		.loc 1 47 39 is_stmt 0 view .LVU259
 751 0132 A088     		ldrh	r0, [r4, #4]
 752 0134 4840     		eors	r0, r0, r1
 753 0136 27F81200 		strh	r0, [r7, r2, lsl #1]	@ movhi
  46:/home/pacl/Documents/Repository/sca-2026/lib/crypto_kem/hqc128/pqclean/fft.c ****             subset_sums[(1 << i) + j] = set[i] ^ subset_sums[j];
 754              		.loc 1 46 35 is_stmt 1 discriminator 3 view .LVU260
 755              	.LVL49:
  46:/home/pacl/Documents/Repository/sca-2026/lib/crypto_kem/hqc128/pqclean/fft.c ****             subset_sums[(1 << i) + j] = set[i] ^ subset_sums[j];
 756              		.loc 1 46 23 discriminator 1 view .LVU261
  47:/home/pacl/Documents/Repository/sca-2026/lib/crypto_kem/hqc128/pqclean/fft.c ****         }
 757              		.loc 1 47 13 view .LVU262
  47:/home/pacl/Documents/Repository/sca-2026/lib/crypto_kem/hqc128/pqclean/fft.c ****         }
 758              		.loc 1 47 39 is_stmt 0 view .LVU263
 759 013a E088     		ldrh	r0, [r4, #6]
  46:/home/pacl/Documents/Repository/sca-2026/lib/crypto_kem/hqc128/pqclean/fft.c ****             subset_sums[(1 << i) + j] = set[i] ^ subset_sums[j];
 760              		.loc 1 46 23 discriminator 1 view .LVU264
 761 013c 022B     		cmp	r3, #2
  47:/home/pacl/Documents/Repository/sca-2026/lib/crypto_kem/hqc128/pqclean/fft.c ****         }
 762              		.loc 1 47 39 view .LVU265
 763 013e 80EA0100 		eor	r0, r0, r1
 764 0142 28F81200 		strh	r0, [r8, r2, lsl #1]	@ movhi
  46:/home/pacl/Documents/Repository/sca-2026/lib/crypto_kem/hqc128/pqclean/fft.c ****             subset_sums[(1 << i) + j] = set[i] ^ subset_sums[j];
 765              		.loc 1 46 35 is_stmt 1 discriminator 3 view .LVU266
 766              	.LVL50:
  46:/home/pacl/Documents/Repository/sca-2026/lib/crypto_kem/hqc128/pqclean/fft.c ****             subset_sums[(1 << i) + j] = set[i] ^ subset_sums[j];
 767              		.loc 1 46 23 discriminator 1 view .LVU267
 768 0146 16D0     		beq	.L42
  47:/home/pacl/Documents/Repository/sca-2026/lib/crypto_kem/hqc128/pqclean/fft.c ****         }
 769              		.loc 1 47 13 view .LVU268
  47:/home/pacl/Documents/Repository/sca-2026/lib/crypto_kem/hqc128/pqclean/fft.c ****         }
 770              		.loc 1 47 39 is_stmt 0 view .LVU269
 771 0148 2089     		ldrh	r0, [r4, #8]
 772 014a 4840     		eors	r0, r0, r1
 773 014c 2AF81200 		strh	r0, [r10, r2, lsl #1]	@ movhi
  46:/home/pacl/Documents/Repository/sca-2026/lib/crypto_kem/hqc128/pqclean/fft.c ****             subset_sums[(1 << i) + j] = set[i] ^ subset_sums[j];
 774              		.loc 1 46 35 is_stmt 1 discriminator 3 view .LVU270
 775              	.LVL51:
  46:/home/pacl/Documents/Repository/sca-2026/lib/crypto_kem/hqc128/pqclean/fft.c ****             subset_sums[(1 << i) + j] = set[i] ^ subset_sums[j];
 776              		.loc 1 46 23 discriminator 1 view .LVU271
  47:/home/pacl/Documents/Repository/sca-2026/lib/crypto_kem/hqc128/pqclean/fft.c ****         }
 777              		.loc 1 47 13 view .LVU272
  47:/home/pacl/Documents/Repository/sca-2026/lib/crypto_kem/hqc128/pqclean/fft.c ****         }
 778              		.loc 1 47 39 is_stmt 0 view .LVU273
 779 0150 6089     		ldrh	r0, [r4, #10]
 780 0152 0DF14009 		add	r9, sp, #64
 781 0156 4840     		eors	r0, r0, r1
 782 0158 29F81200 		strh	r0, [r9, r2, lsl #1]	@ movhi
  46:/home/pacl/Documents/Repository/sca-2026/lib/crypto_kem/hqc128/pqclean/fft.c ****             subset_sums[(1 << i) + j] = set[i] ^ subset_sums[j];
 783              		.loc 1 46 35 is_stmt 1 discriminator 3 view .LVU274
 784              	.LVL52:
  46:/home/pacl/Documents/Repository/sca-2026/lib/crypto_kem/hqc128/pqclean/fft.c ****             subset_sums[(1 << i) + j] = set[i] ^ subset_sums[j];
 785              		.loc 1 46 23 discriminator 1 view .LVU275
  47:/home/pacl/Documents/Repository/sca-2026/lib/crypto_kem/hqc128/pqclean/fft.c ****         }
 786              		.loc 1 47 13 view .LVU276
  47:/home/pacl/Documents/Repository/sca-2026/lib/crypto_kem/hqc128/pqclean/fft.c ****         }
 787              		.loc 1 47 39 is_stmt 0 view .LVU277
 788 015c A089     		ldrh	r0, [r4, #12]
 789 015e 0DF14209 		add	r9, sp, #66
 790 0162 4840     		eors	r0, r0, r1
  46:/home/pacl/Documents/Repository/sca-2026/lib/crypto_kem/hqc128/pqclean/fft.c ****             subset_sums[(1 << i) + j] = set[i] ^ subset_sums[j];
 791              		.loc 1 46 23 discriminator 1 view .LVU278
 792 0164 032B     		cmp	r3, #3
  47:/home/pacl/Documents/Repository/sca-2026/lib/crypto_kem/hqc128/pqclean/fft.c ****         }
 793              		.loc 1 47 39 view .LVU279
 794 0166 29F81200 		strh	r0, [r9, r2, lsl #1]	@ movhi
  46:/home/pacl/Documents/Repository/sca-2026/lib/crypto_kem/hqc128/pqclean/fft.c ****             subset_sums[(1 << i) + j] = set[i] ^ subset_sums[j];
 795              		.loc 1 46 35 is_stmt 1 discriminator 3 view .LVU280
 796              	.LVL53:
  46:/home/pacl/Documents/Repository/sca-2026/lib/crypto_kem/hqc128/pqclean/fft.c ****             subset_sums[(1 << i) + j] = set[i] ^ subset_sums[j];
 797              		.loc 1 46 23 discriminator 1 view .LVU281
 798 016a 04D1     		bne	.L42
  47:/home/pacl/Documents/Repository/sca-2026/lib/crypto_kem/hqc128/pqclean/fft.c ****         }
 799              		.loc 1 47 13 view .LVU282
  47:/home/pacl/Documents/Repository/sca-2026/lib/crypto_kem/hqc128/pqclean/fft.c ****         }
 800              		.loc 1 47 39 is_stmt 0 view .LVU283
 801 016c E089     		ldrh	r0, [r4, #14]
 802 016e 4140     		eors	r1, r1, r0
 803 0170 11A8     		add	r0, sp, #68
 804 0172 20F81210 		strh	r1, [r0, r2, lsl #1]	@ movhi
  46:/home/pacl/Documents/Repository/sca-2026/lib/crypto_kem/hqc128/pqclean/fft.c ****             subset_sums[(1 << i) + j] = set[i] ^ subset_sums[j];
 805              		.loc 1 46 35 is_stmt 1 discriminator 3 view .LVU284
 806              	.LVL54:
  46:/home/pacl/Documents/Repository/sca-2026/lib/crypto_kem/hqc128/pqclean/fft.c ****             subset_sums[(1 << i) + j] = set[i] ^ subset_sums[j];
 807              		.loc 1 46 23 discriminator 1 view .LVU285
 808              	.L42:
  45:/home/pacl/Documents/Repository/sca-2026/lib/crypto_kem/hqc128/pqclean/fft.c ****         for (j = 0; j < (1 << i); ++j) {
 809              		.loc 1 45 31 discriminator 2 view .LVU286
  45:/home/pacl/Documents/Repository/sca-2026/lib/crypto_kem/hqc128/pqclean/fft.c ****         for (j = 0; j < (1 << i); ++j) {
 810              		.loc 1 45 19 discriminator 1 view .LVU287
 811 0176 0133     		adds	r3, r3, #1
 812              	.LVL55:
  45:/home/pacl/Documents/Repository/sca-2026/lib/crypto_kem/hqc128/pqclean/fft.c ****         for (j = 0; j < (1 << i); ++j) {
 813              		.loc 1 45 19 is_stmt 0 discriminator 1 view .LVU288
 814 0178 052B     		cmp	r3, #5
 815 017a B8D1     		bne	.L40
 816              	.LVL56:
  45:/home/pacl/Documents/Repository/sca-2026/lib/crypto_kem/hqc128/pqclean/fft.c ****         for (j = 0; j < (1 << i); ++j) {
 817              		.loc 1 45 19 discriminator 1 view .LVU289
 818              	.LBE19:
 819              	.LBE18:
 214:/home/pacl/Documents/Repository/sca-2026/lib/crypto_kem/hqc128/pqclean/fft.c **** 
 820              		.loc 1 214 5 is_stmt 1 view .LVU290
 214:/home/pacl/Documents/Repository/sca-2026/lib/crypto_kem/hqc128/pqclean/fft.c **** 
 821              		.loc 1 214 30 is_stmt 0 view .LVU291
 822 017c 029D     		ldr	r5, [sp, #8]
 823 017e 6A1C     		adds	r2, r5, #1
 214:/home/pacl/Documents/Repository/sca-2026/lib/crypto_kem/hqc128/pqclean/fft.c **** 
 824              		.loc 1 214 5 view .LVU292
 825 0180 04A9     		add	r1, sp, #16
 826 0182 5208     		lsrs	r2, r2, #1
 827 0184 0BAB     		add	r3, sp, #44
 828 0186 2EA8     		add	r0, sp, #184
 829 0188 FFF7FEFF 		bl	fft_rec.constprop.2
 830              	.LVL57:
 216:/home/pacl/Documents/Repository/sca-2026/lib/crypto_kem/hqc128/pqclean/fft.c ****     k <<= ((m - 1) & 0xf); // &0xf is to let the compiler know that m-1 is small.
 831              		.loc 1 216 5 is_stmt 1 view .LVU293
 217:/home/pacl/Documents/Repository/sca-2026/lib/crypto_kem/hqc128/pqclean/fft.c ****     if (f_coeffs <= 3) { // 3-coefficient polynomial f case: f1 is constant
 832              		.loc 1 217 5 view .LVU294
 218:/home/pacl/Documents/Repository/sca-2026/lib/crypto_kem/hqc128/pqclean/fft.c ****         w[0] = u[0];
 833              		.loc 1 218 5 view .LVU295
 218:/home/pacl/Documents/Repository/sca-2026/lib/crypto_kem/hqc128/pqclean/fft.c ****         w[0] = u[0];
 834              		.loc 1 218 8 is_stmt 0 view .LVU296
 835 018c 032D     		cmp	r5, #3
 836 018e 40D8     		bhi	.L47
 219:/home/pacl/Documents/Repository/sca-2026/lib/crypto_kem/hqc128/pqclean/fft.c ****         w[k] = u[0] ^ f1[0];
 837              		.loc 1 219 9 is_stmt 1 view .LVU297
 219:/home/pacl/Documents/Repository/sca-2026/lib/crypto_kem/hqc128/pqclean/fft.c ****         w[k] = u[0] ^ f1[0];
 838              		.loc 1 219 17 is_stmt 0 view .LVU298
 839 0190 BDF8B830 		ldrh	r3, [sp, #184]
 219:/home/pacl/Documents/Repository/sca-2026/lib/crypto_kem/hqc128/pqclean/fft.c ****         w[k] = u[0] ^ f1[0];
 840              		.loc 1 219 14 view .LVU299
 841 0194 DDF80480 		ldr	r8, [sp, #4]
 842 0198 A8F80030 		strh	r3, [r8]	@ movhi
 220:/home/pacl/Documents/Repository/sca-2026/lib/crypto_kem/hqc128/pqclean/fft.c ****         for (i = 1; i < k; ++i) {
 843              		.loc 1 220 9 is_stmt 1 view .LVU300
 220:/home/pacl/Documents/Repository/sca-2026/lib/crypto_kem/hqc128/pqclean/fft.c ****         for (i = 1; i < k; ++i) {
 844              		.loc 1 220 14 is_stmt 0 view .LVU301
 845 019c 7340     		eors	r3, r3, r6
 846 019e A8F84030 		strh	r3, [r8, #64]	@ movhi
 221:/home/pacl/Documents/Repository/sca-2026/lib/crypto_kem/hqc128/pqclean/fft.c ****             w[i] = u[i] ^ PQCLEAN_HQC128_CLEAN_gf_mul(gammas_sums[i], f1[0]);
 847              		.loc 1 221 9 is_stmt 1 view .LVU302
 848              	.LVL58:
 221:/home/pacl/Documents/Repository/sca-2026/lib/crypto_kem/hqc128/pqclean/fft.c ****             w[i] = u[i] ^ PQCLEAN_HQC128_CLEAN_gf_mul(gammas_sums[i], f1[0]);
 849              		.loc 1 221 23 discriminator 1 view .LVU303
 850 01a2 2EAF     		add	r7, sp, #184
 851 01a4 0DF1F609 		add	r9, sp, #246
 852              	.LVL59:
 853              	.L48:
 222:/home/pacl/Documents/Repository/sca-2026/lib/crypto_kem/hqc128/pqclean/fft.c ****             w[k + i] = w[i] ^ f1[0];
 854              		.loc 1 222 13 view .LVU304
 222:/home/pacl/Documents/Repository/sca-2026/lib/crypto_kem/hqc128/pqclean/fft.c ****             w[k + i] = w[i] ^ f1[0];
 855              		.loc 1 222 27 is_stmt 0 view .LVU305
 856 01a8 34F8020F 		ldrh	r0, [r4, #2]!
 222:/home/pacl/Documents/Repository/sca-2026/lib/crypto_kem/hqc128/pqclean/fft.c ****             w[k + i] = w[i] ^ f1[0];
 857              		.loc 1 222 21 view .LVU306
 858 01ac 37F8025F 		ldrh	r5, [r7, #2]!
 222:/home/pacl/Documents/Repository/sca-2026/lib/crypto_kem/hqc128/pqclean/fft.c ****             w[k + i] = w[i] ^ f1[0];
 859              		.loc 1 222 27 view .LVU307
 860 01b0 3146     		mov	r1, r6
 861 01b2 FFF7FEFF 		bl	PQCLEAN_HQC128_CLEAN_gf_mul
 862              	.LVL60:
 222:/home/pacl/Documents/Repository/sca-2026/lib/crypto_kem/hqc128/pqclean/fft.c ****             w[k + i] = w[i] ^ f1[0];
 863              		.loc 1 222 18 discriminator 1 view .LVU308
 864 01b6 6840     		eors	r0, r0, r5
 865 01b8 80B2     		uxth	r0, r0
 866 01ba 28F8020F 		strh	r0, [r8, #2]!	@ movhi
 223:/home/pacl/Documents/Repository/sca-2026/lib/crypto_kem/hqc128/pqclean/fft.c ****         }
 867              		.loc 1 223 13 is_stmt 1 view .LVU309
 221:/home/pacl/Documents/Repository/sca-2026/lib/crypto_kem/hqc128/pqclean/fft.c ****             w[i] = u[i] ^ PQCLEAN_HQC128_CLEAN_gf_mul(gammas_sums[i], f1[0]);
 868              		.loc 1 221 23 is_stmt 0 discriminator 1 view .LVU310
 869 01be B945     		cmp	r9, r7
 223:/home/pacl/Documents/Repository/sca-2026/lib/crypto_kem/hqc128/pqclean/fft.c ****         }
 870              		.loc 1 223 22 view .LVU311
 871 01c0 80EA0600 		eor	r0, r0, r6
 872 01c4 A8F84000 		strh	r0, [r8, #64]	@ movhi
 221:/home/pacl/Documents/Repository/sca-2026/lib/crypto_kem/hqc128/pqclean/fft.c ****             w[i] = u[i] ^ PQCLEAN_HQC128_CLEAN_gf_mul(gammas_sums[i], f1[0]);
 873              		.loc 1 221 28 is_stmt 1 discriminator 3 view .LVU312
 221:/home/pacl/Documents/Repository/sca-2026/lib/crypto_kem/hqc128/pqclean/fft.c ****             w[i] = u[i] ^ PQCLEAN_HQC128_CLEAN_gf_mul(gammas_sums[i], f1[0]);
 874              		.loc 1 221 23 discriminator 1 view .LVU313
 875 01c8 EED1     		bne	.L48
 876              		.loc 1 237 1 is_stmt 0 view .LVU314
 877 01ca 6FB0     		add	sp, sp, #444
 878              	.LCFI7:
 879              		.cfi_remember_state
 880              		.cfi_def_cfa_offset 36
 881              		@ sp needed
 882 01cc BDE8F08F 		pop	{r4, r5, r6, r7, r8, r9, r10, fp, pc}
 883              	.LVL61:
 884              	.L72:
 885              	.LCFI8:
 886              		.cfi_restore_state
 887              		.loc 1 237 1 view .LVU315
 888 01d0 0022     		movs	r2, #0
 889 01d2 61F30F02 		bfi	r2, r1, #0, #16
 890 01d6 61F31F42 		bfi	r2, r1, #16, #16
 891              	.LBB21:
 892              	.LBB20:
  47:/home/pacl/Documents/Repository/sca-2026/lib/crypto_kem/hqc128/pqclean/fft.c ****         }
 893              		.loc 1 47 39 view .LVU316
 894 01da 2168     		ldr	r1, [r4]
 895 01dc 0EFA03F0 		lsl	r0, lr, r3
 896 01e0 5140     		eors	r1, r1, r2
 897 01e2 2150     		str	r1, [r4, r0]	@ unaligned
 898 01e4 2118     		adds	r1, r4, r0
 899              	.LVL62:
  47:/home/pacl/Documents/Repository/sca-2026/lib/crypto_kem/hqc128/pqclean/fft.c ****         }
 900              		.loc 1 47 13 is_stmt 1 view .LVU317
  46:/home/pacl/Documents/Repository/sca-2026/lib/crypto_kem/hqc128/pqclean/fft.c ****             subset_sums[(1 << i) + j] = set[i] ^ subset_sums[j];
 901              		.loc 1 46 35 discriminator 3 view .LVU318
  46:/home/pacl/Documents/Repository/sca-2026/lib/crypto_kem/hqc128/pqclean/fft.c ****             subset_sums[(1 << i) + j] = set[i] ^ subset_sums[j];
 902              		.loc 1 46 23 discriminator 1 view .LVU319
  47:/home/pacl/Documents/Repository/sca-2026/lib/crypto_kem/hqc128/pqclean/fft.c ****         }
 903              		.loc 1 47 13 view .LVU320
  47:/home/pacl/Documents/Repository/sca-2026/lib/crypto_kem/hqc128/pqclean/fft.c ****         }
 904              		.loc 1 47 39 is_stmt 0 view .LVU321
 905 01e6 6068     		ldr	r0, [r4, #4]
 906 01e8 5040     		eors	r0, r0, r2
 907 01ea 4860     		str	r0, [r1, #4]	@ unaligned
  46:/home/pacl/Documents/Repository/sca-2026/lib/crypto_kem/hqc128/pqclean/fft.c ****             subset_sums[(1 << i) + j] = set[i] ^ subset_sums[j];
 908              		.loc 1 46 35 is_stmt 1 discriminator 3 view .LVU322
  46:/home/pacl/Documents/Repository/sca-2026/lib/crypto_kem/hqc128/pqclean/fft.c ****             subset_sums[(1 << i) + j] = set[i] ^ subset_sums[j];
 909              		.loc 1 46 23 discriminator 1 view .LVU323
  47:/home/pacl/Documents/Repository/sca-2026/lib/crypto_kem/hqc128/pqclean/fft.c ****         }
 910              		.loc 1 47 13 view .LVU324
  47:/home/pacl/Documents/Repository/sca-2026/lib/crypto_kem/hqc128/pqclean/fft.c ****         }
 911              		.loc 1 47 39 is_stmt 0 view .LVU325
 912 01ec A068     		ldr	r0, [r4, #8]
 913 01ee 5040     		eors	r0, r0, r2
 914 01f0 8860     		str	r0, [r1, #8]	@ unaligned
  46:/home/pacl/Documents/Repository/sca-2026/lib/crypto_kem/hqc128/pqclean/fft.c ****             subset_sums[(1 << i) + j] = set[i] ^ subset_sums[j];
 915              		.loc 1 46 35 is_stmt 1 discriminator 3 view .LVU326
  46:/home/pacl/Documents/Repository/sca-2026/lib/crypto_kem/hqc128/pqclean/fft.c ****             subset_sums[(1 << i) + j] = set[i] ^ subset_sums[j];
 916              		.loc 1 46 23 discriminator 1 view .LVU327
  47:/home/pacl/Documents/Repository/sca-2026/lib/crypto_kem/hqc128/pqclean/fft.c ****         }
 917              		.loc 1 47 13 view .LVU328
  47:/home/pacl/Documents/Repository/sca-2026/lib/crypto_kem/hqc128/pqclean/fft.c ****         }
 918              		.loc 1 47 39 is_stmt 0 view .LVU329
 919 01f2 E068     		ldr	r0, [r4, #12]
 920 01f4 5040     		eors	r0, r0, r2
 921 01f6 C860     		str	r0, [r1, #12]	@ unaligned
  46:/home/pacl/Documents/Repository/sca-2026/lib/crypto_kem/hqc128/pqclean/fft.c ****             subset_sums[(1 << i) + j] = set[i] ^ subset_sums[j];
 922              		.loc 1 46 35 is_stmt 1 discriminator 3 view .LVU330
  46:/home/pacl/Documents/Repository/sca-2026/lib/crypto_kem/hqc128/pqclean/fft.c ****             subset_sums[(1 << i) + j] = set[i] ^ subset_sums[j];
 923              		.loc 1 46 23 discriminator 1 view .LVU331
  47:/home/pacl/Documents/Repository/sca-2026/lib/crypto_kem/hqc128/pqclean/fft.c ****         }
 924              		.loc 1 47 13 view .LVU332
  47:/home/pacl/Documents/Repository/sca-2026/lib/crypto_kem/hqc128/pqclean/fft.c ****         }
 925              		.loc 1 47 39 is_stmt 0 view .LVU333
 926 01f8 2069     		ldr	r0, [r4, #16]
 927 01fa 5040     		eors	r0, r0, r2
 928 01fc 0861     		str	r0, [r1, #16]	@ unaligned
  46:/home/pacl/Documents/Repository/sca-2026/lib/crypto_kem/hqc128/pqclean/fft.c ****             subset_sums[(1 << i) + j] = set[i] ^ subset_sums[j];
 929              		.loc 1 46 35 is_stmt 1 discriminator 3 view .LVU334
  46:/home/pacl/Documents/Repository/sca-2026/lib/crypto_kem/hqc128/pqclean/fft.c ****             subset_sums[(1 << i) + j] = set[i] ^ subset_sums[j];
 930              		.loc 1 46 23 discriminator 1 view .LVU335
  47:/home/pacl/Documents/Repository/sca-2026/lib/crypto_kem/hqc128/pqclean/fft.c ****         }
 931              		.loc 1 47 13 view .LVU336
  47:/home/pacl/Documents/Repository/sca-2026/lib/crypto_kem/hqc128/pqclean/fft.c ****         }
 932              		.loc 1 47 39 is_stmt 0 view .LVU337
 933 01fe 6069     		ldr	r0, [r4, #20]
 934 0200 5040     		eors	r0, r0, r2
 935 0202 4861     		str	r0, [r1, #20]	@ unaligned
  46:/home/pacl/Documents/Repository/sca-2026/lib/crypto_kem/hqc128/pqclean/fft.c ****             subset_sums[(1 << i) + j] = set[i] ^ subset_sums[j];
 936              		.loc 1 46 35 is_stmt 1 discriminator 3 view .LVU338
  46:/home/pacl/Documents/Repository/sca-2026/lib/crypto_kem/hqc128/pqclean/fft.c ****             subset_sums[(1 << i) + j] = set[i] ^ subset_sums[j];
 937              		.loc 1 46 23 discriminator 1 view .LVU339
  47:/home/pacl/Documents/Repository/sca-2026/lib/crypto_kem/hqc128/pqclean/fft.c ****         }
 938              		.loc 1 47 13 view .LVU340
  47:/home/pacl/Documents/Repository/sca-2026/lib/crypto_kem/hqc128/pqclean/fft.c ****         }
 939              		.loc 1 47 39 is_stmt 0 view .LVU341
 940 0204 A069     		ldr	r0, [r4, #24]
 941 0206 5040     		eors	r0, r0, r2
 942 0208 8861     		str	r0, [r1, #24]	@ unaligned
  46:/home/pacl/Documents/Repository/sca-2026/lib/crypto_kem/hqc128/pqclean/fft.c ****             subset_sums[(1 << i) + j] = set[i] ^ subset_sums[j];
 943              		.loc 1 46 35 is_stmt 1 discriminator 3 view .LVU342
  46:/home/pacl/Documents/Repository/sca-2026/lib/crypto_kem/hqc128/pqclean/fft.c ****             subset_sums[(1 << i) + j] = set[i] ^ subset_sums[j];
 944              		.loc 1 46 23 discriminator 1 view .LVU343
  47:/home/pacl/Documents/Repository/sca-2026/lib/crypto_kem/hqc128/pqclean/fft.c ****         }
 945              		.loc 1 47 13 view .LVU344
  47:/home/pacl/Documents/Repository/sca-2026/lib/crypto_kem/hqc128/pqclean/fft.c ****         }
 946              		.loc 1 47 39 is_stmt 0 view .LVU345
 947 020a E069     		ldr	r0, [r4, #28]
 948 020c 4240     		eors	r2, r2, r0
 949 020e CA61     		str	r2, [r1, #28]	@ unaligned
  46:/home/pacl/Documents/Repository/sca-2026/lib/crypto_kem/hqc128/pqclean/fft.c ****             subset_sums[(1 << i) + j] = set[i] ^ subset_sums[j];
 950              		.loc 1 46 35 is_stmt 1 discriminator 3 view .LVU346
  46:/home/pacl/Documents/Repository/sca-2026/lib/crypto_kem/hqc128/pqclean/fft.c ****             subset_sums[(1 << i) + j] = set[i] ^ subset_sums[j];
 951              		.loc 1 46 23 discriminator 1 view .LVU347
 952 0210 B1E7     		b	.L42
 953              	.LVL63:
 954              	.L47:
  46:/home/pacl/Documents/Repository/sca-2026/lib/crypto_kem/hqc128/pqclean/fft.c ****             subset_sums[(1 << i) + j] = set[i] ^ subset_sums[j];
 955              		.loc 1 46 23 is_stmt 0 discriminator 1 view .LVU348
 956              	.LBE20:
 957              	.LBE21:
 226:/home/pacl/Documents/Repository/sca-2026/lib/crypto_kem/hqc128/pqclean/fft.c **** 
 958              		.loc 1 226 9 is_stmt 1 view .LVU349
 959 0212 029A     		ldr	r2, [sp, #8]
 960 0214 0BAB     		add	r3, sp, #44
 961 0216 5208     		lsrs	r2, r2, #1
 962 0218 06A9     		add	r1, sp, #24
 963 021a 4EA8     		add	r0, sp, #312
 964 021c FFF7FEFF 		bl	fft_rec.constprop.2
 965              	.LVL64:
 229:/home/pacl/Documents/Repository/sca-2026/lib/crypto_kem/hqc128/pqclean/fft.c ****         w[0] = u[0];
 966              		.loc 1 229 9 view .LVU350
 229:/home/pacl/Documents/Repository/sca-2026/lib/crypto_kem/hqc128/pqclean/fft.c ****         w[0] = u[0];
 967              		.loc 1 229 18 is_stmt 0 view .LVU351
 968 0220 019B     		ldr	r3, [sp, #4]
 969 0222 03F14007 		add	r7, r3, #64
 229:/home/pacl/Documents/Repository/sca-2026/lib/crypto_kem/hqc128/pqclean/fft.c ****         w[0] = u[0];
 970              		.loc 1 229 9 view .LVU352
 971 0226 0DF59C7C 		add	ip, sp, #312
 972 022a 3E46     		mov	r6, r7
 973 022c 0DF5BC7E 		add	lr, sp, #376
 974              	.LVL65:
 975              	.L49:
 229:/home/pacl/Documents/Repository/sca-2026/lib/crypto_kem/hqc128/pqclean/fft.c ****         w[0] = u[0];
 976              		.loc 1 229 9 view .LVU353
 977 0230 6546     		mov	r5, ip
 978 0232 0FCD     		ldmia	r5!, {r0, r1, r2, r3}
 979 0234 7545     		cmp	r5, lr
 980 0236 06F11006 		add	r6, r6, #16
 981 023a 0CF1100C 		add	ip, ip, #16
 982 023e 46F8100C 		str	r0, [r6, #-16]	@ unaligned
 983 0242 46F80C1C 		str	r1, [r6, #-12]	@ unaligned
 984 0246 46F8082C 		str	r2, [r6, #-8]	@ unaligned
 985 024a 46F8043C 		str	r3, [r6, #-4]	@ unaligned
 986 024e EFD1     		bne	.L49
 230:/home/pacl/Documents/Repository/sca-2026/lib/crypto_kem/hqc128/pqclean/fft.c ****         w[k] ^= u[0];
 987              		.loc 1 230 9 is_stmt 1 view .LVU354
 230:/home/pacl/Documents/Repository/sca-2026/lib/crypto_kem/hqc128/pqclean/fft.c ****         w[k] ^= u[0];
 988              		.loc 1 230 14 is_stmt 0 view .LVU355
 989 0250 0199     		ldr	r1, [sp, #4]
 230:/home/pacl/Documents/Repository/sca-2026/lib/crypto_kem/hqc128/pqclean/fft.c ****         w[k] ^= u[0];
 990              		.loc 1 230 17 view .LVU356
 991 0252 BDF8B830 		ldrh	r3, [sp, #184]
 231:/home/pacl/Documents/Repository/sca-2026/lib/crypto_kem/hqc128/pqclean/fft.c ****         for (i = 1; i < k; ++i) {
 992              		.loc 1 231 14 view .LVU357
 993 0256 B1F84020 		ldrh	r2, [r1, #64]
 230:/home/pacl/Documents/Repository/sca-2026/lib/crypto_kem/hqc128/pqclean/fft.c ****         w[k] ^= u[0];
 994              		.loc 1 230 14 view .LVU358
 995 025a 0B80     		strh	r3, [r1]	@ movhi
 231:/home/pacl/Documents/Repository/sca-2026/lib/crypto_kem/hqc128/pqclean/fft.c ****         for (i = 1; i < k; ++i) {
 996              		.loc 1 231 9 is_stmt 1 view .LVU359
 231:/home/pacl/Documents/Repository/sca-2026/lib/crypto_kem/hqc128/pqclean/fft.c ****         for (i = 1; i < k; ++i) {
 997              		.loc 1 231 14 is_stmt 0 view .LVU360
 998 025c 5340     		eors	r3, r3, r2
 999 025e 0DF59C78 		add	r8, sp, #312
 1000 0262 2EAE     		add	r6, sp, #184
 1001 0264 A1F84030 		strh	r3, [r1, #64]	@ movhi
 232:/home/pacl/Documents/Repository/sca-2026/lib/crypto_kem/hqc128/pqclean/fft.c ****             w[i] = u[i] ^ PQCLEAN_HQC128_CLEAN_gf_mul(gammas_sums[i], v[i]);
 1002              		.loc 1 232 9 is_stmt 1 view .LVU361
 1003              	.LVL66:
 232:/home/pacl/Documents/Repository/sca-2026/lib/crypto_kem/hqc128/pqclean/fft.c ****             w[i] = u[i] ^ PQCLEAN_HQC128_CLEAN_gf_mul(gammas_sums[i], v[i]);
 1004              		.loc 1 232 23 discriminator 1 view .LVU362
 1005 0268 0DF1F609 		add	r9, sp, #246
 1006              	.LVL67:
 1007              	.L50:
 233:/home/pacl/Documents/Repository/sca-2026/lib/crypto_kem/hqc128/pqclean/fft.c ****             w[k + i] ^= w[i];
 1008              		.loc 1 233 13 view .LVU363
 233:/home/pacl/Documents/Repository/sca-2026/lib/crypto_kem/hqc128/pqclean/fft.c ****             w[k + i] ^= w[i];
 1009              		.loc 1 233 27 is_stmt 0 view .LVU364
 1010 026c 38F8021F 		ldrh	r1, [r8, #2]!
 1011 0270 34F8020F 		ldrh	r0, [r4, #2]!
 233:/home/pacl/Documents/Repository/sca-2026/lib/crypto_kem/hqc128/pqclean/fft.c ****             w[k + i] ^= w[i];
 1012              		.loc 1 233 21 view .LVU365
 1013 0274 36F8025F 		ldrh	r5, [r6, #2]!
 233:/home/pacl/Documents/Repository/sca-2026/lib/crypto_kem/hqc128/pqclean/fft.c ****             w[k + i] ^= w[i];
 1014              		.loc 1 233 27 view .LVU366
 1015 0278 FFF7FEFF 		bl	PQCLEAN_HQC128_CLEAN_gf_mul
 1016              	.LVL68:
 233:/home/pacl/Documents/Repository/sca-2026/lib/crypto_kem/hqc128/pqclean/fft.c ****             w[k + i] ^= w[i];
 1017              		.loc 1 233 18 discriminator 1 view .LVU367
 1018 027c 85EA0003 		eor	r3, r5, r0
 1019 0280 9BB2     		uxth	r3, r3
 1020 0282 27F83E3C 		strh	r3, [r7, #-62]	@ movhi
 234:/home/pacl/Documents/Repository/sca-2026/lib/crypto_kem/hqc128/pqclean/fft.c ****         }
 1021              		.loc 1 234 13 is_stmt 1 view .LVU368
 234:/home/pacl/Documents/Repository/sca-2026/lib/crypto_kem/hqc128/pqclean/fft.c ****         }
 1022              		.loc 1 234 22 is_stmt 0 view .LVU369
 1023 0286 37F8022F 		ldrh	r2, [r7, #2]!
 232:/home/pacl/Documents/Repository/sca-2026/lib/crypto_kem/hqc128/pqclean/fft.c ****             w[i] = u[i] ^ PQCLEAN_HQC128_CLEAN_gf_mul(gammas_sums[i], v[i]);
 1024              		.loc 1 232 23 discriminator 1 view .LVU370
 1025 028a 4E45     		cmp	r6, r9
 234:/home/pacl/Documents/Repository/sca-2026/lib/crypto_kem/hqc128/pqclean/fft.c ****         }
 1026              		.loc 1 234 22 view .LVU371
 1027 028c 83EA0203 		eor	r3, r3, r2
 1028 0290 3B80     		strh	r3, [r7]	@ movhi
 232:/home/pacl/Documents/Repository/sca-2026/lib/crypto_kem/hqc128/pqclean/fft.c ****             w[i] = u[i] ^ PQCLEAN_HQC128_CLEAN_gf_mul(gammas_sums[i], v[i]);
 1029              		.loc 1 232 28 is_stmt 1 discriminator 3 view .LVU372
 232:/home/pacl/Documents/Repository/sca-2026/lib/crypto_kem/hqc128/pqclean/fft.c ****             w[i] = u[i] ^ PQCLEAN_HQC128_CLEAN_gf_mul(gammas_sums[i], v[i]);
 1030              		.loc 1 232 23 discriminator 1 view .LVU373
 1031 0292 EBD1     		bne	.L50
 1032              		.loc 1 237 1 is_stmt 0 view .LVU374
 1033 0294 6FB0     		add	sp, sp, #444
 1034              	.LCFI9:
 1035              		.cfi_def_cfa_offset 36
 1036              		@ sp needed
 1037 0296 BDE8F08F 		pop	{r4, r5, r6, r7, r8, r9, r10, fp, pc}
 1038              		.loc 1 237 1 view .LVU375
 1039              		.cfi_endproc
 1040              	.LFE9:
 1042 029a 00BF     		.section	.text.fft_rec.constprop.0,"ax",%progbits
 1043              		.align	1
 1044              		.p2align 2,,3
 1045              		.syntax unified
 1046              		.thumb
 1047              		.thumb_func
 1049              	fft_rec.constprop.0:
 1050              	.LVL69:
 1051              	.LFB10:
 158:/home/pacl/Documents/Repository/sca-2026/lib/crypto_kem/hqc128/pqclean/fft.c ****     uint16_t f0[1 << (PARAM_FFT - 2)] = {0};
 1052              		.loc 1 158 13 is_stmt 1 view -0
 1053              		.cfi_startproc
 1054              		@ args = 0, pretend = 0, frame = 440
 1055              		@ frame_needed = 0, uses_anonymous_args = 0
 159:/home/pacl/Documents/Repository/sca-2026/lib/crypto_kem/hqc128/pqclean/fft.c ****     uint16_t f1[1 << (PARAM_FFT - 2)] = {0};
 1056              		.loc 1 159 5 view .LVU377
 158:/home/pacl/Documents/Repository/sca-2026/lib/crypto_kem/hqc128/pqclean/fft.c ****     uint16_t f0[1 << (PARAM_FFT - 2)] = {0};
 1057              		.loc 1 158 13 is_stmt 0 view .LVU378
 1058 0000 2DE9F04F 		push	{r4, r5, r6, r7, r8, r9, r10, fp, lr}
 1059              	.LCFI10:
 1060              		.cfi_def_cfa_offset 36
 1061              		.cfi_offset 4, -36
 1062              		.cfi_offset 5, -32
 1063              		.cfi_offset 6, -28
 1064              		.cfi_offset 7, -24
 1065              		.cfi_offset 8, -20
 1066              		.cfi_offset 9, -16
 1067              		.cfi_offset 10, -12
 1068              		.cfi_offset 11, -8
 1069              		.cfi_offset 14, -4
 1070 0004 EFB0     		sub	sp, sp, #444
 1071              	.LCFI11:
 1072              		.cfi_def_cfa_offset 480
 159:/home/pacl/Documents/Repository/sca-2026/lib/crypto_kem/hqc128/pqclean/fft.c ****     uint16_t f1[1 << (PARAM_FFT - 2)] = {0};
 1073              		.loc 1 159 14 view .LVU379
 1074 0006 0025     		movs	r5, #0
 163:/home/pacl/Documents/Repository/sca-2026/lib/crypto_kem/hqc128/pqclean/fft.c ****     uint16_t u[1 << (PARAM_M - 2)] = {0};
 1075              		.loc 1 163 14 view .LVU380
 1076 0008 0EAC     		add	r4, sp, #56
 158:/home/pacl/Documents/Repository/sca-2026/lib/crypto_kem/hqc128/pqclean/fft.c ****     uint16_t f0[1 << (PARAM_FFT - 2)] = {0};
 1077              		.loc 1 158 13 view .LVU381
 1078 000a 0390     		str	r0, [sp, #12]
 1079 000c 0292     		str	r2, [sp, #8]
 1080 000e 0E46     		mov	r6, r1
 163:/home/pacl/Documents/Repository/sca-2026/lib/crypto_kem/hqc128/pqclean/fft.c ****     uint16_t u[1 << (PARAM_M - 2)] = {0};
 1081              		.loc 1 163 14 view .LVU382
 1082 0010 8022     		movs	r2, #128
 1083              	.LVL70:
 163:/home/pacl/Documents/Repository/sca-2026/lib/crypto_kem/hqc128/pqclean/fft.c ****     uint16_t u[1 << (PARAM_M - 2)] = {0};
 1084              		.loc 1 163 14 view .LVU383
 1085 0012 2946     		mov	r1, r5
 1086              	.LVL71:
 163:/home/pacl/Documents/Repository/sca-2026/lib/crypto_kem/hqc128/pqclean/fft.c ****     uint16_t u[1 << (PARAM_M - 2)] = {0};
 1087              		.loc 1 163 14 view .LVU384
 1088 0014 2046     		mov	r0, r4
 1089              	.LVL72:
 158:/home/pacl/Documents/Repository/sca-2026/lib/crypto_kem/hqc128/pqclean/fft.c ****     uint16_t f0[1 << (PARAM_FFT - 2)] = {0};
 1090              		.loc 1 158 13 view .LVU385
 1091 0016 1F46     		mov	r7, r3
 159:/home/pacl/Documents/Repository/sca-2026/lib/crypto_kem/hqc128/pqclean/fft.c ****     uint16_t f1[1 << (PARAM_FFT - 2)] = {0};
 1092              		.loc 1 159 14 view .LVU386
 1093 0018 CDE90455 		strd	r5, r5, [sp, #16]
 160:/home/pacl/Documents/Repository/sca-2026/lib/crypto_kem/hqc128/pqclean/fft.c ****     uint16_t gammas[PARAM_M - 2] = {0};
 1094              		.loc 1 160 5 is_stmt 1 view .LVU387
 161:/home/pacl/Documents/Repository/sca-2026/lib/crypto_kem/hqc128/pqclean/fft.c ****     uint16_t deltas[PARAM_M - 2] = {0};
 1095              		.loc 1 161 14 is_stmt 0 view .LVU388
 1096 001c CDE90855 		strd	r5, r5, [sp, #32]
 162:/home/pacl/Documents/Repository/sca-2026/lib/crypto_kem/hqc128/pqclean/fft.c ****     uint16_t gammas_sums[1 << (PARAM_M - 2)] = {0};
 1097              		.loc 1 162 14 view .LVU389
 1098 0020 CDE90A55 		strd	r5, r5, [sp, #40]
 1099 0024 CDE90C55 		strd	r5, r5, [sp, #48]
 160:/home/pacl/Documents/Repository/sca-2026/lib/crypto_kem/hqc128/pqclean/fft.c ****     uint16_t gammas[PARAM_M - 2] = {0};
 1100              		.loc 1 160 14 view .LVU390
 1101 0028 CDE90655 		strd	r5, r5, [sp, #24]
 161:/home/pacl/Documents/Repository/sca-2026/lib/crypto_kem/hqc128/pqclean/fft.c ****     uint16_t deltas[PARAM_M - 2] = {0};
 1102              		.loc 1 161 5 is_stmt 1 view .LVU391
 162:/home/pacl/Documents/Repository/sca-2026/lib/crypto_kem/hqc128/pqclean/fft.c ****     uint16_t gammas_sums[1 << (PARAM_M - 2)] = {0};
 1103              		.loc 1 162 5 view .LVU392
 163:/home/pacl/Documents/Repository/sca-2026/lib/crypto_kem/hqc128/pqclean/fft.c ****     uint16_t u[1 << (PARAM_M - 2)] = {0};
 1104              		.loc 1 163 5 view .LVU393
 163:/home/pacl/Documents/Repository/sca-2026/lib/crypto_kem/hqc128/pqclean/fft.c ****     uint16_t u[1 << (PARAM_M - 2)] = {0};
 1105              		.loc 1 163 14 is_stmt 0 view .LVU394
 1106 002c FFF7FEFF 		bl	memset
 1107              	.LVL73:
 164:/home/pacl/Documents/Repository/sca-2026/lib/crypto_kem/hqc128/pqclean/fft.c ****     uint16_t v[1 << (PARAM_M - 2)] = {0};
 1108              		.loc 1 164 5 is_stmt 1 view .LVU395
 164:/home/pacl/Documents/Repository/sca-2026/lib/crypto_kem/hqc128/pqclean/fft.c ****     uint16_t v[1 << (PARAM_M - 2)] = {0};
 1109              		.loc 1 164 14 is_stmt 0 view .LVU396
 1110 0030 8022     		movs	r2, #128
 1111 0032 2946     		mov	r1, r5
 1112 0034 2EA8     		add	r0, sp, #184
 1113 0036 FFF7FEFF 		bl	memset
 1114              	.LVL74:
 165:/home/pacl/Documents/Repository/sca-2026/lib/crypto_kem/hqc128/pqclean/fft.c ****     uint16_t tmp[PARAM_M - (PARAM_FFT - 1)] = {0};
 1115              		.loc 1 165 5 is_stmt 1 view .LVU397
 165:/home/pacl/Documents/Repository/sca-2026/lib/crypto_kem/hqc128/pqclean/fft.c ****     uint16_t tmp[PARAM_M - (PARAM_FFT - 1)] = {0};
 1116              		.loc 1 165 14 is_stmt 0 view .LVU398
 1117 003a 2946     		mov	r1, r5
 1118 003c 8022     		movs	r2, #128
 1119 003e 4EA8     		add	r0, sp, #312
 1120 0040 FFF7FEFF 		bl	memset
 1121              	.LVL75:
 166:/home/pacl/Documents/Repository/sca-2026/lib/crypto_kem/hqc128/pqclean/fft.c **** 
 1122              		.loc 1 166 5 is_stmt 1 view .LVU399
 168:/home/pacl/Documents/Repository/sca-2026/lib/crypto_kem/hqc128/pqclean/fft.c ****     size_t i, j, k;
 1123              		.loc 1 168 5 view .LVU400
 169:/home/pacl/Documents/Repository/sca-2026/lib/crypto_kem/hqc128/pqclean/fft.c ****     size_t x;
 1124              		.loc 1 169 5 view .LVU401
 170:/home/pacl/Documents/Repository/sca-2026/lib/crypto_kem/hqc128/pqclean/fft.c **** 
 1125              		.loc 1 170 5 view .LVU402
 173:/home/pacl/Documents/Repository/sca-2026/lib/crypto_kem/hqc128/pqclean/fft.c ****         for (i = 0; i < m; ++i) {
 1126              		.loc 1 173 5 view .LVU403
 191:/home/pacl/Documents/Repository/sca-2026/lib/crypto_kem/hqc128/pqclean/fft.c ****         beta_m_pow = 1;
 1127              		.loc 1 191 5 view .LVU404
 191:/home/pacl/Documents/Repository/sca-2026/lib/crypto_kem/hqc128/pqclean/fft.c ****         beta_m_pow = 1;
 1128              		.loc 1 191 14 is_stmt 0 view .LVU405
 1129 0044 B889     		ldrh	r0, [r7, #12]
 191:/home/pacl/Documents/Repository/sca-2026/lib/crypto_kem/hqc128/pqclean/fft.c ****         beta_m_pow = 1;
 1130              		.loc 1 191 8 view .LVU406
 1131 0046 0128     		cmp	r0, #1
 1132 0048 13D0     		beq	.L75
 1133 004a B146     		mov	r9, r6
 1134 004c 06F10E08 		add	r8, r6, #14
 192:/home/pacl/Documents/Repository/sca-2026/lib/crypto_kem/hqc128/pqclean/fft.c ****         x = 1;
 1135              		.loc 1 192 20 view .LVU407
 1136 0050 0125     		movs	r5, #1
 1137 0052 0146     		mov	r1, r0
 1138 0054 00E0     		b	.L77
 1139              	.LVL76:
 1140              	.L76:
 206:/home/pacl/Documents/Repository/sca-2026/lib/crypto_kem/hqc128/pqclean/fft.c ****         deltas[i] = PQCLEAN_HQC128_CLEAN_gf_square(gammas[i]) ^ gammas[i];
 1141              		.loc 1 206 21 view .LVU408
 1142 0056 B989     		ldrh	r1, [r7, #12]
 1143              	.LVL77:
 1144              	.L77:
 196:/home/pacl/Documents/Repository/sca-2026/lib/crypto_kem/hqc128/pqclean/fft.c ****             f[i] = PQCLEAN_HQC128_CLEAN_gf_mul(beta_m_pow, f[i]);
 1145              		.loc 1 196 13 is_stmt 1 view .LVU409
 196:/home/pacl/Documents/Repository/sca-2026/lib/crypto_kem/hqc128/pqclean/fft.c ****             f[i] = PQCLEAN_HQC128_CLEAN_gf_mul(beta_m_pow, f[i]);
 1146              		.loc 1 196 26 is_stmt 0 view .LVU410
 1147 0058 2846     		mov	r0, r5
 1148 005a FFF7FEFF 		bl	PQCLEAN_HQC128_CLEAN_gf_mul
 1149              	.LVL78:
 197:/home/pacl/Documents/Repository/sca-2026/lib/crypto_kem/hqc128/pqclean/fft.c ****         }
 1150              		.loc 1 197 20 view .LVU411
 1151 005e 39F8021F 		ldrh	r1, [r9, #2]!
 196:/home/pacl/Documents/Repository/sca-2026/lib/crypto_kem/hqc128/pqclean/fft.c ****             f[i] = PQCLEAN_HQC128_CLEAN_gf_mul(beta_m_pow, f[i]);
 1152              		.loc 1 196 26 view .LVU412
 1153 0062 0546     		mov	r5, r0
 1154              	.LVL79:
 197:/home/pacl/Documents/Repository/sca-2026/lib/crypto_kem/hqc128/pqclean/fft.c ****         }
 1155              		.loc 1 197 13 is_stmt 1 view .LVU413
 197:/home/pacl/Documents/Repository/sca-2026/lib/crypto_kem/hqc128/pqclean/fft.c ****         }
 1156              		.loc 1 197 20 is_stmt 0 view .LVU414
 1157 0064 FFF7FEFF 		bl	PQCLEAN_HQC128_CLEAN_gf_mul
 1158              	.LVL80:
 195:/home/pacl/Documents/Repository/sca-2026/lib/crypto_kem/hqc128/pqclean/fft.c ****             beta_m_pow = PQCLEAN_HQC128_CLEAN_gf_mul(beta_m_pow, betas[m - 1]);
 1159              		.loc 1 195 23 discriminator 1 view .LVU415
 1160 0068 C145     		cmp	r9, r8
 197:/home/pacl/Documents/Repository/sca-2026/lib/crypto_kem/hqc128/pqclean/fft.c ****         }
 1161              		.loc 1 197 18 discriminator 1 view .LVU416
 1162 006a A9F80000 		strh	r0, [r9]	@ movhi
 195:/home/pacl/Documents/Repository/sca-2026/lib/crypto_kem/hqc128/pqclean/fft.c ****             beta_m_pow = PQCLEAN_HQC128_CLEAN_gf_mul(beta_m_pow, betas[m - 1]);
 1163              		.loc 1 195 28 is_stmt 1 discriminator 3 view .LVU417
 195:/home/pacl/Documents/Repository/sca-2026/lib/crypto_kem/hqc128/pqclean/fft.c ****             beta_m_pow = PQCLEAN_HQC128_CLEAN_gf_mul(beta_m_pow, betas[m - 1]);
 1164              		.loc 1 195 23 discriminator 1 view .LVU418
 1165 006e F2D1     		bne	.L76
 206:/home/pacl/Documents/Repository/sca-2026/lib/crypto_kem/hqc128/pqclean/fft.c ****         deltas[i] = PQCLEAN_HQC128_CLEAN_gf_square(gammas[i]) ^ gammas[i];
 1166              		.loc 1 206 21 is_stmt 0 view .LVU419
 1167 0070 B889     		ldrh	r0, [r7, #12]
 1168              	.LVL81:
 1169              	.L75:
 202:/home/pacl/Documents/Repository/sca-2026/lib/crypto_kem/hqc128/pqclean/fft.c **** 
 1170              		.loc 1 202 5 is_stmt 1 view .LVU420
 1171              	.LBB28:
 1172              	.LBI28:
  64:/home/pacl/Documents/Repository/sca-2026/lib/crypto_kem/hqc128/pqclean/fft.c ****     switch (m_f) {
 1173              		.loc 1 64 13 view .LVU421
 1174              	.LBB29:
  65:/home/pacl/Documents/Repository/sca-2026/lib/crypto_kem/hqc128/pqclean/fft.c ****     case 4:
 1175              		.loc 1 65 5 view .LVU422
  87:/home/pacl/Documents/Repository/sca-2026/lib/crypto_kem/hqc128/pqclean/fft.c ****         f0[2] = f[4] ^ f[6];
 1176              		.loc 1 87 9 view .LVU423
  88:/home/pacl/Documents/Repository/sca-2026/lib/crypto_kem/hqc128/pqclean/fft.c ****         f0[3] = f[6] ^ f[7];
 1177              		.loc 1 88 9 view .LVU424
  89:/home/pacl/Documents/Repository/sca-2026/lib/crypto_kem/hqc128/pqclean/fft.c ****         f1[1] = f[3] ^ f[5] ^ f[7];
 1178              		.loc 1 89 25 is_stmt 0 view .LVU425
 1179 0072 B6F80EA0 		ldrh	r10, [r6, #14]
  88:/home/pacl/Documents/Repository/sca-2026/lib/crypto_kem/hqc128/pqclean/fft.c ****         f0[3] = f[6] ^ f[7];
 1180              		.loc 1 88 25 view .LVU426
 1181 0076 B189     		ldrh	r1, [r6, #12]
  90:/home/pacl/Documents/Repository/sca-2026/lib/crypto_kem/hqc128/pqclean/fft.c ****         f1[2] = f[5] ^ f[6];
 1182              		.loc 1 90 25 view .LVU427
 1183 0078 7289     		ldrh	r2, [r6, #10]
  88:/home/pacl/Documents/Repository/sca-2026/lib/crypto_kem/hqc128/pqclean/fft.c ****         f0[3] = f[6] ^ f[7];
 1184              		.loc 1 88 15 view .LVU428
 1185 007a B6F80880 		ldrh	r8, [r6, #8]
  94:/home/pacl/Documents/Repository/sca-2026/lib/crypto_kem/hqc128/pqclean/fft.c ****         break;
 1186              		.loc 1 94 15 view .LVU429
 1187 007e B6F802C0 		ldrh	ip, [r6, #2]
  87:/home/pacl/Documents/Repository/sca-2026/lib/crypto_kem/hqc128/pqclean/fft.c ****         f0[2] = f[4] ^ f[6];
 1188              		.loc 1 87 15 view .LVU430
 1189 0082 3588     		ldrh	r5, [r6]
 1190 0084 08AB     		add	r3, sp, #32
 1191 0086 0193     		str	r3, [sp, #4]
  90:/home/pacl/Documents/Repository/sca-2026/lib/crypto_kem/hqc128/pqclean/fft.c ****         f1[2] = f[5] ^ f[6];
 1192              		.loc 1 90 15 view .LVU431
 1193 0088 F388     		ldrh	r3, [r6, #6]
 1194 008a 8AEA0303 		eor	r3, r10, r3
  91:/home/pacl/Documents/Repository/sca-2026/lib/crypto_kem/hqc128/pqclean/fft.c ****         f1[3] = f[7];
 1195              		.loc 1 91 15 view .LVU432
 1196 008e 81EA020B 		eor	fp, r1, r2
  90:/home/pacl/Documents/Repository/sca-2026/lib/crypto_kem/hqc128/pqclean/fft.c ****         f1[2] = f[5] ^ f[6];
 1197              		.loc 1 90 15 view .LVU433
 1198 0092 5340     		eors	r3, r3, r2
  93:/home/pacl/Documents/Repository/sca-2026/lib/crypto_kem/hqc128/pqclean/fft.c ****         f1[0] = f[1] ^ f0[1];
 1199              		.loc 1 93 15 view .LVU434
 1200 0094 B288     		ldrh	r2, [r6, #4]
  88:/home/pacl/Documents/Repository/sca-2026/lib/crypto_kem/hqc128/pqclean/fft.c ****         f0[3] = f[6] ^ f[7];
 1201              		.loc 1 88 15 view .LVU435
 1202 0096 81EA0808 		eor	r8, r1, r8
  89:/home/pacl/Documents/Repository/sca-2026/lib/crypto_kem/hqc128/pqclean/fft.c ****         f1[1] = f[3] ^ f[5] ^ f[7];
 1203              		.loc 1 89 9 is_stmt 1 view .LVU436
  90:/home/pacl/Documents/Repository/sca-2026/lib/crypto_kem/hqc128/pqclean/fft.c ****         f1[2] = f[5] ^ f[6];
 1204              		.loc 1 90 9 view .LVU437
  91:/home/pacl/Documents/Repository/sca-2026/lib/crypto_kem/hqc128/pqclean/fft.c ****         f1[3] = f[7];
 1205              		.loc 1 91 9 view .LVU438
  92:/home/pacl/Documents/Repository/sca-2026/lib/crypto_kem/hqc128/pqclean/fft.c ****         f0[1] = f[2] ^ f0[2] ^ f1[1];
 1206              		.loc 1 92 9 view .LVU439
  93:/home/pacl/Documents/Repository/sca-2026/lib/crypto_kem/hqc128/pqclean/fft.c ****         f1[0] = f[1] ^ f0[1];
 1207              		.loc 1 93 9 view .LVU440
  90:/home/pacl/Documents/Repository/sca-2026/lib/crypto_kem/hqc128/pqclean/fft.c ****         f1[2] = f[5] ^ f[6];
 1208              		.loc 1 90 15 is_stmt 0 view .LVU441
 1209 009a 9BB2     		uxth	r3, r3
  93:/home/pacl/Documents/Repository/sca-2026/lib/crypto_kem/hqc128/pqclean/fft.c ****         f1[0] = f[1] ^ f0[1];
 1210              		.loc 1 93 15 view .LVU442
 1211 009c 88EA0202 		eor	r2, r8, r2
 1212 00a0 5A40     		eors	r2, r2, r3
 1213 00a2 92B2     		uxth	r2, r2
  87:/home/pacl/Documents/Repository/sca-2026/lib/crypto_kem/hqc128/pqclean/fft.c ****         f0[2] = f[4] ^ f[6];
 1214              		.loc 1 87 15 view .LVU443
 1215 00a4 4FF0000E 		mov	lr, #0
  94:/home/pacl/Documents/Repository/sca-2026/lib/crypto_kem/hqc128/pqclean/fft.c ****         break;
 1216              		.loc 1 94 15 view .LVU444
 1217 00a8 82EA0C06 		eor	r6, r2, ip
 1218              	.LVL82:
  87:/home/pacl/Documents/Repository/sca-2026/lib/crypto_kem/hqc128/pqclean/fft.c ****         f0[2] = f[4] ^ f[6];
 1219              		.loc 1 87 15 view .LVU445
 1220 00ac F146     		mov	r9, lr
  94:/home/pacl/Documents/Repository/sca-2026/lib/crypto_kem/hqc128/pqclean/fft.c ****         break;
 1221              		.loc 1 94 15 view .LVU446
 1222 00ae F446     		mov	ip, lr
  87:/home/pacl/Documents/Repository/sca-2026/lib/crypto_kem/hqc128/pqclean/fft.c ****         f0[2] = f[4] ^ f[6];
 1223              		.loc 1 87 15 view .LVU447
 1224 00b0 65F30F0E 		bfi	lr, r5, #0, #16
 1225 00b4 62F31F4E 		bfi	lr, r2, #16, #16
  94:/home/pacl/Documents/Repository/sca-2026/lib/crypto_kem/hqc128/pqclean/fft.c ****         break;
 1226              		.loc 1 94 15 view .LVU448
 1227 00b8 6246     		mov	r2, ip
  89:/home/pacl/Documents/Repository/sca-2026/lib/crypto_kem/hqc128/pqclean/fft.c ****         f1[1] = f[3] ^ f[5] ^ f[7];
 1228              		.loc 1 89 15 view .LVU449
 1229 00ba 81EA0A01 		eor	r1, r1, r10
  87:/home/pacl/Documents/Repository/sca-2026/lib/crypto_kem/hqc128/pqclean/fft.c ****         f0[2] = f[4] ^ f[6];
 1230              		.loc 1 87 15 view .LVU450
 1231 00be 68F30F09 		bfi	r9, r8, #0, #16
  94:/home/pacl/Documents/Repository/sca-2026/lib/crypto_kem/hqc128/pqclean/fft.c ****         break;
 1232              		.loc 1 94 15 view .LVU451
 1233 00c2 6BF30F02 		bfi	r2, fp, #0, #16
 1234 00c6 66F30F0C 		bfi	ip, r6, #0, #16
  87:/home/pacl/Documents/Repository/sca-2026/lib/crypto_kem/hqc128/pqclean/fft.c ****         f0[2] = f[4] ^ f[6];
 1235              		.loc 1 87 15 view .LVU452
 1236 00ca 61F31F49 		bfi	r9, r1, #16, #16
  94:/home/pacl/Documents/Repository/sca-2026/lib/crypto_kem/hqc128/pqclean/fft.c ****         break;
 1237              		.loc 1 94 15 view .LVU453
 1238 00ce 6AF31F42 		bfi	r2, r10, #16, #16
 1239 00d2 63F31F4C 		bfi	ip, r3, #16, #16
  87:/home/pacl/Documents/Repository/sca-2026/lib/crypto_kem/hqc128/pqclean/fft.c ****         f0[2] = f[4] ^ f[6];
 1240              		.loc 1 87 15 view .LVU454
 1241 00d6 CDE9059C 		strd	r9, ip, [sp, #20]
  94:/home/pacl/Documents/Repository/sca-2026/lib/crypto_kem/hqc128/pqclean/fft.c ****         break;
 1242              		.loc 1 94 9 is_stmt 1 view .LVU455
  87:/home/pacl/Documents/Repository/sca-2026/lib/crypto_kem/hqc128/pqclean/fft.c ****         f0[2] = f[4] ^ f[6];
 1243              		.loc 1 87 15 is_stmt 0 view .LVU456
 1244 00da CDF810E0 		str	lr, [sp, #16]
  94:/home/pacl/Documents/Repository/sca-2026/lib/crypto_kem/hqc128/pqclean/fft.c ****         break;
 1245              		.loc 1 94 15 view .LVU457
 1246 00de DDF80490 		ldr	r9, [sp, #4]
 1247 00e2 0792     		str	r2, [sp, #28]
  95:/home/pacl/Documents/Repository/sca-2026/lib/crypto_kem/hqc128/pqclean/fft.c **** 
 1248              		.loc 1 95 9 is_stmt 1 view .LVU458
 1249              	.LVL83:
  95:/home/pacl/Documents/Repository/sca-2026/lib/crypto_kem/hqc128/pqclean/fft.c **** 
 1250              		.loc 1 95 9 is_stmt 0 view .LVU459
 1251              	.LBE29:
 1252              	.LBE28:
 205:/home/pacl/Documents/Repository/sca-2026/lib/crypto_kem/hqc128/pqclean/fft.c ****         gammas[i] = PQCLEAN_HQC128_CLEAN_gf_mul(betas[i], PQCLEAN_HQC128_CLEAN_gf_inverse(betas[m -
 1253              		.loc 1 205 5 is_stmt 1 view .LVU460
 205:/home/pacl/Documents/Repository/sca-2026/lib/crypto_kem/hqc128/pqclean/fft.c ****         gammas[i] = PQCLEAN_HQC128_CLEAN_gf_mul(betas[i], PQCLEAN_HQC128_CLEAN_gf_inverse(betas[m -
 1254              		.loc 1 205 23 discriminator 1 view .LVU461
 1255 00e4 A7F10208 		sub	r8, r7, #2
 1256 00e8 0DF12C0B 		add	fp, sp, #44
 1257 00ec 07F10A0A 		add	r10, r7, #10
 1258 00f0 00E0     		b	.L79
 1259              	.LVL84:
 1260              	.L132:
 206:/home/pacl/Documents/Repository/sca-2026/lib/crypto_kem/hqc128/pqclean/fft.c ****         deltas[i] = PQCLEAN_HQC128_CLEAN_gf_square(gammas[i]) ^ gammas[i];
 1261              		.loc 1 206 21 is_stmt 0 view .LVU462
 1262 00f2 B889     		ldrh	r0, [r7, #12]
 1263              	.L79:
 206:/home/pacl/Documents/Repository/sca-2026/lib/crypto_kem/hqc128/pqclean/fft.c ****         deltas[i] = PQCLEAN_HQC128_CLEAN_gf_square(gammas[i]) ^ gammas[i];
 1264              		.loc 1 206 9 is_stmt 1 view .LVU463
 206:/home/pacl/Documents/Repository/sca-2026/lib/crypto_kem/hqc128/pqclean/fft.c ****         deltas[i] = PQCLEAN_HQC128_CLEAN_gf_square(gammas[i]) ^ gammas[i];
 1265              		.loc 1 206 21 is_stmt 0 view .LVU464
 1266 00f4 38F8025F 		ldrh	r5, [r8, #2]!
 1267 00f8 FFF7FEFF 		bl	PQCLEAN_HQC128_CLEAN_gf_inverse
 1268              	.LVL85:
 1269 00fc 0146     		mov	r1, r0
 206:/home/pacl/Documents/Repository/sca-2026/lib/crypto_kem/hqc128/pqclean/fft.c ****         deltas[i] = PQCLEAN_HQC128_CLEAN_gf_square(gammas[i]) ^ gammas[i];
 1270              		.loc 1 206 21 discriminator 1 view .LVU465
 1271 00fe 2846     		mov	r0, r5
 1272 0100 FFF7FEFF 		bl	PQCLEAN_HQC128_CLEAN_gf_mul
 1273              	.LVL86:
 206:/home/pacl/Documents/Repository/sca-2026/lib/crypto_kem/hqc128/pqclean/fft.c ****         deltas[i] = PQCLEAN_HQC128_CLEAN_gf_square(gammas[i]) ^ gammas[i];
 1274              		.loc 1 206 19 discriminator 2 view .LVU466
 1275 0104 29F8020B 		strh	r0, [r9], #2	@ movhi
 207:/home/pacl/Documents/Repository/sca-2026/lib/crypto_kem/hqc128/pqclean/fft.c ****     }
 1276              		.loc 1 207 9 is_stmt 1 view .LVU467
 206:/home/pacl/Documents/Repository/sca-2026/lib/crypto_kem/hqc128/pqclean/fft.c ****         deltas[i] = PQCLEAN_HQC128_CLEAN_gf_square(gammas[i]) ^ gammas[i];
 1277              		.loc 1 206 21 is_stmt 0 discriminator 1 view .LVU468
 1278 0108 0546     		mov	r5, r0
 207:/home/pacl/Documents/Repository/sca-2026/lib/crypto_kem/hqc128/pqclean/fft.c ****     }
 1279              		.loc 1 207 21 view .LVU469
 1280 010a FFF7FEFF 		bl	PQCLEAN_HQC128_CLEAN_gf_square
 1281              	.LVL87:
 205:/home/pacl/Documents/Repository/sca-2026/lib/crypto_kem/hqc128/pqclean/fft.c ****         gammas[i] = PQCLEAN_HQC128_CLEAN_gf_mul(betas[i], PQCLEAN_HQC128_CLEAN_gf_inverse(betas[m -
 1282              		.loc 1 205 23 discriminator 1 view .LVU470
 1283 010e D045     		cmp	r8, r10
 207:/home/pacl/Documents/Repository/sca-2026/lib/crypto_kem/hqc128/pqclean/fft.c ****     }
 1284              		.loc 1 207 19 discriminator 1 view .LVU471
 1285 0110 85EA0005 		eor	r5, r5, r0
 1286 0114 2BF8025B 		strh	r5, [fp], #2	@ movhi
 205:/home/pacl/Documents/Repository/sca-2026/lib/crypto_kem/hqc128/pqclean/fft.c ****         gammas[i] = PQCLEAN_HQC128_CLEAN_gf_mul(betas[i], PQCLEAN_HQC128_CLEAN_gf_inverse(betas[m -
 1287              		.loc 1 205 28 is_stmt 1 discriminator 3 view .LVU472
 205:/home/pacl/Documents/Repository/sca-2026/lib/crypto_kem/hqc128/pqclean/fft.c ****         gammas[i] = PQCLEAN_HQC128_CLEAN_gf_mul(betas[i], PQCLEAN_HQC128_CLEAN_gf_inverse(betas[m -
 1288              		.loc 1 205 23 discriminator 1 view .LVU473
 1289 0118 EBD1     		bne	.L132
 1290 011a DDF804E0 		ldr	lr, [sp, #4]
 1291 011e 0021     		movs	r1, #0
 1292              	.LBB30:
 1293              	.LBB31:
  46:/home/pacl/Documents/Repository/sca-2026/lib/crypto_kem/hqc128/pqclean/fft.c ****             subset_sums[(1 << i) + j] = set[i] ^ subset_sums[j];
 1294              		.loc 1 46 28 is_stmt 0 discriminator 1 view .LVU474
 1295 0120 0127     		movs	r7, #1
 1296              	.LVL88:
  46:/home/pacl/Documents/Repository/sca-2026/lib/crypto_kem/hqc128/pqclean/fft.c ****             subset_sums[(1 << i) + j] = set[i] ^ subset_sums[j];
 1297              		.loc 1 46 28 discriminator 1 view .LVU475
 1298 0122 4FF00209 		mov	r9, #2
 1299 0126 6FF00048 		mvn	r8, #-2147483648
 1300 012a B246     		mov	r10, r6
 1301              	.LVL89:
 1302              	.L78:
  46:/home/pacl/Documents/Repository/sca-2026/lib/crypto_kem/hqc128/pqclean/fft.c ****             subset_sums[(1 << i) + j] = set[i] ^ subset_sums[j];
 1303              		.loc 1 46 23 is_stmt 1 discriminator 1 view .LVU476
  46:/home/pacl/Documents/Repository/sca-2026/lib/crypto_kem/hqc128/pqclean/fft.c ****             subset_sums[(1 << i) + j] = set[i] ^ subset_sums[j];
 1304              		.loc 1 46 28 is_stmt 0 discriminator 1 view .LVU477
 1305 012c 07FA01F3 		lsl	r3, r7, r1
 1306 0130 581E     		subs	r0, r3, #1
 1307 0132 0728     		cmp	r0, #7
  47:/home/pacl/Documents/Repository/sca-2026/lib/crypto_kem/hqc128/pqclean/fft.c ****         }
 1308              		.loc 1 47 44 view .LVU478
 1309 0134 3EF8022B 		ldrh	r2, [lr], #2
 1310 0138 01D9     		bls	.L86
 1311 013a 0029     		cmp	r1, #0
 1312 013c 3BD1     		bne	.L133
 1313              	.L86:
 1314 013e 4344     		add	r3, r3, r8
 1315 0140 04EB4306 		add	r6, r4, r3, lsl #1
 1316 0144 3346     		mov	r3, r6
 1317 0146 2546     		mov	r5, r4
 1318 0148 0236     		adds	r6, r6, #2
 1319              	.LVL90:
 1320              	.L81:
  47:/home/pacl/Documents/Repository/sca-2026/lib/crypto_kem/hqc128/pqclean/fft.c ****         }
 1321              		.loc 1 47 13 is_stmt 1 view .LVU479
  47:/home/pacl/Documents/Repository/sca-2026/lib/crypto_kem/hqc128/pqclean/fft.c ****         }
 1322              		.loc 1 47 61 is_stmt 0 view .LVU480
 1323 014a 35F8020B 		ldrh	r0, [r5], #2
 1324              	.LVL91:
  47:/home/pacl/Documents/Repository/sca-2026/lib/crypto_kem/hqc128/pqclean/fft.c ****         }
 1325              		.loc 1 47 39 view .LVU481
 1326 014e 5040     		eors	r0, r0, r2
  46:/home/pacl/Documents/Repository/sca-2026/lib/crypto_kem/hqc128/pqclean/fft.c ****             subset_sums[(1 << i) + j] = set[i] ^ subset_sums[j];
 1327              		.loc 1 46 23 discriminator 1 view .LVU482
 1328 0150 AE42     		cmp	r6, r5
  47:/home/pacl/Documents/Repository/sca-2026/lib/crypto_kem/hqc128/pqclean/fft.c ****         }
 1329              		.loc 1 47 39 view .LVU483
 1330 0152 23F8020F 		strh	r0, [r3, #2]!	@ movhi
  46:/home/pacl/Documents/Repository/sca-2026/lib/crypto_kem/hqc128/pqclean/fft.c ****             subset_sums[(1 << i) + j] = set[i] ^ subset_sums[j];
 1331              		.loc 1 46 35 is_stmt 1 discriminator 3 view .LVU484
 1332              	.LVL92:
  46:/home/pacl/Documents/Repository/sca-2026/lib/crypto_kem/hqc128/pqclean/fft.c ****             subset_sums[(1 << i) + j] = set[i] ^ subset_sums[j];
 1333              		.loc 1 46 23 discriminator 1 view .LVU485
 1334 0156 F8D1     		bne	.L81
 1335              	.LVL93:
 1336              	.L82:
  45:/home/pacl/Documents/Repository/sca-2026/lib/crypto_kem/hqc128/pqclean/fft.c ****         for (j = 0; j < (1 << i); ++j) {
 1337              		.loc 1 45 31 discriminator 2 view .LVU486
  45:/home/pacl/Documents/Repository/sca-2026/lib/crypto_kem/hqc128/pqclean/fft.c ****         for (j = 0; j < (1 << i); ++j) {
 1338              		.loc 1 45 19 discriminator 1 view .LVU487
 1339 0158 0131     		adds	r1, r1, #1
 1340              	.LVL94:
  45:/home/pacl/Documents/Repository/sca-2026/lib/crypto_kem/hqc128/pqclean/fft.c ****         for (j = 0; j < (1 << i); ++j) {
 1341              		.loc 1 45 19 is_stmt 0 discriminator 1 view .LVU488
 1342 015a 0629     		cmp	r1, #6
 1343 015c E6D1     		bne	.L78
 1344              	.LVL95:
 1345              	.L134:
  45:/home/pacl/Documents/Repository/sca-2026/lib/crypto_kem/hqc128/pqclean/fft.c ****         for (j = 0; j < (1 << i); ++j) {
 1346              		.loc 1 45 19 discriminator 1 view .LVU489
 1347              	.LBE31:
 1348              	.LBE30:
 214:/home/pacl/Documents/Repository/sca-2026/lib/crypto_kem/hqc128/pqclean/fft.c **** 
 1349              		.loc 1 214 5 is_stmt 1 view .LVU490
 214:/home/pacl/Documents/Repository/sca-2026/lib/crypto_kem/hqc128/pqclean/fft.c **** 
 1350              		.loc 1 214 30 is_stmt 0 view .LVU491
 1351 015e 029D     		ldr	r5, [sp, #8]
 1352 0160 6A1C     		adds	r2, r5, #1
 214:/home/pacl/Documents/Repository/sca-2026/lib/crypto_kem/hqc128/pqclean/fft.c **** 
 1353              		.loc 1 214 5 view .LVU492
 1354 0162 04A9     		add	r1, sp, #16
 1355 0164 5208     		lsrs	r2, r2, #1
 1356 0166 0BAB     		add	r3, sp, #44
 1357 0168 2EA8     		add	r0, sp, #184
 1358 016a FFF7FEFF 		bl	fft_rec.constprop.1
 1359              	.LVL96:
 216:/home/pacl/Documents/Repository/sca-2026/lib/crypto_kem/hqc128/pqclean/fft.c ****     k <<= ((m - 1) & 0xf); // &0xf is to let the compiler know that m-1 is small.
 1360              		.loc 1 216 5 is_stmt 1 view .LVU493
 217:/home/pacl/Documents/Repository/sca-2026/lib/crypto_kem/hqc128/pqclean/fft.c ****     if (f_coeffs <= 3) { // 3-coefficient polynomial f case: f1 is constant
 1361              		.loc 1 217 5 view .LVU494
 218:/home/pacl/Documents/Repository/sca-2026/lib/crypto_kem/hqc128/pqclean/fft.c ****         w[0] = u[0];
 1362              		.loc 1 218 5 view .LVU495
 218:/home/pacl/Documents/Repository/sca-2026/lib/crypto_kem/hqc128/pqclean/fft.c ****         w[0] = u[0];
 1363              		.loc 1 218 8 is_stmt 0 view .LVU496
 1364 016e 032D     		cmp	r5, #3
 1365              	.LBB34:
 1366              	.LBB32:
 1367 0170 5646     		mov	r6, r10
 1368              	.LBE32:
 1369              	.LBE34:
 1370 0172 00F2AA80 		bhi	.L88
 219:/home/pacl/Documents/Repository/sca-2026/lib/crypto_kem/hqc128/pqclean/fft.c ****         w[k] = u[0] ^ f1[0];
 1371              		.loc 1 219 9 is_stmt 1 view .LVU497
 219:/home/pacl/Documents/Repository/sca-2026/lib/crypto_kem/hqc128/pqclean/fft.c ****         w[k] = u[0] ^ f1[0];
 1372              		.loc 1 219 17 is_stmt 0 view .LVU498
 1373 0176 BDF8B830 		ldrh	r3, [sp, #184]
 219:/home/pacl/Documents/Repository/sca-2026/lib/crypto_kem/hqc128/pqclean/fft.c ****         w[k] = u[0] ^ f1[0];
 1374              		.loc 1 219 14 view .LVU499
 1375 017a DDF80CB0 		ldr	fp, [sp, #12]
 1376 017e ABF80030 		strh	r3, [fp]	@ movhi
 220:/home/pacl/Documents/Repository/sca-2026/lib/crypto_kem/hqc128/pqclean/fft.c ****         for (i = 1; i < k; ++i) {
 1377              		.loc 1 220 9 is_stmt 1 view .LVU500
 220:/home/pacl/Documents/Repository/sca-2026/lib/crypto_kem/hqc128/pqclean/fft.c ****         for (i = 1; i < k; ++i) {
 1378              		.loc 1 220 14 is_stmt 0 view .LVU501
 1379 0182 7340     		eors	r3, r3, r6
 1380 0184 ABF88030 		strh	r3, [fp, #128]	@ movhi
 221:/home/pacl/Documents/Repository/sca-2026/lib/crypto_kem/hqc128/pqclean/fft.c ****             w[i] = u[i] ^ PQCLEAN_HQC128_CLEAN_gf_mul(gammas_sums[i], f1[0]);
 1381              		.loc 1 221 9 is_stmt 1 view .LVU502
 1382              	.LVL97:
 221:/home/pacl/Documents/Repository/sca-2026/lib/crypto_kem/hqc128/pqclean/fft.c ****             w[i] = u[i] ^ PQCLEAN_HQC128_CLEAN_gf_mul(gammas_sums[i], f1[0]);
 1383              		.loc 1 221 23 discriminator 1 view .LVU503
 1384 0188 2EAF     		add	r7, sp, #184
 1385 018a 0DF59B79 		add	r9, sp, #310
 1386              	.LVL98:
 1387              	.L89:
 222:/home/pacl/Documents/Repository/sca-2026/lib/crypto_kem/hqc128/pqclean/fft.c ****             w[k + i] = w[i] ^ f1[0];
 1388              		.loc 1 222 13 view .LVU504
 222:/home/pacl/Documents/Repository/sca-2026/lib/crypto_kem/hqc128/pqclean/fft.c ****             w[k + i] = w[i] ^ f1[0];
 1389              		.loc 1 222 27 is_stmt 0 view .LVU505
 1390 018e 34F8020F 		ldrh	r0, [r4, #2]!
 222:/home/pacl/Documents/Repository/sca-2026/lib/crypto_kem/hqc128/pqclean/fft.c ****             w[k + i] = w[i] ^ f1[0];
 1391              		.loc 1 222 21 view .LVU506
 1392 0192 37F8025F 		ldrh	r5, [r7, #2]!
 222:/home/pacl/Documents/Repository/sca-2026/lib/crypto_kem/hqc128/pqclean/fft.c ****             w[k + i] = w[i] ^ f1[0];
 1393              		.loc 1 222 27 view .LVU507
 1394 0196 3146     		mov	r1, r6
 1395 0198 FFF7FEFF 		bl	PQCLEAN_HQC128_CLEAN_gf_mul
 1396              	.LVL99:
 222:/home/pacl/Documents/Repository/sca-2026/lib/crypto_kem/hqc128/pqclean/fft.c ****             w[k + i] = w[i] ^ f1[0];
 1397              		.loc 1 222 18 discriminator 1 view .LVU508
 1398 019c 6840     		eors	r0, r0, r5
 1399 019e 80B2     		uxth	r0, r0
 1400 01a0 2BF8020F 		strh	r0, [fp, #2]!	@ movhi
 223:/home/pacl/Documents/Repository/sca-2026/lib/crypto_kem/hqc128/pqclean/fft.c ****         }
 1401              		.loc 1 223 13 is_stmt 1 view .LVU509
 221:/home/pacl/Documents/Repository/sca-2026/lib/crypto_kem/hqc128/pqclean/fft.c ****             w[i] = u[i] ^ PQCLEAN_HQC128_CLEAN_gf_mul(gammas_sums[i], f1[0]);
 1402              		.loc 1 221 23 is_stmt 0 discriminator 1 view .LVU510
 1403 01a4 B945     		cmp	r9, r7
 223:/home/pacl/Documents/Repository/sca-2026/lib/crypto_kem/hqc128/pqclean/fft.c ****         }
 1404              		.loc 1 223 22 view .LVU511
 1405 01a6 80EA0600 		eor	r0, r0, r6
 1406 01aa ABF88000 		strh	r0, [fp, #128]	@ movhi
 221:/home/pacl/Documents/Repository/sca-2026/lib/crypto_kem/hqc128/pqclean/fft.c ****             w[i] = u[i] ^ PQCLEAN_HQC128_CLEAN_gf_mul(gammas_sums[i], f1[0]);
 1407              		.loc 1 221 28 is_stmt 1 discriminator 3 view .LVU512
 221:/home/pacl/Documents/Repository/sca-2026/lib/crypto_kem/hqc128/pqclean/fft.c ****             w[i] = u[i] ^ PQCLEAN_HQC128_CLEAN_gf_mul(gammas_sums[i], f1[0]);
 1408              		.loc 1 221 23 discriminator 1 view .LVU513
 1409 01ae EED1     		bne	.L89
 1410              		.loc 1 237 1 is_stmt 0 view .LVU514
 1411 01b0 6FB0     		add	sp, sp, #444
 1412              	.LCFI12:
 1413              		.cfi_remember_state
 1414              		.cfi_def_cfa_offset 36
 1415              		@ sp needed
 1416 01b2 BDE8F08F 		pop	{r4, r5, r6, r7, r8, r9, r10, fp, pc}
 1417              	.LVL100:
 1418              	.L133:
 1419              	.LCFI13:
 1420              		.cfi_restore_state
 1421              		.loc 1 237 1 view .LVU515
 1422 01b6 0020     		movs	r0, #0
 1423              	.LBB35:
 1424              	.LBB33:
  47:/home/pacl/Documents/Repository/sca-2026/lib/crypto_kem/hqc128/pqclean/fft.c ****         }
 1425              		.loc 1 47 39 view .LVU516
 1426 01b8 2568     		ldr	r5, [r4]
 1427 01ba 62F30F00 		bfi	r0, r2, #0, #16
 1428 01be 62F31F40 		bfi	r0, r2, #16, #16
 1429 01c2 09FA01F6 		lsl	r6, r9, r1
 1430 01c6 4540     		eors	r5, r5, r0
 1431 01c8 A551     		str	r5, [r4, r6]	@ unaligned
 1432 01ca A519     		adds	r5, r4, r6
 1433              	.LVL101:
  47:/home/pacl/Documents/Repository/sca-2026/lib/crypto_kem/hqc128/pqclean/fft.c ****         }
 1434              		.loc 1 47 13 is_stmt 1 view .LVU517
  46:/home/pacl/Documents/Repository/sca-2026/lib/crypto_kem/hqc128/pqclean/fft.c ****             subset_sums[(1 << i) + j] = set[i] ^ subset_sums[j];
 1435              		.loc 1 46 35 discriminator 3 view .LVU518
  46:/home/pacl/Documents/Repository/sca-2026/lib/crypto_kem/hqc128/pqclean/fft.c ****             subset_sums[(1 << i) + j] = set[i] ^ subset_sums[j];
 1436              		.loc 1 46 23 discriminator 1 view .LVU519
  47:/home/pacl/Documents/Repository/sca-2026/lib/crypto_kem/hqc128/pqclean/fft.c ****         }
 1437              		.loc 1 47 13 view .LVU520
  47:/home/pacl/Documents/Repository/sca-2026/lib/crypto_kem/hqc128/pqclean/fft.c ****         }
 1438              		.loc 1 47 39 is_stmt 0 view .LVU521
 1439 01cc 6668     		ldr	r6, [r4, #4]
 1440 01ce 4640     		eors	r6, r6, r0
 1441 01d0 6E60     		str	r6, [r5, #4]	@ unaligned
  46:/home/pacl/Documents/Repository/sca-2026/lib/crypto_kem/hqc128/pqclean/fft.c ****             subset_sums[(1 << i) + j] = set[i] ^ subset_sums[j];
 1442              		.loc 1 46 35 is_stmt 1 discriminator 3 view .LVU522
  46:/home/pacl/Documents/Repository/sca-2026/lib/crypto_kem/hqc128/pqclean/fft.c ****             subset_sums[(1 << i) + j] = set[i] ^ subset_sums[j];
 1443              		.loc 1 46 23 discriminator 1 view .LVU523
  47:/home/pacl/Documents/Repository/sca-2026/lib/crypto_kem/hqc128/pqclean/fft.c ****         }
 1444              		.loc 1 47 13 view .LVU524
  47:/home/pacl/Documents/Repository/sca-2026/lib/crypto_kem/hqc128/pqclean/fft.c ****         }
 1445              		.loc 1 47 39 is_stmt 0 view .LVU525
 1446 01d2 A668     		ldr	r6, [r4, #8]
 1447 01d4 4640     		eors	r6, r6, r0
 1448 01d6 AE60     		str	r6, [r5, #8]	@ unaligned
  46:/home/pacl/Documents/Repository/sca-2026/lib/crypto_kem/hqc128/pqclean/fft.c ****             subset_sums[(1 << i) + j] = set[i] ^ subset_sums[j];
 1449              		.loc 1 46 35 is_stmt 1 discriminator 3 view .LVU526
  46:/home/pacl/Documents/Repository/sca-2026/lib/crypto_kem/hqc128/pqclean/fft.c ****             subset_sums[(1 << i) + j] = set[i] ^ subset_sums[j];
 1450              		.loc 1 46 23 discriminator 1 view .LVU527
  47:/home/pacl/Documents/Repository/sca-2026/lib/crypto_kem/hqc128/pqclean/fft.c ****         }
 1451              		.loc 1 47 13 view .LVU528
  47:/home/pacl/Documents/Repository/sca-2026/lib/crypto_kem/hqc128/pqclean/fft.c ****         }
 1452              		.loc 1 47 39 is_stmt 0 view .LVU529
 1453 01d8 E668     		ldr	r6, [r4, #12]
 1454 01da 4FEA530C 		lsr	ip, r3, #1
 1455 01de 4640     		eors	r6, r6, r0
 1456 01e0 BCF1040F 		cmp	ip, #4
 1457 01e4 EE60     		str	r6, [r5, #12]	@ unaligned
  46:/home/pacl/Documents/Repository/sca-2026/lib/crypto_kem/hqc128/pqclean/fft.c ****             subset_sums[(1 << i) + j] = set[i] ^ subset_sums[j];
 1458              		.loc 1 46 35 is_stmt 1 discriminator 3 view .LVU530
  46:/home/pacl/Documents/Repository/sca-2026/lib/crypto_kem/hqc128/pqclean/fft.c ****             subset_sums[(1 << i) + j] = set[i] ^ subset_sums[j];
 1459              		.loc 1 46 23 discriminator 1 view .LVU531
 1460 01e6 6DD0     		beq	.L93
  47:/home/pacl/Documents/Repository/sca-2026/lib/crypto_kem/hqc128/pqclean/fft.c ****         }
 1461              		.loc 1 47 13 view .LVU532
  47:/home/pacl/Documents/Repository/sca-2026/lib/crypto_kem/hqc128/pqclean/fft.c ****         }
 1462              		.loc 1 47 39 is_stmt 0 view .LVU533
 1463 01e8 2669     		ldr	r6, [r4, #16]
 1464 01ea BCF1050F 		cmp	ip, #5
 1465 01ee 86EA0006 		eor	r6, r6, r0
 1466 01f2 2E61     		str	r6, [r5, #16]	@ unaligned
  46:/home/pacl/Documents/Repository/sca-2026/lib/crypto_kem/hqc128/pqclean/fft.c ****             subset_sums[(1 << i) + j] = set[i] ^ subset_sums[j];
 1467              		.loc 1 46 35 is_stmt 1 discriminator 3 view .LVU534
  46:/home/pacl/Documents/Repository/sca-2026/lib/crypto_kem/hqc128/pqclean/fft.c ****             subset_sums[(1 << i) + j] = set[i] ^ subset_sums[j];
 1468              		.loc 1 46 23 discriminator 1 view .LVU535
 1469 01f4 4DD0     		beq	.L84
  47:/home/pacl/Documents/Repository/sca-2026/lib/crypto_kem/hqc128/pqclean/fft.c ****         }
 1470              		.loc 1 47 13 view .LVU536
  47:/home/pacl/Documents/Repository/sca-2026/lib/crypto_kem/hqc128/pqclean/fft.c ****         }
 1471              		.loc 1 47 39 is_stmt 0 view .LVU537
 1472 01f6 6669     		ldr	r6, [r4, #20]
 1473 01f8 BCF1060F 		cmp	ip, #6
 1474 01fc 86EA0006 		eor	r6, r6, r0
 1475 0200 6E61     		str	r6, [r5, #20]	@ unaligned
  46:/home/pacl/Documents/Repository/sca-2026/lib/crypto_kem/hqc128/pqclean/fft.c ****             subset_sums[(1 << i) + j] = set[i] ^ subset_sums[j];
 1476              		.loc 1 46 35 is_stmt 1 discriminator 3 view .LVU538
  46:/home/pacl/Documents/Repository/sca-2026/lib/crypto_kem/hqc128/pqclean/fft.c ****             subset_sums[(1 << i) + j] = set[i] ^ subset_sums[j];
 1477              		.loc 1 46 23 discriminator 1 view .LVU539
 1478 0202 46D0     		beq	.L84
  47:/home/pacl/Documents/Repository/sca-2026/lib/crypto_kem/hqc128/pqclean/fft.c ****         }
 1479              		.loc 1 47 13 view .LVU540
  47:/home/pacl/Documents/Repository/sca-2026/lib/crypto_kem/hqc128/pqclean/fft.c ****         }
 1480              		.loc 1 47 39 is_stmt 0 view .LVU541
 1481 0204 A669     		ldr	r6, [r4, #24]
 1482 0206 BCF1070F 		cmp	ip, #7
 1483 020a 86EA0006 		eor	r6, r6, r0
 1484 020e AE61     		str	r6, [r5, #24]	@ unaligned
  46:/home/pacl/Documents/Repository/sca-2026/lib/crypto_kem/hqc128/pqclean/fft.c ****             subset_sums[(1 << i) + j] = set[i] ^ subset_sums[j];
 1485              		.loc 1 46 35 is_stmt 1 discriminator 3 view .LVU542
  46:/home/pacl/Documents/Repository/sca-2026/lib/crypto_kem/hqc128/pqclean/fft.c ****             subset_sums[(1 << i) + j] = set[i] ^ subset_sums[j];
 1486              		.loc 1 46 23 discriminator 1 view .LVU543
 1487 0210 3FD0     		beq	.L84
  47:/home/pacl/Documents/Repository/sca-2026/lib/crypto_kem/hqc128/pqclean/fft.c ****         }
 1488              		.loc 1 47 13 view .LVU544
  47:/home/pacl/Documents/Repository/sca-2026/lib/crypto_kem/hqc128/pqclean/fft.c ****         }
 1489              		.loc 1 47 39 is_stmt 0 view .LVU545
 1490 0212 E669     		ldr	r6, [r4, #28]
 1491 0214 BCF1080F 		cmp	ip, #8
 1492 0218 86EA0006 		eor	r6, r6, r0
 1493 021c EE61     		str	r6, [r5, #28]	@ unaligned
  46:/home/pacl/Documents/Repository/sca-2026/lib/crypto_kem/hqc128/pqclean/fft.c ****             subset_sums[(1 << i) + j] = set[i] ^ subset_sums[j];
 1494              		.loc 1 46 35 is_stmt 1 discriminator 3 view .LVU546
  46:/home/pacl/Documents/Repository/sca-2026/lib/crypto_kem/hqc128/pqclean/fft.c ****             subset_sums[(1 << i) + j] = set[i] ^ subset_sums[j];
 1495              		.loc 1 46 23 discriminator 1 view .LVU547
 1496 021e 38D0     		beq	.L84
  47:/home/pacl/Documents/Repository/sca-2026/lib/crypto_kem/hqc128/pqclean/fft.c ****         }
 1497              		.loc 1 47 13 view .LVU548
  47:/home/pacl/Documents/Repository/sca-2026/lib/crypto_kem/hqc128/pqclean/fft.c ****         }
 1498              		.loc 1 47 39 is_stmt 0 view .LVU549
 1499 0220 266A     		ldr	r6, [r4, #32]
 1500 0222 BCF1090F 		cmp	ip, #9
 1501 0226 86EA0006 		eor	r6, r6, r0
 1502 022a 2E62     		str	r6, [r5, #32]	@ unaligned
  46:/home/pacl/Documents/Repository/sca-2026/lib/crypto_kem/hqc128/pqclean/fft.c ****             subset_sums[(1 << i) + j] = set[i] ^ subset_sums[j];
 1503              		.loc 1 46 35 is_stmt 1 discriminator 3 view .LVU550
  46:/home/pacl/Documents/Repository/sca-2026/lib/crypto_kem/hqc128/pqclean/fft.c ****             subset_sums[(1 << i) + j] = set[i] ^ subset_sums[j];
 1504              		.loc 1 46 23 discriminator 1 view .LVU551
 1505 022c 31D0     		beq	.L84
  47:/home/pacl/Documents/Repository/sca-2026/lib/crypto_kem/hqc128/pqclean/fft.c ****         }
 1506              		.loc 1 47 13 view .LVU552
  47:/home/pacl/Documents/Repository/sca-2026/lib/crypto_kem/hqc128/pqclean/fft.c ****         }
 1507              		.loc 1 47 39 is_stmt 0 view .LVU553
 1508 022e 666A     		ldr	r6, [r4, #36]
 1509 0230 BCF10A0F 		cmp	ip, #10
 1510 0234 86EA0006 		eor	r6, r6, r0
 1511 0238 6E62     		str	r6, [r5, #36]	@ unaligned
  46:/home/pacl/Documents/Repository/sca-2026/lib/crypto_kem/hqc128/pqclean/fft.c ****             subset_sums[(1 << i) + j] = set[i] ^ subset_sums[j];
 1512              		.loc 1 46 35 is_stmt 1 discriminator 3 view .LVU554
  46:/home/pacl/Documents/Repository/sca-2026/lib/crypto_kem/hqc128/pqclean/fft.c ****             subset_sums[(1 << i) + j] = set[i] ^ subset_sums[j];
 1513              		.loc 1 46 23 discriminator 1 view .LVU555
 1514 023a 2AD0     		beq	.L84
  47:/home/pacl/Documents/Repository/sca-2026/lib/crypto_kem/hqc128/pqclean/fft.c ****         }
 1515              		.loc 1 47 13 view .LVU556
  47:/home/pacl/Documents/Repository/sca-2026/lib/crypto_kem/hqc128/pqclean/fft.c ****         }
 1516              		.loc 1 47 39 is_stmt 0 view .LVU557
 1517 023c A66A     		ldr	r6, [r4, #40]
 1518 023e BCF10B0F 		cmp	ip, #11
 1519 0242 86EA0006 		eor	r6, r6, r0
 1520 0246 AE62     		str	r6, [r5, #40]	@ unaligned
  46:/home/pacl/Documents/Repository/sca-2026/lib/crypto_kem/hqc128/pqclean/fft.c ****             subset_sums[(1 << i) + j] = set[i] ^ subset_sums[j];
 1521              		.loc 1 46 35 is_stmt 1 discriminator 3 view .LVU558
  46:/home/pacl/Documents/Repository/sca-2026/lib/crypto_kem/hqc128/pqclean/fft.c ****             subset_sums[(1 << i) + j] = set[i] ^ subset_sums[j];
 1522              		.loc 1 46 23 discriminator 1 view .LVU559
 1523 0248 23D0     		beq	.L84
  47:/home/pacl/Documents/Repository/sca-2026/lib/crypto_kem/hqc128/pqclean/fft.c ****         }
 1524              		.loc 1 47 13 view .LVU560
  47:/home/pacl/Documents/Repository/sca-2026/lib/crypto_kem/hqc128/pqclean/fft.c ****         }
 1525              		.loc 1 47 39 is_stmt 0 view .LVU561
 1526 024a E66A     		ldr	r6, [r4, #44]
 1527 024c BCF10C0F 		cmp	ip, #12
 1528 0250 86EA0006 		eor	r6, r6, r0
 1529 0254 EE62     		str	r6, [r5, #44]	@ unaligned
  46:/home/pacl/Documents/Repository/sca-2026/lib/crypto_kem/hqc128/pqclean/fft.c ****             subset_sums[(1 << i) + j] = set[i] ^ subset_sums[j];
 1530              		.loc 1 46 35 is_stmt 1 discriminator 3 view .LVU562
  46:/home/pacl/Documents/Repository/sca-2026/lib/crypto_kem/hqc128/pqclean/fft.c ****             subset_sums[(1 << i) + j] = set[i] ^ subset_sums[j];
 1531              		.loc 1 46 23 discriminator 1 view .LVU563
 1532 0256 1CD0     		beq	.L84
  47:/home/pacl/Documents/Repository/sca-2026/lib/crypto_kem/hqc128/pqclean/fft.c ****         }
 1533              		.loc 1 47 13 view .LVU564
  47:/home/pacl/Documents/Repository/sca-2026/lib/crypto_kem/hqc128/pqclean/fft.c ****         }
 1534              		.loc 1 47 39 is_stmt 0 view .LVU565
 1535 0258 266B     		ldr	r6, [r4, #48]
 1536 025a BCF10D0F 		cmp	ip, #13
 1537 025e 86EA0006 		eor	r6, r6, r0
 1538 0262 2E63     		str	r6, [r5, #48]	@ unaligned
  46:/home/pacl/Documents/Repository/sca-2026/lib/crypto_kem/hqc128/pqclean/fft.c ****             subset_sums[(1 << i) + j] = set[i] ^ subset_sums[j];
 1539              		.loc 1 46 35 is_stmt 1 discriminator 3 view .LVU566
  46:/home/pacl/Documents/Repository/sca-2026/lib/crypto_kem/hqc128/pqclean/fft.c ****             subset_sums[(1 << i) + j] = set[i] ^ subset_sums[j];
 1540              		.loc 1 46 23 discriminator 1 view .LVU567
 1541 0264 15D0     		beq	.L84
  47:/home/pacl/Documents/Repository/sca-2026/lib/crypto_kem/hqc128/pqclean/fft.c ****         }
 1542              		.loc 1 47 13 view .LVU568
  47:/home/pacl/Documents/Repository/sca-2026/lib/crypto_kem/hqc128/pqclean/fft.c ****         }
 1543              		.loc 1 47 39 is_stmt 0 view .LVU569
 1544 0266 666B     		ldr	r6, [r4, #52]
 1545 0268 BCF10E0F 		cmp	ip, #14
 1546 026c 86EA0006 		eor	r6, r6, r0
 1547 0270 6E63     		str	r6, [r5, #52]	@ unaligned
  46:/home/pacl/Documents/Repository/sca-2026/lib/crypto_kem/hqc128/pqclean/fft.c ****             subset_sums[(1 << i) + j] = set[i] ^ subset_sums[j];
 1548              		.loc 1 46 35 is_stmt 1 discriminator 3 view .LVU570
  46:/home/pacl/Documents/Repository/sca-2026/lib/crypto_kem/hqc128/pqclean/fft.c ****             subset_sums[(1 << i) + j] = set[i] ^ subset_sums[j];
 1549              		.loc 1 46 23 discriminator 1 view .LVU571
 1550 0272 0ED0     		beq	.L84
  47:/home/pacl/Documents/Repository/sca-2026/lib/crypto_kem/hqc128/pqclean/fft.c ****         }
 1551              		.loc 1 47 13 view .LVU572
  47:/home/pacl/Documents/Repository/sca-2026/lib/crypto_kem/hqc128/pqclean/fft.c ****         }
 1552              		.loc 1 47 39 is_stmt 0 view .LVU573
 1553 0274 A66B     		ldr	r6, [r4, #56]
 1554 0276 BCF1100F 		cmp	ip, #16
 1555 027a 86EA0006 		eor	r6, r6, r0
 1556 027e AE63     		str	r6, [r5, #56]	@ unaligned
  46:/home/pacl/Documents/Repository/sca-2026/lib/crypto_kem/hqc128/pqclean/fft.c ****             subset_sums[(1 << i) + j] = set[i] ^ subset_sums[j];
 1557              		.loc 1 46 35 is_stmt 1 discriminator 3 view .LVU574
  46:/home/pacl/Documents/Repository/sca-2026/lib/crypto_kem/hqc128/pqclean/fft.c ****             subset_sums[(1 << i) + j] = set[i] ^ subset_sums[j];
 1558              		.loc 1 46 23 discriminator 1 view .LVU575
 1559 0280 07D1     		bne	.L84
  47:/home/pacl/Documents/Repository/sca-2026/lib/crypto_kem/hqc128/pqclean/fft.c ****         }
 1560              		.loc 1 47 13 view .LVU576
  47:/home/pacl/Documents/Repository/sca-2026/lib/crypto_kem/hqc128/pqclean/fft.c ****         }
 1561              		.loc 1 47 39 is_stmt 0 view .LVU577
 1562 0282 E36B     		ldr	r3, [r4, #60]
  45:/home/pacl/Documents/Repository/sca-2026/lib/crypto_kem/hqc128/pqclean/fft.c ****         for (j = 0; j < (1 << i); ++j) {
 1563              		.loc 1 45 19 discriminator 1 view .LVU578
 1564 0284 0131     		adds	r1, r1, #1
 1565              	.LVL102:
  47:/home/pacl/Documents/Repository/sca-2026/lib/crypto_kem/hqc128/pqclean/fft.c ****         }
 1566              		.loc 1 47 39 view .LVU579
 1567 0286 5840     		eors	r0, r0, r3
  45:/home/pacl/Documents/Repository/sca-2026/lib/crypto_kem/hqc128/pqclean/fft.c ****         for (j = 0; j < (1 << i); ++j) {
 1568              		.loc 1 45 19 discriminator 1 view .LVU580
 1569 0288 0629     		cmp	r1, #6
  47:/home/pacl/Documents/Repository/sca-2026/lib/crypto_kem/hqc128/pqclean/fft.c ****         }
 1570              		.loc 1 47 39 view .LVU581
 1571 028a E863     		str	r0, [r5, #60]	@ unaligned
  46:/home/pacl/Documents/Repository/sca-2026/lib/crypto_kem/hqc128/pqclean/fft.c ****             subset_sums[(1 << i) + j] = set[i] ^ subset_sums[j];
 1572              		.loc 1 46 35 is_stmt 1 discriminator 3 view .LVU582
  46:/home/pacl/Documents/Repository/sca-2026/lib/crypto_kem/hqc128/pqclean/fft.c ****             subset_sums[(1 << i) + j] = set[i] ^ subset_sums[j];
 1573              		.loc 1 46 23 discriminator 1 view .LVU583
  45:/home/pacl/Documents/Repository/sca-2026/lib/crypto_kem/hqc128/pqclean/fft.c ****         for (j = 0; j < (1 << i); ++j) {
 1574              		.loc 1 45 31 discriminator 2 view .LVU584
 1575              	.LVL103:
  45:/home/pacl/Documents/Repository/sca-2026/lib/crypto_kem/hqc128/pqclean/fft.c ****         for (j = 0; j < (1 << i); ++j) {
 1576              		.loc 1 45 19 discriminator 1 view .LVU585
 1577 028c 7FF44EAF 		bne	.L78
 1578 0290 65E7     		b	.L134
 1579              	.LVL104:
 1580              	.L84:
  45:/home/pacl/Documents/Repository/sca-2026/lib/crypto_kem/hqc128/pqclean/fft.c ****         for (j = 0; j < (1 << i); ++j) {
 1581              		.loc 1 45 19 is_stmt 0 discriminator 1 view .LVU586
 1582 0292 23F00100 		bic	r0, r3, #1
 1583 0296 9842     		cmp	r0, r3
 1584 0298 0546     		mov	r5, r0
 1585 029a 3FF45DAF 		beq	.L82
 1586              	.L83:
  47:/home/pacl/Documents/Repository/sca-2026/lib/crypto_kem/hqc128/pqclean/fft.c ****         }
 1587              		.loc 1 47 13 is_stmt 1 view .LVU587
  47:/home/pacl/Documents/Repository/sca-2026/lib/crypto_kem/hqc128/pqclean/fft.c ****         }
 1588              		.loc 1 47 24 is_stmt 0 view .LVU588
 1589 029e 0344     		add	r3, r3, r0
  47:/home/pacl/Documents/Repository/sca-2026/lib/crypto_kem/hqc128/pqclean/fft.c ****         }
 1590              		.loc 1 47 61 view .LVU589
 1591 02a0 6EA8     		add	r0, sp, #440
 1592 02a2 00EB4500 		add	r0, r0, r5, lsl #1
 1593 02a6 A0F5C070 		sub	r0, r0, #384
  47:/home/pacl/Documents/Repository/sca-2026/lib/crypto_kem/hqc128/pqclean/fft.c ****         }
 1594              		.loc 1 47 39 view .LVU590
 1595 02aa 6EAD     		add	r5, sp, #440
 1596 02ac 0088     		ldrh	r0, [r0]
 1597 02ae 05EB4303 		add	r3, r5, r3, lsl #1
 1598 02b2 A3F5C073 		sub	r3, r3, #384
  45:/home/pacl/Documents/Repository/sca-2026/lib/crypto_kem/hqc128/pqclean/fft.c ****         for (j = 0; j < (1 << i); ++j) {
 1599              		.loc 1 45 19 discriminator 1 view .LVU591
 1600 02b6 0131     		adds	r1, r1, #1
 1601              	.LVL105:
  47:/home/pacl/Documents/Repository/sca-2026/lib/crypto_kem/hqc128/pqclean/fft.c ****         }
 1602              		.loc 1 47 39 view .LVU592
 1603 02b8 4240     		eors	r2, r2, r0
  45:/home/pacl/Documents/Repository/sca-2026/lib/crypto_kem/hqc128/pqclean/fft.c ****         for (j = 0; j < (1 << i); ++j) {
 1604              		.loc 1 45 19 discriminator 1 view .LVU593
 1605 02ba 0629     		cmp	r1, #6
  47:/home/pacl/Documents/Repository/sca-2026/lib/crypto_kem/hqc128/pqclean/fft.c ****         }
 1606              		.loc 1 47 39 view .LVU594
 1607 02bc 1A80     		strh	r2, [r3]	@ movhi
  46:/home/pacl/Documents/Repository/sca-2026/lib/crypto_kem/hqc128/pqclean/fft.c ****             subset_sums[(1 << i) + j] = set[i] ^ subset_sums[j];
 1608              		.loc 1 46 35 is_stmt 1 discriminator 3 view .LVU595
  46:/home/pacl/Documents/Repository/sca-2026/lib/crypto_kem/hqc128/pqclean/fft.c ****             subset_sums[(1 << i) + j] = set[i] ^ subset_sums[j];
 1609              		.loc 1 46 23 discriminator 1 view .LVU596
  45:/home/pacl/Documents/Repository/sca-2026/lib/crypto_kem/hqc128/pqclean/fft.c ****         for (j = 0; j < (1 << i); ++j) {
 1610              		.loc 1 45 31 discriminator 2 view .LVU597
 1611              	.LVL106:
  45:/home/pacl/Documents/Repository/sca-2026/lib/crypto_kem/hqc128/pqclean/fft.c ****         for (j = 0; j < (1 << i); ++j) {
 1612              		.loc 1 45 19 discriminator 1 view .LVU598
 1613 02be 7FF435AF 		bne	.L78
 1614 02c2 4CE7     		b	.L134
 1615              	.LVL107:
 1616              	.L93:
  47:/home/pacl/Documents/Repository/sca-2026/lib/crypto_kem/hqc128/pqclean/fft.c ****         }
 1617              		.loc 1 47 39 is_stmt 0 view .LVU599
 1618 02c4 0825     		movs	r5, #8
 1619 02c6 2846     		mov	r0, r5
 1620 02c8 E9E7     		b	.L83
 1621              	.LVL108:
 1622              	.L88:
  47:/home/pacl/Documents/Repository/sca-2026/lib/crypto_kem/hqc128/pqclean/fft.c ****         }
 1623              		.loc 1 47 39 view .LVU600
 1624              	.LBE33:
 1625              	.LBE35:
 226:/home/pacl/Documents/Repository/sca-2026/lib/crypto_kem/hqc128/pqclean/fft.c **** 
 1626              		.loc 1 226 9 is_stmt 1 view .LVU601
 1627 02ca 029A     		ldr	r2, [sp, #8]
 1628 02cc 0BAB     		add	r3, sp, #44
 1629 02ce 5208     		lsrs	r2, r2, #1
 1630 02d0 06A9     		add	r1, sp, #24
 1631 02d2 4EA8     		add	r0, sp, #312
 1632 02d4 FFF7FEFF 		bl	fft_rec.constprop.1
 1633              	.LVL109:
 229:/home/pacl/Documents/Repository/sca-2026/lib/crypto_kem/hqc128/pqclean/fft.c ****         w[0] = u[0];
 1634              		.loc 1 229 9 view .LVU602
 1635 02d8 039D     		ldr	r5, [sp, #12]
 1636 02da 05F18007 		add	r7, r5, #128
 1637 02de 8022     		movs	r2, #128
 1638 02e0 4EA9     		add	r1, sp, #312
 1639 02e2 3846     		mov	r0, r7
 1640 02e4 FFF7FEFF 		bl	memcpy
 1641              	.LVL110:
 230:/home/pacl/Documents/Repository/sca-2026/lib/crypto_kem/hqc128/pqclean/fft.c ****         w[k] ^= u[0];
 1642              		.loc 1 230 9 view .LVU603
 230:/home/pacl/Documents/Repository/sca-2026/lib/crypto_kem/hqc128/pqclean/fft.c ****         w[k] ^= u[0];
 1643              		.loc 1 230 17 is_stmt 0 view .LVU604
 1644 02e8 BDF8B830 		ldrh	r3, [sp, #184]
 231:/home/pacl/Documents/Repository/sca-2026/lib/crypto_kem/hqc128/pqclean/fft.c ****         for (i = 1; i < k; ++i) {
 1645              		.loc 1 231 14 view .LVU605
 1646 02ec B5F88020 		ldrh	r2, [r5, #128]
 230:/home/pacl/Documents/Repository/sca-2026/lib/crypto_kem/hqc128/pqclean/fft.c ****         w[k] ^= u[0];
 1647              		.loc 1 230 14 view .LVU606
 1648 02f0 2B80     		strh	r3, [r5]	@ movhi
 231:/home/pacl/Documents/Repository/sca-2026/lib/crypto_kem/hqc128/pqclean/fft.c ****         for (i = 1; i < k; ++i) {
 1649              		.loc 1 231 9 is_stmt 1 view .LVU607
 231:/home/pacl/Documents/Repository/sca-2026/lib/crypto_kem/hqc128/pqclean/fft.c ****         for (i = 1; i < k; ++i) {
 1650              		.loc 1 231 14 is_stmt 0 view .LVU608
 1651 02f2 5340     		eors	r3, r3, r2
 1652 02f4 0DF59C78 		add	r8, sp, #312
 1653 02f8 2EAE     		add	r6, sp, #184
 1654 02fa A5F88030 		strh	r3, [r5, #128]	@ movhi
 232:/home/pacl/Documents/Repository/sca-2026/lib/crypto_kem/hqc128/pqclean/fft.c ****             w[i] = u[i] ^ PQCLEAN_HQC128_CLEAN_gf_mul(gammas_sums[i], v[i]);
 1655              		.loc 1 232 9 is_stmt 1 view .LVU609
 1656              	.LVL111:
 232:/home/pacl/Documents/Repository/sca-2026/lib/crypto_kem/hqc128/pqclean/fft.c ****             w[i] = u[i] ^ PQCLEAN_HQC128_CLEAN_gf_mul(gammas_sums[i], v[i]);
 1657              		.loc 1 232 23 discriminator 1 view .LVU610
 1658 02fe 0DF59B79 		add	r9, sp, #310
 1659              	.LVL112:
 1660              	.L90:
 233:/home/pacl/Documents/Repository/sca-2026/lib/crypto_kem/hqc128/pqclean/fft.c ****             w[k + i] ^= w[i];
 1661              		.loc 1 233 13 view .LVU611
 233:/home/pacl/Documents/Repository/sca-2026/lib/crypto_kem/hqc128/pqclean/fft.c ****             w[k + i] ^= w[i];
 1662              		.loc 1 233 27 is_stmt 0 view .LVU612
 1663 0302 38F8021F 		ldrh	r1, [r8, #2]!
 1664 0306 34F8020F 		ldrh	r0, [r4, #2]!
 233:/home/pacl/Documents/Repository/sca-2026/lib/crypto_kem/hqc128/pqclean/fft.c ****             w[k + i] ^= w[i];
 1665              		.loc 1 233 21 view .LVU613
 1666 030a 36F8025F 		ldrh	r5, [r6, #2]!
 233:/home/pacl/Documents/Repository/sca-2026/lib/crypto_kem/hqc128/pqclean/fft.c ****             w[k + i] ^= w[i];
 1667              		.loc 1 233 27 view .LVU614
 1668 030e FFF7FEFF 		bl	PQCLEAN_HQC128_CLEAN_gf_mul
 1669              	.LVL113:
 233:/home/pacl/Documents/Repository/sca-2026/lib/crypto_kem/hqc128/pqclean/fft.c ****             w[k + i] ^= w[i];
 1670              		.loc 1 233 18 discriminator 1 view .LVU615
 1671 0312 85EA0003 		eor	r3, r5, r0
 1672 0316 9BB2     		uxth	r3, r3
 1673 0318 27F87E3C 		strh	r3, [r7, #-126]	@ movhi
 234:/home/pacl/Documents/Repository/sca-2026/lib/crypto_kem/hqc128/pqclean/fft.c ****         }
 1674              		.loc 1 234 13 is_stmt 1 view .LVU616
 234:/home/pacl/Documents/Repository/sca-2026/lib/crypto_kem/hqc128/pqclean/fft.c ****         }
 1675              		.loc 1 234 22 is_stmt 0 view .LVU617
 1676 031c 37F8022F 		ldrh	r2, [r7, #2]!
 232:/home/pacl/Documents/Repository/sca-2026/lib/crypto_kem/hqc128/pqclean/fft.c ****             w[i] = u[i] ^ PQCLEAN_HQC128_CLEAN_gf_mul(gammas_sums[i], v[i]);
 1677              		.loc 1 232 23 discriminator 1 view .LVU618
 1678 0320 B145     		cmp	r9, r6
 234:/home/pacl/Documents/Repository/sca-2026/lib/crypto_kem/hqc128/pqclean/fft.c ****         }
 1679              		.loc 1 234 22 view .LVU619
 1680 0322 83EA0203 		eor	r3, r3, r2
 1681 0326 3B80     		strh	r3, [r7]	@ movhi
 232:/home/pacl/Documents/Repository/sca-2026/lib/crypto_kem/hqc128/pqclean/fft.c ****             w[i] = u[i] ^ PQCLEAN_HQC128_CLEAN_gf_mul(gammas_sums[i], v[i]);
 1682              		.loc 1 232 28 is_stmt 1 discriminator 3 view .LVU620
 232:/home/pacl/Documents/Repository/sca-2026/lib/crypto_kem/hqc128/pqclean/fft.c ****             w[i] = u[i] ^ PQCLEAN_HQC128_CLEAN_gf_mul(gammas_sums[i], v[i]);
 1683              		.loc 1 232 23 discriminator 1 view .LVU621
 1684 0328 EBD1     		bne	.L90
 1685              		.loc 1 237 1 is_stmt 0 view .LVU622
 1686 032a 6FB0     		add	sp, sp, #444
 1687              	.LCFI14:
 1688              		.cfi_def_cfa_offset 36
 1689              		@ sp needed
 1690 032c BDE8F08F 		pop	{r4, r5, r6, r7, r8, r9, r10, fp, pc}
 1691              		.loc 1 237 1 view .LVU623
 1692              		.cfi_endproc
 1693              	.LFE10:
 1695              		.section	.text.PQCLEAN_HQC128_CLEAN_fft,"ax",%progbits
 1696              		.align	1
 1697              		.p2align 2,,3
 1698              		.global	PQCLEAN_HQC128_CLEAN_fft
 1699              		.syntax unified
 1700              		.thumb
 1701              		.thumb_func
 1703              	PQCLEAN_HQC128_CLEAN_fft:
 1704              	.LVL114:
 1705              	.LFB5:
 238:/home/pacl/Documents/Repository/sca-2026/lib/crypto_kem/hqc128/pqclean/fft.c **** 
 239:/home/pacl/Documents/Repository/sca-2026/lib/crypto_kem/hqc128/pqclean/fft.c **** /**
 240:/home/pacl/Documents/Repository/sca-2026/lib/crypto_kem/hqc128/pqclean/fft.c ****  * @brief Evaluates f on all fields elements using an additive FFT algorithm
 241:/home/pacl/Documents/Repository/sca-2026/lib/crypto_kem/hqc128/pqclean/fft.c ****  *
 242:/home/pacl/Documents/Repository/sca-2026/lib/crypto_kem/hqc128/pqclean/fft.c ****  * f_coeffs is the number of coefficients of f (one less than its degree). <br>
 243:/home/pacl/Documents/Repository/sca-2026/lib/crypto_kem/hqc128/pqclean/fft.c ****  * The FFT proceeds recursively to evaluate f at all subset sums of a basis B. <br>
 244:/home/pacl/Documents/Repository/sca-2026/lib/crypto_kem/hqc128/pqclean/fft.c ****  * This implementation is based on the paper from Gao and Mateer: <br>
 245:/home/pacl/Documents/Repository/sca-2026/lib/crypto_kem/hqc128/pqclean/fft.c ****  * Shuhong Gao and Todd Mateer, Additive Fast Fourier Transforms over Finite Fields,
 246:/home/pacl/Documents/Repository/sca-2026/lib/crypto_kem/hqc128/pqclean/fft.c ****  * IEEE Transactions on Information Theory 56 (2010), 6265--6272.
 247:/home/pacl/Documents/Repository/sca-2026/lib/crypto_kem/hqc128/pqclean/fft.c ****  * http://www.math.clemson.edu/~sgao/papers/GM10.pdf <br>
 248:/home/pacl/Documents/Repository/sca-2026/lib/crypto_kem/hqc128/pqclean/fft.c ****  * and includes improvements proposed by Bernstein, Chou and Schwabe here:
 249:/home/pacl/Documents/Repository/sca-2026/lib/crypto_kem/hqc128/pqclean/fft.c ****  * https://binary.cr.yp.to/mcbits-20130616.pdf <br>
 250:/home/pacl/Documents/Repository/sca-2026/lib/crypto_kem/hqc128/pqclean/fft.c ****  * Note that on this first call (as opposed to the recursive calls to fft_rec), gammas are equal to
 251:/home/pacl/Documents/Repository/sca-2026/lib/crypto_kem/hqc128/pqclean/fft.c ****  * meaning the first gammas subset sums are actually the subset sums of betas (except 1). <br>
 252:/home/pacl/Documents/Repository/sca-2026/lib/crypto_kem/hqc128/pqclean/fft.c ****  * Also note that f is altered during computation (twisted at each level).
 253:/home/pacl/Documents/Repository/sca-2026/lib/crypto_kem/hqc128/pqclean/fft.c ****  *
 254:/home/pacl/Documents/Repository/sca-2026/lib/crypto_kem/hqc128/pqclean/fft.c ****  * @param[out] w Array
 255:/home/pacl/Documents/Repository/sca-2026/lib/crypto_kem/hqc128/pqclean/fft.c ****  * @param[in] f Array of 2^PARAM_FFT elements
 256:/home/pacl/Documents/Repository/sca-2026/lib/crypto_kem/hqc128/pqclean/fft.c ****  * @param[in] f_coeffs Number coefficients of f (i.e. deg(f)+1)
 257:/home/pacl/Documents/Repository/sca-2026/lib/crypto_kem/hqc128/pqclean/fft.c ****  */
 258:/home/pacl/Documents/Repository/sca-2026/lib/crypto_kem/hqc128/pqclean/fft.c **** void PQCLEAN_HQC128_CLEAN_fft(uint16_t *w, const uint16_t *f, size_t f_coeffs) {
 1706              		.loc 1 258 80 is_stmt 1 view -0
 1707              		.cfi_startproc
 1708              		@ args = 0, pretend = 0, frame = 840
 1709              		@ frame_needed = 0, uses_anonymous_args = 0
 259:/home/pacl/Documents/Repository/sca-2026/lib/crypto_kem/hqc128/pqclean/fft.c ****     uint16_t betas[PARAM_M - 1] = {0};
 1710              		.loc 1 259 5 view .LVU625
 260:/home/pacl/Documents/Repository/sca-2026/lib/crypto_kem/hqc128/pqclean/fft.c ****     uint16_t betas_sums[1 << (PARAM_M - 1)] = {0};
 1711              		.loc 1 260 5 view .LVU626
 258:/home/pacl/Documents/Repository/sca-2026/lib/crypto_kem/hqc128/pqclean/fft.c ****     uint16_t betas[PARAM_M - 1] = {0};
 1712              		.loc 1 258 80 is_stmt 0 view .LVU627
 1713 0000 2DE9F04F 		push	{r4, r5, r6, r7, r8, r9, r10, fp, lr}
 1714              	.LCFI15:
 1715              		.cfi_def_cfa_offset 36
 1716              		.cfi_offset 4, -36
 1717              		.cfi_offset 5, -32
 1718              		.cfi_offset 6, -28
 1719              		.cfi_offset 7, -24
 1720              		.cfi_offset 8, -20
 1721              		.cfi_offset 9, -16
 1722              		.cfi_offset 10, -12
 1723              		.cfi_offset 11, -8
 1724              		.cfi_offset 14, -4
 1725 0004 ADF5537D 		sub	sp, sp, #844
 1726              	.LCFI16:
 1727              		.cfi_def_cfa_offset 880
 261:/home/pacl/Documents/Repository/sca-2026/lib/crypto_kem/hqc128/pqclean/fft.c ****     uint16_t f0[1 << (PARAM_FFT - 1)] = {0};
 1728              		.loc 1 261 14 view .LVU628
 1729 0008 0024     		movs	r4, #0
 258:/home/pacl/Documents/Repository/sca-2026/lib/crypto_kem/hqc128/pqclean/fft.c ****     uint16_t betas[PARAM_M - 1] = {0};
 1730              		.loc 1 258 80 view .LVU629
 1731 000a 0546     		mov	r5, r0
 1732 000c 1746     		mov	r7, r2
 1733 000e 0E46     		mov	r6, r1
 260:/home/pacl/Documents/Repository/sca-2026/lib/crypto_kem/hqc128/pqclean/fft.c ****     uint16_t betas_sums[1 << (PARAM_M - 1)] = {0};
 1734              		.loc 1 260 14 view .LVU630
 1735 0010 4FF48072 		mov	r2, #256
 1736              	.LVL115:
 260:/home/pacl/Documents/Repository/sca-2026/lib/crypto_kem/hqc128/pqclean/fft.c ****     uint16_t betas_sums[1 << (PARAM_M - 1)] = {0};
 1737              		.loc 1 260 14 view .LVU631
 1738 0014 0021     		movs	r1, #0
 1739              	.LVL116:
 260:/home/pacl/Documents/Repository/sca-2026/lib/crypto_kem/hqc128/pqclean/fft.c ****     uint16_t betas_sums[1 << (PARAM_M - 1)] = {0};
 1740              		.loc 1 260 14 view .LVU632
 1741 0016 12A8     		add	r0, sp, #72
 1742              	.LVL117:
 260:/home/pacl/Documents/Repository/sca-2026/lib/crypto_kem/hqc128/pqclean/fft.c ****     uint16_t betas_sums[1 << (PARAM_M - 1)] = {0};
 1743              		.loc 1 260 14 view .LVU633
 1744 0018 FFF7FEFF 		bl	memset
 1745              	.LVL118:
 1746              		.loc 1 261 5 is_stmt 1 view .LVU634
 262:/home/pacl/Documents/Repository/sca-2026/lib/crypto_kem/hqc128/pqclean/fft.c ****     uint16_t f1[1 << (PARAM_FFT - 1)] = {0};
 263:/home/pacl/Documents/Repository/sca-2026/lib/crypto_kem/hqc128/pqclean/fft.c ****     uint16_t deltas[PARAM_M - 1] = {0};
 264:/home/pacl/Documents/Repository/sca-2026/lib/crypto_kem/hqc128/pqclean/fft.c ****     uint16_t u[1 << (PARAM_M - 1)] = {0};
 1747              		.loc 1 264 14 is_stmt 0 view .LVU635
 1748 001c 2146     		mov	r1, r4
 1749 001e 4FF48072 		mov	r2, #256
 1750 0022 52A8     		add	r0, sp, #328
 261:/home/pacl/Documents/Repository/sca-2026/lib/crypto_kem/hqc128/pqclean/fft.c ****     uint16_t f0[1 << (PARAM_FFT - 1)] = {0};
 1751              		.loc 1 261 14 view .LVU636
 1752 0024 CDE90A44 		strd	r4, r4, [sp, #40]
 1753 0028 CDE90C44 		strd	r4, r4, [sp, #48]
 262:/home/pacl/Documents/Repository/sca-2026/lib/crypto_kem/hqc128/pqclean/fft.c ****     uint16_t f1[1 << (PARAM_FFT - 1)] = {0};
 1754              		.loc 1 262 5 is_stmt 1 view .LVU637
 262:/home/pacl/Documents/Repository/sca-2026/lib/crypto_kem/hqc128/pqclean/fft.c ****     uint16_t f1[1 << (PARAM_FFT - 1)] = {0};
 1755              		.loc 1 262 14 is_stmt 0 view .LVU638
 1756 002c CDE90E44 		strd	r4, r4, [sp, #56]
 1757 0030 CDE91044 		strd	r4, r4, [sp, #64]
 263:/home/pacl/Documents/Repository/sca-2026/lib/crypto_kem/hqc128/pqclean/fft.c ****     uint16_t u[1 << (PARAM_M - 1)] = {0};
 1758              		.loc 1 263 5 is_stmt 1 view .LVU639
 263:/home/pacl/Documents/Repository/sca-2026/lib/crypto_kem/hqc128/pqclean/fft.c ****     uint16_t u[1 << (PARAM_M - 1)] = {0};
 1759              		.loc 1 263 14 is_stmt 0 view .LVU640
 1760 0034 CDE90644 		strd	r4, r4, [sp, #24]
 1761 0038 0894     		str	r4, [sp, #32]
 1762 003a ADF82440 		strh	r4, [sp, #36]	@ movhi
 1763              		.loc 1 264 5 is_stmt 1 view .LVU641
 1764              		.loc 1 264 14 is_stmt 0 view .LVU642
 1765 003e FFF7FEFF 		bl	memset
 1766              	.LVL119:
 265:/home/pacl/Documents/Repository/sca-2026/lib/crypto_kem/hqc128/pqclean/fft.c ****     uint16_t v[1 << (PARAM_M - 1)] = {0};
 1767              		.loc 1 265 5 is_stmt 1 view .LVU643
 1768              		.loc 1 265 14 is_stmt 0 view .LVU644
 1769 0042 2146     		mov	r1, r4
 1770 0044 4FF48072 		mov	r2, #256
 1771 0048 92A8     		add	r0, sp, #584
 1772 004a FFF7FEFF 		bl	memset
 1773              	.LVL120:
 266:/home/pacl/Documents/Repository/sca-2026/lib/crypto_kem/hqc128/pqclean/fft.c **** 
 267:/home/pacl/Documents/Repository/sca-2026/lib/crypto_kem/hqc128/pqclean/fft.c ****     size_t i, k;
 1774              		.loc 1 267 5 is_stmt 1 view .LVU645
 268:/home/pacl/Documents/Repository/sca-2026/lib/crypto_kem/hqc128/pqclean/fft.c **** 
 269:/home/pacl/Documents/Repository/sca-2026/lib/crypto_kem/hqc128/pqclean/fft.c ****     // Follows Gao and Mateer algorithm
 270:/home/pacl/Documents/Repository/sca-2026/lib/crypto_kem/hqc128/pqclean/fft.c ****     compute_fft_betas(betas);
 1775              		.loc 1 270 5 view .LVU646
 1776              	.LBB40:
 1777              	.LBI40:
  24:/home/pacl/Documents/Repository/sca-2026/lib/crypto_kem/hqc128/pqclean/fft.c ****     size_t i;
 1778              		.loc 1 24 13 view .LVU647
 1779              	.LBB41:
  25:/home/pacl/Documents/Repository/sca-2026/lib/crypto_kem/hqc128/pqclean/fft.c ****     for (i = 0; i < PARAM_M - 1; ++i) {
 1780              		.loc 1 25 5 view .LVU648
  26:/home/pacl/Documents/Repository/sca-2026/lib/crypto_kem/hqc128/pqclean/fft.c ****         betas[i] = 1 << (PARAM_M - 1 - i);
 1781              		.loc 1 26 5 view .LVU649
  26:/home/pacl/Documents/Repository/sca-2026/lib/crypto_kem/hqc128/pqclean/fft.c ****         betas[i] = 1 << (PARAM_M - 1 - i);
 1782              		.loc 1 26 19 discriminator 1 view .LVU650
  27:/home/pacl/Documents/Repository/sca-2026/lib/crypto_kem/hqc128/pqclean/fft.c ****     }
 1783              		.loc 1 27 9 view .LVU651
  26:/home/pacl/Documents/Repository/sca-2026/lib/crypto_kem/hqc128/pqclean/fft.c ****         betas[i] = 1 << (PARAM_M - 1 - i);
 1784              		.loc 1 26 34 discriminator 3 view .LVU652
  26:/home/pacl/Documents/Repository/sca-2026/lib/crypto_kem/hqc128/pqclean/fft.c ****         betas[i] = 1 << (PARAM_M - 1 - i);
 1785              		.loc 1 26 19 discriminator 1 view .LVU653
  27:/home/pacl/Documents/Repository/sca-2026/lib/crypto_kem/hqc128/pqclean/fft.c ****     }
 1786              		.loc 1 27 9 view .LVU654
  26:/home/pacl/Documents/Repository/sca-2026/lib/crypto_kem/hqc128/pqclean/fft.c ****         betas[i] = 1 << (PARAM_M - 1 - i);
 1787              		.loc 1 26 34 discriminator 3 view .LVU655
  26:/home/pacl/Documents/Repository/sca-2026/lib/crypto_kem/hqc128/pqclean/fft.c ****         betas[i] = 1 << (PARAM_M - 1 - i);
 1788              		.loc 1 26 19 discriminator 1 view .LVU656
  27:/home/pacl/Documents/Repository/sca-2026/lib/crypto_kem/hqc128/pqclean/fft.c ****     }
 1789              		.loc 1 27 9 view .LVU657
  26:/home/pacl/Documents/Repository/sca-2026/lib/crypto_kem/hqc128/pqclean/fft.c ****         betas[i] = 1 << (PARAM_M - 1 - i);
 1790              		.loc 1 26 34 discriminator 3 view .LVU658
  26:/home/pacl/Documents/Repository/sca-2026/lib/crypto_kem/hqc128/pqclean/fft.c ****         betas[i] = 1 << (PARAM_M - 1 - i);
 1791              		.loc 1 26 19 discriminator 1 view .LVU659
  27:/home/pacl/Documents/Repository/sca-2026/lib/crypto_kem/hqc128/pqclean/fft.c ****     }
 1792              		.loc 1 27 9 view .LVU660
  26:/home/pacl/Documents/Repository/sca-2026/lib/crypto_kem/hqc128/pqclean/fft.c ****         betas[i] = 1 << (PARAM_M - 1 - i);
 1793              		.loc 1 26 34 discriminator 3 view .LVU661
  26:/home/pacl/Documents/Repository/sca-2026/lib/crypto_kem/hqc128/pqclean/fft.c ****         betas[i] = 1 << (PARAM_M - 1 - i);
 1794              		.loc 1 26 19 discriminator 1 view .LVU662
  27:/home/pacl/Documents/Repository/sca-2026/lib/crypto_kem/hqc128/pqclean/fft.c ****     }
 1795              		.loc 1 27 9 view .LVU663
  26:/home/pacl/Documents/Repository/sca-2026/lib/crypto_kem/hqc128/pqclean/fft.c ****         betas[i] = 1 << (PARAM_M - 1 - i);
 1796              		.loc 1 26 34 discriminator 3 view .LVU664
  26:/home/pacl/Documents/Repository/sca-2026/lib/crypto_kem/hqc128/pqclean/fft.c ****         betas[i] = 1 << (PARAM_M - 1 - i);
 1797              		.loc 1 26 19 discriminator 1 view .LVU665
  27:/home/pacl/Documents/Repository/sca-2026/lib/crypto_kem/hqc128/pqclean/fft.c ****     }
 1798              		.loc 1 27 9 view .LVU666
  27:/home/pacl/Documents/Repository/sca-2026/lib/crypto_kem/hqc128/pqclean/fft.c ****     }
 1799              		.loc 1 27 18 is_stmt 0 view .LVU667
 1800 004e 564B     		ldr	r3, .L154
 1801 0050 2046     		mov	r0, r4
 1802 0052 564C     		ldr	r4, .L154+4
 1803 0054 CDE90243 		strd	r4, r3, [sp, #8]
 1804 0058 0DF10604 		add	r4, sp, #6
 1805 005c CDE90045 		strd	r4, r5, [sp]
 1806 0060 534B     		ldr	r3, .L154+8
 1807 0062 0493     		str	r3, [sp, #16]
  26:/home/pacl/Documents/Repository/sca-2026/lib/crypto_kem/hqc128/pqclean/fft.c ****         betas[i] = 1 << (PARAM_M - 1 - i);
 1808              		.loc 1 26 34 is_stmt 1 discriminator 3 view .LVU668
 1809              	.LVL121:
  26:/home/pacl/Documents/Repository/sca-2026/lib/crypto_kem/hqc128/pqclean/fft.c ****         betas[i] = 1 << (PARAM_M - 1 - i);
 1810              		.loc 1 26 19 discriminator 1 view .LVU669
  27:/home/pacl/Documents/Repository/sca-2026/lib/crypto_kem/hqc128/pqclean/fft.c ****     }
 1811              		.loc 1 27 9 view .LVU670
  27:/home/pacl/Documents/Repository/sca-2026/lib/crypto_kem/hqc128/pqclean/fft.c ****     }
 1812              		.loc 1 27 18 is_stmt 0 view .LVU671
 1813 0064 4FF0020A 		mov	r10, #2
 1814 0068 ADF814A0 		strh	r10, [sp, #20]	@ movhi
  26:/home/pacl/Documents/Repository/sca-2026/lib/crypto_kem/hqc128/pqclean/fft.c ****         betas[i] = 1 << (PARAM_M - 1 - i);
 1815              		.loc 1 26 34 is_stmt 1 discriminator 3 view .LVU672
 1816              	.LVL122:
  26:/home/pacl/Documents/Repository/sca-2026/lib/crypto_kem/hqc128/pqclean/fft.c ****         betas[i] = 1 << (PARAM_M - 1 - i);
 1817              		.loc 1 26 19 discriminator 1 view .LVU673
  27:/home/pacl/Documents/Repository/sca-2026/lib/crypto_kem/hqc128/pqclean/fft.c ****     }
 1818              		.loc 1 27 18 is_stmt 0 view .LVU674
 1819 006c A046     		mov	r8, r4
 1820              	.LBE41:
 1821              	.LBE40:
 1822              	.LBB42:
 1823              	.LBB43:
  46:/home/pacl/Documents/Repository/sca-2026/lib/crypto_kem/hqc128/pqclean/fft.c ****             subset_sums[(1 << i) + j] = set[i] ^ subset_sums[j];
 1824              		.loc 1 46 28 discriminator 1 view .LVU675
 1825 006e 4FF00109 		mov	r9, #1
 1826 0072 6FF0004B 		mvn	fp, #-2147483648
 1827              	.LVL123:
 1828              	.L136:
  46:/home/pacl/Documents/Repository/sca-2026/lib/crypto_kem/hqc128/pqclean/fft.c ****             subset_sums[(1 << i) + j] = set[i] ^ subset_sums[j];
 1829              		.loc 1 46 23 is_stmt 1 discriminator 1 view .LVU676
  46:/home/pacl/Documents/Repository/sca-2026/lib/crypto_kem/hqc128/pqclean/fft.c ****             subset_sums[(1 << i) + j] = set[i] ^ subset_sums[j];
 1830              		.loc 1 46 28 is_stmt 0 discriminator 1 view .LVU677
 1831 0076 09FA00F3 		lsl	r3, r9, r0
 1832 007a 5A1E     		subs	r2, r3, #1
 1833 007c 072A     		cmp	r2, #7
  47:/home/pacl/Documents/Repository/sca-2026/lib/crypto_kem/hqc128/pqclean/fft.c ****         }
 1834              		.loc 1 47 44 view .LVU678
 1835 007e 38F8024F 		ldrh	r4, [r8, #2]!
 1836 0082 01D9     		bls	.L143
 1837 0084 0028     		cmp	r0, #0
 1838 0086 62D1     		bne	.L153
 1839              	.L143:
 1840 0088 5B44     		add	r3, r3, fp
 1841 008a 12AA     		add	r2, sp, #72
 1842 008c 02EB4305 		add	r5, r2, r3, lsl #1
 1843 0090 2B46     		mov	r3, r5
 1844 0092 1146     		mov	r1, r2
 1845 0094 0235     		adds	r5, r5, #2
 1846              	.LVL124:
 1847              	.L138:
  47:/home/pacl/Documents/Repository/sca-2026/lib/crypto_kem/hqc128/pqclean/fft.c ****         }
 1848              		.loc 1 47 13 is_stmt 1 view .LVU679
  47:/home/pacl/Documents/Repository/sca-2026/lib/crypto_kem/hqc128/pqclean/fft.c ****         }
 1849              		.loc 1 47 61 is_stmt 0 view .LVU680
 1850 0096 31F8022B 		ldrh	r2, [r1], #2
 1851              	.LVL125:
  47:/home/pacl/Documents/Repository/sca-2026/lib/crypto_kem/hqc128/pqclean/fft.c ****         }
 1852              		.loc 1 47 39 view .LVU681
 1853 009a 6240     		eors	r2, r2, r4
  46:/home/pacl/Documents/Repository/sca-2026/lib/crypto_kem/hqc128/pqclean/fft.c ****             subset_sums[(1 << i) + j] = set[i] ^ subset_sums[j];
 1854              		.loc 1 46 23 discriminator 1 view .LVU682
 1855 009c A942     		cmp	r1, r5
  47:/home/pacl/Documents/Repository/sca-2026/lib/crypto_kem/hqc128/pqclean/fft.c ****         }
 1856              		.loc 1 47 39 view .LVU683
 1857 009e 23F8022F 		strh	r2, [r3, #2]!	@ movhi
  46:/home/pacl/Documents/Repository/sca-2026/lib/crypto_kem/hqc128/pqclean/fft.c ****             subset_sums[(1 << i) + j] = set[i] ^ subset_sums[j];
 1858              		.loc 1 46 35 is_stmt 1 discriminator 3 view .LVU684
 1859              	.LVL126:
  46:/home/pacl/Documents/Repository/sca-2026/lib/crypto_kem/hqc128/pqclean/fft.c ****             subset_sums[(1 << i) + j] = set[i] ^ subset_sums[j];
 1860              		.loc 1 46 23 discriminator 1 view .LVU685
 1861 00a2 F8D1     		bne	.L138
 1862              	.LVL127:
 1863              	.L139:
  45:/home/pacl/Documents/Repository/sca-2026/lib/crypto_kem/hqc128/pqclean/fft.c ****         for (j = 0; j < (1 << i); ++j) {
 1864              		.loc 1 45 31 discriminator 2 view .LVU686
  45:/home/pacl/Documents/Repository/sca-2026/lib/crypto_kem/hqc128/pqclean/fft.c ****         for (j = 0; j < (1 << i); ++j) {
 1865              		.loc 1 45 19 discriminator 1 view .LVU687
 1866 00a4 0130     		adds	r0, r0, #1
 1867              	.LVL128:
  45:/home/pacl/Documents/Repository/sca-2026/lib/crypto_kem/hqc128/pqclean/fft.c ****         for (j = 0; j < (1 << i); ++j) {
 1868              		.loc 1 45 19 is_stmt 0 discriminator 1 view .LVU688
 1869 00a6 0728     		cmp	r0, #7
 1870 00a8 E5D1     		bne	.L136
 1871              	.LVL129:
 1872              	.L142:
  45:/home/pacl/Documents/Repository/sca-2026/lib/crypto_kem/hqc128/pqclean/fft.c ****         for (j = 0; j < (1 << i); ++j) {
 1873              		.loc 1 45 19 discriminator 1 view .LVU689
 1874              	.LBE43:
 1875              	.LBE42:
 271:/home/pacl/Documents/Repository/sca-2026/lib/crypto_kem/hqc128/pqclean/fft.c **** 
 272:/home/pacl/Documents/Repository/sca-2026/lib/crypto_kem/hqc128/pqclean/fft.c ****     // Step 1: PARAM_FFT > 1, nothing to do
 273:/home/pacl/Documents/Repository/sca-2026/lib/crypto_kem/hqc128/pqclean/fft.c **** 
 274:/home/pacl/Documents/Repository/sca-2026/lib/crypto_kem/hqc128/pqclean/fft.c ****     // Compute gammas sums
 275:/home/pacl/Documents/Repository/sca-2026/lib/crypto_kem/hqc128/pqclean/fft.c ****     compute_subset_sums(betas_sums, betas, PARAM_M - 1);
 276:/home/pacl/Documents/Repository/sca-2026/lib/crypto_kem/hqc128/pqclean/fft.c **** 
 277:/home/pacl/Documents/Repository/sca-2026/lib/crypto_kem/hqc128/pqclean/fft.c ****     // Step 2: beta_m = 1, nothing to do
 278:/home/pacl/Documents/Repository/sca-2026/lib/crypto_kem/hqc128/pqclean/fft.c **** 
 279:/home/pacl/Documents/Repository/sca-2026/lib/crypto_kem/hqc128/pqclean/fft.c ****     // Step 3
 280:/home/pacl/Documents/Repository/sca-2026/lib/crypto_kem/hqc128/pqclean/fft.c ****     radix(f0, f1, f, PARAM_FFT);
 1876              		.loc 1 280 5 view .LVU690
 1877 00aa 3246     		mov	r2, r6
 1878 00ac 0423     		movs	r3, #4
 1879 00ae 0EA9     		add	r1, sp, #56
 1880 00b0 0AA8     		add	r0, sp, #40
 1881 00b2 DDE90045 		ldrd	r4, r5, [sp]
 1882              		.loc 1 280 5 is_stmt 1 view .LVU691
 1883 00b6 FFF7FEFF 		bl	radix
 1884              	.LVL130:
 281:/home/pacl/Documents/Repository/sca-2026/lib/crypto_kem/hqc128/pqclean/fft.c **** 
 282:/home/pacl/Documents/Repository/sca-2026/lib/crypto_kem/hqc128/pqclean/fft.c ****     // Step 4: Compute deltas
 283:/home/pacl/Documents/Repository/sca-2026/lib/crypto_kem/hqc128/pqclean/fft.c ****     for (i = 0; i < PARAM_M - 1; ++i) {
 1885              		.loc 1 283 5 view .LVU692
 1886              		.loc 1 283 19 discriminator 1 view .LVU693
 1887 00ba 0DF11608 		add	r8, sp, #22
 1888 00be 0DF11409 		add	r9, sp, #20
 1889              	.LVL131:
 1890              	.L145:
 284:/home/pacl/Documents/Repository/sca-2026/lib/crypto_kem/hqc128/pqclean/fft.c ****         deltas[i] = PQCLEAN_HQC128_CLEAN_gf_square(betas[i]) ^ betas[i];
 1891              		.loc 1 284 9 view .LVU694
 1892              		.loc 1 284 21 is_stmt 0 view .LVU695
 1893 00c2 34F8026F 		ldrh	r6, [r4, #2]!
 1894 00c6 3046     		mov	r0, r6
 1895 00c8 FFF7FEFF 		bl	PQCLEAN_HQC128_CLEAN_gf_square
 1896              	.LVL132:
 283:/home/pacl/Documents/Repository/sca-2026/lib/crypto_kem/hqc128/pqclean/fft.c ****         deltas[i] = PQCLEAN_HQC128_CLEAN_gf_square(betas[i]) ^ betas[i];
 1897              		.loc 1 283 19 discriminator 1 view .LVU696
 1898 00cc 4C45     		cmp	r4, r9
 1899              		.loc 1 284 19 discriminator 1 view .LVU697
 1900 00ce 86EA0006 		eor	r6, r6, r0
 1901 00d2 28F8026F 		strh	r6, [r8, #2]!	@ movhi
 283:/home/pacl/Documents/Repository/sca-2026/lib/crypto_kem/hqc128/pqclean/fft.c ****         deltas[i] = PQCLEAN_HQC128_CLEAN_gf_square(betas[i]) ^ betas[i];
 1902              		.loc 1 283 34 is_stmt 1 discriminator 3 view .LVU698
 283:/home/pacl/Documents/Repository/sca-2026/lib/crypto_kem/hqc128/pqclean/fft.c ****         deltas[i] = PQCLEAN_HQC128_CLEAN_gf_square(betas[i]) ^ betas[i];
 1903              		.loc 1 283 19 discriminator 1 view .LVU699
 1904 00d6 F4D1     		bne	.L145
 285:/home/pacl/Documents/Repository/sca-2026/lib/crypto_kem/hqc128/pqclean/fft.c ****     }
 286:/home/pacl/Documents/Repository/sca-2026/lib/crypto_kem/hqc128/pqclean/fft.c **** 
 287:/home/pacl/Documents/Repository/sca-2026/lib/crypto_kem/hqc128/pqclean/fft.c ****     // Step 5
 288:/home/pacl/Documents/Repository/sca-2026/lib/crypto_kem/hqc128/pqclean/fft.c ****     fft_rec(u, f0, (f_coeffs + 1) / 2, PARAM_M - 1, PARAM_FFT - 1, deltas);
 1905              		.loc 1 288 5 view .LVU700
 1906              		.loc 1 288 30 is_stmt 0 view .LVU701
 1907 00d8 7A1C     		adds	r2, r7, #1
 1908              		.loc 1 288 5 view .LVU702
 1909 00da 0AA9     		add	r1, sp, #40
 1910 00dc 5208     		lsrs	r2, r2, #1
 1911 00de 06AB     		add	r3, sp, #24
 1912 00e0 52A8     		add	r0, sp, #328
 1913 00e2 FFF7FEFF 		bl	fft_rec.constprop.0
 1914              	.LVL133:
 289:/home/pacl/Documents/Repository/sca-2026/lib/crypto_kem/hqc128/pqclean/fft.c ****     fft_rec(v, f1, f_coeffs / 2, PARAM_M - 1, PARAM_FFT - 1, deltas);
 1915              		.loc 1 289 5 is_stmt 1 view .LVU703
 290:/home/pacl/Documents/Repository/sca-2026/lib/crypto_kem/hqc128/pqclean/fft.c **** 
 291:/home/pacl/Documents/Repository/sca-2026/lib/crypto_kem/hqc128/pqclean/fft.c ****     k = 1 << (PARAM_M - 1);
 292:/home/pacl/Documents/Repository/sca-2026/lib/crypto_kem/hqc128/pqclean/fft.c ****     // Step 6, 7 and error polynomial computation
 293:/home/pacl/Documents/Repository/sca-2026/lib/crypto_kem/hqc128/pqclean/fft.c ****     memcpy(w + k, v, 2 * k);
 1916              		.loc 1 293 14 is_stmt 0 view .LVU704
 1917 00e6 05F58076 		add	r6, r5, #256
 289:/home/pacl/Documents/Repository/sca-2026/lib/crypto_kem/hqc128/pqclean/fft.c ****     fft_rec(v, f1, f_coeffs / 2, PARAM_M - 1, PARAM_FFT - 1, deltas);
 1918              		.loc 1 289 5 view .LVU705
 1919 00ea 06AB     		add	r3, sp, #24
 1920 00ec 7A08     		lsrs	r2, r7, #1
 1921 00ee 0EA9     		add	r1, sp, #56
 1922 00f0 92A8     		add	r0, sp, #584
 1923 00f2 FFF7FEFF 		bl	fft_rec.constprop.0
 1924              	.LVL134:
 291:/home/pacl/Documents/Repository/sca-2026/lib/crypto_kem/hqc128/pqclean/fft.c ****     // Step 6, 7 and error polynomial computation
 1925              		.loc 1 291 5 is_stmt 1 view .LVU706
 1926              		.loc 1 293 5 view .LVU707
 1927 00f6 4FF48072 		mov	r2, #256
 1928 00fa 92A9     		add	r1, sp, #584
 1929 00fc 3046     		mov	r0, r6
 1930 00fe FFF7FEFF 		bl	memcpy
 1931              	.LVL135:
 294:/home/pacl/Documents/Repository/sca-2026/lib/crypto_kem/hqc128/pqclean/fft.c **** 
 295:/home/pacl/Documents/Repository/sca-2026/lib/crypto_kem/hqc128/pqclean/fft.c ****     // Check if 0 is root
 296:/home/pacl/Documents/Repository/sca-2026/lib/crypto_kem/hqc128/pqclean/fft.c ****     w[0] = u[0];
 1932              		.loc 1 296 5 view .LVU708
 297:/home/pacl/Documents/Repository/sca-2026/lib/crypto_kem/hqc128/pqclean/fft.c **** 
 298:/home/pacl/Documents/Repository/sca-2026/lib/crypto_kem/hqc128/pqclean/fft.c ****     // Check if 1 is root
 299:/home/pacl/Documents/Repository/sca-2026/lib/crypto_kem/hqc128/pqclean/fft.c ****     w[k] ^= u[0];
 1933              		.loc 1 299 10 is_stmt 0 view .LVU709
 1934 0102 B5F80021 		ldrh	r2, [r5, #256]
 296:/home/pacl/Documents/Repository/sca-2026/lib/crypto_kem/hqc128/pqclean/fft.c **** 
 1935              		.loc 1 296 13 view .LVU710
 1936 0106 BDF84831 		ldrh	r3, [sp, #328]
 296:/home/pacl/Documents/Repository/sca-2026/lib/crypto_kem/hqc128/pqclean/fft.c **** 
 1937              		.loc 1 296 10 view .LVU711
 1938 010a 2B80     		strh	r3, [r5]	@ movhi
 1939              		.loc 1 299 5 is_stmt 1 view .LVU712
 1940              		.loc 1 299 10 is_stmt 0 view .LVU713
 1941 010c 5340     		eors	r3, r3, r2
 1942 010e A5F80031 		strh	r3, [r5, #256]	@ movhi
 300:/home/pacl/Documents/Repository/sca-2026/lib/crypto_kem/hqc128/pqclean/fft.c **** 
 301:/home/pacl/Documents/Repository/sca-2026/lib/crypto_kem/hqc128/pqclean/fft.c ****     // Find other roots
 302:/home/pacl/Documents/Repository/sca-2026/lib/crypto_kem/hqc128/pqclean/fft.c ****     for (i = 1; i < k; ++i) {
 1943              		.loc 1 302 5 is_stmt 1 view .LVU714
 1944              	.LVL136:
 1945              		.loc 1 302 19 discriminator 1 view .LVU715
 1946 0112 0DF14808 		add	r8, sp, #72
 1947 0116 0DF51279 		add	r9, sp, #584
 1948 011a 52AF     		add	r7, sp, #328
 1949              	.LVL137:
 1950              		.loc 1 302 19 is_stmt 0 discriminator 1 view .LVU716
 1951 011c 0DF24625 		addw	r5, sp, #582
 1952              	.LVL138:
 1953              	.L146:
 303:/home/pacl/Documents/Repository/sca-2026/lib/crypto_kem/hqc128/pqclean/fft.c ****         w[i] = u[i] ^ PQCLEAN_HQC128_CLEAN_gf_mul(betas_sums[i], v[i]);
 1954              		.loc 1 303 9 is_stmt 1 view .LVU717
 1955              		.loc 1 303 23 is_stmt 0 view .LVU718
 1956 0120 39F8021F 		ldrh	r1, [r9, #2]!
 1957 0124 38F8020F 		ldrh	r0, [r8, #2]!
 1958              		.loc 1 303 17 view .LVU719
 1959 0128 37F8024F 		ldrh	r4, [r7, #2]!
 1960              		.loc 1 303 23 view .LVU720
 1961 012c FFF7FEFF 		bl	PQCLEAN_HQC128_CLEAN_gf_mul
 1962              	.LVL139:
 1963              		.loc 1 303 14 discriminator 1 view .LVU721
 1964 0130 6040     		eors	r0, r0, r4
 1965 0132 80B2     		uxth	r0, r0
 1966 0134 26F8FE0C 		strh	r0, [r6, #-254]	@ movhi
 304:/home/pacl/Documents/Repository/sca-2026/lib/crypto_kem/hqc128/pqclean/fft.c ****         w[k + i] ^= w[i];
 1967              		.loc 1 304 9 is_stmt 1 view .LVU722
 1968              		.loc 1 304 18 is_stmt 0 view .LVU723
 1969 0138 36F8023F 		ldrh	r3, [r6, #2]!
 302:/home/pacl/Documents/Repository/sca-2026/lib/crypto_kem/hqc128/pqclean/fft.c ****         w[i] = u[i] ^ PQCLEAN_HQC128_CLEAN_gf_mul(betas_sums[i], v[i]);
 1970              		.loc 1 302 19 discriminator 1 view .LVU724
 1971 013c BD42     		cmp	r5, r7
 1972              		.loc 1 304 18 view .LVU725
 1973 013e 80EA0300 		eor	r0, r0, r3
 1974 0142 3080     		strh	r0, [r6]	@ movhi
 302:/home/pacl/Documents/Repository/sca-2026/lib/crypto_kem/hqc128/pqclean/fft.c ****         w[i] = u[i] ^ PQCLEAN_HQC128_CLEAN_gf_mul(betas_sums[i], v[i]);
 1975              		.loc 1 302 24 is_stmt 1 discriminator 3 view .LVU726
 302:/home/pacl/Documents/Repository/sca-2026/lib/crypto_kem/hqc128/pqclean/fft.c ****         w[i] = u[i] ^ PQCLEAN_HQC128_CLEAN_gf_mul(betas_sums[i], v[i]);
 1976              		.loc 1 302 19 discriminator 1 view .LVU727
 1977 0144 ECD1     		bne	.L146
 305:/home/pacl/Documents/Repository/sca-2026/lib/crypto_kem/hqc128/pqclean/fft.c ****     }
 306:/home/pacl/Documents/Repository/sca-2026/lib/crypto_kem/hqc128/pqclean/fft.c **** }
 1978              		.loc 1 306 1 is_stmt 0 view .LVU728
 1979 0146 0DF5537D 		add	sp, sp, #844
 1980              	.LCFI17:
 1981              		.cfi_remember_state
 1982              		.cfi_def_cfa_offset 36
 1983              		@ sp needed
 1984 014a BDE8F08F 		pop	{r4, r5, r6, r7, r8, r9, r10, fp, pc}
 1985              	.LVL140:
 1986              	.L153:
 1987              	.LCFI18:
 1988              		.cfi_restore_state
 1989              		.loc 1 306 1 view .LVU729
 1990 014e 12AA     		add	r2, sp, #72
 1991 0150 4FF0000E 		mov	lr, #0
 1992 0154 0AFA00F1 		lsl	r1, r10, r0
 1993 0158 64F30F0E 		bfi	lr, r4, #0, #16
 1994 015c 1144     		add	r1, r1, r2
 1995 015e 4FEA530C 		lsr	ip, r3, #1
 1996 0162 64F31F4E 		bfi	lr, r4, #16, #16
 1997 0166 01EB8C0C 		add	ip, r1, ip, lsl #2
 1998              	.LBB45:
 1999              	.LBB44:
  47:/home/pacl/Documents/Repository/sca-2026/lib/crypto_kem/hqc128/pqclean/fft.c ****         }
 2000              		.loc 1 47 44 view .LVU730
 2001 016a 1546     		mov	r5, r2
 2002              	.LVL141:
 2003              	.L140:
  47:/home/pacl/Documents/Repository/sca-2026/lib/crypto_kem/hqc128/pqclean/fft.c ****         }
 2004              		.loc 1 47 13 is_stmt 1 view .LVU731
  47:/home/pacl/Documents/Repository/sca-2026/lib/crypto_kem/hqc128/pqclean/fft.c ****         }
 2005              		.loc 1 47 39 is_stmt 0 view .LVU732
 2006 016c 55F8042B 		ldr	r2, [r5], #4
 2007 0170 8EEA0202 		eor	r2, lr, r2
 2008 0174 41F8042B 		str	r2, [r1], #4	@ unaligned
  46:/home/pacl/Documents/Repository/sca-2026/lib/crypto_kem/hqc128/pqclean/fft.c ****             subset_sums[(1 << i) + j] = set[i] ^ subset_sums[j];
 2009              		.loc 1 46 35 is_stmt 1 discriminator 3 view .LVU733
  46:/home/pacl/Documents/Repository/sca-2026/lib/crypto_kem/hqc128/pqclean/fft.c ****             subset_sums[(1 << i) + j] = set[i] ^ subset_sums[j];
 2010              		.loc 1 46 23 discriminator 1 view .LVU734
 2011 0178 8C45     		cmp	ip, r1
 2012 017a F7D1     		bne	.L140
 2013 017c D907     		lsls	r1, r3, #31
 2014 017e 23F00102 		bic	r2, r3, #1
 2015 0182 8FD5     		bpl	.L139
 2016              	.LVL142:
  47:/home/pacl/Documents/Repository/sca-2026/lib/crypto_kem/hqc128/pqclean/fft.c ****         }
 2017              		.loc 1 47 13 view .LVU735
  47:/home/pacl/Documents/Repository/sca-2026/lib/crypto_kem/hqc128/pqclean/fft.c ****         }
 2018              		.loc 1 47 61 is_stmt 0 view .LVU736
 2019 0184 D2A9     		add	r1, sp, #840
  47:/home/pacl/Documents/Repository/sca-2026/lib/crypto_kem/hqc128/pqclean/fft.c ****         }
 2020              		.loc 1 47 24 view .LVU737
 2021 0186 1344     		add	r3, r3, r2
  47:/home/pacl/Documents/Repository/sca-2026/lib/crypto_kem/hqc128/pqclean/fft.c ****         }
 2022              		.loc 1 47 61 view .LVU738
 2023 0188 01EB4202 		add	r2, r1, r2, lsl #1
 2024              	.LVL143:
  47:/home/pacl/Documents/Repository/sca-2026/lib/crypto_kem/hqc128/pqclean/fft.c ****         }
 2025              		.loc 1 47 61 view .LVU739
 2026 018c A2F54072 		sub	r2, r2, #768
  47:/home/pacl/Documents/Repository/sca-2026/lib/crypto_kem/hqc128/pqclean/fft.c ****         }
 2027              		.loc 1 47 39 view .LVU740
 2028 0190 01EB4303 		add	r3, r1, r3, lsl #1
 2029 0194 1288     		ldrh	r2, [r2]
 2030 0196 A3F54073 		sub	r3, r3, #768
  45:/home/pacl/Documents/Repository/sca-2026/lib/crypto_kem/hqc128/pqclean/fft.c ****         for (j = 0; j < (1 << i); ++j) {
 2031              		.loc 1 45 19 discriminator 1 view .LVU741
 2032 019a 0130     		adds	r0, r0, #1
 2033              	.LVL144:
  47:/home/pacl/Documents/Repository/sca-2026/lib/crypto_kem/hqc128/pqclean/fft.c ****         }
 2034              		.loc 1 47 39 view .LVU742
 2035 019c 6240     		eors	r2, r2, r4
  45:/home/pacl/Documents/Repository/sca-2026/lib/crypto_kem/hqc128/pqclean/fft.c ****         for (j = 0; j < (1 << i); ++j) {
 2036              		.loc 1 45 19 discriminator 1 view .LVU743
 2037 019e 0728     		cmp	r0, #7
  47:/home/pacl/Documents/Repository/sca-2026/lib/crypto_kem/hqc128/pqclean/fft.c ****         }
 2038              		.loc 1 47 39 view .LVU744
 2039 01a0 1A80     		strh	r2, [r3]	@ movhi
  46:/home/pacl/Documents/Repository/sca-2026/lib/crypto_kem/hqc128/pqclean/fft.c ****             subset_sums[(1 << i) + j] = set[i] ^ subset_sums[j];
 2040              		.loc 1 46 35 is_stmt 1 discriminator 3 view .LVU745
 2041              	.LVL145:
  46:/home/pacl/Documents/Repository/sca-2026/lib/crypto_kem/hqc128/pqclean/fft.c ****             subset_sums[(1 << i) + j] = set[i] ^ subset_sums[j];
 2042              		.loc 1 46 23 discriminator 1 view .LVU746
  45:/home/pacl/Documents/Repository/sca-2026/lib/crypto_kem/hqc128/pqclean/fft.c ****         for (j = 0; j < (1 << i); ++j) {
 2043              		.loc 1 45 31 discriminator 2 view .LVU747
  45:/home/pacl/Documents/Repository/sca-2026/lib/crypto_kem/hqc128/pqclean/fft.c ****         for (j = 0; j < (1 << i); ++j) {
 2044              		.loc 1 45 19 discriminator 1 view .LVU748
 2045 01a2 7FF468AF 		bne	.L136
 2046 01a6 80E7     		b	.L142
 2047              	.L155:
 2048              		.align	2
 2049              	.L154:
 2050 01a8 20001000 		.word	1048608
 2051 01ac 80004000 		.word	4194432
 2052 01b0 08000400 		.word	262152
 2053              	.LBE44:
 2054              	.LBE45:
 2055              		.cfi_endproc
 2056              	.LFE5:
 2058              		.section	.text.PQCLEAN_HQC128_CLEAN_fft_retrieve_error_poly,"ax",%progbits
 2059              		.align	1
 2060              		.p2align 2,,3
 2061              		.global	PQCLEAN_HQC128_CLEAN_fft_retrieve_error_poly
 2062              		.syntax unified
 2063              		.thumb
 2064              		.thumb_func
 2066              	PQCLEAN_HQC128_CLEAN_fft_retrieve_error_poly:
 2067              	.LVL146:
 2068              	.LFB6:
 307:/home/pacl/Documents/Repository/sca-2026/lib/crypto_kem/hqc128/pqclean/fft.c **** 
 308:/home/pacl/Documents/Repository/sca-2026/lib/crypto_kem/hqc128/pqclean/fft.c **** /**
 309:/home/pacl/Documents/Repository/sca-2026/lib/crypto_kem/hqc128/pqclean/fft.c ****  * @brief Retrieves the error polynomial error from the evaluations w of the ELP (Error Locator Pol
 310:/home/pacl/Documents/Repository/sca-2026/lib/crypto_kem/hqc128/pqclean/fft.c ****  *
 311:/home/pacl/Documents/Repository/sca-2026/lib/crypto_kem/hqc128/pqclean/fft.c ****  * @param[out] error Array with the error
 312:/home/pacl/Documents/Repository/sca-2026/lib/crypto_kem/hqc128/pqclean/fft.c ****  * @param[out] error_compact Array with the error in a compact form
 313:/home/pacl/Documents/Repository/sca-2026/lib/crypto_kem/hqc128/pqclean/fft.c ****  * @param[in] w Array of size 2^PARAM_M
 314:/home/pacl/Documents/Repository/sca-2026/lib/crypto_kem/hqc128/pqclean/fft.c ****  */
 315:/home/pacl/Documents/Repository/sca-2026/lib/crypto_kem/hqc128/pqclean/fft.c **** void PQCLEAN_HQC128_CLEAN_fft_retrieve_error_poly(uint8_t *error, const uint16_t *w) {
 2069              		.loc 1 315 86 view -0
 2070              		.cfi_startproc
 2071              		@ args = 0, pretend = 0, frame = 272
 2072              		@ frame_needed = 0, uses_anonymous_args = 0
 316:/home/pacl/Documents/Repository/sca-2026/lib/crypto_kem/hqc128/pqclean/fft.c ****     uint16_t gammas[PARAM_M - 1] = {0};
 2073              		.loc 1 316 5 view .LVU750
 317:/home/pacl/Documents/Repository/sca-2026/lib/crypto_kem/hqc128/pqclean/fft.c ****     uint16_t gammas_sums[1 << (PARAM_M - 1)] = {0};
 2074              		.loc 1 317 5 view .LVU751
 315:/home/pacl/Documents/Repository/sca-2026/lib/crypto_kem/hqc128/pqclean/fft.c ****     uint16_t gammas[PARAM_M - 1] = {0};
 2075              		.loc 1 315 86 is_stmt 0 view .LVU752
 2076 0000 2DE9F04F 		push	{r4, r5, r6, r7, r8, r9, r10, fp, lr}
 2077              	.LCFI19:
 2078              		.cfi_def_cfa_offset 36
 2079              		.cfi_offset 4, -36
 2080              		.cfi_offset 5, -32
 2081              		.cfi_offset 6, -28
 2082              		.cfi_offset 7, -24
 2083              		.cfi_offset 8, -20
 2084              		.cfi_offset 9, -16
 2085              		.cfi_offset 10, -12
 2086              		.cfi_offset 11, -8
 2087              		.cfi_offset 14, -4
 2088 0004 C5B0     		sub	sp, sp, #276
 2089              	.LCFI20:
 2090              		.cfi_def_cfa_offset 312
 2091              		.loc 1 317 14 view .LVU753
 2092 0006 4FF48072 		mov	r2, #256
 315:/home/pacl/Documents/Repository/sca-2026/lib/crypto_kem/hqc128/pqclean/fft.c ****     uint16_t gammas[PARAM_M - 1] = {0};
 2093              		.loc 1 315 86 view .LVU754
 2094 000a 0D46     		mov	r5, r1
 2095 000c 0446     		mov	r4, r0
 2096              		.loc 1 317 14 view .LVU755
 2097 000e 0021     		movs	r1, #0
 2098              	.LVL147:
 2099              		.loc 1 317 14 view .LVU756
 2100 0010 04A8     		add	r0, sp, #16
 2101              	.LVL148:
 2102              		.loc 1 317 14 view .LVU757
 2103 0012 FFF7FEFF 		bl	memset
 2104              	.LVL149:
 318:/home/pacl/Documents/Repository/sca-2026/lib/crypto_kem/hqc128/pqclean/fft.c ****     uint16_t k;
 2105              		.loc 1 318 5 is_stmt 1 view .LVU758
 319:/home/pacl/Documents/Repository/sca-2026/lib/crypto_kem/hqc128/pqclean/fft.c ****     size_t i, index;
 2106              		.loc 1 319 5 view .LVU759
 320:/home/pacl/Documents/Repository/sca-2026/lib/crypto_kem/hqc128/pqclean/fft.c **** 
 321:/home/pacl/Documents/Repository/sca-2026/lib/crypto_kem/hqc128/pqclean/fft.c ****     compute_fft_betas(gammas);
 2107              		.loc 1 321 5 view .LVU760
 2108              	.LBB50:
 2109              	.LBI50:
  24:/home/pacl/Documents/Repository/sca-2026/lib/crypto_kem/hqc128/pqclean/fft.c ****     size_t i;
 2110              		.loc 1 24 13 view .LVU761
 2111              	.LBB51:
  25:/home/pacl/Documents/Repository/sca-2026/lib/crypto_kem/hqc128/pqclean/fft.c ****     for (i = 0; i < PARAM_M - 1; ++i) {
 2112              		.loc 1 25 5 view .LVU762
  26:/home/pacl/Documents/Repository/sca-2026/lib/crypto_kem/hqc128/pqclean/fft.c ****         betas[i] = 1 << (PARAM_M - 1 - i);
 2113              		.loc 1 26 5 view .LVU763
  26:/home/pacl/Documents/Repository/sca-2026/lib/crypto_kem/hqc128/pqclean/fft.c ****         betas[i] = 1 << (PARAM_M - 1 - i);
 2114              		.loc 1 26 19 discriminator 1 view .LVU764
  27:/home/pacl/Documents/Repository/sca-2026/lib/crypto_kem/hqc128/pqclean/fft.c ****     }
 2115              		.loc 1 27 9 view .LVU765
  26:/home/pacl/Documents/Repository/sca-2026/lib/crypto_kem/hqc128/pqclean/fft.c ****         betas[i] = 1 << (PARAM_M - 1 - i);
 2116              		.loc 1 26 34 discriminator 3 view .LVU766
  26:/home/pacl/Documents/Repository/sca-2026/lib/crypto_kem/hqc128/pqclean/fft.c ****         betas[i] = 1 << (PARAM_M - 1 - i);
 2117              		.loc 1 26 19 discriminator 1 view .LVU767
  27:/home/pacl/Documents/Repository/sca-2026/lib/crypto_kem/hqc128/pqclean/fft.c ****     }
 2118              		.loc 1 27 9 view .LVU768
  26:/home/pacl/Documents/Repository/sca-2026/lib/crypto_kem/hqc128/pqclean/fft.c ****         betas[i] = 1 << (PARAM_M - 1 - i);
 2119              		.loc 1 26 34 discriminator 3 view .LVU769
  26:/home/pacl/Documents/Repository/sca-2026/lib/crypto_kem/hqc128/pqclean/fft.c ****         betas[i] = 1 << (PARAM_M - 1 - i);
 2120              		.loc 1 26 19 discriminator 1 view .LVU770
  27:/home/pacl/Documents/Repository/sca-2026/lib/crypto_kem/hqc128/pqclean/fft.c ****     }
 2121              		.loc 1 27 9 view .LVU771
  26:/home/pacl/Documents/Repository/sca-2026/lib/crypto_kem/hqc128/pqclean/fft.c ****         betas[i] = 1 << (PARAM_M - 1 - i);
 2122              		.loc 1 26 34 discriminator 3 view .LVU772
  26:/home/pacl/Documents/Repository/sca-2026/lib/crypto_kem/hqc128/pqclean/fft.c ****         betas[i] = 1 << (PARAM_M - 1 - i);
 2123              		.loc 1 26 19 discriminator 1 view .LVU773
  27:/home/pacl/Documents/Repository/sca-2026/lib/crypto_kem/hqc128/pqclean/fft.c ****     }
 2124              		.loc 1 27 9 view .LVU774
  26:/home/pacl/Documents/Repository/sca-2026/lib/crypto_kem/hqc128/pqclean/fft.c ****         betas[i] = 1 << (PARAM_M - 1 - i);
 2125              		.loc 1 26 34 discriminator 3 view .LVU775
  26:/home/pacl/Documents/Repository/sca-2026/lib/crypto_kem/hqc128/pqclean/fft.c ****         betas[i] = 1 << (PARAM_M - 1 - i);
 2126              		.loc 1 26 19 discriminator 1 view .LVU776
  27:/home/pacl/Documents/Repository/sca-2026/lib/crypto_kem/hqc128/pqclean/fft.c ****     }
 2127              		.loc 1 27 9 view .LVU777
  26:/home/pacl/Documents/Repository/sca-2026/lib/crypto_kem/hqc128/pqclean/fft.c ****         betas[i] = 1 << (PARAM_M - 1 - i);
 2128              		.loc 1 26 34 discriminator 3 view .LVU778
  26:/home/pacl/Documents/Repository/sca-2026/lib/crypto_kem/hqc128/pqclean/fft.c ****         betas[i] = 1 << (PARAM_M - 1 - i);
 2129              		.loc 1 26 19 discriminator 1 view .LVU779
  27:/home/pacl/Documents/Repository/sca-2026/lib/crypto_kem/hqc128/pqclean/fft.c ****     }
 2130              		.loc 1 27 9 view .LVU780
  27:/home/pacl/Documents/Repository/sca-2026/lib/crypto_kem/hqc128/pqclean/fft.c ****     }
 2131              		.loc 1 27 18 is_stmt 0 view .LVU781
 2132 0016 4D4B     		ldr	r3, .L173
 2133 0018 4D4A     		ldr	r2, .L173+4
 2134 001a 4FF0020C 		mov	ip, #2
 2135 001e CDE90023 		strd	r2, r3, [sp]
 2136 0022 4C4B     		ldr	r3, .L173+8
 2137 0024 0293     		str	r3, [sp, #8]
  26:/home/pacl/Documents/Repository/sca-2026/lib/crypto_kem/hqc128/pqclean/fft.c ****         betas[i] = 1 << (PARAM_M - 1 - i);
 2138              		.loc 1 26 34 is_stmt 1 discriminator 3 view .LVU782
 2139              	.LVL150:
  26:/home/pacl/Documents/Repository/sca-2026/lib/crypto_kem/hqc128/pqclean/fft.c ****         betas[i] = 1 << (PARAM_M - 1 - i);
 2140              		.loc 1 26 19 discriminator 1 view .LVU783
  27:/home/pacl/Documents/Repository/sca-2026/lib/crypto_kem/hqc128/pqclean/fft.c ****     }
 2141              		.loc 1 27 9 view .LVU784
  27:/home/pacl/Documents/Repository/sca-2026/lib/crypto_kem/hqc128/pqclean/fft.c ****     }
 2142              		.loc 1 27 18 is_stmt 0 view .LVU785
 2143 0026 ADF80CC0 		strh	ip, [sp, #12]	@ movhi
  26:/home/pacl/Documents/Repository/sca-2026/lib/crypto_kem/hqc128/pqclean/fft.c ****         betas[i] = 1 << (PARAM_M - 1 - i);
 2144              		.loc 1 26 34 is_stmt 1 discriminator 3 view .LVU786
 2145              	.LVL151:
  26:/home/pacl/Documents/Repository/sca-2026/lib/crypto_kem/hqc128/pqclean/fft.c ****         betas[i] = 1 << (PARAM_M - 1 - i);
 2146              		.loc 1 26 19 discriminator 1 view .LVU787
 2147 002a ADF10200 		sub	r0, sp, #2
  27:/home/pacl/Documents/Repository/sca-2026/lib/crypto_kem/hqc128/pqclean/fft.c ****     }
 2148              		.loc 1 27 18 is_stmt 0 view .LVU788
 2149 002e 0021     		movs	r1, #0
 2150              	.LBE51:
 2151              	.LBE50:
 2152              	.LBB52:
 2153              	.LBB53:
  46:/home/pacl/Documents/Repository/sca-2026/lib/crypto_kem/hqc128/pqclean/fft.c ****             subset_sums[(1 << i) + j] = set[i] ^ subset_sums[j];
 2154              		.loc 1 46 28 discriminator 1 view .LVU789
 2155 0030 0126     		movs	r6, #1
 2156 0032 6FF0004E 		mvn	lr, #-2147483648
 2157              	.LVL152:
 2158              	.L157:
  46:/home/pacl/Documents/Repository/sca-2026/lib/crypto_kem/hqc128/pqclean/fft.c ****             subset_sums[(1 << i) + j] = set[i] ^ subset_sums[j];
 2159              		.loc 1 46 23 is_stmt 1 discriminator 1 view .LVU790
  46:/home/pacl/Documents/Repository/sca-2026/lib/crypto_kem/hqc128/pqclean/fft.c ****             subset_sums[(1 << i) + j] = set[i] ^ subset_sums[j];
 2160              		.loc 1 46 28 is_stmt 0 discriminator 1 view .LVU791
 2161 0036 06FA01F7 		lsl	r7, r6, r1
 2162 003a 7B1E     		subs	r3, r7, #1
 2163 003c 072B     		cmp	r3, #7
  47:/home/pacl/Documents/Repository/sca-2026/lib/crypto_kem/hqc128/pqclean/fft.c ****         }
 2164              		.loc 1 47 44 view .LVU792
 2165 003e 30F8022F 		ldrh	r2, [r0, #2]!
 2166 0042 01D9     		bls	.L164
 2167 0044 0029     		cmp	r1, #0
 2168 0046 4ED1     		bne	.L172
 2169              	.L164:
 2170 0048 07EB0E09 		add	r9, r7, lr
 2171 004c 04AF     		add	r7, sp, #16
 2172 004e 07EB4908 		add	r8, r7, r9, lsl #1
 2173 0052 08F10209 		add	r9, r8, #2
 2174              	.LVL153:
 2175              	.L159:
  47:/home/pacl/Documents/Repository/sca-2026/lib/crypto_kem/hqc128/pqclean/fft.c ****         }
 2176              		.loc 1 47 13 is_stmt 1 view .LVU793
  47:/home/pacl/Documents/Repository/sca-2026/lib/crypto_kem/hqc128/pqclean/fft.c ****         }
 2177              		.loc 1 47 61 is_stmt 0 view .LVU794
 2178 0056 37F8023B 		ldrh	r3, [r7], #2
 2179              	.LVL154:
  47:/home/pacl/Documents/Repository/sca-2026/lib/crypto_kem/hqc128/pqclean/fft.c ****         }
 2180              		.loc 1 47 39 view .LVU795
 2181 005a 5340     		eors	r3, r3, r2
  46:/home/pacl/Documents/Repository/sca-2026/lib/crypto_kem/hqc128/pqclean/fft.c ****             subset_sums[(1 << i) + j] = set[i] ^ subset_sums[j];
 2182              		.loc 1 46 23 discriminator 1 view .LVU796
 2183 005c 4F45     		cmp	r7, r9
  47:/home/pacl/Documents/Repository/sca-2026/lib/crypto_kem/hqc128/pqclean/fft.c ****         }
 2184              		.loc 1 47 39 view .LVU797
 2185 005e 28F8023F 		strh	r3, [r8, #2]!	@ movhi
  46:/home/pacl/Documents/Repository/sca-2026/lib/crypto_kem/hqc128/pqclean/fft.c ****             subset_sums[(1 << i) + j] = set[i] ^ subset_sums[j];
 2186              		.loc 1 46 35 is_stmt 1 discriminator 3 view .LVU798
 2187              	.LVL155:
  46:/home/pacl/Documents/Repository/sca-2026/lib/crypto_kem/hqc128/pqclean/fft.c ****             subset_sums[(1 << i) + j] = set[i] ^ subset_sums[j];
 2188              		.loc 1 46 23 discriminator 1 view .LVU799
 2189 0062 F8D1     		bne	.L159
 2190              	.LVL156:
 2191              	.L160:
  45:/home/pacl/Documents/Repository/sca-2026/lib/crypto_kem/hqc128/pqclean/fft.c ****         for (j = 0; j < (1 << i); ++j) {
 2192              		.loc 1 45 31 discriminator 2 view .LVU800
  45:/home/pacl/Documents/Repository/sca-2026/lib/crypto_kem/hqc128/pqclean/fft.c ****         for (j = 0; j < (1 << i); ++j) {
 2193              		.loc 1 45 19 discriminator 1 view .LVU801
 2194 0064 0131     		adds	r1, r1, #1
 2195              	.LVL157:
  45:/home/pacl/Documents/Repository/sca-2026/lib/crypto_kem/hqc128/pqclean/fft.c ****         for (j = 0; j < (1 << i); ++j) {
 2196              		.loc 1 45 19 is_stmt 0 discriminator 1 view .LVU802
 2197 0066 0729     		cmp	r1, #7
 2198 0068 E5D1     		bne	.L157
 2199              	.LVL158:
 2200              	.L163:
  45:/home/pacl/Documents/Repository/sca-2026/lib/crypto_kem/hqc128/pqclean/fft.c ****         for (j = 0; j < (1 << i); ++j) {
 2201              		.loc 1 45 19 discriminator 1 view .LVU803
 2202              	.LBE53:
 2203              	.LBE52:
 322:/home/pacl/Documents/Repository/sca-2026/lib/crypto_kem/hqc128/pqclean/fft.c ****     compute_subset_sums(gammas_sums, gammas, PARAM_M - 1);
 323:/home/pacl/Documents/Repository/sca-2026/lib/crypto_kem/hqc128/pqclean/fft.c **** 
 324:/home/pacl/Documents/Repository/sca-2026/lib/crypto_kem/hqc128/pqclean/fft.c ****     k = 1 << (PARAM_M - 1);
 2204              		.loc 1 324 5 is_stmt 1 view .LVU804
 325:/home/pacl/Documents/Repository/sca-2026/lib/crypto_kem/hqc128/pqclean/fft.c ****     error[0] ^= 1 ^ ((uint16_t) - w[0] >> 15);
 2205              		.loc 1 325 5 view .LVU805
 2206              		.loc 1 325 22 is_stmt 0 view .LVU806
 2207 006a 2B88     		ldrh	r3, [r5]
 2208              		.loc 1 325 14 view .LVU807
 2209 006c 2278     		ldrb	r2, [r4]	@ zero_extendqisi2
 2210 006e 3A48     		ldr	r0, .L173+12
 2211              		.loc 1 325 22 view .LVU808
 2212 0070 5B42     		rsbs	r3, r3, #0
 2213              		.loc 1 325 14 view .LVU809
 2214 0072 C3F3C033 		ubfx	r3, r3, #15, #1
 2215 0076 5340     		eors	r3, r3, r2
 2216 0078 83F00103 		eor	r3, r3, #1
 2217 007c 2370     		strb	r3, [r4]
 326:/home/pacl/Documents/Repository/sca-2026/lib/crypto_kem/hqc128/pqclean/fft.c ****     error[0] ^= 1 ^ ((uint16_t) - w[k] >> 15);
 2218              		.loc 1 326 5 is_stmt 1 view .LVU810
 2219              		.loc 1 326 22 is_stmt 0 view .LVU811
 2220 007e B5F80011 		ldrh	r1, [r5, #256]
 2221 0082 4942     		rsbs	r1, r1, #0
 2222              		.loc 1 326 14 view .LVU812
 2223 0084 C1F3C031 		ubfx	r1, r1, #15, #1
 2224 0088 4B40     		eors	r3, r3, r1
 2225 008a 83F00103 		eor	r3, r3, #1
 2226 008e 04AA     		add	r2, sp, #16
 2227 0090 2370     		strb	r3, [r4]
 327:/home/pacl/Documents/Repository/sca-2026/lib/crypto_kem/hqc128/pqclean/fft.c **** 
 328:/home/pacl/Documents/Repository/sca-2026/lib/crypto_kem/hqc128/pqclean/fft.c ****     for (i = 1; i < k; ++i) {
 2228              		.loc 1 328 5 is_stmt 1 view .LVU813
 2229              	.LVL159:
 2230              		.loc 1 328 19 discriminator 1 view .LVU814
 2231 0092 2946     		mov	r1, r5
 2232 0094 0DF5877C 		add	ip, sp, #270
 2233              	.LVL160:
 2234              	.L166:
 329:/home/pacl/Documents/Repository/sca-2026/lib/crypto_kem/hqc128/pqclean/fft.c ****         index = PARAM_GF_MUL_ORDER - gf_log[gammas_sums[i]];
 2235              		.loc 1 329 9 view .LVU815
 2236              		.loc 1 329 56 is_stmt 0 view .LVU816
 2237 0098 32F802EF 		ldrh	lr, [r2, #2]!
 2238              	.LVL161:
 330:/home/pacl/Documents/Repository/sca-2026/lib/crypto_kem/hqc128/pqclean/fft.c ****         error[index] ^= 1 ^ ((uint16_t) - w[i] >> 15);
 2239              		.loc 1 330 9 is_stmt 1 view .LVU817
 2240              		.loc 1 330 30 is_stmt 0 view .LVU818
 2241 009c 31F8023F 		ldrh	r3, [r1, #2]!
 329:/home/pacl/Documents/Repository/sca-2026/lib/crypto_kem/hqc128/pqclean/fft.c ****         index = PARAM_GF_MUL_ORDER - gf_log[gammas_sums[i]];
 2242              		.loc 1 329 44 view .LVU819
 2243 00a0 30F81E50 		ldrh	r5, [r0, lr, lsl #1]
 329:/home/pacl/Documents/Repository/sca-2026/lib/crypto_kem/hqc128/pqclean/fft.c ****         index = PARAM_GF_MUL_ORDER - gf_log[gammas_sums[i]];
 2244              		.loc 1 329 36 view .LVU820
 2245 00a4 C5F1FF05 		rsb	r5, r5, #255
 2246              		.loc 1 330 30 view .LVU821
 2247 00a8 5B42     		rsbs	r3, r3, #0
 2248              		.loc 1 330 22 view .LVU822
 2249 00aa 665D     		ldrb	r6, [r4, r5]	@ zero_extendqisi2
 2250 00ac C3F3C033 		ubfx	r3, r3, #15, #1
 331:/home/pacl/Documents/Repository/sca-2026/lib/crypto_kem/hqc128/pqclean/fft.c **** 
 332:/home/pacl/Documents/Repository/sca-2026/lib/crypto_kem/hqc128/pqclean/fft.c ****         index = PARAM_GF_MUL_ORDER - gf_log[gammas_sums[i] ^ 1];
 2251              		.loc 1 332 60 view .LVU823
 2252 00b0 8EF0010E 		eor	lr, lr, #1
 2253              	.LVL162:
 330:/home/pacl/Documents/Repository/sca-2026/lib/crypto_kem/hqc128/pqclean/fft.c ****         error[index] ^= 1 ^ ((uint16_t) - w[i] >> 15);
 2254              		.loc 1 330 22 view .LVU824
 2255 00b4 7340     		eors	r3, r3, r6
 2256 00b6 83F00103 		eor	r3, r3, #1
 2257 00ba 6355     		strb	r3, [r4, r5]
 2258              		.loc 1 332 9 is_stmt 1 view .LVU825
 2259              	.LVL163:
 333:/home/pacl/Documents/Repository/sca-2026/lib/crypto_kem/hqc128/pqclean/fft.c ****         error[index] ^= 1 ^ ((uint16_t) - w[k + i] >> 15);
 2260              		.loc 1 333 9 view .LVU826
 332:/home/pacl/Documents/Repository/sca-2026/lib/crypto_kem/hqc128/pqclean/fft.c ****         error[index] ^= 1 ^ ((uint16_t) - w[k + i] >> 15);
 2261              		.loc 1 332 44 is_stmt 0 view .LVU827
 2262 00bc 30F81EE0 		ldrh	lr, [r0, lr, lsl #1]
 2263              	.LVL164:
 2264              		.loc 1 333 30 view .LVU828
 2265 00c0 B1F80031 		ldrh	r3, [r1, #256]
 332:/home/pacl/Documents/Repository/sca-2026/lib/crypto_kem/hqc128/pqclean/fft.c ****         error[index] ^= 1 ^ ((uint16_t) - w[k + i] >> 15);
 2266              		.loc 1 332 36 view .LVU829
 2267 00c4 CEF1FF0E 		rsb	lr, lr, #255
 2268              		.loc 1 333 30 view .LVU830
 2269 00c8 5B42     		rsbs	r3, r3, #0
 2270              		.loc 1 333 22 view .LVU831
 2271 00ca 14F80E50 		ldrb	r5, [r4, lr]	@ zero_extendqisi2
 2272 00ce C3F3C033 		ubfx	r3, r3, #15, #1
 2273 00d2 6B40     		eors	r3, r3, r5
 2274 00d4 83F00103 		eor	r3, r3, #1
 328:/home/pacl/Documents/Repository/sca-2026/lib/crypto_kem/hqc128/pqclean/fft.c ****         index = PARAM_GF_MUL_ORDER - gf_log[gammas_sums[i]];
 2275              		.loc 1 328 19 discriminator 1 view .LVU832
 2276 00d8 9445     		cmp	ip, r2
 2277              		.loc 1 333 22 view .LVU833
 2278 00da 04F80E30 		strb	r3, [r4, lr]
 328:/home/pacl/Documents/Repository/sca-2026/lib/crypto_kem/hqc128/pqclean/fft.c ****         index = PARAM_GF_MUL_ORDER - gf_log[gammas_sums[i]];
 2279              		.loc 1 328 24 is_stmt 1 discriminator 3 view .LVU834
 328:/home/pacl/Documents/Repository/sca-2026/lib/crypto_kem/hqc128/pqclean/fft.c ****         index = PARAM_GF_MUL_ORDER - gf_log[gammas_sums[i]];
 2280              		.loc 1 328 19 discriminator 1 view .LVU835
 2281 00de DBD1     		bne	.L166
 334:/home/pacl/Documents/Repository/sca-2026/lib/crypto_kem/hqc128/pqclean/fft.c ****     }
 335:/home/pacl/Documents/Repository/sca-2026/lib/crypto_kem/hqc128/pqclean/fft.c **** }
 2282              		.loc 1 335 1 is_stmt 0 view .LVU836
 2283 00e0 45B0     		add	sp, sp, #276
 2284              	.LCFI21:
 2285              		.cfi_remember_state
 2286              		.cfi_def_cfa_offset 36
 2287              		@ sp needed
 2288 00e2 BDE8F08F 		pop	{r4, r5, r6, r7, r8, r9, r10, fp, pc}
 2289              	.LVL165:
 2290              	.L172:
 2291              	.LCFI22:
 2292              		.cfi_restore_state
 2293              		.loc 1 335 1 view .LVU837
 2294 00e6 04AB     		add	r3, sp, #16
 2295 00e8 4FF0000B 		mov	fp, #0
 2296 00ec 0CFA01F8 		lsl	r8, ip, r1
 2297 00f0 62F30F0B 		bfi	fp, r2, #0, #16
 2298 00f4 9844     		add	r8, r8, r3
 2299 00f6 4FEA570A 		lsr	r10, r7, #1
 2300 00fa 62F31F4B 		bfi	fp, r2, #16, #16
 2301 00fe 08EB8A0A 		add	r10, r8, r10, lsl #2
 2302              	.LBB55:
 2303              	.LBB54:
  47:/home/pacl/Documents/Repository/sca-2026/lib/crypto_kem/hqc128/pqclean/fft.c ****         }
 2304              		.loc 1 47 44 view .LVU838
 2305 0102 9946     		mov	r9, r3
 2306              	.LVL166:
 2307              	.L161:
  47:/home/pacl/Documents/Repository/sca-2026/lib/crypto_kem/hqc128/pqclean/fft.c ****         }
 2308              		.loc 1 47 13 is_stmt 1 view .LVU839
  47:/home/pacl/Documents/Repository/sca-2026/lib/crypto_kem/hqc128/pqclean/fft.c ****         }
 2309              		.loc 1 47 39 is_stmt 0 view .LVU840
 2310 0104 59F8043B 		ldr	r3, [r9], #4
 2311 0108 8BEA0303 		eor	r3, fp, r3
 2312 010c 48F8043B 		str	r3, [r8], #4	@ unaligned
  46:/home/pacl/Documents/Repository/sca-2026/lib/crypto_kem/hqc128/pqclean/fft.c ****             subset_sums[(1 << i) + j] = set[i] ^ subset_sums[j];
 2313              		.loc 1 46 35 is_stmt 1 discriminator 3 view .LVU841
  46:/home/pacl/Documents/Repository/sca-2026/lib/crypto_kem/hqc128/pqclean/fft.c ****             subset_sums[(1 << i) + j] = set[i] ^ subset_sums[j];
 2314              		.loc 1 46 23 discriminator 1 view .LVU842
 2315 0110 C245     		cmp	r10, r8
 2316 0112 F7D1     		bne	.L161
 2317 0114 17F0010F 		tst	r7, #1
 2318 0118 27F00103 		bic	r3, r7, #1
 2319 011c A2D0     		beq	.L160
 2320              	.LVL167:
  47:/home/pacl/Documents/Repository/sca-2026/lib/crypto_kem/hqc128/pqclean/fft.c ****         }
 2321              		.loc 1 47 13 view .LVU843
  47:/home/pacl/Documents/Repository/sca-2026/lib/crypto_kem/hqc128/pqclean/fft.c ****         }
 2322              		.loc 1 47 61 is_stmt 0 view .LVU844
 2323 011e 0DF58878 		add	r8, sp, #272
 2324 0122 08EB4308 		add	r8, r8, r3, lsl #1
 2325 0126 A8F58078 		sub	r8, r8, #256
  47:/home/pacl/Documents/Repository/sca-2026/lib/crypto_kem/hqc128/pqclean/fft.c ****         }
 2326              		.loc 1 47 24 view .LVU845
 2327 012a 3B44     		add	r3, r3, r7
 2328              	.LVL168:
  47:/home/pacl/Documents/Repository/sca-2026/lib/crypto_kem/hqc128/pqclean/fft.c ****         }
 2329              		.loc 1 47 39 view .LVU846
 2330 012c B8F80070 		ldrh	r7, [r8]
 2331              	.LVL169:
  47:/home/pacl/Documents/Repository/sca-2026/lib/crypto_kem/hqc128/pqclean/fft.c ****         }
 2332              		.loc 1 47 39 view .LVU847
 2333 0130 0DF58878 		add	r8, sp, #272
 2334 0134 08EB4303 		add	r3, r8, r3, lsl #1
 2335 0138 A3F58073 		sub	r3, r3, #256
  45:/home/pacl/Documents/Repository/sca-2026/lib/crypto_kem/hqc128/pqclean/fft.c ****         for (j = 0; j < (1 << i); ++j) {
 2336              		.loc 1 45 19 discriminator 1 view .LVU848
 2337 013c 0131     		adds	r1, r1, #1
 2338              	.LVL170:
  47:/home/pacl/Documents/Repository/sca-2026/lib/crypto_kem/hqc128/pqclean/fft.c ****         }
 2339              		.loc 1 47 39 view .LVU849
 2340 013e 7A40     		eors	r2, r2, r7
  45:/home/pacl/Documents/Repository/sca-2026/lib/crypto_kem/hqc128/pqclean/fft.c ****         for (j = 0; j < (1 << i); ++j) {
 2341              		.loc 1 45 19 discriminator 1 view .LVU850
 2342 0140 0729     		cmp	r1, #7
  47:/home/pacl/Documents/Repository/sca-2026/lib/crypto_kem/hqc128/pqclean/fft.c ****         }
 2343              		.loc 1 47 39 view .LVU851
 2344 0142 1A80     		strh	r2, [r3]	@ movhi
  46:/home/pacl/Documents/Repository/sca-2026/lib/crypto_kem/hqc128/pqclean/fft.c ****             subset_sums[(1 << i) + j] = set[i] ^ subset_sums[j];
 2345              		.loc 1 46 35 is_stmt 1 discriminator 3 view .LVU852
 2346              	.LVL171:
  46:/home/pacl/Documents/Repository/sca-2026/lib/crypto_kem/hqc128/pqclean/fft.c ****             subset_sums[(1 << i) + j] = set[i] ^ subset_sums[j];
 2347              		.loc 1 46 23 discriminator 1 view .LVU853
  45:/home/pacl/Documents/Repository/sca-2026/lib/crypto_kem/hqc128/pqclean/fft.c ****         for (j = 0; j < (1 << i); ++j) {
 2348              		.loc 1 45 31 discriminator 2 view .LVU854
  45:/home/pacl/Documents/Repository/sca-2026/lib/crypto_kem/hqc128/pqclean/fft.c ****         for (j = 0; j < (1 << i); ++j) {
 2349              		.loc 1 45 19 discriminator 1 view .LVU855
 2350 0144 7FF477AF 		bne	.L157
 2351 0148 8FE7     		b	.L163
 2352              	.L174:
 2353 014a 00BF     		.align	2
 2354              	.L173:
 2355 014c 20001000 		.word	1048608
 2356 0150 80004000 		.word	4194432
 2357 0154 08000400 		.word	262152
 2358 0158 00000000 		.word	.LANCHOR0
 2359              	.LBE54:
 2360              	.LBE55:
 2361              		.cfi_endproc
 2362              	.LFE6:
 2364              		.section	.rodata
 2365              		.align	2
 2366              		.set	.LANCHOR0,. + 0
 2369              	gf_log:
 2370 0000 0000     		.short	0
 2371 0002 0000     		.short	0
 2372 0004 0100     		.short	1
 2373 0006 1900     		.short	25
 2374 0008 0200     		.short	2
 2375 000a 3200     		.short	50
 2376 000c 1A00     		.short	26
 2377 000e C600     		.short	198
 2378 0010 0300     		.short	3
 2379 0012 DF00     		.short	223
 2380 0014 3300     		.short	51
 2381 0016 EE00     		.short	238
 2382 0018 1B00     		.short	27
 2383 001a 6800     		.short	104
 2384 001c C700     		.short	199
 2385 001e 4B00     		.short	75
 2386 0020 0400     		.short	4
 2387 0022 6400     		.short	100
 2388 0024 E000     		.short	224
 2389 0026 0E00     		.short	14
 2390 0028 3400     		.short	52
 2391 002a 8D00     		.short	141
 2392 002c EF00     		.short	239
 2393 002e 8100     		.short	129
 2394 0030 1C00     		.short	28
 2395 0032 C100     		.short	193
 2396 0034 6900     		.short	105
 2397 0036 F800     		.short	248
 2398 0038 C800     		.short	200
 2399 003a 0800     		.short	8
 2400 003c 4C00     		.short	76
 2401 003e 7100     		.short	113
 2402 0040 0500     		.short	5
 2403 0042 8A00     		.short	138
 2404 0044 6500     		.short	101
 2405 0046 2F00     		.short	47
 2406 0048 E100     		.short	225
 2407 004a 2400     		.short	36
 2408 004c 0F00     		.short	15
 2409 004e 2100     		.short	33
 2410 0050 3500     		.short	53
 2411 0052 9300     		.short	147
 2412 0054 8E00     		.short	142
 2413 0056 DA00     		.short	218
 2414 0058 F000     		.short	240
 2415 005a 1200     		.short	18
 2416 005c 8200     		.short	130
 2417 005e 4500     		.short	69
 2418 0060 1D00     		.short	29
 2419 0062 B500     		.short	181
 2420 0064 C200     		.short	194
 2421 0066 7D00     		.short	125
 2422 0068 6A00     		.short	106
 2423 006a 2700     		.short	39
 2424 006c F900     		.short	249
 2425 006e B900     		.short	185
 2426 0070 C900     		.short	201
 2427 0072 9A00     		.short	154
 2428 0074 0900     		.short	9
 2429 0076 7800     		.short	120
 2430 0078 4D00     		.short	77
 2431 007a E400     		.short	228
 2432 007c 7200     		.short	114
 2433 007e A600     		.short	166
 2434 0080 0600     		.short	6
 2435 0082 BF00     		.short	191
 2436 0084 8B00     		.short	139
 2437 0086 6200     		.short	98
 2438 0088 6600     		.short	102
 2439 008a DD00     		.short	221
 2440 008c 3000     		.short	48
 2441 008e FD00     		.short	253
 2442 0090 E200     		.short	226
 2443 0092 9800     		.short	152
 2444 0094 2500     		.short	37
 2445 0096 B300     		.short	179
 2446 0098 1000     		.short	16
 2447 009a 9100     		.short	145
 2448 009c 2200     		.short	34
 2449 009e 8800     		.short	136
 2450 00a0 3600     		.short	54
 2451 00a2 D000     		.short	208
 2452 00a4 9400     		.short	148
 2453 00a6 CE00     		.short	206
 2454 00a8 8F00     		.short	143
 2455 00aa 9600     		.short	150
 2456 00ac DB00     		.short	219
 2457 00ae BD00     		.short	189
 2458 00b0 F100     		.short	241
 2459 00b2 D200     		.short	210
 2460 00b4 1300     		.short	19
 2461 00b6 5C00     		.short	92
 2462 00b8 8300     		.short	131
 2463 00ba 3800     		.short	56
 2464 00bc 4600     		.short	70
 2465 00be 4000     		.short	64
 2466 00c0 1E00     		.short	30
 2467 00c2 4200     		.short	66
 2468 00c4 B600     		.short	182
 2469 00c6 A300     		.short	163
 2470 00c8 C300     		.short	195
 2471 00ca 4800     		.short	72
 2472 00cc 7E00     		.short	126
 2473 00ce 6E00     		.short	110
 2474 00d0 6B00     		.short	107
 2475 00d2 3A00     		.short	58
 2476 00d4 2800     		.short	40
 2477 00d6 5400     		.short	84
 2478 00d8 FA00     		.short	250
 2479 00da 8500     		.short	133
 2480 00dc BA00     		.short	186
 2481 00de 3D00     		.short	61
 2482 00e0 CA00     		.short	202
 2483 00e2 5E00     		.short	94
 2484 00e4 9B00     		.short	155
 2485 00e6 9F00     		.short	159
 2486 00e8 0A00     		.short	10
 2487 00ea 1500     		.short	21
 2488 00ec 7900     		.short	121
 2489 00ee 2B00     		.short	43
 2490 00f0 4E00     		.short	78
 2491 00f2 D400     		.short	212
 2492 00f4 E500     		.short	229
 2493 00f6 AC00     		.short	172
 2494 00f8 7300     		.short	115
 2495 00fa F300     		.short	243
 2496 00fc A700     		.short	167
 2497 00fe 5700     		.short	87
 2498 0100 0700     		.short	7
 2499 0102 7000     		.short	112
 2500 0104 C000     		.short	192
 2501 0106 F700     		.short	247
 2502 0108 8C00     		.short	140
 2503 010a 8000     		.short	128
 2504 010c 6300     		.short	99
 2505 010e 0D00     		.short	13
 2506 0110 6700     		.short	103
 2507 0112 4A00     		.short	74
 2508 0114 DE00     		.short	222
 2509 0116 ED00     		.short	237
 2510 0118 3100     		.short	49
 2511 011a C500     		.short	197
 2512 011c FE00     		.short	254
 2513 011e 1800     		.short	24
 2514 0120 E300     		.short	227
 2515 0122 A500     		.short	165
 2516 0124 9900     		.short	153
 2517 0126 7700     		.short	119
 2518 0128 2600     		.short	38
 2519 012a B800     		.short	184
 2520 012c B400     		.short	180
 2521 012e 7C00     		.short	124
 2522 0130 1100     		.short	17
 2523 0132 4400     		.short	68
 2524 0134 9200     		.short	146
 2525 0136 D900     		.short	217
 2526 0138 2300     		.short	35
 2527 013a 2000     		.short	32
 2528 013c 8900     		.short	137
 2529 013e 2E00     		.short	46
 2530 0140 3700     		.short	55
 2531 0142 3F00     		.short	63
 2532 0144 D100     		.short	209
 2533 0146 5B00     		.short	91
 2534 0148 9500     		.short	149
 2535 014a BC00     		.short	188
 2536 014c CF00     		.short	207
 2537 014e CD00     		.short	205
 2538 0150 9000     		.short	144
 2539 0152 8700     		.short	135
 2540 0154 9700     		.short	151
 2541 0156 B200     		.short	178
 2542 0158 DC00     		.short	220
 2543 015a FC00     		.short	252
 2544 015c BE00     		.short	190
 2545 015e 6100     		.short	97
 2546 0160 F200     		.short	242
 2547 0162 5600     		.short	86
 2548 0164 D300     		.short	211
 2549 0166 AB00     		.short	171
 2550 0168 1400     		.short	20
 2551 016a 2A00     		.short	42
 2552 016c 5D00     		.short	93
 2553 016e 9E00     		.short	158
 2554 0170 8400     		.short	132
 2555 0172 3C00     		.short	60
 2556 0174 3900     		.short	57
 2557 0176 5300     		.short	83
 2558 0178 4700     		.short	71
 2559 017a 6D00     		.short	109
 2560 017c 4100     		.short	65
 2561 017e A200     		.short	162
 2562 0180 1F00     		.short	31
 2563 0182 2D00     		.short	45
 2564 0184 4300     		.short	67
 2565 0186 D800     		.short	216
 2566 0188 B700     		.short	183
 2567 018a 7B00     		.short	123
 2568 018c A400     		.short	164
 2569 018e 7600     		.short	118
 2570 0190 C400     		.short	196
 2571 0192 1700     		.short	23
 2572 0194 4900     		.short	73
 2573 0196 EC00     		.short	236
 2574 0198 7F00     		.short	127
 2575 019a 0C00     		.short	12
 2576 019c 6F00     		.short	111
 2577 019e F600     		.short	246
 2578 01a0 6C00     		.short	108
 2579 01a2 A100     		.short	161
 2580 01a4 3B00     		.short	59
 2581 01a6 5200     		.short	82
 2582 01a8 2900     		.short	41
 2583 01aa 9D00     		.short	157
 2584 01ac 5500     		.short	85
 2585 01ae AA00     		.short	170
 2586 01b0 FB00     		.short	251
 2587 01b2 6000     		.short	96
 2588 01b4 8600     		.short	134
 2589 01b6 B100     		.short	177
 2590 01b8 BB00     		.short	187
 2591 01ba CC00     		.short	204
 2592 01bc 3E00     		.short	62
 2593 01be 5A00     		.short	90
 2594 01c0 CB00     		.short	203
 2595 01c2 5900     		.short	89
 2596 01c4 5F00     		.short	95
 2597 01c6 B000     		.short	176
 2598 01c8 9C00     		.short	156
 2599 01ca A900     		.short	169
 2600 01cc A000     		.short	160
 2601 01ce 5100     		.short	81
 2602 01d0 0B00     		.short	11
 2603 01d2 F500     		.short	245
 2604 01d4 1600     		.short	22
 2605 01d6 EB00     		.short	235
 2606 01d8 7A00     		.short	122
 2607 01da 7500     		.short	117
 2608 01dc 2C00     		.short	44
 2609 01de D700     		.short	215
 2610 01e0 4F00     		.short	79
 2611 01e2 AE00     		.short	174
 2612 01e4 D500     		.short	213
 2613 01e6 E900     		.short	233
 2614 01e8 E600     		.short	230
 2615 01ea E700     		.short	231
 2616 01ec AD00     		.short	173
 2617 01ee E800     		.short	232
 2618 01f0 7400     		.short	116
 2619 01f2 D600     		.short	214
 2620 01f4 F400     		.short	244
 2621 01f6 EA00     		.short	234
 2622 01f8 A800     		.short	168
 2623 01fa 5000     		.short	80
 2624 01fc 5800     		.short	88
 2625 01fe AF00     		.short	175
 2626              		.text
 2627              	.Letext0:
 2628              		.file 2 "/usr/lib/gcc/arm-none-eabi/13.2.1/include/stddef.h"
 2629              		.file 3 "/usr/lib/gcc/arm-none-eabi/13.2.1/include/stdint.h"
 2630              		.file 4 "/home/pacl/Documents/Repository/sca-2026/include/crypto_kem/hqc128/pqclean/gf.h"
 2631              		.file 5 "/usr/include/newlib/string.h"
 2632              		.file 6 "<built-in>"
DEFINED SYMBOLS
                            *ABS*:00000000 fft.c
     /tmp/cclTWR29.s:19     .text.radix:00000000 $t
     /tmp/cclTWR29.s:25     .text.radix:00000000 radix
     /tmp/cclTWR29.s:45     .text.radix:0000000c $d
     /tmp/cclTWR29.s:49     .text.radix:00000010 $t
     /tmp/cclTWR29.s:263    .text.fft_rec.constprop.2:00000000 $t
     /tmp/cclTWR29.s:269    .text.fft_rec.constprop.2:00000000 fft_rec.constprop.2
     /tmp/cclTWR29.s:457    .text.fft_rec.constprop.1:00000000 $t
     /tmp/cclTWR29.s:463    .text.fft_rec.constprop.1:00000000 fft_rec.constprop.1
     /tmp/cclTWR29.s:1043   .text.fft_rec.constprop.0:00000000 $t
     /tmp/cclTWR29.s:1049   .text.fft_rec.constprop.0:00000000 fft_rec.constprop.0
     /tmp/cclTWR29.s:1696   .text.PQCLEAN_HQC128_CLEAN_fft:00000000 $t
     /tmp/cclTWR29.s:1703   .text.PQCLEAN_HQC128_CLEAN_fft:00000000 PQCLEAN_HQC128_CLEAN_fft
     /tmp/cclTWR29.s:2050   .text.PQCLEAN_HQC128_CLEAN_fft:000001a8 $d
     /tmp/cclTWR29.s:2059   .text.PQCLEAN_HQC128_CLEAN_fft_retrieve_error_poly:00000000 $t
     /tmp/cclTWR29.s:2066   .text.PQCLEAN_HQC128_CLEAN_fft_retrieve_error_poly:00000000 PQCLEAN_HQC128_CLEAN_fft_retrieve_error_poly
     /tmp/cclTWR29.s:2355   .text.PQCLEAN_HQC128_CLEAN_fft_retrieve_error_poly:0000014c $d
     /tmp/cclTWR29.s:2365   .rodata:00000000 $d
     /tmp/cclTWR29.s:2369   .rodata:00000000 gf_log

UNDEFINED SYMBOLS
PQCLEAN_HQC128_CLEAN_gf_mul
memset
PQCLEAN_HQC128_CLEAN_gf_inverse
PQCLEAN_HQC128_CLEAN_gf_square
memcpy
