   1              		.cpu cortex-m4
   2              		.eabi_attribute 20, 1
   3              		.eabi_attribute 21, 1
   4              		.eabi_attribute 23, 3
   5              		.eabi_attribute 24, 1
   6              		.eabi_attribute 25, 1
   7              		.eabi_attribute 26, 1
   8              		.eabi_attribute 30, 2
   9              		.eabi_attribute 34, 1
  10              		.eabi_attribute 18, 4
  11              		.file	"gf.c"
  12              		.text
  13              	.Ltext0:
  14              		.cfi_sections	.debug_frame
  15              		.section	.text.PQCLEAN_HQC128_CLEAN_gf_mul,"ax",%progbits
  16              		.align	1
  17              		.p2align 2,,3
  18              		.global	PQCLEAN_HQC128_CLEAN_gf_mul
  19              		.arch armv7e-m
  20              		.syntax unified
  21              		.thumb
  22              		.thumb_func
  23              		.fpu softvfp
  25              	PQCLEAN_HQC128_CLEAN_gf_mul:
  26              	.LVL0:
  27              	.LFB3:
  28              		.file 1 "/home/reo/Documents/Repository/sca-2026/lib/crypto_kem/hqc128/pqclean/gf.c"
   1:/home/reo/Documents/Repository/sca-2026/lib/crypto_kem/hqc128/pqclean/gf.c **** #include "gf.h"
   2:/home/reo/Documents/Repository/sca-2026/lib/crypto_kem/hqc128/pqclean/gf.c **** #include "parameters.h"
   3:/home/reo/Documents/Repository/sca-2026/lib/crypto_kem/hqc128/pqclean/gf.c **** #include <stddef.h>
   4:/home/reo/Documents/Repository/sca-2026/lib/crypto_kem/hqc128/pqclean/gf.c **** #include <stdint.h>
   5:/home/reo/Documents/Repository/sca-2026/lib/crypto_kem/hqc128/pqclean/gf.c **** /**
   6:/home/reo/Documents/Repository/sca-2026/lib/crypto_kem/hqc128/pqclean/gf.c ****  * @file gf.c
   7:/home/reo/Documents/Repository/sca-2026/lib/crypto_kem/hqc128/pqclean/gf.c ****  * @brief Galois field implementation
   8:/home/reo/Documents/Repository/sca-2026/lib/crypto_kem/hqc128/pqclean/gf.c ****  */
   9:/home/reo/Documents/Repository/sca-2026/lib/crypto_kem/hqc128/pqclean/gf.c **** 
  10:/home/reo/Documents/Repository/sca-2026/lib/crypto_kem/hqc128/pqclean/gf.c **** /**
  11:/home/reo/Documents/Repository/sca-2026/lib/crypto_kem/hqc128/pqclean/gf.c ****  * @brief Computes the number of trailing zero bits.
  12:/home/reo/Documents/Repository/sca-2026/lib/crypto_kem/hqc128/pqclean/gf.c ****  *
  13:/home/reo/Documents/Repository/sca-2026/lib/crypto_kem/hqc128/pqclean/gf.c ****  * @returns The number of trailing zero bits in a.
  14:/home/reo/Documents/Repository/sca-2026/lib/crypto_kem/hqc128/pqclean/gf.c ****  * @param[in] a An operand
  15:/home/reo/Documents/Repository/sca-2026/lib/crypto_kem/hqc128/pqclean/gf.c ****  */
  16:/home/reo/Documents/Repository/sca-2026/lib/crypto_kem/hqc128/pqclean/gf.c **** static uint16_t trailing_zero_bits_count(uint16_t a) {
  17:/home/reo/Documents/Repository/sca-2026/lib/crypto_kem/hqc128/pqclean/gf.c ****     uint16_t tmp = 0;
  18:/home/reo/Documents/Repository/sca-2026/lib/crypto_kem/hqc128/pqclean/gf.c ****     uint16_t mask = 0xFFFF;
  19:/home/reo/Documents/Repository/sca-2026/lib/crypto_kem/hqc128/pqclean/gf.c ****     for (size_t i = 0; i < 14; ++i) {
  20:/home/reo/Documents/Repository/sca-2026/lib/crypto_kem/hqc128/pqclean/gf.c ****         tmp += ((1 - ((a >> i) & 0x0001)) & mask);
  21:/home/reo/Documents/Repository/sca-2026/lib/crypto_kem/hqc128/pqclean/gf.c ****         mask &= - (1 - ((a >> i) & 0x0001));
  22:/home/reo/Documents/Repository/sca-2026/lib/crypto_kem/hqc128/pqclean/gf.c ****     }
  23:/home/reo/Documents/Repository/sca-2026/lib/crypto_kem/hqc128/pqclean/gf.c ****     return tmp;
  24:/home/reo/Documents/Repository/sca-2026/lib/crypto_kem/hqc128/pqclean/gf.c **** }
  25:/home/reo/Documents/Repository/sca-2026/lib/crypto_kem/hqc128/pqclean/gf.c **** 
  26:/home/reo/Documents/Repository/sca-2026/lib/crypto_kem/hqc128/pqclean/gf.c **** /**
  27:/home/reo/Documents/Repository/sca-2026/lib/crypto_kem/hqc128/pqclean/gf.c ****  * Reduces polynomial x modulo primitive polynomial GF_POLY.
  28:/home/reo/Documents/Repository/sca-2026/lib/crypto_kem/hqc128/pqclean/gf.c ****  * @returns x mod GF_POLY
  29:/home/reo/Documents/Repository/sca-2026/lib/crypto_kem/hqc128/pqclean/gf.c ****  * @param[in] x Polynomial of degree less than 64
  30:/home/reo/Documents/Repository/sca-2026/lib/crypto_kem/hqc128/pqclean/gf.c ****  * @param[in] deg_x The degree of polynomial x
  31:/home/reo/Documents/Repository/sca-2026/lib/crypto_kem/hqc128/pqclean/gf.c ****  */
  32:/home/reo/Documents/Repository/sca-2026/lib/crypto_kem/hqc128/pqclean/gf.c **** static uint16_t gf_reduce(uint64_t x, size_t deg_x) {
  33:/home/reo/Documents/Repository/sca-2026/lib/crypto_kem/hqc128/pqclean/gf.c ****     uint16_t z1, z2, rmdr, dist;
  34:/home/reo/Documents/Repository/sca-2026/lib/crypto_kem/hqc128/pqclean/gf.c ****     uint64_t mod;
  35:/home/reo/Documents/Repository/sca-2026/lib/crypto_kem/hqc128/pqclean/gf.c **** 
  36:/home/reo/Documents/Repository/sca-2026/lib/crypto_kem/hqc128/pqclean/gf.c ****     // Deduce the number of steps of reduction
  37:/home/reo/Documents/Repository/sca-2026/lib/crypto_kem/hqc128/pqclean/gf.c ****     size_t steps = CEIL_DIVIDE(deg_x - (PARAM_M - 1), PARAM_GF_POLY_M2);
  38:/home/reo/Documents/Repository/sca-2026/lib/crypto_kem/hqc128/pqclean/gf.c **** 
  39:/home/reo/Documents/Repository/sca-2026/lib/crypto_kem/hqc128/pqclean/gf.c ****     // Reduce
  40:/home/reo/Documents/Repository/sca-2026/lib/crypto_kem/hqc128/pqclean/gf.c ****     for (size_t i = 0; i < steps; ++i) {
  41:/home/reo/Documents/Repository/sca-2026/lib/crypto_kem/hqc128/pqclean/gf.c ****         mod = x >> PARAM_M;
  42:/home/reo/Documents/Repository/sca-2026/lib/crypto_kem/hqc128/pqclean/gf.c ****         x &= (1 << PARAM_M) - 1;
  43:/home/reo/Documents/Repository/sca-2026/lib/crypto_kem/hqc128/pqclean/gf.c ****         x ^= mod;
  44:/home/reo/Documents/Repository/sca-2026/lib/crypto_kem/hqc128/pqclean/gf.c **** 
  45:/home/reo/Documents/Repository/sca-2026/lib/crypto_kem/hqc128/pqclean/gf.c ****         z1 = 0;
  46:/home/reo/Documents/Repository/sca-2026/lib/crypto_kem/hqc128/pqclean/gf.c ****         rmdr = PARAM_GF_POLY ^ 1;
  47:/home/reo/Documents/Repository/sca-2026/lib/crypto_kem/hqc128/pqclean/gf.c ****         for (size_t j = PARAM_GF_POLY_WT - 2; j; --j) {
  48:/home/reo/Documents/Repository/sca-2026/lib/crypto_kem/hqc128/pqclean/gf.c ****             z2 = trailing_zero_bits_count(rmdr);
  49:/home/reo/Documents/Repository/sca-2026/lib/crypto_kem/hqc128/pqclean/gf.c ****             dist = z2 - z1;
  50:/home/reo/Documents/Repository/sca-2026/lib/crypto_kem/hqc128/pqclean/gf.c ****             mod <<= dist;
  51:/home/reo/Documents/Repository/sca-2026/lib/crypto_kem/hqc128/pqclean/gf.c ****             x ^= mod;
  52:/home/reo/Documents/Repository/sca-2026/lib/crypto_kem/hqc128/pqclean/gf.c ****             rmdr ^= 1 << z2;
  53:/home/reo/Documents/Repository/sca-2026/lib/crypto_kem/hqc128/pqclean/gf.c ****             z1 = z2;
  54:/home/reo/Documents/Repository/sca-2026/lib/crypto_kem/hqc128/pqclean/gf.c ****         }
  55:/home/reo/Documents/Repository/sca-2026/lib/crypto_kem/hqc128/pqclean/gf.c ****     }
  56:/home/reo/Documents/Repository/sca-2026/lib/crypto_kem/hqc128/pqclean/gf.c **** 
  57:/home/reo/Documents/Repository/sca-2026/lib/crypto_kem/hqc128/pqclean/gf.c ****     return (uint16_t)x;
  58:/home/reo/Documents/Repository/sca-2026/lib/crypto_kem/hqc128/pqclean/gf.c **** }
  59:/home/reo/Documents/Repository/sca-2026/lib/crypto_kem/hqc128/pqclean/gf.c **** 
  60:/home/reo/Documents/Repository/sca-2026/lib/crypto_kem/hqc128/pqclean/gf.c **** /**
  61:/home/reo/Documents/Repository/sca-2026/lib/crypto_kem/hqc128/pqclean/gf.c ****  * Carryless multiplication of two polynomials a and b.
  62:/home/reo/Documents/Repository/sca-2026/lib/crypto_kem/hqc128/pqclean/gf.c ****  *
  63:/home/reo/Documents/Repository/sca-2026/lib/crypto_kem/hqc128/pqclean/gf.c ****  * Implementation of the algorithm mul1 in https://hal.inria.fr/inria-00188261v4/document
  64:/home/reo/Documents/Repository/sca-2026/lib/crypto_kem/hqc128/pqclean/gf.c ****  * with s = 2 and w = 8
  65:/home/reo/Documents/Repository/sca-2026/lib/crypto_kem/hqc128/pqclean/gf.c ****  *
  66:/home/reo/Documents/Repository/sca-2026/lib/crypto_kem/hqc128/pqclean/gf.c ****  * @param[out] The polynomial c = a * b
  67:/home/reo/Documents/Repository/sca-2026/lib/crypto_kem/hqc128/pqclean/gf.c ****  * @param[in] a The first polynomial
  68:/home/reo/Documents/Repository/sca-2026/lib/crypto_kem/hqc128/pqclean/gf.c ****  * @param[in] b The second polynomial
  69:/home/reo/Documents/Repository/sca-2026/lib/crypto_kem/hqc128/pqclean/gf.c ****  */
  70:/home/reo/Documents/Repository/sca-2026/lib/crypto_kem/hqc128/pqclean/gf.c **** static void gf_carryless_mul(uint8_t c[2], uint8_t a, uint8_t b) {
  71:/home/reo/Documents/Repository/sca-2026/lib/crypto_kem/hqc128/pqclean/gf.c ****     uint16_t h = 0, l = 0, g = 0, u[4];
  72:/home/reo/Documents/Repository/sca-2026/lib/crypto_kem/hqc128/pqclean/gf.c ****     uint32_t tmp1, tmp2;
  73:/home/reo/Documents/Repository/sca-2026/lib/crypto_kem/hqc128/pqclean/gf.c ****     uint16_t mask;
  74:/home/reo/Documents/Repository/sca-2026/lib/crypto_kem/hqc128/pqclean/gf.c ****     u[0] = 0;
  75:/home/reo/Documents/Repository/sca-2026/lib/crypto_kem/hqc128/pqclean/gf.c ****     u[1] = b & 0x7F;
  76:/home/reo/Documents/Repository/sca-2026/lib/crypto_kem/hqc128/pqclean/gf.c ****     u[2] = u[1] << 1;
  77:/home/reo/Documents/Repository/sca-2026/lib/crypto_kem/hqc128/pqclean/gf.c ****     u[3] = u[2] ^ u[1];
  78:/home/reo/Documents/Repository/sca-2026/lib/crypto_kem/hqc128/pqclean/gf.c ****     tmp1 = a & 3;
  79:/home/reo/Documents/Repository/sca-2026/lib/crypto_kem/hqc128/pqclean/gf.c **** 
  80:/home/reo/Documents/Repository/sca-2026/lib/crypto_kem/hqc128/pqclean/gf.c ****     for (size_t i = 0; i < 4; i++) {
  81:/home/reo/Documents/Repository/sca-2026/lib/crypto_kem/hqc128/pqclean/gf.c ****         tmp2 = (uint32_t)(tmp1 - i);
  82:/home/reo/Documents/Repository/sca-2026/lib/crypto_kem/hqc128/pqclean/gf.c ****         g ^= (u[i] & (uint32_t)(0 - (1 - ((uint32_t)(tmp2 | (0 - tmp2)) >> 31))));
  83:/home/reo/Documents/Repository/sca-2026/lib/crypto_kem/hqc128/pqclean/gf.c ****     }
  84:/home/reo/Documents/Repository/sca-2026/lib/crypto_kem/hqc128/pqclean/gf.c **** 
  85:/home/reo/Documents/Repository/sca-2026/lib/crypto_kem/hqc128/pqclean/gf.c ****     l = g;
  86:/home/reo/Documents/Repository/sca-2026/lib/crypto_kem/hqc128/pqclean/gf.c ****     h = 0;
  87:/home/reo/Documents/Repository/sca-2026/lib/crypto_kem/hqc128/pqclean/gf.c **** 
  88:/home/reo/Documents/Repository/sca-2026/lib/crypto_kem/hqc128/pqclean/gf.c ****     for (size_t i = 2; i < 8; i += 2) {
  89:/home/reo/Documents/Repository/sca-2026/lib/crypto_kem/hqc128/pqclean/gf.c ****         g = 0;
  90:/home/reo/Documents/Repository/sca-2026/lib/crypto_kem/hqc128/pqclean/gf.c ****         tmp1 = (a >> i) & 3;
  91:/home/reo/Documents/Repository/sca-2026/lib/crypto_kem/hqc128/pqclean/gf.c ****         for (size_t j = 0; j < 4; ++j) {
  92:/home/reo/Documents/Repository/sca-2026/lib/crypto_kem/hqc128/pqclean/gf.c ****             tmp2 = (uint32_t)(tmp1 - j);
  93:/home/reo/Documents/Repository/sca-2026/lib/crypto_kem/hqc128/pqclean/gf.c ****             g ^= (u[j] & (uint32_t)(0 - (1 - ((uint32_t)(tmp2 | (0 - tmp2)) >> 31))));
  94:/home/reo/Documents/Repository/sca-2026/lib/crypto_kem/hqc128/pqclean/gf.c ****         }
  95:/home/reo/Documents/Repository/sca-2026/lib/crypto_kem/hqc128/pqclean/gf.c **** 
  96:/home/reo/Documents/Repository/sca-2026/lib/crypto_kem/hqc128/pqclean/gf.c ****         l ^= g << i;
  97:/home/reo/Documents/Repository/sca-2026/lib/crypto_kem/hqc128/pqclean/gf.c ****         h ^= g >> (8 - i);
  98:/home/reo/Documents/Repository/sca-2026/lib/crypto_kem/hqc128/pqclean/gf.c ****     }
  99:/home/reo/Documents/Repository/sca-2026/lib/crypto_kem/hqc128/pqclean/gf.c **** 
 100:/home/reo/Documents/Repository/sca-2026/lib/crypto_kem/hqc128/pqclean/gf.c ****     mask = (-((b >> 7) & 1));
 101:/home/reo/Documents/Repository/sca-2026/lib/crypto_kem/hqc128/pqclean/gf.c ****     l ^= ((a << 7) & mask);
 102:/home/reo/Documents/Repository/sca-2026/lib/crypto_kem/hqc128/pqclean/gf.c ****     h ^= ((a >> 1) & mask);
 103:/home/reo/Documents/Repository/sca-2026/lib/crypto_kem/hqc128/pqclean/gf.c **** 
 104:/home/reo/Documents/Repository/sca-2026/lib/crypto_kem/hqc128/pqclean/gf.c ****     c[0] = (uint8_t)l;
 105:/home/reo/Documents/Repository/sca-2026/lib/crypto_kem/hqc128/pqclean/gf.c ****     c[1] = (uint8_t)h;
 106:/home/reo/Documents/Repository/sca-2026/lib/crypto_kem/hqc128/pqclean/gf.c **** }
 107:/home/reo/Documents/Repository/sca-2026/lib/crypto_kem/hqc128/pqclean/gf.c **** 
 108:/home/reo/Documents/Repository/sca-2026/lib/crypto_kem/hqc128/pqclean/gf.c **** /**
 109:/home/reo/Documents/Repository/sca-2026/lib/crypto_kem/hqc128/pqclean/gf.c ****  * Multiplies two elements of GF(2^GF_M).
 110:/home/reo/Documents/Repository/sca-2026/lib/crypto_kem/hqc128/pqclean/gf.c ****  * @returns the product a*b
 111:/home/reo/Documents/Repository/sca-2026/lib/crypto_kem/hqc128/pqclean/gf.c ****  * @param[in] a Element of GF(2^GF_M)
 112:/home/reo/Documents/Repository/sca-2026/lib/crypto_kem/hqc128/pqclean/gf.c ****  * @param[in] b Element of GF(2^GF_M)
 113:/home/reo/Documents/Repository/sca-2026/lib/crypto_kem/hqc128/pqclean/gf.c ****  */
 114:/home/reo/Documents/Repository/sca-2026/lib/crypto_kem/hqc128/pqclean/gf.c **** uint16_t PQCLEAN_HQC128_CLEAN_gf_mul(uint16_t a, uint16_t b) {
  29              		.loc 1 114 62 view -0
  30              		.cfi_startproc
  31              		@ args = 0, pretend = 0, frame = 0
  32              		@ frame_needed = 0, uses_anonymous_args = 0
 115:/home/reo/Documents/Repository/sca-2026/lib/crypto_kem/hqc128/pqclean/gf.c ****     uint8_t c[2] = {0};
  33              		.loc 1 115 5 view .LVU1
 116:/home/reo/Documents/Repository/sca-2026/lib/crypto_kem/hqc128/pqclean/gf.c ****     gf_carryless_mul(c, (uint8_t) a, (uint8_t) b);
  34              		.loc 1 116 5 view .LVU2
 114:/home/reo/Documents/Repository/sca-2026/lib/crypto_kem/hqc128/pqclean/gf.c ****     uint8_t c[2] = {0};
  35              		.loc 1 114 62 is_stmt 0 view .LVU3
  36 0000 2DE9F043 		push	{r4, r5, r6, r7, r8, r9, lr}
  37              	.LCFI0:
  38              		.cfi_def_cfa_offset 28
  39              		.cfi_offset 4, -28
  40              		.cfi_offset 5, -24
  41              		.cfi_offset 6, -20
  42              		.cfi_offset 7, -16
  43              		.cfi_offset 8, -12
  44              		.cfi_offset 9, -8
  45              		.cfi_offset 14, -4
  46              	.LBB24:
  47              	.LBB25:
  48              	.LBB26:
  90:/home/reo/Documents/Repository/sca-2026/lib/crypto_kem/hqc128/pqclean/gf.c ****         for (size_t j = 0; j < 4; ++j) {
  49              		.loc 1 90 14 view .LVU4
  50 0004 C0F38109 		ubfx	r9, r0, #2, #2
  51 0008 C0F30118 		ubfx	r8, r0, #4, #2
  52              	.LBB27:
  93:/home/reo/Documents/Repository/sca-2026/lib/crypto_kem/hqc128/pqclean/gf.c ****         }
  53              		.loc 1 93 68 view .LVU5
  54 000c C9F10202 		rsb	r2, r9, #2
  92:/home/reo/Documents/Repository/sca-2026/lib/crypto_kem/hqc128/pqclean/gf.c ****             g ^= (u[j] & (uint32_t)(0 - (1 - ((uint32_t)(tmp2 | (0 - tmp2)) >> 31))));
  55              		.loc 1 92 18 view .LVU6
  56 0010 A9F10203 		sub	r3, r9, #2
  93:/home/reo/Documents/Repository/sca-2026/lib/crypto_kem/hqc128/pqclean/gf.c ****         }
  57              		.loc 1 93 68 view .LVU7
  58 0014 C8F10204 		rsb	r4, r8, #2
  93:/home/reo/Documents/Repository/sca-2026/lib/crypto_kem/hqc128/pqclean/gf.c ****         }
  59              		.loc 1 93 47 view .LVU8
  60 0018 1343     		orrs	r3, r3, r2
  92:/home/reo/Documents/Repository/sca-2026/lib/crypto_kem/hqc128/pqclean/gf.c ****             g ^= (u[j] & (uint32_t)(0 - (1 - ((uint32_t)(tmp2 | (0 - tmp2)) >> 31))));
  61              		.loc 1 92 18 view .LVU9
  62 001a A8F10202 		sub	r2, r8, #2
  93:/home/reo/Documents/Repository/sca-2026/lib/crypto_kem/hqc128/pqclean/gf.c ****         }
  63              		.loc 1 93 68 view .LVU10
  64 001e C9F10107 		rsb	r7, r9, #1
  93:/home/reo/Documents/Repository/sca-2026/lib/crypto_kem/hqc128/pqclean/gf.c ****         }
  65              		.loc 1 93 47 view .LVU11
  66 0022 2243     		orrs	r2, r2, r4
  92:/home/reo/Documents/Repository/sca-2026/lib/crypto_kem/hqc128/pqclean/gf.c ****             g ^= (u[j] & (uint32_t)(0 - (1 - ((uint32_t)(tmp2 | (0 - tmp2)) >> 31))));
  67              		.loc 1 92 18 view .LVU12
  68 0024 09F1FF34 		add	r4, r9, #-1
  93:/home/reo/Documents/Repository/sca-2026/lib/crypto_kem/hqc128/pqclean/gf.c ****         }
  69              		.loc 1 93 47 view .LVU13
  70 0028 3C43     		orrs	r4, r4, r7
  93:/home/reo/Documents/Repository/sca-2026/lib/crypto_kem/hqc128/pqclean/gf.c ****         }
  71              		.loc 1 93 77 view .LVU14
  72 002a DB17     		asrs	r3, r3, #31
  73              	.LBE27:
  74              	.LBE26:
  75              	.LBE25:
  76              	.LBE24:
 114:/home/reo/Documents/Repository/sca-2026/lib/crypto_kem/hqc128/pqclean/gf.c ****     uint8_t c[2] = {0};
  77              		.loc 1 114 62 view .LVU15
  78 002c 8C46     		mov	ip, r1
  79              	.LBB63:
  80              	.LBB60:
  81              	.LBB43:
  82              	.LBB28:
  93:/home/reo/Documents/Repository/sca-2026/lib/crypto_kem/hqc128/pqclean/gf.c ****         }
  83              		.loc 1 93 24 view .LVU16
  84 002e DB43     		mvns	r3, r3
  85              	.LBE28:
  86              	.LBE43:
  75:/home/reo/Documents/Repository/sca-2026/lib/crypto_kem/hqc128/pqclean/gf.c ****     u[2] = u[1] << 1;
  87              		.loc 1 75 14 view .LVU17
  88 0030 01F07F01 		and	r1, r1, #127
  89              	.LVL1:
  90              	.LBB44:
  91              	.LBB29:
  93:/home/reo/Documents/Repository/sca-2026/lib/crypto_kem/hqc128/pqclean/gf.c ****         }
  92              		.loc 1 93 77 view .LVU18
  93 0034 E417     		asrs	r4, r4, #31
  93:/home/reo/Documents/Repository/sca-2026/lib/crypto_kem/hqc128/pqclean/gf.c ****         }
  94              		.loc 1 93 24 view .LVU19
  95 0036 21EA0404 		bic	r4, r1, r4
  96 003a 03EA4103 		and	r3, r3, r1, lsl #1
  93:/home/reo/Documents/Repository/sca-2026/lib/crypto_kem/hqc128/pqclean/gf.c ****         }
  97              		.loc 1 93 15 view .LVU20
  98 003e 6340     		eors	r3, r3, r4
  93:/home/reo/Documents/Repository/sca-2026/lib/crypto_kem/hqc128/pqclean/gf.c ****         }
  99              		.loc 1 93 68 view .LVU21
 100 0040 C8F10107 		rsb	r7, r8, #1
  92:/home/reo/Documents/Repository/sca-2026/lib/crypto_kem/hqc128/pqclean/gf.c ****             g ^= (u[j] & (uint32_t)(0 - (1 - ((uint32_t)(tmp2 | (0 - tmp2)) >> 31))));
 101              		.loc 1 92 18 view .LVU22
 102 0044 08F1FF34 		add	r4, r8, #-1
  93:/home/reo/Documents/Repository/sca-2026/lib/crypto_kem/hqc128/pqclean/gf.c ****         }
 103              		.loc 1 93 47 view .LVU23
 104 0048 3C43     		orrs	r4, r4, r7
  93:/home/reo/Documents/Repository/sca-2026/lib/crypto_kem/hqc128/pqclean/gf.c ****         }
 105              		.loc 1 93 77 view .LVU24
 106 004a D217     		asrs	r2, r2, #31
  93:/home/reo/Documents/Repository/sca-2026/lib/crypto_kem/hqc128/pqclean/gf.c ****         }
 107              		.loc 1 93 24 view .LVU25
 108 004c D243     		mvns	r2, r2
  93:/home/reo/Documents/Repository/sca-2026/lib/crypto_kem/hqc128/pqclean/gf.c ****         }
 109              		.loc 1 93 77 view .LVU26
 110 004e E417     		asrs	r4, r4, #31
 111              	.LBE29:
 112              	.LBE44:
  78:/home/reo/Documents/Repository/sca-2026/lib/crypto_kem/hqc128/pqclean/gf.c **** 
 113              		.loc 1 78 10 view .LVU27
 114 0050 00F00306 		and	r6, r0, #3
 115              	.LBB45:
 116              	.LBB30:
  93:/home/reo/Documents/Repository/sca-2026/lib/crypto_kem/hqc128/pqclean/gf.c ****         }
 117              		.loc 1 93 24 view .LVU28
 118 0054 21EA0404 		bic	r4, r1, r4
 119 0058 02EA4102 		and	r2, r2, r1, lsl #1
  93:/home/reo/Documents/Repository/sca-2026/lib/crypto_kem/hqc128/pqclean/gf.c ****         }
 120              		.loc 1 93 15 view .LVU29
 121 005c 6240     		eors	r2, r2, r4
 122              	.LBE30:
 123              	.LBE45:
 124              	.LBB46:
  81:/home/reo/Documents/Repository/sca-2026/lib/crypto_kem/hqc128/pqclean/gf.c ****         g ^= (u[i] & (uint32_t)(0 - (1 - ((uint32_t)(tmp2 | (0 - tmp2)) >> 31))));
 125              		.loc 1 81 14 view .LVU30
 126 005e B71E     		subs	r7, r6, #2
  82:/home/reo/Documents/Repository/sca-2026/lib/crypto_kem/hqc128/pqclean/gf.c ****     }
 127              		.loc 1 82 64 view .LVU31
 128 0060 C6F10204 		rsb	r4, r6, #2
  82:/home/reo/Documents/Repository/sca-2026/lib/crypto_kem/hqc128/pqclean/gf.c ****     }
 129              		.loc 1 82 43 view .LVU32
 130 0064 2743     		orrs	r7, r7, r4
 131              	.LBE46:
 132              	.LBB47:
 133              	.LBB31:
  92:/home/reo/Documents/Repository/sca-2026/lib/crypto_kem/hqc128/pqclean/gf.c ****             g ^= (u[j] & (uint32_t)(0 - (1 - ((uint32_t)(tmp2 | (0 - tmp2)) >> 31))));
 134              		.loc 1 92 18 view .LVU33
 135 0066 A9F10304 		sub	r4, r9, #3
  93:/home/reo/Documents/Repository/sca-2026/lib/crypto_kem/hqc128/pqclean/gf.c ****         }
 136              		.loc 1 93 68 view .LVU34
 137 006a C9F10309 		rsb	r9, r9, #3
  93:/home/reo/Documents/Repository/sca-2026/lib/crypto_kem/hqc128/pqclean/gf.c ****         }
 138              		.loc 1 93 47 view .LVU35
 139 006e 44EA0904 		orr	r4, r4, r9
 140              	.LBE31:
 141              	.LBE47:
  77:/home/reo/Documents/Repository/sca-2026/lib/crypto_kem/hqc128/pqclean/gf.c ****     tmp1 = a & 3;
 142              		.loc 1 77 10 view .LVU36
 143 0072 81EA4105 		eor	r5, r1, r1, lsl #1
 144              	.LBB48:
 145              	.LBB32:
  93:/home/reo/Documents/Repository/sca-2026/lib/crypto_kem/hqc128/pqclean/gf.c ****         }
 146              		.loc 1 93 77 view .LVU37
 147 0076 E417     		asrs	r4, r4, #31
  93:/home/reo/Documents/Repository/sca-2026/lib/crypto_kem/hqc128/pqclean/gf.c ****         }
 148              		.loc 1 93 24 view .LVU38
 149 0078 25EA0404 		bic	r4, r5, r4
  93:/home/reo/Documents/Repository/sca-2026/lib/crypto_kem/hqc128/pqclean/gf.c ****         }
 150              		.loc 1 93 15 view .LVU39
 151 007c 5C40     		eors	r4, r4, r3
  92:/home/reo/Documents/Repository/sca-2026/lib/crypto_kem/hqc128/pqclean/gf.c ****             g ^= (u[j] & (uint32_t)(0 - (1 - ((uint32_t)(tmp2 | (0 - tmp2)) >> 31))));
 152              		.loc 1 92 18 view .LVU40
 153 007e A8F10303 		sub	r3, r8, #3
  93:/home/reo/Documents/Repository/sca-2026/lib/crypto_kem/hqc128/pqclean/gf.c ****         }
 154              		.loc 1 93 68 view .LVU41
 155 0082 C8F10308 		rsb	r8, r8, #3
  93:/home/reo/Documents/Repository/sca-2026/lib/crypto_kem/hqc128/pqclean/gf.c ****         }
 156              		.loc 1 93 47 view .LVU42
 157 0086 43EA0803 		orr	r3, r3, r8
  93:/home/reo/Documents/Repository/sca-2026/lib/crypto_kem/hqc128/pqclean/gf.c ****         }
 158              		.loc 1 93 77 view .LVU43
 159 008a DB17     		asrs	r3, r3, #31
  93:/home/reo/Documents/Repository/sca-2026/lib/crypto_kem/hqc128/pqclean/gf.c ****         }
 160              		.loc 1 93 24 view .LVU44
 161 008c 25EA0303 		bic	r3, r5, r3
 162              	.LBE32:
 163              	.LBE48:
 164              	.LBE60:
 165              	.LBE63:
 166              		.loc 1 116 5 view .LVU45
 167 0090 5FFA80FE 		uxtb	lr, r0
 168              	.LVL2:
 169              	.LBB64:
 170              	.LBI24:
  70:/home/reo/Documents/Repository/sca-2026/lib/crypto_kem/hqc128/pqclean/gf.c ****     uint16_t h = 0, l = 0, g = 0, u[4];
 171              		.loc 1 70 13 is_stmt 1 view .LVU46
 172              	.LBB61:
  71:/home/reo/Documents/Repository/sca-2026/lib/crypto_kem/hqc128/pqclean/gf.c ****     uint32_t tmp1, tmp2;
 173              		.loc 1 71 5 view .LVU47
  72:/home/reo/Documents/Repository/sca-2026/lib/crypto_kem/hqc128/pqclean/gf.c ****     uint16_t mask;
 174              		.loc 1 72 5 view .LVU48
  73:/home/reo/Documents/Repository/sca-2026/lib/crypto_kem/hqc128/pqclean/gf.c ****     u[0] = 0;
 175              		.loc 1 73 5 view .LVU49
  74:/home/reo/Documents/Repository/sca-2026/lib/crypto_kem/hqc128/pqclean/gf.c ****     u[1] = b & 0x7F;
 176              		.loc 1 74 5 view .LVU50
  75:/home/reo/Documents/Repository/sca-2026/lib/crypto_kem/hqc128/pqclean/gf.c ****     u[2] = u[1] << 1;
 177              		.loc 1 75 5 view .LVU51
  76:/home/reo/Documents/Repository/sca-2026/lib/crypto_kem/hqc128/pqclean/gf.c ****     u[3] = u[2] ^ u[1];
 178              		.loc 1 76 5 view .LVU52
  77:/home/reo/Documents/Repository/sca-2026/lib/crypto_kem/hqc128/pqclean/gf.c ****     tmp1 = a & 3;
 179              		.loc 1 77 5 view .LVU53
  78:/home/reo/Documents/Repository/sca-2026/lib/crypto_kem/hqc128/pqclean/gf.c **** 
 180              		.loc 1 78 5 view .LVU54
  80:/home/reo/Documents/Repository/sca-2026/lib/crypto_kem/hqc128/pqclean/gf.c ****         tmp2 = (uint32_t)(tmp1 - i);
 181              		.loc 1 80 5 view .LVU55
 182              	.LBB49:
  80:/home/reo/Documents/Repository/sca-2026/lib/crypto_kem/hqc128/pqclean/gf.c ****         tmp2 = (uint32_t)(tmp1 - i);
 183              		.loc 1 80 10 view .LVU56
  80:/home/reo/Documents/Repository/sca-2026/lib/crypto_kem/hqc128/pqclean/gf.c ****         tmp2 = (uint32_t)(tmp1 - i);
 184              		.loc 1 80 24 view .LVU57
  81:/home/reo/Documents/Repository/sca-2026/lib/crypto_kem/hqc128/pqclean/gf.c ****         g ^= (u[i] & (uint32_t)(0 - (1 - ((uint32_t)(tmp2 | (0 - tmp2)) >> 31))));
 185              		.loc 1 81 9 view .LVU58
  82:/home/reo/Documents/Repository/sca-2026/lib/crypto_kem/hqc128/pqclean/gf.c ****     }
 186              		.loc 1 82 9 view .LVU59
  80:/home/reo/Documents/Repository/sca-2026/lib/crypto_kem/hqc128/pqclean/gf.c ****         tmp2 = (uint32_t)(tmp1 - i);
 187              		.loc 1 80 31 view .LVU60
  80:/home/reo/Documents/Repository/sca-2026/lib/crypto_kem/hqc128/pqclean/gf.c ****         tmp2 = (uint32_t)(tmp1 - i);
 188              		.loc 1 80 24 view .LVU61
  81:/home/reo/Documents/Repository/sca-2026/lib/crypto_kem/hqc128/pqclean/gf.c ****         g ^= (u[i] & (uint32_t)(0 - (1 - ((uint32_t)(tmp2 | (0 - tmp2)) >> 31))));
 189              		.loc 1 81 9 view .LVU62
  82:/home/reo/Documents/Repository/sca-2026/lib/crypto_kem/hqc128/pqclean/gf.c ****     }
 190              		.loc 1 82 9 view .LVU63
  80:/home/reo/Documents/Repository/sca-2026/lib/crypto_kem/hqc128/pqclean/gf.c ****         tmp2 = (uint32_t)(tmp1 - i);
 191              		.loc 1 80 31 view .LVU64
  80:/home/reo/Documents/Repository/sca-2026/lib/crypto_kem/hqc128/pqclean/gf.c ****         tmp2 = (uint32_t)(tmp1 - i);
 192              		.loc 1 80 24 view .LVU65
  81:/home/reo/Documents/Repository/sca-2026/lib/crypto_kem/hqc128/pqclean/gf.c ****         g ^= (u[i] & (uint32_t)(0 - (1 - ((uint32_t)(tmp2 | (0 - tmp2)) >> 31))));
 193              		.loc 1 81 9 view .LVU66
  82:/home/reo/Documents/Repository/sca-2026/lib/crypto_kem/hqc128/pqclean/gf.c ****     }
 194              		.loc 1 82 9 view .LVU67
  80:/home/reo/Documents/Repository/sca-2026/lib/crypto_kem/hqc128/pqclean/gf.c ****         tmp2 = (uint32_t)(tmp1 - i);
 195              		.loc 1 80 31 view .LVU68
  80:/home/reo/Documents/Repository/sca-2026/lib/crypto_kem/hqc128/pqclean/gf.c ****         tmp2 = (uint32_t)(tmp1 - i);
 196              		.loc 1 80 24 view .LVU69
  81:/home/reo/Documents/Repository/sca-2026/lib/crypto_kem/hqc128/pqclean/gf.c ****         g ^= (u[i] & (uint32_t)(0 - (1 - ((uint32_t)(tmp2 | (0 - tmp2)) >> 31))));
 197              		.loc 1 81 9 view .LVU70
  82:/home/reo/Documents/Repository/sca-2026/lib/crypto_kem/hqc128/pqclean/gf.c ****     }
 198              		.loc 1 82 9 view .LVU71
  80:/home/reo/Documents/Repository/sca-2026/lib/crypto_kem/hqc128/pqclean/gf.c ****         tmp2 = (uint32_t)(tmp1 - i);
 199              		.loc 1 80 31 view .LVU72
  80:/home/reo/Documents/Repository/sca-2026/lib/crypto_kem/hqc128/pqclean/gf.c ****         tmp2 = (uint32_t)(tmp1 - i);
 200              		.loc 1 80 24 view .LVU73
  80:/home/reo/Documents/Repository/sca-2026/lib/crypto_kem/hqc128/pqclean/gf.c ****         tmp2 = (uint32_t)(tmp1 - i);
 201              		.loc 1 80 24 is_stmt 0 view .LVU74
 202              	.LBE49:
 203              	.LBB50:
  89:/home/reo/Documents/Repository/sca-2026/lib/crypto_kem/hqc128/pqclean/gf.c ****         tmp1 = (a >> i) & 3;
 204              		.loc 1 89 9 is_stmt 1 view .LVU75
  90:/home/reo/Documents/Repository/sca-2026/lib/crypto_kem/hqc128/pqclean/gf.c ****         for (size_t j = 0; j < 4; ++j) {
 205              		.loc 1 90 9 view .LVU76
  91:/home/reo/Documents/Repository/sca-2026/lib/crypto_kem/hqc128/pqclean/gf.c ****             tmp2 = (uint32_t)(tmp1 - j);
 206              		.loc 1 91 9 view .LVU77
 207              	.LBB33:
  91:/home/reo/Documents/Repository/sca-2026/lib/crypto_kem/hqc128/pqclean/gf.c ****             tmp2 = (uint32_t)(tmp1 - j);
 208              		.loc 1 91 14 view .LVU78
  91:/home/reo/Documents/Repository/sca-2026/lib/crypto_kem/hqc128/pqclean/gf.c ****             tmp2 = (uint32_t)(tmp1 - j);
 209              		.loc 1 91 28 view .LVU79
  92:/home/reo/Documents/Repository/sca-2026/lib/crypto_kem/hqc128/pqclean/gf.c ****             g ^= (u[j] & (uint32_t)(0 - (1 - ((uint32_t)(tmp2 | (0 - tmp2)) >> 31))));
 210              		.loc 1 92 13 view .LVU80
  93:/home/reo/Documents/Repository/sca-2026/lib/crypto_kem/hqc128/pqclean/gf.c ****         }
 211              		.loc 1 93 13 view .LVU81
  91:/home/reo/Documents/Repository/sca-2026/lib/crypto_kem/hqc128/pqclean/gf.c ****             tmp2 = (uint32_t)(tmp1 - j);
 212              		.loc 1 91 35 view .LVU82
  91:/home/reo/Documents/Repository/sca-2026/lib/crypto_kem/hqc128/pqclean/gf.c ****             tmp2 = (uint32_t)(tmp1 - j);
 213              		.loc 1 91 28 view .LVU83
  92:/home/reo/Documents/Repository/sca-2026/lib/crypto_kem/hqc128/pqclean/gf.c ****             g ^= (u[j] & (uint32_t)(0 - (1 - ((uint32_t)(tmp2 | (0 - tmp2)) >> 31))));
 214              		.loc 1 92 13 view .LVU84
  93:/home/reo/Documents/Repository/sca-2026/lib/crypto_kem/hqc128/pqclean/gf.c ****         }
 215              		.loc 1 93 13 view .LVU85
  91:/home/reo/Documents/Repository/sca-2026/lib/crypto_kem/hqc128/pqclean/gf.c ****             tmp2 = (uint32_t)(tmp1 - j);
 216              		.loc 1 91 35 view .LVU86
  91:/home/reo/Documents/Repository/sca-2026/lib/crypto_kem/hqc128/pqclean/gf.c ****             tmp2 = (uint32_t)(tmp1 - j);
 217              		.loc 1 91 28 view .LVU87
  92:/home/reo/Documents/Repository/sca-2026/lib/crypto_kem/hqc128/pqclean/gf.c ****             g ^= (u[j] & (uint32_t)(0 - (1 - ((uint32_t)(tmp2 | (0 - tmp2)) >> 31))));
 218              		.loc 1 92 13 view .LVU88
  93:/home/reo/Documents/Repository/sca-2026/lib/crypto_kem/hqc128/pqclean/gf.c ****         }
 219              		.loc 1 93 13 view .LVU89
  91:/home/reo/Documents/Repository/sca-2026/lib/crypto_kem/hqc128/pqclean/gf.c ****             tmp2 = (uint32_t)(tmp1 - j);
 220              		.loc 1 91 35 view .LVU90
  91:/home/reo/Documents/Repository/sca-2026/lib/crypto_kem/hqc128/pqclean/gf.c ****             tmp2 = (uint32_t)(tmp1 - j);
 221              		.loc 1 91 28 view .LVU91
  92:/home/reo/Documents/Repository/sca-2026/lib/crypto_kem/hqc128/pqclean/gf.c ****             g ^= (u[j] & (uint32_t)(0 - (1 - ((uint32_t)(tmp2 | (0 - tmp2)) >> 31))));
 222              		.loc 1 92 13 view .LVU92
  93:/home/reo/Documents/Repository/sca-2026/lib/crypto_kem/hqc128/pqclean/gf.c ****         }
 223              		.loc 1 93 13 view .LVU93
  91:/home/reo/Documents/Repository/sca-2026/lib/crypto_kem/hqc128/pqclean/gf.c ****             tmp2 = (uint32_t)(tmp1 - j);
 224              		.loc 1 91 35 view .LVU94
  91:/home/reo/Documents/Repository/sca-2026/lib/crypto_kem/hqc128/pqclean/gf.c ****             tmp2 = (uint32_t)(tmp1 - j);
 225              		.loc 1 91 28 view .LVU95
 226              	.LBE33:
  96:/home/reo/Documents/Repository/sca-2026/lib/crypto_kem/hqc128/pqclean/gf.c ****         h ^= g >> (8 - i);
 227              		.loc 1 96 9 view .LVU96
 228              	.LBB34:
  93:/home/reo/Documents/Repository/sca-2026/lib/crypto_kem/hqc128/pqclean/gf.c ****         }
 229              		.loc 1 93 15 is_stmt 0 view .LVU97
 230 0094 5340     		eors	r3, r3, r2
 231              	.LBE34:
  90:/home/reo/Documents/Repository/sca-2026/lib/crypto_kem/hqc128/pqclean/gf.c ****         for (size_t j = 0; j < 4; ++j) {
 232              		.loc 1 90 19 view .LVU98
 233 0096 C0F38110 		ubfx	r0, r0, #6, #2
 234              	.LVL3:
  96:/home/reo/Documents/Repository/sca-2026/lib/crypto_kem/hqc128/pqclean/gf.c ****         h ^= g >> (8 - i);
 235              		.loc 1 96 16 view .LVU99
 236 009a 9AB2     		uxth	r2, r3
 237              	.LBB35:
  92:/home/reo/Documents/Repository/sca-2026/lib/crypto_kem/hqc128/pqclean/gf.c ****             g ^= (u[j] & (uint32_t)(0 - (1 - ((uint32_t)(tmp2 | (0 - tmp2)) >> 31))));
 238              		.loc 1 92 18 view .LVU100
 239 009c A0F10208 		sub	r8, r0, #2
  93:/home/reo/Documents/Repository/sca-2026/lib/crypto_kem/hqc128/pqclean/gf.c ****         }
 240              		.loc 1 93 68 view .LVU101
 241 00a0 C0F10203 		rsb	r3, r0, #2
 242              	.LBE35:
 243              	.LBE50:
 244              	.LBB51:
  82:/home/reo/Documents/Repository/sca-2026/lib/crypto_kem/hqc128/pqclean/gf.c ****     }
 245              		.loc 1 82 64 view .LVU102
 246 00a4 C6F10109 		rsb	r9, r6, #1
 247              	.LBE51:
 248              	.LBB52:
 249              	.LBB36:
  93:/home/reo/Documents/Repository/sca-2026/lib/crypto_kem/hqc128/pqclean/gf.c ****         }
 250              		.loc 1 93 47 view .LVU103
 251 00a8 48EA0308 		orr	r8, r8, r3
 252              	.LBE36:
 253              	.LBE52:
 254              	.LBB53:
  81:/home/reo/Documents/Repository/sca-2026/lib/crypto_kem/hqc128/pqclean/gf.c ****         g ^= (u[i] & (uint32_t)(0 - (1 - ((uint32_t)(tmp2 | (0 - tmp2)) >> 31))));
 255              		.loc 1 81 14 view .LVU104
 256 00ac 731E     		subs	r3, r6, #1
  82:/home/reo/Documents/Repository/sca-2026/lib/crypto_kem/hqc128/pqclean/gf.c ****     }
 257              		.loc 1 82 43 view .LVU105
 258 00ae 43EA0903 		orr	r3, r3, r9
 259              	.LVL4:
  82:/home/reo/Documents/Repository/sca-2026/lib/crypto_kem/hqc128/pqclean/gf.c ****     }
 260              		.loc 1 82 73 view .LVU106
 261 00b2 FF17     		asrs	r7, r7, #31
 262              	.LVL5:
  82:/home/reo/Documents/Repository/sca-2026/lib/crypto_kem/hqc128/pqclean/gf.c ****     }
 263              		.loc 1 82 20 view .LVU107
 264 00b4 FF43     		mvns	r7, r7
  82:/home/reo/Documents/Repository/sca-2026/lib/crypto_kem/hqc128/pqclean/gf.c ****     }
 265              		.loc 1 82 73 view .LVU108
 266 00b6 DB17     		asrs	r3, r3, #31
 267              	.LVL6:
  82:/home/reo/Documents/Repository/sca-2026/lib/crypto_kem/hqc128/pqclean/gf.c ****     }
 268              		.loc 1 82 20 view .LVU109
 269 00b8 07EA4107 		and	r7, r7, r1, lsl #1
 270 00bc 21EA0303 		bic	r3, r1, r3
 271              	.LBE53:
 272              	.LBB54:
 273              	.LBB37:
  93:/home/reo/Documents/Repository/sca-2026/lib/crypto_kem/hqc128/pqclean/gf.c ****         }
 274              		.loc 1 93 68 view .LVU110
 275 00c0 C0F10109 		rsb	r9, r0, #1
 276              	.LBE37:
  96:/home/reo/Documents/Repository/sca-2026/lib/crypto_kem/hqc128/pqclean/gf.c ****         h ^= g >> (8 - i);
 277              		.loc 1 96 11 view .LVU111
 278 00c4 7B40     		eors	r3, r3, r7
 279              	.LBB38:
  92:/home/reo/Documents/Repository/sca-2026/lib/crypto_kem/hqc128/pqclean/gf.c ****             g ^= (u[j] & (uint32_t)(0 - (1 - ((uint32_t)(tmp2 | (0 - tmp2)) >> 31))));
 280              		.loc 1 92 18 view .LVU112
 281 00c6 471E     		subs	r7, r0, #1
  93:/home/reo/Documents/Repository/sca-2026/lib/crypto_kem/hqc128/pqclean/gf.c ****         }
 282              		.loc 1 93 47 view .LVU113
 283 00c8 47EA0907 		orr	r7, r7, r9
  93:/home/reo/Documents/Repository/sca-2026/lib/crypto_kem/hqc128/pqclean/gf.c ****         }
 284              		.loc 1 93 77 view .LVU114
 285 00cc 4FEAE878 		asr	r8, r8, #31
 286 00d0 FF17     		asrs	r7, r7, #31
  93:/home/reo/Documents/Repository/sca-2026/lib/crypto_kem/hqc128/pqclean/gf.c ****         }
 287              		.loc 1 93 24 view .LVU115
 288 00d2 6FEA0808 		mvn	r8, r8
 289 00d6 08EA4108 		and	r8, r8, r1, lsl #1
 290 00da 21EA0701 		bic	r1, r1, r7
 291              	.LVL7:
  93:/home/reo/Documents/Repository/sca-2026/lib/crypto_kem/hqc128/pqclean/gf.c ****         }
 292              		.loc 1 93 24 view .LVU116
 293              	.LBE38:
 294              	.LBE54:
 295              	.LBB55:
  81:/home/reo/Documents/Repository/sca-2026/lib/crypto_kem/hqc128/pqclean/gf.c ****         g ^= (u[i] & (uint32_t)(0 - (1 - ((uint32_t)(tmp2 | (0 - tmp2)) >> 31))));
 296              		.loc 1 81 14 view .LVU117
 297 00de F71E     		subs	r7, r6, #3
 298              	.LVL8:
  82:/home/reo/Documents/Repository/sca-2026/lib/crypto_kem/hqc128/pqclean/gf.c ****     }
 299              		.loc 1 82 64 view .LVU118
 300 00e0 C6F10306 		rsb	r6, r6, #3
 301              	.LVL9:
  82:/home/reo/Documents/Repository/sca-2026/lib/crypto_kem/hqc128/pqclean/gf.c ****     }
 302              		.loc 1 82 43 view .LVU119
 303 00e4 3E43     		orrs	r6, r6, r7
 304              	.LVL10:
  82:/home/reo/Documents/Repository/sca-2026/lib/crypto_kem/hqc128/pqclean/gf.c ****     }
 305              		.loc 1 82 73 view .LVU120
 306 00e6 F617     		asrs	r6, r6, #31
  82:/home/reo/Documents/Repository/sca-2026/lib/crypto_kem/hqc128/pqclean/gf.c ****     }
 307              		.loc 1 82 20 view .LVU121
 308 00e8 25EA0606 		bic	r6, r5, r6
 309              	.LBE55:
 310              	.LBB56:
  96:/home/reo/Documents/Repository/sca-2026/lib/crypto_kem/hqc128/pqclean/gf.c ****         h ^= g >> (8 - i);
 311              		.loc 1 96 16 view .LVU122
 312 00ec A4B2     		uxth	r4, r4
 313              	.LVL11:
  97:/home/reo/Documents/Repository/sca-2026/lib/crypto_kem/hqc128/pqclean/gf.c ****     }
 314              		.loc 1 97 9 is_stmt 1 view .LVU123
  88:/home/reo/Documents/Repository/sca-2026/lib/crypto_kem/hqc128/pqclean/gf.c ****         g = 0;
 315              		.loc 1 88 31 view .LVU124
  88:/home/reo/Documents/Repository/sca-2026/lib/crypto_kem/hqc128/pqclean/gf.c ****         g = 0;
 316              		.loc 1 88 24 view .LVU125
  89:/home/reo/Documents/Repository/sca-2026/lib/crypto_kem/hqc128/pqclean/gf.c ****         tmp1 = (a >> i) & 3;
 317              		.loc 1 89 9 view .LVU126
  90:/home/reo/Documents/Repository/sca-2026/lib/crypto_kem/hqc128/pqclean/gf.c ****         for (size_t j = 0; j < 4; ++j) {
 318              		.loc 1 90 9 view .LVU127
  91:/home/reo/Documents/Repository/sca-2026/lib/crypto_kem/hqc128/pqclean/gf.c ****             tmp2 = (uint32_t)(tmp1 - j);
 319              		.loc 1 91 9 view .LVU128
 320              	.LBB39:
  91:/home/reo/Documents/Repository/sca-2026/lib/crypto_kem/hqc128/pqclean/gf.c ****             tmp2 = (uint32_t)(tmp1 - j);
 321              		.loc 1 91 14 view .LVU129
  91:/home/reo/Documents/Repository/sca-2026/lib/crypto_kem/hqc128/pqclean/gf.c ****             tmp2 = (uint32_t)(tmp1 - j);
 322              		.loc 1 91 28 view .LVU130
  92:/home/reo/Documents/Repository/sca-2026/lib/crypto_kem/hqc128/pqclean/gf.c ****             g ^= (u[j] & (uint32_t)(0 - (1 - ((uint32_t)(tmp2 | (0 - tmp2)) >> 31))));
 323              		.loc 1 92 13 view .LVU131
  93:/home/reo/Documents/Repository/sca-2026/lib/crypto_kem/hqc128/pqclean/gf.c ****         }
 324              		.loc 1 93 13 view .LVU132
  91:/home/reo/Documents/Repository/sca-2026/lib/crypto_kem/hqc128/pqclean/gf.c ****             tmp2 = (uint32_t)(tmp1 - j);
 325              		.loc 1 91 35 view .LVU133
  91:/home/reo/Documents/Repository/sca-2026/lib/crypto_kem/hqc128/pqclean/gf.c ****             tmp2 = (uint32_t)(tmp1 - j);
 326              		.loc 1 91 28 view .LVU134
  92:/home/reo/Documents/Repository/sca-2026/lib/crypto_kem/hqc128/pqclean/gf.c ****             g ^= (u[j] & (uint32_t)(0 - (1 - ((uint32_t)(tmp2 | (0 - tmp2)) >> 31))));
 327              		.loc 1 92 13 view .LVU135
  93:/home/reo/Documents/Repository/sca-2026/lib/crypto_kem/hqc128/pqclean/gf.c ****         }
 328              		.loc 1 93 13 view .LVU136
  91:/home/reo/Documents/Repository/sca-2026/lib/crypto_kem/hqc128/pqclean/gf.c ****             tmp2 = (uint32_t)(tmp1 - j);
 329              		.loc 1 91 35 view .LVU137
  91:/home/reo/Documents/Repository/sca-2026/lib/crypto_kem/hqc128/pqclean/gf.c ****             tmp2 = (uint32_t)(tmp1 - j);
 330              		.loc 1 91 28 view .LVU138
  92:/home/reo/Documents/Repository/sca-2026/lib/crypto_kem/hqc128/pqclean/gf.c ****             g ^= (u[j] & (uint32_t)(0 - (1 - ((uint32_t)(tmp2 | (0 - tmp2)) >> 31))));
 331              		.loc 1 92 13 view .LVU139
  93:/home/reo/Documents/Repository/sca-2026/lib/crypto_kem/hqc128/pqclean/gf.c ****         }
 332              		.loc 1 93 13 view .LVU140
  91:/home/reo/Documents/Repository/sca-2026/lib/crypto_kem/hqc128/pqclean/gf.c ****             tmp2 = (uint32_t)(tmp1 - j);
 333              		.loc 1 91 35 view .LVU141
  91:/home/reo/Documents/Repository/sca-2026/lib/crypto_kem/hqc128/pqclean/gf.c ****             tmp2 = (uint32_t)(tmp1 - j);
 334              		.loc 1 91 28 view .LVU142
  92:/home/reo/Documents/Repository/sca-2026/lib/crypto_kem/hqc128/pqclean/gf.c ****             g ^= (u[j] & (uint32_t)(0 - (1 - ((uint32_t)(tmp2 | (0 - tmp2)) >> 31))));
 335              		.loc 1 92 13 view .LVU143
  93:/home/reo/Documents/Repository/sca-2026/lib/crypto_kem/hqc128/pqclean/gf.c ****         }
 336              		.loc 1 93 13 view .LVU144
  91:/home/reo/Documents/Repository/sca-2026/lib/crypto_kem/hqc128/pqclean/gf.c ****             tmp2 = (uint32_t)(tmp1 - j);
 337              		.loc 1 91 35 view .LVU145
  91:/home/reo/Documents/Repository/sca-2026/lib/crypto_kem/hqc128/pqclean/gf.c ****             tmp2 = (uint32_t)(tmp1 - j);
 338              		.loc 1 91 28 view .LVU146
 339              	.LBE39:
  96:/home/reo/Documents/Repository/sca-2026/lib/crypto_kem/hqc128/pqclean/gf.c ****         h ^= g >> (8 - i);
 340              		.loc 1 96 9 view .LVU147
  97:/home/reo/Documents/Repository/sca-2026/lib/crypto_kem/hqc128/pqclean/gf.c ****     }
 341              		.loc 1 97 9 view .LVU148
  88:/home/reo/Documents/Repository/sca-2026/lib/crypto_kem/hqc128/pqclean/gf.c ****         g = 0;
 342              		.loc 1 88 31 view .LVU149
  88:/home/reo/Documents/Repository/sca-2026/lib/crypto_kem/hqc128/pqclean/gf.c ****         g = 0;
 343              		.loc 1 88 24 view .LVU150
  89:/home/reo/Documents/Repository/sca-2026/lib/crypto_kem/hqc128/pqclean/gf.c ****         tmp1 = (a >> i) & 3;
 344              		.loc 1 89 9 view .LVU151
  90:/home/reo/Documents/Repository/sca-2026/lib/crypto_kem/hqc128/pqclean/gf.c ****         for (size_t j = 0; j < 4; ++j) {
 345              		.loc 1 90 9 view .LVU152
  91:/home/reo/Documents/Repository/sca-2026/lib/crypto_kem/hqc128/pqclean/gf.c ****             tmp2 = (uint32_t)(tmp1 - j);
 346              		.loc 1 91 9 view .LVU153
 347              	.LBB40:
  91:/home/reo/Documents/Repository/sca-2026/lib/crypto_kem/hqc128/pqclean/gf.c ****             tmp2 = (uint32_t)(tmp1 - j);
 348              		.loc 1 91 14 view .LVU154
  91:/home/reo/Documents/Repository/sca-2026/lib/crypto_kem/hqc128/pqclean/gf.c ****             tmp2 = (uint32_t)(tmp1 - j);
 349              		.loc 1 91 28 view .LVU155
  92:/home/reo/Documents/Repository/sca-2026/lib/crypto_kem/hqc128/pqclean/gf.c ****             g ^= (u[j] & (uint32_t)(0 - (1 - ((uint32_t)(tmp2 | (0 - tmp2)) >> 31))));
 350              		.loc 1 92 13 view .LVU156
  93:/home/reo/Documents/Repository/sca-2026/lib/crypto_kem/hqc128/pqclean/gf.c ****         }
 351              		.loc 1 93 13 view .LVU157
  91:/home/reo/Documents/Repository/sca-2026/lib/crypto_kem/hqc128/pqclean/gf.c ****             tmp2 = (uint32_t)(tmp1 - j);
 352              		.loc 1 91 35 view .LVU158
  91:/home/reo/Documents/Repository/sca-2026/lib/crypto_kem/hqc128/pqclean/gf.c ****             tmp2 = (uint32_t)(tmp1 - j);
 353              		.loc 1 91 28 view .LVU159
  92:/home/reo/Documents/Repository/sca-2026/lib/crypto_kem/hqc128/pqclean/gf.c ****             g ^= (u[j] & (uint32_t)(0 - (1 - ((uint32_t)(tmp2 | (0 - tmp2)) >> 31))));
 354              		.loc 1 92 13 view .LVU160
  93:/home/reo/Documents/Repository/sca-2026/lib/crypto_kem/hqc128/pqclean/gf.c ****         }
 355              		.loc 1 93 13 view .LVU161
  91:/home/reo/Documents/Repository/sca-2026/lib/crypto_kem/hqc128/pqclean/gf.c ****             tmp2 = (uint32_t)(tmp1 - j);
 356              		.loc 1 91 35 view .LVU162
  91:/home/reo/Documents/Repository/sca-2026/lib/crypto_kem/hqc128/pqclean/gf.c ****             tmp2 = (uint32_t)(tmp1 - j);
 357              		.loc 1 91 28 view .LVU163
  92:/home/reo/Documents/Repository/sca-2026/lib/crypto_kem/hqc128/pqclean/gf.c ****             g ^= (u[j] & (uint32_t)(0 - (1 - ((uint32_t)(tmp2 | (0 - tmp2)) >> 31))));
 358              		.loc 1 92 13 view .LVU164
  93:/home/reo/Documents/Repository/sca-2026/lib/crypto_kem/hqc128/pqclean/gf.c ****         }
 359              		.loc 1 93 13 view .LVU165
 360              	.LBE40:
  96:/home/reo/Documents/Repository/sca-2026/lib/crypto_kem/hqc128/pqclean/gf.c ****         h ^= g >> (8 - i);
 361              		.loc 1 96 11 is_stmt 0 view .LVU166
 362 00ee 7340     		eors	r3, r3, r6
 363 00f0 83EA8403 		eor	r3, r3, r4, lsl #2
 364 00f4 83EA0213 		eor	r3, r3, r2, lsl #4
  97:/home/reo/Documents/Repository/sca-2026/lib/crypto_kem/hqc128/pqclean/gf.c ****     }
 365              		.loc 1 97 16 view .LVU167
 366 00f8 1211     		asrs	r2, r2, #4
 367              	.LVL12:
  97:/home/reo/Documents/Repository/sca-2026/lib/crypto_kem/hqc128/pqclean/gf.c ****     }
 368              		.loc 1 97 11 view .LVU168
 369 00fa 82EA9414 		eor	r4, r2, r4, lsr #6
 370              	.LBB41:
  92:/home/reo/Documents/Repository/sca-2026/lib/crypto_kem/hqc128/pqclean/gf.c ****             g ^= (u[j] & (uint32_t)(0 - (1 - ((uint32_t)(tmp2 | (0 - tmp2)) >> 31))));
 371              		.loc 1 92 18 view .LVU169
 372 00fe C21E     		subs	r2, r0, #3
  93:/home/reo/Documents/Repository/sca-2026/lib/crypto_kem/hqc128/pqclean/gf.c ****         }
 373              		.loc 1 93 68 view .LVU170
 374 0100 C0F10300 		rsb	r0, r0, #3
 375              	.LVL13:
  93:/home/reo/Documents/Repository/sca-2026/lib/crypto_kem/hqc128/pqclean/gf.c ****         }
 376              		.loc 1 93 47 view .LVU171
 377 0104 0243     		orrs	r2, r2, r0
 378              	.LVL14:
  93:/home/reo/Documents/Repository/sca-2026/lib/crypto_kem/hqc128/pqclean/gf.c ****         }
 379              		.loc 1 93 77 view .LVU172
 380 0106 D217     		asrs	r2, r2, #31
  93:/home/reo/Documents/Repository/sca-2026/lib/crypto_kem/hqc128/pqclean/gf.c ****         }
 381              		.loc 1 93 15 view .LVU173
 382 0108 81EA0801 		eor	r1, r1, r8
 383              	.LVL15:
  91:/home/reo/Documents/Repository/sca-2026/lib/crypto_kem/hqc128/pqclean/gf.c ****             tmp2 = (uint32_t)(tmp1 - j);
 384              		.loc 1 91 35 is_stmt 1 view .LVU174
  91:/home/reo/Documents/Repository/sca-2026/lib/crypto_kem/hqc128/pqclean/gf.c ****             tmp2 = (uint32_t)(tmp1 - j);
 385              		.loc 1 91 28 view .LVU175
  92:/home/reo/Documents/Repository/sca-2026/lib/crypto_kem/hqc128/pqclean/gf.c ****             g ^= (u[j] & (uint32_t)(0 - (1 - ((uint32_t)(tmp2 | (0 - tmp2)) >> 31))));
 386              		.loc 1 92 13 view .LVU176
  93:/home/reo/Documents/Repository/sca-2026/lib/crypto_kem/hqc128/pqclean/gf.c ****         }
 387              		.loc 1 93 13 view .LVU177
  91:/home/reo/Documents/Repository/sca-2026/lib/crypto_kem/hqc128/pqclean/gf.c ****             tmp2 = (uint32_t)(tmp1 - j);
 388              		.loc 1 91 35 view .LVU178
  91:/home/reo/Documents/Repository/sca-2026/lib/crypto_kem/hqc128/pqclean/gf.c ****             tmp2 = (uint32_t)(tmp1 - j);
 389              		.loc 1 91 28 view .LVU179
 390              	.LBE41:
  96:/home/reo/Documents/Repository/sca-2026/lib/crypto_kem/hqc128/pqclean/gf.c ****         h ^= g >> (8 - i);
 391              		.loc 1 96 9 view .LVU180
 392              	.LBB42:
  93:/home/reo/Documents/Repository/sca-2026/lib/crypto_kem/hqc128/pqclean/gf.c ****         }
 393              		.loc 1 93 24 is_stmt 0 view .LVU181
 394 010c 25EA0202 		bic	r2, r5, r2
  93:/home/reo/Documents/Repository/sca-2026/lib/crypto_kem/hqc128/pqclean/gf.c ****         }
 395              		.loc 1 93 15 view .LVU182
 396 0110 4A40     		eors	r2, r2, r1
 397              	.LBE42:
 398              	.LBE56:
 100:/home/reo/Documents/Repository/sca-2026/lib/crypto_kem/hqc128/pqclean/gf.c ****     l ^= ((a << 7) & mask);
 399              		.loc 1 100 10 view .LVU183
 400 0112 4CF3C01C 		sbfx	ip, ip, #7, #1
 401              	.LVL16:
 402              	.LBB57:
  96:/home/reo/Documents/Repository/sca-2026/lib/crypto_kem/hqc128/pqclean/gf.c ****         h ^= g >> (8 - i);
 403              		.loc 1 96 16 view .LVU184
 404 0116 92B2     		uxth	r2, r2
  97:/home/reo/Documents/Repository/sca-2026/lib/crypto_kem/hqc128/pqclean/gf.c ****     }
 405              		.loc 1 97 9 is_stmt 1 view .LVU185
  88:/home/reo/Documents/Repository/sca-2026/lib/crypto_kem/hqc128/pqclean/gf.c ****         g = 0;
 406              		.loc 1 88 31 view .LVU186
 407              	.LVL17:
  88:/home/reo/Documents/Repository/sca-2026/lib/crypto_kem/hqc128/pqclean/gf.c ****         g = 0;
 408              		.loc 1 88 24 view .LVU187
 409              	.LBE57:
 100:/home/reo/Documents/Repository/sca-2026/lib/crypto_kem/hqc128/pqclean/gf.c ****     l ^= ((a << 7) & mask);
 410              		.loc 1 100 5 view .LVU188
 101:/home/reo/Documents/Repository/sca-2026/lib/crypto_kem/hqc128/pqclean/gf.c ****     h ^= ((a >> 1) & mask);
 411              		.loc 1 101 5 view .LVU189
 102:/home/reo/Documents/Repository/sca-2026/lib/crypto_kem/hqc128/pqclean/gf.c **** 
 412              		.loc 1 102 5 view .LVU190
 104:/home/reo/Documents/Repository/sca-2026/lib/crypto_kem/hqc128/pqclean/gf.c ****     c[1] = (uint8_t)h;
 413              		.loc 1 104 5 view .LVU191
 105:/home/reo/Documents/Repository/sca-2026/lib/crypto_kem/hqc128/pqclean/gf.c **** }
 414              		.loc 1 105 5 view .LVU192
 105:/home/reo/Documents/Repository/sca-2026/lib/crypto_kem/hqc128/pqclean/gf.c **** }
 415              		.loc 1 105 5 is_stmt 0 view .LVU193
 416              	.LBE61:
 417              	.LBE64:
 117:/home/reo/Documents/Repository/sca-2026/lib/crypto_kem/hqc128/pqclean/gf.c ****     uint16_t tmp = c[0] ^ (c[1] << 8);
 418              		.loc 1 117 5 is_stmt 1 view .LVU194
 419              	.LBB65:
 420              	.LBB62:
 102:/home/reo/Documents/Repository/sca-2026/lib/crypto_kem/hqc128/pqclean/gf.c **** 
 421              		.loc 1 102 20 is_stmt 0 view .LVU195
 422 0118 0CEA5E01 		and	r1, ip, lr, lsr #1
 423              	.LBB58:
  96:/home/reo/Documents/Repository/sca-2026/lib/crypto_kem/hqc128/pqclean/gf.c ****         h ^= g >> (8 - i);
 424              		.loc 1 96 11 view .LVU196
 425 011c 83EA8213 		eor	r3, r3, r2, lsl #6
 426              	.LBE58:
 101:/home/reo/Documents/Repository/sca-2026/lib/crypto_kem/hqc128/pqclean/gf.c ****     h ^= ((a >> 1) & mask);
 427              		.loc 1 101 20 view .LVU197
 428 0120 0CEACE1C 		and	ip, ip, lr, lsl #7
 429              	.LBB59:
  97:/home/reo/Documents/Repository/sca-2026/lib/crypto_kem/hqc128/pqclean/gf.c ****     }
 430              		.loc 1 97 11 view .LVU198
 431 0124 84EA9202 		eor	r2, r4, r2, lsr #2
 432              	.LBE59:
 101:/home/reo/Documents/Repository/sca-2026/lib/crypto_kem/hqc128/pqclean/gf.c ****     h ^= ((a >> 1) & mask);
 433              		.loc 1 101 7 view .LVU199
 434 0128 83EA0C03 		eor	r3, r3, ip
 102:/home/reo/Documents/Repository/sca-2026/lib/crypto_kem/hqc128/pqclean/gf.c **** 
 435              		.loc 1 102 7 view .LVU200
 436 012c 4A40     		eors	r2, r2, r1
 437              	.LBE62:
 438              	.LBE65:
 439              		.loc 1 117 29 view .LVU201
 440 012e 12B2     		sxth	r2, r2
 441              		.loc 1 117 25 view .LVU202
 442 0130 DBB2     		uxtb	r3, r3
 443 0132 43EA0223 		orr	r3, r3, r2, lsl #8
 444 0136 1AB2     		sxth	r2, r3
 445              	.LVL18:
 118:/home/reo/Documents/Repository/sca-2026/lib/crypto_kem/hqc128/pqclean/gf.c ****     return gf_reduce(tmp, 2 * (PARAM_M - 1));
 446              		.loc 1 118 5 is_stmt 1 view .LVU203
 447              	.LBB66:
 448              	.LBI66:
  32:/home/reo/Documents/Repository/sca-2026/lib/crypto_kem/hqc128/pqclean/gf.c ****     uint16_t z1, z2, rmdr, dist;
 449              		.loc 1 32 17 view .LVU204
 450              	.LBB67:
  33:/home/reo/Documents/Repository/sca-2026/lib/crypto_kem/hqc128/pqclean/gf.c ****     uint64_t mod;
 451              		.loc 1 33 5 view .LVU205
  34:/home/reo/Documents/Repository/sca-2026/lib/crypto_kem/hqc128/pqclean/gf.c **** 
 452              		.loc 1 34 5 view .LVU206
  37:/home/reo/Documents/Repository/sca-2026/lib/crypto_kem/hqc128/pqclean/gf.c **** 
 453              		.loc 1 37 5 view .LVU207
  40:/home/reo/Documents/Repository/sca-2026/lib/crypto_kem/hqc128/pqclean/gf.c ****         mod = x >> PARAM_M;
 454              		.loc 1 40 5 view .LVU208
 455              	.LBB68:
  40:/home/reo/Documents/Repository/sca-2026/lib/crypto_kem/hqc128/pqclean/gf.c ****         mod = x >> PARAM_M;
 456              		.loc 1 40 10 view .LVU209
  40:/home/reo/Documents/Repository/sca-2026/lib/crypto_kem/hqc128/pqclean/gf.c ****         mod = x >> PARAM_M;
 457              		.loc 1 40 24 view .LVU210
  41:/home/reo/Documents/Repository/sca-2026/lib/crypto_kem/hqc128/pqclean/gf.c ****         x &= (1 << PARAM_M) - 1;
 458              		.loc 1 41 9 view .LVU211
  41:/home/reo/Documents/Repository/sca-2026/lib/crypto_kem/hqc128/pqclean/gf.c ****         x &= (1 << PARAM_M) - 1;
 459              		.loc 1 41 13 is_stmt 0 view .LVU212
 460 0138 110A     		lsrs	r1, r2, #8
 461              	.LBE68:
 462              	.LBE67:
 463              	.LBE66:
 464              		.loc 1 118 12 view .LVU213
 465 013a 43F3C033 		sbfx	r3, r3, #15, #1
 466              	.LBB95:
 467              	.LBB88:
 468              	.LBB80:
  41:/home/reo/Documents/Repository/sca-2026/lib/crypto_kem/hqc128/pqclean/gf.c ****         x &= (1 << PARAM_M) - 1;
 469              		.loc 1 41 13 view .LVU214
 470 013e 41EA0361 		orr	r1, r1, r3, lsl #24
 471 0142 1B0A     		lsrs	r3, r3, #8
 472              	.LVL19:
  42:/home/reo/Documents/Repository/sca-2026/lib/crypto_kem/hqc128/pqclean/gf.c ****         x ^= mod;
 473              		.loc 1 42 9 is_stmt 1 view .LVU215
 474              	.LBB69:
  50:/home/reo/Documents/Repository/sca-2026/lib/crypto_kem/hqc128/pqclean/gf.c ****             x ^= mod;
 475              		.loc 1 50 17 is_stmt 0 view .LVU216
 476 0144 9800     		lsls	r0, r3, #2
 477              	.LBE69:
  42:/home/reo/Documents/Repository/sca-2026/lib/crypto_kem/hqc128/pqclean/gf.c ****         x ^= mod;
 478              		.loc 1 42 11 view .LVU217
 479 0146 D2B2     		uxtb	r2, r2
 480              	.LVL20:
  43:/home/reo/Documents/Repository/sca-2026/lib/crypto_kem/hqc128/pqclean/gf.c **** 
 481              		.loc 1 43 9 is_stmt 1 view .LVU218
 482              	.LBB70:
  50:/home/reo/Documents/Repository/sca-2026/lib/crypto_kem/hqc128/pqclean/gf.c ****             x ^= mod;
 483              		.loc 1 50 17 is_stmt 0 view .LVU219
 484 0148 40EA9170 		orr	r0, r0, r1, lsr #30
 485              	.LBE70:
  43:/home/reo/Documents/Repository/sca-2026/lib/crypto_kem/hqc128/pqclean/gf.c **** 
 486              		.loc 1 43 11 view .LVU220
 487 014c 4A40     		eors	r2, r2, r1
 488              	.LVL21:
  45:/home/reo/Documents/Repository/sca-2026/lib/crypto_kem/hqc128/pqclean/gf.c ****         rmdr = PARAM_GF_POLY ^ 1;
 489              		.loc 1 45 9 is_stmt 1 view .LVU221
  46:/home/reo/Documents/Repository/sca-2026/lib/crypto_kem/hqc128/pqclean/gf.c ****         for (size_t j = PARAM_GF_POLY_WT - 2; j; --j) {
 490              		.loc 1 46 9 view .LVU222
  47:/home/reo/Documents/Repository/sca-2026/lib/crypto_kem/hqc128/pqclean/gf.c ****             z2 = trailing_zero_bits_count(rmdr);
 491              		.loc 1 47 9 view .LVU223
 492              	.LBB71:
  47:/home/reo/Documents/Repository/sca-2026/lib/crypto_kem/hqc128/pqclean/gf.c ****             z2 = trailing_zero_bits_count(rmdr);
 493              		.loc 1 47 14 view .LVU224
  47:/home/reo/Documents/Repository/sca-2026/lib/crypto_kem/hqc128/pqclean/gf.c ****             z2 = trailing_zero_bits_count(rmdr);
 494              		.loc 1 47 47 view .LVU225
  47:/home/reo/Documents/Repository/sca-2026/lib/crypto_kem/hqc128/pqclean/gf.c ****             z2 = trailing_zero_bits_count(rmdr);
 495              		.loc 1 47 47 is_stmt 0 view .LVU226
 496              	.LBE71:
 497              	.LBE80:
 498              	.LBE88:
 499              	.LBE95:
  19:/home/reo/Documents/Repository/sca-2026/lib/crypto_kem/hqc128/pqclean/gf.c ****         tmp += ((1 - ((a >> i) & 0x0001)) & mask);
 500              		.loc 1 19 24 is_stmt 1 view .LVU227
  20:/home/reo/Documents/Repository/sca-2026/lib/crypto_kem/hqc128/pqclean/gf.c ****         mask &= - (1 - ((a >> i) & 0x0001));
 501              		.loc 1 20 9 view .LVU228
  21:/home/reo/Documents/Repository/sca-2026/lib/crypto_kem/hqc128/pqclean/gf.c ****     }
 502              		.loc 1 21 9 view .LVU229
  19:/home/reo/Documents/Repository/sca-2026/lib/crypto_kem/hqc128/pqclean/gf.c ****         tmp += ((1 - ((a >> i) & 0x0001)) & mask);
 503              		.loc 1 19 32 view .LVU230
  19:/home/reo/Documents/Repository/sca-2026/lib/crypto_kem/hqc128/pqclean/gf.c ****         tmp += ((1 - ((a >> i) & 0x0001)) & mask);
 504              		.loc 1 19 24 view .LVU231
  20:/home/reo/Documents/Repository/sca-2026/lib/crypto_kem/hqc128/pqclean/gf.c ****         mask &= - (1 - ((a >> i) & 0x0001));
 505              		.loc 1 20 9 view .LVU232
  21:/home/reo/Documents/Repository/sca-2026/lib/crypto_kem/hqc128/pqclean/gf.c ****     }
 506              		.loc 1 21 9 view .LVU233
  19:/home/reo/Documents/Repository/sca-2026/lib/crypto_kem/hqc128/pqclean/gf.c ****         tmp += ((1 - ((a >> i) & 0x0001)) & mask);
 507              		.loc 1 19 32 view .LVU234
  19:/home/reo/Documents/Repository/sca-2026/lib/crypto_kem/hqc128/pqclean/gf.c ****         tmp += ((1 - ((a >> i) & 0x0001)) & mask);
 508              		.loc 1 19 24 view .LVU235
  20:/home/reo/Documents/Repository/sca-2026/lib/crypto_kem/hqc128/pqclean/gf.c ****         mask &= - (1 - ((a >> i) & 0x0001));
 509              		.loc 1 20 9 view .LVU236
  21:/home/reo/Documents/Repository/sca-2026/lib/crypto_kem/hqc128/pqclean/gf.c ****     }
 510              		.loc 1 21 9 view .LVU237
  19:/home/reo/Documents/Repository/sca-2026/lib/crypto_kem/hqc128/pqclean/gf.c ****         tmp += ((1 - ((a >> i) & 0x0001)) & mask);
 511              		.loc 1 19 32 view .LVU238
  19:/home/reo/Documents/Repository/sca-2026/lib/crypto_kem/hqc128/pqclean/gf.c ****         tmp += ((1 - ((a >> i) & 0x0001)) & mask);
 512              		.loc 1 19 24 view .LVU239
  20:/home/reo/Documents/Repository/sca-2026/lib/crypto_kem/hqc128/pqclean/gf.c ****         mask &= - (1 - ((a >> i) & 0x0001));
 513              		.loc 1 20 9 view .LVU240
  21:/home/reo/Documents/Repository/sca-2026/lib/crypto_kem/hqc128/pqclean/gf.c ****     }
 514              		.loc 1 21 9 view .LVU241
  19:/home/reo/Documents/Repository/sca-2026/lib/crypto_kem/hqc128/pqclean/gf.c ****         tmp += ((1 - ((a >> i) & 0x0001)) & mask);
 515              		.loc 1 19 32 view .LVU242
  19:/home/reo/Documents/Repository/sca-2026/lib/crypto_kem/hqc128/pqclean/gf.c ****         tmp += ((1 - ((a >> i) & 0x0001)) & mask);
 516              		.loc 1 19 24 view .LVU243
  20:/home/reo/Documents/Repository/sca-2026/lib/crypto_kem/hqc128/pqclean/gf.c ****         mask &= - (1 - ((a >> i) & 0x0001));
 517              		.loc 1 20 9 view .LVU244
  21:/home/reo/Documents/Repository/sca-2026/lib/crypto_kem/hqc128/pqclean/gf.c ****     }
 518              		.loc 1 21 9 view .LVU245
  19:/home/reo/Documents/Repository/sca-2026/lib/crypto_kem/hqc128/pqclean/gf.c ****         tmp += ((1 - ((a >> i) & 0x0001)) & mask);
 519              		.loc 1 19 32 view .LVU246
  19:/home/reo/Documents/Repository/sca-2026/lib/crypto_kem/hqc128/pqclean/gf.c ****         tmp += ((1 - ((a >> i) & 0x0001)) & mask);
 520              		.loc 1 19 24 view .LVU247
  20:/home/reo/Documents/Repository/sca-2026/lib/crypto_kem/hqc128/pqclean/gf.c ****         mask &= - (1 - ((a >> i) & 0x0001));
 521              		.loc 1 20 9 view .LVU248
  21:/home/reo/Documents/Repository/sca-2026/lib/crypto_kem/hqc128/pqclean/gf.c ****     }
 522              		.loc 1 21 9 view .LVU249
  19:/home/reo/Documents/Repository/sca-2026/lib/crypto_kem/hqc128/pqclean/gf.c ****         tmp += ((1 - ((a >> i) & 0x0001)) & mask);
 523              		.loc 1 19 32 view .LVU250
  19:/home/reo/Documents/Repository/sca-2026/lib/crypto_kem/hqc128/pqclean/gf.c ****         tmp += ((1 - ((a >> i) & 0x0001)) & mask);
 524              		.loc 1 19 24 view .LVU251
  20:/home/reo/Documents/Repository/sca-2026/lib/crypto_kem/hqc128/pqclean/gf.c ****         mask &= - (1 - ((a >> i) & 0x0001));
 525              		.loc 1 20 9 view .LVU252
  21:/home/reo/Documents/Repository/sca-2026/lib/crypto_kem/hqc128/pqclean/gf.c ****     }
 526              		.loc 1 21 9 view .LVU253
  19:/home/reo/Documents/Repository/sca-2026/lib/crypto_kem/hqc128/pqclean/gf.c ****         tmp += ((1 - ((a >> i) & 0x0001)) & mask);
 527              		.loc 1 19 32 view .LVU254
  19:/home/reo/Documents/Repository/sca-2026/lib/crypto_kem/hqc128/pqclean/gf.c ****         tmp += ((1 - ((a >> i) & 0x0001)) & mask);
 528              		.loc 1 19 24 view .LVU255
  20:/home/reo/Documents/Repository/sca-2026/lib/crypto_kem/hqc128/pqclean/gf.c ****         mask &= - (1 - ((a >> i) & 0x0001));
 529              		.loc 1 20 9 view .LVU256
  21:/home/reo/Documents/Repository/sca-2026/lib/crypto_kem/hqc128/pqclean/gf.c ****     }
 530              		.loc 1 21 9 view .LVU257
  19:/home/reo/Documents/Repository/sca-2026/lib/crypto_kem/hqc128/pqclean/gf.c ****         tmp += ((1 - ((a >> i) & 0x0001)) & mask);
 531              		.loc 1 19 32 view .LVU258
  19:/home/reo/Documents/Repository/sca-2026/lib/crypto_kem/hqc128/pqclean/gf.c ****         tmp += ((1 - ((a >> i) & 0x0001)) & mask);
 532              		.loc 1 19 24 view .LVU259
  20:/home/reo/Documents/Repository/sca-2026/lib/crypto_kem/hqc128/pqclean/gf.c ****         mask &= - (1 - ((a >> i) & 0x0001));
 533              		.loc 1 20 9 view .LVU260
  21:/home/reo/Documents/Repository/sca-2026/lib/crypto_kem/hqc128/pqclean/gf.c ****     }
 534              		.loc 1 21 9 view .LVU261
  19:/home/reo/Documents/Repository/sca-2026/lib/crypto_kem/hqc128/pqclean/gf.c ****         tmp += ((1 - ((a >> i) & 0x0001)) & mask);
 535              		.loc 1 19 32 view .LVU262
  19:/home/reo/Documents/Repository/sca-2026/lib/crypto_kem/hqc128/pqclean/gf.c ****         tmp += ((1 - ((a >> i) & 0x0001)) & mask);
 536              		.loc 1 19 24 view .LVU263
  20:/home/reo/Documents/Repository/sca-2026/lib/crypto_kem/hqc128/pqclean/gf.c ****         mask &= - (1 - ((a >> i) & 0x0001));
 537              		.loc 1 20 9 view .LVU264
  21:/home/reo/Documents/Repository/sca-2026/lib/crypto_kem/hqc128/pqclean/gf.c ****     }
 538              		.loc 1 21 9 view .LVU265
  19:/home/reo/Documents/Repository/sca-2026/lib/crypto_kem/hqc128/pqclean/gf.c ****         tmp += ((1 - ((a >> i) & 0x0001)) & mask);
 539              		.loc 1 19 32 view .LVU266
  19:/home/reo/Documents/Repository/sca-2026/lib/crypto_kem/hqc128/pqclean/gf.c ****         tmp += ((1 - ((a >> i) & 0x0001)) & mask);
 540              		.loc 1 19 24 view .LVU267
  20:/home/reo/Documents/Repository/sca-2026/lib/crypto_kem/hqc128/pqclean/gf.c ****         mask &= - (1 - ((a >> i) & 0x0001));
 541              		.loc 1 20 9 view .LVU268
  21:/home/reo/Documents/Repository/sca-2026/lib/crypto_kem/hqc128/pqclean/gf.c ****     }
 542              		.loc 1 21 9 view .LVU269
  19:/home/reo/Documents/Repository/sca-2026/lib/crypto_kem/hqc128/pqclean/gf.c ****         tmp += ((1 - ((a >> i) & 0x0001)) & mask);
 543              		.loc 1 19 32 view .LVU270
  19:/home/reo/Documents/Repository/sca-2026/lib/crypto_kem/hqc128/pqclean/gf.c ****         tmp += ((1 - ((a >> i) & 0x0001)) & mask);
 544              		.loc 1 19 24 view .LVU271
  20:/home/reo/Documents/Repository/sca-2026/lib/crypto_kem/hqc128/pqclean/gf.c ****         mask &= - (1 - ((a >> i) & 0x0001));
 545              		.loc 1 20 9 view .LVU272
  21:/home/reo/Documents/Repository/sca-2026/lib/crypto_kem/hqc128/pqclean/gf.c ****     }
 546              		.loc 1 21 9 view .LVU273
  19:/home/reo/Documents/Repository/sca-2026/lib/crypto_kem/hqc128/pqclean/gf.c ****         tmp += ((1 - ((a >> i) & 0x0001)) & mask);
 547              		.loc 1 19 32 view .LVU274
  19:/home/reo/Documents/Repository/sca-2026/lib/crypto_kem/hqc128/pqclean/gf.c ****         tmp += ((1 - ((a >> i) & 0x0001)) & mask);
 548              		.loc 1 19 24 view .LVU275
  20:/home/reo/Documents/Repository/sca-2026/lib/crypto_kem/hqc128/pqclean/gf.c ****         mask &= - (1 - ((a >> i) & 0x0001));
 549              		.loc 1 20 9 view .LVU276
  21:/home/reo/Documents/Repository/sca-2026/lib/crypto_kem/hqc128/pqclean/gf.c ****     }
 550              		.loc 1 21 9 view .LVU277
  19:/home/reo/Documents/Repository/sca-2026/lib/crypto_kem/hqc128/pqclean/gf.c ****         tmp += ((1 - ((a >> i) & 0x0001)) & mask);
 551              		.loc 1 19 32 view .LVU278
  19:/home/reo/Documents/Repository/sca-2026/lib/crypto_kem/hqc128/pqclean/gf.c ****         tmp += ((1 - ((a >> i) & 0x0001)) & mask);
 552              		.loc 1 19 24 view .LVU279
  20:/home/reo/Documents/Repository/sca-2026/lib/crypto_kem/hqc128/pqclean/gf.c ****         mask &= - (1 - ((a >> i) & 0x0001));
 553              		.loc 1 20 9 view .LVU280
  21:/home/reo/Documents/Repository/sca-2026/lib/crypto_kem/hqc128/pqclean/gf.c ****     }
 554              		.loc 1 21 9 view .LVU281
  19:/home/reo/Documents/Repository/sca-2026/lib/crypto_kem/hqc128/pqclean/gf.c ****         tmp += ((1 - ((a >> i) & 0x0001)) & mask);
 555              		.loc 1 19 32 view .LVU282
  19:/home/reo/Documents/Repository/sca-2026/lib/crypto_kem/hqc128/pqclean/gf.c ****         tmp += ((1 - ((a >> i) & 0x0001)) & mask);
 556              		.loc 1 19 24 view .LVU283
  23:/home/reo/Documents/Repository/sca-2026/lib/crypto_kem/hqc128/pqclean/gf.c **** }
 557              		.loc 1 23 5 view .LVU284
 558              	.LBB96:
 559              	.LBB89:
 560              	.LBB81:
 561              	.LBB72:
  49:/home/reo/Documents/Repository/sca-2026/lib/crypto_kem/hqc128/pqclean/gf.c ****             mod <<= dist;
 562              		.loc 1 49 13 view .LVU285
  50:/home/reo/Documents/Repository/sca-2026/lib/crypto_kem/hqc128/pqclean/gf.c ****             x ^= mod;
 563              		.loc 1 50 13 view .LVU286
  51:/home/reo/Documents/Repository/sca-2026/lib/crypto_kem/hqc128/pqclean/gf.c ****             rmdr ^= 1 << z2;
 564              		.loc 1 51 13 view .LVU287
  51:/home/reo/Documents/Repository/sca-2026/lib/crypto_kem/hqc128/pqclean/gf.c ****             rmdr ^= 1 << z2;
 565              		.loc 1 51 15 is_stmt 0 view .LVU288
 566 014e 80EA0304 		eor	r4, r0, r3
 567 0152 82EA8102 		eor	r2, r2, r1, lsl #2
 568              	.LVL22:
  50:/home/reo/Documents/Repository/sca-2026/lib/crypto_kem/hqc128/pqclean/gf.c ****             x ^= mod;
 569              		.loc 1 50 17 view .LVU289
 570 0156 D800     		lsls	r0, r3, #3
  51:/home/reo/Documents/Repository/sca-2026/lib/crypto_kem/hqc128/pqclean/gf.c ****             rmdr ^= 1 << z2;
 571              		.loc 1 51 15 view .LVU290
 572 0158 82EAC102 		eor	r2, r2, r1, lsl #3
  52:/home/reo/Documents/Repository/sca-2026/lib/crypto_kem/hqc128/pqclean/gf.c ****             z1 = z2;
 573              		.loc 1 52 13 is_stmt 1 view .LVU291
 574              	.LVL23:
  53:/home/reo/Documents/Repository/sca-2026/lib/crypto_kem/hqc128/pqclean/gf.c ****         }
 575              		.loc 1 53 13 view .LVU292
  47:/home/reo/Documents/Repository/sca-2026/lib/crypto_kem/hqc128/pqclean/gf.c ****             z2 = trailing_zero_bits_count(rmdr);
 576              		.loc 1 47 50 view .LVU293
  47:/home/reo/Documents/Repository/sca-2026/lib/crypto_kem/hqc128/pqclean/gf.c ****             z2 = trailing_zero_bits_count(rmdr);
 577              		.loc 1 47 47 view .LVU294
  47:/home/reo/Documents/Repository/sca-2026/lib/crypto_kem/hqc128/pqclean/gf.c ****             z2 = trailing_zero_bits_count(rmdr);
 578              		.loc 1 47 47 is_stmt 0 view .LVU295
 579              	.LBE72:
 580              	.LBE81:
 581              	.LBE89:
 582              	.LBE96:
  19:/home/reo/Documents/Repository/sca-2026/lib/crypto_kem/hqc128/pqclean/gf.c ****         tmp += ((1 - ((a >> i) & 0x0001)) & mask);
 583              		.loc 1 19 24 is_stmt 1 view .LVU296
  20:/home/reo/Documents/Repository/sca-2026/lib/crypto_kem/hqc128/pqclean/gf.c ****         mask &= - (1 - ((a >> i) & 0x0001));
 584              		.loc 1 20 9 view .LVU297
  21:/home/reo/Documents/Repository/sca-2026/lib/crypto_kem/hqc128/pqclean/gf.c ****     }
 585              		.loc 1 21 9 view .LVU298
  19:/home/reo/Documents/Repository/sca-2026/lib/crypto_kem/hqc128/pqclean/gf.c ****         tmp += ((1 - ((a >> i) & 0x0001)) & mask);
 586              		.loc 1 19 32 view .LVU299
  19:/home/reo/Documents/Repository/sca-2026/lib/crypto_kem/hqc128/pqclean/gf.c ****         tmp += ((1 - ((a >> i) & 0x0001)) & mask);
 587              		.loc 1 19 24 view .LVU300
  20:/home/reo/Documents/Repository/sca-2026/lib/crypto_kem/hqc128/pqclean/gf.c ****         mask &= - (1 - ((a >> i) & 0x0001));
 588              		.loc 1 20 9 view .LVU301
  21:/home/reo/Documents/Repository/sca-2026/lib/crypto_kem/hqc128/pqclean/gf.c ****     }
 589              		.loc 1 21 9 view .LVU302
  19:/home/reo/Documents/Repository/sca-2026/lib/crypto_kem/hqc128/pqclean/gf.c ****         tmp += ((1 - ((a >> i) & 0x0001)) & mask);
 590              		.loc 1 19 32 view .LVU303
  19:/home/reo/Documents/Repository/sca-2026/lib/crypto_kem/hqc128/pqclean/gf.c ****         tmp += ((1 - ((a >> i) & 0x0001)) & mask);
 591              		.loc 1 19 24 view .LVU304
  20:/home/reo/Documents/Repository/sca-2026/lib/crypto_kem/hqc128/pqclean/gf.c ****         mask &= - (1 - ((a >> i) & 0x0001));
 592              		.loc 1 20 9 view .LVU305
  21:/home/reo/Documents/Repository/sca-2026/lib/crypto_kem/hqc128/pqclean/gf.c ****     }
 593              		.loc 1 21 9 view .LVU306
  19:/home/reo/Documents/Repository/sca-2026/lib/crypto_kem/hqc128/pqclean/gf.c ****         tmp += ((1 - ((a >> i) & 0x0001)) & mask);
 594              		.loc 1 19 32 view .LVU307
  19:/home/reo/Documents/Repository/sca-2026/lib/crypto_kem/hqc128/pqclean/gf.c ****         tmp += ((1 - ((a >> i) & 0x0001)) & mask);
 595              		.loc 1 19 24 view .LVU308
  20:/home/reo/Documents/Repository/sca-2026/lib/crypto_kem/hqc128/pqclean/gf.c ****         mask &= - (1 - ((a >> i) & 0x0001));
 596              		.loc 1 20 9 view .LVU309
  21:/home/reo/Documents/Repository/sca-2026/lib/crypto_kem/hqc128/pqclean/gf.c ****     }
 597              		.loc 1 21 9 view .LVU310
  19:/home/reo/Documents/Repository/sca-2026/lib/crypto_kem/hqc128/pqclean/gf.c ****         tmp += ((1 - ((a >> i) & 0x0001)) & mask);
 598              		.loc 1 19 32 view .LVU311
  19:/home/reo/Documents/Repository/sca-2026/lib/crypto_kem/hqc128/pqclean/gf.c ****         tmp += ((1 - ((a >> i) & 0x0001)) & mask);
 599              		.loc 1 19 24 view .LVU312
  20:/home/reo/Documents/Repository/sca-2026/lib/crypto_kem/hqc128/pqclean/gf.c ****         mask &= - (1 - ((a >> i) & 0x0001));
 600              		.loc 1 20 9 view .LVU313
  21:/home/reo/Documents/Repository/sca-2026/lib/crypto_kem/hqc128/pqclean/gf.c ****     }
 601              		.loc 1 21 9 view .LVU314
  19:/home/reo/Documents/Repository/sca-2026/lib/crypto_kem/hqc128/pqclean/gf.c ****         tmp += ((1 - ((a >> i) & 0x0001)) & mask);
 602              		.loc 1 19 32 view .LVU315
  19:/home/reo/Documents/Repository/sca-2026/lib/crypto_kem/hqc128/pqclean/gf.c ****         tmp += ((1 - ((a >> i) & 0x0001)) & mask);
 603              		.loc 1 19 24 view .LVU316
  20:/home/reo/Documents/Repository/sca-2026/lib/crypto_kem/hqc128/pqclean/gf.c ****         mask &= - (1 - ((a >> i) & 0x0001));
 604              		.loc 1 20 9 view .LVU317
  21:/home/reo/Documents/Repository/sca-2026/lib/crypto_kem/hqc128/pqclean/gf.c ****     }
 605              		.loc 1 21 9 view .LVU318
  19:/home/reo/Documents/Repository/sca-2026/lib/crypto_kem/hqc128/pqclean/gf.c ****         tmp += ((1 - ((a >> i) & 0x0001)) & mask);
 606              		.loc 1 19 32 view .LVU319
  19:/home/reo/Documents/Repository/sca-2026/lib/crypto_kem/hqc128/pqclean/gf.c ****         tmp += ((1 - ((a >> i) & 0x0001)) & mask);
 607              		.loc 1 19 24 view .LVU320
  20:/home/reo/Documents/Repository/sca-2026/lib/crypto_kem/hqc128/pqclean/gf.c ****         mask &= - (1 - ((a >> i) & 0x0001));
 608              		.loc 1 20 9 view .LVU321
  21:/home/reo/Documents/Repository/sca-2026/lib/crypto_kem/hqc128/pqclean/gf.c ****     }
 609              		.loc 1 21 9 view .LVU322
  19:/home/reo/Documents/Repository/sca-2026/lib/crypto_kem/hqc128/pqclean/gf.c ****         tmp += ((1 - ((a >> i) & 0x0001)) & mask);
 610              		.loc 1 19 32 view .LVU323
  19:/home/reo/Documents/Repository/sca-2026/lib/crypto_kem/hqc128/pqclean/gf.c ****         tmp += ((1 - ((a >> i) & 0x0001)) & mask);
 611              		.loc 1 19 24 view .LVU324
  20:/home/reo/Documents/Repository/sca-2026/lib/crypto_kem/hqc128/pqclean/gf.c ****         mask &= - (1 - ((a >> i) & 0x0001));
 612              		.loc 1 20 9 view .LVU325
  21:/home/reo/Documents/Repository/sca-2026/lib/crypto_kem/hqc128/pqclean/gf.c ****     }
 613              		.loc 1 21 9 view .LVU326
  19:/home/reo/Documents/Repository/sca-2026/lib/crypto_kem/hqc128/pqclean/gf.c ****         tmp += ((1 - ((a >> i) & 0x0001)) & mask);
 614              		.loc 1 19 32 view .LVU327
  19:/home/reo/Documents/Repository/sca-2026/lib/crypto_kem/hqc128/pqclean/gf.c ****         tmp += ((1 - ((a >> i) & 0x0001)) & mask);
 615              		.loc 1 19 24 view .LVU328
  20:/home/reo/Documents/Repository/sca-2026/lib/crypto_kem/hqc128/pqclean/gf.c ****         mask &= - (1 - ((a >> i) & 0x0001));
 616              		.loc 1 20 9 view .LVU329
  21:/home/reo/Documents/Repository/sca-2026/lib/crypto_kem/hqc128/pqclean/gf.c ****     }
 617              		.loc 1 21 9 view .LVU330
  19:/home/reo/Documents/Repository/sca-2026/lib/crypto_kem/hqc128/pqclean/gf.c ****         tmp += ((1 - ((a >> i) & 0x0001)) & mask);
 618              		.loc 1 19 32 view .LVU331
  19:/home/reo/Documents/Repository/sca-2026/lib/crypto_kem/hqc128/pqclean/gf.c ****         tmp += ((1 - ((a >> i) & 0x0001)) & mask);
 619              		.loc 1 19 24 view .LVU332
  20:/home/reo/Documents/Repository/sca-2026/lib/crypto_kem/hqc128/pqclean/gf.c ****         mask &= - (1 - ((a >> i) & 0x0001));
 620              		.loc 1 20 9 view .LVU333
  21:/home/reo/Documents/Repository/sca-2026/lib/crypto_kem/hqc128/pqclean/gf.c ****     }
 621              		.loc 1 21 9 view .LVU334
  19:/home/reo/Documents/Repository/sca-2026/lib/crypto_kem/hqc128/pqclean/gf.c ****         tmp += ((1 - ((a >> i) & 0x0001)) & mask);
 622              		.loc 1 19 32 view .LVU335
  19:/home/reo/Documents/Repository/sca-2026/lib/crypto_kem/hqc128/pqclean/gf.c ****         tmp += ((1 - ((a >> i) & 0x0001)) & mask);
 623              		.loc 1 19 24 view .LVU336
  20:/home/reo/Documents/Repository/sca-2026/lib/crypto_kem/hqc128/pqclean/gf.c ****         mask &= - (1 - ((a >> i) & 0x0001));
 624              		.loc 1 20 9 view .LVU337
  21:/home/reo/Documents/Repository/sca-2026/lib/crypto_kem/hqc128/pqclean/gf.c ****     }
 625              		.loc 1 21 9 view .LVU338
  19:/home/reo/Documents/Repository/sca-2026/lib/crypto_kem/hqc128/pqclean/gf.c ****         tmp += ((1 - ((a >> i) & 0x0001)) & mask);
 626              		.loc 1 19 32 view .LVU339
  19:/home/reo/Documents/Repository/sca-2026/lib/crypto_kem/hqc128/pqclean/gf.c ****         tmp += ((1 - ((a >> i) & 0x0001)) & mask);
 627              		.loc 1 19 24 view .LVU340
  20:/home/reo/Documents/Repository/sca-2026/lib/crypto_kem/hqc128/pqclean/gf.c ****         mask &= - (1 - ((a >> i) & 0x0001));
 628              		.loc 1 20 9 view .LVU341
  21:/home/reo/Documents/Repository/sca-2026/lib/crypto_kem/hqc128/pqclean/gf.c ****     }
 629              		.loc 1 21 9 view .LVU342
  19:/home/reo/Documents/Repository/sca-2026/lib/crypto_kem/hqc128/pqclean/gf.c ****         tmp += ((1 - ((a >> i) & 0x0001)) & mask);
 630              		.loc 1 19 32 view .LVU343
  19:/home/reo/Documents/Repository/sca-2026/lib/crypto_kem/hqc128/pqclean/gf.c ****         tmp += ((1 - ((a >> i) & 0x0001)) & mask);
 631              		.loc 1 19 24 view .LVU344
  20:/home/reo/Documents/Repository/sca-2026/lib/crypto_kem/hqc128/pqclean/gf.c ****         mask &= - (1 - ((a >> i) & 0x0001));
 632              		.loc 1 20 9 view .LVU345
  21:/home/reo/Documents/Repository/sca-2026/lib/crypto_kem/hqc128/pqclean/gf.c ****     }
 633              		.loc 1 21 9 view .LVU346
  19:/home/reo/Documents/Repository/sca-2026/lib/crypto_kem/hqc128/pqclean/gf.c ****         tmp += ((1 - ((a >> i) & 0x0001)) & mask);
 634              		.loc 1 19 32 view .LVU347
  19:/home/reo/Documents/Repository/sca-2026/lib/crypto_kem/hqc128/pqclean/gf.c ****         tmp += ((1 - ((a >> i) & 0x0001)) & mask);
 635              		.loc 1 19 24 view .LVU348
  20:/home/reo/Documents/Repository/sca-2026/lib/crypto_kem/hqc128/pqclean/gf.c ****         mask &= - (1 - ((a >> i) & 0x0001));
 636              		.loc 1 20 9 view .LVU349
  21:/home/reo/Documents/Repository/sca-2026/lib/crypto_kem/hqc128/pqclean/gf.c ****     }
 637              		.loc 1 21 9 view .LVU350
  19:/home/reo/Documents/Repository/sca-2026/lib/crypto_kem/hqc128/pqclean/gf.c ****         tmp += ((1 - ((a >> i) & 0x0001)) & mask);
 638              		.loc 1 19 32 view .LVU351
  19:/home/reo/Documents/Repository/sca-2026/lib/crypto_kem/hqc128/pqclean/gf.c ****         tmp += ((1 - ((a >> i) & 0x0001)) & mask);
 639              		.loc 1 19 24 view .LVU352
  23:/home/reo/Documents/Repository/sca-2026/lib/crypto_kem/hqc128/pqclean/gf.c **** }
 640              		.loc 1 23 5 view .LVU353
 641              	.LBB97:
 642              	.LBB90:
 643              	.LBB82:
 644              	.LBB73:
  49:/home/reo/Documents/Repository/sca-2026/lib/crypto_kem/hqc128/pqclean/gf.c ****             mod <<= dist;
 645              		.loc 1 49 13 view .LVU354
  50:/home/reo/Documents/Repository/sca-2026/lib/crypto_kem/hqc128/pqclean/gf.c ****             x ^= mod;
 646              		.loc 1 50 13 view .LVU355
  51:/home/reo/Documents/Repository/sca-2026/lib/crypto_kem/hqc128/pqclean/gf.c ****             rmdr ^= 1 << z2;
 647              		.loc 1 51 13 view .LVU356
  50:/home/reo/Documents/Repository/sca-2026/lib/crypto_kem/hqc128/pqclean/gf.c ****             x ^= mod;
 648              		.loc 1 50 17 is_stmt 0 view .LVU357
 649 015c 40EA5170 		orr	r0, r0, r1, lsr #29
 650 0160 1B01     		lsls	r3, r3, #4
 651              	.LVL24:
  51:/home/reo/Documents/Repository/sca-2026/lib/crypto_kem/hqc128/pqclean/gf.c ****             rmdr ^= 1 << z2;
 652              		.loc 1 51 15 view .LVU358
 653 0162 82EA0112 		eor	r2, r2, r1, lsl #4
 654 0166 6040     		eors	r0, r0, r4
  52:/home/reo/Documents/Repository/sca-2026/lib/crypto_kem/hqc128/pqclean/gf.c ****             z1 = z2;
 655              		.loc 1 52 13 is_stmt 1 view .LVU359
 656              	.LVL25:
  53:/home/reo/Documents/Repository/sca-2026/lib/crypto_kem/hqc128/pqclean/gf.c ****         }
 657              		.loc 1 53 13 view .LVU360
  47:/home/reo/Documents/Repository/sca-2026/lib/crypto_kem/hqc128/pqclean/gf.c ****             z2 = trailing_zero_bits_count(rmdr);
 658              		.loc 1 47 50 view .LVU361
  47:/home/reo/Documents/Repository/sca-2026/lib/crypto_kem/hqc128/pqclean/gf.c ****             z2 = trailing_zero_bits_count(rmdr);
 659              		.loc 1 47 47 view .LVU362
  47:/home/reo/Documents/Repository/sca-2026/lib/crypto_kem/hqc128/pqclean/gf.c ****             z2 = trailing_zero_bits_count(rmdr);
 660              		.loc 1 47 47 is_stmt 0 view .LVU363
 661              	.LBE73:
 662              	.LBE82:
 663              	.LBE90:
 664              	.LBE97:
  19:/home/reo/Documents/Repository/sca-2026/lib/crypto_kem/hqc128/pqclean/gf.c ****         tmp += ((1 - ((a >> i) & 0x0001)) & mask);
 665              		.loc 1 19 24 is_stmt 1 view .LVU364
  20:/home/reo/Documents/Repository/sca-2026/lib/crypto_kem/hqc128/pqclean/gf.c ****         mask &= - (1 - ((a >> i) & 0x0001));
 666              		.loc 1 20 9 view .LVU365
  21:/home/reo/Documents/Repository/sca-2026/lib/crypto_kem/hqc128/pqclean/gf.c ****     }
 667              		.loc 1 21 9 view .LVU366
  19:/home/reo/Documents/Repository/sca-2026/lib/crypto_kem/hqc128/pqclean/gf.c ****         tmp += ((1 - ((a >> i) & 0x0001)) & mask);
 668              		.loc 1 19 32 view .LVU367
  19:/home/reo/Documents/Repository/sca-2026/lib/crypto_kem/hqc128/pqclean/gf.c ****         tmp += ((1 - ((a >> i) & 0x0001)) & mask);
 669              		.loc 1 19 24 view .LVU368
  20:/home/reo/Documents/Repository/sca-2026/lib/crypto_kem/hqc128/pqclean/gf.c ****         mask &= - (1 - ((a >> i) & 0x0001));
 670              		.loc 1 20 9 view .LVU369
  21:/home/reo/Documents/Repository/sca-2026/lib/crypto_kem/hqc128/pqclean/gf.c ****     }
 671              		.loc 1 21 9 view .LVU370
  19:/home/reo/Documents/Repository/sca-2026/lib/crypto_kem/hqc128/pqclean/gf.c ****         tmp += ((1 - ((a >> i) & 0x0001)) & mask);
 672              		.loc 1 19 32 view .LVU371
  19:/home/reo/Documents/Repository/sca-2026/lib/crypto_kem/hqc128/pqclean/gf.c ****         tmp += ((1 - ((a >> i) & 0x0001)) & mask);
 673              		.loc 1 19 24 view .LVU372
  20:/home/reo/Documents/Repository/sca-2026/lib/crypto_kem/hqc128/pqclean/gf.c ****         mask &= - (1 - ((a >> i) & 0x0001));
 674              		.loc 1 20 9 view .LVU373
  21:/home/reo/Documents/Repository/sca-2026/lib/crypto_kem/hqc128/pqclean/gf.c ****     }
 675              		.loc 1 21 9 view .LVU374
  19:/home/reo/Documents/Repository/sca-2026/lib/crypto_kem/hqc128/pqclean/gf.c ****         tmp += ((1 - ((a >> i) & 0x0001)) & mask);
 676              		.loc 1 19 32 view .LVU375
  19:/home/reo/Documents/Repository/sca-2026/lib/crypto_kem/hqc128/pqclean/gf.c ****         tmp += ((1 - ((a >> i) & 0x0001)) & mask);
 677              		.loc 1 19 24 view .LVU376
  20:/home/reo/Documents/Repository/sca-2026/lib/crypto_kem/hqc128/pqclean/gf.c ****         mask &= - (1 - ((a >> i) & 0x0001));
 678              		.loc 1 20 9 view .LVU377
  21:/home/reo/Documents/Repository/sca-2026/lib/crypto_kem/hqc128/pqclean/gf.c ****     }
 679              		.loc 1 21 9 view .LVU378
  19:/home/reo/Documents/Repository/sca-2026/lib/crypto_kem/hqc128/pqclean/gf.c ****         tmp += ((1 - ((a >> i) & 0x0001)) & mask);
 680              		.loc 1 19 32 view .LVU379
  19:/home/reo/Documents/Repository/sca-2026/lib/crypto_kem/hqc128/pqclean/gf.c ****         tmp += ((1 - ((a >> i) & 0x0001)) & mask);
 681              		.loc 1 19 24 view .LVU380
  20:/home/reo/Documents/Repository/sca-2026/lib/crypto_kem/hqc128/pqclean/gf.c ****         mask &= - (1 - ((a >> i) & 0x0001));
 682              		.loc 1 20 9 view .LVU381
  21:/home/reo/Documents/Repository/sca-2026/lib/crypto_kem/hqc128/pqclean/gf.c ****     }
 683              		.loc 1 21 9 view .LVU382
  19:/home/reo/Documents/Repository/sca-2026/lib/crypto_kem/hqc128/pqclean/gf.c ****         tmp += ((1 - ((a >> i) & 0x0001)) & mask);
 684              		.loc 1 19 32 view .LVU383
  19:/home/reo/Documents/Repository/sca-2026/lib/crypto_kem/hqc128/pqclean/gf.c ****         tmp += ((1 - ((a >> i) & 0x0001)) & mask);
 685              		.loc 1 19 24 view .LVU384
  20:/home/reo/Documents/Repository/sca-2026/lib/crypto_kem/hqc128/pqclean/gf.c ****         mask &= - (1 - ((a >> i) & 0x0001));
 686              		.loc 1 20 9 view .LVU385
  21:/home/reo/Documents/Repository/sca-2026/lib/crypto_kem/hqc128/pqclean/gf.c ****     }
 687              		.loc 1 21 9 view .LVU386
  19:/home/reo/Documents/Repository/sca-2026/lib/crypto_kem/hqc128/pqclean/gf.c ****         tmp += ((1 - ((a >> i) & 0x0001)) & mask);
 688              		.loc 1 19 32 view .LVU387
  19:/home/reo/Documents/Repository/sca-2026/lib/crypto_kem/hqc128/pqclean/gf.c ****         tmp += ((1 - ((a >> i) & 0x0001)) & mask);
 689              		.loc 1 19 24 view .LVU388
  20:/home/reo/Documents/Repository/sca-2026/lib/crypto_kem/hqc128/pqclean/gf.c ****         mask &= - (1 - ((a >> i) & 0x0001));
 690              		.loc 1 20 9 view .LVU389
  21:/home/reo/Documents/Repository/sca-2026/lib/crypto_kem/hqc128/pqclean/gf.c ****     }
 691              		.loc 1 21 9 view .LVU390
  19:/home/reo/Documents/Repository/sca-2026/lib/crypto_kem/hqc128/pqclean/gf.c ****         tmp += ((1 - ((a >> i) & 0x0001)) & mask);
 692              		.loc 1 19 32 view .LVU391
  19:/home/reo/Documents/Repository/sca-2026/lib/crypto_kem/hqc128/pqclean/gf.c ****         tmp += ((1 - ((a >> i) & 0x0001)) & mask);
 693              		.loc 1 19 24 view .LVU392
  20:/home/reo/Documents/Repository/sca-2026/lib/crypto_kem/hqc128/pqclean/gf.c ****         mask &= - (1 - ((a >> i) & 0x0001));
 694              		.loc 1 20 9 view .LVU393
  21:/home/reo/Documents/Repository/sca-2026/lib/crypto_kem/hqc128/pqclean/gf.c ****     }
 695              		.loc 1 21 9 view .LVU394
  19:/home/reo/Documents/Repository/sca-2026/lib/crypto_kem/hqc128/pqclean/gf.c ****         tmp += ((1 - ((a >> i) & 0x0001)) & mask);
 696              		.loc 1 19 32 view .LVU395
  19:/home/reo/Documents/Repository/sca-2026/lib/crypto_kem/hqc128/pqclean/gf.c ****         tmp += ((1 - ((a >> i) & 0x0001)) & mask);
 697              		.loc 1 19 24 view .LVU396
  20:/home/reo/Documents/Repository/sca-2026/lib/crypto_kem/hqc128/pqclean/gf.c ****         mask &= - (1 - ((a >> i) & 0x0001));
 698              		.loc 1 20 9 view .LVU397
  21:/home/reo/Documents/Repository/sca-2026/lib/crypto_kem/hqc128/pqclean/gf.c ****     }
 699              		.loc 1 21 9 view .LVU398
  19:/home/reo/Documents/Repository/sca-2026/lib/crypto_kem/hqc128/pqclean/gf.c ****         tmp += ((1 - ((a >> i) & 0x0001)) & mask);
 700              		.loc 1 19 32 view .LVU399
  19:/home/reo/Documents/Repository/sca-2026/lib/crypto_kem/hqc128/pqclean/gf.c ****         tmp += ((1 - ((a >> i) & 0x0001)) & mask);
 701              		.loc 1 19 24 view .LVU400
  20:/home/reo/Documents/Repository/sca-2026/lib/crypto_kem/hqc128/pqclean/gf.c ****         mask &= - (1 - ((a >> i) & 0x0001));
 702              		.loc 1 20 9 view .LVU401
  21:/home/reo/Documents/Repository/sca-2026/lib/crypto_kem/hqc128/pqclean/gf.c ****     }
 703              		.loc 1 21 9 view .LVU402
  19:/home/reo/Documents/Repository/sca-2026/lib/crypto_kem/hqc128/pqclean/gf.c ****         tmp += ((1 - ((a >> i) & 0x0001)) & mask);
 704              		.loc 1 19 32 view .LVU403
  19:/home/reo/Documents/Repository/sca-2026/lib/crypto_kem/hqc128/pqclean/gf.c ****         tmp += ((1 - ((a >> i) & 0x0001)) & mask);
 705              		.loc 1 19 24 view .LVU404
  20:/home/reo/Documents/Repository/sca-2026/lib/crypto_kem/hqc128/pqclean/gf.c ****         mask &= - (1 - ((a >> i) & 0x0001));
 706              		.loc 1 20 9 view .LVU405
  21:/home/reo/Documents/Repository/sca-2026/lib/crypto_kem/hqc128/pqclean/gf.c ****     }
 707              		.loc 1 21 9 view .LVU406
  19:/home/reo/Documents/Repository/sca-2026/lib/crypto_kem/hqc128/pqclean/gf.c ****         tmp += ((1 - ((a >> i) & 0x0001)) & mask);
 708              		.loc 1 19 32 view .LVU407
  19:/home/reo/Documents/Repository/sca-2026/lib/crypto_kem/hqc128/pqclean/gf.c ****         tmp += ((1 - ((a >> i) & 0x0001)) & mask);
 709              		.loc 1 19 24 view .LVU408
  20:/home/reo/Documents/Repository/sca-2026/lib/crypto_kem/hqc128/pqclean/gf.c ****         mask &= - (1 - ((a >> i) & 0x0001));
 710              		.loc 1 20 9 view .LVU409
  21:/home/reo/Documents/Repository/sca-2026/lib/crypto_kem/hqc128/pqclean/gf.c ****     }
 711              		.loc 1 21 9 view .LVU410
  19:/home/reo/Documents/Repository/sca-2026/lib/crypto_kem/hqc128/pqclean/gf.c ****         tmp += ((1 - ((a >> i) & 0x0001)) & mask);
 712              		.loc 1 19 32 view .LVU411
  19:/home/reo/Documents/Repository/sca-2026/lib/crypto_kem/hqc128/pqclean/gf.c ****         tmp += ((1 - ((a >> i) & 0x0001)) & mask);
 713              		.loc 1 19 24 view .LVU412
  20:/home/reo/Documents/Repository/sca-2026/lib/crypto_kem/hqc128/pqclean/gf.c ****         mask &= - (1 - ((a >> i) & 0x0001));
 714              		.loc 1 20 9 view .LVU413
  21:/home/reo/Documents/Repository/sca-2026/lib/crypto_kem/hqc128/pqclean/gf.c ****     }
 715              		.loc 1 21 9 view .LVU414
  19:/home/reo/Documents/Repository/sca-2026/lib/crypto_kem/hqc128/pqclean/gf.c ****         tmp += ((1 - ((a >> i) & 0x0001)) & mask);
 716              		.loc 1 19 32 view .LVU415
  19:/home/reo/Documents/Repository/sca-2026/lib/crypto_kem/hqc128/pqclean/gf.c ****         tmp += ((1 - ((a >> i) & 0x0001)) & mask);
 717              		.loc 1 19 24 view .LVU416
  20:/home/reo/Documents/Repository/sca-2026/lib/crypto_kem/hqc128/pqclean/gf.c ****         mask &= - (1 - ((a >> i) & 0x0001));
 718              		.loc 1 20 9 view .LVU417
  21:/home/reo/Documents/Repository/sca-2026/lib/crypto_kem/hqc128/pqclean/gf.c ****     }
 719              		.loc 1 21 9 view .LVU418
  19:/home/reo/Documents/Repository/sca-2026/lib/crypto_kem/hqc128/pqclean/gf.c ****         tmp += ((1 - ((a >> i) & 0x0001)) & mask);
 720              		.loc 1 19 32 view .LVU419
  19:/home/reo/Documents/Repository/sca-2026/lib/crypto_kem/hqc128/pqclean/gf.c ****         tmp += ((1 - ((a >> i) & 0x0001)) & mask);
 721              		.loc 1 19 24 view .LVU420
  23:/home/reo/Documents/Repository/sca-2026/lib/crypto_kem/hqc128/pqclean/gf.c **** }
 722              		.loc 1 23 5 view .LVU421
 723              	.LBB98:
 724              	.LBB91:
 725              	.LBB83:
 726              	.LBB74:
  49:/home/reo/Documents/Repository/sca-2026/lib/crypto_kem/hqc128/pqclean/gf.c ****             mod <<= dist;
 727              		.loc 1 49 13 view .LVU422
  50:/home/reo/Documents/Repository/sca-2026/lib/crypto_kem/hqc128/pqclean/gf.c ****             x ^= mod;
 728              		.loc 1 50 13 view .LVU423
  51:/home/reo/Documents/Repository/sca-2026/lib/crypto_kem/hqc128/pqclean/gf.c ****             rmdr ^= 1 << z2;
 729              		.loc 1 51 13 view .LVU424
  50:/home/reo/Documents/Repository/sca-2026/lib/crypto_kem/hqc128/pqclean/gf.c ****             x ^= mod;
 730              		.loc 1 50 17 is_stmt 0 view .LVU425
 731 0168 43EA1173 		orr	r3, r3, r1, lsr #28
  51:/home/reo/Documents/Repository/sca-2026/lib/crypto_kem/hqc128/pqclean/gf.c ****             rmdr ^= 1 << z2;
 732              		.loc 1 51 15 view .LVU426
 733 016c 4340     		eors	r3, r3, r0
 734              	.LVL26:
  52:/home/reo/Documents/Repository/sca-2026/lib/crypto_kem/hqc128/pqclean/gf.c ****             z1 = z2;
 735              		.loc 1 52 13 is_stmt 1 view .LVU427
  53:/home/reo/Documents/Repository/sca-2026/lib/crypto_kem/hqc128/pqclean/gf.c ****         }
 736              		.loc 1 53 13 view .LVU428
  47:/home/reo/Documents/Repository/sca-2026/lib/crypto_kem/hqc128/pqclean/gf.c ****             z2 = trailing_zero_bits_count(rmdr);
 737              		.loc 1 47 50 view .LVU429
  47:/home/reo/Documents/Repository/sca-2026/lib/crypto_kem/hqc128/pqclean/gf.c ****             z2 = trailing_zero_bits_count(rmdr);
 738              		.loc 1 47 47 view .LVU430
 739              	.LBE74:
  40:/home/reo/Documents/Repository/sca-2026/lib/crypto_kem/hqc128/pqclean/gf.c ****         mod = x >> PARAM_M;
 740              		.loc 1 40 35 view .LVU431
  40:/home/reo/Documents/Repository/sca-2026/lib/crypto_kem/hqc128/pqclean/gf.c ****         mod = x >> PARAM_M;
 741              		.loc 1 40 24 view .LVU432
  41:/home/reo/Documents/Repository/sca-2026/lib/crypto_kem/hqc128/pqclean/gf.c ****         x &= (1 << PARAM_M) - 1;
 742              		.loc 1 41 9 view .LVU433
  41:/home/reo/Documents/Repository/sca-2026/lib/crypto_kem/hqc128/pqclean/gf.c ****         x &= (1 << PARAM_M) - 1;
 743              		.loc 1 41 13 is_stmt 0 view .LVU434
 744 016e 110A     		lsrs	r1, r2, #8
 745 0170 41EA0361 		orr	r1, r1, r3, lsl #24
 746              	.LVL27:
  42:/home/reo/Documents/Repository/sca-2026/lib/crypto_kem/hqc128/pqclean/gf.c ****         x ^= mod;
 747              		.loc 1 42 9 is_stmt 1 view .LVU435
  42:/home/reo/Documents/Repository/sca-2026/lib/crypto_kem/hqc128/pqclean/gf.c ****         x ^= mod;
 748              		.loc 1 42 11 is_stmt 0 view .LVU436
 749 0174 02F0FF00 		and	r0, r2, #255
 750              	.LVL28:
  43:/home/reo/Documents/Repository/sca-2026/lib/crypto_kem/hqc128/pqclean/gf.c **** 
 751              		.loc 1 43 9 is_stmt 1 view .LVU437
  43:/home/reo/Documents/Repository/sca-2026/lib/crypto_kem/hqc128/pqclean/gf.c **** 
 752              		.loc 1 43 11 is_stmt 0 view .LVU438
 753 0178 4840     		eors	r0, r0, r1
 754              	.LVL29:
  45:/home/reo/Documents/Repository/sca-2026/lib/crypto_kem/hqc128/pqclean/gf.c ****         rmdr = PARAM_GF_POLY ^ 1;
 755              		.loc 1 45 9 is_stmt 1 view .LVU439
  46:/home/reo/Documents/Repository/sca-2026/lib/crypto_kem/hqc128/pqclean/gf.c ****         for (size_t j = PARAM_GF_POLY_WT - 2; j; --j) {
 756              		.loc 1 46 9 view .LVU440
  47:/home/reo/Documents/Repository/sca-2026/lib/crypto_kem/hqc128/pqclean/gf.c ****             z2 = trailing_zero_bits_count(rmdr);
 757              		.loc 1 47 9 view .LVU441
 758              	.LBB75:
  47:/home/reo/Documents/Repository/sca-2026/lib/crypto_kem/hqc128/pqclean/gf.c ****             z2 = trailing_zero_bits_count(rmdr);
 759              		.loc 1 47 14 view .LVU442
  47:/home/reo/Documents/Repository/sca-2026/lib/crypto_kem/hqc128/pqclean/gf.c ****             z2 = trailing_zero_bits_count(rmdr);
 760              		.loc 1 47 47 view .LVU443
  47:/home/reo/Documents/Repository/sca-2026/lib/crypto_kem/hqc128/pqclean/gf.c ****             z2 = trailing_zero_bits_count(rmdr);
 761              		.loc 1 47 47 is_stmt 0 view .LVU444
 762              	.LBE75:
 763              	.LBE83:
 764              	.LBE91:
 765              	.LBE98:
  19:/home/reo/Documents/Repository/sca-2026/lib/crypto_kem/hqc128/pqclean/gf.c ****         tmp += ((1 - ((a >> i) & 0x0001)) & mask);
 766              		.loc 1 19 24 is_stmt 1 view .LVU445
  20:/home/reo/Documents/Repository/sca-2026/lib/crypto_kem/hqc128/pqclean/gf.c ****         mask &= - (1 - ((a >> i) & 0x0001));
 767              		.loc 1 20 9 view .LVU446
  21:/home/reo/Documents/Repository/sca-2026/lib/crypto_kem/hqc128/pqclean/gf.c ****     }
 768              		.loc 1 21 9 view .LVU447
  19:/home/reo/Documents/Repository/sca-2026/lib/crypto_kem/hqc128/pqclean/gf.c ****         tmp += ((1 - ((a >> i) & 0x0001)) & mask);
 769              		.loc 1 19 32 view .LVU448
  19:/home/reo/Documents/Repository/sca-2026/lib/crypto_kem/hqc128/pqclean/gf.c ****         tmp += ((1 - ((a >> i) & 0x0001)) & mask);
 770              		.loc 1 19 24 view .LVU449
  20:/home/reo/Documents/Repository/sca-2026/lib/crypto_kem/hqc128/pqclean/gf.c ****         mask &= - (1 - ((a >> i) & 0x0001));
 771              		.loc 1 20 9 view .LVU450
  21:/home/reo/Documents/Repository/sca-2026/lib/crypto_kem/hqc128/pqclean/gf.c ****     }
 772              		.loc 1 21 9 view .LVU451
  19:/home/reo/Documents/Repository/sca-2026/lib/crypto_kem/hqc128/pqclean/gf.c ****         tmp += ((1 - ((a >> i) & 0x0001)) & mask);
 773              		.loc 1 19 32 view .LVU452
  19:/home/reo/Documents/Repository/sca-2026/lib/crypto_kem/hqc128/pqclean/gf.c ****         tmp += ((1 - ((a >> i) & 0x0001)) & mask);
 774              		.loc 1 19 24 view .LVU453
  20:/home/reo/Documents/Repository/sca-2026/lib/crypto_kem/hqc128/pqclean/gf.c ****         mask &= - (1 - ((a >> i) & 0x0001));
 775              		.loc 1 20 9 view .LVU454
  21:/home/reo/Documents/Repository/sca-2026/lib/crypto_kem/hqc128/pqclean/gf.c ****     }
 776              		.loc 1 21 9 view .LVU455
  19:/home/reo/Documents/Repository/sca-2026/lib/crypto_kem/hqc128/pqclean/gf.c ****         tmp += ((1 - ((a >> i) & 0x0001)) & mask);
 777              		.loc 1 19 32 view .LVU456
  19:/home/reo/Documents/Repository/sca-2026/lib/crypto_kem/hqc128/pqclean/gf.c ****         tmp += ((1 - ((a >> i) & 0x0001)) & mask);
 778              		.loc 1 19 24 view .LVU457
  20:/home/reo/Documents/Repository/sca-2026/lib/crypto_kem/hqc128/pqclean/gf.c ****         mask &= - (1 - ((a >> i) & 0x0001));
 779              		.loc 1 20 9 view .LVU458
  21:/home/reo/Documents/Repository/sca-2026/lib/crypto_kem/hqc128/pqclean/gf.c ****     }
 780              		.loc 1 21 9 view .LVU459
  19:/home/reo/Documents/Repository/sca-2026/lib/crypto_kem/hqc128/pqclean/gf.c ****         tmp += ((1 - ((a >> i) & 0x0001)) & mask);
 781              		.loc 1 19 32 view .LVU460
  19:/home/reo/Documents/Repository/sca-2026/lib/crypto_kem/hqc128/pqclean/gf.c ****         tmp += ((1 - ((a >> i) & 0x0001)) & mask);
 782              		.loc 1 19 24 view .LVU461
  20:/home/reo/Documents/Repository/sca-2026/lib/crypto_kem/hqc128/pqclean/gf.c ****         mask &= - (1 - ((a >> i) & 0x0001));
 783              		.loc 1 20 9 view .LVU462
  21:/home/reo/Documents/Repository/sca-2026/lib/crypto_kem/hqc128/pqclean/gf.c ****     }
 784              		.loc 1 21 9 view .LVU463
  19:/home/reo/Documents/Repository/sca-2026/lib/crypto_kem/hqc128/pqclean/gf.c ****         tmp += ((1 - ((a >> i) & 0x0001)) & mask);
 785              		.loc 1 19 32 view .LVU464
  19:/home/reo/Documents/Repository/sca-2026/lib/crypto_kem/hqc128/pqclean/gf.c ****         tmp += ((1 - ((a >> i) & 0x0001)) & mask);
 786              		.loc 1 19 24 view .LVU465
  20:/home/reo/Documents/Repository/sca-2026/lib/crypto_kem/hqc128/pqclean/gf.c ****         mask &= - (1 - ((a >> i) & 0x0001));
 787              		.loc 1 20 9 view .LVU466
  21:/home/reo/Documents/Repository/sca-2026/lib/crypto_kem/hqc128/pqclean/gf.c ****     }
 788              		.loc 1 21 9 view .LVU467
  19:/home/reo/Documents/Repository/sca-2026/lib/crypto_kem/hqc128/pqclean/gf.c ****         tmp += ((1 - ((a >> i) & 0x0001)) & mask);
 789              		.loc 1 19 32 view .LVU468
  19:/home/reo/Documents/Repository/sca-2026/lib/crypto_kem/hqc128/pqclean/gf.c ****         tmp += ((1 - ((a >> i) & 0x0001)) & mask);
 790              		.loc 1 19 24 view .LVU469
  20:/home/reo/Documents/Repository/sca-2026/lib/crypto_kem/hqc128/pqclean/gf.c ****         mask &= - (1 - ((a >> i) & 0x0001));
 791              		.loc 1 20 9 view .LVU470
  21:/home/reo/Documents/Repository/sca-2026/lib/crypto_kem/hqc128/pqclean/gf.c ****     }
 792              		.loc 1 21 9 view .LVU471
  19:/home/reo/Documents/Repository/sca-2026/lib/crypto_kem/hqc128/pqclean/gf.c ****         tmp += ((1 - ((a >> i) & 0x0001)) & mask);
 793              		.loc 1 19 32 view .LVU472
  19:/home/reo/Documents/Repository/sca-2026/lib/crypto_kem/hqc128/pqclean/gf.c ****         tmp += ((1 - ((a >> i) & 0x0001)) & mask);
 794              		.loc 1 19 24 view .LVU473
  20:/home/reo/Documents/Repository/sca-2026/lib/crypto_kem/hqc128/pqclean/gf.c ****         mask &= - (1 - ((a >> i) & 0x0001));
 795              		.loc 1 20 9 view .LVU474
  21:/home/reo/Documents/Repository/sca-2026/lib/crypto_kem/hqc128/pqclean/gf.c ****     }
 796              		.loc 1 21 9 view .LVU475
  19:/home/reo/Documents/Repository/sca-2026/lib/crypto_kem/hqc128/pqclean/gf.c ****         tmp += ((1 - ((a >> i) & 0x0001)) & mask);
 797              		.loc 1 19 32 view .LVU476
  19:/home/reo/Documents/Repository/sca-2026/lib/crypto_kem/hqc128/pqclean/gf.c ****         tmp += ((1 - ((a >> i) & 0x0001)) & mask);
 798              		.loc 1 19 24 view .LVU477
  20:/home/reo/Documents/Repository/sca-2026/lib/crypto_kem/hqc128/pqclean/gf.c ****         mask &= - (1 - ((a >> i) & 0x0001));
 799              		.loc 1 20 9 view .LVU478
  21:/home/reo/Documents/Repository/sca-2026/lib/crypto_kem/hqc128/pqclean/gf.c ****     }
 800              		.loc 1 21 9 view .LVU479
  19:/home/reo/Documents/Repository/sca-2026/lib/crypto_kem/hqc128/pqclean/gf.c ****         tmp += ((1 - ((a >> i) & 0x0001)) & mask);
 801              		.loc 1 19 32 view .LVU480
  19:/home/reo/Documents/Repository/sca-2026/lib/crypto_kem/hqc128/pqclean/gf.c ****         tmp += ((1 - ((a >> i) & 0x0001)) & mask);
 802              		.loc 1 19 24 view .LVU481
  20:/home/reo/Documents/Repository/sca-2026/lib/crypto_kem/hqc128/pqclean/gf.c ****         mask &= - (1 - ((a >> i) & 0x0001));
 803              		.loc 1 20 9 view .LVU482
  21:/home/reo/Documents/Repository/sca-2026/lib/crypto_kem/hqc128/pqclean/gf.c ****     }
 804              		.loc 1 21 9 view .LVU483
  19:/home/reo/Documents/Repository/sca-2026/lib/crypto_kem/hqc128/pqclean/gf.c ****         tmp += ((1 - ((a >> i) & 0x0001)) & mask);
 805              		.loc 1 19 32 view .LVU484
  19:/home/reo/Documents/Repository/sca-2026/lib/crypto_kem/hqc128/pqclean/gf.c ****         tmp += ((1 - ((a >> i) & 0x0001)) & mask);
 806              		.loc 1 19 24 view .LVU485
  20:/home/reo/Documents/Repository/sca-2026/lib/crypto_kem/hqc128/pqclean/gf.c ****         mask &= - (1 - ((a >> i) & 0x0001));
 807              		.loc 1 20 9 view .LVU486
  21:/home/reo/Documents/Repository/sca-2026/lib/crypto_kem/hqc128/pqclean/gf.c ****     }
 808              		.loc 1 21 9 view .LVU487
  19:/home/reo/Documents/Repository/sca-2026/lib/crypto_kem/hqc128/pqclean/gf.c ****         tmp += ((1 - ((a >> i) & 0x0001)) & mask);
 809              		.loc 1 19 32 view .LVU488
  19:/home/reo/Documents/Repository/sca-2026/lib/crypto_kem/hqc128/pqclean/gf.c ****         tmp += ((1 - ((a >> i) & 0x0001)) & mask);
 810              		.loc 1 19 24 view .LVU489
  20:/home/reo/Documents/Repository/sca-2026/lib/crypto_kem/hqc128/pqclean/gf.c ****         mask &= - (1 - ((a >> i) & 0x0001));
 811              		.loc 1 20 9 view .LVU490
  21:/home/reo/Documents/Repository/sca-2026/lib/crypto_kem/hqc128/pqclean/gf.c ****     }
 812              		.loc 1 21 9 view .LVU491
  19:/home/reo/Documents/Repository/sca-2026/lib/crypto_kem/hqc128/pqclean/gf.c ****         tmp += ((1 - ((a >> i) & 0x0001)) & mask);
 813              		.loc 1 19 32 view .LVU492
  19:/home/reo/Documents/Repository/sca-2026/lib/crypto_kem/hqc128/pqclean/gf.c ****         tmp += ((1 - ((a >> i) & 0x0001)) & mask);
 814              		.loc 1 19 24 view .LVU493
  20:/home/reo/Documents/Repository/sca-2026/lib/crypto_kem/hqc128/pqclean/gf.c ****         mask &= - (1 - ((a >> i) & 0x0001));
 815              		.loc 1 20 9 view .LVU494
  21:/home/reo/Documents/Repository/sca-2026/lib/crypto_kem/hqc128/pqclean/gf.c ****     }
 816              		.loc 1 21 9 view .LVU495
  19:/home/reo/Documents/Repository/sca-2026/lib/crypto_kem/hqc128/pqclean/gf.c ****         tmp += ((1 - ((a >> i) & 0x0001)) & mask);
 817              		.loc 1 19 32 view .LVU496
  19:/home/reo/Documents/Repository/sca-2026/lib/crypto_kem/hqc128/pqclean/gf.c ****         tmp += ((1 - ((a >> i) & 0x0001)) & mask);
 818              		.loc 1 19 24 view .LVU497
  20:/home/reo/Documents/Repository/sca-2026/lib/crypto_kem/hqc128/pqclean/gf.c ****         mask &= - (1 - ((a >> i) & 0x0001));
 819              		.loc 1 20 9 view .LVU498
  21:/home/reo/Documents/Repository/sca-2026/lib/crypto_kem/hqc128/pqclean/gf.c ****     }
 820              		.loc 1 21 9 view .LVU499
  19:/home/reo/Documents/Repository/sca-2026/lib/crypto_kem/hqc128/pqclean/gf.c ****         tmp += ((1 - ((a >> i) & 0x0001)) & mask);
 821              		.loc 1 19 32 view .LVU500
  19:/home/reo/Documents/Repository/sca-2026/lib/crypto_kem/hqc128/pqclean/gf.c ****         tmp += ((1 - ((a >> i) & 0x0001)) & mask);
 822              		.loc 1 19 24 view .LVU501
  23:/home/reo/Documents/Repository/sca-2026/lib/crypto_kem/hqc128/pqclean/gf.c **** }
 823              		.loc 1 23 5 view .LVU502
 824              	.LBB99:
 825              	.LBB92:
 826              	.LBB84:
 827              	.LBB76:
  49:/home/reo/Documents/Repository/sca-2026/lib/crypto_kem/hqc128/pqclean/gf.c ****             mod <<= dist;
 828              		.loc 1 49 13 view .LVU503
  50:/home/reo/Documents/Repository/sca-2026/lib/crypto_kem/hqc128/pqclean/gf.c ****             x ^= mod;
 829              		.loc 1 50 13 view .LVU504
  51:/home/reo/Documents/Repository/sca-2026/lib/crypto_kem/hqc128/pqclean/gf.c ****             rmdr ^= 1 << z2;
 830              		.loc 1 51 13 view .LVU505
  51:/home/reo/Documents/Repository/sca-2026/lib/crypto_kem/hqc128/pqclean/gf.c ****             rmdr ^= 1 << z2;
 831              		.loc 1 51 15 is_stmt 0 view .LVU506
 832 017a 80EA8100 		eor	r0, r0, r1, lsl #2
 833              	.LVL30:
  52:/home/reo/Documents/Repository/sca-2026/lib/crypto_kem/hqc128/pqclean/gf.c ****             z1 = z2;
 834              		.loc 1 52 13 is_stmt 1 view .LVU507
  53:/home/reo/Documents/Repository/sca-2026/lib/crypto_kem/hqc128/pqclean/gf.c ****         }
 835              		.loc 1 53 13 view .LVU508
  47:/home/reo/Documents/Repository/sca-2026/lib/crypto_kem/hqc128/pqclean/gf.c ****             z2 = trailing_zero_bits_count(rmdr);
 836              		.loc 1 47 50 view .LVU509
  47:/home/reo/Documents/Repository/sca-2026/lib/crypto_kem/hqc128/pqclean/gf.c ****             z2 = trailing_zero_bits_count(rmdr);
 837              		.loc 1 47 47 view .LVU510
  47:/home/reo/Documents/Repository/sca-2026/lib/crypto_kem/hqc128/pqclean/gf.c ****             z2 = trailing_zero_bits_count(rmdr);
 838              		.loc 1 47 47 is_stmt 0 view .LVU511
 839              	.LBE76:
 840              	.LBE84:
 841              	.LBE92:
 842              	.LBE99:
  19:/home/reo/Documents/Repository/sca-2026/lib/crypto_kem/hqc128/pqclean/gf.c ****         tmp += ((1 - ((a >> i) & 0x0001)) & mask);
 843              		.loc 1 19 24 is_stmt 1 view .LVU512
  20:/home/reo/Documents/Repository/sca-2026/lib/crypto_kem/hqc128/pqclean/gf.c ****         mask &= - (1 - ((a >> i) & 0x0001));
 844              		.loc 1 20 9 view .LVU513
  21:/home/reo/Documents/Repository/sca-2026/lib/crypto_kem/hqc128/pqclean/gf.c ****     }
 845              		.loc 1 21 9 view .LVU514
  19:/home/reo/Documents/Repository/sca-2026/lib/crypto_kem/hqc128/pqclean/gf.c ****         tmp += ((1 - ((a >> i) & 0x0001)) & mask);
 846              		.loc 1 19 32 view .LVU515
  19:/home/reo/Documents/Repository/sca-2026/lib/crypto_kem/hqc128/pqclean/gf.c ****         tmp += ((1 - ((a >> i) & 0x0001)) & mask);
 847              		.loc 1 19 24 view .LVU516
  20:/home/reo/Documents/Repository/sca-2026/lib/crypto_kem/hqc128/pqclean/gf.c ****         mask &= - (1 - ((a >> i) & 0x0001));
 848              		.loc 1 20 9 view .LVU517
  21:/home/reo/Documents/Repository/sca-2026/lib/crypto_kem/hqc128/pqclean/gf.c ****     }
 849              		.loc 1 21 9 view .LVU518
  19:/home/reo/Documents/Repository/sca-2026/lib/crypto_kem/hqc128/pqclean/gf.c ****         tmp += ((1 - ((a >> i) & 0x0001)) & mask);
 850              		.loc 1 19 32 view .LVU519
  19:/home/reo/Documents/Repository/sca-2026/lib/crypto_kem/hqc128/pqclean/gf.c ****         tmp += ((1 - ((a >> i) & 0x0001)) & mask);
 851              		.loc 1 19 24 view .LVU520
  20:/home/reo/Documents/Repository/sca-2026/lib/crypto_kem/hqc128/pqclean/gf.c ****         mask &= - (1 - ((a >> i) & 0x0001));
 852              		.loc 1 20 9 view .LVU521
  21:/home/reo/Documents/Repository/sca-2026/lib/crypto_kem/hqc128/pqclean/gf.c ****     }
 853              		.loc 1 21 9 view .LVU522
  19:/home/reo/Documents/Repository/sca-2026/lib/crypto_kem/hqc128/pqclean/gf.c ****         tmp += ((1 - ((a >> i) & 0x0001)) & mask);
 854              		.loc 1 19 32 view .LVU523
  19:/home/reo/Documents/Repository/sca-2026/lib/crypto_kem/hqc128/pqclean/gf.c ****         tmp += ((1 - ((a >> i) & 0x0001)) & mask);
 855              		.loc 1 19 24 view .LVU524
  20:/home/reo/Documents/Repository/sca-2026/lib/crypto_kem/hqc128/pqclean/gf.c ****         mask &= - (1 - ((a >> i) & 0x0001));
 856              		.loc 1 20 9 view .LVU525
  21:/home/reo/Documents/Repository/sca-2026/lib/crypto_kem/hqc128/pqclean/gf.c ****     }
 857              		.loc 1 21 9 view .LVU526
  19:/home/reo/Documents/Repository/sca-2026/lib/crypto_kem/hqc128/pqclean/gf.c ****         tmp += ((1 - ((a >> i) & 0x0001)) & mask);
 858              		.loc 1 19 32 view .LVU527
  19:/home/reo/Documents/Repository/sca-2026/lib/crypto_kem/hqc128/pqclean/gf.c ****         tmp += ((1 - ((a >> i) & 0x0001)) & mask);
 859              		.loc 1 19 24 view .LVU528
  20:/home/reo/Documents/Repository/sca-2026/lib/crypto_kem/hqc128/pqclean/gf.c ****         mask &= - (1 - ((a >> i) & 0x0001));
 860              		.loc 1 20 9 view .LVU529
  21:/home/reo/Documents/Repository/sca-2026/lib/crypto_kem/hqc128/pqclean/gf.c ****     }
 861              		.loc 1 21 9 view .LVU530
  19:/home/reo/Documents/Repository/sca-2026/lib/crypto_kem/hqc128/pqclean/gf.c ****         tmp += ((1 - ((a >> i) & 0x0001)) & mask);
 862              		.loc 1 19 32 view .LVU531
  19:/home/reo/Documents/Repository/sca-2026/lib/crypto_kem/hqc128/pqclean/gf.c ****         tmp += ((1 - ((a >> i) & 0x0001)) & mask);
 863              		.loc 1 19 24 view .LVU532
  20:/home/reo/Documents/Repository/sca-2026/lib/crypto_kem/hqc128/pqclean/gf.c ****         mask &= - (1 - ((a >> i) & 0x0001));
 864              		.loc 1 20 9 view .LVU533
  21:/home/reo/Documents/Repository/sca-2026/lib/crypto_kem/hqc128/pqclean/gf.c ****     }
 865              		.loc 1 21 9 view .LVU534
  19:/home/reo/Documents/Repository/sca-2026/lib/crypto_kem/hqc128/pqclean/gf.c ****         tmp += ((1 - ((a >> i) & 0x0001)) & mask);
 866              		.loc 1 19 32 view .LVU535
  19:/home/reo/Documents/Repository/sca-2026/lib/crypto_kem/hqc128/pqclean/gf.c ****         tmp += ((1 - ((a >> i) & 0x0001)) & mask);
 867              		.loc 1 19 24 view .LVU536
  20:/home/reo/Documents/Repository/sca-2026/lib/crypto_kem/hqc128/pqclean/gf.c ****         mask &= - (1 - ((a >> i) & 0x0001));
 868              		.loc 1 20 9 view .LVU537
  21:/home/reo/Documents/Repository/sca-2026/lib/crypto_kem/hqc128/pqclean/gf.c ****     }
 869              		.loc 1 21 9 view .LVU538
  19:/home/reo/Documents/Repository/sca-2026/lib/crypto_kem/hqc128/pqclean/gf.c ****         tmp += ((1 - ((a >> i) & 0x0001)) & mask);
 870              		.loc 1 19 32 view .LVU539
  19:/home/reo/Documents/Repository/sca-2026/lib/crypto_kem/hqc128/pqclean/gf.c ****         tmp += ((1 - ((a >> i) & 0x0001)) & mask);
 871              		.loc 1 19 24 view .LVU540
  20:/home/reo/Documents/Repository/sca-2026/lib/crypto_kem/hqc128/pqclean/gf.c ****         mask &= - (1 - ((a >> i) & 0x0001));
 872              		.loc 1 20 9 view .LVU541
  21:/home/reo/Documents/Repository/sca-2026/lib/crypto_kem/hqc128/pqclean/gf.c ****     }
 873              		.loc 1 21 9 view .LVU542
  19:/home/reo/Documents/Repository/sca-2026/lib/crypto_kem/hqc128/pqclean/gf.c ****         tmp += ((1 - ((a >> i) & 0x0001)) & mask);
 874              		.loc 1 19 32 view .LVU543
  19:/home/reo/Documents/Repository/sca-2026/lib/crypto_kem/hqc128/pqclean/gf.c ****         tmp += ((1 - ((a >> i) & 0x0001)) & mask);
 875              		.loc 1 19 24 view .LVU544
  20:/home/reo/Documents/Repository/sca-2026/lib/crypto_kem/hqc128/pqclean/gf.c ****         mask &= - (1 - ((a >> i) & 0x0001));
 876              		.loc 1 20 9 view .LVU545
  21:/home/reo/Documents/Repository/sca-2026/lib/crypto_kem/hqc128/pqclean/gf.c ****     }
 877              		.loc 1 21 9 view .LVU546
  19:/home/reo/Documents/Repository/sca-2026/lib/crypto_kem/hqc128/pqclean/gf.c ****         tmp += ((1 - ((a >> i) & 0x0001)) & mask);
 878              		.loc 1 19 32 view .LVU547
  19:/home/reo/Documents/Repository/sca-2026/lib/crypto_kem/hqc128/pqclean/gf.c ****         tmp += ((1 - ((a >> i) & 0x0001)) & mask);
 879              		.loc 1 19 24 view .LVU548
  20:/home/reo/Documents/Repository/sca-2026/lib/crypto_kem/hqc128/pqclean/gf.c ****         mask &= - (1 - ((a >> i) & 0x0001));
 880              		.loc 1 20 9 view .LVU549
  21:/home/reo/Documents/Repository/sca-2026/lib/crypto_kem/hqc128/pqclean/gf.c ****     }
 881              		.loc 1 21 9 view .LVU550
  19:/home/reo/Documents/Repository/sca-2026/lib/crypto_kem/hqc128/pqclean/gf.c ****         tmp += ((1 - ((a >> i) & 0x0001)) & mask);
 882              		.loc 1 19 32 view .LVU551
  19:/home/reo/Documents/Repository/sca-2026/lib/crypto_kem/hqc128/pqclean/gf.c ****         tmp += ((1 - ((a >> i) & 0x0001)) & mask);
 883              		.loc 1 19 24 view .LVU552
  20:/home/reo/Documents/Repository/sca-2026/lib/crypto_kem/hqc128/pqclean/gf.c ****         mask &= - (1 - ((a >> i) & 0x0001));
 884              		.loc 1 20 9 view .LVU553
  21:/home/reo/Documents/Repository/sca-2026/lib/crypto_kem/hqc128/pqclean/gf.c ****     }
 885              		.loc 1 21 9 view .LVU554
  19:/home/reo/Documents/Repository/sca-2026/lib/crypto_kem/hqc128/pqclean/gf.c ****         tmp += ((1 - ((a >> i) & 0x0001)) & mask);
 886              		.loc 1 19 32 view .LVU555
  19:/home/reo/Documents/Repository/sca-2026/lib/crypto_kem/hqc128/pqclean/gf.c ****         tmp += ((1 - ((a >> i) & 0x0001)) & mask);
 887              		.loc 1 19 24 view .LVU556
  20:/home/reo/Documents/Repository/sca-2026/lib/crypto_kem/hqc128/pqclean/gf.c ****         mask &= - (1 - ((a >> i) & 0x0001));
 888              		.loc 1 20 9 view .LVU557
  21:/home/reo/Documents/Repository/sca-2026/lib/crypto_kem/hqc128/pqclean/gf.c ****     }
 889              		.loc 1 21 9 view .LVU558
  19:/home/reo/Documents/Repository/sca-2026/lib/crypto_kem/hqc128/pqclean/gf.c ****         tmp += ((1 - ((a >> i) & 0x0001)) & mask);
 890              		.loc 1 19 32 view .LVU559
  19:/home/reo/Documents/Repository/sca-2026/lib/crypto_kem/hqc128/pqclean/gf.c ****         tmp += ((1 - ((a >> i) & 0x0001)) & mask);
 891              		.loc 1 19 24 view .LVU560
  20:/home/reo/Documents/Repository/sca-2026/lib/crypto_kem/hqc128/pqclean/gf.c ****         mask &= - (1 - ((a >> i) & 0x0001));
 892              		.loc 1 20 9 view .LVU561
  21:/home/reo/Documents/Repository/sca-2026/lib/crypto_kem/hqc128/pqclean/gf.c ****     }
 893              		.loc 1 21 9 view .LVU562
  19:/home/reo/Documents/Repository/sca-2026/lib/crypto_kem/hqc128/pqclean/gf.c ****         tmp += ((1 - ((a >> i) & 0x0001)) & mask);
 894              		.loc 1 19 32 view .LVU563
  19:/home/reo/Documents/Repository/sca-2026/lib/crypto_kem/hqc128/pqclean/gf.c ****         tmp += ((1 - ((a >> i) & 0x0001)) & mask);
 895              		.loc 1 19 24 view .LVU564
  20:/home/reo/Documents/Repository/sca-2026/lib/crypto_kem/hqc128/pqclean/gf.c ****         mask &= - (1 - ((a >> i) & 0x0001));
 896              		.loc 1 20 9 view .LVU565
  21:/home/reo/Documents/Repository/sca-2026/lib/crypto_kem/hqc128/pqclean/gf.c ****     }
 897              		.loc 1 21 9 view .LVU566
  19:/home/reo/Documents/Repository/sca-2026/lib/crypto_kem/hqc128/pqclean/gf.c ****         tmp += ((1 - ((a >> i) & 0x0001)) & mask);
 898              		.loc 1 19 32 view .LVU567
  19:/home/reo/Documents/Repository/sca-2026/lib/crypto_kem/hqc128/pqclean/gf.c ****         tmp += ((1 - ((a >> i) & 0x0001)) & mask);
 899              		.loc 1 19 24 view .LVU568
  23:/home/reo/Documents/Repository/sca-2026/lib/crypto_kem/hqc128/pqclean/gf.c **** }
 900              		.loc 1 23 5 view .LVU569
 901              	.LBB100:
 902              	.LBB93:
 903              	.LBB85:
 904              	.LBB77:
  49:/home/reo/Documents/Repository/sca-2026/lib/crypto_kem/hqc128/pqclean/gf.c ****             mod <<= dist;
 905              		.loc 1 49 13 view .LVU570
  50:/home/reo/Documents/Repository/sca-2026/lib/crypto_kem/hqc128/pqclean/gf.c ****             x ^= mod;
 906              		.loc 1 50 13 view .LVU571
  51:/home/reo/Documents/Repository/sca-2026/lib/crypto_kem/hqc128/pqclean/gf.c ****             rmdr ^= 1 << z2;
 907              		.loc 1 51 13 view .LVU572
  51:/home/reo/Documents/Repository/sca-2026/lib/crypto_kem/hqc128/pqclean/gf.c ****             rmdr ^= 1 << z2;
 908              		.loc 1 51 15 is_stmt 0 view .LVU573
 909 017e 80EAC100 		eor	r0, r0, r1, lsl #3
 910              	.LVL31:
  52:/home/reo/Documents/Repository/sca-2026/lib/crypto_kem/hqc128/pqclean/gf.c ****             z1 = z2;
 911              		.loc 1 52 13 is_stmt 1 view .LVU574
  53:/home/reo/Documents/Repository/sca-2026/lib/crypto_kem/hqc128/pqclean/gf.c ****         }
 912              		.loc 1 53 13 view .LVU575
  47:/home/reo/Documents/Repository/sca-2026/lib/crypto_kem/hqc128/pqclean/gf.c ****             z2 = trailing_zero_bits_count(rmdr);
 913              		.loc 1 47 50 view .LVU576
  47:/home/reo/Documents/Repository/sca-2026/lib/crypto_kem/hqc128/pqclean/gf.c ****             z2 = trailing_zero_bits_count(rmdr);
 914              		.loc 1 47 47 view .LVU577
  47:/home/reo/Documents/Repository/sca-2026/lib/crypto_kem/hqc128/pqclean/gf.c ****             z2 = trailing_zero_bits_count(rmdr);
 915              		.loc 1 47 47 is_stmt 0 view .LVU578
 916              	.LBE77:
 917              	.LBE85:
 918              	.LBE93:
 919              	.LBE100:
  19:/home/reo/Documents/Repository/sca-2026/lib/crypto_kem/hqc128/pqclean/gf.c ****         tmp += ((1 - ((a >> i) & 0x0001)) & mask);
 920              		.loc 1 19 24 is_stmt 1 view .LVU579
  20:/home/reo/Documents/Repository/sca-2026/lib/crypto_kem/hqc128/pqclean/gf.c ****         mask &= - (1 - ((a >> i) & 0x0001));
 921              		.loc 1 20 9 view .LVU580
  21:/home/reo/Documents/Repository/sca-2026/lib/crypto_kem/hqc128/pqclean/gf.c ****     }
 922              		.loc 1 21 9 view .LVU581
  19:/home/reo/Documents/Repository/sca-2026/lib/crypto_kem/hqc128/pqclean/gf.c ****         tmp += ((1 - ((a >> i) & 0x0001)) & mask);
 923              		.loc 1 19 32 view .LVU582
  19:/home/reo/Documents/Repository/sca-2026/lib/crypto_kem/hqc128/pqclean/gf.c ****         tmp += ((1 - ((a >> i) & 0x0001)) & mask);
 924              		.loc 1 19 24 view .LVU583
  20:/home/reo/Documents/Repository/sca-2026/lib/crypto_kem/hqc128/pqclean/gf.c ****         mask &= - (1 - ((a >> i) & 0x0001));
 925              		.loc 1 20 9 view .LVU584
  21:/home/reo/Documents/Repository/sca-2026/lib/crypto_kem/hqc128/pqclean/gf.c ****     }
 926              		.loc 1 21 9 view .LVU585
  19:/home/reo/Documents/Repository/sca-2026/lib/crypto_kem/hqc128/pqclean/gf.c ****         tmp += ((1 - ((a >> i) & 0x0001)) & mask);
 927              		.loc 1 19 32 view .LVU586
  19:/home/reo/Documents/Repository/sca-2026/lib/crypto_kem/hqc128/pqclean/gf.c ****         tmp += ((1 - ((a >> i) & 0x0001)) & mask);
 928              		.loc 1 19 24 view .LVU587
  20:/home/reo/Documents/Repository/sca-2026/lib/crypto_kem/hqc128/pqclean/gf.c ****         mask &= - (1 - ((a >> i) & 0x0001));
 929              		.loc 1 20 9 view .LVU588
  21:/home/reo/Documents/Repository/sca-2026/lib/crypto_kem/hqc128/pqclean/gf.c ****     }
 930              		.loc 1 21 9 view .LVU589
  19:/home/reo/Documents/Repository/sca-2026/lib/crypto_kem/hqc128/pqclean/gf.c ****         tmp += ((1 - ((a >> i) & 0x0001)) & mask);
 931              		.loc 1 19 32 view .LVU590
  19:/home/reo/Documents/Repository/sca-2026/lib/crypto_kem/hqc128/pqclean/gf.c ****         tmp += ((1 - ((a >> i) & 0x0001)) & mask);
 932              		.loc 1 19 24 view .LVU591
  20:/home/reo/Documents/Repository/sca-2026/lib/crypto_kem/hqc128/pqclean/gf.c ****         mask &= - (1 - ((a >> i) & 0x0001));
 933              		.loc 1 20 9 view .LVU592
  21:/home/reo/Documents/Repository/sca-2026/lib/crypto_kem/hqc128/pqclean/gf.c ****     }
 934              		.loc 1 21 9 view .LVU593
  19:/home/reo/Documents/Repository/sca-2026/lib/crypto_kem/hqc128/pqclean/gf.c ****         tmp += ((1 - ((a >> i) & 0x0001)) & mask);
 935              		.loc 1 19 32 view .LVU594
  19:/home/reo/Documents/Repository/sca-2026/lib/crypto_kem/hqc128/pqclean/gf.c ****         tmp += ((1 - ((a >> i) & 0x0001)) & mask);
 936              		.loc 1 19 24 view .LVU595
  20:/home/reo/Documents/Repository/sca-2026/lib/crypto_kem/hqc128/pqclean/gf.c ****         mask &= - (1 - ((a >> i) & 0x0001));
 937              		.loc 1 20 9 view .LVU596
  21:/home/reo/Documents/Repository/sca-2026/lib/crypto_kem/hqc128/pqclean/gf.c ****     }
 938              		.loc 1 21 9 view .LVU597
  19:/home/reo/Documents/Repository/sca-2026/lib/crypto_kem/hqc128/pqclean/gf.c ****         tmp += ((1 - ((a >> i) & 0x0001)) & mask);
 939              		.loc 1 19 32 view .LVU598
  19:/home/reo/Documents/Repository/sca-2026/lib/crypto_kem/hqc128/pqclean/gf.c ****         tmp += ((1 - ((a >> i) & 0x0001)) & mask);
 940              		.loc 1 19 24 view .LVU599
  20:/home/reo/Documents/Repository/sca-2026/lib/crypto_kem/hqc128/pqclean/gf.c ****         mask &= - (1 - ((a >> i) & 0x0001));
 941              		.loc 1 20 9 view .LVU600
  21:/home/reo/Documents/Repository/sca-2026/lib/crypto_kem/hqc128/pqclean/gf.c ****     }
 942              		.loc 1 21 9 view .LVU601
  19:/home/reo/Documents/Repository/sca-2026/lib/crypto_kem/hqc128/pqclean/gf.c ****         tmp += ((1 - ((a >> i) & 0x0001)) & mask);
 943              		.loc 1 19 32 view .LVU602
  19:/home/reo/Documents/Repository/sca-2026/lib/crypto_kem/hqc128/pqclean/gf.c ****         tmp += ((1 - ((a >> i) & 0x0001)) & mask);
 944              		.loc 1 19 24 view .LVU603
  20:/home/reo/Documents/Repository/sca-2026/lib/crypto_kem/hqc128/pqclean/gf.c ****         mask &= - (1 - ((a >> i) & 0x0001));
 945              		.loc 1 20 9 view .LVU604
  21:/home/reo/Documents/Repository/sca-2026/lib/crypto_kem/hqc128/pqclean/gf.c ****     }
 946              		.loc 1 21 9 view .LVU605
  19:/home/reo/Documents/Repository/sca-2026/lib/crypto_kem/hqc128/pqclean/gf.c ****         tmp += ((1 - ((a >> i) & 0x0001)) & mask);
 947              		.loc 1 19 32 view .LVU606
  19:/home/reo/Documents/Repository/sca-2026/lib/crypto_kem/hqc128/pqclean/gf.c ****         tmp += ((1 - ((a >> i) & 0x0001)) & mask);
 948              		.loc 1 19 24 view .LVU607
  20:/home/reo/Documents/Repository/sca-2026/lib/crypto_kem/hqc128/pqclean/gf.c ****         mask &= - (1 - ((a >> i) & 0x0001));
 949              		.loc 1 20 9 view .LVU608
  21:/home/reo/Documents/Repository/sca-2026/lib/crypto_kem/hqc128/pqclean/gf.c ****     }
 950              		.loc 1 21 9 view .LVU609
  19:/home/reo/Documents/Repository/sca-2026/lib/crypto_kem/hqc128/pqclean/gf.c ****         tmp += ((1 - ((a >> i) & 0x0001)) & mask);
 951              		.loc 1 19 32 view .LVU610
  19:/home/reo/Documents/Repository/sca-2026/lib/crypto_kem/hqc128/pqclean/gf.c ****         tmp += ((1 - ((a >> i) & 0x0001)) & mask);
 952              		.loc 1 19 24 view .LVU611
  20:/home/reo/Documents/Repository/sca-2026/lib/crypto_kem/hqc128/pqclean/gf.c ****         mask &= - (1 - ((a >> i) & 0x0001));
 953              		.loc 1 20 9 view .LVU612
  21:/home/reo/Documents/Repository/sca-2026/lib/crypto_kem/hqc128/pqclean/gf.c ****     }
 954              		.loc 1 21 9 view .LVU613
  19:/home/reo/Documents/Repository/sca-2026/lib/crypto_kem/hqc128/pqclean/gf.c ****         tmp += ((1 - ((a >> i) & 0x0001)) & mask);
 955              		.loc 1 19 32 view .LVU614
  19:/home/reo/Documents/Repository/sca-2026/lib/crypto_kem/hqc128/pqclean/gf.c ****         tmp += ((1 - ((a >> i) & 0x0001)) & mask);
 956              		.loc 1 19 24 view .LVU615
  20:/home/reo/Documents/Repository/sca-2026/lib/crypto_kem/hqc128/pqclean/gf.c ****         mask &= - (1 - ((a >> i) & 0x0001));
 957              		.loc 1 20 9 view .LVU616
  21:/home/reo/Documents/Repository/sca-2026/lib/crypto_kem/hqc128/pqclean/gf.c ****     }
 958              		.loc 1 21 9 view .LVU617
  19:/home/reo/Documents/Repository/sca-2026/lib/crypto_kem/hqc128/pqclean/gf.c ****         tmp += ((1 - ((a >> i) & 0x0001)) & mask);
 959              		.loc 1 19 32 view .LVU618
  19:/home/reo/Documents/Repository/sca-2026/lib/crypto_kem/hqc128/pqclean/gf.c ****         tmp += ((1 - ((a >> i) & 0x0001)) & mask);
 960              		.loc 1 19 24 view .LVU619
  20:/home/reo/Documents/Repository/sca-2026/lib/crypto_kem/hqc128/pqclean/gf.c ****         mask &= - (1 - ((a >> i) & 0x0001));
 961              		.loc 1 20 9 view .LVU620
  21:/home/reo/Documents/Repository/sca-2026/lib/crypto_kem/hqc128/pqclean/gf.c ****     }
 962              		.loc 1 21 9 view .LVU621
  19:/home/reo/Documents/Repository/sca-2026/lib/crypto_kem/hqc128/pqclean/gf.c ****         tmp += ((1 - ((a >> i) & 0x0001)) & mask);
 963              		.loc 1 19 32 view .LVU622
  19:/home/reo/Documents/Repository/sca-2026/lib/crypto_kem/hqc128/pqclean/gf.c ****         tmp += ((1 - ((a >> i) & 0x0001)) & mask);
 964              		.loc 1 19 24 view .LVU623
  20:/home/reo/Documents/Repository/sca-2026/lib/crypto_kem/hqc128/pqclean/gf.c ****         mask &= - (1 - ((a >> i) & 0x0001));
 965              		.loc 1 20 9 view .LVU624
  21:/home/reo/Documents/Repository/sca-2026/lib/crypto_kem/hqc128/pqclean/gf.c ****     }
 966              		.loc 1 21 9 view .LVU625
  19:/home/reo/Documents/Repository/sca-2026/lib/crypto_kem/hqc128/pqclean/gf.c ****         tmp += ((1 - ((a >> i) & 0x0001)) & mask);
 967              		.loc 1 19 32 view .LVU626
  19:/home/reo/Documents/Repository/sca-2026/lib/crypto_kem/hqc128/pqclean/gf.c ****         tmp += ((1 - ((a >> i) & 0x0001)) & mask);
 968              		.loc 1 19 24 view .LVU627
  20:/home/reo/Documents/Repository/sca-2026/lib/crypto_kem/hqc128/pqclean/gf.c ****         mask &= - (1 - ((a >> i) & 0x0001));
 969              		.loc 1 20 9 view .LVU628
  21:/home/reo/Documents/Repository/sca-2026/lib/crypto_kem/hqc128/pqclean/gf.c ****     }
 970              		.loc 1 21 9 view .LVU629
  19:/home/reo/Documents/Repository/sca-2026/lib/crypto_kem/hqc128/pqclean/gf.c ****         tmp += ((1 - ((a >> i) & 0x0001)) & mask);
 971              		.loc 1 19 32 view .LVU630
  19:/home/reo/Documents/Repository/sca-2026/lib/crypto_kem/hqc128/pqclean/gf.c ****         tmp += ((1 - ((a >> i) & 0x0001)) & mask);
 972              		.loc 1 19 24 view .LVU631
  20:/home/reo/Documents/Repository/sca-2026/lib/crypto_kem/hqc128/pqclean/gf.c ****         mask &= - (1 - ((a >> i) & 0x0001));
 973              		.loc 1 20 9 view .LVU632
  21:/home/reo/Documents/Repository/sca-2026/lib/crypto_kem/hqc128/pqclean/gf.c ****     }
 974              		.loc 1 21 9 view .LVU633
  19:/home/reo/Documents/Repository/sca-2026/lib/crypto_kem/hqc128/pqclean/gf.c ****         tmp += ((1 - ((a >> i) & 0x0001)) & mask);
 975              		.loc 1 19 32 view .LVU634
  19:/home/reo/Documents/Repository/sca-2026/lib/crypto_kem/hqc128/pqclean/gf.c ****         tmp += ((1 - ((a >> i) & 0x0001)) & mask);
 976              		.loc 1 19 24 view .LVU635
  23:/home/reo/Documents/Repository/sca-2026/lib/crypto_kem/hqc128/pqclean/gf.c **** }
 977              		.loc 1 23 5 view .LVU636
 978              	.LBB101:
 979              	.LBB94:
 980              	.LBB86:
 981              	.LBB78:
  49:/home/reo/Documents/Repository/sca-2026/lib/crypto_kem/hqc128/pqclean/gf.c ****             mod <<= dist;
 982              		.loc 1 49 13 view .LVU637
  50:/home/reo/Documents/Repository/sca-2026/lib/crypto_kem/hqc128/pqclean/gf.c ****             x ^= mod;
 983              		.loc 1 50 13 view .LVU638
  51:/home/reo/Documents/Repository/sca-2026/lib/crypto_kem/hqc128/pqclean/gf.c ****             rmdr ^= 1 << z2;
 984              		.loc 1 51 13 view .LVU639
  52:/home/reo/Documents/Repository/sca-2026/lib/crypto_kem/hqc128/pqclean/gf.c ****             z1 = z2;
 985              		.loc 1 52 13 view .LVU640
  53:/home/reo/Documents/Repository/sca-2026/lib/crypto_kem/hqc128/pqclean/gf.c ****         }
 986              		.loc 1 53 13 view .LVU641
  47:/home/reo/Documents/Repository/sca-2026/lib/crypto_kem/hqc128/pqclean/gf.c ****             z2 = trailing_zero_bits_count(rmdr);
 987              		.loc 1 47 50 view .LVU642
  47:/home/reo/Documents/Repository/sca-2026/lib/crypto_kem/hqc128/pqclean/gf.c ****             z2 = trailing_zero_bits_count(rmdr);
 988              		.loc 1 47 47 view .LVU643
 989              	.LBE78:
  40:/home/reo/Documents/Repository/sca-2026/lib/crypto_kem/hqc128/pqclean/gf.c ****         mod = x >> PARAM_M;
 990              		.loc 1 40 35 view .LVU644
  40:/home/reo/Documents/Repository/sca-2026/lib/crypto_kem/hqc128/pqclean/gf.c ****         mod = x >> PARAM_M;
 991              		.loc 1 40 24 view .LVU645
 992              	.LBE86:
  57:/home/reo/Documents/Repository/sca-2026/lib/crypto_kem/hqc128/pqclean/gf.c **** }
 993              		.loc 1 57 5 view .LVU646
 994              	.LBB87:
 995              	.LBB79:
  51:/home/reo/Documents/Repository/sca-2026/lib/crypto_kem/hqc128/pqclean/gf.c ****             rmdr ^= 1 << z2;
 996              		.loc 1 51 15 is_stmt 0 view .LVU647
 997 0182 80EA0110 		eor	r0, r0, r1, lsl #4
 998              	.LBE79:
 999              	.LBE87:
 1000              	.LBE94:
 1001              	.LBE101:
 119:/home/reo/Documents/Repository/sca-2026/lib/crypto_kem/hqc128/pqclean/gf.c **** }
 1002              		.loc 1 119 1 view .LVU648
 1003 0186 80B2     		uxth	r0, r0
 1004 0188 BDE8F083 		pop	{r4, r5, r6, r7, r8, r9, pc}
 1005              		.cfi_endproc
 1006              	.LFE3:
 1008              		.section	.text.PQCLEAN_HQC128_CLEAN_gf_square,"ax",%progbits
 1009              		.align	1
 1010              		.p2align 2,,3
 1011              		.global	PQCLEAN_HQC128_CLEAN_gf_square
 1012              		.syntax unified
 1013              		.thumb
 1014              		.thumb_func
 1015              		.fpu softvfp
 1017              	PQCLEAN_HQC128_CLEAN_gf_square:
 1018              	.LVL32:
 1019              	.LFB4:
 120:/home/reo/Documents/Repository/sca-2026/lib/crypto_kem/hqc128/pqclean/gf.c **** 
 121:/home/reo/Documents/Repository/sca-2026/lib/crypto_kem/hqc128/pqclean/gf.c **** /**
 122:/home/reo/Documents/Repository/sca-2026/lib/crypto_kem/hqc128/pqclean/gf.c ****  * @brief Squares an element of GF(2^PARAM_M).
 123:/home/reo/Documents/Repository/sca-2026/lib/crypto_kem/hqc128/pqclean/gf.c ****  * @returns a^2
 124:/home/reo/Documents/Repository/sca-2026/lib/crypto_kem/hqc128/pqclean/gf.c ****  * @param[in] a Element of GF(2^PARAM_M)
 125:/home/reo/Documents/Repository/sca-2026/lib/crypto_kem/hqc128/pqclean/gf.c ****  */
 126:/home/reo/Documents/Repository/sca-2026/lib/crypto_kem/hqc128/pqclean/gf.c **** uint16_t PQCLEAN_HQC128_CLEAN_gf_square(uint16_t a) {
 1020              		.loc 1 126 53 is_stmt 1 view -0
 1021              		.cfi_startproc
 1022              		@ args = 0, pretend = 0, frame = 0
 1023              		@ frame_needed = 0, uses_anonymous_args = 0
 1024              		@ link register save eliminated.
 127:/home/reo/Documents/Repository/sca-2026/lib/crypto_kem/hqc128/pqclean/gf.c ****     uint32_t b = a;
 1025              		.loc 1 127 5 view .LVU650
 128:/home/reo/Documents/Repository/sca-2026/lib/crypto_kem/hqc128/pqclean/gf.c ****     uint32_t s = b & 1;
 1026              		.loc 1 128 5 view .LVU651
 1027              	.LBB110:
 129:/home/reo/Documents/Repository/sca-2026/lib/crypto_kem/hqc128/pqclean/gf.c ****     for (size_t i = 1; i < PARAM_M; ++i) {
 130:/home/reo/Documents/Repository/sca-2026/lib/crypto_kem/hqc128/pqclean/gf.c ****         b <<= 1;
 1028              		.loc 1 130 11 is_stmt 0 view .LVU652
 1029 0000 4300     		lsls	r3, r0, #1
 1030              	.LBE110:
 128:/home/reo/Documents/Repository/sca-2026/lib/crypto_kem/hqc128/pqclean/gf.c ****     uint32_t s = b & 1;
 1031              		.loc 1 128 14 view .LVU653
 1032 0002 00F00102 		and	r2, r0, #1
 1033              	.LVL33:
 129:/home/reo/Documents/Repository/sca-2026/lib/crypto_kem/hqc128/pqclean/gf.c ****     for (size_t i = 1; i < PARAM_M; ++i) {
 1034              		.loc 1 129 5 is_stmt 1 view .LVU654
 1035              	.LBB111:
 129:/home/reo/Documents/Repository/sca-2026/lib/crypto_kem/hqc128/pqclean/gf.c ****     for (size_t i = 1; i < PARAM_M; ++i) {
 1036              		.loc 1 129 10 view .LVU655
 129:/home/reo/Documents/Repository/sca-2026/lib/crypto_kem/hqc128/pqclean/gf.c ****     for (size_t i = 1; i < PARAM_M; ++i) {
 1037              		.loc 1 129 24 view .LVU656
 1038              		.loc 1 130 9 view .LVU657
 131:/home/reo/Documents/Repository/sca-2026/lib/crypto_kem/hqc128/pqclean/gf.c ****         s ^= b & (1 << 2 * i);
 1039              		.loc 1 131 9 view .LVU658
 130:/home/reo/Documents/Repository/sca-2026/lib/crypto_kem/hqc128/pqclean/gf.c ****         s ^= b & (1 << 2 * i);
 1040              		.loc 1 130 11 is_stmt 0 view .LVU659
 1041 0006 8100     		lsls	r1, r0, #2
 1042              		.loc 1 131 16 view .LVU660
 1043 0008 03F00403 		and	r3, r3, #4
 1044              	.LVL34:
 1045              		.loc 1 131 11 view .LVU661
 1046 000c 5340     		eors	r3, r3, r2
 1047              	.LVL35:
 129:/home/reo/Documents/Repository/sca-2026/lib/crypto_kem/hqc128/pqclean/gf.c ****     for (size_t i = 1; i < PARAM_M; ++i) {
 1048              		.loc 1 129 37 is_stmt 1 view .LVU662
 129:/home/reo/Documents/Repository/sca-2026/lib/crypto_kem/hqc128/pqclean/gf.c ****     for (size_t i = 1; i < PARAM_M; ++i) {
 1049              		.loc 1 129 24 view .LVU663
 130:/home/reo/Documents/Repository/sca-2026/lib/crypto_kem/hqc128/pqclean/gf.c ****         s ^= b & (1 << 2 * i);
 1050              		.loc 1 130 9 view .LVU664
 1051              		.loc 1 131 9 view .LVU665
 1052              		.loc 1 131 16 is_stmt 0 view .LVU666
 1053 000e 01F01001 		and	r1, r1, #16
 1054              	.LVL36:
 130:/home/reo/Documents/Repository/sca-2026/lib/crypto_kem/hqc128/pqclean/gf.c ****         s ^= b & (1 << 2 * i);
 1055              		.loc 1 130 11 view .LVU667
 1056 0012 C200     		lsls	r2, r0, #3
 1057              		.loc 1 131 11 view .LVU668
 1058 0014 5940     		eors	r1, r1, r3
 1059              	.LVL37:
 129:/home/reo/Documents/Repository/sca-2026/lib/crypto_kem/hqc128/pqclean/gf.c ****     for (size_t i = 1; i < PARAM_M; ++i) {
 1060              		.loc 1 129 37 is_stmt 1 view .LVU669
 129:/home/reo/Documents/Repository/sca-2026/lib/crypto_kem/hqc128/pqclean/gf.c ****     for (size_t i = 1; i < PARAM_M; ++i) {
 1061              		.loc 1 129 24 view .LVU670
 130:/home/reo/Documents/Repository/sca-2026/lib/crypto_kem/hqc128/pqclean/gf.c ****         s ^= b & (1 << 2 * i);
 1062              		.loc 1 130 9 view .LVU671
 1063              		.loc 1 131 9 view .LVU672
 1064              		.loc 1 131 16 is_stmt 0 view .LVU673
 1065 0016 02F04002 		and	r2, r2, #64
 1066              	.LVL38:
 130:/home/reo/Documents/Repository/sca-2026/lib/crypto_kem/hqc128/pqclean/gf.c ****         s ^= b & (1 << 2 * i);
 1067              		.loc 1 130 11 view .LVU674
 1068 001a 0301     		lsls	r3, r0, #4
 1069              		.loc 1 131 11 view .LVU675
 1070 001c 4A40     		eors	r2, r2, r1
 1071              	.LVL39:
 129:/home/reo/Documents/Repository/sca-2026/lib/crypto_kem/hqc128/pqclean/gf.c ****     for (size_t i = 1; i < PARAM_M; ++i) {
 1072              		.loc 1 129 37 is_stmt 1 view .LVU676
 129:/home/reo/Documents/Repository/sca-2026/lib/crypto_kem/hqc128/pqclean/gf.c ****     for (size_t i = 1; i < PARAM_M; ++i) {
 1073              		.loc 1 129 24 view .LVU677
 130:/home/reo/Documents/Repository/sca-2026/lib/crypto_kem/hqc128/pqclean/gf.c ****         s ^= b & (1 << 2 * i);
 1074              		.loc 1 130 9 view .LVU678
 1075              		.loc 1 131 9 view .LVU679
 1076              		.loc 1 131 16 is_stmt 0 view .LVU680
 1077 001e 03F48073 		and	r3, r3, #256
 1078              	.LVL40:
 130:/home/reo/Documents/Repository/sca-2026/lib/crypto_kem/hqc128/pqclean/gf.c ****         s ^= b & (1 << 2 * i);
 1079              		.loc 1 130 11 view .LVU681
 1080 0022 4101     		lsls	r1, r0, #5
 1081              		.loc 1 131 11 view .LVU682
 1082 0024 5340     		eors	r3, r3, r2
 1083              	.LVL41:
 129:/home/reo/Documents/Repository/sca-2026/lib/crypto_kem/hqc128/pqclean/gf.c ****     for (size_t i = 1; i < PARAM_M; ++i) {
 1084              		.loc 1 129 37 is_stmt 1 view .LVU683
 129:/home/reo/Documents/Repository/sca-2026/lib/crypto_kem/hqc128/pqclean/gf.c ****     for (size_t i = 1; i < PARAM_M; ++i) {
 1085              		.loc 1 129 24 view .LVU684
 130:/home/reo/Documents/Repository/sca-2026/lib/crypto_kem/hqc128/pqclean/gf.c ****         s ^= b & (1 << 2 * i);
 1086              		.loc 1 130 9 view .LVU685
 1087              		.loc 1 131 9 view .LVU686
 1088              		.loc 1 131 16 is_stmt 0 view .LVU687
 1089 0026 01F48061 		and	r1, r1, #1024
 1090              	.LVL42:
 130:/home/reo/Documents/Repository/sca-2026/lib/crypto_kem/hqc128/pqclean/gf.c ****         s ^= b & (1 << 2 * i);
 1091              		.loc 1 130 11 view .LVU688
 1092 002a 8201     		lsls	r2, r0, #6
 1093              		.loc 1 131 11 view .LVU689
 1094 002c 5940     		eors	r1, r1, r3
 1095              	.LVL43:
 129:/home/reo/Documents/Repository/sca-2026/lib/crypto_kem/hqc128/pqclean/gf.c ****     for (size_t i = 1; i < PARAM_M; ++i) {
 1096              		.loc 1 129 37 is_stmt 1 view .LVU690
 129:/home/reo/Documents/Repository/sca-2026/lib/crypto_kem/hqc128/pqclean/gf.c ****     for (size_t i = 1; i < PARAM_M; ++i) {
 1097              		.loc 1 129 24 view .LVU691
 130:/home/reo/Documents/Repository/sca-2026/lib/crypto_kem/hqc128/pqclean/gf.c ****         s ^= b & (1 << 2 * i);
 1098              		.loc 1 130 9 view .LVU692
 1099              		.loc 1 131 9 view .LVU693
 1100              		.loc 1 131 16 is_stmt 0 view .LVU694
 1101 002e 02F48052 		and	r2, r2, #4096
 1102              	.LVL44:
 130:/home/reo/Documents/Repository/sca-2026/lib/crypto_kem/hqc128/pqclean/gf.c ****         s ^= b & (1 << 2 * i);
 1103              		.loc 1 130 11 view .LVU695
 1104 0032 C301     		lsls	r3, r0, #7
 1105              		.loc 1 131 11 view .LVU696
 1106 0034 4A40     		eors	r2, r2, r1
 1107              	.LVL45:
 129:/home/reo/Documents/Repository/sca-2026/lib/crypto_kem/hqc128/pqclean/gf.c ****     for (size_t i = 1; i < PARAM_M; ++i) {
 1108              		.loc 1 129 37 is_stmt 1 view .LVU697
 129:/home/reo/Documents/Repository/sca-2026/lib/crypto_kem/hqc128/pqclean/gf.c ****     for (size_t i = 1; i < PARAM_M; ++i) {
 1109              		.loc 1 129 24 view .LVU698
 130:/home/reo/Documents/Repository/sca-2026/lib/crypto_kem/hqc128/pqclean/gf.c ****         s ^= b & (1 << 2 * i);
 1110              		.loc 1 130 9 view .LVU699
 1111              		.loc 1 131 9 view .LVU700
 1112              		.loc 1 131 16 is_stmt 0 view .LVU701
 1113 0036 03F48043 		and	r3, r3, #16384
 1114              		.loc 1 131 11 view .LVU702
 1115 003a 5340     		eors	r3, r3, r2
 1116              	.LVL46:
 129:/home/reo/Documents/Repository/sca-2026/lib/crypto_kem/hqc128/pqclean/gf.c ****     for (size_t i = 1; i < PARAM_M; ++i) {
 1117              		.loc 1 129 37 is_stmt 1 view .LVU703
 129:/home/reo/Documents/Repository/sca-2026/lib/crypto_kem/hqc128/pqclean/gf.c ****     for (size_t i = 1; i < PARAM_M; ++i) {
 1118              		.loc 1 129 24 view .LVU704
 1119              	.LBE111:
 132:/home/reo/Documents/Repository/sca-2026/lib/crypto_kem/hqc128/pqclean/gf.c ****     }
 133:/home/reo/Documents/Repository/sca-2026/lib/crypto_kem/hqc128/pqclean/gf.c **** 
 134:/home/reo/Documents/Repository/sca-2026/lib/crypto_kem/hqc128/pqclean/gf.c ****     return gf_reduce(s, 2 * (PARAM_M - 1));
 1120              		.loc 1 134 5 view .LVU705
 1121              	.LBB112:
 1122              	.LBI112:
  32:/home/reo/Documents/Repository/sca-2026/lib/crypto_kem/hqc128/pqclean/gf.c ****     uint16_t z1, z2, rmdr, dist;
 1123              		.loc 1 32 17 view .LVU706
 1124              	.LBB113:
  33:/home/reo/Documents/Repository/sca-2026/lib/crypto_kem/hqc128/pqclean/gf.c ****     uint64_t mod;
 1125              		.loc 1 33 5 view .LVU707
  34:/home/reo/Documents/Repository/sca-2026/lib/crypto_kem/hqc128/pqclean/gf.c **** 
 1126              		.loc 1 34 5 view .LVU708
  37:/home/reo/Documents/Repository/sca-2026/lib/crypto_kem/hqc128/pqclean/gf.c **** 
 1127              		.loc 1 37 5 view .LVU709
  40:/home/reo/Documents/Repository/sca-2026/lib/crypto_kem/hqc128/pqclean/gf.c ****         mod = x >> PARAM_M;
 1128              		.loc 1 40 5 view .LVU710
 1129              	.LBB114:
  40:/home/reo/Documents/Repository/sca-2026/lib/crypto_kem/hqc128/pqclean/gf.c ****         mod = x >> PARAM_M;
 1130              		.loc 1 40 10 view .LVU711
  40:/home/reo/Documents/Repository/sca-2026/lib/crypto_kem/hqc128/pqclean/gf.c ****         mod = x >> PARAM_M;
 1131              		.loc 1 40 24 view .LVU712
  41:/home/reo/Documents/Repository/sca-2026/lib/crypto_kem/hqc128/pqclean/gf.c ****         x &= (1 << PARAM_M) - 1;
 1132              		.loc 1 41 9 view .LVU713
  42:/home/reo/Documents/Repository/sca-2026/lib/crypto_kem/hqc128/pqclean/gf.c ****         x ^= mod;
 1133              		.loc 1 42 11 is_stmt 0 view .LVU714
 1134 003c DAB2     		uxtb	r2, r3
  41:/home/reo/Documents/Repository/sca-2026/lib/crypto_kem/hqc128/pqclean/gf.c ****         x &= (1 << PARAM_M) - 1;
 1135              		.loc 1 41 13 view .LVU715
 1136 003e 190A     		lsrs	r1, r3, #8
 1137              	.LVL47:
  42:/home/reo/Documents/Repository/sca-2026/lib/crypto_kem/hqc128/pqclean/gf.c ****         x ^= mod;
 1138              		.loc 1 42 9 is_stmt 1 view .LVU716
  43:/home/reo/Documents/Repository/sca-2026/lib/crypto_kem/hqc128/pqclean/gf.c **** 
 1139              		.loc 1 43 9 view .LVU717
  43:/home/reo/Documents/Repository/sca-2026/lib/crypto_kem/hqc128/pqclean/gf.c **** 
 1140              		.loc 1 43 11 is_stmt 0 view .LVU718
 1141 0040 82EA1323 		eor	r3, r2, r3, lsr #8
 1142              	.LVL48:
  45:/home/reo/Documents/Repository/sca-2026/lib/crypto_kem/hqc128/pqclean/gf.c ****         rmdr = PARAM_GF_POLY ^ 1;
 1143              		.loc 1 45 9 is_stmt 1 view .LVU719
  46:/home/reo/Documents/Repository/sca-2026/lib/crypto_kem/hqc128/pqclean/gf.c ****         for (size_t j = PARAM_GF_POLY_WT - 2; j; --j) {
 1144              		.loc 1 46 9 view .LVU720
  47:/home/reo/Documents/Repository/sca-2026/lib/crypto_kem/hqc128/pqclean/gf.c ****             z2 = trailing_zero_bits_count(rmdr);
 1145              		.loc 1 47 9 view .LVU721
 1146              	.LBB115:
  47:/home/reo/Documents/Repository/sca-2026/lib/crypto_kem/hqc128/pqclean/gf.c ****             z2 = trailing_zero_bits_count(rmdr);
 1147              		.loc 1 47 14 view .LVU722
  47:/home/reo/Documents/Repository/sca-2026/lib/crypto_kem/hqc128/pqclean/gf.c ****             z2 = trailing_zero_bits_count(rmdr);
 1148              		.loc 1 47 47 view .LVU723
  47:/home/reo/Documents/Repository/sca-2026/lib/crypto_kem/hqc128/pqclean/gf.c ****             z2 = trailing_zero_bits_count(rmdr);
 1149              		.loc 1 47 47 is_stmt 0 view .LVU724
 1150              	.LBE115:
 1151              	.LBE114:
 1152              	.LBE113:
 1153              	.LBE112:
  19:/home/reo/Documents/Repository/sca-2026/lib/crypto_kem/hqc128/pqclean/gf.c ****         tmp += ((1 - ((a >> i) & 0x0001)) & mask);
 1154              		.loc 1 19 24 is_stmt 1 view .LVU725
  20:/home/reo/Documents/Repository/sca-2026/lib/crypto_kem/hqc128/pqclean/gf.c ****         mask &= - (1 - ((a >> i) & 0x0001));
 1155              		.loc 1 20 9 view .LVU726
  21:/home/reo/Documents/Repository/sca-2026/lib/crypto_kem/hqc128/pqclean/gf.c ****     }
 1156              		.loc 1 21 9 view .LVU727
  19:/home/reo/Documents/Repository/sca-2026/lib/crypto_kem/hqc128/pqclean/gf.c ****         tmp += ((1 - ((a >> i) & 0x0001)) & mask);
 1157              		.loc 1 19 32 view .LVU728
  19:/home/reo/Documents/Repository/sca-2026/lib/crypto_kem/hqc128/pqclean/gf.c ****         tmp += ((1 - ((a >> i) & 0x0001)) & mask);
 1158              		.loc 1 19 24 view .LVU729
  20:/home/reo/Documents/Repository/sca-2026/lib/crypto_kem/hqc128/pqclean/gf.c ****         mask &= - (1 - ((a >> i) & 0x0001));
 1159              		.loc 1 20 9 view .LVU730
  21:/home/reo/Documents/Repository/sca-2026/lib/crypto_kem/hqc128/pqclean/gf.c ****     }
 1160              		.loc 1 21 9 view .LVU731
  19:/home/reo/Documents/Repository/sca-2026/lib/crypto_kem/hqc128/pqclean/gf.c ****         tmp += ((1 - ((a >> i) & 0x0001)) & mask);
 1161              		.loc 1 19 32 view .LVU732
  19:/home/reo/Documents/Repository/sca-2026/lib/crypto_kem/hqc128/pqclean/gf.c ****         tmp += ((1 - ((a >> i) & 0x0001)) & mask);
 1162              		.loc 1 19 24 view .LVU733
  20:/home/reo/Documents/Repository/sca-2026/lib/crypto_kem/hqc128/pqclean/gf.c ****         mask &= - (1 - ((a >> i) & 0x0001));
 1163              		.loc 1 20 9 view .LVU734
  21:/home/reo/Documents/Repository/sca-2026/lib/crypto_kem/hqc128/pqclean/gf.c ****     }
 1164              		.loc 1 21 9 view .LVU735
  19:/home/reo/Documents/Repository/sca-2026/lib/crypto_kem/hqc128/pqclean/gf.c ****         tmp += ((1 - ((a >> i) & 0x0001)) & mask);
 1165              		.loc 1 19 32 view .LVU736
  19:/home/reo/Documents/Repository/sca-2026/lib/crypto_kem/hqc128/pqclean/gf.c ****         tmp += ((1 - ((a >> i) & 0x0001)) & mask);
 1166              		.loc 1 19 24 view .LVU737
  20:/home/reo/Documents/Repository/sca-2026/lib/crypto_kem/hqc128/pqclean/gf.c ****         mask &= - (1 - ((a >> i) & 0x0001));
 1167              		.loc 1 20 9 view .LVU738
  21:/home/reo/Documents/Repository/sca-2026/lib/crypto_kem/hqc128/pqclean/gf.c ****     }
 1168              		.loc 1 21 9 view .LVU739
  19:/home/reo/Documents/Repository/sca-2026/lib/crypto_kem/hqc128/pqclean/gf.c ****         tmp += ((1 - ((a >> i) & 0x0001)) & mask);
 1169              		.loc 1 19 32 view .LVU740
  19:/home/reo/Documents/Repository/sca-2026/lib/crypto_kem/hqc128/pqclean/gf.c ****         tmp += ((1 - ((a >> i) & 0x0001)) & mask);
 1170              		.loc 1 19 24 view .LVU741
  20:/home/reo/Documents/Repository/sca-2026/lib/crypto_kem/hqc128/pqclean/gf.c ****         mask &= - (1 - ((a >> i) & 0x0001));
 1171              		.loc 1 20 9 view .LVU742
  21:/home/reo/Documents/Repository/sca-2026/lib/crypto_kem/hqc128/pqclean/gf.c ****     }
 1172              		.loc 1 21 9 view .LVU743
  19:/home/reo/Documents/Repository/sca-2026/lib/crypto_kem/hqc128/pqclean/gf.c ****         tmp += ((1 - ((a >> i) & 0x0001)) & mask);
 1173              		.loc 1 19 32 view .LVU744
  19:/home/reo/Documents/Repository/sca-2026/lib/crypto_kem/hqc128/pqclean/gf.c ****         tmp += ((1 - ((a >> i) & 0x0001)) & mask);
 1174              		.loc 1 19 24 view .LVU745
  20:/home/reo/Documents/Repository/sca-2026/lib/crypto_kem/hqc128/pqclean/gf.c ****         mask &= - (1 - ((a >> i) & 0x0001));
 1175              		.loc 1 20 9 view .LVU746
  21:/home/reo/Documents/Repository/sca-2026/lib/crypto_kem/hqc128/pqclean/gf.c ****     }
 1176              		.loc 1 21 9 view .LVU747
  19:/home/reo/Documents/Repository/sca-2026/lib/crypto_kem/hqc128/pqclean/gf.c ****         tmp += ((1 - ((a >> i) & 0x0001)) & mask);
 1177              		.loc 1 19 32 view .LVU748
  19:/home/reo/Documents/Repository/sca-2026/lib/crypto_kem/hqc128/pqclean/gf.c ****         tmp += ((1 - ((a >> i) & 0x0001)) & mask);
 1178              		.loc 1 19 24 view .LVU749
  20:/home/reo/Documents/Repository/sca-2026/lib/crypto_kem/hqc128/pqclean/gf.c ****         mask &= - (1 - ((a >> i) & 0x0001));
 1179              		.loc 1 20 9 view .LVU750
  21:/home/reo/Documents/Repository/sca-2026/lib/crypto_kem/hqc128/pqclean/gf.c ****     }
 1180              		.loc 1 21 9 view .LVU751
  19:/home/reo/Documents/Repository/sca-2026/lib/crypto_kem/hqc128/pqclean/gf.c ****         tmp += ((1 - ((a >> i) & 0x0001)) & mask);
 1181              		.loc 1 19 32 view .LVU752
  19:/home/reo/Documents/Repository/sca-2026/lib/crypto_kem/hqc128/pqclean/gf.c ****         tmp += ((1 - ((a >> i) & 0x0001)) & mask);
 1182              		.loc 1 19 24 view .LVU753
  20:/home/reo/Documents/Repository/sca-2026/lib/crypto_kem/hqc128/pqclean/gf.c ****         mask &= - (1 - ((a >> i) & 0x0001));
 1183              		.loc 1 20 9 view .LVU754
  21:/home/reo/Documents/Repository/sca-2026/lib/crypto_kem/hqc128/pqclean/gf.c ****     }
 1184              		.loc 1 21 9 view .LVU755
  19:/home/reo/Documents/Repository/sca-2026/lib/crypto_kem/hqc128/pqclean/gf.c ****         tmp += ((1 - ((a >> i) & 0x0001)) & mask);
 1185              		.loc 1 19 32 view .LVU756
  19:/home/reo/Documents/Repository/sca-2026/lib/crypto_kem/hqc128/pqclean/gf.c ****         tmp += ((1 - ((a >> i) & 0x0001)) & mask);
 1186              		.loc 1 19 24 view .LVU757
  20:/home/reo/Documents/Repository/sca-2026/lib/crypto_kem/hqc128/pqclean/gf.c ****         mask &= - (1 - ((a >> i) & 0x0001));
 1187              		.loc 1 20 9 view .LVU758
  21:/home/reo/Documents/Repository/sca-2026/lib/crypto_kem/hqc128/pqclean/gf.c ****     }
 1188              		.loc 1 21 9 view .LVU759
  19:/home/reo/Documents/Repository/sca-2026/lib/crypto_kem/hqc128/pqclean/gf.c ****         tmp += ((1 - ((a >> i) & 0x0001)) & mask);
 1189              		.loc 1 19 32 view .LVU760
  19:/home/reo/Documents/Repository/sca-2026/lib/crypto_kem/hqc128/pqclean/gf.c ****         tmp += ((1 - ((a >> i) & 0x0001)) & mask);
 1190              		.loc 1 19 24 view .LVU761
  20:/home/reo/Documents/Repository/sca-2026/lib/crypto_kem/hqc128/pqclean/gf.c ****         mask &= - (1 - ((a >> i) & 0x0001));
 1191              		.loc 1 20 9 view .LVU762
  21:/home/reo/Documents/Repository/sca-2026/lib/crypto_kem/hqc128/pqclean/gf.c ****     }
 1192              		.loc 1 21 9 view .LVU763
  19:/home/reo/Documents/Repository/sca-2026/lib/crypto_kem/hqc128/pqclean/gf.c ****         tmp += ((1 - ((a >> i) & 0x0001)) & mask);
 1193              		.loc 1 19 32 view .LVU764
  19:/home/reo/Documents/Repository/sca-2026/lib/crypto_kem/hqc128/pqclean/gf.c ****         tmp += ((1 - ((a >> i) & 0x0001)) & mask);
 1194              		.loc 1 19 24 view .LVU765
  20:/home/reo/Documents/Repository/sca-2026/lib/crypto_kem/hqc128/pqclean/gf.c ****         mask &= - (1 - ((a >> i) & 0x0001));
 1195              		.loc 1 20 9 view .LVU766
  21:/home/reo/Documents/Repository/sca-2026/lib/crypto_kem/hqc128/pqclean/gf.c ****     }
 1196              		.loc 1 21 9 view .LVU767
  19:/home/reo/Documents/Repository/sca-2026/lib/crypto_kem/hqc128/pqclean/gf.c ****         tmp += ((1 - ((a >> i) & 0x0001)) & mask);
 1197              		.loc 1 19 32 view .LVU768
  19:/home/reo/Documents/Repository/sca-2026/lib/crypto_kem/hqc128/pqclean/gf.c ****         tmp += ((1 - ((a >> i) & 0x0001)) & mask);
 1198              		.loc 1 19 24 view .LVU769
  20:/home/reo/Documents/Repository/sca-2026/lib/crypto_kem/hqc128/pqclean/gf.c ****         mask &= - (1 - ((a >> i) & 0x0001));
 1199              		.loc 1 20 9 view .LVU770
  21:/home/reo/Documents/Repository/sca-2026/lib/crypto_kem/hqc128/pqclean/gf.c ****     }
 1200              		.loc 1 21 9 view .LVU771
  19:/home/reo/Documents/Repository/sca-2026/lib/crypto_kem/hqc128/pqclean/gf.c ****         tmp += ((1 - ((a >> i) & 0x0001)) & mask);
 1201              		.loc 1 19 32 view .LVU772
  19:/home/reo/Documents/Repository/sca-2026/lib/crypto_kem/hqc128/pqclean/gf.c ****         tmp += ((1 - ((a >> i) & 0x0001)) & mask);
 1202              		.loc 1 19 24 view .LVU773
  20:/home/reo/Documents/Repository/sca-2026/lib/crypto_kem/hqc128/pqclean/gf.c ****         mask &= - (1 - ((a >> i) & 0x0001));
 1203              		.loc 1 20 9 view .LVU774
  21:/home/reo/Documents/Repository/sca-2026/lib/crypto_kem/hqc128/pqclean/gf.c ****     }
 1204              		.loc 1 21 9 view .LVU775
  19:/home/reo/Documents/Repository/sca-2026/lib/crypto_kem/hqc128/pqclean/gf.c ****         tmp += ((1 - ((a >> i) & 0x0001)) & mask);
 1205              		.loc 1 19 32 view .LVU776
  19:/home/reo/Documents/Repository/sca-2026/lib/crypto_kem/hqc128/pqclean/gf.c ****         tmp += ((1 - ((a >> i) & 0x0001)) & mask);
 1206              		.loc 1 19 24 view .LVU777
  20:/home/reo/Documents/Repository/sca-2026/lib/crypto_kem/hqc128/pqclean/gf.c ****         mask &= - (1 - ((a >> i) & 0x0001));
 1207              		.loc 1 20 9 view .LVU778
  21:/home/reo/Documents/Repository/sca-2026/lib/crypto_kem/hqc128/pqclean/gf.c ****     }
 1208              		.loc 1 21 9 view .LVU779
  19:/home/reo/Documents/Repository/sca-2026/lib/crypto_kem/hqc128/pqclean/gf.c ****         tmp += ((1 - ((a >> i) & 0x0001)) & mask);
 1209              		.loc 1 19 32 view .LVU780
  19:/home/reo/Documents/Repository/sca-2026/lib/crypto_kem/hqc128/pqclean/gf.c ****         tmp += ((1 - ((a >> i) & 0x0001)) & mask);
 1210              		.loc 1 19 24 view .LVU781
  23:/home/reo/Documents/Repository/sca-2026/lib/crypto_kem/hqc128/pqclean/gf.c **** }
 1211              		.loc 1 23 5 view .LVU782
 1212              	.LBB135:
 1213              	.LBB129:
 1214              	.LBB123:
 1215              	.LBB116:
  49:/home/reo/Documents/Repository/sca-2026/lib/crypto_kem/hqc128/pqclean/gf.c ****             mod <<= dist;
 1216              		.loc 1 49 13 view .LVU783
  50:/home/reo/Documents/Repository/sca-2026/lib/crypto_kem/hqc128/pqclean/gf.c ****             x ^= mod;
 1217              		.loc 1 50 13 view .LVU784
  51:/home/reo/Documents/Repository/sca-2026/lib/crypto_kem/hqc128/pqclean/gf.c ****             rmdr ^= 1 << z2;
 1218              		.loc 1 51 13 view .LVU785
  51:/home/reo/Documents/Repository/sca-2026/lib/crypto_kem/hqc128/pqclean/gf.c ****             rmdr ^= 1 << z2;
 1219              		.loc 1 51 15 is_stmt 0 view .LVU786
 1220 0044 83EA8103 		eor	r3, r3, r1, lsl #2
 1221              	.LVL49:
  52:/home/reo/Documents/Repository/sca-2026/lib/crypto_kem/hqc128/pqclean/gf.c ****             z1 = z2;
 1222              		.loc 1 52 13 is_stmt 1 view .LVU787
  53:/home/reo/Documents/Repository/sca-2026/lib/crypto_kem/hqc128/pqclean/gf.c ****         }
 1223              		.loc 1 53 13 view .LVU788
  47:/home/reo/Documents/Repository/sca-2026/lib/crypto_kem/hqc128/pqclean/gf.c ****             z2 = trailing_zero_bits_count(rmdr);
 1224              		.loc 1 47 50 view .LVU789
  47:/home/reo/Documents/Repository/sca-2026/lib/crypto_kem/hqc128/pqclean/gf.c ****             z2 = trailing_zero_bits_count(rmdr);
 1225              		.loc 1 47 47 view .LVU790
  47:/home/reo/Documents/Repository/sca-2026/lib/crypto_kem/hqc128/pqclean/gf.c ****             z2 = trailing_zero_bits_count(rmdr);
 1226              		.loc 1 47 47 is_stmt 0 view .LVU791
 1227              	.LBE116:
 1228              	.LBE123:
 1229              	.LBE129:
 1230              	.LBE135:
  19:/home/reo/Documents/Repository/sca-2026/lib/crypto_kem/hqc128/pqclean/gf.c ****         tmp += ((1 - ((a >> i) & 0x0001)) & mask);
 1231              		.loc 1 19 24 is_stmt 1 view .LVU792
  20:/home/reo/Documents/Repository/sca-2026/lib/crypto_kem/hqc128/pqclean/gf.c ****         mask &= - (1 - ((a >> i) & 0x0001));
 1232              		.loc 1 20 9 view .LVU793
  21:/home/reo/Documents/Repository/sca-2026/lib/crypto_kem/hqc128/pqclean/gf.c ****     }
 1233              		.loc 1 21 9 view .LVU794
  19:/home/reo/Documents/Repository/sca-2026/lib/crypto_kem/hqc128/pqclean/gf.c ****         tmp += ((1 - ((a >> i) & 0x0001)) & mask);
 1234              		.loc 1 19 32 view .LVU795
  19:/home/reo/Documents/Repository/sca-2026/lib/crypto_kem/hqc128/pqclean/gf.c ****         tmp += ((1 - ((a >> i) & 0x0001)) & mask);
 1235              		.loc 1 19 24 view .LVU796
  20:/home/reo/Documents/Repository/sca-2026/lib/crypto_kem/hqc128/pqclean/gf.c ****         mask &= - (1 - ((a >> i) & 0x0001));
 1236              		.loc 1 20 9 view .LVU797
  21:/home/reo/Documents/Repository/sca-2026/lib/crypto_kem/hqc128/pqclean/gf.c ****     }
 1237              		.loc 1 21 9 view .LVU798
  19:/home/reo/Documents/Repository/sca-2026/lib/crypto_kem/hqc128/pqclean/gf.c ****         tmp += ((1 - ((a >> i) & 0x0001)) & mask);
 1238              		.loc 1 19 32 view .LVU799
  19:/home/reo/Documents/Repository/sca-2026/lib/crypto_kem/hqc128/pqclean/gf.c ****         tmp += ((1 - ((a >> i) & 0x0001)) & mask);
 1239              		.loc 1 19 24 view .LVU800
  20:/home/reo/Documents/Repository/sca-2026/lib/crypto_kem/hqc128/pqclean/gf.c ****         mask &= - (1 - ((a >> i) & 0x0001));
 1240              		.loc 1 20 9 view .LVU801
  21:/home/reo/Documents/Repository/sca-2026/lib/crypto_kem/hqc128/pqclean/gf.c ****     }
 1241              		.loc 1 21 9 view .LVU802
  19:/home/reo/Documents/Repository/sca-2026/lib/crypto_kem/hqc128/pqclean/gf.c ****         tmp += ((1 - ((a >> i) & 0x0001)) & mask);
 1242              		.loc 1 19 32 view .LVU803
  19:/home/reo/Documents/Repository/sca-2026/lib/crypto_kem/hqc128/pqclean/gf.c ****         tmp += ((1 - ((a >> i) & 0x0001)) & mask);
 1243              		.loc 1 19 24 view .LVU804
  20:/home/reo/Documents/Repository/sca-2026/lib/crypto_kem/hqc128/pqclean/gf.c ****         mask &= - (1 - ((a >> i) & 0x0001));
 1244              		.loc 1 20 9 view .LVU805
  21:/home/reo/Documents/Repository/sca-2026/lib/crypto_kem/hqc128/pqclean/gf.c ****     }
 1245              		.loc 1 21 9 view .LVU806
  19:/home/reo/Documents/Repository/sca-2026/lib/crypto_kem/hqc128/pqclean/gf.c ****         tmp += ((1 - ((a >> i) & 0x0001)) & mask);
 1246              		.loc 1 19 32 view .LVU807
  19:/home/reo/Documents/Repository/sca-2026/lib/crypto_kem/hqc128/pqclean/gf.c ****         tmp += ((1 - ((a >> i) & 0x0001)) & mask);
 1247              		.loc 1 19 24 view .LVU808
  20:/home/reo/Documents/Repository/sca-2026/lib/crypto_kem/hqc128/pqclean/gf.c ****         mask &= - (1 - ((a >> i) & 0x0001));
 1248              		.loc 1 20 9 view .LVU809
  21:/home/reo/Documents/Repository/sca-2026/lib/crypto_kem/hqc128/pqclean/gf.c ****     }
 1249              		.loc 1 21 9 view .LVU810
  19:/home/reo/Documents/Repository/sca-2026/lib/crypto_kem/hqc128/pqclean/gf.c ****         tmp += ((1 - ((a >> i) & 0x0001)) & mask);
 1250              		.loc 1 19 32 view .LVU811
  19:/home/reo/Documents/Repository/sca-2026/lib/crypto_kem/hqc128/pqclean/gf.c ****         tmp += ((1 - ((a >> i) & 0x0001)) & mask);
 1251              		.loc 1 19 24 view .LVU812
  20:/home/reo/Documents/Repository/sca-2026/lib/crypto_kem/hqc128/pqclean/gf.c ****         mask &= - (1 - ((a >> i) & 0x0001));
 1252              		.loc 1 20 9 view .LVU813
  21:/home/reo/Documents/Repository/sca-2026/lib/crypto_kem/hqc128/pqclean/gf.c ****     }
 1253              		.loc 1 21 9 view .LVU814
  19:/home/reo/Documents/Repository/sca-2026/lib/crypto_kem/hqc128/pqclean/gf.c ****         tmp += ((1 - ((a >> i) & 0x0001)) & mask);
 1254              		.loc 1 19 32 view .LVU815
  19:/home/reo/Documents/Repository/sca-2026/lib/crypto_kem/hqc128/pqclean/gf.c ****         tmp += ((1 - ((a >> i) & 0x0001)) & mask);
 1255              		.loc 1 19 24 view .LVU816
  20:/home/reo/Documents/Repository/sca-2026/lib/crypto_kem/hqc128/pqclean/gf.c ****         mask &= - (1 - ((a >> i) & 0x0001));
 1256              		.loc 1 20 9 view .LVU817
  21:/home/reo/Documents/Repository/sca-2026/lib/crypto_kem/hqc128/pqclean/gf.c ****     }
 1257              		.loc 1 21 9 view .LVU818
  19:/home/reo/Documents/Repository/sca-2026/lib/crypto_kem/hqc128/pqclean/gf.c ****         tmp += ((1 - ((a >> i) & 0x0001)) & mask);
 1258              		.loc 1 19 32 view .LVU819
  19:/home/reo/Documents/Repository/sca-2026/lib/crypto_kem/hqc128/pqclean/gf.c ****         tmp += ((1 - ((a >> i) & 0x0001)) & mask);
 1259              		.loc 1 19 24 view .LVU820
  20:/home/reo/Documents/Repository/sca-2026/lib/crypto_kem/hqc128/pqclean/gf.c ****         mask &= - (1 - ((a >> i) & 0x0001));
 1260              		.loc 1 20 9 view .LVU821
  21:/home/reo/Documents/Repository/sca-2026/lib/crypto_kem/hqc128/pqclean/gf.c ****     }
 1261              		.loc 1 21 9 view .LVU822
  19:/home/reo/Documents/Repository/sca-2026/lib/crypto_kem/hqc128/pqclean/gf.c ****         tmp += ((1 - ((a >> i) & 0x0001)) & mask);
 1262              		.loc 1 19 32 view .LVU823
  19:/home/reo/Documents/Repository/sca-2026/lib/crypto_kem/hqc128/pqclean/gf.c ****         tmp += ((1 - ((a >> i) & 0x0001)) & mask);
 1263              		.loc 1 19 24 view .LVU824
  20:/home/reo/Documents/Repository/sca-2026/lib/crypto_kem/hqc128/pqclean/gf.c ****         mask &= - (1 - ((a >> i) & 0x0001));
 1264              		.loc 1 20 9 view .LVU825
  21:/home/reo/Documents/Repository/sca-2026/lib/crypto_kem/hqc128/pqclean/gf.c ****     }
 1265              		.loc 1 21 9 view .LVU826
  19:/home/reo/Documents/Repository/sca-2026/lib/crypto_kem/hqc128/pqclean/gf.c ****         tmp += ((1 - ((a >> i) & 0x0001)) & mask);
 1266              		.loc 1 19 32 view .LVU827
  19:/home/reo/Documents/Repository/sca-2026/lib/crypto_kem/hqc128/pqclean/gf.c ****         tmp += ((1 - ((a >> i) & 0x0001)) & mask);
 1267              		.loc 1 19 24 view .LVU828
  20:/home/reo/Documents/Repository/sca-2026/lib/crypto_kem/hqc128/pqclean/gf.c ****         mask &= - (1 - ((a >> i) & 0x0001));
 1268              		.loc 1 20 9 view .LVU829
  21:/home/reo/Documents/Repository/sca-2026/lib/crypto_kem/hqc128/pqclean/gf.c ****     }
 1269              		.loc 1 21 9 view .LVU830
  19:/home/reo/Documents/Repository/sca-2026/lib/crypto_kem/hqc128/pqclean/gf.c ****         tmp += ((1 - ((a >> i) & 0x0001)) & mask);
 1270              		.loc 1 19 32 view .LVU831
  19:/home/reo/Documents/Repository/sca-2026/lib/crypto_kem/hqc128/pqclean/gf.c ****         tmp += ((1 - ((a >> i) & 0x0001)) & mask);
 1271              		.loc 1 19 24 view .LVU832
  20:/home/reo/Documents/Repository/sca-2026/lib/crypto_kem/hqc128/pqclean/gf.c ****         mask &= - (1 - ((a >> i) & 0x0001));
 1272              		.loc 1 20 9 view .LVU833
  21:/home/reo/Documents/Repository/sca-2026/lib/crypto_kem/hqc128/pqclean/gf.c ****     }
 1273              		.loc 1 21 9 view .LVU834
  19:/home/reo/Documents/Repository/sca-2026/lib/crypto_kem/hqc128/pqclean/gf.c ****         tmp += ((1 - ((a >> i) & 0x0001)) & mask);
 1274              		.loc 1 19 32 view .LVU835
  19:/home/reo/Documents/Repository/sca-2026/lib/crypto_kem/hqc128/pqclean/gf.c ****         tmp += ((1 - ((a >> i) & 0x0001)) & mask);
 1275              		.loc 1 19 24 view .LVU836
  20:/home/reo/Documents/Repository/sca-2026/lib/crypto_kem/hqc128/pqclean/gf.c ****         mask &= - (1 - ((a >> i) & 0x0001));
 1276              		.loc 1 20 9 view .LVU837
  21:/home/reo/Documents/Repository/sca-2026/lib/crypto_kem/hqc128/pqclean/gf.c ****     }
 1277              		.loc 1 21 9 view .LVU838
  19:/home/reo/Documents/Repository/sca-2026/lib/crypto_kem/hqc128/pqclean/gf.c ****         tmp += ((1 - ((a >> i) & 0x0001)) & mask);
 1278              		.loc 1 19 32 view .LVU839
  19:/home/reo/Documents/Repository/sca-2026/lib/crypto_kem/hqc128/pqclean/gf.c ****         tmp += ((1 - ((a >> i) & 0x0001)) & mask);
 1279              		.loc 1 19 24 view .LVU840
  20:/home/reo/Documents/Repository/sca-2026/lib/crypto_kem/hqc128/pqclean/gf.c ****         mask &= - (1 - ((a >> i) & 0x0001));
 1280              		.loc 1 20 9 view .LVU841
  21:/home/reo/Documents/Repository/sca-2026/lib/crypto_kem/hqc128/pqclean/gf.c ****     }
 1281              		.loc 1 21 9 view .LVU842
  19:/home/reo/Documents/Repository/sca-2026/lib/crypto_kem/hqc128/pqclean/gf.c ****         tmp += ((1 - ((a >> i) & 0x0001)) & mask);
 1282              		.loc 1 19 32 view .LVU843
  19:/home/reo/Documents/Repository/sca-2026/lib/crypto_kem/hqc128/pqclean/gf.c ****         tmp += ((1 - ((a >> i) & 0x0001)) & mask);
 1283              		.loc 1 19 24 view .LVU844
  20:/home/reo/Documents/Repository/sca-2026/lib/crypto_kem/hqc128/pqclean/gf.c ****         mask &= - (1 - ((a >> i) & 0x0001));
 1284              		.loc 1 20 9 view .LVU845
  21:/home/reo/Documents/Repository/sca-2026/lib/crypto_kem/hqc128/pqclean/gf.c ****     }
 1285              		.loc 1 21 9 view .LVU846
  19:/home/reo/Documents/Repository/sca-2026/lib/crypto_kem/hqc128/pqclean/gf.c ****         tmp += ((1 - ((a >> i) & 0x0001)) & mask);
 1286              		.loc 1 19 32 view .LVU847
  19:/home/reo/Documents/Repository/sca-2026/lib/crypto_kem/hqc128/pqclean/gf.c ****         tmp += ((1 - ((a >> i) & 0x0001)) & mask);
 1287              		.loc 1 19 24 view .LVU848
  23:/home/reo/Documents/Repository/sca-2026/lib/crypto_kem/hqc128/pqclean/gf.c **** }
 1288              		.loc 1 23 5 view .LVU849
 1289              	.LBB136:
 1290              	.LBB130:
 1291              	.LBB124:
 1292              	.LBB117:
  49:/home/reo/Documents/Repository/sca-2026/lib/crypto_kem/hqc128/pqclean/gf.c ****             mod <<= dist;
 1293              		.loc 1 49 13 view .LVU850
  50:/home/reo/Documents/Repository/sca-2026/lib/crypto_kem/hqc128/pqclean/gf.c ****             x ^= mod;
 1294              		.loc 1 50 13 view .LVU851
  51:/home/reo/Documents/Repository/sca-2026/lib/crypto_kem/hqc128/pqclean/gf.c ****             rmdr ^= 1 << z2;
 1295              		.loc 1 51 13 view .LVU852
  51:/home/reo/Documents/Repository/sca-2026/lib/crypto_kem/hqc128/pqclean/gf.c ****             rmdr ^= 1 << z2;
 1296              		.loc 1 51 15 is_stmt 0 view .LVU853
 1297 0048 43EAC103 		orr	r3, r3, r1, lsl #3
 1298              	.LVL50:
  52:/home/reo/Documents/Repository/sca-2026/lib/crypto_kem/hqc128/pqclean/gf.c ****             z1 = z2;
 1299              		.loc 1 52 13 is_stmt 1 view .LVU854
  53:/home/reo/Documents/Repository/sca-2026/lib/crypto_kem/hqc128/pqclean/gf.c ****         }
 1300              		.loc 1 53 13 view .LVU855
  47:/home/reo/Documents/Repository/sca-2026/lib/crypto_kem/hqc128/pqclean/gf.c ****             z2 = trailing_zero_bits_count(rmdr);
 1301              		.loc 1 47 50 view .LVU856
  47:/home/reo/Documents/Repository/sca-2026/lib/crypto_kem/hqc128/pqclean/gf.c ****             z2 = trailing_zero_bits_count(rmdr);
 1302              		.loc 1 47 47 view .LVU857
  47:/home/reo/Documents/Repository/sca-2026/lib/crypto_kem/hqc128/pqclean/gf.c ****             z2 = trailing_zero_bits_count(rmdr);
 1303              		.loc 1 47 47 is_stmt 0 view .LVU858
 1304              	.LBE117:
 1305              	.LBE124:
 1306              	.LBE130:
 1307              	.LBE136:
  19:/home/reo/Documents/Repository/sca-2026/lib/crypto_kem/hqc128/pqclean/gf.c ****         tmp += ((1 - ((a >> i) & 0x0001)) & mask);
 1308              		.loc 1 19 24 is_stmt 1 view .LVU859
  20:/home/reo/Documents/Repository/sca-2026/lib/crypto_kem/hqc128/pqclean/gf.c ****         mask &= - (1 - ((a >> i) & 0x0001));
 1309              		.loc 1 20 9 view .LVU860
  21:/home/reo/Documents/Repository/sca-2026/lib/crypto_kem/hqc128/pqclean/gf.c ****     }
 1310              		.loc 1 21 9 view .LVU861
  19:/home/reo/Documents/Repository/sca-2026/lib/crypto_kem/hqc128/pqclean/gf.c ****         tmp += ((1 - ((a >> i) & 0x0001)) & mask);
 1311              		.loc 1 19 32 view .LVU862
  19:/home/reo/Documents/Repository/sca-2026/lib/crypto_kem/hqc128/pqclean/gf.c ****         tmp += ((1 - ((a >> i) & 0x0001)) & mask);
 1312              		.loc 1 19 24 view .LVU863
  20:/home/reo/Documents/Repository/sca-2026/lib/crypto_kem/hqc128/pqclean/gf.c ****         mask &= - (1 - ((a >> i) & 0x0001));
 1313              		.loc 1 20 9 view .LVU864
  21:/home/reo/Documents/Repository/sca-2026/lib/crypto_kem/hqc128/pqclean/gf.c ****     }
 1314              		.loc 1 21 9 view .LVU865
  19:/home/reo/Documents/Repository/sca-2026/lib/crypto_kem/hqc128/pqclean/gf.c ****         tmp += ((1 - ((a >> i) & 0x0001)) & mask);
 1315              		.loc 1 19 32 view .LVU866
  19:/home/reo/Documents/Repository/sca-2026/lib/crypto_kem/hqc128/pqclean/gf.c ****         tmp += ((1 - ((a >> i) & 0x0001)) & mask);
 1316              		.loc 1 19 24 view .LVU867
  20:/home/reo/Documents/Repository/sca-2026/lib/crypto_kem/hqc128/pqclean/gf.c ****         mask &= - (1 - ((a >> i) & 0x0001));
 1317              		.loc 1 20 9 view .LVU868
  21:/home/reo/Documents/Repository/sca-2026/lib/crypto_kem/hqc128/pqclean/gf.c ****     }
 1318              		.loc 1 21 9 view .LVU869
  19:/home/reo/Documents/Repository/sca-2026/lib/crypto_kem/hqc128/pqclean/gf.c ****         tmp += ((1 - ((a >> i) & 0x0001)) & mask);
 1319              		.loc 1 19 32 view .LVU870
  19:/home/reo/Documents/Repository/sca-2026/lib/crypto_kem/hqc128/pqclean/gf.c ****         tmp += ((1 - ((a >> i) & 0x0001)) & mask);
 1320              		.loc 1 19 24 view .LVU871
  20:/home/reo/Documents/Repository/sca-2026/lib/crypto_kem/hqc128/pqclean/gf.c ****         mask &= - (1 - ((a >> i) & 0x0001));
 1321              		.loc 1 20 9 view .LVU872
  21:/home/reo/Documents/Repository/sca-2026/lib/crypto_kem/hqc128/pqclean/gf.c ****     }
 1322              		.loc 1 21 9 view .LVU873
  19:/home/reo/Documents/Repository/sca-2026/lib/crypto_kem/hqc128/pqclean/gf.c ****         tmp += ((1 - ((a >> i) & 0x0001)) & mask);
 1323              		.loc 1 19 32 view .LVU874
  19:/home/reo/Documents/Repository/sca-2026/lib/crypto_kem/hqc128/pqclean/gf.c ****         tmp += ((1 - ((a >> i) & 0x0001)) & mask);
 1324              		.loc 1 19 24 view .LVU875
  20:/home/reo/Documents/Repository/sca-2026/lib/crypto_kem/hqc128/pqclean/gf.c ****         mask &= - (1 - ((a >> i) & 0x0001));
 1325              		.loc 1 20 9 view .LVU876
  21:/home/reo/Documents/Repository/sca-2026/lib/crypto_kem/hqc128/pqclean/gf.c ****     }
 1326              		.loc 1 21 9 view .LVU877
  19:/home/reo/Documents/Repository/sca-2026/lib/crypto_kem/hqc128/pqclean/gf.c ****         tmp += ((1 - ((a >> i) & 0x0001)) & mask);
 1327              		.loc 1 19 32 view .LVU878
  19:/home/reo/Documents/Repository/sca-2026/lib/crypto_kem/hqc128/pqclean/gf.c ****         tmp += ((1 - ((a >> i) & 0x0001)) & mask);
 1328              		.loc 1 19 24 view .LVU879
  20:/home/reo/Documents/Repository/sca-2026/lib/crypto_kem/hqc128/pqclean/gf.c ****         mask &= - (1 - ((a >> i) & 0x0001));
 1329              		.loc 1 20 9 view .LVU880
  21:/home/reo/Documents/Repository/sca-2026/lib/crypto_kem/hqc128/pqclean/gf.c ****     }
 1330              		.loc 1 21 9 view .LVU881
  19:/home/reo/Documents/Repository/sca-2026/lib/crypto_kem/hqc128/pqclean/gf.c ****         tmp += ((1 - ((a >> i) & 0x0001)) & mask);
 1331              		.loc 1 19 32 view .LVU882
  19:/home/reo/Documents/Repository/sca-2026/lib/crypto_kem/hqc128/pqclean/gf.c ****         tmp += ((1 - ((a >> i) & 0x0001)) & mask);
 1332              		.loc 1 19 24 view .LVU883
  20:/home/reo/Documents/Repository/sca-2026/lib/crypto_kem/hqc128/pqclean/gf.c ****         mask &= - (1 - ((a >> i) & 0x0001));
 1333              		.loc 1 20 9 view .LVU884
  21:/home/reo/Documents/Repository/sca-2026/lib/crypto_kem/hqc128/pqclean/gf.c ****     }
 1334              		.loc 1 21 9 view .LVU885
  19:/home/reo/Documents/Repository/sca-2026/lib/crypto_kem/hqc128/pqclean/gf.c ****         tmp += ((1 - ((a >> i) & 0x0001)) & mask);
 1335              		.loc 1 19 32 view .LVU886
  19:/home/reo/Documents/Repository/sca-2026/lib/crypto_kem/hqc128/pqclean/gf.c ****         tmp += ((1 - ((a >> i) & 0x0001)) & mask);
 1336              		.loc 1 19 24 view .LVU887
  20:/home/reo/Documents/Repository/sca-2026/lib/crypto_kem/hqc128/pqclean/gf.c ****         mask &= - (1 - ((a >> i) & 0x0001));
 1337              		.loc 1 20 9 view .LVU888
  21:/home/reo/Documents/Repository/sca-2026/lib/crypto_kem/hqc128/pqclean/gf.c ****     }
 1338              		.loc 1 21 9 view .LVU889
  19:/home/reo/Documents/Repository/sca-2026/lib/crypto_kem/hqc128/pqclean/gf.c ****         tmp += ((1 - ((a >> i) & 0x0001)) & mask);
 1339              		.loc 1 19 32 view .LVU890
  19:/home/reo/Documents/Repository/sca-2026/lib/crypto_kem/hqc128/pqclean/gf.c ****         tmp += ((1 - ((a >> i) & 0x0001)) & mask);
 1340              		.loc 1 19 24 view .LVU891
  20:/home/reo/Documents/Repository/sca-2026/lib/crypto_kem/hqc128/pqclean/gf.c ****         mask &= - (1 - ((a >> i) & 0x0001));
 1341              		.loc 1 20 9 view .LVU892
  21:/home/reo/Documents/Repository/sca-2026/lib/crypto_kem/hqc128/pqclean/gf.c ****     }
 1342              		.loc 1 21 9 view .LVU893
  19:/home/reo/Documents/Repository/sca-2026/lib/crypto_kem/hqc128/pqclean/gf.c ****         tmp += ((1 - ((a >> i) & 0x0001)) & mask);
 1343              		.loc 1 19 32 view .LVU894
  19:/home/reo/Documents/Repository/sca-2026/lib/crypto_kem/hqc128/pqclean/gf.c ****         tmp += ((1 - ((a >> i) & 0x0001)) & mask);
 1344              		.loc 1 19 24 view .LVU895
  20:/home/reo/Documents/Repository/sca-2026/lib/crypto_kem/hqc128/pqclean/gf.c ****         mask &= - (1 - ((a >> i) & 0x0001));
 1345              		.loc 1 20 9 view .LVU896
  21:/home/reo/Documents/Repository/sca-2026/lib/crypto_kem/hqc128/pqclean/gf.c ****     }
 1346              		.loc 1 21 9 view .LVU897
  19:/home/reo/Documents/Repository/sca-2026/lib/crypto_kem/hqc128/pqclean/gf.c ****         tmp += ((1 - ((a >> i) & 0x0001)) & mask);
 1347              		.loc 1 19 32 view .LVU898
  19:/home/reo/Documents/Repository/sca-2026/lib/crypto_kem/hqc128/pqclean/gf.c ****         tmp += ((1 - ((a >> i) & 0x0001)) & mask);
 1348              		.loc 1 19 24 view .LVU899
  20:/home/reo/Documents/Repository/sca-2026/lib/crypto_kem/hqc128/pqclean/gf.c ****         mask &= - (1 - ((a >> i) & 0x0001));
 1349              		.loc 1 20 9 view .LVU900
  21:/home/reo/Documents/Repository/sca-2026/lib/crypto_kem/hqc128/pqclean/gf.c ****     }
 1350              		.loc 1 21 9 view .LVU901
  19:/home/reo/Documents/Repository/sca-2026/lib/crypto_kem/hqc128/pqclean/gf.c ****         tmp += ((1 - ((a >> i) & 0x0001)) & mask);
 1351              		.loc 1 19 32 view .LVU902
  19:/home/reo/Documents/Repository/sca-2026/lib/crypto_kem/hqc128/pqclean/gf.c ****         tmp += ((1 - ((a >> i) & 0x0001)) & mask);
 1352              		.loc 1 19 24 view .LVU903
  20:/home/reo/Documents/Repository/sca-2026/lib/crypto_kem/hqc128/pqclean/gf.c ****         mask &= - (1 - ((a >> i) & 0x0001));
 1353              		.loc 1 20 9 view .LVU904
  21:/home/reo/Documents/Repository/sca-2026/lib/crypto_kem/hqc128/pqclean/gf.c ****     }
 1354              		.loc 1 21 9 view .LVU905
  19:/home/reo/Documents/Repository/sca-2026/lib/crypto_kem/hqc128/pqclean/gf.c ****         tmp += ((1 - ((a >> i) & 0x0001)) & mask);
 1355              		.loc 1 19 32 view .LVU906
  19:/home/reo/Documents/Repository/sca-2026/lib/crypto_kem/hqc128/pqclean/gf.c ****         tmp += ((1 - ((a >> i) & 0x0001)) & mask);
 1356              		.loc 1 19 24 view .LVU907
  20:/home/reo/Documents/Repository/sca-2026/lib/crypto_kem/hqc128/pqclean/gf.c ****         mask &= - (1 - ((a >> i) & 0x0001));
 1357              		.loc 1 20 9 view .LVU908
  21:/home/reo/Documents/Repository/sca-2026/lib/crypto_kem/hqc128/pqclean/gf.c ****     }
 1358              		.loc 1 21 9 view .LVU909
  19:/home/reo/Documents/Repository/sca-2026/lib/crypto_kem/hqc128/pqclean/gf.c ****         tmp += ((1 - ((a >> i) & 0x0001)) & mask);
 1359              		.loc 1 19 32 view .LVU910
  19:/home/reo/Documents/Repository/sca-2026/lib/crypto_kem/hqc128/pqclean/gf.c ****         tmp += ((1 - ((a >> i) & 0x0001)) & mask);
 1360              		.loc 1 19 24 view .LVU911
  20:/home/reo/Documents/Repository/sca-2026/lib/crypto_kem/hqc128/pqclean/gf.c ****         mask &= - (1 - ((a >> i) & 0x0001));
 1361              		.loc 1 20 9 view .LVU912
  21:/home/reo/Documents/Repository/sca-2026/lib/crypto_kem/hqc128/pqclean/gf.c ****     }
 1362              		.loc 1 21 9 view .LVU913
  19:/home/reo/Documents/Repository/sca-2026/lib/crypto_kem/hqc128/pqclean/gf.c ****         tmp += ((1 - ((a >> i) & 0x0001)) & mask);
 1363              		.loc 1 19 32 view .LVU914
  19:/home/reo/Documents/Repository/sca-2026/lib/crypto_kem/hqc128/pqclean/gf.c ****         tmp += ((1 - ((a >> i) & 0x0001)) & mask);
 1364              		.loc 1 19 24 view .LVU915
  23:/home/reo/Documents/Repository/sca-2026/lib/crypto_kem/hqc128/pqclean/gf.c **** }
 1365              		.loc 1 23 5 view .LVU916
 1366              	.LBB137:
 1367              	.LBB131:
 1368              	.LBB125:
 1369              	.LBB118:
  49:/home/reo/Documents/Repository/sca-2026/lib/crypto_kem/hqc128/pqclean/gf.c ****             mod <<= dist;
 1370              		.loc 1 49 13 view .LVU917
  50:/home/reo/Documents/Repository/sca-2026/lib/crypto_kem/hqc128/pqclean/gf.c ****             x ^= mod;
 1371              		.loc 1 50 13 view .LVU918
  51:/home/reo/Documents/Repository/sca-2026/lib/crypto_kem/hqc128/pqclean/gf.c ****             rmdr ^= 1 << z2;
 1372              		.loc 1 51 13 view .LVU919
  51:/home/reo/Documents/Repository/sca-2026/lib/crypto_kem/hqc128/pqclean/gf.c ****             rmdr ^= 1 << z2;
 1373              		.loc 1 51 15 is_stmt 0 view .LVU920
 1374 004c 83EA0113 		eor	r3, r3, r1, lsl #4
 1375              	.LVL51:
  52:/home/reo/Documents/Repository/sca-2026/lib/crypto_kem/hqc128/pqclean/gf.c ****             z1 = z2;
 1376              		.loc 1 52 13 is_stmt 1 view .LVU921
  53:/home/reo/Documents/Repository/sca-2026/lib/crypto_kem/hqc128/pqclean/gf.c ****         }
 1377              		.loc 1 53 13 view .LVU922
  47:/home/reo/Documents/Repository/sca-2026/lib/crypto_kem/hqc128/pqclean/gf.c ****             z2 = trailing_zero_bits_count(rmdr);
 1378              		.loc 1 47 50 view .LVU923
  47:/home/reo/Documents/Repository/sca-2026/lib/crypto_kem/hqc128/pqclean/gf.c ****             z2 = trailing_zero_bits_count(rmdr);
 1379              		.loc 1 47 47 view .LVU924
 1380              	.LBE118:
  40:/home/reo/Documents/Repository/sca-2026/lib/crypto_kem/hqc128/pqclean/gf.c ****         mod = x >> PARAM_M;
 1381              		.loc 1 40 35 view .LVU925
  40:/home/reo/Documents/Repository/sca-2026/lib/crypto_kem/hqc128/pqclean/gf.c ****         mod = x >> PARAM_M;
 1382              		.loc 1 40 24 view .LVU926
  41:/home/reo/Documents/Repository/sca-2026/lib/crypto_kem/hqc128/pqclean/gf.c ****         x &= (1 << PARAM_M) - 1;
 1383              		.loc 1 41 9 view .LVU927
  42:/home/reo/Documents/Repository/sca-2026/lib/crypto_kem/hqc128/pqclean/gf.c ****         x ^= mod;
 1384              		.loc 1 42 11 is_stmt 0 view .LVU928
 1385 0050 03F0FF02 		and	r2, r3, #255
  41:/home/reo/Documents/Repository/sca-2026/lib/crypto_kem/hqc128/pqclean/gf.c ****         x &= (1 << PARAM_M) - 1;
 1386              		.loc 1 41 13 view .LVU929
 1387 0054 180A     		lsrs	r0, r3, #8
 1388              	.LVL52:
  42:/home/reo/Documents/Repository/sca-2026/lib/crypto_kem/hqc128/pqclean/gf.c ****         x ^= mod;
 1389              		.loc 1 42 9 is_stmt 1 view .LVU930
  43:/home/reo/Documents/Repository/sca-2026/lib/crypto_kem/hqc128/pqclean/gf.c **** 
 1390              		.loc 1 43 9 view .LVU931
  43:/home/reo/Documents/Repository/sca-2026/lib/crypto_kem/hqc128/pqclean/gf.c **** 
 1391              		.loc 1 43 11 is_stmt 0 view .LVU932
 1392 0056 82EA1323 		eor	r3, r2, r3, lsr #8
 1393              	.LVL53:
  45:/home/reo/Documents/Repository/sca-2026/lib/crypto_kem/hqc128/pqclean/gf.c ****         rmdr = PARAM_GF_POLY ^ 1;
 1394              		.loc 1 45 9 is_stmt 1 view .LVU933
  46:/home/reo/Documents/Repository/sca-2026/lib/crypto_kem/hqc128/pqclean/gf.c ****         for (size_t j = PARAM_GF_POLY_WT - 2; j; --j) {
 1395              		.loc 1 46 9 view .LVU934
  47:/home/reo/Documents/Repository/sca-2026/lib/crypto_kem/hqc128/pqclean/gf.c ****             z2 = trailing_zero_bits_count(rmdr);
 1396              		.loc 1 47 9 view .LVU935
 1397              	.LBB119:
  47:/home/reo/Documents/Repository/sca-2026/lib/crypto_kem/hqc128/pqclean/gf.c ****             z2 = trailing_zero_bits_count(rmdr);
 1398              		.loc 1 47 14 view .LVU936
  47:/home/reo/Documents/Repository/sca-2026/lib/crypto_kem/hqc128/pqclean/gf.c ****             z2 = trailing_zero_bits_count(rmdr);
 1399              		.loc 1 47 47 view .LVU937
  47:/home/reo/Documents/Repository/sca-2026/lib/crypto_kem/hqc128/pqclean/gf.c ****             z2 = trailing_zero_bits_count(rmdr);
 1400              		.loc 1 47 47 is_stmt 0 view .LVU938
 1401              	.LBE119:
 1402              	.LBE125:
 1403              	.LBE131:
 1404              	.LBE137:
  19:/home/reo/Documents/Repository/sca-2026/lib/crypto_kem/hqc128/pqclean/gf.c ****         tmp += ((1 - ((a >> i) & 0x0001)) & mask);
 1405              		.loc 1 19 24 is_stmt 1 view .LVU939
  20:/home/reo/Documents/Repository/sca-2026/lib/crypto_kem/hqc128/pqclean/gf.c ****         mask &= - (1 - ((a >> i) & 0x0001));
 1406              		.loc 1 20 9 view .LVU940
  21:/home/reo/Documents/Repository/sca-2026/lib/crypto_kem/hqc128/pqclean/gf.c ****     }
 1407              		.loc 1 21 9 view .LVU941
  19:/home/reo/Documents/Repository/sca-2026/lib/crypto_kem/hqc128/pqclean/gf.c ****         tmp += ((1 - ((a >> i) & 0x0001)) & mask);
 1408              		.loc 1 19 32 view .LVU942
  19:/home/reo/Documents/Repository/sca-2026/lib/crypto_kem/hqc128/pqclean/gf.c ****         tmp += ((1 - ((a >> i) & 0x0001)) & mask);
 1409              		.loc 1 19 24 view .LVU943
  20:/home/reo/Documents/Repository/sca-2026/lib/crypto_kem/hqc128/pqclean/gf.c ****         mask &= - (1 - ((a >> i) & 0x0001));
 1410              		.loc 1 20 9 view .LVU944
  21:/home/reo/Documents/Repository/sca-2026/lib/crypto_kem/hqc128/pqclean/gf.c ****     }
 1411              		.loc 1 21 9 view .LVU945
  19:/home/reo/Documents/Repository/sca-2026/lib/crypto_kem/hqc128/pqclean/gf.c ****         tmp += ((1 - ((a >> i) & 0x0001)) & mask);
 1412              		.loc 1 19 32 view .LVU946
  19:/home/reo/Documents/Repository/sca-2026/lib/crypto_kem/hqc128/pqclean/gf.c ****         tmp += ((1 - ((a >> i) & 0x0001)) & mask);
 1413              		.loc 1 19 24 view .LVU947
  20:/home/reo/Documents/Repository/sca-2026/lib/crypto_kem/hqc128/pqclean/gf.c ****         mask &= - (1 - ((a >> i) & 0x0001));
 1414              		.loc 1 20 9 view .LVU948
  21:/home/reo/Documents/Repository/sca-2026/lib/crypto_kem/hqc128/pqclean/gf.c ****     }
 1415              		.loc 1 21 9 view .LVU949
  19:/home/reo/Documents/Repository/sca-2026/lib/crypto_kem/hqc128/pqclean/gf.c ****         tmp += ((1 - ((a >> i) & 0x0001)) & mask);
 1416              		.loc 1 19 32 view .LVU950
  19:/home/reo/Documents/Repository/sca-2026/lib/crypto_kem/hqc128/pqclean/gf.c ****         tmp += ((1 - ((a >> i) & 0x0001)) & mask);
 1417              		.loc 1 19 24 view .LVU951
  20:/home/reo/Documents/Repository/sca-2026/lib/crypto_kem/hqc128/pqclean/gf.c ****         mask &= - (1 - ((a >> i) & 0x0001));
 1418              		.loc 1 20 9 view .LVU952
  21:/home/reo/Documents/Repository/sca-2026/lib/crypto_kem/hqc128/pqclean/gf.c ****     }
 1419              		.loc 1 21 9 view .LVU953
  19:/home/reo/Documents/Repository/sca-2026/lib/crypto_kem/hqc128/pqclean/gf.c ****         tmp += ((1 - ((a >> i) & 0x0001)) & mask);
 1420              		.loc 1 19 32 view .LVU954
  19:/home/reo/Documents/Repository/sca-2026/lib/crypto_kem/hqc128/pqclean/gf.c ****         tmp += ((1 - ((a >> i) & 0x0001)) & mask);
 1421              		.loc 1 19 24 view .LVU955
  20:/home/reo/Documents/Repository/sca-2026/lib/crypto_kem/hqc128/pqclean/gf.c ****         mask &= - (1 - ((a >> i) & 0x0001));
 1422              		.loc 1 20 9 view .LVU956
  21:/home/reo/Documents/Repository/sca-2026/lib/crypto_kem/hqc128/pqclean/gf.c ****     }
 1423              		.loc 1 21 9 view .LVU957
  19:/home/reo/Documents/Repository/sca-2026/lib/crypto_kem/hqc128/pqclean/gf.c ****         tmp += ((1 - ((a >> i) & 0x0001)) & mask);
 1424              		.loc 1 19 32 view .LVU958
  19:/home/reo/Documents/Repository/sca-2026/lib/crypto_kem/hqc128/pqclean/gf.c ****         tmp += ((1 - ((a >> i) & 0x0001)) & mask);
 1425              		.loc 1 19 24 view .LVU959
  20:/home/reo/Documents/Repository/sca-2026/lib/crypto_kem/hqc128/pqclean/gf.c ****         mask &= - (1 - ((a >> i) & 0x0001));
 1426              		.loc 1 20 9 view .LVU960
  21:/home/reo/Documents/Repository/sca-2026/lib/crypto_kem/hqc128/pqclean/gf.c ****     }
 1427              		.loc 1 21 9 view .LVU961
  19:/home/reo/Documents/Repository/sca-2026/lib/crypto_kem/hqc128/pqclean/gf.c ****         tmp += ((1 - ((a >> i) & 0x0001)) & mask);
 1428              		.loc 1 19 32 view .LVU962
  19:/home/reo/Documents/Repository/sca-2026/lib/crypto_kem/hqc128/pqclean/gf.c ****         tmp += ((1 - ((a >> i) & 0x0001)) & mask);
 1429              		.loc 1 19 24 view .LVU963
  20:/home/reo/Documents/Repository/sca-2026/lib/crypto_kem/hqc128/pqclean/gf.c ****         mask &= - (1 - ((a >> i) & 0x0001));
 1430              		.loc 1 20 9 view .LVU964
  21:/home/reo/Documents/Repository/sca-2026/lib/crypto_kem/hqc128/pqclean/gf.c ****     }
 1431              		.loc 1 21 9 view .LVU965
  19:/home/reo/Documents/Repository/sca-2026/lib/crypto_kem/hqc128/pqclean/gf.c ****         tmp += ((1 - ((a >> i) & 0x0001)) & mask);
 1432              		.loc 1 19 32 view .LVU966
  19:/home/reo/Documents/Repository/sca-2026/lib/crypto_kem/hqc128/pqclean/gf.c ****         tmp += ((1 - ((a >> i) & 0x0001)) & mask);
 1433              		.loc 1 19 24 view .LVU967
  20:/home/reo/Documents/Repository/sca-2026/lib/crypto_kem/hqc128/pqclean/gf.c ****         mask &= - (1 - ((a >> i) & 0x0001));
 1434              		.loc 1 20 9 view .LVU968
  21:/home/reo/Documents/Repository/sca-2026/lib/crypto_kem/hqc128/pqclean/gf.c ****     }
 1435              		.loc 1 21 9 view .LVU969
  19:/home/reo/Documents/Repository/sca-2026/lib/crypto_kem/hqc128/pqclean/gf.c ****         tmp += ((1 - ((a >> i) & 0x0001)) & mask);
 1436              		.loc 1 19 32 view .LVU970
  19:/home/reo/Documents/Repository/sca-2026/lib/crypto_kem/hqc128/pqclean/gf.c ****         tmp += ((1 - ((a >> i) & 0x0001)) & mask);
 1437              		.loc 1 19 24 view .LVU971
  20:/home/reo/Documents/Repository/sca-2026/lib/crypto_kem/hqc128/pqclean/gf.c ****         mask &= - (1 - ((a >> i) & 0x0001));
 1438              		.loc 1 20 9 view .LVU972
  21:/home/reo/Documents/Repository/sca-2026/lib/crypto_kem/hqc128/pqclean/gf.c ****     }
 1439              		.loc 1 21 9 view .LVU973
  19:/home/reo/Documents/Repository/sca-2026/lib/crypto_kem/hqc128/pqclean/gf.c ****         tmp += ((1 - ((a >> i) & 0x0001)) & mask);
 1440              		.loc 1 19 32 view .LVU974
  19:/home/reo/Documents/Repository/sca-2026/lib/crypto_kem/hqc128/pqclean/gf.c ****         tmp += ((1 - ((a >> i) & 0x0001)) & mask);
 1441              		.loc 1 19 24 view .LVU975
  20:/home/reo/Documents/Repository/sca-2026/lib/crypto_kem/hqc128/pqclean/gf.c ****         mask &= - (1 - ((a >> i) & 0x0001));
 1442              		.loc 1 20 9 view .LVU976
  21:/home/reo/Documents/Repository/sca-2026/lib/crypto_kem/hqc128/pqclean/gf.c ****     }
 1443              		.loc 1 21 9 view .LVU977
  19:/home/reo/Documents/Repository/sca-2026/lib/crypto_kem/hqc128/pqclean/gf.c ****         tmp += ((1 - ((a >> i) & 0x0001)) & mask);
 1444              		.loc 1 19 32 view .LVU978
  19:/home/reo/Documents/Repository/sca-2026/lib/crypto_kem/hqc128/pqclean/gf.c ****         tmp += ((1 - ((a >> i) & 0x0001)) & mask);
 1445              		.loc 1 19 24 view .LVU979
  20:/home/reo/Documents/Repository/sca-2026/lib/crypto_kem/hqc128/pqclean/gf.c ****         mask &= - (1 - ((a >> i) & 0x0001));
 1446              		.loc 1 20 9 view .LVU980
  21:/home/reo/Documents/Repository/sca-2026/lib/crypto_kem/hqc128/pqclean/gf.c ****     }
 1447              		.loc 1 21 9 view .LVU981
  19:/home/reo/Documents/Repository/sca-2026/lib/crypto_kem/hqc128/pqclean/gf.c ****         tmp += ((1 - ((a >> i) & 0x0001)) & mask);
 1448              		.loc 1 19 32 view .LVU982
  19:/home/reo/Documents/Repository/sca-2026/lib/crypto_kem/hqc128/pqclean/gf.c ****         tmp += ((1 - ((a >> i) & 0x0001)) & mask);
 1449              		.loc 1 19 24 view .LVU983
  20:/home/reo/Documents/Repository/sca-2026/lib/crypto_kem/hqc128/pqclean/gf.c ****         mask &= - (1 - ((a >> i) & 0x0001));
 1450              		.loc 1 20 9 view .LVU984
  21:/home/reo/Documents/Repository/sca-2026/lib/crypto_kem/hqc128/pqclean/gf.c ****     }
 1451              		.loc 1 21 9 view .LVU985
  19:/home/reo/Documents/Repository/sca-2026/lib/crypto_kem/hqc128/pqclean/gf.c ****         tmp += ((1 - ((a >> i) & 0x0001)) & mask);
 1452              		.loc 1 19 32 view .LVU986
  19:/home/reo/Documents/Repository/sca-2026/lib/crypto_kem/hqc128/pqclean/gf.c ****         tmp += ((1 - ((a >> i) & 0x0001)) & mask);
 1453              		.loc 1 19 24 view .LVU987
  20:/home/reo/Documents/Repository/sca-2026/lib/crypto_kem/hqc128/pqclean/gf.c ****         mask &= - (1 - ((a >> i) & 0x0001));
 1454              		.loc 1 20 9 view .LVU988
  21:/home/reo/Documents/Repository/sca-2026/lib/crypto_kem/hqc128/pqclean/gf.c ****     }
 1455              		.loc 1 21 9 view .LVU989
  19:/home/reo/Documents/Repository/sca-2026/lib/crypto_kem/hqc128/pqclean/gf.c ****         tmp += ((1 - ((a >> i) & 0x0001)) & mask);
 1456              		.loc 1 19 32 view .LVU990
  19:/home/reo/Documents/Repository/sca-2026/lib/crypto_kem/hqc128/pqclean/gf.c ****         tmp += ((1 - ((a >> i) & 0x0001)) & mask);
 1457              		.loc 1 19 24 view .LVU991
  20:/home/reo/Documents/Repository/sca-2026/lib/crypto_kem/hqc128/pqclean/gf.c ****         mask &= - (1 - ((a >> i) & 0x0001));
 1458              		.loc 1 20 9 view .LVU992
  21:/home/reo/Documents/Repository/sca-2026/lib/crypto_kem/hqc128/pqclean/gf.c ****     }
 1459              		.loc 1 21 9 view .LVU993
  19:/home/reo/Documents/Repository/sca-2026/lib/crypto_kem/hqc128/pqclean/gf.c ****         tmp += ((1 - ((a >> i) & 0x0001)) & mask);
 1460              		.loc 1 19 32 view .LVU994
  19:/home/reo/Documents/Repository/sca-2026/lib/crypto_kem/hqc128/pqclean/gf.c ****         tmp += ((1 - ((a >> i) & 0x0001)) & mask);
 1461              		.loc 1 19 24 view .LVU995
  23:/home/reo/Documents/Repository/sca-2026/lib/crypto_kem/hqc128/pqclean/gf.c **** }
 1462              		.loc 1 23 5 view .LVU996
 1463              	.LBB138:
 1464              	.LBB132:
 1465              	.LBB126:
 1466              	.LBB120:
  49:/home/reo/Documents/Repository/sca-2026/lib/crypto_kem/hqc128/pqclean/gf.c ****             mod <<= dist;
 1467              		.loc 1 49 13 view .LVU997
  50:/home/reo/Documents/Repository/sca-2026/lib/crypto_kem/hqc128/pqclean/gf.c ****             x ^= mod;
 1468              		.loc 1 50 13 view .LVU998
  51:/home/reo/Documents/Repository/sca-2026/lib/crypto_kem/hqc128/pqclean/gf.c ****             rmdr ^= 1 << z2;
 1469              		.loc 1 51 13 view .LVU999
  51:/home/reo/Documents/Repository/sca-2026/lib/crypto_kem/hqc128/pqclean/gf.c ****             rmdr ^= 1 << z2;
 1470              		.loc 1 51 15 is_stmt 0 view .LVU1000
 1471 005a 83EA8003 		eor	r3, r3, r0, lsl #2
 1472              	.LVL54:
  52:/home/reo/Documents/Repository/sca-2026/lib/crypto_kem/hqc128/pqclean/gf.c ****             z1 = z2;
 1473              		.loc 1 52 13 is_stmt 1 view .LVU1001
  53:/home/reo/Documents/Repository/sca-2026/lib/crypto_kem/hqc128/pqclean/gf.c ****         }
 1474              		.loc 1 53 13 view .LVU1002
  47:/home/reo/Documents/Repository/sca-2026/lib/crypto_kem/hqc128/pqclean/gf.c ****             z2 = trailing_zero_bits_count(rmdr);
 1475              		.loc 1 47 50 view .LVU1003
  47:/home/reo/Documents/Repository/sca-2026/lib/crypto_kem/hqc128/pqclean/gf.c ****             z2 = trailing_zero_bits_count(rmdr);
 1476              		.loc 1 47 47 view .LVU1004
  47:/home/reo/Documents/Repository/sca-2026/lib/crypto_kem/hqc128/pqclean/gf.c ****             z2 = trailing_zero_bits_count(rmdr);
 1477              		.loc 1 47 47 is_stmt 0 view .LVU1005
 1478              	.LBE120:
 1479              	.LBE126:
 1480              	.LBE132:
 1481              	.LBE138:
  19:/home/reo/Documents/Repository/sca-2026/lib/crypto_kem/hqc128/pqclean/gf.c ****         tmp += ((1 - ((a >> i) & 0x0001)) & mask);
 1482              		.loc 1 19 24 is_stmt 1 view .LVU1006
  20:/home/reo/Documents/Repository/sca-2026/lib/crypto_kem/hqc128/pqclean/gf.c ****         mask &= - (1 - ((a >> i) & 0x0001));
 1483              		.loc 1 20 9 view .LVU1007
  21:/home/reo/Documents/Repository/sca-2026/lib/crypto_kem/hqc128/pqclean/gf.c ****     }
 1484              		.loc 1 21 9 view .LVU1008
  19:/home/reo/Documents/Repository/sca-2026/lib/crypto_kem/hqc128/pqclean/gf.c ****         tmp += ((1 - ((a >> i) & 0x0001)) & mask);
 1485              		.loc 1 19 32 view .LVU1009
  19:/home/reo/Documents/Repository/sca-2026/lib/crypto_kem/hqc128/pqclean/gf.c ****         tmp += ((1 - ((a >> i) & 0x0001)) & mask);
 1486              		.loc 1 19 24 view .LVU1010
  20:/home/reo/Documents/Repository/sca-2026/lib/crypto_kem/hqc128/pqclean/gf.c ****         mask &= - (1 - ((a >> i) & 0x0001));
 1487              		.loc 1 20 9 view .LVU1011
  21:/home/reo/Documents/Repository/sca-2026/lib/crypto_kem/hqc128/pqclean/gf.c ****     }
 1488              		.loc 1 21 9 view .LVU1012
  19:/home/reo/Documents/Repository/sca-2026/lib/crypto_kem/hqc128/pqclean/gf.c ****         tmp += ((1 - ((a >> i) & 0x0001)) & mask);
 1489              		.loc 1 19 32 view .LVU1013
  19:/home/reo/Documents/Repository/sca-2026/lib/crypto_kem/hqc128/pqclean/gf.c ****         tmp += ((1 - ((a >> i) & 0x0001)) & mask);
 1490              		.loc 1 19 24 view .LVU1014
  20:/home/reo/Documents/Repository/sca-2026/lib/crypto_kem/hqc128/pqclean/gf.c ****         mask &= - (1 - ((a >> i) & 0x0001));
 1491              		.loc 1 20 9 view .LVU1015
  21:/home/reo/Documents/Repository/sca-2026/lib/crypto_kem/hqc128/pqclean/gf.c ****     }
 1492              		.loc 1 21 9 view .LVU1016
  19:/home/reo/Documents/Repository/sca-2026/lib/crypto_kem/hqc128/pqclean/gf.c ****         tmp += ((1 - ((a >> i) & 0x0001)) & mask);
 1493              		.loc 1 19 32 view .LVU1017
  19:/home/reo/Documents/Repository/sca-2026/lib/crypto_kem/hqc128/pqclean/gf.c ****         tmp += ((1 - ((a >> i) & 0x0001)) & mask);
 1494              		.loc 1 19 24 view .LVU1018
  20:/home/reo/Documents/Repository/sca-2026/lib/crypto_kem/hqc128/pqclean/gf.c ****         mask &= - (1 - ((a >> i) & 0x0001));
 1495              		.loc 1 20 9 view .LVU1019
  21:/home/reo/Documents/Repository/sca-2026/lib/crypto_kem/hqc128/pqclean/gf.c ****     }
 1496              		.loc 1 21 9 view .LVU1020
  19:/home/reo/Documents/Repository/sca-2026/lib/crypto_kem/hqc128/pqclean/gf.c ****         tmp += ((1 - ((a >> i) & 0x0001)) & mask);
 1497              		.loc 1 19 32 view .LVU1021
  19:/home/reo/Documents/Repository/sca-2026/lib/crypto_kem/hqc128/pqclean/gf.c ****         tmp += ((1 - ((a >> i) & 0x0001)) & mask);
 1498              		.loc 1 19 24 view .LVU1022
  20:/home/reo/Documents/Repository/sca-2026/lib/crypto_kem/hqc128/pqclean/gf.c ****         mask &= - (1 - ((a >> i) & 0x0001));
 1499              		.loc 1 20 9 view .LVU1023
  21:/home/reo/Documents/Repository/sca-2026/lib/crypto_kem/hqc128/pqclean/gf.c ****     }
 1500              		.loc 1 21 9 view .LVU1024
  19:/home/reo/Documents/Repository/sca-2026/lib/crypto_kem/hqc128/pqclean/gf.c ****         tmp += ((1 - ((a >> i) & 0x0001)) & mask);
 1501              		.loc 1 19 32 view .LVU1025
  19:/home/reo/Documents/Repository/sca-2026/lib/crypto_kem/hqc128/pqclean/gf.c ****         tmp += ((1 - ((a >> i) & 0x0001)) & mask);
 1502              		.loc 1 19 24 view .LVU1026
  20:/home/reo/Documents/Repository/sca-2026/lib/crypto_kem/hqc128/pqclean/gf.c ****         mask &= - (1 - ((a >> i) & 0x0001));
 1503              		.loc 1 20 9 view .LVU1027
  21:/home/reo/Documents/Repository/sca-2026/lib/crypto_kem/hqc128/pqclean/gf.c ****     }
 1504              		.loc 1 21 9 view .LVU1028
  19:/home/reo/Documents/Repository/sca-2026/lib/crypto_kem/hqc128/pqclean/gf.c ****         tmp += ((1 - ((a >> i) & 0x0001)) & mask);
 1505              		.loc 1 19 32 view .LVU1029
  19:/home/reo/Documents/Repository/sca-2026/lib/crypto_kem/hqc128/pqclean/gf.c ****         tmp += ((1 - ((a >> i) & 0x0001)) & mask);
 1506              		.loc 1 19 24 view .LVU1030
  20:/home/reo/Documents/Repository/sca-2026/lib/crypto_kem/hqc128/pqclean/gf.c ****         mask &= - (1 - ((a >> i) & 0x0001));
 1507              		.loc 1 20 9 view .LVU1031
  21:/home/reo/Documents/Repository/sca-2026/lib/crypto_kem/hqc128/pqclean/gf.c ****     }
 1508              		.loc 1 21 9 view .LVU1032
  19:/home/reo/Documents/Repository/sca-2026/lib/crypto_kem/hqc128/pqclean/gf.c ****         tmp += ((1 - ((a >> i) & 0x0001)) & mask);
 1509              		.loc 1 19 32 view .LVU1033
  19:/home/reo/Documents/Repository/sca-2026/lib/crypto_kem/hqc128/pqclean/gf.c ****         tmp += ((1 - ((a >> i) & 0x0001)) & mask);
 1510              		.loc 1 19 24 view .LVU1034
  20:/home/reo/Documents/Repository/sca-2026/lib/crypto_kem/hqc128/pqclean/gf.c ****         mask &= - (1 - ((a >> i) & 0x0001));
 1511              		.loc 1 20 9 view .LVU1035
  21:/home/reo/Documents/Repository/sca-2026/lib/crypto_kem/hqc128/pqclean/gf.c ****     }
 1512              		.loc 1 21 9 view .LVU1036
  19:/home/reo/Documents/Repository/sca-2026/lib/crypto_kem/hqc128/pqclean/gf.c ****         tmp += ((1 - ((a >> i) & 0x0001)) & mask);
 1513              		.loc 1 19 32 view .LVU1037
  19:/home/reo/Documents/Repository/sca-2026/lib/crypto_kem/hqc128/pqclean/gf.c ****         tmp += ((1 - ((a >> i) & 0x0001)) & mask);
 1514              		.loc 1 19 24 view .LVU1038
  20:/home/reo/Documents/Repository/sca-2026/lib/crypto_kem/hqc128/pqclean/gf.c ****         mask &= - (1 - ((a >> i) & 0x0001));
 1515              		.loc 1 20 9 view .LVU1039
  21:/home/reo/Documents/Repository/sca-2026/lib/crypto_kem/hqc128/pqclean/gf.c ****     }
 1516              		.loc 1 21 9 view .LVU1040
  19:/home/reo/Documents/Repository/sca-2026/lib/crypto_kem/hqc128/pqclean/gf.c ****         tmp += ((1 - ((a >> i) & 0x0001)) & mask);
 1517              		.loc 1 19 32 view .LVU1041
  19:/home/reo/Documents/Repository/sca-2026/lib/crypto_kem/hqc128/pqclean/gf.c ****         tmp += ((1 - ((a >> i) & 0x0001)) & mask);
 1518              		.loc 1 19 24 view .LVU1042
  20:/home/reo/Documents/Repository/sca-2026/lib/crypto_kem/hqc128/pqclean/gf.c ****         mask &= - (1 - ((a >> i) & 0x0001));
 1519              		.loc 1 20 9 view .LVU1043
  21:/home/reo/Documents/Repository/sca-2026/lib/crypto_kem/hqc128/pqclean/gf.c ****     }
 1520              		.loc 1 21 9 view .LVU1044
  19:/home/reo/Documents/Repository/sca-2026/lib/crypto_kem/hqc128/pqclean/gf.c ****         tmp += ((1 - ((a >> i) & 0x0001)) & mask);
 1521              		.loc 1 19 32 view .LVU1045
  19:/home/reo/Documents/Repository/sca-2026/lib/crypto_kem/hqc128/pqclean/gf.c ****         tmp += ((1 - ((a >> i) & 0x0001)) & mask);
 1522              		.loc 1 19 24 view .LVU1046
  20:/home/reo/Documents/Repository/sca-2026/lib/crypto_kem/hqc128/pqclean/gf.c ****         mask &= - (1 - ((a >> i) & 0x0001));
 1523              		.loc 1 20 9 view .LVU1047
  21:/home/reo/Documents/Repository/sca-2026/lib/crypto_kem/hqc128/pqclean/gf.c ****     }
 1524              		.loc 1 21 9 view .LVU1048
  19:/home/reo/Documents/Repository/sca-2026/lib/crypto_kem/hqc128/pqclean/gf.c ****         tmp += ((1 - ((a >> i) & 0x0001)) & mask);
 1525              		.loc 1 19 32 view .LVU1049
  19:/home/reo/Documents/Repository/sca-2026/lib/crypto_kem/hqc128/pqclean/gf.c ****         tmp += ((1 - ((a >> i) & 0x0001)) & mask);
 1526              		.loc 1 19 24 view .LVU1050
  20:/home/reo/Documents/Repository/sca-2026/lib/crypto_kem/hqc128/pqclean/gf.c ****         mask &= - (1 - ((a >> i) & 0x0001));
 1527              		.loc 1 20 9 view .LVU1051
  21:/home/reo/Documents/Repository/sca-2026/lib/crypto_kem/hqc128/pqclean/gf.c ****     }
 1528              		.loc 1 21 9 view .LVU1052
  19:/home/reo/Documents/Repository/sca-2026/lib/crypto_kem/hqc128/pqclean/gf.c ****         tmp += ((1 - ((a >> i) & 0x0001)) & mask);
 1529              		.loc 1 19 32 view .LVU1053
  19:/home/reo/Documents/Repository/sca-2026/lib/crypto_kem/hqc128/pqclean/gf.c ****         tmp += ((1 - ((a >> i) & 0x0001)) & mask);
 1530              		.loc 1 19 24 view .LVU1054
  20:/home/reo/Documents/Repository/sca-2026/lib/crypto_kem/hqc128/pqclean/gf.c ****         mask &= - (1 - ((a >> i) & 0x0001));
 1531              		.loc 1 20 9 view .LVU1055
  21:/home/reo/Documents/Repository/sca-2026/lib/crypto_kem/hqc128/pqclean/gf.c ****     }
 1532              		.loc 1 21 9 view .LVU1056
  19:/home/reo/Documents/Repository/sca-2026/lib/crypto_kem/hqc128/pqclean/gf.c ****         tmp += ((1 - ((a >> i) & 0x0001)) & mask);
 1533              		.loc 1 19 32 view .LVU1057
  19:/home/reo/Documents/Repository/sca-2026/lib/crypto_kem/hqc128/pqclean/gf.c ****         tmp += ((1 - ((a >> i) & 0x0001)) & mask);
 1534              		.loc 1 19 24 view .LVU1058
  20:/home/reo/Documents/Repository/sca-2026/lib/crypto_kem/hqc128/pqclean/gf.c ****         mask &= - (1 - ((a >> i) & 0x0001));
 1535              		.loc 1 20 9 view .LVU1059
  21:/home/reo/Documents/Repository/sca-2026/lib/crypto_kem/hqc128/pqclean/gf.c ****     }
 1536              		.loc 1 21 9 view .LVU1060
  19:/home/reo/Documents/Repository/sca-2026/lib/crypto_kem/hqc128/pqclean/gf.c ****         tmp += ((1 - ((a >> i) & 0x0001)) & mask);
 1537              		.loc 1 19 32 view .LVU1061
  19:/home/reo/Documents/Repository/sca-2026/lib/crypto_kem/hqc128/pqclean/gf.c ****         tmp += ((1 - ((a >> i) & 0x0001)) & mask);
 1538              		.loc 1 19 24 view .LVU1062
  23:/home/reo/Documents/Repository/sca-2026/lib/crypto_kem/hqc128/pqclean/gf.c **** }
 1539              		.loc 1 23 5 view .LVU1063
 1540              	.LBB139:
 1541              	.LBB133:
 1542              	.LBB127:
 1543              	.LBB121:
  49:/home/reo/Documents/Repository/sca-2026/lib/crypto_kem/hqc128/pqclean/gf.c ****             mod <<= dist;
 1544              		.loc 1 49 13 view .LVU1064
  50:/home/reo/Documents/Repository/sca-2026/lib/crypto_kem/hqc128/pqclean/gf.c ****             x ^= mod;
 1545              		.loc 1 50 13 view .LVU1065
  51:/home/reo/Documents/Repository/sca-2026/lib/crypto_kem/hqc128/pqclean/gf.c ****             rmdr ^= 1 << z2;
 1546              		.loc 1 51 13 view .LVU1066
  51:/home/reo/Documents/Repository/sca-2026/lib/crypto_kem/hqc128/pqclean/gf.c ****             rmdr ^= 1 << z2;
 1547              		.loc 1 51 15 is_stmt 0 view .LVU1067
 1548 005e 83EAC003 		eor	r3, r3, r0, lsl #3
 1549              	.LVL55:
  52:/home/reo/Documents/Repository/sca-2026/lib/crypto_kem/hqc128/pqclean/gf.c ****             z1 = z2;
 1550              		.loc 1 52 13 is_stmt 1 view .LVU1068
  53:/home/reo/Documents/Repository/sca-2026/lib/crypto_kem/hqc128/pqclean/gf.c ****         }
 1551              		.loc 1 53 13 view .LVU1069
  47:/home/reo/Documents/Repository/sca-2026/lib/crypto_kem/hqc128/pqclean/gf.c ****             z2 = trailing_zero_bits_count(rmdr);
 1552              		.loc 1 47 50 view .LVU1070
  47:/home/reo/Documents/Repository/sca-2026/lib/crypto_kem/hqc128/pqclean/gf.c ****             z2 = trailing_zero_bits_count(rmdr);
 1553              		.loc 1 47 47 view .LVU1071
  47:/home/reo/Documents/Repository/sca-2026/lib/crypto_kem/hqc128/pqclean/gf.c ****             z2 = trailing_zero_bits_count(rmdr);
 1554              		.loc 1 47 47 is_stmt 0 view .LVU1072
 1555              	.LBE121:
 1556              	.LBE127:
 1557              	.LBE133:
 1558              	.LBE139:
  19:/home/reo/Documents/Repository/sca-2026/lib/crypto_kem/hqc128/pqclean/gf.c ****         tmp += ((1 - ((a >> i) & 0x0001)) & mask);
 1559              		.loc 1 19 24 is_stmt 1 view .LVU1073
  20:/home/reo/Documents/Repository/sca-2026/lib/crypto_kem/hqc128/pqclean/gf.c ****         mask &= - (1 - ((a >> i) & 0x0001));
 1560              		.loc 1 20 9 view .LVU1074
  21:/home/reo/Documents/Repository/sca-2026/lib/crypto_kem/hqc128/pqclean/gf.c ****     }
 1561              		.loc 1 21 9 view .LVU1075
  19:/home/reo/Documents/Repository/sca-2026/lib/crypto_kem/hqc128/pqclean/gf.c ****         tmp += ((1 - ((a >> i) & 0x0001)) & mask);
 1562              		.loc 1 19 32 view .LVU1076
  19:/home/reo/Documents/Repository/sca-2026/lib/crypto_kem/hqc128/pqclean/gf.c ****         tmp += ((1 - ((a >> i) & 0x0001)) & mask);
 1563              		.loc 1 19 24 view .LVU1077
  20:/home/reo/Documents/Repository/sca-2026/lib/crypto_kem/hqc128/pqclean/gf.c ****         mask &= - (1 - ((a >> i) & 0x0001));
 1564              		.loc 1 20 9 view .LVU1078
  21:/home/reo/Documents/Repository/sca-2026/lib/crypto_kem/hqc128/pqclean/gf.c ****     }
 1565              		.loc 1 21 9 view .LVU1079
  19:/home/reo/Documents/Repository/sca-2026/lib/crypto_kem/hqc128/pqclean/gf.c ****         tmp += ((1 - ((a >> i) & 0x0001)) & mask);
 1566              		.loc 1 19 32 view .LVU1080
  19:/home/reo/Documents/Repository/sca-2026/lib/crypto_kem/hqc128/pqclean/gf.c ****         tmp += ((1 - ((a >> i) & 0x0001)) & mask);
 1567              		.loc 1 19 24 view .LVU1081
  20:/home/reo/Documents/Repository/sca-2026/lib/crypto_kem/hqc128/pqclean/gf.c ****         mask &= - (1 - ((a >> i) & 0x0001));
 1568              		.loc 1 20 9 view .LVU1082
  21:/home/reo/Documents/Repository/sca-2026/lib/crypto_kem/hqc128/pqclean/gf.c ****     }
 1569              		.loc 1 21 9 view .LVU1083
  19:/home/reo/Documents/Repository/sca-2026/lib/crypto_kem/hqc128/pqclean/gf.c ****         tmp += ((1 - ((a >> i) & 0x0001)) & mask);
 1570              		.loc 1 19 32 view .LVU1084
  19:/home/reo/Documents/Repository/sca-2026/lib/crypto_kem/hqc128/pqclean/gf.c ****         tmp += ((1 - ((a >> i) & 0x0001)) & mask);
 1571              		.loc 1 19 24 view .LVU1085
  20:/home/reo/Documents/Repository/sca-2026/lib/crypto_kem/hqc128/pqclean/gf.c ****         mask &= - (1 - ((a >> i) & 0x0001));
 1572              		.loc 1 20 9 view .LVU1086
  21:/home/reo/Documents/Repository/sca-2026/lib/crypto_kem/hqc128/pqclean/gf.c ****     }
 1573              		.loc 1 21 9 view .LVU1087
  19:/home/reo/Documents/Repository/sca-2026/lib/crypto_kem/hqc128/pqclean/gf.c ****         tmp += ((1 - ((a >> i) & 0x0001)) & mask);
 1574              		.loc 1 19 32 view .LVU1088
  19:/home/reo/Documents/Repository/sca-2026/lib/crypto_kem/hqc128/pqclean/gf.c ****         tmp += ((1 - ((a >> i) & 0x0001)) & mask);
 1575              		.loc 1 19 24 view .LVU1089
  20:/home/reo/Documents/Repository/sca-2026/lib/crypto_kem/hqc128/pqclean/gf.c ****         mask &= - (1 - ((a >> i) & 0x0001));
 1576              		.loc 1 20 9 view .LVU1090
  21:/home/reo/Documents/Repository/sca-2026/lib/crypto_kem/hqc128/pqclean/gf.c ****     }
 1577              		.loc 1 21 9 view .LVU1091
  19:/home/reo/Documents/Repository/sca-2026/lib/crypto_kem/hqc128/pqclean/gf.c ****         tmp += ((1 - ((a >> i) & 0x0001)) & mask);
 1578              		.loc 1 19 32 view .LVU1092
  19:/home/reo/Documents/Repository/sca-2026/lib/crypto_kem/hqc128/pqclean/gf.c ****         tmp += ((1 - ((a >> i) & 0x0001)) & mask);
 1579              		.loc 1 19 24 view .LVU1093
  20:/home/reo/Documents/Repository/sca-2026/lib/crypto_kem/hqc128/pqclean/gf.c ****         mask &= - (1 - ((a >> i) & 0x0001));
 1580              		.loc 1 20 9 view .LVU1094
  21:/home/reo/Documents/Repository/sca-2026/lib/crypto_kem/hqc128/pqclean/gf.c ****     }
 1581              		.loc 1 21 9 view .LVU1095
  19:/home/reo/Documents/Repository/sca-2026/lib/crypto_kem/hqc128/pqclean/gf.c ****         tmp += ((1 - ((a >> i) & 0x0001)) & mask);
 1582              		.loc 1 19 32 view .LVU1096
  19:/home/reo/Documents/Repository/sca-2026/lib/crypto_kem/hqc128/pqclean/gf.c ****         tmp += ((1 - ((a >> i) & 0x0001)) & mask);
 1583              		.loc 1 19 24 view .LVU1097
  20:/home/reo/Documents/Repository/sca-2026/lib/crypto_kem/hqc128/pqclean/gf.c ****         mask &= - (1 - ((a >> i) & 0x0001));
 1584              		.loc 1 20 9 view .LVU1098
  21:/home/reo/Documents/Repository/sca-2026/lib/crypto_kem/hqc128/pqclean/gf.c ****     }
 1585              		.loc 1 21 9 view .LVU1099
  19:/home/reo/Documents/Repository/sca-2026/lib/crypto_kem/hqc128/pqclean/gf.c ****         tmp += ((1 - ((a >> i) & 0x0001)) & mask);
 1586              		.loc 1 19 32 view .LVU1100
  19:/home/reo/Documents/Repository/sca-2026/lib/crypto_kem/hqc128/pqclean/gf.c ****         tmp += ((1 - ((a >> i) & 0x0001)) & mask);
 1587              		.loc 1 19 24 view .LVU1101
  20:/home/reo/Documents/Repository/sca-2026/lib/crypto_kem/hqc128/pqclean/gf.c ****         mask &= - (1 - ((a >> i) & 0x0001));
 1588              		.loc 1 20 9 view .LVU1102
  21:/home/reo/Documents/Repository/sca-2026/lib/crypto_kem/hqc128/pqclean/gf.c ****     }
 1589              		.loc 1 21 9 view .LVU1103
  19:/home/reo/Documents/Repository/sca-2026/lib/crypto_kem/hqc128/pqclean/gf.c ****         tmp += ((1 - ((a >> i) & 0x0001)) & mask);
 1590              		.loc 1 19 32 view .LVU1104
  19:/home/reo/Documents/Repository/sca-2026/lib/crypto_kem/hqc128/pqclean/gf.c ****         tmp += ((1 - ((a >> i) & 0x0001)) & mask);
 1591              		.loc 1 19 24 view .LVU1105
  20:/home/reo/Documents/Repository/sca-2026/lib/crypto_kem/hqc128/pqclean/gf.c ****         mask &= - (1 - ((a >> i) & 0x0001));
 1592              		.loc 1 20 9 view .LVU1106
  21:/home/reo/Documents/Repository/sca-2026/lib/crypto_kem/hqc128/pqclean/gf.c ****     }
 1593              		.loc 1 21 9 view .LVU1107
  19:/home/reo/Documents/Repository/sca-2026/lib/crypto_kem/hqc128/pqclean/gf.c ****         tmp += ((1 - ((a >> i) & 0x0001)) & mask);
 1594              		.loc 1 19 32 view .LVU1108
  19:/home/reo/Documents/Repository/sca-2026/lib/crypto_kem/hqc128/pqclean/gf.c ****         tmp += ((1 - ((a >> i) & 0x0001)) & mask);
 1595              		.loc 1 19 24 view .LVU1109
  20:/home/reo/Documents/Repository/sca-2026/lib/crypto_kem/hqc128/pqclean/gf.c ****         mask &= - (1 - ((a >> i) & 0x0001));
 1596              		.loc 1 20 9 view .LVU1110
  21:/home/reo/Documents/Repository/sca-2026/lib/crypto_kem/hqc128/pqclean/gf.c ****     }
 1597              		.loc 1 21 9 view .LVU1111
  19:/home/reo/Documents/Repository/sca-2026/lib/crypto_kem/hqc128/pqclean/gf.c ****         tmp += ((1 - ((a >> i) & 0x0001)) & mask);
 1598              		.loc 1 19 32 view .LVU1112
  19:/home/reo/Documents/Repository/sca-2026/lib/crypto_kem/hqc128/pqclean/gf.c ****         tmp += ((1 - ((a >> i) & 0x0001)) & mask);
 1599              		.loc 1 19 24 view .LVU1113
  20:/home/reo/Documents/Repository/sca-2026/lib/crypto_kem/hqc128/pqclean/gf.c ****         mask &= - (1 - ((a >> i) & 0x0001));
 1600              		.loc 1 20 9 view .LVU1114
  21:/home/reo/Documents/Repository/sca-2026/lib/crypto_kem/hqc128/pqclean/gf.c ****     }
 1601              		.loc 1 21 9 view .LVU1115
  19:/home/reo/Documents/Repository/sca-2026/lib/crypto_kem/hqc128/pqclean/gf.c ****         tmp += ((1 - ((a >> i) & 0x0001)) & mask);
 1602              		.loc 1 19 32 view .LVU1116
  19:/home/reo/Documents/Repository/sca-2026/lib/crypto_kem/hqc128/pqclean/gf.c ****         tmp += ((1 - ((a >> i) & 0x0001)) & mask);
 1603              		.loc 1 19 24 view .LVU1117
  20:/home/reo/Documents/Repository/sca-2026/lib/crypto_kem/hqc128/pqclean/gf.c ****         mask &= - (1 - ((a >> i) & 0x0001));
 1604              		.loc 1 20 9 view .LVU1118
  21:/home/reo/Documents/Repository/sca-2026/lib/crypto_kem/hqc128/pqclean/gf.c ****     }
 1605              		.loc 1 21 9 view .LVU1119
  19:/home/reo/Documents/Repository/sca-2026/lib/crypto_kem/hqc128/pqclean/gf.c ****         tmp += ((1 - ((a >> i) & 0x0001)) & mask);
 1606              		.loc 1 19 32 view .LVU1120
  19:/home/reo/Documents/Repository/sca-2026/lib/crypto_kem/hqc128/pqclean/gf.c ****         tmp += ((1 - ((a >> i) & 0x0001)) & mask);
 1607              		.loc 1 19 24 view .LVU1121
  20:/home/reo/Documents/Repository/sca-2026/lib/crypto_kem/hqc128/pqclean/gf.c ****         mask &= - (1 - ((a >> i) & 0x0001));
 1608              		.loc 1 20 9 view .LVU1122
  21:/home/reo/Documents/Repository/sca-2026/lib/crypto_kem/hqc128/pqclean/gf.c ****     }
 1609              		.loc 1 21 9 view .LVU1123
  19:/home/reo/Documents/Repository/sca-2026/lib/crypto_kem/hqc128/pqclean/gf.c ****         tmp += ((1 - ((a >> i) & 0x0001)) & mask);
 1610              		.loc 1 19 32 view .LVU1124
  19:/home/reo/Documents/Repository/sca-2026/lib/crypto_kem/hqc128/pqclean/gf.c ****         tmp += ((1 - ((a >> i) & 0x0001)) & mask);
 1611              		.loc 1 19 24 view .LVU1125
  20:/home/reo/Documents/Repository/sca-2026/lib/crypto_kem/hqc128/pqclean/gf.c ****         mask &= - (1 - ((a >> i) & 0x0001));
 1612              		.loc 1 20 9 view .LVU1126
  21:/home/reo/Documents/Repository/sca-2026/lib/crypto_kem/hqc128/pqclean/gf.c ****     }
 1613              		.loc 1 21 9 view .LVU1127
  19:/home/reo/Documents/Repository/sca-2026/lib/crypto_kem/hqc128/pqclean/gf.c ****         tmp += ((1 - ((a >> i) & 0x0001)) & mask);
 1614              		.loc 1 19 32 view .LVU1128
  19:/home/reo/Documents/Repository/sca-2026/lib/crypto_kem/hqc128/pqclean/gf.c ****         tmp += ((1 - ((a >> i) & 0x0001)) & mask);
 1615              		.loc 1 19 24 view .LVU1129
  23:/home/reo/Documents/Repository/sca-2026/lib/crypto_kem/hqc128/pqclean/gf.c **** }
 1616              		.loc 1 23 5 view .LVU1130
 1617              	.LBB140:
 1618              	.LBB134:
 1619              	.LBB128:
 1620              	.LBB122:
  49:/home/reo/Documents/Repository/sca-2026/lib/crypto_kem/hqc128/pqclean/gf.c ****             mod <<= dist;
 1621              		.loc 1 49 13 view .LVU1131
  50:/home/reo/Documents/Repository/sca-2026/lib/crypto_kem/hqc128/pqclean/gf.c ****             x ^= mod;
 1622              		.loc 1 50 13 view .LVU1132
  51:/home/reo/Documents/Repository/sca-2026/lib/crypto_kem/hqc128/pqclean/gf.c ****             rmdr ^= 1 << z2;
 1623              		.loc 1 51 13 view .LVU1133
  52:/home/reo/Documents/Repository/sca-2026/lib/crypto_kem/hqc128/pqclean/gf.c ****             z1 = z2;
 1624              		.loc 1 52 13 view .LVU1134
  53:/home/reo/Documents/Repository/sca-2026/lib/crypto_kem/hqc128/pqclean/gf.c ****         }
 1625              		.loc 1 53 13 view .LVU1135
  47:/home/reo/Documents/Repository/sca-2026/lib/crypto_kem/hqc128/pqclean/gf.c ****             z2 = trailing_zero_bits_count(rmdr);
 1626              		.loc 1 47 50 view .LVU1136
  47:/home/reo/Documents/Repository/sca-2026/lib/crypto_kem/hqc128/pqclean/gf.c ****             z2 = trailing_zero_bits_count(rmdr);
 1627              		.loc 1 47 47 view .LVU1137
 1628              	.LBE122:
  40:/home/reo/Documents/Repository/sca-2026/lib/crypto_kem/hqc128/pqclean/gf.c ****         mod = x >> PARAM_M;
 1629              		.loc 1 40 35 view .LVU1138
  40:/home/reo/Documents/Repository/sca-2026/lib/crypto_kem/hqc128/pqclean/gf.c ****         mod = x >> PARAM_M;
 1630              		.loc 1 40 24 view .LVU1139
 1631              	.LBE128:
  57:/home/reo/Documents/Repository/sca-2026/lib/crypto_kem/hqc128/pqclean/gf.c **** }
 1632              		.loc 1 57 5 view .LVU1140
  57:/home/reo/Documents/Repository/sca-2026/lib/crypto_kem/hqc128/pqclean/gf.c **** }
 1633              		.loc 1 57 5 is_stmt 0 view .LVU1141
 1634              	.LBE134:
 1635              	.LBE140:
 135:/home/reo/Documents/Repository/sca-2026/lib/crypto_kem/hqc128/pqclean/gf.c **** }
 1636              		.loc 1 135 1 view .LVU1142
 1637 0062 83EA0010 		eor	r0, r3, r0, lsl #4
 1638 0066 7047     		bx	lr
 1639              		.cfi_endproc
 1640              	.LFE4:
 1642              		.section	.text.PQCLEAN_HQC128_CLEAN_gf_inverse,"ax",%progbits
 1643              		.align	1
 1644              		.p2align 2,,3
 1645              		.global	PQCLEAN_HQC128_CLEAN_gf_inverse
 1646              		.syntax unified
 1647              		.thumb
 1648              		.thumb_func
 1649              		.fpu softvfp
 1651              	PQCLEAN_HQC128_CLEAN_gf_inverse:
 1652              	.LVL56:
 1653              	.LFB5:
 136:/home/reo/Documents/Repository/sca-2026/lib/crypto_kem/hqc128/pqclean/gf.c **** 
 137:/home/reo/Documents/Repository/sca-2026/lib/crypto_kem/hqc128/pqclean/gf.c **** /**
 138:/home/reo/Documents/Repository/sca-2026/lib/crypto_kem/hqc128/pqclean/gf.c ****  * @brief Computes the inverse of an element of GF(2^PARAM_M),
 139:/home/reo/Documents/Repository/sca-2026/lib/crypto_kem/hqc128/pqclean/gf.c ****  * using the addition chain 1 2 3 4 7 11 15 30 60 120 127 254
 140:/home/reo/Documents/Repository/sca-2026/lib/crypto_kem/hqc128/pqclean/gf.c ****  * @returns the inverse of a if a != 0 or 0 if a = 0
 141:/home/reo/Documents/Repository/sca-2026/lib/crypto_kem/hqc128/pqclean/gf.c ****  * @param[in] a Element of GF(2^PARAM_M)
 142:/home/reo/Documents/Repository/sca-2026/lib/crypto_kem/hqc128/pqclean/gf.c ****  */
 143:/home/reo/Documents/Repository/sca-2026/lib/crypto_kem/hqc128/pqclean/gf.c **** uint16_t PQCLEAN_HQC128_CLEAN_gf_inverse(uint16_t a) {
 1654              		.loc 1 143 54 is_stmt 1 view -0
 1655              		.cfi_startproc
 1656              		@ args = 0, pretend = 0, frame = 0
 1657              		@ frame_needed = 0, uses_anonymous_args = 0
 144:/home/reo/Documents/Repository/sca-2026/lib/crypto_kem/hqc128/pqclean/gf.c ****     uint16_t inv = a;
 1658              		.loc 1 144 5 view .LVU1144
 143:/home/reo/Documents/Repository/sca-2026/lib/crypto_kem/hqc128/pqclean/gf.c ****     uint16_t inv = a;
 1659              		.loc 1 143 54 is_stmt 0 view .LVU1145
 1660 0000 38B5     		push	{r3, r4, r5, lr}
 1661              	.LCFI1:
 1662              		.cfi_def_cfa_offset 16
 1663              		.cfi_offset 3, -16
 1664              		.cfi_offset 4, -12
 1665              		.cfi_offset 5, -8
 1666              		.cfi_offset 14, -4
 143:/home/reo/Documents/Repository/sca-2026/lib/crypto_kem/hqc128/pqclean/gf.c ****     uint16_t inv = a;
 1667              		.loc 1 143 54 view .LVU1146
 1668 0002 0446     		mov	r4, r0
 1669              	.LVL57:
 145:/home/reo/Documents/Repository/sca-2026/lib/crypto_kem/hqc128/pqclean/gf.c ****     uint16_t tmp1, tmp2;
 1670              		.loc 1 145 5 is_stmt 1 view .LVU1147
 146:/home/reo/Documents/Repository/sca-2026/lib/crypto_kem/hqc128/pqclean/gf.c **** 
 147:/home/reo/Documents/Repository/sca-2026/lib/crypto_kem/hqc128/pqclean/gf.c ****     inv = PQCLEAN_HQC128_CLEAN_gf_square(a); /* a^2 */
 1671              		.loc 1 147 5 view .LVU1148
 1672              		.loc 1 147 11 is_stmt 0 view .LVU1149
 1673 0004 FFF7FEFF 		bl	PQCLEAN_HQC128_CLEAN_gf_square
 1674              	.LVL58:
 148:/home/reo/Documents/Repository/sca-2026/lib/crypto_kem/hqc128/pqclean/gf.c ****     tmp1 = PQCLEAN_HQC128_CLEAN_gf_mul(inv, a); /* a^3 */
 1675              		.loc 1 148 12 view .LVU1150
 1676 0008 2146     		mov	r1, r4
 147:/home/reo/Documents/Repository/sca-2026/lib/crypto_kem/hqc128/pqclean/gf.c ****     tmp1 = PQCLEAN_HQC128_CLEAN_gf_mul(inv, a); /* a^3 */
 1677              		.loc 1 147 11 view .LVU1151
 1678 000a 0546     		mov	r5, r0
 1679              	.LVL59:
 1680              		.loc 1 148 5 is_stmt 1 view .LVU1152
 1681              		.loc 1 148 12 is_stmt 0 view .LVU1153
 1682 000c FFF7FEFF 		bl	PQCLEAN_HQC128_CLEAN_gf_mul
 1683              	.LVL60:
 1684 0010 0446     		mov	r4, r0
 1685              	.LVL61:
 149:/home/reo/Documents/Repository/sca-2026/lib/crypto_kem/hqc128/pqclean/gf.c ****     inv = PQCLEAN_HQC128_CLEAN_gf_square(inv); /* a^4 */
 1686              		.loc 1 149 5 is_stmt 1 view .LVU1154
 1687              		.loc 1 149 11 is_stmt 0 view .LVU1155
 1688 0012 2846     		mov	r0, r5
 1689 0014 FFF7FEFF 		bl	PQCLEAN_HQC128_CLEAN_gf_square
 1690              	.LVL62:
 150:/home/reo/Documents/Repository/sca-2026/lib/crypto_kem/hqc128/pqclean/gf.c ****     tmp2 = PQCLEAN_HQC128_CLEAN_gf_mul(inv, tmp1); /* a^7 */
 1691              		.loc 1 150 12 view .LVU1156
 1692 0018 2146     		mov	r1, r4
 149:/home/reo/Documents/Repository/sca-2026/lib/crypto_kem/hqc128/pqclean/gf.c ****     inv = PQCLEAN_HQC128_CLEAN_gf_square(inv); /* a^4 */
 1693              		.loc 1 149 11 view .LVU1157
 1694 001a 0546     		mov	r5, r0
 1695              	.LVL63:
 1696              		.loc 1 150 5 is_stmt 1 view .LVU1158
 1697              		.loc 1 150 12 is_stmt 0 view .LVU1159
 1698 001c FFF7FEFF 		bl	PQCLEAN_HQC128_CLEAN_gf_mul
 1699              	.LVL64:
 1700 0020 0446     		mov	r4, r0
 1701              	.LVL65:
 151:/home/reo/Documents/Repository/sca-2026/lib/crypto_kem/hqc128/pqclean/gf.c ****     tmp1 = PQCLEAN_HQC128_CLEAN_gf_mul(inv, tmp2); /* a^11 */
 1702              		.loc 1 151 5 is_stmt 1 view .LVU1160
 1703              		.loc 1 151 12 is_stmt 0 view .LVU1161
 1704 0022 0146     		mov	r1, r0
 1705 0024 2846     		mov	r0, r5
 1706              	.LVL66:
 1707              		.loc 1 151 12 view .LVU1162
 1708 0026 FFF7FEFF 		bl	PQCLEAN_HQC128_CLEAN_gf_mul
 1709              	.LVL67:
 152:/home/reo/Documents/Repository/sca-2026/lib/crypto_kem/hqc128/pqclean/gf.c ****     inv = PQCLEAN_HQC128_CLEAN_gf_mul(tmp1, inv); /* a^15 */
 1710              		.loc 1 152 5 is_stmt 1 view .LVU1163
 1711              		.loc 1 152 11 is_stmt 0 view .LVU1164
 1712 002a 2946     		mov	r1, r5
 1713 002c FFF7FEFF 		bl	PQCLEAN_HQC128_CLEAN_gf_mul
 1714              	.LVL68:
 153:/home/reo/Documents/Repository/sca-2026/lib/crypto_kem/hqc128/pqclean/gf.c ****     inv = PQCLEAN_HQC128_CLEAN_gf_square(inv); /* a^30 */
 1715              		.loc 1 153 5 is_stmt 1 view .LVU1165
 1716              		.loc 1 153 11 is_stmt 0 view .LVU1166
 1717 0030 FFF7FEFF 		bl	PQCLEAN_HQC128_CLEAN_gf_square
 1718              	.LVL69:
 154:/home/reo/Documents/Repository/sca-2026/lib/crypto_kem/hqc128/pqclean/gf.c ****     inv = PQCLEAN_HQC128_CLEAN_gf_square(inv); /* a^60 */
 1719              		.loc 1 154 5 is_stmt 1 view .LVU1167
 1720              		.loc 1 154 11 is_stmt 0 view .LVU1168
 1721 0034 FFF7FEFF 		bl	PQCLEAN_HQC128_CLEAN_gf_square
 1722              	.LVL70:
 155:/home/reo/Documents/Repository/sca-2026/lib/crypto_kem/hqc128/pqclean/gf.c ****     inv = PQCLEAN_HQC128_CLEAN_gf_square(inv); /* a^120 */
 1723              		.loc 1 155 5 is_stmt 1 view .LVU1169
 1724              		.loc 1 155 11 is_stmt 0 view .LVU1170
 1725 0038 FFF7FEFF 		bl	PQCLEAN_HQC128_CLEAN_gf_square
 1726              	.LVL71:
 156:/home/reo/Documents/Repository/sca-2026/lib/crypto_kem/hqc128/pqclean/gf.c ****     inv = PQCLEAN_HQC128_CLEAN_gf_mul(inv, tmp2); /* a^127 */
 1727              		.loc 1 156 5 is_stmt 1 view .LVU1171
 1728              		.loc 1 156 11 is_stmt 0 view .LVU1172
 1729 003c 2146     		mov	r1, r4
 1730 003e FFF7FEFF 		bl	PQCLEAN_HQC128_CLEAN_gf_mul
 1731              	.LVL72:
 157:/home/reo/Documents/Repository/sca-2026/lib/crypto_kem/hqc128/pqclean/gf.c ****     inv = PQCLEAN_HQC128_CLEAN_gf_square(inv); /* a^254 */
 1732              		.loc 1 157 5 is_stmt 1 view .LVU1173
 158:/home/reo/Documents/Repository/sca-2026/lib/crypto_kem/hqc128/pqclean/gf.c ****     return inv;
 159:/home/reo/Documents/Repository/sca-2026/lib/crypto_kem/hqc128/pqclean/gf.c **** }
 1733              		.loc 1 159 1 is_stmt 0 view .LVU1174
 1734 0042 BDE83840 		pop	{r3, r4, r5, lr}
 1735              	.LCFI2:
 1736              		.cfi_restore 14
 1737              		.cfi_restore 5
 1738              		.cfi_restore 4
 1739              		.cfi_restore 3
 1740              		.cfi_def_cfa_offset 0
 157:/home/reo/Documents/Repository/sca-2026/lib/crypto_kem/hqc128/pqclean/gf.c ****     inv = PQCLEAN_HQC128_CLEAN_gf_square(inv); /* a^254 */
 1741              		.loc 1 157 11 view .LVU1175
 1742 0046 FFF7FEBF 		b	PQCLEAN_HQC128_CLEAN_gf_square
 1743              	.LVL73:
 157:/home/reo/Documents/Repository/sca-2026/lib/crypto_kem/hqc128/pqclean/gf.c ****     inv = PQCLEAN_HQC128_CLEAN_gf_square(inv); /* a^254 */
 1744              		.loc 1 157 11 view .LVU1176
 1745              		.cfi_endproc
 1746              	.LFE5:
 1748 004a 00BF     		.text
 1749              	.Letext0:
 1750              		.file 2 "/usr/lib/gcc/arm-none-eabi/10.3.1/include/stdint.h"
 1751              		.file 3 "/home/reo/Documents/Repository/sca-2026/include/crypto_kem/hqc128/pqclean/gf.h"
 1752              		.file 4 "/usr/lib/gcc/arm-none-eabi/10.3.1/include/stddef.h"
DEFINED SYMBOLS
                            *ABS*:0000000000000000 gf.c
     /tmp/ccP0NdK2.s:16     .text.PQCLEAN_HQC128_CLEAN_gf_mul:0000000000000000 $t
     /tmp/ccP0NdK2.s:25     .text.PQCLEAN_HQC128_CLEAN_gf_mul:0000000000000000 PQCLEAN_HQC128_CLEAN_gf_mul
     /tmp/ccP0NdK2.s:1009   .text.PQCLEAN_HQC128_CLEAN_gf_square:0000000000000000 $t
     /tmp/ccP0NdK2.s:1017   .text.PQCLEAN_HQC128_CLEAN_gf_square:0000000000000000 PQCLEAN_HQC128_CLEAN_gf_square
     /tmp/ccP0NdK2.s:1643   .text.PQCLEAN_HQC128_CLEAN_gf_inverse:0000000000000000 $t
     /tmp/ccP0NdK2.s:1651   .text.PQCLEAN_HQC128_CLEAN_gf_inverse:0000000000000000 PQCLEAN_HQC128_CLEAN_gf_inverse

NO UNDEFINED SYMBOLS
