   1              		.cpu cortex-m4
   2              		.arch armv7e-m
   3              		.fpu softvfp
   4              		.eabi_attribute 20, 1
   5              		.eabi_attribute 21, 1
   6              		.eabi_attribute 23, 3
   7              		.eabi_attribute 24, 1
   8              		.eabi_attribute 25, 1
   9              		.eabi_attribute 26, 1
  10              		.eabi_attribute 30, 2
  11              		.eabi_attribute 34, 1
  12              		.eabi_attribute 18, 4
  13              		.file	"reed_solomon.c"
  14              		.text
  15              	.Ltext0:
  16              		.cfi_sections	.debug_frame
  17              		.file 1 "/home/pacl/Documents/Repository/sca-2026/lib/crypto_kem/hqc128/pqclean/reed_solomon.c"
  18              		.section	.text.PQCLEAN_HQC128_CLEAN_reed_solomon_encode,"ax",%progbits
  19              		.align	1
  20              		.p2align 2,,3
  21              		.global	PQCLEAN_HQC128_CLEAN_reed_solomon_encode
  22              		.syntax unified
  23              		.thumb
  24              		.thumb_func
  26              	PQCLEAN_HQC128_CLEAN_reed_solomon_encode:
  27              	.LVL0:
  28              	.LFB0:
   1:/home/pacl/Documents/Repository/sca-2026/lib/crypto_kem/hqc128/pqclean/reed_solomon.c **** #include "fft.h"
   2:/home/pacl/Documents/Repository/sca-2026/lib/crypto_kem/hqc128/pqclean/reed_solomon.c **** #include "gf.h"
   3:/home/pacl/Documents/Repository/sca-2026/lib/crypto_kem/hqc128/pqclean/reed_solomon.c **** #include "parameters.h"
   4:/home/pacl/Documents/Repository/sca-2026/lib/crypto_kem/hqc128/pqclean/reed_solomon.c **** #include "reed_solomon.h"
   5:/home/pacl/Documents/Repository/sca-2026/lib/crypto_kem/hqc128/pqclean/reed_solomon.c **** #include <stdint.h>
   6:/home/pacl/Documents/Repository/sca-2026/lib/crypto_kem/hqc128/pqclean/reed_solomon.c **** #include <string.h>
   7:/home/pacl/Documents/Repository/sca-2026/lib/crypto_kem/hqc128/pqclean/reed_solomon.c **** /**
   8:/home/pacl/Documents/Repository/sca-2026/lib/crypto_kem/hqc128/pqclean/reed_solomon.c ****  * @file reed_solomon.c
   9:/home/pacl/Documents/Repository/sca-2026/lib/crypto_kem/hqc128/pqclean/reed_solomon.c ****  * @brief Constant time implementation of Reed-Solomon codes
  10:/home/pacl/Documents/Repository/sca-2026/lib/crypto_kem/hqc128/pqclean/reed_solomon.c ****  */
  11:/home/pacl/Documents/Repository/sca-2026/lib/crypto_kem/hqc128/pqclean/reed_solomon.c **** 
  12:/home/pacl/Documents/Repository/sca-2026/lib/crypto_kem/hqc128/pqclean/reed_solomon.c **** /**
  13:/home/pacl/Documents/Repository/sca-2026/lib/crypto_kem/hqc128/pqclean/reed_solomon.c ****  * @brief Encodes a message message of PARAM_K bits to a Reed-Solomon codeword codeword of PARAM_N1
  14:/home/pacl/Documents/Repository/sca-2026/lib/crypto_kem/hqc128/pqclean/reed_solomon.c ****  *
  15:/home/pacl/Documents/Repository/sca-2026/lib/crypto_kem/hqc128/pqclean/reed_solomon.c ****  * Following @cite lin1983error (Chapter 4 - Cyclic Codes),
  16:/home/pacl/Documents/Repository/sca-2026/lib/crypto_kem/hqc128/pqclean/reed_solomon.c ****  * We perform a systematic encoding using a linear (PARAM_N1 - PARAM_K)-stage shift register
  17:/home/pacl/Documents/Repository/sca-2026/lib/crypto_kem/hqc128/pqclean/reed_solomon.c ****  * with feedback connections based on the generator polynomial PARAM_RS_POLY of the Reed-Solomon co
  18:/home/pacl/Documents/Repository/sca-2026/lib/crypto_kem/hqc128/pqclean/reed_solomon.c ****  *
  19:/home/pacl/Documents/Repository/sca-2026/lib/crypto_kem/hqc128/pqclean/reed_solomon.c ****  * @param[out] cdw Array of size VEC_N1_SIZE_64 receiving the encoded message
  20:/home/pacl/Documents/Repository/sca-2026/lib/crypto_kem/hqc128/pqclean/reed_solomon.c ****  * @param[in] msg Array of size VEC_K_SIZE_64 storing the message
  21:/home/pacl/Documents/Repository/sca-2026/lib/crypto_kem/hqc128/pqclean/reed_solomon.c ****  */
  22:/home/pacl/Documents/Repository/sca-2026/lib/crypto_kem/hqc128/pqclean/reed_solomon.c **** void PQCLEAN_HQC128_CLEAN_reed_solomon_encode(uint8_t *cdw, const uint8_t *msg) {
  29              		.loc 1 22 81 view -0
  30              		.cfi_startproc
  31              		@ args = 0, pretend = 0, frame = 136
  32              		@ frame_needed = 0, uses_anonymous_args = 0
  23:/home/pacl/Documents/Repository/sca-2026/lib/crypto_kem/hqc128/pqclean/reed_solomon.c ****     uint8_t gate_value = 0;
  33              		.loc 1 23 5 view .LVU1
  24:/home/pacl/Documents/Repository/sca-2026/lib/crypto_kem/hqc128/pqclean/reed_solomon.c **** 
  25:/home/pacl/Documents/Repository/sca-2026/lib/crypto_kem/hqc128/pqclean/reed_solomon.c ****     uint16_t tmp[PARAM_G] = {0};
  34              		.loc 1 25 5 view .LVU2
  22:/home/pacl/Documents/Repository/sca-2026/lib/crypto_kem/hqc128/pqclean/reed_solomon.c ****     uint8_t gate_value = 0;
  35              		.loc 1 22 81 is_stmt 0 view .LVU3
  36 0000 2DE9F04F 		push	{r4, r5, r6, r7, r8, r9, r10, fp, lr}
  37              	.LCFI0:
  38              		.cfi_def_cfa_offset 36
  39              		.cfi_offset 4, -36
  40              		.cfi_offset 5, -32
  41              		.cfi_offset 6, -28
  42              		.cfi_offset 7, -24
  43              		.cfi_offset 8, -20
  44              		.cfi_offset 9, -16
  45              		.cfi_offset 10, -12
  46              		.cfi_offset 11, -8
  47              		.cfi_offset 14, -4
  48 0004 A3B0     		sub	sp, sp, #140
  49              	.LCFI1:
  50              		.cfi_def_cfa_offset 176
  26:/home/pacl/Documents/Repository/sca-2026/lib/crypto_kem/hqc128/pqclean/reed_solomon.c ****     uint16_t PARAM_RS_POLY [] = {RS_POLY_COEFS};
  51              		.loc 1 26 14 view .LVU4
  52 0006 294E     		ldr	r6, .L10
  25:/home/pacl/Documents/Repository/sca-2026/lib/crypto_kem/hqc128/pqclean/reed_solomon.c ****     uint16_t PARAM_RS_POLY [] = {RS_POLY_COEFS};
  53              		.loc 1 25 14 view .LVU5
  54 0008 02AD     		add	r5, sp, #8
  22:/home/pacl/Documents/Repository/sca-2026/lib/crypto_kem/hqc128/pqclean/reed_solomon.c ****     uint8_t gate_value = 0;
  55              		.loc 1 22 81 view .LVU6
  56 000a 0746     		mov	r7, r0
  57 000c 8846     		mov	r8, r1
  25:/home/pacl/Documents/Repository/sca-2026/lib/crypto_kem/hqc128/pqclean/reed_solomon.c ****     uint16_t PARAM_RS_POLY [] = {RS_POLY_COEFS};
  58              		.loc 1 25 14 view .LVU7
  59 000e 3E22     		movs	r2, #62
  60 0010 0021     		movs	r1, #0
  61              	.LVL1:
  25:/home/pacl/Documents/Repository/sca-2026/lib/crypto_kem/hqc128/pqclean/reed_solomon.c ****     uint16_t PARAM_RS_POLY [] = {RS_POLY_COEFS};
  62              		.loc 1 25 14 view .LVU8
  63 0012 2846     		mov	r0, r5
  64              	.LVL2:
  25:/home/pacl/Documents/Repository/sca-2026/lib/crypto_kem/hqc128/pqclean/reed_solomon.c ****     uint16_t PARAM_RS_POLY [] = {RS_POLY_COEFS};
  65              		.loc 1 25 14 view .LVU9
  66 0014 FFF7FEFF 		bl	memset
  67              	.LVL3:
  68              		.loc 1 26 5 is_stmt 1 view .LVU10
  69              		.loc 1 26 14 is_stmt 0 view .LVU11
  70 0018 0FCE     		ldmia	r6!, {r0, r1, r2, r3}
  71 001a 12AC     		add	r4, sp, #72
  72 001c 0FC4     		stmia	r4!, {r0, r1, r2, r3}
  73 001e 0FCE     		ldmia	r6!, {r0, r1, r2, r3}
  74 0020 0FC4     		stmia	r4!, {r0, r1, r2, r3}
  75 0022 0FCE     		ldmia	r6!, {r0, r1, r2, r3}
  76 0024 0FC4     		stmia	r4!, {r0, r1, r2, r3}
  77 0026 96E80F00 		ldm	r6, {r0, r1, r2, r3}
  78 002a 07C4     		stmia	r4!, {r0, r1, r2}
  27:/home/pacl/Documents/Repository/sca-2026/lib/crypto_kem/hqc128/pqclean/reed_solomon.c **** 
  28:/home/pacl/Documents/Repository/sca-2026/lib/crypto_kem/hqc128/pqclean/reed_solomon.c ****     memset(cdw, 0, PARAM_N1);
  79              		.loc 1 28 5 view .LVU12
  80 002c 2E22     		movs	r2, #46
  81 002e 0021     		movs	r1, #0
  82 0030 3846     		mov	r0, r7
  26:/home/pacl/Documents/Repository/sca-2026/lib/crypto_kem/hqc128/pqclean/reed_solomon.c **** 
  83              		.loc 1 26 14 view .LVU13
  84 0032 2380     		strh	r3, [r4]	@ movhi
  85              		.loc 1 28 5 is_stmt 1 view .LVU14
  86 0034 FFF7FEFF 		bl	memset
  87              	.LVL4:
  29:/home/pacl/Documents/Repository/sca-2026/lib/crypto_kem/hqc128/pqclean/reed_solomon.c **** 
  30:/home/pacl/Documents/Repository/sca-2026/lib/crypto_kem/hqc128/pqclean/reed_solomon.c ****     for (size_t i = 0; i < PARAM_K; ++i) {
  88              		.loc 1 30 5 view .LVU15
  89              	.LBB5:
  90              		.loc 1 30 10 view .LVU16
  91              		.loc 1 30 26 discriminator 1 view .LVU17
  92 0038 07F11D03 		add	r3, r7, #29
  93              	.LBE5:
  28:/home/pacl/Documents/Repository/sca-2026/lib/crypto_kem/hqc128/pqclean/reed_solomon.c **** 
  94              		.loc 1 28 5 is_stmt 0 view .LVU18
  95 003c 4FF0000B 		mov	fp, #0
  96 0040 08F11006 		add	r6, r8, #16
  97 0044 0193     		str	r3, [sp, #4]
  98              	.LVL5:
  99              	.L5:
 100              	.LBB9:
  31:/home/pacl/Documents/Repository/sca-2026/lib/crypto_kem/hqc128/pqclean/reed_solomon.c ****         gate_value = msg[PARAM_K - 1 - i] ^ cdw[PARAM_N1 - PARAM_K - 1];
 101              		.loc 1 31 9 is_stmt 1 view .LVU19
  32:/home/pacl/Documents/Repository/sca-2026/lib/crypto_kem/hqc128/pqclean/reed_solomon.c **** 
  33:/home/pacl/Documents/Repository/sca-2026/lib/crypto_kem/hqc128/pqclean/reed_solomon.c ****         for (size_t j = 0; j < PARAM_G; ++j) {
 102              		.loc 1 33 9 view .LVU20
 103              	.LBB6:
 104              		.loc 1 33 14 view .LVU21
 105              		.loc 1 33 30 discriminator 1 view .LVU22
 106              	.LBE6:
  31:/home/pacl/Documents/Repository/sca-2026/lib/crypto_kem/hqc128/pqclean/reed_solomon.c ****         gate_value = msg[PARAM_K - 1 - i] ^ cdw[PARAM_N1 - PARAM_K - 1];
 107              		.loc 1 31 20 is_stmt 0 view .LVU23
 108 0046 16F8013D 		ldrb	r3, [r6, #-1]!	@ zero_extendqisi2
 109              	.LVL6:
  31:/home/pacl/Documents/Repository/sca-2026/lib/crypto_kem/hqc128/pqclean/reed_solomon.c ****         gate_value = msg[PARAM_K - 1 - i] ^ cdw[PARAM_N1 - PARAM_K - 1];
 110              		.loc 1 31 20 view .LVU24
 111 004a 0DF1460A 		add	r10, sp, #70
 112              	.LBB7:
  34:/home/pacl/Documents/Repository/sca-2026/lib/crypto_kem/hqc128/pqclean/reed_solomon.c ****             tmp[j] = PQCLEAN_HQC128_CLEAN_gf_mul(gate_value, PARAM_RS_POLY[j]);
 113              		.loc 1 34 22 view .LVU25
 114 004e 8BEA030B 		eor	fp, fp, r3
 115              	.LVL7:
 116              		.loc 1 34 22 view .LVU26
 117 0052 0DF10609 		add	r9, sp, #6
 118              	.LVL8:
 119              	.L2:
 120              		.loc 1 34 13 is_stmt 1 view .LVU27
 121              		.loc 1 34 22 is_stmt 0 view .LVU28
 122 0056 3AF8021F 		ldrh	r1, [r10, #2]!
 123 005a 5846     		mov	r0, fp
 124 005c FFF7FEFF 		bl	PQCLEAN_HQC128_CLEAN_gf_mul
 125              	.LVL9:
  33:/home/pacl/Documents/Repository/sca-2026/lib/crypto_kem/hqc128/pqclean/reed_solomon.c ****             tmp[j] = PQCLEAN_HQC128_CLEAN_gf_mul(gate_value, PARAM_RS_POLY[j]);
 126              		.loc 1 33 30 discriminator 1 view .LVU29
 127 0060 A245     		cmp	r10, r4
 128              		.loc 1 34 20 discriminator 1 view .LVU30
 129 0062 29F8020F 		strh	r0, [r9, #2]!	@ movhi
  33:/home/pacl/Documents/Repository/sca-2026/lib/crypto_kem/hqc128/pqclean/reed_solomon.c ****             tmp[j] = PQCLEAN_HQC128_CLEAN_gf_mul(gate_value, PARAM_RS_POLY[j]);
 130              		.loc 1 33 41 is_stmt 1 discriminator 3 view .LVU31
  33:/home/pacl/Documents/Repository/sca-2026/lib/crypto_kem/hqc128/pqclean/reed_solomon.c ****             tmp[j] = PQCLEAN_HQC128_CLEAN_gf_mul(gate_value, PARAM_RS_POLY[j]);
 131              		.loc 1 33 30 discriminator 1 view .LVU32
 132 0066 F6D1     		bne	.L2
 133 0068 0199     		ldr	r1, [sp, #4]
 134 006a 0DF14202 		add	r2, sp, #66
 135              	.L3:
 136              	.LBE7:
 137              	.LBB8:
  35:/home/pacl/Documents/Repository/sca-2026/lib/crypto_kem/hqc128/pqclean/reed_solomon.c ****         }
  36:/home/pacl/Documents/Repository/sca-2026/lib/crypto_kem/hqc128/pqclean/reed_solomon.c **** 
  37:/home/pacl/Documents/Repository/sca-2026/lib/crypto_kem/hqc128/pqclean/reed_solomon.c ****         for (size_t k = PARAM_N1 - PARAM_K - 1; k; --k) {
  38:/home/pacl/Documents/Repository/sca-2026/lib/crypto_kem/hqc128/pqclean/reed_solomon.c ****             cdw[k] = (uint8_t)(cdw[k - 1] ^ tmp[k]);
 138              		.loc 1 38 13 view .LVU33
 139              		.loc 1 38 22 is_stmt 0 view .LVU34
 140 006e 11F8013D 		ldrb	r3, [r1, #-1]!	@ zero_extendqisi2
 141              		.loc 1 38 48 view .LVU35
 142 0072 32F80209 		ldrh	r0, [r2], #-2
 143              		.loc 1 38 22 view .LVU36
 144 0076 4340     		eors	r3, r3, r0
  37:/home/pacl/Documents/Repository/sca-2026/lib/crypto_kem/hqc128/pqclean/reed_solomon.c ****             cdw[k] = (uint8_t)(cdw[k - 1] ^ tmp[k]);
 145              		.loc 1 37 49 discriminator 1 view .LVU37
 146 0078 9542     		cmp	r5, r2
 147              		.loc 1 38 20 view .LVU38
 148 007a 4B70     		strb	r3, [r1, #1]
  37:/home/pacl/Documents/Repository/sca-2026/lib/crypto_kem/hqc128/pqclean/reed_solomon.c ****             cdw[k] = (uint8_t)(cdw[k - 1] ^ tmp[k]);
 149              		.loc 1 37 52 is_stmt 1 discriminator 3 view .LVU39
  37:/home/pacl/Documents/Repository/sca-2026/lib/crypto_kem/hqc128/pqclean/reed_solomon.c ****             cdw[k] = (uint8_t)(cdw[k - 1] ^ tmp[k]);
 150              		.loc 1 37 49 discriminator 1 view .LVU40
 151 007c F7D1     		bne	.L3
 152              	.LBE8:
  39:/home/pacl/Documents/Repository/sca-2026/lib/crypto_kem/hqc128/pqclean/reed_solomon.c ****         }
  40:/home/pacl/Documents/Repository/sca-2026/lib/crypto_kem/hqc128/pqclean/reed_solomon.c **** 
  41:/home/pacl/Documents/Repository/sca-2026/lib/crypto_kem/hqc128/pqclean/reed_solomon.c ****         cdw[0] = (uint8_t)tmp[0];
 153              		.loc 1 41 9 view .LVU41
 154              		.loc 1 41 18 is_stmt 0 view .LVU42
 155 007e BDF80830 		ldrh	r3, [sp, #8]
 156 0082 3B70     		strb	r3, [r7]
  30:/home/pacl/Documents/Repository/sca-2026/lib/crypto_kem/hqc128/pqclean/reed_solomon.c ****         gate_value = msg[PARAM_K - 1 - i] ^ cdw[PARAM_N1 - PARAM_K - 1];
 157              		.loc 1 30 37 is_stmt 1 discriminator 2 view .LVU43
 158              	.LVL10:
  30:/home/pacl/Documents/Repository/sca-2026/lib/crypto_kem/hqc128/pqclean/reed_solomon.c ****         gate_value = msg[PARAM_K - 1 - i] ^ cdw[PARAM_N1 - PARAM_K - 1];
 159              		.loc 1 30 26 discriminator 1 view .LVU44
 160 0084 4645     		cmp	r6, r8
 161 0086 02D0     		beq	.L4
  31:/home/pacl/Documents/Repository/sca-2026/lib/crypto_kem/hqc128/pqclean/reed_solomon.c **** 
 162              		.loc 1 31 48 is_stmt 0 view .LVU45
 163 0088 97F81DB0 		ldrb	fp, [r7, #29]	@ zero_extendqisi2
 164 008c DBE7     		b	.L5
 165              	.L4:
 166              	.LBE9:
  42:/home/pacl/Documents/Repository/sca-2026/lib/crypto_kem/hqc128/pqclean/reed_solomon.c ****     }
  43:/home/pacl/Documents/Repository/sca-2026/lib/crypto_kem/hqc128/pqclean/reed_solomon.c **** 
  44:/home/pacl/Documents/Repository/sca-2026/lib/crypto_kem/hqc128/pqclean/reed_solomon.c ****     memcpy(cdw + PARAM_N1 - PARAM_K, msg, PARAM_K);
 167              		.loc 1 44 5 is_stmt 1 view .LVU46
 168 008e 3168     		ldr	r1, [r6]	@ unaligned
 169 0090 7268     		ldr	r2, [r6, #4]	@ unaligned
 170 0092 B368     		ldr	r3, [r6, #8]	@ unaligned
 171 0094 F068     		ldr	r0, [r6, #12]	@ unaligned
 172 0096 C7F82A00 		str	r0, [r7, #42]	@ unaligned
 173 009a C7F81E10 		str	r1, [r7, #30]	@ unaligned
 174 009e C7F82220 		str	r2, [r7, #34]	@ unaligned
 175 00a2 C7F82630 		str	r3, [r7, #38]	@ unaligned
  45:/home/pacl/Documents/Repository/sca-2026/lib/crypto_kem/hqc128/pqclean/reed_solomon.c **** }
 176              		.loc 1 45 1 is_stmt 0 view .LVU47
 177 00a6 23B0     		add	sp, sp, #140
 178              	.LCFI2:
 179              		.cfi_def_cfa_offset 36
 180              		@ sp needed
 181 00a8 BDE8F08F 		pop	{r4, r5, r6, r7, r8, r9, r10, fp, pc}
 182              	.LVL11:
 183              	.L11:
 184              		.loc 1 45 1 view .LVU48
 185              		.align	2
 186              	.L10:
 187 00ac 00000000 		.word	.LANCHOR0
 188              		.cfi_endproc
 189              	.LFE0:
 191              		.section	.text.PQCLEAN_HQC128_CLEAN_reed_solomon_decode,"ax",%progbits
 192              		.align	1
 193              		.p2align 2,,3
 194              		.global	PQCLEAN_HQC128_CLEAN_reed_solomon_decode
 195              		.syntax unified
 196              		.thumb
 197              		.thumb_func
 199              	PQCLEAN_HQC128_CLEAN_reed_solomon_decode:
 200              	.LVL12:
 201              	.LFB7:
  46:/home/pacl/Documents/Repository/sca-2026/lib/crypto_kem/hqc128/pqclean/reed_solomon.c **** 
  47:/home/pacl/Documents/Repository/sca-2026/lib/crypto_kem/hqc128/pqclean/reed_solomon.c **** /**
  48:/home/pacl/Documents/Repository/sca-2026/lib/crypto_kem/hqc128/pqclean/reed_solomon.c ****  * @brief Computes 2 * PARAM_DELTA syndromes
  49:/home/pacl/Documents/Repository/sca-2026/lib/crypto_kem/hqc128/pqclean/reed_solomon.c ****  *
  50:/home/pacl/Documents/Repository/sca-2026/lib/crypto_kem/hqc128/pqclean/reed_solomon.c ****  * @param[out] syndromes Array of size 2 * PARAM_DELTA receiving the computed syndromes
  51:/home/pacl/Documents/Repository/sca-2026/lib/crypto_kem/hqc128/pqclean/reed_solomon.c ****  * @param[in] cdw Array of size PARAM_N1 storing the received vector
  52:/home/pacl/Documents/Repository/sca-2026/lib/crypto_kem/hqc128/pqclean/reed_solomon.c ****  */
  53:/home/pacl/Documents/Repository/sca-2026/lib/crypto_kem/hqc128/pqclean/reed_solomon.c **** static void compute_syndromes(uint16_t *syndromes, uint8_t *cdw) {
  54:/home/pacl/Documents/Repository/sca-2026/lib/crypto_kem/hqc128/pqclean/reed_solomon.c ****     for (size_t i = 0; i < 2 * PARAM_DELTA; ++i) {
  55:/home/pacl/Documents/Repository/sca-2026/lib/crypto_kem/hqc128/pqclean/reed_solomon.c ****         for (size_t j = 1; j < PARAM_N1; ++j) {
  56:/home/pacl/Documents/Repository/sca-2026/lib/crypto_kem/hqc128/pqclean/reed_solomon.c ****             syndromes[i] ^= PQCLEAN_HQC128_CLEAN_gf_mul(cdw[j], alpha_ij_pow[i][j - 1]);
  57:/home/pacl/Documents/Repository/sca-2026/lib/crypto_kem/hqc128/pqclean/reed_solomon.c ****         }
  58:/home/pacl/Documents/Repository/sca-2026/lib/crypto_kem/hqc128/pqclean/reed_solomon.c ****         syndromes[i] ^= cdw[0];
  59:/home/pacl/Documents/Repository/sca-2026/lib/crypto_kem/hqc128/pqclean/reed_solomon.c ****     }
  60:/home/pacl/Documents/Repository/sca-2026/lib/crypto_kem/hqc128/pqclean/reed_solomon.c **** }
  61:/home/pacl/Documents/Repository/sca-2026/lib/crypto_kem/hqc128/pqclean/reed_solomon.c **** 
  62:/home/pacl/Documents/Repository/sca-2026/lib/crypto_kem/hqc128/pqclean/reed_solomon.c **** /**
  63:/home/pacl/Documents/Repository/sca-2026/lib/crypto_kem/hqc128/pqclean/reed_solomon.c ****  * @brief Computes the error locator polynomial (ELP) sigma
  64:/home/pacl/Documents/Repository/sca-2026/lib/crypto_kem/hqc128/pqclean/reed_solomon.c ****  *
  65:/home/pacl/Documents/Repository/sca-2026/lib/crypto_kem/hqc128/pqclean/reed_solomon.c ****  * This is a constant time implementation of Berlekamp's simplified algorithm (see @cite lin1983err
  66:/home/pacl/Documents/Repository/sca-2026/lib/crypto_kem/hqc128/pqclean/reed_solomon.c ****  * We use the letter p for rho which is initialized at -1. <br>
  67:/home/pacl/Documents/Repository/sca-2026/lib/crypto_kem/hqc128/pqclean/reed_solomon.c ****  * The array X_sigma_p represents the polynomial X^(mu-rho)*sigma_p(X). <br>
  68:/home/pacl/Documents/Repository/sca-2026/lib/crypto_kem/hqc128/pqclean/reed_solomon.c ****  * Instead of maintaining a list of sigmas, we update in place both sigma and X_sigma_p. <br>
  69:/home/pacl/Documents/Repository/sca-2026/lib/crypto_kem/hqc128/pqclean/reed_solomon.c ****  * sigma_copy serves as a temporary save of sigma in case X_sigma_p needs to be updated. <br>
  70:/home/pacl/Documents/Repository/sca-2026/lib/crypto_kem/hqc128/pqclean/reed_solomon.c ****  * We can properly correct only if the degree of sigma does not exceed PARAM_DELTA.
  71:/home/pacl/Documents/Repository/sca-2026/lib/crypto_kem/hqc128/pqclean/reed_solomon.c ****  * This means only the first PARAM_DELTA + 1 coefficients of sigma are of value
  72:/home/pacl/Documents/Repository/sca-2026/lib/crypto_kem/hqc128/pqclean/reed_solomon.c ****  * and we only need to save its first PARAM_DELTA - 1 coefficients.
  73:/home/pacl/Documents/Repository/sca-2026/lib/crypto_kem/hqc128/pqclean/reed_solomon.c ****  *
  74:/home/pacl/Documents/Repository/sca-2026/lib/crypto_kem/hqc128/pqclean/reed_solomon.c ****  * @returns the degree of the ELP sigma
  75:/home/pacl/Documents/Repository/sca-2026/lib/crypto_kem/hqc128/pqclean/reed_solomon.c ****  * @param[out] sigma Array of size (at least) PARAM_DELTA receiving the ELP
  76:/home/pacl/Documents/Repository/sca-2026/lib/crypto_kem/hqc128/pqclean/reed_solomon.c ****  * @param[in] syndromes Array of size (at least) 2*PARAM_DELTA storing the syndromes
  77:/home/pacl/Documents/Repository/sca-2026/lib/crypto_kem/hqc128/pqclean/reed_solomon.c ****  */
  78:/home/pacl/Documents/Repository/sca-2026/lib/crypto_kem/hqc128/pqclean/reed_solomon.c **** static uint16_t compute_elp(uint16_t *sigma, const uint16_t *syndromes) {
  79:/home/pacl/Documents/Repository/sca-2026/lib/crypto_kem/hqc128/pqclean/reed_solomon.c ****     uint16_t deg_sigma = 0;
  80:/home/pacl/Documents/Repository/sca-2026/lib/crypto_kem/hqc128/pqclean/reed_solomon.c ****     uint16_t deg_sigma_p = 0;
  81:/home/pacl/Documents/Repository/sca-2026/lib/crypto_kem/hqc128/pqclean/reed_solomon.c ****     uint16_t deg_sigma_copy = 0;
  82:/home/pacl/Documents/Repository/sca-2026/lib/crypto_kem/hqc128/pqclean/reed_solomon.c ****     uint16_t sigma_copy[PARAM_DELTA + 1] = {0};
  83:/home/pacl/Documents/Repository/sca-2026/lib/crypto_kem/hqc128/pqclean/reed_solomon.c ****     uint16_t X_sigma_p[PARAM_DELTA + 1] = {0, 1};
  84:/home/pacl/Documents/Repository/sca-2026/lib/crypto_kem/hqc128/pqclean/reed_solomon.c ****     uint16_t pp = (uint16_t) -1; // 2*rho
  85:/home/pacl/Documents/Repository/sca-2026/lib/crypto_kem/hqc128/pqclean/reed_solomon.c ****     uint16_t d_p = 1;
  86:/home/pacl/Documents/Repository/sca-2026/lib/crypto_kem/hqc128/pqclean/reed_solomon.c ****     uint16_t d = syndromes[0];
  87:/home/pacl/Documents/Repository/sca-2026/lib/crypto_kem/hqc128/pqclean/reed_solomon.c **** 
  88:/home/pacl/Documents/Repository/sca-2026/lib/crypto_kem/hqc128/pqclean/reed_solomon.c ****     uint16_t mask1, mask2, mask12;
  89:/home/pacl/Documents/Repository/sca-2026/lib/crypto_kem/hqc128/pqclean/reed_solomon.c ****     uint16_t deg_X, deg_X_sigma_p;
  90:/home/pacl/Documents/Repository/sca-2026/lib/crypto_kem/hqc128/pqclean/reed_solomon.c ****     uint16_t dd;
  91:/home/pacl/Documents/Repository/sca-2026/lib/crypto_kem/hqc128/pqclean/reed_solomon.c ****     uint16_t mu;
  92:/home/pacl/Documents/Repository/sca-2026/lib/crypto_kem/hqc128/pqclean/reed_solomon.c **** 
  93:/home/pacl/Documents/Repository/sca-2026/lib/crypto_kem/hqc128/pqclean/reed_solomon.c ****     uint16_t i;
  94:/home/pacl/Documents/Repository/sca-2026/lib/crypto_kem/hqc128/pqclean/reed_solomon.c **** 
  95:/home/pacl/Documents/Repository/sca-2026/lib/crypto_kem/hqc128/pqclean/reed_solomon.c ****     sigma[0] = 1;
  96:/home/pacl/Documents/Repository/sca-2026/lib/crypto_kem/hqc128/pqclean/reed_solomon.c ****     for (mu = 0; (mu < (2 * PARAM_DELTA)); ++mu) {
  97:/home/pacl/Documents/Repository/sca-2026/lib/crypto_kem/hqc128/pqclean/reed_solomon.c ****         // Save sigma in case we need it to update X_sigma_p
  98:/home/pacl/Documents/Repository/sca-2026/lib/crypto_kem/hqc128/pqclean/reed_solomon.c ****         memcpy(sigma_copy, sigma, 2 * (PARAM_DELTA));
  99:/home/pacl/Documents/Repository/sca-2026/lib/crypto_kem/hqc128/pqclean/reed_solomon.c ****         deg_sigma_copy = deg_sigma;
 100:/home/pacl/Documents/Repository/sca-2026/lib/crypto_kem/hqc128/pqclean/reed_solomon.c **** 
 101:/home/pacl/Documents/Repository/sca-2026/lib/crypto_kem/hqc128/pqclean/reed_solomon.c ****         dd = PQCLEAN_HQC128_CLEAN_gf_mul(d, PQCLEAN_HQC128_CLEAN_gf_inverse(d_p));
 102:/home/pacl/Documents/Repository/sca-2026/lib/crypto_kem/hqc128/pqclean/reed_solomon.c **** 
 103:/home/pacl/Documents/Repository/sca-2026/lib/crypto_kem/hqc128/pqclean/reed_solomon.c ****         for (i = 1; (i <= mu + 1) && (i <= PARAM_DELTA); ++i) {
 104:/home/pacl/Documents/Repository/sca-2026/lib/crypto_kem/hqc128/pqclean/reed_solomon.c ****             sigma[i] ^= PQCLEAN_HQC128_CLEAN_gf_mul(dd, X_sigma_p[i]);
 105:/home/pacl/Documents/Repository/sca-2026/lib/crypto_kem/hqc128/pqclean/reed_solomon.c ****         }
 106:/home/pacl/Documents/Repository/sca-2026/lib/crypto_kem/hqc128/pqclean/reed_solomon.c **** 
 107:/home/pacl/Documents/Repository/sca-2026/lib/crypto_kem/hqc128/pqclean/reed_solomon.c ****         deg_X = mu - pp;
 108:/home/pacl/Documents/Repository/sca-2026/lib/crypto_kem/hqc128/pqclean/reed_solomon.c ****         deg_X_sigma_p = deg_X + deg_sigma_p;
 109:/home/pacl/Documents/Repository/sca-2026/lib/crypto_kem/hqc128/pqclean/reed_solomon.c **** 
 110:/home/pacl/Documents/Repository/sca-2026/lib/crypto_kem/hqc128/pqclean/reed_solomon.c ****         // mask1 = 0xffff if(d != 0) and 0 otherwise
 111:/home/pacl/Documents/Repository/sca-2026/lib/crypto_kem/hqc128/pqclean/reed_solomon.c ****         mask1 = -((uint16_t) - d >> 15);
 112:/home/pacl/Documents/Repository/sca-2026/lib/crypto_kem/hqc128/pqclean/reed_solomon.c **** 
 113:/home/pacl/Documents/Repository/sca-2026/lib/crypto_kem/hqc128/pqclean/reed_solomon.c ****         // mask2 = 0xffff if(deg_X_sigma_p > deg_sigma) and 0 otherwise
 114:/home/pacl/Documents/Repository/sca-2026/lib/crypto_kem/hqc128/pqclean/reed_solomon.c ****         mask2 = -((uint16_t) (deg_sigma - deg_X_sigma_p) >> 15);
 115:/home/pacl/Documents/Repository/sca-2026/lib/crypto_kem/hqc128/pqclean/reed_solomon.c **** 
 116:/home/pacl/Documents/Repository/sca-2026/lib/crypto_kem/hqc128/pqclean/reed_solomon.c ****         // mask12 = 0xffff if the deg_sigma increased and 0 otherwise
 117:/home/pacl/Documents/Repository/sca-2026/lib/crypto_kem/hqc128/pqclean/reed_solomon.c ****         mask12 = mask1 & mask2;
 118:/home/pacl/Documents/Repository/sca-2026/lib/crypto_kem/hqc128/pqclean/reed_solomon.c ****         deg_sigma ^= mask12 & (deg_X_sigma_p ^ deg_sigma);
 119:/home/pacl/Documents/Repository/sca-2026/lib/crypto_kem/hqc128/pqclean/reed_solomon.c **** 
 120:/home/pacl/Documents/Repository/sca-2026/lib/crypto_kem/hqc128/pqclean/reed_solomon.c ****         if (mu == (2 * PARAM_DELTA - 1)) {
 121:/home/pacl/Documents/Repository/sca-2026/lib/crypto_kem/hqc128/pqclean/reed_solomon.c ****             break;
 122:/home/pacl/Documents/Repository/sca-2026/lib/crypto_kem/hqc128/pqclean/reed_solomon.c ****         }
 123:/home/pacl/Documents/Repository/sca-2026/lib/crypto_kem/hqc128/pqclean/reed_solomon.c **** 
 124:/home/pacl/Documents/Repository/sca-2026/lib/crypto_kem/hqc128/pqclean/reed_solomon.c ****         pp ^= mask12 & (mu ^ pp);
 125:/home/pacl/Documents/Repository/sca-2026/lib/crypto_kem/hqc128/pqclean/reed_solomon.c ****         d_p ^= mask12 & (d ^ d_p);
 126:/home/pacl/Documents/Repository/sca-2026/lib/crypto_kem/hqc128/pqclean/reed_solomon.c ****         for (i = PARAM_DELTA; i; --i) {
 127:/home/pacl/Documents/Repository/sca-2026/lib/crypto_kem/hqc128/pqclean/reed_solomon.c ****             X_sigma_p[i] = (mask12 & sigma_copy[i - 1]) ^ (~mask12 & X_sigma_p[i - 1]);
 128:/home/pacl/Documents/Repository/sca-2026/lib/crypto_kem/hqc128/pqclean/reed_solomon.c ****         }
 129:/home/pacl/Documents/Repository/sca-2026/lib/crypto_kem/hqc128/pqclean/reed_solomon.c **** 
 130:/home/pacl/Documents/Repository/sca-2026/lib/crypto_kem/hqc128/pqclean/reed_solomon.c ****         deg_sigma_p ^= mask12 & (deg_sigma_copy ^ deg_sigma_p);
 131:/home/pacl/Documents/Repository/sca-2026/lib/crypto_kem/hqc128/pqclean/reed_solomon.c ****         d = syndromes[mu + 1];
 132:/home/pacl/Documents/Repository/sca-2026/lib/crypto_kem/hqc128/pqclean/reed_solomon.c **** 
 133:/home/pacl/Documents/Repository/sca-2026/lib/crypto_kem/hqc128/pqclean/reed_solomon.c ****         for (i = 1; (i <= mu + 1) && (i <= PARAM_DELTA); ++i) {
 134:/home/pacl/Documents/Repository/sca-2026/lib/crypto_kem/hqc128/pqclean/reed_solomon.c ****             d ^= PQCLEAN_HQC128_CLEAN_gf_mul(sigma[i], syndromes[mu + 1 - i]);
 135:/home/pacl/Documents/Repository/sca-2026/lib/crypto_kem/hqc128/pqclean/reed_solomon.c ****         }
 136:/home/pacl/Documents/Repository/sca-2026/lib/crypto_kem/hqc128/pqclean/reed_solomon.c ****     }
 137:/home/pacl/Documents/Repository/sca-2026/lib/crypto_kem/hqc128/pqclean/reed_solomon.c **** 
 138:/home/pacl/Documents/Repository/sca-2026/lib/crypto_kem/hqc128/pqclean/reed_solomon.c ****     return deg_sigma;
 139:/home/pacl/Documents/Repository/sca-2026/lib/crypto_kem/hqc128/pqclean/reed_solomon.c **** }
 140:/home/pacl/Documents/Repository/sca-2026/lib/crypto_kem/hqc128/pqclean/reed_solomon.c **** 
 141:/home/pacl/Documents/Repository/sca-2026/lib/crypto_kem/hqc128/pqclean/reed_solomon.c **** /**
 142:/home/pacl/Documents/Repository/sca-2026/lib/crypto_kem/hqc128/pqclean/reed_solomon.c ****  * @brief Computes the error polynomial error from the error locator polynomial sigma
 143:/home/pacl/Documents/Repository/sca-2026/lib/crypto_kem/hqc128/pqclean/reed_solomon.c ****  *
 144:/home/pacl/Documents/Repository/sca-2026/lib/crypto_kem/hqc128/pqclean/reed_solomon.c ****  * See function PQCLEAN_HQC128_CLEAN_fft for more details.
 145:/home/pacl/Documents/Repository/sca-2026/lib/crypto_kem/hqc128/pqclean/reed_solomon.c ****  *
 146:/home/pacl/Documents/Repository/sca-2026/lib/crypto_kem/hqc128/pqclean/reed_solomon.c ****  * @param[out] error Array of 2^PARAM_M elements receiving the error polynomial
 147:/home/pacl/Documents/Repository/sca-2026/lib/crypto_kem/hqc128/pqclean/reed_solomon.c ****  * @param[out] error_compact Array of PARAM_DELTA + PARAM_N1 elements receiving a compact represent
 148:/home/pacl/Documents/Repository/sca-2026/lib/crypto_kem/hqc128/pqclean/reed_solomon.c ****  * @param[in] sigma Array of 2^PARAM_FFT elements storing the error locator polynomial
 149:/home/pacl/Documents/Repository/sca-2026/lib/crypto_kem/hqc128/pqclean/reed_solomon.c ****  */
 150:/home/pacl/Documents/Repository/sca-2026/lib/crypto_kem/hqc128/pqclean/reed_solomon.c **** static void compute_roots(uint8_t *error, uint16_t *sigma) {
 151:/home/pacl/Documents/Repository/sca-2026/lib/crypto_kem/hqc128/pqclean/reed_solomon.c ****     uint16_t w[1 << PARAM_M] = {0};
 152:/home/pacl/Documents/Repository/sca-2026/lib/crypto_kem/hqc128/pqclean/reed_solomon.c **** 
 153:/home/pacl/Documents/Repository/sca-2026/lib/crypto_kem/hqc128/pqclean/reed_solomon.c ****     PQCLEAN_HQC128_CLEAN_fft(w, sigma, PARAM_DELTA + 1);
 154:/home/pacl/Documents/Repository/sca-2026/lib/crypto_kem/hqc128/pqclean/reed_solomon.c ****     PQCLEAN_HQC128_CLEAN_fft_retrieve_error_poly(error, w);
 155:/home/pacl/Documents/Repository/sca-2026/lib/crypto_kem/hqc128/pqclean/reed_solomon.c **** }
 156:/home/pacl/Documents/Repository/sca-2026/lib/crypto_kem/hqc128/pqclean/reed_solomon.c **** 
 157:/home/pacl/Documents/Repository/sca-2026/lib/crypto_kem/hqc128/pqclean/reed_solomon.c **** /**
 158:/home/pacl/Documents/Repository/sca-2026/lib/crypto_kem/hqc128/pqclean/reed_solomon.c ****  * @brief Computes the polynomial z(x)
 159:/home/pacl/Documents/Repository/sca-2026/lib/crypto_kem/hqc128/pqclean/reed_solomon.c ****  *
 160:/home/pacl/Documents/Repository/sca-2026/lib/crypto_kem/hqc128/pqclean/reed_solomon.c ****  * See @cite lin1983error (Chapter 6 - BCH Codes) for more details.
 161:/home/pacl/Documents/Repository/sca-2026/lib/crypto_kem/hqc128/pqclean/reed_solomon.c ****  *
 162:/home/pacl/Documents/Repository/sca-2026/lib/crypto_kem/hqc128/pqclean/reed_solomon.c ****  * @param[out] z Array of PARAM_DELTA + 1 elements receiving the polynomial z(x)
 163:/home/pacl/Documents/Repository/sca-2026/lib/crypto_kem/hqc128/pqclean/reed_solomon.c ****  * @param[in] sigma Array of 2^PARAM_FFT elements storing the error locator polynomial
 164:/home/pacl/Documents/Repository/sca-2026/lib/crypto_kem/hqc128/pqclean/reed_solomon.c ****  * @param[in] degree Integer that is the degree of polynomial sigma
 165:/home/pacl/Documents/Repository/sca-2026/lib/crypto_kem/hqc128/pqclean/reed_solomon.c ****  * @param[in] syndromes Array of 2 * PARAM_DELTA storing the syndromes
 166:/home/pacl/Documents/Repository/sca-2026/lib/crypto_kem/hqc128/pqclean/reed_solomon.c ****  */
 167:/home/pacl/Documents/Repository/sca-2026/lib/crypto_kem/hqc128/pqclean/reed_solomon.c **** static void compute_z_poly(uint16_t *z, const uint16_t *sigma, uint16_t degree, const uint16_t *syn
 168:/home/pacl/Documents/Repository/sca-2026/lib/crypto_kem/hqc128/pqclean/reed_solomon.c ****     size_t i, j;
 169:/home/pacl/Documents/Repository/sca-2026/lib/crypto_kem/hqc128/pqclean/reed_solomon.c ****     uint16_t mask;
 170:/home/pacl/Documents/Repository/sca-2026/lib/crypto_kem/hqc128/pqclean/reed_solomon.c **** 
 171:/home/pacl/Documents/Repository/sca-2026/lib/crypto_kem/hqc128/pqclean/reed_solomon.c ****     z[0] = 1;
 172:/home/pacl/Documents/Repository/sca-2026/lib/crypto_kem/hqc128/pqclean/reed_solomon.c **** 
 173:/home/pacl/Documents/Repository/sca-2026/lib/crypto_kem/hqc128/pqclean/reed_solomon.c ****     for (i = 1; i < PARAM_DELTA + 1; ++i) {
 174:/home/pacl/Documents/Repository/sca-2026/lib/crypto_kem/hqc128/pqclean/reed_solomon.c ****         mask = -((uint16_t) (i - degree - 1) >> 15);
 175:/home/pacl/Documents/Repository/sca-2026/lib/crypto_kem/hqc128/pqclean/reed_solomon.c ****         z[i] = mask & sigma[i];
 176:/home/pacl/Documents/Repository/sca-2026/lib/crypto_kem/hqc128/pqclean/reed_solomon.c ****     }
 177:/home/pacl/Documents/Repository/sca-2026/lib/crypto_kem/hqc128/pqclean/reed_solomon.c **** 
 178:/home/pacl/Documents/Repository/sca-2026/lib/crypto_kem/hqc128/pqclean/reed_solomon.c ****     z[1] ^= syndromes[0];
 179:/home/pacl/Documents/Repository/sca-2026/lib/crypto_kem/hqc128/pqclean/reed_solomon.c **** 
 180:/home/pacl/Documents/Repository/sca-2026/lib/crypto_kem/hqc128/pqclean/reed_solomon.c ****     for (i = 2; i <= PARAM_DELTA; ++i) {
 181:/home/pacl/Documents/Repository/sca-2026/lib/crypto_kem/hqc128/pqclean/reed_solomon.c ****         mask = -((uint16_t) (i - degree - 1) >> 15);
 182:/home/pacl/Documents/Repository/sca-2026/lib/crypto_kem/hqc128/pqclean/reed_solomon.c ****         z[i] ^= mask & syndromes[i - 1];
 183:/home/pacl/Documents/Repository/sca-2026/lib/crypto_kem/hqc128/pqclean/reed_solomon.c **** 
 184:/home/pacl/Documents/Repository/sca-2026/lib/crypto_kem/hqc128/pqclean/reed_solomon.c ****         for (j = 1; j < i; ++j) {
 185:/home/pacl/Documents/Repository/sca-2026/lib/crypto_kem/hqc128/pqclean/reed_solomon.c ****             z[i] ^= mask & PQCLEAN_HQC128_CLEAN_gf_mul(sigma[j], syndromes[i - j - 1]);
 186:/home/pacl/Documents/Repository/sca-2026/lib/crypto_kem/hqc128/pqclean/reed_solomon.c ****         }
 187:/home/pacl/Documents/Repository/sca-2026/lib/crypto_kem/hqc128/pqclean/reed_solomon.c ****     }
 188:/home/pacl/Documents/Repository/sca-2026/lib/crypto_kem/hqc128/pqclean/reed_solomon.c **** }
 189:/home/pacl/Documents/Repository/sca-2026/lib/crypto_kem/hqc128/pqclean/reed_solomon.c **** 
 190:/home/pacl/Documents/Repository/sca-2026/lib/crypto_kem/hqc128/pqclean/reed_solomon.c **** /**
 191:/home/pacl/Documents/Repository/sca-2026/lib/crypto_kem/hqc128/pqclean/reed_solomon.c ****  * @brief Computes the error values
 192:/home/pacl/Documents/Repository/sca-2026/lib/crypto_kem/hqc128/pqclean/reed_solomon.c ****  *
 193:/home/pacl/Documents/Repository/sca-2026/lib/crypto_kem/hqc128/pqclean/reed_solomon.c ****  * See @cite lin1983error (Chapter 6 - BCH Codes) for more details.
 194:/home/pacl/Documents/Repository/sca-2026/lib/crypto_kem/hqc128/pqclean/reed_solomon.c ****  *
 195:/home/pacl/Documents/Repository/sca-2026/lib/crypto_kem/hqc128/pqclean/reed_solomon.c ****  * @param[out] error_values Array of PARAM_DELTA elements receiving the error values
 196:/home/pacl/Documents/Repository/sca-2026/lib/crypto_kem/hqc128/pqclean/reed_solomon.c ****  * @param[in] z Array of PARAM_DELTA + 1 elements storing the polynomial z(x)
 197:/home/pacl/Documents/Repository/sca-2026/lib/crypto_kem/hqc128/pqclean/reed_solomon.c ****  * @param[in] z_degree Integer that is the degree of polynomial z(x)
 198:/home/pacl/Documents/Repository/sca-2026/lib/crypto_kem/hqc128/pqclean/reed_solomon.c ****  * @param[in] error_compact Array of PARAM_DELTA + PARAM_N1 storing compact representation of the e
 199:/home/pacl/Documents/Repository/sca-2026/lib/crypto_kem/hqc128/pqclean/reed_solomon.c ****  */
 200:/home/pacl/Documents/Repository/sca-2026/lib/crypto_kem/hqc128/pqclean/reed_solomon.c **** static void compute_error_values(uint16_t *error_values, const uint16_t *z, const uint8_t *error) {
 201:/home/pacl/Documents/Repository/sca-2026/lib/crypto_kem/hqc128/pqclean/reed_solomon.c ****     uint16_t beta_j[PARAM_DELTA] = {0};
 202:/home/pacl/Documents/Repository/sca-2026/lib/crypto_kem/hqc128/pqclean/reed_solomon.c ****     uint16_t e_j[PARAM_DELTA] = {0};
 203:/home/pacl/Documents/Repository/sca-2026/lib/crypto_kem/hqc128/pqclean/reed_solomon.c **** 
 204:/home/pacl/Documents/Repository/sca-2026/lib/crypto_kem/hqc128/pqclean/reed_solomon.c ****     uint16_t delta_counter;
 205:/home/pacl/Documents/Repository/sca-2026/lib/crypto_kem/hqc128/pqclean/reed_solomon.c ****     uint16_t delta_real_value;
 206:/home/pacl/Documents/Repository/sca-2026/lib/crypto_kem/hqc128/pqclean/reed_solomon.c ****     uint16_t found;
 207:/home/pacl/Documents/Repository/sca-2026/lib/crypto_kem/hqc128/pqclean/reed_solomon.c ****     uint16_t mask1;
 208:/home/pacl/Documents/Repository/sca-2026/lib/crypto_kem/hqc128/pqclean/reed_solomon.c ****     uint16_t mask2;
 209:/home/pacl/Documents/Repository/sca-2026/lib/crypto_kem/hqc128/pqclean/reed_solomon.c ****     uint16_t tmp1;
 210:/home/pacl/Documents/Repository/sca-2026/lib/crypto_kem/hqc128/pqclean/reed_solomon.c ****     uint16_t tmp2;
 211:/home/pacl/Documents/Repository/sca-2026/lib/crypto_kem/hqc128/pqclean/reed_solomon.c ****     uint16_t inverse;
 212:/home/pacl/Documents/Repository/sca-2026/lib/crypto_kem/hqc128/pqclean/reed_solomon.c ****     uint16_t inverse_power_j;
 213:/home/pacl/Documents/Repository/sca-2026/lib/crypto_kem/hqc128/pqclean/reed_solomon.c **** 
 214:/home/pacl/Documents/Repository/sca-2026/lib/crypto_kem/hqc128/pqclean/reed_solomon.c ****     // Compute the beta_{j_i} page 31 of the documentation
 215:/home/pacl/Documents/Repository/sca-2026/lib/crypto_kem/hqc128/pqclean/reed_solomon.c ****     delta_counter = 0;
 216:/home/pacl/Documents/Repository/sca-2026/lib/crypto_kem/hqc128/pqclean/reed_solomon.c ****     for (size_t i = 0; i < PARAM_N1; i++) {
 217:/home/pacl/Documents/Repository/sca-2026/lib/crypto_kem/hqc128/pqclean/reed_solomon.c ****         found = 0;
 218:/home/pacl/Documents/Repository/sca-2026/lib/crypto_kem/hqc128/pqclean/reed_solomon.c ****         mask1 = (uint16_t) (-((int32_t)error[i]) >> 31); // error[i] != 0
 219:/home/pacl/Documents/Repository/sca-2026/lib/crypto_kem/hqc128/pqclean/reed_solomon.c ****         for (size_t j = 0; j < PARAM_DELTA; j++) {
 220:/home/pacl/Documents/Repository/sca-2026/lib/crypto_kem/hqc128/pqclean/reed_solomon.c ****             mask2 = ~((uint16_t) (-((int32_t) j ^ delta_counter) >> 31)); // j == delta_counter
 221:/home/pacl/Documents/Repository/sca-2026/lib/crypto_kem/hqc128/pqclean/reed_solomon.c ****             beta_j[j] += mask1 & mask2 & gf_exp[i];
 222:/home/pacl/Documents/Repository/sca-2026/lib/crypto_kem/hqc128/pqclean/reed_solomon.c ****             found += mask1 & mask2 & 1;
 223:/home/pacl/Documents/Repository/sca-2026/lib/crypto_kem/hqc128/pqclean/reed_solomon.c ****         }
 224:/home/pacl/Documents/Repository/sca-2026/lib/crypto_kem/hqc128/pqclean/reed_solomon.c ****         delta_counter += found;
 225:/home/pacl/Documents/Repository/sca-2026/lib/crypto_kem/hqc128/pqclean/reed_solomon.c ****     }
 226:/home/pacl/Documents/Repository/sca-2026/lib/crypto_kem/hqc128/pqclean/reed_solomon.c ****     delta_real_value = delta_counter;
 227:/home/pacl/Documents/Repository/sca-2026/lib/crypto_kem/hqc128/pqclean/reed_solomon.c **** 
 228:/home/pacl/Documents/Repository/sca-2026/lib/crypto_kem/hqc128/pqclean/reed_solomon.c ****     // Compute the e_{j_i} page 31 of the documentation
 229:/home/pacl/Documents/Repository/sca-2026/lib/crypto_kem/hqc128/pqclean/reed_solomon.c ****     for (size_t i = 0; i < PARAM_DELTA; ++i) {
 230:/home/pacl/Documents/Repository/sca-2026/lib/crypto_kem/hqc128/pqclean/reed_solomon.c ****         tmp1 = 1;
 231:/home/pacl/Documents/Repository/sca-2026/lib/crypto_kem/hqc128/pqclean/reed_solomon.c ****         tmp2 = 1;
 232:/home/pacl/Documents/Repository/sca-2026/lib/crypto_kem/hqc128/pqclean/reed_solomon.c ****         inverse = PQCLEAN_HQC128_CLEAN_gf_inverse(beta_j[i]);
 233:/home/pacl/Documents/Repository/sca-2026/lib/crypto_kem/hqc128/pqclean/reed_solomon.c ****         inverse_power_j = 1;
 234:/home/pacl/Documents/Repository/sca-2026/lib/crypto_kem/hqc128/pqclean/reed_solomon.c **** 
 235:/home/pacl/Documents/Repository/sca-2026/lib/crypto_kem/hqc128/pqclean/reed_solomon.c ****         for (size_t j = 1; j <= PARAM_DELTA; ++j) {
 236:/home/pacl/Documents/Repository/sca-2026/lib/crypto_kem/hqc128/pqclean/reed_solomon.c ****             inverse_power_j = PQCLEAN_HQC128_CLEAN_gf_mul(inverse_power_j, inverse);
 237:/home/pacl/Documents/Repository/sca-2026/lib/crypto_kem/hqc128/pqclean/reed_solomon.c ****             tmp1 ^= PQCLEAN_HQC128_CLEAN_gf_mul(inverse_power_j, z[j]);
 238:/home/pacl/Documents/Repository/sca-2026/lib/crypto_kem/hqc128/pqclean/reed_solomon.c ****         }
 239:/home/pacl/Documents/Repository/sca-2026/lib/crypto_kem/hqc128/pqclean/reed_solomon.c ****         for (size_t k = 1; k < PARAM_DELTA; ++k) {
 240:/home/pacl/Documents/Repository/sca-2026/lib/crypto_kem/hqc128/pqclean/reed_solomon.c ****             tmp2 = PQCLEAN_HQC128_CLEAN_gf_mul(tmp2, (1 ^ PQCLEAN_HQC128_CLEAN_gf_mul(inverse, beta
 241:/home/pacl/Documents/Repository/sca-2026/lib/crypto_kem/hqc128/pqclean/reed_solomon.c ****         }
 242:/home/pacl/Documents/Repository/sca-2026/lib/crypto_kem/hqc128/pqclean/reed_solomon.c ****         mask1 = (uint16_t) (((int16_t) i - delta_real_value) >> 15); // i < delta_real_value
 243:/home/pacl/Documents/Repository/sca-2026/lib/crypto_kem/hqc128/pqclean/reed_solomon.c ****         e_j[i] = mask1 & PQCLEAN_HQC128_CLEAN_gf_mul(tmp1, PQCLEAN_HQC128_CLEAN_gf_inverse(tmp2));
 244:/home/pacl/Documents/Repository/sca-2026/lib/crypto_kem/hqc128/pqclean/reed_solomon.c ****     }
 245:/home/pacl/Documents/Repository/sca-2026/lib/crypto_kem/hqc128/pqclean/reed_solomon.c **** 
 246:/home/pacl/Documents/Repository/sca-2026/lib/crypto_kem/hqc128/pqclean/reed_solomon.c ****     // Place the delta e_{j_i} values at the right coordinates of the output vector
 247:/home/pacl/Documents/Repository/sca-2026/lib/crypto_kem/hqc128/pqclean/reed_solomon.c ****     delta_counter = 0;
 248:/home/pacl/Documents/Repository/sca-2026/lib/crypto_kem/hqc128/pqclean/reed_solomon.c ****     for (size_t i = 0; i < PARAM_N1; ++i) {
 249:/home/pacl/Documents/Repository/sca-2026/lib/crypto_kem/hqc128/pqclean/reed_solomon.c ****         found = 0;
 250:/home/pacl/Documents/Repository/sca-2026/lib/crypto_kem/hqc128/pqclean/reed_solomon.c ****         mask1 = (uint16_t) (-((int32_t)error[i]) >> 31); // error[i] != 0
 251:/home/pacl/Documents/Repository/sca-2026/lib/crypto_kem/hqc128/pqclean/reed_solomon.c ****         for (size_t j = 0; j < PARAM_DELTA; j++) {
 252:/home/pacl/Documents/Repository/sca-2026/lib/crypto_kem/hqc128/pqclean/reed_solomon.c ****             mask2 = ~((uint16_t) (-((int32_t) j ^ delta_counter) >> 31)); // j == delta_counter
 253:/home/pacl/Documents/Repository/sca-2026/lib/crypto_kem/hqc128/pqclean/reed_solomon.c ****             error_values[i] += mask1 & mask2 & e_j[j];
 254:/home/pacl/Documents/Repository/sca-2026/lib/crypto_kem/hqc128/pqclean/reed_solomon.c ****             found += mask1 & mask2 & 1;
 255:/home/pacl/Documents/Repository/sca-2026/lib/crypto_kem/hqc128/pqclean/reed_solomon.c ****         }
 256:/home/pacl/Documents/Repository/sca-2026/lib/crypto_kem/hqc128/pqclean/reed_solomon.c ****         delta_counter += found;
 257:/home/pacl/Documents/Repository/sca-2026/lib/crypto_kem/hqc128/pqclean/reed_solomon.c ****     }
 258:/home/pacl/Documents/Repository/sca-2026/lib/crypto_kem/hqc128/pqclean/reed_solomon.c **** }
 259:/home/pacl/Documents/Repository/sca-2026/lib/crypto_kem/hqc128/pqclean/reed_solomon.c **** 
 260:/home/pacl/Documents/Repository/sca-2026/lib/crypto_kem/hqc128/pqclean/reed_solomon.c **** /**
 261:/home/pacl/Documents/Repository/sca-2026/lib/crypto_kem/hqc128/pqclean/reed_solomon.c ****  * @brief Correct the errors
 262:/home/pacl/Documents/Repository/sca-2026/lib/crypto_kem/hqc128/pqclean/reed_solomon.c ****  *
 263:/home/pacl/Documents/Repository/sca-2026/lib/crypto_kem/hqc128/pqclean/reed_solomon.c ****  * @param[out] cdw Array of PARAM_N1 elements receiving the corrected vector
 264:/home/pacl/Documents/Repository/sca-2026/lib/crypto_kem/hqc128/pqclean/reed_solomon.c ****  * @param[in] error Array of the error vector
 265:/home/pacl/Documents/Repository/sca-2026/lib/crypto_kem/hqc128/pqclean/reed_solomon.c ****  * @param[in] error_values Array of PARAM_DELTA elements storing the error values
 266:/home/pacl/Documents/Repository/sca-2026/lib/crypto_kem/hqc128/pqclean/reed_solomon.c ****  */
 267:/home/pacl/Documents/Repository/sca-2026/lib/crypto_kem/hqc128/pqclean/reed_solomon.c **** static void correct_errors(uint8_t *cdw, const uint16_t *error_values) {
 268:/home/pacl/Documents/Repository/sca-2026/lib/crypto_kem/hqc128/pqclean/reed_solomon.c ****     for (size_t i = 0; i < PARAM_N1; ++i) {
 269:/home/pacl/Documents/Repository/sca-2026/lib/crypto_kem/hqc128/pqclean/reed_solomon.c ****         cdw[i] ^= error_values[i];
 270:/home/pacl/Documents/Repository/sca-2026/lib/crypto_kem/hqc128/pqclean/reed_solomon.c ****     }
 271:/home/pacl/Documents/Repository/sca-2026/lib/crypto_kem/hqc128/pqclean/reed_solomon.c **** }
 272:/home/pacl/Documents/Repository/sca-2026/lib/crypto_kem/hqc128/pqclean/reed_solomon.c **** 
 273:/home/pacl/Documents/Repository/sca-2026/lib/crypto_kem/hqc128/pqclean/reed_solomon.c **** /**
 274:/home/pacl/Documents/Repository/sca-2026/lib/crypto_kem/hqc128/pqclean/reed_solomon.c ****  * @brief Decodes the received word
 275:/home/pacl/Documents/Repository/sca-2026/lib/crypto_kem/hqc128/pqclean/reed_solomon.c ****  *
 276:/home/pacl/Documents/Repository/sca-2026/lib/crypto_kem/hqc128/pqclean/reed_solomon.c ****  * This function relies on six steps:
 277:/home/pacl/Documents/Repository/sca-2026/lib/crypto_kem/hqc128/pqclean/reed_solomon.c ****  *    <ol>
 278:/home/pacl/Documents/Repository/sca-2026/lib/crypto_kem/hqc128/pqclean/reed_solomon.c ****  *    <li> The first step, is the computation of the 2*PARAM_DELTA syndromes.
 279:/home/pacl/Documents/Repository/sca-2026/lib/crypto_kem/hqc128/pqclean/reed_solomon.c ****  *    <li> The second step is the computation of the error-locator polynomial sigma.
 280:/home/pacl/Documents/Repository/sca-2026/lib/crypto_kem/hqc128/pqclean/reed_solomon.c ****  *    <li> The third step, done by additive FFT, is finding the error-locator numbers by calculatin
 281:/home/pacl/Documents/Repository/sca-2026/lib/crypto_kem/hqc128/pqclean/reed_solomon.c ****  *    <li> The fourth step, is the polynomial z(x).
 282:/home/pacl/Documents/Repository/sca-2026/lib/crypto_kem/hqc128/pqclean/reed_solomon.c ****  *    <li> The fifth step, is the computation of the error values.
 283:/home/pacl/Documents/Repository/sca-2026/lib/crypto_kem/hqc128/pqclean/reed_solomon.c ****  *    <li> The sixth step is the correction of the errors in the received polynomial.
 284:/home/pacl/Documents/Repository/sca-2026/lib/crypto_kem/hqc128/pqclean/reed_solomon.c ****  *    </ol>
 285:/home/pacl/Documents/Repository/sca-2026/lib/crypto_kem/hqc128/pqclean/reed_solomon.c ****  * For a more complete picture on Reed-Solomon decoding, see Shu. Lin and Daniel J. Costello in Err
 286:/home/pacl/Documents/Repository/sca-2026/lib/crypto_kem/hqc128/pqclean/reed_solomon.c ****  *
 287:/home/pacl/Documents/Repository/sca-2026/lib/crypto_kem/hqc128/pqclean/reed_solomon.c ****  * @param[out] msg Array of size VEC_K_SIZE_64 receiving the decoded message
 288:/home/pacl/Documents/Repository/sca-2026/lib/crypto_kem/hqc128/pqclean/reed_solomon.c ****  * @param[in] cdw Array of size VEC_N1_SIZE_64 storing the received word
 289:/home/pacl/Documents/Repository/sca-2026/lib/crypto_kem/hqc128/pqclean/reed_solomon.c ****  */
 290:/home/pacl/Documents/Repository/sca-2026/lib/crypto_kem/hqc128/pqclean/reed_solomon.c **** void PQCLEAN_HQC128_CLEAN_reed_solomon_decode(uint8_t *msg, uint8_t *cdw) {
 202              		.loc 1 290 75 is_stmt 1 view -0
 203              		.cfi_startproc
 204              		@ args = 0, pretend = 0, frame = 1184
 205              		@ frame_needed = 0, uses_anonymous_args = 0
 291:/home/pacl/Documents/Repository/sca-2026/lib/crypto_kem/hqc128/pqclean/reed_solomon.c ****     uint16_t syndromes[2 * PARAM_DELTA] = {0};
 206              		.loc 1 291 5 view .LVU50
 290:/home/pacl/Documents/Repository/sca-2026/lib/crypto_kem/hqc128/pqclean/reed_solomon.c ****     uint16_t syndromes[2 * PARAM_DELTA] = {0};
 207              		.loc 1 290 75 is_stmt 0 view .LVU51
 208 0000 2DE9F04F 		push	{r4, r5, r6, r7, r8, r9, r10, fp, lr}
 209              	.LCFI3:
 210              		.cfi_def_cfa_offset 36
 211              		.cfi_offset 4, -36
 212              		.cfi_offset 5, -32
 213              		.cfi_offset 6, -28
 214              		.cfi_offset 7, -24
 215              		.cfi_offset 8, -20
 216              		.cfi_offset 9, -16
 217              		.cfi_offset 10, -12
 218              		.cfi_offset 11, -8
 219              		.cfi_offset 14, -4
 220 0004 ADF2A44D 		subw	sp, sp, #1188
 221              	.LCFI4:
 222              		.cfi_def_cfa_offset 1224
 223              		.loc 1 291 14 view .LVU52
 224 0008 0DF1AC0A 		add	r10, sp, #172
 290:/home/pacl/Documents/Repository/sca-2026/lib/crypto_kem/hqc128/pqclean/reed_solomon.c ****     uint16_t syndromes[2 * PARAM_DELTA] = {0};
 225              		.loc 1 290 75 view .LVU53
 226 000c 0B46     		mov	r3, r1
 227              		.loc 1 291 14 view .LVU54
 228 000e 3C22     		movs	r2, #60
 229 0010 0021     		movs	r1, #0
 230              	.LVL13:
 290:/home/pacl/Documents/Repository/sca-2026/lib/crypto_kem/hqc128/pqclean/reed_solomon.c ****     uint16_t syndromes[2 * PARAM_DELTA] = {0};
 231              		.loc 1 290 75 view .LVU55
 232 0012 1890     		str	r0, [sp, #96]
 233              		.loc 1 291 14 view .LVU56
 234 0014 5046     		mov	r0, r10
 235              	.LVL14:
 290:/home/pacl/Documents/Repository/sca-2026/lib/crypto_kem/hqc128/pqclean/reed_solomon.c ****     uint16_t syndromes[2 * PARAM_DELTA] = {0};
 236              		.loc 1 290 75 view .LVU57
 237 0016 1C46     		mov	r4, r3
 238 0018 1793     		str	r3, [sp, #92]
 239              		.loc 1 291 14 view .LVU58
 240 001a FFF7FEFF 		bl	memset
 241              	.LVL15:
 292:/home/pacl/Documents/Repository/sca-2026/lib/crypto_kem/hqc128/pqclean/reed_solomon.c ****     uint16_t sigma[1 << PARAM_FFT] = {0};
 242              		.loc 1 292 5 is_stmt 1 view .LVU59
 243              		.loc 1 292 14 is_stmt 0 view .LVU60
 244 001e 2022     		movs	r2, #32
 245 0020 0021     		movs	r1, #0
 246 0022 23A8     		add	r0, sp, #140
 247 0024 FFF7FEFF 		bl	memset
 248              	.LVL16:
 293:/home/pacl/Documents/Repository/sca-2026/lib/crypto_kem/hqc128/pqclean/reed_solomon.c ****     uint8_t error[1 << PARAM_M] = {0};
 249              		.loc 1 293 5 is_stmt 1 view .LVU61
 250              		.loc 1 293 13 is_stmt 0 view .LVU62
 251 0028 4FF48072 		mov	r2, #256
 252 002c 0021     		movs	r1, #0
 253 002e 68A8     		add	r0, sp, #416
 254 0030 FFF7FEFF 		bl	memset
 255              	.LVL17:
 294:/home/pacl/Documents/Repository/sca-2026/lib/crypto_kem/hqc128/pqclean/reed_solomon.c ****     uint16_t z[PARAM_N1] = {0};
 256              		.loc 1 294 5 is_stmt 1 view .LVU63
 257              		.loc 1 294 14 is_stmt 0 view .LVU64
 258 0034 5C22     		movs	r2, #92
 259 0036 0021     		movs	r1, #0
 260 0038 3AA8     		add	r0, sp, #232
 261 003a FFF7FEFF 		bl	memset
 262              	.LVL18:
 295:/home/pacl/Documents/Repository/sca-2026/lib/crypto_kem/hqc128/pqclean/reed_solomon.c ****     uint16_t error_values[PARAM_N1] = {0};
 263              		.loc 1 295 5 is_stmt 1 view .LVU65
 264              		.loc 1 295 14 is_stmt 0 view .LVU66
 265 003e 5C22     		movs	r2, #92
 266 0040 0021     		movs	r1, #0
 267 0042 51A8     		add	r0, sp, #324
 268 0044 FFF7FEFF 		bl	memset
 269              	.LVL19:
 296:/home/pacl/Documents/Repository/sca-2026/lib/crypto_kem/hqc128/pqclean/reed_solomon.c ****     uint16_t deg;
 270              		.loc 1 296 5 is_stmt 1 view .LVU67
 297:/home/pacl/Documents/Repository/sca-2026/lib/crypto_kem/hqc128/pqclean/reed_solomon.c **** 
 298:/home/pacl/Documents/Repository/sca-2026/lib/crypto_kem/hqc128/pqclean/reed_solomon.c ****     // Calculate the 2*PARAM_DELTA syndromes
 299:/home/pacl/Documents/Repository/sca-2026/lib/crypto_kem/hqc128/pqclean/reed_solomon.c ****     compute_syndromes(syndromes, cdw);
 271              		.loc 1 299 5 view .LVU68
 272              	.LBB31:
 273              	.LBI31:
  53:/home/pacl/Documents/Repository/sca-2026/lib/crypto_kem/hqc128/pqclean/reed_solomon.c ****     for (size_t i = 0; i < 2 * PARAM_DELTA; ++i) {
 274              		.loc 1 53 13 view .LVU69
  54:/home/pacl/Documents/Repository/sca-2026/lib/crypto_kem/hqc128/pqclean/reed_solomon.c ****         for (size_t j = 1; j < PARAM_N1; ++j) {
 275              		.loc 1 54 5 view .LVU70
 276              	.LBB32:
  54:/home/pacl/Documents/Repository/sca-2026/lib/crypto_kem/hqc128/pqclean/reed_solomon.c ****         for (size_t j = 1; j < PARAM_N1; ++j) {
 277              		.loc 1 54 10 view .LVU71
  54:/home/pacl/Documents/Repository/sca-2026/lib/crypto_kem/hqc128/pqclean/reed_solomon.c ****         for (size_t j = 1; j < PARAM_N1; ++j) {
 278              		.loc 1 54 26 discriminator 1 view .LVU72
 279 0048 A74E     		ldr	r6, .L43
 280 004a 0DF1AA08 		add	r8, sp, #170
 281 004e 0DF1E607 		add	r7, sp, #230
 282 0052 04F12D05 		add	r5, r4, #45
 283 0056 A146     		mov	r9, r4
 284              	.LVL20:
 285              	.L13:
 286              	.LBB33:
  55:/home/pacl/Documents/Repository/sca-2026/lib/crypto_kem/hqc128/pqclean/reed_solomon.c ****             syndromes[i] ^= PQCLEAN_HQC128_CLEAN_gf_mul(cdw[j], alpha_ij_pow[i][j - 1]);
 287              		.loc 1 55 30 discriminator 1 view .LVU73
 288 0058 4C46     		mov	r4, r9
 289              	.LBE33:
 290              	.LBE32:
 291              	.LBE31:
 290:/home/pacl/Documents/Repository/sca-2026/lib/crypto_kem/hqc128/pqclean/reed_solomon.c ****     uint16_t syndromes[2 * PARAM_DELTA] = {0};
 292              		.loc 1 290 75 is_stmt 0 view .LVU74
 293 005a B346     		mov	fp, r6
 294              	.LVL21:
 295              	.L14:
 296              	.LBB36:
 297              	.LBB35:
 298              	.LBB34:
  56:/home/pacl/Documents/Repository/sca-2026/lib/crypto_kem/hqc128/pqclean/reed_solomon.c ****         }
 299              		.loc 1 56 13 is_stmt 1 view .LVU75
  56:/home/pacl/Documents/Repository/sca-2026/lib/crypto_kem/hqc128/pqclean/reed_solomon.c ****         }
 300              		.loc 1 56 29 is_stmt 0 view .LVU76
 301 005c 14F8010F 		ldrb	r0, [r4, #1]!	@ zero_extendqisi2
 302 0060 3BF8021F 		ldrh	r1, [fp, #2]!
 303 0064 FFF7FEFF 		bl	PQCLEAN_HQC128_CLEAN_gf_mul
 304              	.LVL22:
  56:/home/pacl/Documents/Repository/sca-2026/lib/crypto_kem/hqc128/pqclean/reed_solomon.c ****         }
 305              		.loc 1 56 26 discriminator 1 view .LVU77
 306 0068 B8F80230 		ldrh	r3, [r8, #2]
 307 006c 5840     		eors	r0, r0, r3
 308 006e 80B2     		uxth	r0, r0
  55:/home/pacl/Documents/Repository/sca-2026/lib/crypto_kem/hqc128/pqclean/reed_solomon.c ****             syndromes[i] ^= PQCLEAN_HQC128_CLEAN_gf_mul(cdw[j], alpha_ij_pow[i][j - 1]);
 309              		.loc 1 55 30 discriminator 1 view .LVU78
 310 0070 A542     		cmp	r5, r4
  56:/home/pacl/Documents/Repository/sca-2026/lib/crypto_kem/hqc128/pqclean/reed_solomon.c ****         }
 311              		.loc 1 56 26 discriminator 1 view .LVU79
 312 0072 A8F80200 		strh	r0, [r8, #2]	@ movhi
  55:/home/pacl/Documents/Repository/sca-2026/lib/crypto_kem/hqc128/pqclean/reed_solomon.c ****             syndromes[i] ^= PQCLEAN_HQC128_CLEAN_gf_mul(cdw[j], alpha_ij_pow[i][j - 1]);
 313              		.loc 1 55 42 is_stmt 1 discriminator 3 view .LVU80
  55:/home/pacl/Documents/Repository/sca-2026/lib/crypto_kem/hqc128/pqclean/reed_solomon.c ****             syndromes[i] ^= PQCLEAN_HQC128_CLEAN_gf_mul(cdw[j], alpha_ij_pow[i][j - 1]);
 314              		.loc 1 55 30 discriminator 1 view .LVU81
 315 0076 F1D1     		bne	.L14
 316              	.LBE34:
  58:/home/pacl/Documents/Repository/sca-2026/lib/crypto_kem/hqc128/pqclean/reed_solomon.c ****     }
 317              		.loc 1 58 9 view .LVU82
  58:/home/pacl/Documents/Repository/sca-2026/lib/crypto_kem/hqc128/pqclean/reed_solomon.c ****     }
 318              		.loc 1 58 28 is_stmt 0 view .LVU83
 319 0078 99F80030 		ldrb	r3, [r9]	@ zero_extendqisi2
  58:/home/pacl/Documents/Repository/sca-2026/lib/crypto_kem/hqc128/pqclean/reed_solomon.c ****     }
 320              		.loc 1 58 22 view .LVU84
 321 007c 5840     		eors	r0, r0, r3
 322 007e 28F8020F 		strh	r0, [r8, #2]!	@ movhi
  54:/home/pacl/Documents/Repository/sca-2026/lib/crypto_kem/hqc128/pqclean/reed_solomon.c ****         for (size_t j = 1; j < PARAM_N1; ++j) {
 323              		.loc 1 54 45 is_stmt 1 discriminator 2 view .LVU85
  54:/home/pacl/Documents/Repository/sca-2026/lib/crypto_kem/hqc128/pqclean/reed_solomon.c ****         for (size_t j = 1; j < PARAM_N1; ++j) {
 324              		.loc 1 54 26 discriminator 1 view .LVU86
 325 0082 4745     		cmp	r7, r8
 326 0084 06F15A06 		add	r6, r6, #90
 327 0088 E6D1     		bne	.L13
 328              	.LVL23:
  54:/home/pacl/Documents/Repository/sca-2026/lib/crypto_kem/hqc128/pqclean/reed_solomon.c ****         for (size_t j = 1; j < PARAM_N1; ++j) {
 329              		.loc 1 54 26 is_stmt 0 discriminator 1 view .LVU87
 330              	.LBE35:
 331              	.LBE36:
 300:/home/pacl/Documents/Repository/sca-2026/lib/crypto_kem/hqc128/pqclean/reed_solomon.c **** 
 301:/home/pacl/Documents/Repository/sca-2026/lib/crypto_kem/hqc128/pqclean/reed_solomon.c ****     // Compute the error locator polynomial sigma
 302:/home/pacl/Documents/Repository/sca-2026/lib/crypto_kem/hqc128/pqclean/reed_solomon.c ****     // Sigma's degree is at most PARAM_DELTA but the FFT requires the extra room
 303:/home/pacl/Documents/Repository/sca-2026/lib/crypto_kem/hqc128/pqclean/reed_solomon.c ****     deg = compute_elp(sigma, syndromes);
 332              		.loc 1 303 5 is_stmt 1 view .LVU88
 333              	.LBB37:
 334              	.LBI37:
  78:/home/pacl/Documents/Repository/sca-2026/lib/crypto_kem/hqc128/pqclean/reed_solomon.c ****     uint16_t deg_sigma = 0;
 335              		.loc 1 78 17 view .LVU89
 336              	.LBB38:
  79:/home/pacl/Documents/Repository/sca-2026/lib/crypto_kem/hqc128/pqclean/reed_solomon.c ****     uint16_t deg_sigma_p = 0;
 337              		.loc 1 79 5 view .LVU90
  80:/home/pacl/Documents/Repository/sca-2026/lib/crypto_kem/hqc128/pqclean/reed_solomon.c ****     uint16_t deg_sigma_copy = 0;
 338              		.loc 1 80 5 view .LVU91
  81:/home/pacl/Documents/Repository/sca-2026/lib/crypto_kem/hqc128/pqclean/reed_solomon.c ****     uint16_t sigma_copy[PARAM_DELTA + 1] = {0};
 339              		.loc 1 81 5 view .LVU92
  82:/home/pacl/Documents/Repository/sca-2026/lib/crypto_kem/hqc128/pqclean/reed_solomon.c ****     uint16_t X_sigma_p[PARAM_DELTA + 1] = {0, 1};
 340              		.loc 1 82 5 view .LVU93
  83:/home/pacl/Documents/Repository/sca-2026/lib/crypto_kem/hqc128/pqclean/reed_solomon.c ****     uint16_t pp = (uint16_t) -1; // 2*rho
 341              		.loc 1 83 5 view .LVU94
  83:/home/pacl/Documents/Repository/sca-2026/lib/crypto_kem/hqc128/pqclean/reed_solomon.c ****     uint16_t pp = (uint16_t) -1; // 2*rho
 342              		.loc 1 83 14 is_stmt 0 view .LVU95
 343 008a 2022     		movs	r2, #32
 344 008c 0021     		movs	r1, #0
 345 008e A8A8     		add	r0, sp, #672
 346 0090 FFF7FEFF 		bl	memset
 347              	.LVL24:
  95:/home/pacl/Documents/Repository/sca-2026/lib/crypto_kem/hqc128/pqclean/reed_solomon.c ****     for (mu = 0; (mu < (2 * PARAM_DELTA)); ++mu) {
 348              		.loc 1 95 14 view .LVU96
 349 0094 23AA     		add	r2, sp, #140
 350              	.LVL25:
  83:/home/pacl/Documents/Repository/sca-2026/lib/crypto_kem/hqc128/pqclean/reed_solomon.c ****     uint16_t pp = (uint16_t) -1; // 2*rho
 351              		.loc 1 83 14 view .LVU97
 352 0096 0123     		movs	r3, #1
  86:/home/pacl/Documents/Repository/sca-2026/lib/crypto_kem/hqc128/pqclean/reed_solomon.c **** 
 353              		.loc 1 86 14 view .LVU98
 354 0098 BAF80040 		ldrh	r4, [r10]
  95:/home/pacl/Documents/Repository/sca-2026/lib/crypto_kem/hqc128/pqclean/reed_solomon.c ****     for (mu = 0; (mu < (2 * PARAM_DELTA)); ++mu) {
 355              		.loc 1 95 14 view .LVU99
 356 009c 22F81E3B 		strh	r3, [r2], #30	@ movhi
 357              	.LVL26:
  96:/home/pacl/Documents/Repository/sca-2026/lib/crypto_kem/hqc128/pqclean/reed_solomon.c ****         // Save sigma in case we need it to update X_sigma_p
 358              		.loc 1 96 5 view .LVU100
 359 00a0 0193     		str	r3, [sp, #4]
  83:/home/pacl/Documents/Repository/sca-2026/lib/crypto_kem/hqc128/pqclean/reed_solomon.c ****     uint16_t pp = (uint16_t) -1; // 2*rho
 360              		.loc 1 83 14 view .LVU101
 361 00a2 ADF8A232 		strh	r3, [sp, #674]	@ movhi
  84:/home/pacl/Documents/Repository/sca-2026/lib/crypto_kem/hqc128/pqclean/reed_solomon.c ****     uint16_t d_p = 1;
 362              		.loc 1 84 5 is_stmt 1 view .LVU102
 363              	.LVL27:
  85:/home/pacl/Documents/Repository/sca-2026/lib/crypto_kem/hqc128/pqclean/reed_solomon.c ****     uint16_t d = syndromes[0];
 364              		.loc 1 85 5 view .LVU103
  86:/home/pacl/Documents/Repository/sca-2026/lib/crypto_kem/hqc128/pqclean/reed_solomon.c **** 
 365              		.loc 1 86 5 view .LVU104
  88:/home/pacl/Documents/Repository/sca-2026/lib/crypto_kem/hqc128/pqclean/reed_solomon.c ****     uint16_t deg_X, deg_X_sigma_p;
 366              		.loc 1 88 5 view .LVU105
  89:/home/pacl/Documents/Repository/sca-2026/lib/crypto_kem/hqc128/pqclean/reed_solomon.c ****     uint16_t dd;
 367              		.loc 1 89 5 view .LVU106
  90:/home/pacl/Documents/Repository/sca-2026/lib/crypto_kem/hqc128/pqclean/reed_solomon.c ****     uint16_t mu;
 368              		.loc 1 90 5 view .LVU107
  91:/home/pacl/Documents/Repository/sca-2026/lib/crypto_kem/hqc128/pqclean/reed_solomon.c **** 
 369              		.loc 1 91 5 view .LVU108
  93:/home/pacl/Documents/Repository/sca-2026/lib/crypto_kem/hqc128/pqclean/reed_solomon.c **** 
 370              		.loc 1 93 5 view .LVU109
  95:/home/pacl/Documents/Repository/sca-2026/lib/crypto_kem/hqc128/pqclean/reed_solomon.c ****     for (mu = 0; (mu < (2 * PARAM_DELTA)); ++mu) {
 371              		.loc 1 95 5 view .LVU110
  96:/home/pacl/Documents/Repository/sca-2026/lib/crypto_kem/hqc128/pqclean/reed_solomon.c ****         // Save sigma in case we need it to update X_sigma_p
 372              		.loc 1 96 5 is_stmt 0 view .LVU111
 373 00a6 0593     		str	r3, [sp, #20]
  85:/home/pacl/Documents/Repository/sca-2026/lib/crypto_kem/hqc128/pqclean/reed_solomon.c ****     uint16_t d = syndromes[0];
 374              		.loc 1 85 14 view .LVU112
 375 00a8 0093     		str	r3, [sp]
  84:/home/pacl/Documents/Repository/sca-2026/lib/crypto_kem/hqc128/pqclean/reed_solomon.c ****     uint16_t d_p = 1;
 376              		.loc 1 84 14 view .LVU113
 377 00aa 4FF6FF73 		movw	r3, #65535
  80:/home/pacl/Documents/Repository/sca-2026/lib/crypto_kem/hqc128/pqclean/reed_solomon.c ****     uint16_t deg_sigma_copy = 0;
 378              		.loc 1 80 14 view .LVU114
 379 00ae 4FF0000B 		mov	fp, #0
  84:/home/pacl/Documents/Repository/sca-2026/lib/crypto_kem/hqc128/pqclean/reed_solomon.c ****     uint16_t d_p = 1;
 380              		.loc 1 84 14 view .LVU115
 381 00b2 0493     		str	r3, [sp, #16]
 382 00b4 019B     		ldr	r3, [sp, #4]
  95:/home/pacl/Documents/Repository/sca-2026/lib/crypto_kem/hqc128/pqclean/reed_solomon.c ****     for (mu = 0; (mu < (2 * PARAM_DELTA)); ++mu) {
 383              		.loc 1 95 14 view .LVU116
 384 00b6 0B92     		str	r2, [sp, #44]
  96:/home/pacl/Documents/Repository/sca-2026/lib/crypto_kem/hqc128/pqclean/reed_solomon.c ****         // Save sigma in case we need it to update X_sigma_p
 385              		.loc 1 96 5 is_stmt 1 view .LVU117
 386              	.LVL28:
  80:/home/pacl/Documents/Repository/sca-2026/lib/crypto_kem/hqc128/pqclean/reed_solomon.c ****     uint16_t deg_sigma_copy = 0;
 387              		.loc 1 80 14 is_stmt 0 view .LVU118
 388 00b8 CDF808B0 		str	fp, [sp, #8]
 389 00bc 0DF2A228 		addw	r8, sp, #674
  96:/home/pacl/Documents/Repository/sca-2026/lib/crypto_kem/hqc128/pqclean/reed_solomon.c ****         // Save sigma in case we need it to update X_sigma_p
 390              		.loc 1 96 5 view .LVU119
 391 00c0 CDF80CA0 		str	r10, [sp, #12]
  86:/home/pacl/Documents/Repository/sca-2026/lib/crypto_kem/hqc128/pqclean/reed_solomon.c **** 
 392              		.loc 1 86 14 view .LVU120
 393 00c4 2746     		mov	r7, r4
 394 00c6 0C94     		str	r4, [sp, #48]
 395              	.LVL29:
 396              	.L16:
  86:/home/pacl/Documents/Repository/sca-2026/lib/crypto_kem/hqc128/pqclean/reed_solomon.c **** 
 397              		.loc 1 86 14 view .LVU121
 398 00c8 013B     		subs	r3, r3, #1
 399 00ca 9BB2     		uxth	r3, r3
  98:/home/pacl/Documents/Repository/sca-2026/lib/crypto_kem/hqc128/pqclean/reed_solomon.c ****         deg_sigma_copy = deg_sigma;
 400              		.loc 1 98 9 view .LVU122
 401 00cc 23AE     		add	r6, sp, #140
 402              	.LVL30:
  98:/home/pacl/Documents/Repository/sca-2026/lib/crypto_kem/hqc128/pqclean/reed_solomon.c ****         deg_sigma_copy = deg_sigma;
 403              		.loc 1 98 9 view .LVU123
 404 00ce 0693     		str	r3, [sp, #24]
 405              	.LVL31:
  96:/home/pacl/Documents/Repository/sca-2026/lib/crypto_kem/hqc128/pqclean/reed_solomon.c ****         // Save sigma in case we need it to update X_sigma_p
 406              		.loc 1 96 22 is_stmt 1 discriminator 1 view .LVU124
  98:/home/pacl/Documents/Repository/sca-2026/lib/crypto_kem/hqc128/pqclean/reed_solomon.c ****         deg_sigma_copy = deg_sigma;
 407              		.loc 1 98 9 view .LVU125
 408 00d0 0FCE     		ldmia	r6!, {r0, r1, r2, r3}
 409              	.LVL32:
  98:/home/pacl/Documents/Repository/sca-2026/lib/crypto_kem/hqc128/pqclean/reed_solomon.c ****         deg_sigma_copy = deg_sigma;
 410              		.loc 1 98 9 is_stmt 0 view .LVU126
 411 00d2 1AAC     		add	r4, sp, #104
 412 00d4 0FC4     		stmia	r4!, {r0, r1, r2, r3}
 413 00d6 96E80F00 		ldm	r6, {r0, r1, r2, r3}
 414 00da 07C4     		stmia	r4!, {r0, r1, r2}
 101:/home/pacl/Documents/Repository/sca-2026/lib/crypto_kem/hqc128/pqclean/reed_solomon.c **** 
 415              		.loc 1 101 14 view .LVU127
 416 00dc 0098     		ldr	r0, [sp]
  98:/home/pacl/Documents/Repository/sca-2026/lib/crypto_kem/hqc128/pqclean/reed_solomon.c ****         deg_sigma_copy = deg_sigma;
 417              		.loc 1 98 9 view .LVU128
 418 00de 2380     		strh	r3, [r4]	@ movhi
  99:/home/pacl/Documents/Repository/sca-2026/lib/crypto_kem/hqc128/pqclean/reed_solomon.c **** 
 419              		.loc 1 99 9 is_stmt 1 view .LVU129
 420              	.LVL33:
 101:/home/pacl/Documents/Repository/sca-2026/lib/crypto_kem/hqc128/pqclean/reed_solomon.c **** 
 421              		.loc 1 101 9 view .LVU130
 101:/home/pacl/Documents/Repository/sca-2026/lib/crypto_kem/hqc128/pqclean/reed_solomon.c **** 
 422              		.loc 1 101 14 is_stmt 0 view .LVU131
 423 00e0 FFF7FEFF 		bl	PQCLEAN_HQC128_CLEAN_gf_inverse
 424              	.LVL34:
 425 00e4 0146     		mov	r1, r0
 101:/home/pacl/Documents/Repository/sca-2026/lib/crypto_kem/hqc128/pqclean/reed_solomon.c **** 
 426              		.loc 1 101 14 discriminator 1 view .LVU132
 427 00e6 3846     		mov	r0, r7
 428 00e8 FFF7FEFF 		bl	PQCLEAN_HQC128_CLEAN_gf_mul
 429              	.LVL35:
 430 00ec 23AC     		add	r4, sp, #140
 431              	.LVL36:
 101:/home/pacl/Documents/Repository/sca-2026/lib/crypto_kem/hqc128/pqclean/reed_solomon.c **** 
 432              		.loc 1 101 14 discriminator 1 view .LVU133
 433 00ee 0646     		mov	r6, r0
 434              	.LVL37:
 103:/home/pacl/Documents/Repository/sca-2026/lib/crypto_kem/hqc128/pqclean/reed_solomon.c ****             sigma[i] ^= PQCLEAN_HQC128_CLEAN_gf_mul(dd, X_sigma_p[i]);
 435              		.loc 1 103 9 is_stmt 1 view .LVU134
 103:/home/pacl/Documents/Repository/sca-2026/lib/crypto_kem/hqc128/pqclean/reed_solomon.c ****             sigma[i] ^= PQCLEAN_HQC128_CLEAN_gf_mul(dd, X_sigma_p[i]);
 436              		.loc 1 103 35 discriminator 1 view .LVU135
 101:/home/pacl/Documents/Repository/sca-2026/lib/crypto_kem/hqc128/pqclean/reed_solomon.c **** 
 437              		.loc 1 101 14 is_stmt 0 discriminator 1 view .LVU136
 438 00f0 2546     		mov	r5, r4
 439 00f2 0DF52879 		add	r9, sp, #672
 440              	.LVL38:
 441              	.L18:
 104:/home/pacl/Documents/Repository/sca-2026/lib/crypto_kem/hqc128/pqclean/reed_solomon.c ****         }
 442              		.loc 1 104 13 is_stmt 1 view .LVU137
 104:/home/pacl/Documents/Repository/sca-2026/lib/crypto_kem/hqc128/pqclean/reed_solomon.c ****         }
 443              		.loc 1 104 25 is_stmt 0 view .LVU138
 444 00f6 39F8021F 		ldrh	r1, [r9, #2]!
 445              	.LVL39:
 104:/home/pacl/Documents/Repository/sca-2026/lib/crypto_kem/hqc128/pqclean/reed_solomon.c ****         }
 446              		.loc 1 104 25 view .LVU139
 447 00fa 3046     		mov	r0, r6
 448 00fc FFF7FEFF 		bl	PQCLEAN_HQC128_CLEAN_gf_mul
 449              	.LVL40:
 104:/home/pacl/Documents/Repository/sca-2026/lib/crypto_kem/hqc128/pqclean/reed_solomon.c ****         }
 450              		.loc 1 104 22 discriminator 1 view .LVU140
 451 0100 35F8023F 		ldrh	r3, [r5, #2]!
 103:/home/pacl/Documents/Repository/sca-2026/lib/crypto_kem/hqc128/pqclean/reed_solomon.c ****             sigma[i] ^= PQCLEAN_HQC128_CLEAN_gf_mul(dd, X_sigma_p[i]);
 452              		.loc 1 103 35 discriminator 1 view .LVU141
 453 0104 C145     		cmp	r9, r8
 104:/home/pacl/Documents/Repository/sca-2026/lib/crypto_kem/hqc128/pqclean/reed_solomon.c ****         }
 454              		.loc 1 104 22 discriminator 1 view .LVU142
 455 0106 80EA0300 		eor	r0, r0, r3
 456 010a 2880     		strh	r0, [r5]	@ movhi
 103:/home/pacl/Documents/Repository/sca-2026/lib/crypto_kem/hqc128/pqclean/reed_solomon.c ****             sigma[i] ^= PQCLEAN_HQC128_CLEAN_gf_mul(dd, X_sigma_p[i]);
 457              		.loc 1 103 58 is_stmt 1 discriminator 4 view .LVU143
 458              	.LVL41:
 103:/home/pacl/Documents/Repository/sca-2026/lib/crypto_kem/hqc128/pqclean/reed_solomon.c ****             sigma[i] ^= PQCLEAN_HQC128_CLEAN_gf_mul(dd, X_sigma_p[i]);
 459              		.loc 1 103 35 discriminator 1 view .LVU144
 460 010c 03D0     		beq	.L17
 103:/home/pacl/Documents/Repository/sca-2026/lib/crypto_kem/hqc128/pqclean/reed_solomon.c ****             sigma[i] ^= PQCLEAN_HQC128_CLEAN_gf_mul(dd, X_sigma_p[i]);
 461              		.loc 1 103 35 is_stmt 0 discriminator 3 view .LVU145
 462 010e 0DF2BE23 		addw	r3, sp, #702
 463 0112 9945     		cmp	r9, r3
 464 0114 EFD1     		bne	.L18
 465              	.L17:
 107:/home/pacl/Documents/Repository/sca-2026/lib/crypto_kem/hqc128/pqclean/reed_solomon.c ****         deg_X_sigma_p = deg_X + deg_sigma_p;
 466              		.loc 1 107 9 is_stmt 1 view .LVU146
 467 0116 029B     		ldr	r3, [sp, #8]
 468 0118 069D     		ldr	r5, [sp, #24]
 114:/home/pacl/Documents/Repository/sca-2026/lib/crypto_kem/hqc128/pqclean/reed_solomon.c **** 
 469              		.loc 1 114 19 is_stmt 0 view .LVU147
 470 011a DDF810E0 		ldr	lr, [sp, #16]
 471 011e EA18     		adds	r2, r5, r3
 472 0120 92B2     		uxth	r2, r2
 473              	.LVL42:
 108:/home/pacl/Documents/Repository/sca-2026/lib/crypto_kem/hqc128/pqclean/reed_solomon.c **** 
 474              		.loc 1 108 9 is_stmt 1 view .LVU148
 111:/home/pacl/Documents/Repository/sca-2026/lib/crypto_kem/hqc128/pqclean/reed_solomon.c **** 
 475              		.loc 1 111 9 view .LVU149
 114:/home/pacl/Documents/Repository/sca-2026/lib/crypto_kem/hqc128/pqclean/reed_solomon.c **** 
 476              		.loc 1 114 9 view .LVU150
 117:/home/pacl/Documents/Repository/sca-2026/lib/crypto_kem/hqc128/pqclean/reed_solomon.c ****         deg_sigma ^= mask12 & (deg_X_sigma_p ^ deg_sigma);
 477              		.loc 1 117 9 view .LVU151
 114:/home/pacl/Documents/Repository/sca-2026/lib/crypto_kem/hqc128/pqclean/reed_solomon.c **** 
 478              		.loc 1 114 19 is_stmt 0 view .LVU152
 479 0122 7146     		mov	r1, lr
 480 0124 0EEB0B03 		add	r3, lr, fp
 481 0128 9B1A     		subs	r3, r3, r2
 108:/home/pacl/Documents/Repository/sca-2026/lib/crypto_kem/hqc128/pqclean/reed_solomon.c **** 
 482              		.loc 1 108 23 view .LVU153
 483 012a 521A     		subs	r2, r2, r1
 484              	.LVL43:
 118:/home/pacl/Documents/Repository/sca-2026/lib/crypto_kem/hqc128/pqclean/reed_solomon.c **** 
 485              		.loc 1 118 19 view .LVU154
 486 012c 8BEA0201 		eor	r1, fp, r2
 111:/home/pacl/Documents/Repository/sca-2026/lib/crypto_kem/hqc128/pqclean/reed_solomon.c **** 
 487              		.loc 1 111 19 view .LVU155
 488 0130 7A42     		rsbs	r2, r7, #0
 489 0132 1340     		ands	r3, r3, r2
 490 0134 43F3C033 		sbfx	r3, r3, #15, #1
 117:/home/pacl/Documents/Repository/sca-2026/lib/crypto_kem/hqc128/pqclean/reed_solomon.c ****         deg_sigma ^= mask12 & (deg_X_sigma_p ^ deg_sigma);
 491              		.loc 1 117 16 view .LVU156
 492 0138 9AB2     		uxth	r2, r3
 118:/home/pacl/Documents/Repository/sca-2026/lib/crypto_kem/hqc128/pqclean/reed_solomon.c **** 
 493              		.loc 1 118 19 view .LVU157
 494 013a 1140     		ands	r1, r1, r2
 495 013c 8BEA0100 		eor	r0, fp, r1
 496 0140 0026     		movs	r6, #0
 497              	.LVL44:
 120:/home/pacl/Documents/Repository/sca-2026/lib/crypto_kem/hqc128/pqclean/reed_solomon.c ****             break;
 498              		.loc 1 120 12 view .LVU158
 499 0142 0199     		ldr	r1, [sp, #4]
 118:/home/pacl/Documents/Repository/sca-2026/lib/crypto_kem/hqc128/pqclean/reed_solomon.c **** 
 500              		.loc 1 118 19 view .LVU159
 501 0144 0A90     		str	r0, [sp, #40]
 502 0146 B446     		mov	ip, r6
 503 0148 0020     		movs	r0, #0
 504 014a 62F30F0C 		bfi	ip, r2, #0, #16
 505 014e 62F30F06 		bfi	r6, r2, #0, #16
 506 0152 62F30F00 		bfi	r0, r2, #0, #16
 120:/home/pacl/Documents/Repository/sca-2026/lib/crypto_kem/hqc128/pqclean/reed_solomon.c ****             break;
 507              		.loc 1 120 12 view .LVU160
 508 0156 1E29     		cmp	r1, #30
 509 0158 62F31F46 		bfi	r6, r2, #16, #16
 510 015c 62F31F4C 		bfi	ip, r2, #16, #16
 511              	.LVL45:
 118:/home/pacl/Documents/Repository/sca-2026/lib/crypto_kem/hqc128/pqclean/reed_solomon.c **** 
 512              		.loc 1 118 9 is_stmt 1 view .LVU161
 120:/home/pacl/Documents/Repository/sca-2026/lib/crypto_kem/hqc128/pqclean/reed_solomon.c ****             break;
 513              		.loc 1 120 9 view .LVU162
 514 0160 62F31F40 		bfi	r0, r2, #16, #16
 515              	.LVL46:
 120:/home/pacl/Documents/Repository/sca-2026/lib/crypto_kem/hqc128/pqclean/reed_solomon.c ****             break;
 516              		.loc 1 120 12 is_stmt 0 view .LVU163
 517 0164 00F0C280 		beq	.L19
 518              	.LVL47:
 124:/home/pacl/Documents/Repository/sca-2026/lib/crypto_kem/hqc128/pqclean/reed_solomon.c ****         d_p ^= mask12 & (d ^ d_p);
 519              		.loc 1 124 9 is_stmt 1 view .LVU164
 127:/home/pacl/Documents/Repository/sca-2026/lib/crypto_kem/hqc128/pqclean/reed_solomon.c ****         }
 520              		.loc 1 127 57 is_stmt 0 view .LVU165
 521 0168 0599     		ldr	r1, [sp, #20]
 522 016a BDF8BC92 		ldrh	r9, [sp, #700]
 523              	.LVL48:
 127:/home/pacl/Documents/Repository/sca-2026/lib/crypto_kem/hqc128/pqclean/reed_solomon.c ****         }
 524              		.loc 1 127 68 view .LVU166
 525 016e DB43     		mvns	r3, r3
 526 0170 9BB2     		uxth	r3, r3
 127:/home/pacl/Documents/Repository/sca-2026/lib/crypto_kem/hqc128/pqclean/reed_solomon.c ****         }
 527              		.loc 1 127 57 view .LVU167
 528 0172 1940     		ands	r1, r1, r3
 529 0174 0991     		str	r1, [sp, #36]
 125:/home/pacl/Documents/Repository/sca-2026/lib/crypto_kem/hqc128/pqclean/reed_solomon.c ****         for (i = PARAM_DELTA; i; --i) {
 530              		.loc 1 125 13 view .LVU168
 531 0176 0099     		ldr	r1, [sp]
 532 0178 4F40     		eors	r7, r7, r1
 533              	.LVL49:
 124:/home/pacl/Documents/Repository/sca-2026/lib/crypto_kem/hqc128/pqclean/reed_solomon.c ****         d_p ^= mask12 & (d ^ d_p);
 534              		.loc 1 124 12 view .LVU169
 535 017a 2946     		mov	r1, r5
 536 017c 7546     		mov	r5, lr
 537              	.LVL50:
 124:/home/pacl/Documents/Repository/sca-2026/lib/crypto_kem/hqc128/pqclean/reed_solomon.c ****         d_p ^= mask12 & (d ^ d_p);
 538              		.loc 1 124 12 view .LVU170
 539 017e 6940     		eors	r1, r1, r5
 540              	.LVL51:
 124:/home/pacl/Documents/Repository/sca-2026/lib/crypto_kem/hqc128/pqclean/reed_solomon.c ****         d_p ^= mask12 & (d ^ d_p);
 541              		.loc 1 124 12 view .LVU171
 542 0180 1140     		ands	r1, r1, r2
 130:/home/pacl/Documents/Repository/sca-2026/lib/crypto_kem/hqc128/pqclean/reed_solomon.c ****         d = syndromes[mu + 1];
 543              		.loc 1 130 21 view .LVU172
 544 0182 DDF808E0 		ldr	lr, [sp, #8]
 545              	.LVL52:
 124:/home/pacl/Documents/Repository/sca-2026/lib/crypto_kem/hqc128/pqclean/reed_solomon.c ****         d_p ^= mask12 & (d ^ d_p);
 546              		.loc 1 124 12 view .LVU173
 547 0186 4D40     		eors	r5, r5, r1
 548              	.LVL53:
 124:/home/pacl/Documents/Repository/sca-2026/lib/crypto_kem/hqc128/pqclean/reed_solomon.c ****         d_p ^= mask12 & (d ^ d_p);
 549              		.loc 1 124 12 view .LVU174
 550 0188 0495     		str	r5, [sp, #16]
 551              	.LVL54:
 125:/home/pacl/Documents/Repository/sca-2026/lib/crypto_kem/hqc128/pqclean/reed_solomon.c ****         for (i = PARAM_DELTA; i; --i) {
 552              		.loc 1 125 9 is_stmt 1 view .LVU175
 125:/home/pacl/Documents/Repository/sca-2026/lib/crypto_kem/hqc128/pqclean/reed_solomon.c ****         for (i = PARAM_DELTA; i; --i) {
 553              		.loc 1 125 13 is_stmt 0 view .LVU176
 554 018a 009D     		ldr	r5, [sp]
 130:/home/pacl/Documents/Repository/sca-2026/lib/crypto_kem/hqc128/pqclean/reed_solomon.c ****         d = syndromes[mu + 1];
 555              		.loc 1 130 21 view .LVU177
 556 018c 8EEA0B0B 		eor	fp, lr, fp
 557              	.LVL55:
 125:/home/pacl/Documents/Repository/sca-2026/lib/crypto_kem/hqc128/pqclean/reed_solomon.c ****         for (i = PARAM_DELTA; i; --i) {
 558              		.loc 1 125 13 view .LVU178
 559 0190 1740     		ands	r7, r7, r2
 560 0192 7D40     		eors	r5, r5, r7
 130:/home/pacl/Documents/Repository/sca-2026/lib/crypto_kem/hqc128/pqclean/reed_solomon.c ****         d = syndromes[mu + 1];
 561              		.loc 1 130 21 view .LVU179
 562 0194 02EA0B0B 		and	fp, r2, fp
 125:/home/pacl/Documents/Repository/sca-2026/lib/crypto_kem/hqc128/pqclean/reed_solomon.c ****         for (i = PARAM_DELTA; i; --i) {
 563              		.loc 1 125 13 view .LVU180
 564 0198 0095     		str	r5, [sp]
 565              	.LVL56:
 126:/home/pacl/Documents/Repository/sca-2026/lib/crypto_kem/hqc128/pqclean/reed_solomon.c ****             X_sigma_p[i] = (mask12 & sigma_copy[i - 1]) ^ (~mask12 & X_sigma_p[i - 1]);
 566              		.loc 1 126 9 is_stmt 1 view .LVU181
 126:/home/pacl/Documents/Repository/sca-2026/lib/crypto_kem/hqc128/pqclean/reed_solomon.c ****             X_sigma_p[i] = (mask12 & sigma_copy[i - 1]) ^ (~mask12 & X_sigma_p[i - 1]);
 567              		.loc 1 126 31 discriminator 1 view .LVU182
 127:/home/pacl/Documents/Repository/sca-2026/lib/crypto_kem/hqc128/pqclean/reed_solomon.c ****         }
 568              		.loc 1 127 13 view .LVU183
 130:/home/pacl/Documents/Repository/sca-2026/lib/crypto_kem/hqc128/pqclean/reed_solomon.c ****         d = syndromes[mu + 1];
 569              		.loc 1 130 21 is_stmt 0 view .LVU184
 570 019a 8EEA0B05 		eor	r5, lr, fp
 127:/home/pacl/Documents/Repository/sca-2026/lib/crypto_kem/hqc128/pqclean/reed_solomon.c ****         }
 571              		.loc 1 127 57 view .LVU185
 572 019e BDF8ACB2 		ldrh	fp, [sp, #684]
 573 01a2 AE9F     		ldr	r7, [sp, #696]
 130:/home/pacl/Documents/Repository/sca-2026/lib/crypto_kem/hqc128/pqclean/reed_solomon.c ****         d = syndromes[mu + 1];
 574              		.loc 1 130 21 view .LVU186
 575 01a4 0295     		str	r5, [sp, #8]
 576              	.LVL57:
 127:/home/pacl/Documents/Repository/sca-2026/lib/crypto_kem/hqc128/pqclean/reed_solomon.c ****         }
 577              		.loc 1 127 57 view .LVU187
 578 01a6 03EA0B0B 		and	fp, r3, fp
 579 01aa CDF814B0 		str	fp, [sp, #20]
 580 01ae BDF8AAB2 		ldrh	fp, [sp, #682]
 581 01b2 4FF0000E 		mov	lr, #0
 127:/home/pacl/Documents/Repository/sca-2026/lib/crypto_kem/hqc128/pqclean/reed_solomon.c ****         }
 582              		.loc 1 127 57 view .LVU188
 583 01b6 03EA0B0B 		and	fp, r3, fp
 584 01ba 63F30F0E 		bfi	lr, r3, #0, #16
 585 01be CDF818B0 		str	fp, [sp, #24]
 586              	.LVL58:
 127:/home/pacl/Documents/Repository/sca-2026/lib/crypto_kem/hqc128/pqclean/reed_solomon.c ****         }
 587              		.loc 1 127 57 view .LVU189
 588 01c2 BDF8A8B2 		ldrh	fp, [sp, #680]
 589 01c6 0025     		movs	r5, #0
 590 01c8 63F31F4E 		bfi	lr, r3, #16, #16
 591 01cc 03EA0B0B 		and	fp, r3, fp
 592 01d0 2946     		mov	r1, r5
 593 01d2 0EEA070E 		and	lr, lr, r7
 594 01d6 63F30F05 		bfi	r5, r3, #0, #16
 595 01da AC9F     		ldr	r7, [sp, #688]
 596 01dc CDF81CB0 		str	fp, [sp, #28]
 597 01e0 63F31F45 		bfi	r5, r3, #16, #16
 598 01e4 BDF8A6B2 		ldrh	fp, [sp, #678]
 599 01e8 3D40     		ands	r5, r5, r7
 600 01ea 63F30F01 		bfi	r1, r3, #0, #16
 601 01ee AD9F     		ldr	r7, [sp, #692]
 602 01f0 03EA0B0B 		and	fp, r3, fp
 603 01f4 63F31F41 		bfi	r1, r3, #16, #16
 604 01f8 3940     		ands	r1, r1, r7
 605 01fa CDF820B0 		str	fp, [sp, #32]
 606 01fe BDF8AE72 		ldrh	r7, [sp, #686]
 607 0202 BDF8A4B2 		ldrh	fp, [sp, #676]
 608 0206 03EA0909 		and	r9, r3, r9
 609 020a 1F40     		ands	r7, r7, r3
 610 020c 03EA0B0B 		and	fp, r3, fp
 611 0210 BDF88430 		ldrh	r3, [sp, #132]
 612 0214 1340     		ands	r3, r3, r2
 613 0216 83EA0903 		eor	r3, r3, r9
 127:/home/pacl/Documents/Repository/sca-2026/lib/crypto_kem/hqc128/pqclean/reed_solomon.c ****         }
 614              		.loc 1 127 26 view .LVU190
 615 021a ADF8BE32 		strh	r3, [sp, #702]	@ movhi
 126:/home/pacl/Documents/Repository/sca-2026/lib/crypto_kem/hqc128/pqclean/reed_solomon.c ****             X_sigma_p[i] = (mask12 & sigma_copy[i - 1]) ^ (~mask12 & X_sigma_p[i - 1]);
 616              		.loc 1 126 34 is_stmt 1 discriminator 3 view .LVU191
 617              	.LVL59:
 126:/home/pacl/Documents/Repository/sca-2026/lib/crypto_kem/hqc128/pqclean/reed_solomon.c ****             X_sigma_p[i] = (mask12 & sigma_copy[i - 1]) ^ (~mask12 & X_sigma_p[i - 1]);
 618              		.loc 1 126 31 discriminator 1 view .LVU192
 127:/home/pacl/Documents/Repository/sca-2026/lib/crypto_kem/hqc128/pqclean/reed_solomon.c ****         }
 619              		.loc 1 127 13 view .LVU193
 126:/home/pacl/Documents/Repository/sca-2026/lib/crypto_kem/hqc128/pqclean/reed_solomon.c ****             X_sigma_p[i] = (mask12 & sigma_copy[i - 1]) ^ (~mask12 & X_sigma_p[i - 1]);
 620              		.loc 1 126 34 discriminator 3 view .LVU194
 126:/home/pacl/Documents/Repository/sca-2026/lib/crypto_kem/hqc128/pqclean/reed_solomon.c ****             X_sigma_p[i] = (mask12 & sigma_copy[i - 1]) ^ (~mask12 & X_sigma_p[i - 1]);
 621              		.loc 1 126 31 discriminator 1 view .LVU195
 127:/home/pacl/Documents/Repository/sca-2026/lib/crypto_kem/hqc128/pqclean/reed_solomon.c ****         }
 622              		.loc 1 127 13 view .LVU196
 127:/home/pacl/Documents/Repository/sca-2026/lib/crypto_kem/hqc128/pqclean/reed_solomon.c ****         }
 623              		.loc 1 127 57 is_stmt 0 view .LVU197
 624 021e 209B     		ldr	r3, [sp, #128]
 625 0220 1840     		ands	r0, r0, r3
 626 0222 1E9B     		ldr	r3, [sp, #120]
 627 0224 3340     		ands	r3, r3, r6
 628 0226 6B40     		eors	r3, r3, r5
 127:/home/pacl/Documents/Repository/sca-2026/lib/crypto_kem/hqc128/pqclean/reed_solomon.c ****         }
 629              		.loc 1 127 26 view .LVU198
 630 0228 CDF8B232 		str	r3, [sp, #690]	@ unaligned
 127:/home/pacl/Documents/Repository/sca-2026/lib/crypto_kem/hqc128/pqclean/reed_solomon.c ****         }
 631              		.loc 1 127 57 view .LVU199
 632 022c 1F9B     		ldr	r3, [sp, #124]
 633 022e 03EA0C03 		and	r3, r3, ip
 634 0232 5940     		eors	r1, r1, r3
 635 0234 BDF87630 		ldrh	r3, [sp, #118]
 127:/home/pacl/Documents/Repository/sca-2026/lib/crypto_kem/hqc128/pqclean/reed_solomon.c ****         }
 636              		.loc 1 127 26 view .LVU200
 637 0238 CDF8B612 		str	r1, [sp, #694]	@ unaligned
 127:/home/pacl/Documents/Repository/sca-2026/lib/crypto_kem/hqc128/pqclean/reed_solomon.c ****         }
 638              		.loc 1 127 57 view .LVU201
 639 023c 1340     		ands	r3, r3, r2
 640 023e 7B40     		eors	r3, r3, r7
 641 0240 80EA0E00 		eor	r0, r0, lr
 127:/home/pacl/Documents/Repository/sca-2026/lib/crypto_kem/hqc128/pqclean/reed_solomon.c ****         }
 642              		.loc 1 127 26 view .LVU202
 643 0244 CDF8BA02 		str	r0, [sp, #698]	@ unaligned
 126:/home/pacl/Documents/Repository/sca-2026/lib/crypto_kem/hqc128/pqclean/reed_solomon.c ****             X_sigma_p[i] = (mask12 & sigma_copy[i - 1]) ^ (~mask12 & X_sigma_p[i - 1]);
 644              		.loc 1 126 34 is_stmt 1 discriminator 3 view .LVU203
 645              	.LVL60:
 126:/home/pacl/Documents/Repository/sca-2026/lib/crypto_kem/hqc128/pqclean/reed_solomon.c ****             X_sigma_p[i] = (mask12 & sigma_copy[i - 1]) ^ (~mask12 & X_sigma_p[i - 1]);
 646              		.loc 1 126 31 discriminator 1 view .LVU204
 127:/home/pacl/Documents/Repository/sca-2026/lib/crypto_kem/hqc128/pqclean/reed_solomon.c ****         }
 647              		.loc 1 127 13 view .LVU205
 126:/home/pacl/Documents/Repository/sca-2026/lib/crypto_kem/hqc128/pqclean/reed_solomon.c ****             X_sigma_p[i] = (mask12 & sigma_copy[i - 1]) ^ (~mask12 & X_sigma_p[i - 1]);
 648              		.loc 1 126 34 discriminator 3 view .LVU206
 126:/home/pacl/Documents/Repository/sca-2026/lib/crypto_kem/hqc128/pqclean/reed_solomon.c ****             X_sigma_p[i] = (mask12 & sigma_copy[i - 1]) ^ (~mask12 & X_sigma_p[i - 1]);
 649              		.loc 1 126 31 discriminator 1 view .LVU207
 127:/home/pacl/Documents/Repository/sca-2026/lib/crypto_kem/hqc128/pqclean/reed_solomon.c ****         }
 650              		.loc 1 127 13 view .LVU208
 126:/home/pacl/Documents/Repository/sca-2026/lib/crypto_kem/hqc128/pqclean/reed_solomon.c ****             X_sigma_p[i] = (mask12 & sigma_copy[i - 1]) ^ (~mask12 & X_sigma_p[i - 1]);
 651              		.loc 1 126 34 discriminator 3 view .LVU209
 126:/home/pacl/Documents/Repository/sca-2026/lib/crypto_kem/hqc128/pqclean/reed_solomon.c ****             X_sigma_p[i] = (mask12 & sigma_copy[i - 1]) ^ (~mask12 & X_sigma_p[i - 1]);
 652              		.loc 1 126 31 discriminator 1 view .LVU210
 127:/home/pacl/Documents/Repository/sca-2026/lib/crypto_kem/hqc128/pqclean/reed_solomon.c ****         }
 653              		.loc 1 127 13 view .LVU211
 126:/home/pacl/Documents/Repository/sca-2026/lib/crypto_kem/hqc128/pqclean/reed_solomon.c ****             X_sigma_p[i] = (mask12 & sigma_copy[i - 1]) ^ (~mask12 & X_sigma_p[i - 1]);
 654              		.loc 1 126 34 discriminator 3 view .LVU212
 126:/home/pacl/Documents/Repository/sca-2026/lib/crypto_kem/hqc128/pqclean/reed_solomon.c ****             X_sigma_p[i] = (mask12 & sigma_copy[i - 1]) ^ (~mask12 & X_sigma_p[i - 1]);
 655              		.loc 1 126 31 discriminator 1 view .LVU213
 127:/home/pacl/Documents/Repository/sca-2026/lib/crypto_kem/hqc128/pqclean/reed_solomon.c ****         }
 656              		.loc 1 127 13 view .LVU214
 126:/home/pacl/Documents/Repository/sca-2026/lib/crypto_kem/hqc128/pqclean/reed_solomon.c ****             X_sigma_p[i] = (mask12 & sigma_copy[i - 1]) ^ (~mask12 & X_sigma_p[i - 1]);
 657              		.loc 1 126 34 discriminator 3 view .LVU215
 126:/home/pacl/Documents/Repository/sca-2026/lib/crypto_kem/hqc128/pqclean/reed_solomon.c ****             X_sigma_p[i] = (mask12 & sigma_copy[i - 1]) ^ (~mask12 & X_sigma_p[i - 1]);
 658              		.loc 1 126 31 discriminator 1 view .LVU216
 127:/home/pacl/Documents/Repository/sca-2026/lib/crypto_kem/hqc128/pqclean/reed_solomon.c ****         }
 659              		.loc 1 127 13 view .LVU217
 127:/home/pacl/Documents/Repository/sca-2026/lib/crypto_kem/hqc128/pqclean/reed_solomon.c ****         }
 660              		.loc 1 127 26 is_stmt 0 view .LVU218
 661 0248 ADF8B032 		strh	r3, [sp, #688]	@ movhi
 126:/home/pacl/Documents/Repository/sca-2026/lib/crypto_kem/hqc128/pqclean/reed_solomon.c ****             X_sigma_p[i] = (mask12 & sigma_copy[i - 1]) ^ (~mask12 & X_sigma_p[i - 1]);
 662              		.loc 1 126 34 is_stmt 1 discriminator 3 view .LVU219
 663              	.LVL61:
 126:/home/pacl/Documents/Repository/sca-2026/lib/crypto_kem/hqc128/pqclean/reed_solomon.c ****             X_sigma_p[i] = (mask12 & sigma_copy[i - 1]) ^ (~mask12 & X_sigma_p[i - 1]);
 664              		.loc 1 126 31 discriminator 1 view .LVU220
 127:/home/pacl/Documents/Repository/sca-2026/lib/crypto_kem/hqc128/pqclean/reed_solomon.c ****         }
 665              		.loc 1 127 13 view .LVU221
 127:/home/pacl/Documents/Repository/sca-2026/lib/crypto_kem/hqc128/pqclean/reed_solomon.c ****         }
 666              		.loc 1 127 57 is_stmt 0 view .LVU222
 667 024c BDF87430 		ldrh	r3, [sp, #116]
 668 0250 0598     		ldr	r0, [sp, #20]
 669 0252 0999     		ldr	r1, [sp, #36]
 131:/home/pacl/Documents/Repository/sca-2026/lib/crypto_kem/hqc128/pqclean/reed_solomon.c **** 
 670              		.loc 1 131 11 view .LVU223
 671 0254 039D     		ldr	r5, [sp, #12]
 672 0256 DDF82C90 		ldr	r9, [sp, #44]
 673 025a 6F88     		ldrh	r7, [r5, #2]
 127:/home/pacl/Documents/Repository/sca-2026/lib/crypto_kem/hqc128/pqclean/reed_solomon.c ****         }
 674              		.loc 1 127 57 view .LVU224
 675 025c 1340     		ands	r3, r3, r2
 676 025e 4340     		eors	r3, r3, r0
 127:/home/pacl/Documents/Repository/sca-2026/lib/crypto_kem/hqc128/pqclean/reed_solomon.c ****         }
 677              		.loc 1 127 26 view .LVU225
 678 0260 ADF8AE32 		strh	r3, [sp, #686]	@ movhi
 126:/home/pacl/Documents/Repository/sca-2026/lib/crypto_kem/hqc128/pqclean/reed_solomon.c ****             X_sigma_p[i] = (mask12 & sigma_copy[i - 1]) ^ (~mask12 & X_sigma_p[i - 1]);
 679              		.loc 1 126 34 is_stmt 1 discriminator 3 view .LVU226
 680              	.LVL62:
 126:/home/pacl/Documents/Repository/sca-2026/lib/crypto_kem/hqc128/pqclean/reed_solomon.c ****             X_sigma_p[i] = (mask12 & sigma_copy[i - 1]) ^ (~mask12 & X_sigma_p[i - 1]);
 681              		.loc 1 126 31 discriminator 1 view .LVU227
 127:/home/pacl/Documents/Repository/sca-2026/lib/crypto_kem/hqc128/pqclean/reed_solomon.c ****         }
 682              		.loc 1 127 13 view .LVU228
 127:/home/pacl/Documents/Repository/sca-2026/lib/crypto_kem/hqc128/pqclean/reed_solomon.c ****         }
 683              		.loc 1 127 57 is_stmt 0 view .LVU229
 684 0264 BDF87230 		ldrh	r3, [sp, #114]
 685 0268 0698     		ldr	r0, [sp, #24]
 686 026a 1340     		ands	r3, r3, r2
 687 026c 4340     		eors	r3, r3, r0
 127:/home/pacl/Documents/Repository/sca-2026/lib/crypto_kem/hqc128/pqclean/reed_solomon.c ****         }
 688              		.loc 1 127 26 view .LVU230
 689 026e ADF8AC32 		strh	r3, [sp, #684]	@ movhi
 126:/home/pacl/Documents/Repository/sca-2026/lib/crypto_kem/hqc128/pqclean/reed_solomon.c ****             X_sigma_p[i] = (mask12 & sigma_copy[i - 1]) ^ (~mask12 & X_sigma_p[i - 1]);
 690              		.loc 1 126 34 is_stmt 1 discriminator 3 view .LVU231
 691              	.LVL63:
 126:/home/pacl/Documents/Repository/sca-2026/lib/crypto_kem/hqc128/pqclean/reed_solomon.c ****             X_sigma_p[i] = (mask12 & sigma_copy[i - 1]) ^ (~mask12 & X_sigma_p[i - 1]);
 692              		.loc 1 126 31 discriminator 1 view .LVU232
 127:/home/pacl/Documents/Repository/sca-2026/lib/crypto_kem/hqc128/pqclean/reed_solomon.c ****         }
 693              		.loc 1 127 13 view .LVU233
 127:/home/pacl/Documents/Repository/sca-2026/lib/crypto_kem/hqc128/pqclean/reed_solomon.c ****         }
 694              		.loc 1 127 57 is_stmt 0 view .LVU234
 695 0272 BDF87030 		ldrh	r3, [sp, #112]
 696 0276 0798     		ldr	r0, [sp, #28]
 697 0278 1340     		ands	r3, r3, r2
 698 027a 4340     		eors	r3, r3, r0
 127:/home/pacl/Documents/Repository/sca-2026/lib/crypto_kem/hqc128/pqclean/reed_solomon.c ****         }
 699              		.loc 1 127 26 view .LVU235
 700 027c ADF8AA32 		strh	r3, [sp, #682]	@ movhi
 126:/home/pacl/Documents/Repository/sca-2026/lib/crypto_kem/hqc128/pqclean/reed_solomon.c ****             X_sigma_p[i] = (mask12 & sigma_copy[i - 1]) ^ (~mask12 & X_sigma_p[i - 1]);
 701              		.loc 1 126 34 is_stmt 1 discriminator 3 view .LVU236
 702              	.LVL64:
 126:/home/pacl/Documents/Repository/sca-2026/lib/crypto_kem/hqc128/pqclean/reed_solomon.c ****             X_sigma_p[i] = (mask12 & sigma_copy[i - 1]) ^ (~mask12 & X_sigma_p[i - 1]);
 703              		.loc 1 126 31 discriminator 1 view .LVU237
 127:/home/pacl/Documents/Repository/sca-2026/lib/crypto_kem/hqc128/pqclean/reed_solomon.c ****         }
 704              		.loc 1 127 13 view .LVU238
 127:/home/pacl/Documents/Repository/sca-2026/lib/crypto_kem/hqc128/pqclean/reed_solomon.c ****         }
 705              		.loc 1 127 57 is_stmt 0 view .LVU239
 706 0280 BDF86E30 		ldrh	r3, [sp, #110]
 707 0284 0898     		ldr	r0, [sp, #32]
 708 0286 1340     		ands	r3, r3, r2
 709 0288 4340     		eors	r3, r3, r0
 127:/home/pacl/Documents/Repository/sca-2026/lib/crypto_kem/hqc128/pqclean/reed_solomon.c ****         }
 710              		.loc 1 127 26 view .LVU240
 711 028a ADF8A832 		strh	r3, [sp, #680]	@ movhi
 126:/home/pacl/Documents/Repository/sca-2026/lib/crypto_kem/hqc128/pqclean/reed_solomon.c ****             X_sigma_p[i] = (mask12 & sigma_copy[i - 1]) ^ (~mask12 & X_sigma_p[i - 1]);
 712              		.loc 1 126 34 is_stmt 1 discriminator 3 view .LVU241
 713              	.LVL65:
 126:/home/pacl/Documents/Repository/sca-2026/lib/crypto_kem/hqc128/pqclean/reed_solomon.c ****             X_sigma_p[i] = (mask12 & sigma_copy[i - 1]) ^ (~mask12 & X_sigma_p[i - 1]);
 714              		.loc 1 126 31 discriminator 1 view .LVU242
 127:/home/pacl/Documents/Repository/sca-2026/lib/crypto_kem/hqc128/pqclean/reed_solomon.c ****         }
 715              		.loc 1 127 13 view .LVU243
 127:/home/pacl/Documents/Repository/sca-2026/lib/crypto_kem/hqc128/pqclean/reed_solomon.c ****         }
 716              		.loc 1 127 57 is_stmt 0 view .LVU244
 717 028e BDF86C30 		ldrh	r3, [sp, #108]
 718 0292 1340     		ands	r3, r3, r2
 719 0294 83EA0B03 		eor	r3, r3, fp
 127:/home/pacl/Documents/Repository/sca-2026/lib/crypto_kem/hqc128/pqclean/reed_solomon.c ****         }
 720              		.loc 1 127 26 view .LVU245
 721 0298 ADF8A632 		strh	r3, [sp, #678]	@ movhi
 126:/home/pacl/Documents/Repository/sca-2026/lib/crypto_kem/hqc128/pqclean/reed_solomon.c ****             X_sigma_p[i] = (mask12 & sigma_copy[i - 1]) ^ (~mask12 & X_sigma_p[i - 1]);
 722              		.loc 1 126 34 is_stmt 1 discriminator 3 view .LVU246
 723              	.LVL66:
 126:/home/pacl/Documents/Repository/sca-2026/lib/crypto_kem/hqc128/pqclean/reed_solomon.c ****             X_sigma_p[i] = (mask12 & sigma_copy[i - 1]) ^ (~mask12 & X_sigma_p[i - 1]);
 724              		.loc 1 126 31 discriminator 1 view .LVU247
 127:/home/pacl/Documents/Repository/sca-2026/lib/crypto_kem/hqc128/pqclean/reed_solomon.c ****         }
 725              		.loc 1 127 13 view .LVU248
 127:/home/pacl/Documents/Repository/sca-2026/lib/crypto_kem/hqc128/pqclean/reed_solomon.c ****         }
 726              		.loc 1 127 57 is_stmt 0 view .LVU249
 727 029c BDF86A30 		ldrh	r3, [sp, #106]
 728 02a0 1340     		ands	r3, r3, r2
 729 02a2 4B40     		eors	r3, r3, r1
 127:/home/pacl/Documents/Repository/sca-2026/lib/crypto_kem/hqc128/pqclean/reed_solomon.c ****         }
 730              		.loc 1 127 26 view .LVU250
 731 02a4 ADF8A432 		strh	r3, [sp, #676]	@ movhi
 126:/home/pacl/Documents/Repository/sca-2026/lib/crypto_kem/hqc128/pqclean/reed_solomon.c ****             X_sigma_p[i] = (mask12 & sigma_copy[i - 1]) ^ (~mask12 & X_sigma_p[i - 1]);
 732              		.loc 1 126 34 is_stmt 1 discriminator 3 view .LVU251
 733              	.LVL67:
 126:/home/pacl/Documents/Repository/sca-2026/lib/crypto_kem/hqc128/pqclean/reed_solomon.c ****             X_sigma_p[i] = (mask12 & sigma_copy[i - 1]) ^ (~mask12 & X_sigma_p[i - 1]);
 734              		.loc 1 126 31 discriminator 1 view .LVU252
 127:/home/pacl/Documents/Repository/sca-2026/lib/crypto_kem/hqc128/pqclean/reed_solomon.c ****         }
 735              		.loc 1 127 13 view .LVU253
 127:/home/pacl/Documents/Repository/sca-2026/lib/crypto_kem/hqc128/pqclean/reed_solomon.c ****         }
 736              		.loc 1 127 57 is_stmt 0 view .LVU254
 737 02a8 BDF86830 		ldrh	r3, [sp, #104]
 738 02ac 1340     		ands	r3, r3, r2
 739 02ae 0593     		str	r3, [sp, #20]
 127:/home/pacl/Documents/Repository/sca-2026/lib/crypto_kem/hqc128/pqclean/reed_solomon.c ****         }
 740              		.loc 1 127 26 view .LVU255
 741 02b0 ADF8A232 		strh	r3, [sp, #674]	@ movhi
 126:/home/pacl/Documents/Repository/sca-2026/lib/crypto_kem/hqc128/pqclean/reed_solomon.c ****             X_sigma_p[i] = (mask12 & sigma_copy[i - 1]) ^ (~mask12 & X_sigma_p[i - 1]);
 742              		.loc 1 126 34 is_stmt 1 discriminator 3 view .LVU256
 743              	.LVL68:
 126:/home/pacl/Documents/Repository/sca-2026/lib/crypto_kem/hqc128/pqclean/reed_solomon.c ****             X_sigma_p[i] = (mask12 & sigma_copy[i - 1]) ^ (~mask12 & X_sigma_p[i - 1]);
 744              		.loc 1 126 31 discriminator 1 view .LVU257
 130:/home/pacl/Documents/Repository/sca-2026/lib/crypto_kem/hqc128/pqclean/reed_solomon.c ****         d = syndromes[mu + 1];
 745              		.loc 1 130 9 view .LVU258
 131:/home/pacl/Documents/Repository/sca-2026/lib/crypto_kem/hqc128/pqclean/reed_solomon.c **** 
 746              		.loc 1 131 9 view .LVU259
 133:/home/pacl/Documents/Repository/sca-2026/lib/crypto_kem/hqc128/pqclean/reed_solomon.c ****             d ^= PQCLEAN_HQC128_CLEAN_gf_mul(sigma[i], syndromes[mu + 1 - i]);
 747              		.loc 1 133 9 view .LVU260
 133:/home/pacl/Documents/Repository/sca-2026/lib/crypto_kem/hqc128/pqclean/reed_solomon.c ****             d ^= PQCLEAN_HQC128_CLEAN_gf_mul(sigma[i], syndromes[mu + 1 - i]);
 748              		.loc 1 133 35 discriminator 1 view .LVU261
 749              	.L21:
 134:/home/pacl/Documents/Repository/sca-2026/lib/crypto_kem/hqc128/pqclean/reed_solomon.c ****         }
 750              		.loc 1 134 13 view .LVU262
 134:/home/pacl/Documents/Repository/sca-2026/lib/crypto_kem/hqc128/pqclean/reed_solomon.c ****         }
 751              		.loc 1 134 18 is_stmt 0 view .LVU263
 752 02b4 2988     		ldrh	r1, [r5]
 753 02b6 34F8020F 		ldrh	r0, [r4, #2]!
 754              	.LVL69:
 134:/home/pacl/Documents/Repository/sca-2026/lib/crypto_kem/hqc128/pqclean/reed_solomon.c ****         }
 755              		.loc 1 134 18 view .LVU264
 756 02ba FFF7FEFF 		bl	PQCLEAN_HQC128_CLEAN_gf_mul
 757              	.LVL70:
 133:/home/pacl/Documents/Repository/sca-2026/lib/crypto_kem/hqc128/pqclean/reed_solomon.c ****             d ^= PQCLEAN_HQC128_CLEAN_gf_mul(sigma[i], syndromes[mu + 1 - i]);
 758              		.loc 1 133 35 discriminator 1 view .LVU265
 759 02be 5545     		cmp	r5, r10
 134:/home/pacl/Documents/Repository/sca-2026/lib/crypto_kem/hqc128/pqclean/reed_solomon.c ****         }
 760              		.loc 1 134 15 discriminator 1 view .LVU266
 761 02c0 87EA0007 		eor	r7, r7, r0
 762              	.LVL71:
 134:/home/pacl/Documents/Repository/sca-2026/lib/crypto_kem/hqc128/pqclean/reed_solomon.c ****         }
 763              		.loc 1 134 15 discriminator 1 view .LVU267
 764 02c4 BFB2     		uxth	r7, r7
 765              	.LVL72:
 133:/home/pacl/Documents/Repository/sca-2026/lib/crypto_kem/hqc128/pqclean/reed_solomon.c ****             d ^= PQCLEAN_HQC128_CLEAN_gf_mul(sigma[i], syndromes[mu + 1 - i]);
 766              		.loc 1 133 58 is_stmt 1 discriminator 4 view .LVU268
 133:/home/pacl/Documents/Repository/sca-2026/lib/crypto_kem/hqc128/pqclean/reed_solomon.c ****             d ^= PQCLEAN_HQC128_CLEAN_gf_mul(sigma[i], syndromes[mu + 1 - i]);
 767              		.loc 1 133 35 discriminator 1 view .LVU269
 768 02c6 A5F10205 		sub	r5, r5, #2
 769 02ca 01D0     		beq	.L20
 133:/home/pacl/Documents/Repository/sca-2026/lib/crypto_kem/hqc128/pqclean/reed_solomon.c ****             d ^= PQCLEAN_HQC128_CLEAN_gf_mul(sigma[i], syndromes[mu + 1 - i]);
 770              		.loc 1 133 35 is_stmt 0 discriminator 3 view .LVU270
 771 02cc 4C45     		cmp	r4, r9
 772 02ce F1D1     		bne	.L21
 773              	.L20:
 774 02d0 039B     		ldr	r3, [sp, #12]
 131:/home/pacl/Documents/Repository/sca-2026/lib/crypto_kem/hqc128/pqclean/reed_solomon.c **** 
 775              		.loc 1 131 11 view .LVU271
 776 02d2 DDF828B0 		ldr	fp, [sp, #40]
 777 02d6 0233     		adds	r3, r3, #2
 778 02d8 0393     		str	r3, [sp, #12]
 779 02da 019B     		ldr	r3, [sp, #4]
 780 02dc 0133     		adds	r3, r3, #1
 781 02de 0193     		str	r3, [sp, #4]
 782 02e0 08F10208 		add	r8, r8, #2
 783 02e4 F0E6     		b	.L16
 784              	.L44:
 785 02e6 00BF     		.align	2
 786              	.L43:
 787 02e8 3E000000 		.word	.LANCHOR0+62
 788              	.LVL73:
 789              	.L19:
 138:/home/pacl/Documents/Repository/sca-2026/lib/crypto_kem/hqc128/pqclean/reed_solomon.c **** }
 790              		.loc 1 138 5 is_stmt 1 view .LVU272
 138:/home/pacl/Documents/Repository/sca-2026/lib/crypto_kem/hqc128/pqclean/reed_solomon.c **** }
 791              		.loc 1 138 5 is_stmt 0 view .LVU273
 792              	.LBE38:
 793              	.LBE37:
 304:/home/pacl/Documents/Repository/sca-2026/lib/crypto_kem/hqc128/pqclean/reed_solomon.c **** 
 305:/home/pacl/Documents/Repository/sca-2026/lib/crypto_kem/hqc128/pqclean/reed_solomon.c ****     // Compute the error polynomial error
 306:/home/pacl/Documents/Repository/sca-2026/lib/crypto_kem/hqc128/pqclean/reed_solomon.c ****     compute_roots(error, sigma);
 794              		.loc 1 306 5 is_stmt 1 view .LVU274
 795              	.LBB39:
 796              	.LBI39:
 150:/home/pacl/Documents/Repository/sca-2026/lib/crypto_kem/hqc128/pqclean/reed_solomon.c ****     uint16_t w[1 << PARAM_M] = {0};
 797              		.loc 1 150 13 view .LVU275
 798              	.LBB40:
 151:/home/pacl/Documents/Repository/sca-2026/lib/crypto_kem/hqc128/pqclean/reed_solomon.c **** 
 799              		.loc 1 151 5 view .LVU276
 151:/home/pacl/Documents/Repository/sca-2026/lib/crypto_kem/hqc128/pqclean/reed_solomon.c **** 
 800              		.loc 1 151 14 is_stmt 0 view .LVU277
 801 02ec 4FF40072 		mov	r2, #512
 802 02f0 0021     		movs	r1, #0
 803 02f2 A8A8     		add	r0, sp, #672
 804 02f4 0C9C     		ldr	r4, [sp, #48]
 805              	.LVL74:
 151:/home/pacl/Documents/Repository/sca-2026/lib/crypto_kem/hqc128/pqclean/reed_solomon.c **** 
 806              		.loc 1 151 14 view .LVU278
 807 02f6 FFF7FEFF 		bl	memset
 808              	.LVL75:
 153:/home/pacl/Documents/Repository/sca-2026/lib/crypto_kem/hqc128/pqclean/reed_solomon.c ****     PQCLEAN_HQC128_CLEAN_fft_retrieve_error_poly(error, w);
 809              		.loc 1 153 5 is_stmt 1 view .LVU279
 810 02fa 1022     		movs	r2, #16
 811 02fc 23A9     		add	r1, sp, #140
 812              	.LVL76:
 153:/home/pacl/Documents/Repository/sca-2026/lib/crypto_kem/hqc128/pqclean/reed_solomon.c ****     PQCLEAN_HQC128_CLEAN_fft_retrieve_error_poly(error, w);
 813              		.loc 1 153 5 is_stmt 0 view .LVU280
 814 02fe A8A8     		add	r0, sp, #672
 815 0300 FFF7FEFF 		bl	PQCLEAN_HQC128_CLEAN_fft
 816              	.LVL77:
 154:/home/pacl/Documents/Repository/sca-2026/lib/crypto_kem/hqc128/pqclean/reed_solomon.c **** }
 817              		.loc 1 154 5 is_stmt 1 view .LVU281
 818 0304 A8A9     		add	r1, sp, #672
 819 0306 68A8     		add	r0, sp, #416
 820              	.LVL78:
 154:/home/pacl/Documents/Repository/sca-2026/lib/crypto_kem/hqc128/pqclean/reed_solomon.c **** }
 821              		.loc 1 154 5 is_stmt 0 view .LVU282
 822 0308 FFF7FEFF 		bl	PQCLEAN_HQC128_CLEAN_fft_retrieve_error_poly
 823              	.LVL79:
 154:/home/pacl/Documents/Repository/sca-2026/lib/crypto_kem/hqc128/pqclean/reed_solomon.c **** }
 824              		.loc 1 154 5 view .LVU283
 825              	.LBE40:
 826              	.LBE39:
 307:/home/pacl/Documents/Repository/sca-2026/lib/crypto_kem/hqc128/pqclean/reed_solomon.c **** 
 308:/home/pacl/Documents/Repository/sca-2026/lib/crypto_kem/hqc128/pqclean/reed_solomon.c ****     // Compute the polynomial z(x)
 309:/home/pacl/Documents/Repository/sca-2026/lib/crypto_kem/hqc128/pqclean/reed_solomon.c ****     compute_z_poly(z, sigma, deg, syndromes);
 827              		.loc 1 309 5 is_stmt 1 view .LVU284
 828              	.LBB41:
 829              	.LBI41:
 167:/home/pacl/Documents/Repository/sca-2026/lib/crypto_kem/hqc128/pqclean/reed_solomon.c ****     size_t i, j;
 830              		.loc 1 167 13 view .LVU285
 831              	.LBB42:
 168:/home/pacl/Documents/Repository/sca-2026/lib/crypto_kem/hqc128/pqclean/reed_solomon.c ****     uint16_t mask;
 832              		.loc 1 168 5 view .LVU286
 169:/home/pacl/Documents/Repository/sca-2026/lib/crypto_kem/hqc128/pqclean/reed_solomon.c **** 
 833              		.loc 1 169 5 view .LVU287
 171:/home/pacl/Documents/Repository/sca-2026/lib/crypto_kem/hqc128/pqclean/reed_solomon.c **** 
 834              		.loc 1 171 5 view .LVU288
 174:/home/pacl/Documents/Repository/sca-2026/lib/crypto_kem/hqc128/pqclean/reed_solomon.c ****         z[i] = mask & sigma[i];
 835              		.loc 1 174 18 is_stmt 0 view .LVU289
 836 030c 0A99     		ldr	r1, [sp, #40]
 175:/home/pacl/Documents/Repository/sca-2026/lib/crypto_kem/hqc128/pqclean/reed_solomon.c ****     }
 837              		.loc 1 175 14 view .LVU290
 838 030e BDF88E20 		ldrh	r2, [sp, #142]
 839 0312 BDF8AA00 		ldrh	r0, [sp, #170]
 840 0316 BDF892C0 		ldrh	ip, [sp, #146]
 841 031a ADF80C00 		strh	r0, [sp, #12]	@ movhi
 171:/home/pacl/Documents/Repository/sca-2026/lib/crypto_kem/hqc128/pqclean/reed_solomon.c **** 
 842              		.loc 1 171 10 view .LVU291
 843 031e 0123     		movs	r3, #1
 844 0320 ADF8E830 		strh	r3, [sp, #232]	@ movhi
 173:/home/pacl/Documents/Repository/sca-2026/lib/crypto_kem/hqc128/pqclean/reed_solomon.c ****         mask = -((uint16_t) (i - degree - 1) >> 15);
 845              		.loc 1 173 5 is_stmt 1 view .LVU292
 846              	.LVL80:
 173:/home/pacl/Documents/Repository/sca-2026/lib/crypto_kem/hqc128/pqclean/reed_solomon.c ****         mask = -((uint16_t) (i - degree - 1) >> 15);
 847              		.loc 1 173 19 discriminator 1 view .LVU293
 174:/home/pacl/Documents/Repository/sca-2026/lib/crypto_kem/hqc128/pqclean/reed_solomon.c ****         z[i] = mask & sigma[i];
 848              		.loc 1 174 9 view .LVU294
 174:/home/pacl/Documents/Repository/sca-2026/lib/crypto_kem/hqc128/pqclean/reed_solomon.c ****         z[i] = mask & sigma[i];
 849              		.loc 1 174 18 is_stmt 0 view .LVU295
 850 0324 4B42     		rsbs	r3, r1, #0
 174:/home/pacl/Documents/Repository/sca-2026/lib/crypto_kem/hqc128/pqclean/reed_solomon.c ****         z[i] = mask & sigma[i];
 851              		.loc 1 174 14 view .LVU296
 852 0326 43F3C033 		sbfx	r3, r3, #15, #1
 175:/home/pacl/Documents/Repository/sca-2026/lib/crypto_kem/hqc128/pqclean/reed_solomon.c ****     }
 853              		.loc 1 175 14 view .LVU297
 854 032a 1340     		ands	r3, r3, r2
 855 032c 0A46     		mov	r2, r1
 174:/home/pacl/Documents/Repository/sca-2026/lib/crypto_kem/hqc128/pqclean/reed_solomon.c ****         z[i] = mask & sigma[i];
 856              		.loc 1 174 14 view .LVU298
 857 032e 1046     		mov	r0, r2
 858 0330 C2F10202 		rsb	r2, r2, #2
 859 0334 42F3C032 		sbfx	r2, r2, #15, #1
 175:/home/pacl/Documents/Repository/sca-2026/lib/crypto_kem/hqc128/pqclean/reed_solomon.c ****     }
 860              		.loc 1 175 14 view .LVU299
 861 0338 02EA0C02 		and	r2, r2, ip
 862 033c BDF89470 		ldrh	r7, [sp, #148]
 863              	.LVL81:
 175:/home/pacl/Documents/Repository/sca-2026/lib/crypto_kem/hqc128/pqclean/reed_solomon.c ****     }
 864              		.loc 1 175 14 view .LVU300
 865 0340 ADF8EE20 		strh	r2, [sp, #238]	@ movhi
 174:/home/pacl/Documents/Repository/sca-2026/lib/crypto_kem/hqc128/pqclean/reed_solomon.c ****         z[i] = mask & sigma[i];
 866              		.loc 1 174 14 view .LVU301
 867 0344 C0F10302 		rsb	r2, r0, #3
 868 0348 42F3C032 		sbfx	r2, r2, #15, #1
 175:/home/pacl/Documents/Repository/sca-2026/lib/crypto_kem/hqc128/pqclean/reed_solomon.c ****     }
 869              		.loc 1 175 14 view .LVU302
 870 034c 3A40     		ands	r2, r2, r7
 871 034e BDF89660 		ldrh	r6, [sp, #150]
 872 0352 ADF8F020 		strh	r2, [sp, #240]	@ movhi
 174:/home/pacl/Documents/Repository/sca-2026/lib/crypto_kem/hqc128/pqclean/reed_solomon.c ****         z[i] = mask & sigma[i];
 873              		.loc 1 174 14 view .LVU303
 874 0356 C0F10402 		rsb	r2, r0, #4
 875 035a 42F3C032 		sbfx	r2, r2, #15, #1
 175:/home/pacl/Documents/Repository/sca-2026/lib/crypto_kem/hqc128/pqclean/reed_solomon.c ****     }
 876              		.loc 1 175 14 view .LVU304
 877 035e 3240     		ands	r2, r2, r6
 878 0360 BDF89850 		ldrh	r5, [sp, #152]
 879              	.LVL82:
 175:/home/pacl/Documents/Repository/sca-2026/lib/crypto_kem/hqc128/pqclean/reed_solomon.c ****     }
 880              		.loc 1 175 14 view .LVU305
 881 0364 ADF8F220 		strh	r2, [sp, #242]	@ movhi
 174:/home/pacl/Documents/Repository/sca-2026/lib/crypto_kem/hqc128/pqclean/reed_solomon.c ****         z[i] = mask & sigma[i];
 882              		.loc 1 174 14 view .LVU306
 883 0368 C0F10502 		rsb	r2, r0, #5
 884 036c 42F3C032 		sbfx	r2, r2, #15, #1
 178:/home/pacl/Documents/Repository/sca-2026/lib/crypto_kem/hqc128/pqclean/reed_solomon.c **** 
 885              		.loc 1 178 10 view .LVU307
 886 0370 5C40     		eors	r4, r4, r3
 175:/home/pacl/Documents/Repository/sca-2026/lib/crypto_kem/hqc128/pqclean/reed_solomon.c ****     }
 887              		.loc 1 175 14 view .LVU308
 888 0372 2A40     		ands	r2, r2, r5
 889 0374 C1F10103 		rsb	r3, r1, #1
 178:/home/pacl/Documents/Repository/sca-2026/lib/crypto_kem/hqc128/pqclean/reed_solomon.c **** 
 890              		.loc 1 178 10 view .LVU309
 891 0378 ADF8EA40 		strh	r4, [sp, #234]	@ movhi
 175:/home/pacl/Documents/Repository/sca-2026/lib/crypto_kem/hqc128/pqclean/reed_solomon.c ****     }
 892              		.loc 1 175 14 view .LVU310
 893 037c BDF89010 		ldrh	r1, [sp, #144]
 894 0380 BDF89A40 		ldrh	r4, [sp, #154]
 895 0384 ADF8F420 		strh	r2, [sp, #244]	@ movhi
 174:/home/pacl/Documents/Repository/sca-2026/lib/crypto_kem/hqc128/pqclean/reed_solomon.c ****         z[i] = mask & sigma[i];
 896              		.loc 1 174 14 view .LVU311
 897 0388 C0F10602 		rsb	r2, r0, #6
 175:/home/pacl/Documents/Repository/sca-2026/lib/crypto_kem/hqc128/pqclean/reed_solomon.c ****     }
 898              		.loc 1 175 14 view .LVU312
 899 038c ADF80010 		strh	r1, [sp]	@ movhi
 174:/home/pacl/Documents/Repository/sca-2026/lib/crypto_kem/hqc128/pqclean/reed_solomon.c ****         z[i] = mask & sigma[i];
 900              		.loc 1 174 14 view .LVU313
 901 0390 42F3C032 		sbfx	r2, r2, #15, #1
 175:/home/pacl/Documents/Repository/sca-2026/lib/crypto_kem/hqc128/pqclean/reed_solomon.c ****     }
 902              		.loc 1 175 14 view .LVU314
 903 0394 BDF89C10 		ldrh	r1, [sp, #156]
 904 0398 ADF80410 		strh	r1, [sp, #4]	@ movhi
 905 039c 2240     		ands	r2, r2, r4
 906 039e ADF8F620 		strh	r2, [sp, #246]	@ movhi
 907 03a2 019C     		ldr	r4, [sp, #4]
 908 03a4 BDF89E10 		ldrh	r1, [sp, #158]
 909 03a8 BDF8A0E0 		ldrh	lr, [sp, #160]
 910 03ac BDF8A280 		ldrh	r8, [sp, #162]
 911 03b0 BDF8A490 		ldrh	r9, [sp, #164]
 912 03b4 BDF8A6B0 		ldrh	fp, [sp, #166]
 913              	.LVL83:
 175:/home/pacl/Documents/Repository/sca-2026/lib/crypto_kem/hqc128/pqclean/reed_solomon.c ****     }
 914              		.loc 1 175 14 view .LVU315
 915 03b8 ADF808B0 		strh	fp, [sp, #8]	@ movhi
 174:/home/pacl/Documents/Repository/sca-2026/lib/crypto_kem/hqc128/pqclean/reed_solomon.c ****         z[i] = mask & sigma[i];
 916              		.loc 1 174 14 view .LVU316
 917 03bc C0F10702 		rsb	r2, r0, #7
 918 03c0 42F3C032 		sbfx	r2, r2, #15, #1
 175:/home/pacl/Documents/Repository/sca-2026/lib/crypto_kem/hqc128/pqclean/reed_solomon.c ****     }
 919              		.loc 1 175 14 view .LVU317
 920 03c4 2240     		ands	r2, r2, r4
 921 03c6 ADF8F820 		strh	r2, [sp, #248]	@ movhi
 174:/home/pacl/Documents/Repository/sca-2026/lib/crypto_kem/hqc128/pqclean/reed_solomon.c ****         z[i] = mask & sigma[i];
 922              		.loc 1 174 14 view .LVU318
 923 03ca C0F10802 		rsb	r2, r0, #8
 924 03ce 42F3C032 		sbfx	r2, r2, #15, #1
 175:/home/pacl/Documents/Repository/sca-2026/lib/crypto_kem/hqc128/pqclean/reed_solomon.c ****     }
 925              		.loc 1 175 14 view .LVU319
 926 03d2 0A40     		ands	r2, r2, r1
 927 03d4 ADF8FA20 		strh	r2, [sp, #250]	@ movhi
 174:/home/pacl/Documents/Repository/sca-2026/lib/crypto_kem/hqc128/pqclean/reed_solomon.c ****         z[i] = mask & sigma[i];
 928              		.loc 1 174 14 view .LVU320
 929 03d8 C0F10902 		rsb	r2, r0, #9
 930 03dc 42F3C032 		sbfx	r2, r2, #15, #1
 175:/home/pacl/Documents/Repository/sca-2026/lib/crypto_kem/hqc128/pqclean/reed_solomon.c ****     }
 931              		.loc 1 175 14 view .LVU321
 932 03e0 02EA0E02 		and	r2, r2, lr
 933 03e4 ADF8FC20 		strh	r2, [sp, #252]	@ movhi
 174:/home/pacl/Documents/Repository/sca-2026/lib/crypto_kem/hqc128/pqclean/reed_solomon.c ****         z[i] = mask & sigma[i];
 934              		.loc 1 174 14 view .LVU322
 935 03e8 C0F10A02 		rsb	r2, r0, #10
 936 03ec 42F3C032 		sbfx	r2, r2, #15, #1
 175:/home/pacl/Documents/Repository/sca-2026/lib/crypto_kem/hqc128/pqclean/reed_solomon.c ****     }
 937              		.loc 1 175 14 view .LVU323
 938 03f0 02EA0802 		and	r2, r2, r8
 939 03f4 ADF8FE20 		strh	r2, [sp, #254]	@ movhi
 174:/home/pacl/Documents/Repository/sca-2026/lib/crypto_kem/hqc128/pqclean/reed_solomon.c ****         z[i] = mask & sigma[i];
 940              		.loc 1 174 14 view .LVU324
 941 03f8 C0F10B02 		rsb	r2, r0, #11
 942 03fc 42F3C032 		sbfx	r2, r2, #15, #1
 175:/home/pacl/Documents/Repository/sca-2026/lib/crypto_kem/hqc128/pqclean/reed_solomon.c ****     }
 943              		.loc 1 175 14 view .LVU325
 944 0400 02EA0902 		and	r2, r2, r9
 945 0404 BDF8A8B0 		ldrh	fp, [sp, #168]
 946 0408 ADF80021 		strh	r2, [sp, #256]	@ movhi
 947 040c 0299     		ldr	r1, [sp, #8]
 174:/home/pacl/Documents/Repository/sca-2026/lib/crypto_kem/hqc128/pqclean/reed_solomon.c ****         z[i] = mask & sigma[i];
 948              		.loc 1 174 14 view .LVU326
 949 040e C0F10C02 		rsb	r2, r0, #12
 950 0412 42F3C032 		sbfx	r2, r2, #15, #1
 175:/home/pacl/Documents/Repository/sca-2026/lib/crypto_kem/hqc128/pqclean/reed_solomon.c ****     }
 951              		.loc 1 175 14 view .LVU327
 952 0416 0A40     		ands	r2, r2, r1
 174:/home/pacl/Documents/Repository/sca-2026/lib/crypto_kem/hqc128/pqclean/reed_solomon.c ****         z[i] = mask & sigma[i];
 953              		.loc 1 174 14 view .LVU328
 954 0418 C0F10D01 		rsb	r1, r0, #13
 955 041c 41F3C031 		sbfx	r1, r1, #15, #1
 175:/home/pacl/Documents/Repository/sca-2026/lib/crypto_kem/hqc128/pqclean/reed_solomon.c ****     }
 956              		.loc 1 175 14 view .LVU329
 957 0420 01EA0B01 		and	r1, r1, fp
 958 0424 ADF80221 		strh	r2, [sp, #258]	@ movhi
 959 0428 ADF80411 		strh	r1, [sp, #260]	@ movhi
 174:/home/pacl/Documents/Repository/sca-2026/lib/crypto_kem/hqc128/pqclean/reed_solomon.c ****         z[i] = mask & sigma[i];
 960              		.loc 1 174 14 view .LVU330
 961 042c C0F10E02 		rsb	r2, r0, #14
 175:/home/pacl/Documents/Repository/sca-2026/lib/crypto_kem/hqc128/pqclean/reed_solomon.c ****     }
 962              		.loc 1 175 14 view .LVU331
 963 0430 0399     		ldr	r1, [sp, #12]
 174:/home/pacl/Documents/Repository/sca-2026/lib/crypto_kem/hqc128/pqclean/reed_solomon.c ****         z[i] = mask & sigma[i];
 964              		.loc 1 174 14 view .LVU332
 965 0432 42F3C032 		sbfx	r2, r2, #15, #1
 175:/home/pacl/Documents/Repository/sca-2026/lib/crypto_kem/hqc128/pqclean/reed_solomon.c ****     }
 966              		.loc 1 175 14 view .LVU333
 967 0436 0A40     		ands	r2, r2, r1
 968 0438 0099     		ldr	r1, [sp]
 969 043a ADF80621 		strh	r2, [sp, #262]	@ movhi
 174:/home/pacl/Documents/Repository/sca-2026/lib/crypto_kem/hqc128/pqclean/reed_solomon.c ****         z[i] = mask & sigma[i];
 970              		.loc 1 174 14 view .LVU334
 971 043e 43F3C032 		sbfx	r2, r3, #15, #1
 175:/home/pacl/Documents/Repository/sca-2026/lib/crypto_kem/hqc128/pqclean/reed_solomon.c ****     }
 972              		.loc 1 175 14 view .LVU335
 973 0442 0A40     		ands	r2, r2, r1
 974 0444 1FFA83F8 		uxth	r8, r3
 975              	.LVL84:
 175:/home/pacl/Documents/Repository/sca-2026/lib/crypto_kem/hqc128/pqclean/reed_solomon.c ****     }
 976              		.loc 1 175 9 is_stmt 1 view .LVU336
 173:/home/pacl/Documents/Repository/sca-2026/lib/crypto_kem/hqc128/pqclean/reed_solomon.c ****         mask = -((uint16_t) (i - degree - 1) >> 15);
 977              		.loc 1 173 38 discriminator 3 view .LVU337
 173:/home/pacl/Documents/Repository/sca-2026/lib/crypto_kem/hqc128/pqclean/reed_solomon.c ****         mask = -((uint16_t) (i - degree - 1) >> 15);
 978              		.loc 1 173 19 discriminator 1 view .LVU338
 174:/home/pacl/Documents/Repository/sca-2026/lib/crypto_kem/hqc128/pqclean/reed_solomon.c ****         z[i] = mask & sigma[i];
 979              		.loc 1 174 9 view .LVU339
 175:/home/pacl/Documents/Repository/sca-2026/lib/crypto_kem/hqc128/pqclean/reed_solomon.c ****     }
 980              		.loc 1 175 9 view .LVU340
 173:/home/pacl/Documents/Repository/sca-2026/lib/crypto_kem/hqc128/pqclean/reed_solomon.c ****         mask = -((uint16_t) (i - degree - 1) >> 15);
 981              		.loc 1 173 38 discriminator 3 view .LVU341
 173:/home/pacl/Documents/Repository/sca-2026/lib/crypto_kem/hqc128/pqclean/reed_solomon.c ****         mask = -((uint16_t) (i - degree - 1) >> 15);
 982              		.loc 1 173 19 discriminator 1 view .LVU342
 174:/home/pacl/Documents/Repository/sca-2026/lib/crypto_kem/hqc128/pqclean/reed_solomon.c ****         z[i] = mask & sigma[i];
 983              		.loc 1 174 9 view .LVU343
 175:/home/pacl/Documents/Repository/sca-2026/lib/crypto_kem/hqc128/pqclean/reed_solomon.c ****     }
 984              		.loc 1 175 9 view .LVU344
 173:/home/pacl/Documents/Repository/sca-2026/lib/crypto_kem/hqc128/pqclean/reed_solomon.c ****         mask = -((uint16_t) (i - degree - 1) >> 15);
 985              		.loc 1 173 38 discriminator 3 view .LVU345
 173:/home/pacl/Documents/Repository/sca-2026/lib/crypto_kem/hqc128/pqclean/reed_solomon.c ****         mask = -((uint16_t) (i - degree - 1) >> 15);
 986              		.loc 1 173 19 discriminator 1 view .LVU346
 174:/home/pacl/Documents/Repository/sca-2026/lib/crypto_kem/hqc128/pqclean/reed_solomon.c ****         z[i] = mask & sigma[i];
 987              		.loc 1 174 9 view .LVU347
 175:/home/pacl/Documents/Repository/sca-2026/lib/crypto_kem/hqc128/pqclean/reed_solomon.c ****     }
 988              		.loc 1 175 9 view .LVU348
 173:/home/pacl/Documents/Repository/sca-2026/lib/crypto_kem/hqc128/pqclean/reed_solomon.c ****         mask = -((uint16_t) (i - degree - 1) >> 15);
 989              		.loc 1 173 38 discriminator 3 view .LVU349
 173:/home/pacl/Documents/Repository/sca-2026/lib/crypto_kem/hqc128/pqclean/reed_solomon.c ****         mask = -((uint16_t) (i - degree - 1) >> 15);
 990              		.loc 1 173 19 discriminator 1 view .LVU350
 174:/home/pacl/Documents/Repository/sca-2026/lib/crypto_kem/hqc128/pqclean/reed_solomon.c ****         z[i] = mask & sigma[i];
 991              		.loc 1 174 9 view .LVU351
 175:/home/pacl/Documents/Repository/sca-2026/lib/crypto_kem/hqc128/pqclean/reed_solomon.c ****     }
 992              		.loc 1 175 9 view .LVU352
 173:/home/pacl/Documents/Repository/sca-2026/lib/crypto_kem/hqc128/pqclean/reed_solomon.c ****         mask = -((uint16_t) (i - degree - 1) >> 15);
 993              		.loc 1 173 38 discriminator 3 view .LVU353
 173:/home/pacl/Documents/Repository/sca-2026/lib/crypto_kem/hqc128/pqclean/reed_solomon.c ****         mask = -((uint16_t) (i - degree - 1) >> 15);
 994              		.loc 1 173 19 discriminator 1 view .LVU354
 174:/home/pacl/Documents/Repository/sca-2026/lib/crypto_kem/hqc128/pqclean/reed_solomon.c ****         z[i] = mask & sigma[i];
 995              		.loc 1 174 9 view .LVU355
 175:/home/pacl/Documents/Repository/sca-2026/lib/crypto_kem/hqc128/pqclean/reed_solomon.c ****     }
 996              		.loc 1 175 9 view .LVU356
 173:/home/pacl/Documents/Repository/sca-2026/lib/crypto_kem/hqc128/pqclean/reed_solomon.c ****         mask = -((uint16_t) (i - degree - 1) >> 15);
 997              		.loc 1 173 38 discriminator 3 view .LVU357
 173:/home/pacl/Documents/Repository/sca-2026/lib/crypto_kem/hqc128/pqclean/reed_solomon.c ****         mask = -((uint16_t) (i - degree - 1) >> 15);
 998              		.loc 1 173 19 discriminator 1 view .LVU358
 174:/home/pacl/Documents/Repository/sca-2026/lib/crypto_kem/hqc128/pqclean/reed_solomon.c ****         z[i] = mask & sigma[i];
 999              		.loc 1 174 9 view .LVU359
 175:/home/pacl/Documents/Repository/sca-2026/lib/crypto_kem/hqc128/pqclean/reed_solomon.c ****     }
 1000              		.loc 1 175 9 view .LVU360
 173:/home/pacl/Documents/Repository/sca-2026/lib/crypto_kem/hqc128/pqclean/reed_solomon.c ****         mask = -((uint16_t) (i - degree - 1) >> 15);
 1001              		.loc 1 173 38 discriminator 3 view .LVU361
 173:/home/pacl/Documents/Repository/sca-2026/lib/crypto_kem/hqc128/pqclean/reed_solomon.c ****         mask = -((uint16_t) (i - degree - 1) >> 15);
 1002              		.loc 1 173 19 discriminator 1 view .LVU362
 174:/home/pacl/Documents/Repository/sca-2026/lib/crypto_kem/hqc128/pqclean/reed_solomon.c ****         z[i] = mask & sigma[i];
 1003              		.loc 1 174 9 view .LVU363
 175:/home/pacl/Documents/Repository/sca-2026/lib/crypto_kem/hqc128/pqclean/reed_solomon.c ****     }
 1004              		.loc 1 175 9 view .LVU364
 173:/home/pacl/Documents/Repository/sca-2026/lib/crypto_kem/hqc128/pqclean/reed_solomon.c ****         mask = -((uint16_t) (i - degree - 1) >> 15);
 1005              		.loc 1 173 38 discriminator 3 view .LVU365
 173:/home/pacl/Documents/Repository/sca-2026/lib/crypto_kem/hqc128/pqclean/reed_solomon.c ****         mask = -((uint16_t) (i - degree - 1) >> 15);
 1006              		.loc 1 173 19 discriminator 1 view .LVU366
 174:/home/pacl/Documents/Repository/sca-2026/lib/crypto_kem/hqc128/pqclean/reed_solomon.c ****         z[i] = mask & sigma[i];
 1007              		.loc 1 174 9 view .LVU367
 175:/home/pacl/Documents/Repository/sca-2026/lib/crypto_kem/hqc128/pqclean/reed_solomon.c ****     }
 1008              		.loc 1 175 9 view .LVU368
 173:/home/pacl/Documents/Repository/sca-2026/lib/crypto_kem/hqc128/pqclean/reed_solomon.c ****         mask = -((uint16_t) (i - degree - 1) >> 15);
 1009              		.loc 1 173 38 discriminator 3 view .LVU369
 173:/home/pacl/Documents/Repository/sca-2026/lib/crypto_kem/hqc128/pqclean/reed_solomon.c ****         mask = -((uint16_t) (i - degree - 1) >> 15);
 1010              		.loc 1 173 19 discriminator 1 view .LVU370
 174:/home/pacl/Documents/Repository/sca-2026/lib/crypto_kem/hqc128/pqclean/reed_solomon.c ****         z[i] = mask & sigma[i];
 1011              		.loc 1 174 9 view .LVU371
 175:/home/pacl/Documents/Repository/sca-2026/lib/crypto_kem/hqc128/pqclean/reed_solomon.c ****     }
 1012              		.loc 1 175 9 view .LVU372
 173:/home/pacl/Documents/Repository/sca-2026/lib/crypto_kem/hqc128/pqclean/reed_solomon.c ****         mask = -((uint16_t) (i - degree - 1) >> 15);
 1013              		.loc 1 173 38 discriminator 3 view .LVU373
 173:/home/pacl/Documents/Repository/sca-2026/lib/crypto_kem/hqc128/pqclean/reed_solomon.c ****         mask = -((uint16_t) (i - degree - 1) >> 15);
 1014              		.loc 1 173 19 discriminator 1 view .LVU374
 174:/home/pacl/Documents/Repository/sca-2026/lib/crypto_kem/hqc128/pqclean/reed_solomon.c ****         z[i] = mask & sigma[i];
 1015              		.loc 1 174 9 view .LVU375
 175:/home/pacl/Documents/Repository/sca-2026/lib/crypto_kem/hqc128/pqclean/reed_solomon.c ****     }
 1016              		.loc 1 175 9 view .LVU376
 173:/home/pacl/Documents/Repository/sca-2026/lib/crypto_kem/hqc128/pqclean/reed_solomon.c ****         mask = -((uint16_t) (i - degree - 1) >> 15);
 1017              		.loc 1 173 38 discriminator 3 view .LVU377
 173:/home/pacl/Documents/Repository/sca-2026/lib/crypto_kem/hqc128/pqclean/reed_solomon.c ****         mask = -((uint16_t) (i - degree - 1) >> 15);
 1018              		.loc 1 173 19 discriminator 1 view .LVU378
 174:/home/pacl/Documents/Repository/sca-2026/lib/crypto_kem/hqc128/pqclean/reed_solomon.c ****         z[i] = mask & sigma[i];
 1019              		.loc 1 174 9 view .LVU379
 175:/home/pacl/Documents/Repository/sca-2026/lib/crypto_kem/hqc128/pqclean/reed_solomon.c ****     }
 1020              		.loc 1 175 9 view .LVU380
 173:/home/pacl/Documents/Repository/sca-2026/lib/crypto_kem/hqc128/pqclean/reed_solomon.c ****         mask = -((uint16_t) (i - degree - 1) >> 15);
 1021              		.loc 1 173 38 discriminator 3 view .LVU381
 173:/home/pacl/Documents/Repository/sca-2026/lib/crypto_kem/hqc128/pqclean/reed_solomon.c ****         mask = -((uint16_t) (i - degree - 1) >> 15);
 1022              		.loc 1 173 19 discriminator 1 view .LVU382
 174:/home/pacl/Documents/Repository/sca-2026/lib/crypto_kem/hqc128/pqclean/reed_solomon.c ****         z[i] = mask & sigma[i];
 1023              		.loc 1 174 9 view .LVU383
 175:/home/pacl/Documents/Repository/sca-2026/lib/crypto_kem/hqc128/pqclean/reed_solomon.c ****     }
 1024              		.loc 1 175 9 view .LVU384
 173:/home/pacl/Documents/Repository/sca-2026/lib/crypto_kem/hqc128/pqclean/reed_solomon.c ****         mask = -((uint16_t) (i - degree - 1) >> 15);
 1025              		.loc 1 173 38 discriminator 3 view .LVU385
 173:/home/pacl/Documents/Repository/sca-2026/lib/crypto_kem/hqc128/pqclean/reed_solomon.c ****         mask = -((uint16_t) (i - degree - 1) >> 15);
 1026              		.loc 1 173 19 discriminator 1 view .LVU386
 174:/home/pacl/Documents/Repository/sca-2026/lib/crypto_kem/hqc128/pqclean/reed_solomon.c ****         z[i] = mask & sigma[i];
 1027              		.loc 1 174 9 view .LVU387
 175:/home/pacl/Documents/Repository/sca-2026/lib/crypto_kem/hqc128/pqclean/reed_solomon.c ****     }
 1028              		.loc 1 175 9 view .LVU388
 173:/home/pacl/Documents/Repository/sca-2026/lib/crypto_kem/hqc128/pqclean/reed_solomon.c ****         mask = -((uint16_t) (i - degree - 1) >> 15);
 1029              		.loc 1 173 38 discriminator 3 view .LVU389
 173:/home/pacl/Documents/Repository/sca-2026/lib/crypto_kem/hqc128/pqclean/reed_solomon.c ****         mask = -((uint16_t) (i - degree - 1) >> 15);
 1030              		.loc 1 173 19 discriminator 1 view .LVU390
 174:/home/pacl/Documents/Repository/sca-2026/lib/crypto_kem/hqc128/pqclean/reed_solomon.c ****         z[i] = mask & sigma[i];
 1031              		.loc 1 174 9 view .LVU391
 175:/home/pacl/Documents/Repository/sca-2026/lib/crypto_kem/hqc128/pqclean/reed_solomon.c ****     }
 1032              		.loc 1 175 9 view .LVU392
 173:/home/pacl/Documents/Repository/sca-2026/lib/crypto_kem/hqc128/pqclean/reed_solomon.c ****         mask = -((uint16_t) (i - degree - 1) >> 15);
 1033              		.loc 1 173 38 discriminator 3 view .LVU393
 173:/home/pacl/Documents/Repository/sca-2026/lib/crypto_kem/hqc128/pqclean/reed_solomon.c ****         mask = -((uint16_t) (i - degree - 1) >> 15);
 1034              		.loc 1 173 19 discriminator 1 view .LVU394
 178:/home/pacl/Documents/Repository/sca-2026/lib/crypto_kem/hqc128/pqclean/reed_solomon.c **** 
 1035              		.loc 1 178 5 view .LVU395
 180:/home/pacl/Documents/Repository/sca-2026/lib/crypto_kem/hqc128/pqclean/reed_solomon.c ****         mask = -((uint16_t) (i - degree - 1) >> 15);
 1036              		.loc 1 180 5 view .LVU396
 180:/home/pacl/Documents/Repository/sca-2026/lib/crypto_kem/hqc128/pqclean/reed_solomon.c ****         mask = -((uint16_t) (i - degree - 1) >> 15);
 1037              		.loc 1 180 19 discriminator 1 view .LVU397
 175:/home/pacl/Documents/Repository/sca-2026/lib/crypto_kem/hqc128/pqclean/reed_solomon.c ****     }
 1038              		.loc 1 175 14 is_stmt 0 view .LVU398
 1039 0448 ADF8EC20 		strh	r2, [sp, #236]	@ movhi
 174:/home/pacl/Documents/Repository/sca-2026/lib/crypto_kem/hqc128/pqclean/reed_solomon.c ****         z[i] = mask & sigma[i];
 1040              		.loc 1 174 14 view .LVU399
 1041 044c 1BB2     		sxth	r3, r3
 1042 044e 0DF1EA05 		add	r5, sp, #234
 178:/home/pacl/Documents/Repository/sca-2026/lib/crypto_kem/hqc128/pqclean/reed_solomon.c **** 
 1043              		.loc 1 178 10 view .LVU400
 1044 0452 D146     		mov	r9, r10
 1045              	.LVL85:
 1046              	.L23:
 181:/home/pacl/Documents/Repository/sca-2026/lib/crypto_kem/hqc128/pqclean/reed_solomon.c ****         z[i] ^= mask & syndromes[i - 1];
 1047              		.loc 1 181 9 is_stmt 1 view .LVU401
 181:/home/pacl/Documents/Repository/sca-2026/lib/crypto_kem/hqc128/pqclean/reed_solomon.c ****         z[i] ^= mask & syndromes[i - 1];
 1048              		.loc 1 181 14 is_stmt 0 view .LVU402
 1049 0454 DF13     		asrs	r7, r3, #15
 182:/home/pacl/Documents/Repository/sca-2026/lib/crypto_kem/hqc128/pqclean/reed_solomon.c **** 
 1050              		.loc 1 182 14 view .LVU403
 1051 0456 39F8023F 		ldrh	r3, [r9, #2]!
 1052 045a 35F8022F 		ldrh	r2, [r5, #2]!
 181:/home/pacl/Documents/Repository/sca-2026/lib/crypto_kem/hqc128/pqclean/reed_solomon.c ****         z[i] ^= mask & syndromes[i - 1];
 1053              		.loc 1 181 14 view .LVU404
 1054 045e BFB2     		uxth	r7, r7
 1055              	.LVL86:
 182:/home/pacl/Documents/Repository/sca-2026/lib/crypto_kem/hqc128/pqclean/reed_solomon.c **** 
 1056              		.loc 1 182 9 is_stmt 1 view .LVU405
 182:/home/pacl/Documents/Repository/sca-2026/lib/crypto_kem/hqc128/pqclean/reed_solomon.c **** 
 1057              		.loc 1 182 14 is_stmt 0 view .LVU406
 1058 0460 3B40     		ands	r3, r3, r7
 1059 0462 5340     		eors	r3, r3, r2
 1060 0464 2B80     		strh	r3, [r5]	@ movhi
 184:/home/pacl/Documents/Repository/sca-2026/lib/crypto_kem/hqc128/pqclean/reed_solomon.c ****             z[i] ^= mask & PQCLEAN_HQC128_CLEAN_gf_mul(sigma[j], syndromes[i - j - 1]);
 1061              		.loc 1 184 9 is_stmt 1 view .LVU407
 1062              	.LVL87:
 184:/home/pacl/Documents/Repository/sca-2026/lib/crypto_kem/hqc128/pqclean/reed_solomon.c ****             z[i] ^= mask & PQCLEAN_HQC128_CLEAN_gf_mul(sigma[j], syndromes[i - j - 1]);
 1063              		.loc 1 184 23 discriminator 1 view .LVU408
 182:/home/pacl/Documents/Repository/sca-2026/lib/crypto_kem/hqc128/pqclean/reed_solomon.c **** 
 1064              		.loc 1 182 14 is_stmt 0 view .LVU409
 1065 0466 4C46     		mov	r4, r9
 1066 0468 23AE     		add	r6, sp, #140
 1067              	.LVL88:
 1068              	.L22:
 185:/home/pacl/Documents/Repository/sca-2026/lib/crypto_kem/hqc128/pqclean/reed_solomon.c ****         }
 1069              		.loc 1 185 13 is_stmt 1 view .LVU410
 185:/home/pacl/Documents/Repository/sca-2026/lib/crypto_kem/hqc128/pqclean/reed_solomon.c ****         }
 1070              		.loc 1 185 28 is_stmt 0 view .LVU411
 1071 046a 34F8021D 		ldrh	r1, [r4, #-2]!
 1072 046e 36F8020F 		ldrh	r0, [r6, #2]!
 1073 0472 FFF7FEFF 		bl	PQCLEAN_HQC128_CLEAN_gf_mul
 1074              	.LVL89:
 185:/home/pacl/Documents/Repository/sca-2026/lib/crypto_kem/hqc128/pqclean/reed_solomon.c ****         }
 1075              		.loc 1 185 18 discriminator 1 view .LVU412
 1076 0476 2B88     		ldrh	r3, [r5]
 185:/home/pacl/Documents/Repository/sca-2026/lib/crypto_kem/hqc128/pqclean/reed_solomon.c ****         }
 1077              		.loc 1 185 26 discriminator 1 view .LVU413
 1078 0478 3840     		ands	r0, r0, r7
 185:/home/pacl/Documents/Repository/sca-2026/lib/crypto_kem/hqc128/pqclean/reed_solomon.c ****         }
 1079              		.loc 1 185 18 discriminator 1 view .LVU414
 1080 047a 5840     		eors	r0, r0, r3
 184:/home/pacl/Documents/Repository/sca-2026/lib/crypto_kem/hqc128/pqclean/reed_solomon.c ****             z[i] ^= mask & PQCLEAN_HQC128_CLEAN_gf_mul(sigma[j], syndromes[i - j - 1]);
 1081              		.loc 1 184 23 discriminator 1 view .LVU415
 1082 047c A245     		cmp	r10, r4
 185:/home/pacl/Documents/Repository/sca-2026/lib/crypto_kem/hqc128/pqclean/reed_solomon.c ****         }
 1083              		.loc 1 185 18 discriminator 1 view .LVU416
 1084 047e 2880     		strh	r0, [r5]	@ movhi
 184:/home/pacl/Documents/Repository/sca-2026/lib/crypto_kem/hqc128/pqclean/reed_solomon.c ****             z[i] ^= mask & PQCLEAN_HQC128_CLEAN_gf_mul(sigma[j], syndromes[i - j - 1]);
 1085              		.loc 1 184 28 is_stmt 1 discriminator 3 view .LVU417
 184:/home/pacl/Documents/Repository/sca-2026/lib/crypto_kem/hqc128/pqclean/reed_solomon.c ****             z[i] ^= mask & PQCLEAN_HQC128_CLEAN_gf_mul(sigma[j], syndromes[i - j - 1]);
 1086              		.loc 1 184 23 discriminator 1 view .LVU418
 1087 0480 F3D1     		bne	.L22
 180:/home/pacl/Documents/Repository/sca-2026/lib/crypto_kem/hqc128/pqclean/reed_solomon.c ****         mask = -((uint16_t) (i - degree - 1) >> 15);
 1088              		.loc 1 180 35 discriminator 2 view .LVU419
 180:/home/pacl/Documents/Repository/sca-2026/lib/crypto_kem/hqc128/pqclean/reed_solomon.c ****         mask = -((uint16_t) (i - degree - 1) >> 15);
 1089              		.loc 1 180 19 discriminator 1 view .LVU420
 1090 0482 0DF58373 		add	r3, sp, #262
 1091 0486 08F10108 		add	r8, r8, #1
 1092 048a AB42     		cmp	r3, r5
 1093 048c 1FFA88F8 		uxth	r8, r8
 1094 0490 02D0     		beq	.L41
 1095 0492 0FFA88F3 		sxth	r3, r8
 1096 0496 DDE7     		b	.L23
 1097              	.L41:
 1098              	.LVL90:
 180:/home/pacl/Documents/Repository/sca-2026/lib/crypto_kem/hqc128/pqclean/reed_solomon.c ****         mask = -((uint16_t) (i - degree - 1) >> 15);
 1099              		.loc 1 180 19 is_stmt 0 discriminator 1 view .LVU421
 1100              	.LBE42:
 1101              	.LBE41:
 310:/home/pacl/Documents/Repository/sca-2026/lib/crypto_kem/hqc128/pqclean/reed_solomon.c **** 
 311:/home/pacl/Documents/Repository/sca-2026/lib/crypto_kem/hqc128/pqclean/reed_solomon.c ****     // Compute the error values
 312:/home/pacl/Documents/Repository/sca-2026/lib/crypto_kem/hqc128/pqclean/reed_solomon.c ****     compute_error_values(error_values, z, error);
 1102              		.loc 1 312 5 is_stmt 1 view .LVU422
 1103              	.LBB43:
 1104              	.LBI43:
 200:/home/pacl/Documents/Repository/sca-2026/lib/crypto_kem/hqc128/pqclean/reed_solomon.c ****     uint16_t beta_j[PARAM_DELTA] = {0};
 1105              		.loc 1 200 13 view .LVU423
 1106              	.LBB44:
 201:/home/pacl/Documents/Repository/sca-2026/lib/crypto_kem/hqc128/pqclean/reed_solomon.c ****     uint16_t e_j[PARAM_DELTA] = {0};
 1107              		.loc 1 201 5 view .LVU424
 202:/home/pacl/Documents/Repository/sca-2026/lib/crypto_kem/hqc128/pqclean/reed_solomon.c **** 
 1108              		.loc 1 202 5 view .LVU425
 202:/home/pacl/Documents/Repository/sca-2026/lib/crypto_kem/hqc128/pqclean/reed_solomon.c **** 
 1109              		.loc 1 202 14 is_stmt 0 view .LVU426
 1110 0498 4FF0000A 		mov	r10, #0
 1111 049c 1E22     		movs	r2, #30
 1112 049e 0021     		movs	r1, #0
 1113 04a0 A8A8     		add	r0, sp, #672
 1114 04a2 FFF7FEFF 		bl	memset
 1115              	.LVL91:
 204:/home/pacl/Documents/Repository/sca-2026/lib/crypto_kem/hqc128/pqclean/reed_solomon.c ****     uint16_t delta_real_value;
 1116              		.loc 1 204 5 is_stmt 1 view .LVU427
 205:/home/pacl/Documents/Repository/sca-2026/lib/crypto_kem/hqc128/pqclean/reed_solomon.c ****     uint16_t found;
 1117              		.loc 1 205 5 view .LVU428
 206:/home/pacl/Documents/Repository/sca-2026/lib/crypto_kem/hqc128/pqclean/reed_solomon.c ****     uint16_t mask1;
 1118              		.loc 1 206 5 view .LVU429
 207:/home/pacl/Documents/Repository/sca-2026/lib/crypto_kem/hqc128/pqclean/reed_solomon.c ****     uint16_t mask2;
 1119              		.loc 1 207 5 view .LVU430
 208:/home/pacl/Documents/Repository/sca-2026/lib/crypto_kem/hqc128/pqclean/reed_solomon.c ****     uint16_t tmp1;
 1120              		.loc 1 208 5 view .LVU431
 209:/home/pacl/Documents/Repository/sca-2026/lib/crypto_kem/hqc128/pqclean/reed_solomon.c ****     uint16_t tmp2;
 1121              		.loc 1 209 5 view .LVU432
 210:/home/pacl/Documents/Repository/sca-2026/lib/crypto_kem/hqc128/pqclean/reed_solomon.c ****     uint16_t inverse;
 1122              		.loc 1 210 5 view .LVU433
 211:/home/pacl/Documents/Repository/sca-2026/lib/crypto_kem/hqc128/pqclean/reed_solomon.c ****     uint16_t inverse_power_j;
 1123              		.loc 1 211 5 view .LVU434
 212:/home/pacl/Documents/Repository/sca-2026/lib/crypto_kem/hqc128/pqclean/reed_solomon.c **** 
 1124              		.loc 1 212 5 view .LVU435
 215:/home/pacl/Documents/Repository/sca-2026/lib/crypto_kem/hqc128/pqclean/reed_solomon.c ****     for (size_t i = 0; i < PARAM_N1; i++) {
 1125              		.loc 1 215 5 view .LVU436
 216:/home/pacl/Documents/Repository/sca-2026/lib/crypto_kem/hqc128/pqclean/reed_solomon.c ****         found = 0;
 1126              		.loc 1 216 5 view .LVU437
 1127              	.LBB45:
 216:/home/pacl/Documents/Repository/sca-2026/lib/crypto_kem/hqc128/pqclean/reed_solomon.c ****         found = 0;
 1128              		.loc 1 216 10 view .LVU438
 216:/home/pacl/Documents/Repository/sca-2026/lib/crypto_kem/hqc128/pqclean/reed_solomon.c ****         found = 0;
 1129              		.loc 1 216 26 discriminator 1 view .LVU439
 1130              	.LBE45:
 202:/home/pacl/Documents/Repository/sca-2026/lib/crypto_kem/hqc128/pqclean/reed_solomon.c **** 
 1131              		.loc 1 202 14 is_stmt 0 view .LVU440
 1132 04a6 CDE902AA 		strd	r10, r10, [sp, #8]
 1133 04aa CDE90EAA 		strd	r10, r10, [sp, #56]
 1134 04ae CDE90CAA 		strd	r10, r10, [sp, #48]
 1135 04b2 CDE90AAA 		strd	r10, r10, [sp, #40]
 1136              	.LVL92:
 202:/home/pacl/Documents/Repository/sca-2026/lib/crypto_kem/hqc128/pqclean/reed_solomon.c **** 
 1137              		.loc 1 202 14 view .LVU441
 1138 04b6 CDE908AA 		strd	r10, r10, [sp, #32]
 1139 04ba CDE906AA 		strd	r10, r10, [sp, #24]
 202:/home/pacl/Documents/Repository/sca-2026/lib/crypto_kem/hqc128/pqclean/reed_solomon.c **** 
 1140              		.loc 1 202 14 view .LVU442
 1141 04be 0DF29F16 		addw	r6, sp, #415
 1142 04c2 CB4B     		ldr	r3, .L45
 1143 04c4 CDF810A0 		str	r10, [sp, #16]
 202:/home/pacl/Documents/Repository/sca-2026/lib/crypto_kem/hqc128/pqclean/reed_solomon.c **** 
 1144              		.loc 1 202 14 view .LVU443
 1145 04c8 1093     		str	r3, [sp, #64]
 1146 04ca 0096     		str	r6, [sp]
 1147 04cc CDF804A0 		str	r10, [sp, #4]
 1148 04d0 CDF814A0 		str	r10, [sp, #20]
 215:/home/pacl/Documents/Repository/sca-2026/lib/crypto_kem/hqc128/pqclean/reed_solomon.c ****     for (size_t i = 0; i < PARAM_N1; i++) {
 1149              		.loc 1 215 19 view .LVU444
 1150 04d4 1996     		str	r6, [sp, #100]
 1151              	.LVL93:
 1152              	.L24:
 1153              	.LBB50:
 217:/home/pacl/Documents/Repository/sca-2026/lib/crypto_kem/hqc128/pqclean/reed_solomon.c ****         mask1 = (uint16_t) (-((int32_t)error[i]) >> 31); // error[i] != 0
 1154              		.loc 1 217 9 is_stmt 1 view .LVU445
 218:/home/pacl/Documents/Repository/sca-2026/lib/crypto_kem/hqc128/pqclean/reed_solomon.c ****         for (size_t j = 0; j < PARAM_DELTA; j++) {
 1155              		.loc 1 218 9 view .LVU446
 1156 04d6 009B     		ldr	r3, [sp]
 1157 04d8 13F8019F 		ldrb	r9, [r3, #1]!	@ zero_extendqisi2
 1158 04dc 0093     		str	r3, [sp]
 1159              	.LVL94:
 218:/home/pacl/Documents/Repository/sca-2026/lib/crypto_kem/hqc128/pqclean/reed_solomon.c ****         for (size_t j = 0; j < PARAM_DELTA; j++) {
 1160              		.loc 1 218 9 is_stmt 0 view .LVU447
 1161 04de B9F10009 		subs	r9, r9, #0
 1162 04e2 18BF     		it	ne
 1163 04e4 4FF00109 		movne	r9, #1
 1164              	.LVL95:
 219:/home/pacl/Documents/Repository/sca-2026/lib/crypto_kem/hqc128/pqclean/reed_solomon.c ****             mask2 = ~((uint16_t) (-((int32_t) j ^ delta_counter) >> 31)); // j == delta_counter
 1165              		.loc 1 219 9 is_stmt 1 view .LVU448
 1166              	.LBB46:
 219:/home/pacl/Documents/Repository/sca-2026/lib/crypto_kem/hqc128/pqclean/reed_solomon.c ****             mask2 = ~((uint16_t) (-((int32_t) j ^ delta_counter) >> 31)); // j == delta_counter
 1167              		.loc 1 219 14 view .LVU449
 219:/home/pacl/Documents/Repository/sca-2026/lib/crypto_kem/hqc128/pqclean/reed_solomon.c ****             mask2 = ~((uint16_t) (-((int32_t) j ^ delta_counter) >> 31)); // j == delta_counter
 1168              		.loc 1 219 30 discriminator 1 view .LVU450
 220:/home/pacl/Documents/Repository/sca-2026/lib/crypto_kem/hqc128/pqclean/reed_solomon.c ****             beta_j[j] += mask1 & mask2 & gf_exp[i];
 1169              		.loc 1 220 13 view .LVU451
 221:/home/pacl/Documents/Repository/sca-2026/lib/crypto_kem/hqc128/pqclean/reed_solomon.c ****             found += mask1 & mask2 & 1;
 1170              		.loc 1 221 13 view .LVU452
 220:/home/pacl/Documents/Repository/sca-2026/lib/crypto_kem/hqc128/pqclean/reed_solomon.c ****             beta_j[j] += mask1 & mask2 & gf_exp[i];
 1171              		.loc 1 220 19 is_stmt 0 view .LVU453
 1172 04e8 BAF10003 		subs	r3, r10, #0
 1173              	.LVL96:
 220:/home/pacl/Documents/Repository/sca-2026/lib/crypto_kem/hqc128/pqclean/reed_solomon.c ****             beta_j[j] += mask1 & mask2 & gf_exp[i];
 1174              		.loc 1 220 19 view .LVU454
 1175 04ec 18BF     		it	ne
 1176 04ee 0123     		movne	r3, #1
 1177 04f0 013B     		subs	r3, r3, #1
 221:/home/pacl/Documents/Repository/sca-2026/lib/crypto_kem/hqc128/pqclean/reed_solomon.c ****             found += mask1 & mask2 & 1;
 1178              		.loc 1 221 23 view .LVU455
 1179 04f2 B9F1000F 		cmp	r9, #0
 1180 04f6 14BF     		ite	ne
 1181 04f8 9B46     		movne	fp, r3
 1182 04fa 4FF0000B 		moveq	fp, #0
 220:/home/pacl/Documents/Repository/sca-2026/lib/crypto_kem/hqc128/pqclean/reed_solomon.c ****             beta_j[j] += mask1 & mask2 & gf_exp[i];
 1183              		.loc 1 220 19 view .LVU456
 1184 04fe BAF1010F 		cmp	r10, #1
 1185 0502 4FF0FF33 		mov	r3, #-1
 1186 0506 18BF     		it	ne
 1187 0508 0023     		movne	r3, #0
 221:/home/pacl/Documents/Repository/sca-2026/lib/crypto_kem/hqc128/pqclean/reed_solomon.c ****             found += mask1 & mask2 & 1;
 1188              		.loc 1 221 23 view .LVU457
 1189 050a B9F1000F 		cmp	r9, #0
 1190 050e 14BF     		ite	ne
 1191 0510 1946     		movne	r1, r3
 1192 0512 0021     		moveq	r1, #0
 220:/home/pacl/Documents/Repository/sca-2026/lib/crypto_kem/hqc128/pqclean/reed_solomon.c ****             beta_j[j] += mask1 & mask2 & gf_exp[i];
 1193              		.loc 1 220 19 view .LVU458
 1194 0514 BAF1020F 		cmp	r10, #2
 1195 0518 4FF0FF32 		mov	r2, #-1
 1196 051c 18BF     		it	ne
 1197 051e 0022     		movne	r2, #0
 221:/home/pacl/Documents/Repository/sca-2026/lib/crypto_kem/hqc128/pqclean/reed_solomon.c ****             found += mask1 & mask2 & 1;
 1198              		.loc 1 221 23 view .LVU459
 1199 0520 B9F1000F 		cmp	r9, #0
 1200 0524 14BF     		ite	ne
 1201 0526 1046     		movne	r0, r2
 1202 0528 0020     		moveq	r0, #0
 222:/home/pacl/Documents/Repository/sca-2026/lib/crypto_kem/hqc128/pqclean/reed_solomon.c ****         }
 1203              		.loc 1 222 36 view .LVU460
 1204 052a 0BF00103 		and	r3, fp, #1
 220:/home/pacl/Documents/Repository/sca-2026/lib/crypto_kem/hqc128/pqclean/reed_solomon.c ****             beta_j[j] += mask1 & mask2 & gf_exp[i];
 1205              		.loc 1 220 19 view .LVU461
 1206 052e BAF1030F 		cmp	r10, #3
 1207 0532 4FF0FF37 		mov	r7, #-1
 222:/home/pacl/Documents/Repository/sca-2026/lib/crypto_kem/hqc128/pqclean/reed_solomon.c ****         }
 1208              		.loc 1 222 36 view .LVU462
 1209 0536 01F00102 		and	r2, r1, #1
 220:/home/pacl/Documents/Repository/sca-2026/lib/crypto_kem/hqc128/pqclean/reed_solomon.c ****             beta_j[j] += mask1 & mask2 & gf_exp[i];
 1210              		.loc 1 220 19 view .LVU463
 1211 053a 18BF     		it	ne
 1212 053c 0027     		movne	r7, #0
 1213 053e 5344     		add	r3, r3, r10
 221:/home/pacl/Documents/Repository/sca-2026/lib/crypto_kem/hqc128/pqclean/reed_solomon.c ****             found += mask1 & mask2 & 1;
 1214              		.loc 1 221 23 view .LVU464
 1215 0540 B9F1000F 		cmp	r9, #0
 1216 0544 08BF     		it	eq
 1217 0546 0027     		moveq	r7, #0
 1218 0548 1344     		add	r3, r3, r2
 220:/home/pacl/Documents/Repository/sca-2026/lib/crypto_kem/hqc128/pqclean/reed_solomon.c ****             beta_j[j] += mask1 & mask2 & gf_exp[i];
 1219              		.loc 1 220 19 view .LVU465
 1220 054a BAF1040F 		cmp	r10, #4
 222:/home/pacl/Documents/Repository/sca-2026/lib/crypto_kem/hqc128/pqclean/reed_solomon.c ****         }
 1221              		.loc 1 222 36 view .LVU466
 1222 054e 00F00102 		and	r2, r0, #1
 1223 0552 1344     		add	r3, r3, r2
 220:/home/pacl/Documents/Repository/sca-2026/lib/crypto_kem/hqc128/pqclean/reed_solomon.c ****             beta_j[j] += mask1 & mask2 & gf_exp[i];
 1224              		.loc 1 220 19 view .LVU467
 1225 0554 4FF0FF32 		mov	r2, #-1
 1226 0558 18BF     		it	ne
 1227 055a 0022     		movne	r2, #0
 221:/home/pacl/Documents/Repository/sca-2026/lib/crypto_kem/hqc128/pqclean/reed_solomon.c ****             found += mask1 & mask2 & 1;
 1228              		.loc 1 221 23 view .LVU468
 1229 055c B9F1000F 		cmp	r9, #0
 1230 0560 14BF     		ite	ne
 1231 0562 9046     		movne	r8, r2
 1232 0564 4FF00008 		moveq	r8, #0
 222:/home/pacl/Documents/Repository/sca-2026/lib/crypto_kem/hqc128/pqclean/reed_solomon.c ****         }
 1233              		.loc 1 222 36 view .LVU469
 1234 0568 07F00102 		and	r2, r7, #1
 220:/home/pacl/Documents/Repository/sca-2026/lib/crypto_kem/hqc128/pqclean/reed_solomon.c ****             beta_j[j] += mask1 & mask2 & gf_exp[i];
 1235              		.loc 1 220 19 view .LVU470
 1236 056c BAF1050F 		cmp	r10, #5
 1237 0570 1344     		add	r3, r3, r2
 1238 0572 4FF0FF32 		mov	r2, #-1
 1239 0576 18BF     		it	ne
 1240 0578 0022     		movne	r2, #0
 221:/home/pacl/Documents/Repository/sca-2026/lib/crypto_kem/hqc128/pqclean/reed_solomon.c ****             found += mask1 & mask2 & 1;
 1241              		.loc 1 221 23 view .LVU471
 1242 057a B9F1000F 		cmp	r9, #0
 1243 057e 14BF     		ite	ne
 1244 0580 9646     		movne	lr, r2
 1245 0582 4FF0000E 		moveq	lr, #0
 222:/home/pacl/Documents/Repository/sca-2026/lib/crypto_kem/hqc128/pqclean/reed_solomon.c ****         }
 1246              		.loc 1 222 36 view .LVU472
 1247 0586 08F00102 		and	r2, r8, #1
 220:/home/pacl/Documents/Repository/sca-2026/lib/crypto_kem/hqc128/pqclean/reed_solomon.c ****             beta_j[j] += mask1 & mask2 & gf_exp[i];
 1248              		.loc 1 220 19 view .LVU473
 1249 058a BAF1060F 		cmp	r10, #6
 1250 058e 1344     		add	r3, r3, r2
 1251 0590 4FF0FF32 		mov	r2, #-1
 1252 0594 18BF     		it	ne
 1253 0596 0022     		movne	r2, #0
 221:/home/pacl/Documents/Repository/sca-2026/lib/crypto_kem/hqc128/pqclean/reed_solomon.c ****             found += mask1 & mask2 & 1;
 1254              		.loc 1 221 23 view .LVU474
 1255 0598 B9F1000F 		cmp	r9, #0
 1256 059c 14BF     		ite	ne
 1257 059e 9446     		movne	ip, r2
 1258 05a0 4FF0000C 		moveq	ip, #0
 220:/home/pacl/Documents/Repository/sca-2026/lib/crypto_kem/hqc128/pqclean/reed_solomon.c ****             beta_j[j] += mask1 & mask2 & gf_exp[i];
 1259              		.loc 1 220 19 view .LVU475
 1260 05a4 BAF1070F 		cmp	r10, #7
 1261 05a8 4FF0FF36 		mov	r6, #-1
 1262 05ac 18BF     		it	ne
 1263 05ae 0026     		movne	r6, #0
 221:/home/pacl/Documents/Repository/sca-2026/lib/crypto_kem/hqc128/pqclean/reed_solomon.c ****             found += mask1 & mask2 & 1;
 1264              		.loc 1 221 23 view .LVU476
 1265 05b0 B9F1000F 		cmp	r9, #0
 1266 05b4 08BF     		it	eq
 1267 05b6 0026     		moveq	r6, #0
 220:/home/pacl/Documents/Repository/sca-2026/lib/crypto_kem/hqc128/pqclean/reed_solomon.c ****             beta_j[j] += mask1 & mask2 & gf_exp[i];
 1268              		.loc 1 220 19 view .LVU477
 1269 05b8 BAF1080F 		cmp	r10, #8
 1270 05bc 4FF0FF35 		mov	r5, #-1
 1271 05c0 18BF     		it	ne
 1272 05c2 0025     		movne	r5, #0
 221:/home/pacl/Documents/Repository/sca-2026/lib/crypto_kem/hqc128/pqclean/reed_solomon.c ****             found += mask1 & mask2 & 1;
 1273              		.loc 1 221 23 view .LVU478
 1274 05c4 B9F1000F 		cmp	r9, #0
 1275 05c8 08BF     		it	eq
 1276 05ca 0025     		moveq	r5, #0
 220:/home/pacl/Documents/Repository/sca-2026/lib/crypto_kem/hqc128/pqclean/reed_solomon.c ****             beta_j[j] += mask1 & mask2 & gf_exp[i];
 1277              		.loc 1 220 19 view .LVU479
 1278 05cc BAF1090F 		cmp	r10, #9
 1279 05d0 4FF0FF34 		mov	r4, #-1
 222:/home/pacl/Documents/Repository/sca-2026/lib/crypto_kem/hqc128/pqclean/reed_solomon.c ****         }
 1280              		.loc 1 222 36 view .LVU480
 1281 05d4 0EF00102 		and	r2, lr, #1
 220:/home/pacl/Documents/Repository/sca-2026/lib/crypto_kem/hqc128/pqclean/reed_solomon.c ****             beta_j[j] += mask1 & mask2 & gf_exp[i];
 1282              		.loc 1 220 19 view .LVU481
 1283 05d8 18BF     		it	ne
 1284 05da 0024     		movne	r4, #0
 221:/home/pacl/Documents/Repository/sca-2026/lib/crypto_kem/hqc128/pqclean/reed_solomon.c ****             found += mask1 & mask2 & 1;
 1285              		.loc 1 221 23 view .LVU482
 1286 05dc B9F1000F 		cmp	r9, #0
 1287 05e0 08BF     		it	eq
 1288 05e2 0024     		moveq	r4, #0
 1289 05e4 1344     		add	r3, r3, r2
 220:/home/pacl/Documents/Repository/sca-2026/lib/crypto_kem/hqc128/pqclean/reed_solomon.c ****             beta_j[j] += mask1 & mask2 & gf_exp[i];
 1290              		.loc 1 220 19 view .LVU483
 1291 05e6 BAF10A0F 		cmp	r10, #10
 222:/home/pacl/Documents/Repository/sca-2026/lib/crypto_kem/hqc128/pqclean/reed_solomon.c ****         }
 1292              		.loc 1 222 36 view .LVU484
 1293 05ea 0CF00102 		and	r2, ip, #1
 1294 05ee 1290     		str	r0, [sp, #72]
 1295 05f0 1344     		add	r3, r3, r2
 220:/home/pacl/Documents/Repository/sca-2026/lib/crypto_kem/hqc128/pqclean/reed_solomon.c ****             beta_j[j] += mask1 & mask2 & gf_exp[i];
 1296              		.loc 1 220 19 view .LVU485
 1297 05f2 4FF0FF30 		mov	r0, #-1
 222:/home/pacl/Documents/Repository/sca-2026/lib/crypto_kem/hqc128/pqclean/reed_solomon.c ****         }
 1298              		.loc 1 222 36 view .LVU486
 1299 05f6 06F00102 		and	r2, r6, #1
 220:/home/pacl/Documents/Repository/sca-2026/lib/crypto_kem/hqc128/pqclean/reed_solomon.c ****             beta_j[j] += mask1 & mask2 & gf_exp[i];
 1300              		.loc 1 220 19 view .LVU487
 1301 05fa 18BF     		it	ne
 1302 05fc 0020     		movne	r0, #0
 221:/home/pacl/Documents/Repository/sca-2026/lib/crypto_kem/hqc128/pqclean/reed_solomon.c ****             found += mask1 & mask2 & 1;
 1303              		.loc 1 221 23 view .LVU488
 1304 05fe B9F1000F 		cmp	r9, #0
 1305 0602 08BF     		it	eq
 1306 0604 0020     		moveq	r0, #0
 1307 0606 1344     		add	r3, r3, r2
 220:/home/pacl/Documents/Repository/sca-2026/lib/crypto_kem/hqc128/pqclean/reed_solomon.c ****             beta_j[j] += mask1 & mask2 & gf_exp[i];
 1308              		.loc 1 220 19 view .LVU489
 1309 0608 BAF10B0F 		cmp	r10, #11
 222:/home/pacl/Documents/Repository/sca-2026/lib/crypto_kem/hqc128/pqclean/reed_solomon.c ****         }
 1310              		.loc 1 222 36 view .LVU490
 1311 060c 05F00102 		and	r2, r5, #1
 1312 0610 1191     		str	r1, [sp, #68]
 1313 0612 1344     		add	r3, r3, r2
 220:/home/pacl/Documents/Repository/sca-2026/lib/crypto_kem/hqc128/pqclean/reed_solomon.c ****             beta_j[j] += mask1 & mask2 & gf_exp[i];
 1314              		.loc 1 220 19 view .LVU491
 1315 0614 4FF0FF31 		mov	r1, #-1
 222:/home/pacl/Documents/Repository/sca-2026/lib/crypto_kem/hqc128/pqclean/reed_solomon.c ****         }
 1316              		.loc 1 222 36 view .LVU492
 1317 0618 04F00102 		and	r2, r4, #1
 220:/home/pacl/Documents/Repository/sca-2026/lib/crypto_kem/hqc128/pqclean/reed_solomon.c ****             beta_j[j] += mask1 & mask2 & gf_exp[i];
 1318              		.loc 1 220 19 view .LVU493
 1319 061c 18BF     		it	ne
 1320 061e 0021     		movne	r1, #0
 221:/home/pacl/Documents/Repository/sca-2026/lib/crypto_kem/hqc128/pqclean/reed_solomon.c ****             found += mask1 & mask2 & 1;
 1321              		.loc 1 221 23 view .LVU494
 1322 0620 B9F1000F 		cmp	r9, #0
 1323 0624 08BF     		it	eq
 1324 0626 0021     		moveq	r1, #0
 1325 0628 1344     		add	r3, r3, r2
 220:/home/pacl/Documents/Repository/sca-2026/lib/crypto_kem/hqc128/pqclean/reed_solomon.c ****             beta_j[j] += mask1 & mask2 & gf_exp[i];
 1326              		.loc 1 220 19 view .LVU495
 1327 062a BAF10C0F 		cmp	r10, #12
 222:/home/pacl/Documents/Repository/sca-2026/lib/crypto_kem/hqc128/pqclean/reed_solomon.c ****         }
 1328              		.loc 1 222 36 view .LVU496
 1329 062e 00F00102 		and	r2, r0, #1
 1330 0632 1391     		str	r1, [sp, #76]
 1331 0634 1344     		add	r3, r3, r2
 1332 0636 01F00101 		and	r1, r1, #1
 220:/home/pacl/Documents/Repository/sca-2026/lib/crypto_kem/hqc128/pqclean/reed_solomon.c ****             beta_j[j] += mask1 & mask2 & gf_exp[i];
 1333              		.loc 1 220 19 view .LVU497
 1334 063a 4FF0FF32 		mov	r2, #-1
 1335 063e 18BF     		it	ne
 1336 0640 0022     		movne	r2, #0
 221:/home/pacl/Documents/Repository/sca-2026/lib/crypto_kem/hqc128/pqclean/reed_solomon.c ****             found += mask1 & mask2 & 1;
 1337              		.loc 1 221 23 view .LVU498
 1338 0642 B9F1000F 		cmp	r9, #0
 1339 0646 08BF     		it	eq
 1340 0648 0022     		moveq	r2, #0
 1341 064a 0B44     		add	r3, r3, r1
 220:/home/pacl/Documents/Repository/sca-2026/lib/crypto_kem/hqc128/pqclean/reed_solomon.c ****             beta_j[j] += mask1 & mask2 & gf_exp[i];
 1342              		.loc 1 220 19 view .LVU499
 1343 064c BAF10D0F 		cmp	r10, #13
 1344 0650 1693     		str	r3, [sp, #88]
 1345 0652 4FF0FF33 		mov	r3, #-1
 1346 0656 18BF     		it	ne
 1347 0658 0023     		movne	r3, #0
 221:/home/pacl/Documents/Repository/sca-2026/lib/crypto_kem/hqc128/pqclean/reed_solomon.c ****             found += mask1 & mask2 & 1;
 1348              		.loc 1 221 23 view .LVU500
 1349 065a B9F1000F 		cmp	r9, #0
 1350 065e 08BF     		it	eq
 1351 0660 0023     		moveq	r3, #0
 220:/home/pacl/Documents/Repository/sca-2026/lib/crypto_kem/hqc128/pqclean/reed_solomon.c ****             beta_j[j] += mask1 & mask2 & gf_exp[i];
 1352              		.loc 1 220 19 view .LVU501
 1353 0662 BAF10E0F 		cmp	r10, #14
 1354 0666 4FF0FF3A 		mov	r10, #-1
 1355 066a 18BF     		it	ne
 1356 066c 4FF0000A 		movne	r10, #0
 221:/home/pacl/Documents/Repository/sca-2026/lib/crypto_kem/hqc128/pqclean/reed_solomon.c ****             found += mask1 & mask2 & 1;
 1357              		.loc 1 221 23 view .LVU502
 1358 0670 B9F1000F 		cmp	r9, #0
 1359 0674 14BF     		ite	ne
 1360 0676 D146     		movne	r9, r10
 1361              	.LVL97:
 221:/home/pacl/Documents/Repository/sca-2026/lib/crypto_kem/hqc128/pqclean/reed_solomon.c ****             found += mask1 & mask2 & 1;
 1362              		.loc 1 221 23 view .LVU503
 1363 0678 4FF00009 		moveq	r9, #0
 1364 067c CDF85490 		str	r9, [sp, #84]
 221:/home/pacl/Documents/Repository/sca-2026/lib/crypto_kem/hqc128/pqclean/reed_solomon.c ****             found += mask1 & mask2 & 1;
 1365              		.loc 1 221 48 view .LVU504
 1366 0680 DDF84090 		ldr	r9, [sp, #64]
 221:/home/pacl/Documents/Repository/sca-2026/lib/crypto_kem/hqc128/pqclean/reed_solomon.c ****             found += mask1 & mask2 & 1;
 1367              		.loc 1 221 23 view .LVU505
 1368 0684 1493     		str	r3, [sp, #80]
 221:/home/pacl/Documents/Repository/sca-2026/lib/crypto_kem/hqc128/pqclean/reed_solomon.c ****             found += mask1 & mask2 & 1;
 1369              		.loc 1 221 48 view .LVU506
 1370 0686 39F8023F 		ldrh	r3, [r9, #2]!
 1371 068a CDF84090 		str	r9, [sp, #64]
 221:/home/pacl/Documents/Repository/sca-2026/lib/crypto_kem/hqc128/pqclean/reed_solomon.c ****             found += mask1 & mask2 & 1;
 1372              		.loc 1 221 23 view .LVU507
 1373 068e DDF81490 		ldr	r9, [sp, #20]
 1374 0692 1199     		ldr	r1, [sp, #68]
 1375 0694 0BEA030B 		and	fp, fp, r3
 1376 0698 D944     		add	r9, r9, fp
 1377 069a CB46     		mov	fp, r9
 1378 069c DDF81890 		ldr	r9, [sp, #24]
 1379 06a0 01EA030A 		and	r10, r1, r3
 1380 06a4 1299     		ldr	r1, [sp, #72]
 1381 06a6 D144     		add	r9, r9, r10
 1382 06a8 CA46     		mov	r10, r9
 1383 06aa 01EA0309 		and	r9, r1, r3
 1384 06ae 0799     		ldr	r1, [sp, #28]
 1385 06b0 4944     		add	r1, r1, r9
 1386 06b2 8946     		mov	r9, r1
 1387 06b4 0899     		ldr	r1, [sp, #32]
 1388 06b6 1F40     		ands	r7, r7, r3
 1389 06b8 3944     		add	r1, r1, r7
 1390 06ba 0F46     		mov	r7, r1
 1391 06bc 0999     		ldr	r1, [sp, #36]
 1392 06be 08EA0308 		and	r8, r8, r3
 1393 06c2 4144     		add	r1, r1, r8
 1394 06c4 8846     		mov	r8, r1
 1395 06c6 0A99     		ldr	r1, [sp, #40]
 1396 06c8 0EEA030E 		and	lr, lr, r3
 1397 06cc 7144     		add	r1, r1, lr
 1398 06ce 8E46     		mov	lr, r1
 1399 06d0 0B99     		ldr	r1, [sp, #44]
 1400 06d2 0CEA030C 		and	ip, ip, r3
 1401 06d6 6144     		add	r1, r1, ip
 1402 06d8 8C46     		mov	ip, r1
 1403 06da 0C99     		ldr	r1, [sp, #48]
 1404 06dc 1E40     		ands	r6, r6, r3
 1405 06de 3144     		add	r1, r1, r6
 1406 06e0 0E46     		mov	r6, r1
 1407 06e2 0D99     		ldr	r1, [sp, #52]
 1408 06e4 1D40     		ands	r5, r5, r3
 1409 06e6 2944     		add	r1, r1, r5
 1410 06e8 0D91     		str	r1, [sp, #52]
 1411 06ea 0E99     		ldr	r1, [sp, #56]
 1412 06ec 019D     		ldr	r5, [sp, #4]
 1413 06ee 1C40     		ands	r4, r4, r3
 1414 06f0 2144     		add	r1, r1, r4
 1415 06f2 0C46     		mov	r4, r1
 1416 06f4 0F99     		ldr	r1, [sp, #60]
 1417 06f6 1840     		ands	r0, r0, r3
 1418 06f8 0144     		add	r1, r1, r0
 1419 06fa 0846     		mov	r0, r1
 1420 06fc 1399     		ldr	r1, [sp, #76]
 1421 06fe 1940     		ands	r1, r1, r3
 1422 0700 0D44     		add	r5, r5, r1
 1423 0702 2946     		mov	r1, r5
 1424 0704 1FFA8BF5 		uxth	r5, fp
 1425 0708 0595     		str	r5, [sp, #20]
 222:/home/pacl/Documents/Repository/sca-2026/lib/crypto_kem/hqc128/pqclean/reed_solomon.c ****         }
 1426              		.loc 1 222 13 is_stmt 1 view .LVU508
 1427              	.LVL98:
 219:/home/pacl/Documents/Repository/sca-2026/lib/crypto_kem/hqc128/pqclean/reed_solomon.c ****             mask2 = ~((uint16_t) (-((int32_t) j ^ delta_counter) >> 31)); // j == delta_counter
 1428              		.loc 1 219 46 discriminator 3 view .LVU509
 219:/home/pacl/Documents/Repository/sca-2026/lib/crypto_kem/hqc128/pqclean/reed_solomon.c ****             mask2 = ~((uint16_t) (-((int32_t) j ^ delta_counter) >> 31)); // j == delta_counter
 1429              		.loc 1 219 30 discriminator 1 view .LVU510
 220:/home/pacl/Documents/Repository/sca-2026/lib/crypto_kem/hqc128/pqclean/reed_solomon.c ****             beta_j[j] += mask1 & mask2 & gf_exp[i];
 1430              		.loc 1 220 13 view .LVU511
 221:/home/pacl/Documents/Repository/sca-2026/lib/crypto_kem/hqc128/pqclean/reed_solomon.c ****             found += mask1 & mask2 & 1;
 1431              		.loc 1 221 13 view .LVU512
 221:/home/pacl/Documents/Repository/sca-2026/lib/crypto_kem/hqc128/pqclean/reed_solomon.c ****             found += mask1 & mask2 & 1;
 1432              		.loc 1 221 23 is_stmt 0 view .LVU513
 1433 070a 1FFA8AF5 		uxth	r5, r10
 1434 070e 0695     		str	r5, [sp, #24]
 222:/home/pacl/Documents/Repository/sca-2026/lib/crypto_kem/hqc128/pqclean/reed_solomon.c ****         }
 1435              		.loc 1 222 13 is_stmt 1 view .LVU514
 219:/home/pacl/Documents/Repository/sca-2026/lib/crypto_kem/hqc128/pqclean/reed_solomon.c ****             mask2 = ~((uint16_t) (-((int32_t) j ^ delta_counter) >> 31)); // j == delta_counter
 1436              		.loc 1 219 46 discriminator 3 view .LVU515
 1437              	.LVL99:
 219:/home/pacl/Documents/Repository/sca-2026/lib/crypto_kem/hqc128/pqclean/reed_solomon.c ****             mask2 = ~((uint16_t) (-((int32_t) j ^ delta_counter) >> 31)); // j == delta_counter
 1438              		.loc 1 219 30 discriminator 1 view .LVU516
 220:/home/pacl/Documents/Repository/sca-2026/lib/crypto_kem/hqc128/pqclean/reed_solomon.c ****             beta_j[j] += mask1 & mask2 & gf_exp[i];
 1439              		.loc 1 220 13 view .LVU517
 221:/home/pacl/Documents/Repository/sca-2026/lib/crypto_kem/hqc128/pqclean/reed_solomon.c ****             found += mask1 & mask2 & 1;
 1440              		.loc 1 221 13 view .LVU518
 221:/home/pacl/Documents/Repository/sca-2026/lib/crypto_kem/hqc128/pqclean/reed_solomon.c ****             found += mask1 & mask2 & 1;
 1441              		.loc 1 221 23 is_stmt 0 view .LVU519
 1442 0710 1FFA89F5 		uxth	r5, r9
 1443 0714 0795     		str	r5, [sp, #28]
 222:/home/pacl/Documents/Repository/sca-2026/lib/crypto_kem/hqc128/pqclean/reed_solomon.c ****         }
 1444              		.loc 1 222 13 is_stmt 1 view .LVU520
 219:/home/pacl/Documents/Repository/sca-2026/lib/crypto_kem/hqc128/pqclean/reed_solomon.c ****             mask2 = ~((uint16_t) (-((int32_t) j ^ delta_counter) >> 31)); // j == delta_counter
 1445              		.loc 1 219 46 discriminator 3 view .LVU521
 1446              	.LVL100:
 219:/home/pacl/Documents/Repository/sca-2026/lib/crypto_kem/hqc128/pqclean/reed_solomon.c ****             mask2 = ~((uint16_t) (-((int32_t) j ^ delta_counter) >> 31)); // j == delta_counter
 1447              		.loc 1 219 30 discriminator 1 view .LVU522
 220:/home/pacl/Documents/Repository/sca-2026/lib/crypto_kem/hqc128/pqclean/reed_solomon.c ****             beta_j[j] += mask1 & mask2 & gf_exp[i];
 1448              		.loc 1 220 13 view .LVU523
 221:/home/pacl/Documents/Repository/sca-2026/lib/crypto_kem/hqc128/pqclean/reed_solomon.c ****             found += mask1 & mask2 & 1;
 1449              		.loc 1 221 13 view .LVU524
 221:/home/pacl/Documents/Repository/sca-2026/lib/crypto_kem/hqc128/pqclean/reed_solomon.c ****             found += mask1 & mask2 & 1;
 1450              		.loc 1 221 23 is_stmt 0 view .LVU525
 1451 0716 BDB2     		uxth	r5, r7
 1452 0718 0895     		str	r5, [sp, #32]
 222:/home/pacl/Documents/Repository/sca-2026/lib/crypto_kem/hqc128/pqclean/reed_solomon.c ****         }
 1453              		.loc 1 222 13 is_stmt 1 view .LVU526
 219:/home/pacl/Documents/Repository/sca-2026/lib/crypto_kem/hqc128/pqclean/reed_solomon.c ****             mask2 = ~((uint16_t) (-((int32_t) j ^ delta_counter) >> 31)); // j == delta_counter
 1454              		.loc 1 219 46 discriminator 3 view .LVU527
 1455              	.LVL101:
 219:/home/pacl/Documents/Repository/sca-2026/lib/crypto_kem/hqc128/pqclean/reed_solomon.c ****             mask2 = ~((uint16_t) (-((int32_t) j ^ delta_counter) >> 31)); // j == delta_counter
 1456              		.loc 1 219 30 discriminator 1 view .LVU528
 220:/home/pacl/Documents/Repository/sca-2026/lib/crypto_kem/hqc128/pqclean/reed_solomon.c ****             beta_j[j] += mask1 & mask2 & gf_exp[i];
 1457              		.loc 1 220 13 view .LVU529
 221:/home/pacl/Documents/Repository/sca-2026/lib/crypto_kem/hqc128/pqclean/reed_solomon.c ****             found += mask1 & mask2 & 1;
 1458              		.loc 1 221 13 view .LVU530
 221:/home/pacl/Documents/Repository/sca-2026/lib/crypto_kem/hqc128/pqclean/reed_solomon.c ****             found += mask1 & mask2 & 1;
 1459              		.loc 1 221 23 is_stmt 0 view .LVU531
 1460 071a 1FFA88F5 		uxth	r5, r8
 1461 071e 0995     		str	r5, [sp, #36]
 222:/home/pacl/Documents/Repository/sca-2026/lib/crypto_kem/hqc128/pqclean/reed_solomon.c ****         }
 1462              		.loc 1 222 13 is_stmt 1 view .LVU532
 219:/home/pacl/Documents/Repository/sca-2026/lib/crypto_kem/hqc128/pqclean/reed_solomon.c ****             mask2 = ~((uint16_t) (-((int32_t) j ^ delta_counter) >> 31)); // j == delta_counter
 1463              		.loc 1 219 46 discriminator 3 view .LVU533
 1464              	.LVL102:
 219:/home/pacl/Documents/Repository/sca-2026/lib/crypto_kem/hqc128/pqclean/reed_solomon.c ****             mask2 = ~((uint16_t) (-((int32_t) j ^ delta_counter) >> 31)); // j == delta_counter
 1465              		.loc 1 219 30 discriminator 1 view .LVU534
 220:/home/pacl/Documents/Repository/sca-2026/lib/crypto_kem/hqc128/pqclean/reed_solomon.c ****             beta_j[j] += mask1 & mask2 & gf_exp[i];
 1466              		.loc 1 220 13 view .LVU535
 221:/home/pacl/Documents/Repository/sca-2026/lib/crypto_kem/hqc128/pqclean/reed_solomon.c ****             found += mask1 & mask2 & 1;
 1467              		.loc 1 221 13 view .LVU536
 221:/home/pacl/Documents/Repository/sca-2026/lib/crypto_kem/hqc128/pqclean/reed_solomon.c ****             found += mask1 & mask2 & 1;
 1468              		.loc 1 221 23 is_stmt 0 view .LVU537
 1469 0720 1FFA8EF5 		uxth	r5, lr
 1470 0724 0A95     		str	r5, [sp, #40]
 222:/home/pacl/Documents/Repository/sca-2026/lib/crypto_kem/hqc128/pqclean/reed_solomon.c ****         }
 1471              		.loc 1 222 13 is_stmt 1 view .LVU538
 219:/home/pacl/Documents/Repository/sca-2026/lib/crypto_kem/hqc128/pqclean/reed_solomon.c ****             mask2 = ~((uint16_t) (-((int32_t) j ^ delta_counter) >> 31)); // j == delta_counter
 1472              		.loc 1 219 46 discriminator 3 view .LVU539
 1473              	.LVL103:
 219:/home/pacl/Documents/Repository/sca-2026/lib/crypto_kem/hqc128/pqclean/reed_solomon.c ****             mask2 = ~((uint16_t) (-((int32_t) j ^ delta_counter) >> 31)); // j == delta_counter
 1474              		.loc 1 219 30 discriminator 1 view .LVU540
 220:/home/pacl/Documents/Repository/sca-2026/lib/crypto_kem/hqc128/pqclean/reed_solomon.c ****             beta_j[j] += mask1 & mask2 & gf_exp[i];
 1475              		.loc 1 220 13 view .LVU541
 221:/home/pacl/Documents/Repository/sca-2026/lib/crypto_kem/hqc128/pqclean/reed_solomon.c ****             found += mask1 & mask2 & 1;
 1476              		.loc 1 221 13 view .LVU542
 221:/home/pacl/Documents/Repository/sca-2026/lib/crypto_kem/hqc128/pqclean/reed_solomon.c ****             found += mask1 & mask2 & 1;
 1477              		.loc 1 221 23 is_stmt 0 view .LVU543
 1478 0726 1FFA8CF5 		uxth	r5, ip
 1479 072a 0B95     		str	r5, [sp, #44]
 222:/home/pacl/Documents/Repository/sca-2026/lib/crypto_kem/hqc128/pqclean/reed_solomon.c ****         }
 1480              		.loc 1 222 13 is_stmt 1 view .LVU544
 219:/home/pacl/Documents/Repository/sca-2026/lib/crypto_kem/hqc128/pqclean/reed_solomon.c ****             mask2 = ~((uint16_t) (-((int32_t) j ^ delta_counter) >> 31)); // j == delta_counter
 1481              		.loc 1 219 46 discriminator 3 view .LVU545
 1482              	.LVL104:
 219:/home/pacl/Documents/Repository/sca-2026/lib/crypto_kem/hqc128/pqclean/reed_solomon.c ****             mask2 = ~((uint16_t) (-((int32_t) j ^ delta_counter) >> 31)); // j == delta_counter
 1483              		.loc 1 219 30 discriminator 1 view .LVU546
 220:/home/pacl/Documents/Repository/sca-2026/lib/crypto_kem/hqc128/pqclean/reed_solomon.c ****             beta_j[j] += mask1 & mask2 & gf_exp[i];
 1484              		.loc 1 220 13 view .LVU547
 221:/home/pacl/Documents/Repository/sca-2026/lib/crypto_kem/hqc128/pqclean/reed_solomon.c ****             found += mask1 & mask2 & 1;
 1485              		.loc 1 221 13 view .LVU548
 221:/home/pacl/Documents/Repository/sca-2026/lib/crypto_kem/hqc128/pqclean/reed_solomon.c ****             found += mask1 & mask2 & 1;
 1486              		.loc 1 221 23 is_stmt 0 view .LVU549
 1487 072c B5B2     		uxth	r5, r6
 1488 072e 0C95     		str	r5, [sp, #48]
 222:/home/pacl/Documents/Repository/sca-2026/lib/crypto_kem/hqc128/pqclean/reed_solomon.c ****         }
 1489              		.loc 1 222 13 is_stmt 1 view .LVU550
 219:/home/pacl/Documents/Repository/sca-2026/lib/crypto_kem/hqc128/pqclean/reed_solomon.c ****             mask2 = ~((uint16_t) (-((int32_t) j ^ delta_counter) >> 31)); // j == delta_counter
 1490              		.loc 1 219 46 discriminator 3 view .LVU551
 1491              	.LVL105:
 219:/home/pacl/Documents/Repository/sca-2026/lib/crypto_kem/hqc128/pqclean/reed_solomon.c ****             mask2 = ~((uint16_t) (-((int32_t) j ^ delta_counter) >> 31)); // j == delta_counter
 1492              		.loc 1 219 30 discriminator 1 view .LVU552
 220:/home/pacl/Documents/Repository/sca-2026/lib/crypto_kem/hqc128/pqclean/reed_solomon.c ****             beta_j[j] += mask1 & mask2 & gf_exp[i];
 1493              		.loc 1 220 13 view .LVU553
 221:/home/pacl/Documents/Repository/sca-2026/lib/crypto_kem/hqc128/pqclean/reed_solomon.c ****             found += mask1 & mask2 & 1;
 1494              		.loc 1 221 13 view .LVU554
 221:/home/pacl/Documents/Repository/sca-2026/lib/crypto_kem/hqc128/pqclean/reed_solomon.c ****             found += mask1 & mask2 & 1;
 1495              		.loc 1 221 23 is_stmt 0 view .LVU555
 1496 0730 BDF83450 		ldrh	r5, [sp, #52]
 1497 0734 0D95     		str	r5, [sp, #52]
 222:/home/pacl/Documents/Repository/sca-2026/lib/crypto_kem/hqc128/pqclean/reed_solomon.c ****         }
 1498              		.loc 1 222 13 is_stmt 1 view .LVU556
 219:/home/pacl/Documents/Repository/sca-2026/lib/crypto_kem/hqc128/pqclean/reed_solomon.c ****             mask2 = ~((uint16_t) (-((int32_t) j ^ delta_counter) >> 31)); // j == delta_counter
 1499              		.loc 1 219 46 discriminator 3 view .LVU557
 1500              	.LVL106:
 219:/home/pacl/Documents/Repository/sca-2026/lib/crypto_kem/hqc128/pqclean/reed_solomon.c ****             mask2 = ~((uint16_t) (-((int32_t) j ^ delta_counter) >> 31)); // j == delta_counter
 1501              		.loc 1 219 30 discriminator 1 view .LVU558
 220:/home/pacl/Documents/Repository/sca-2026/lib/crypto_kem/hqc128/pqclean/reed_solomon.c ****             beta_j[j] += mask1 & mask2 & gf_exp[i];
 1502              		.loc 1 220 13 view .LVU559
 221:/home/pacl/Documents/Repository/sca-2026/lib/crypto_kem/hqc128/pqclean/reed_solomon.c ****             found += mask1 & mask2 & 1;
 1503              		.loc 1 221 13 view .LVU560
 221:/home/pacl/Documents/Repository/sca-2026/lib/crypto_kem/hqc128/pqclean/reed_solomon.c ****             found += mask1 & mask2 & 1;
 1504              		.loc 1 221 23 is_stmt 0 view .LVU561
 1505 0736 A5B2     		uxth	r5, r4
 1506 0738 0E95     		str	r5, [sp, #56]
 222:/home/pacl/Documents/Repository/sca-2026/lib/crypto_kem/hqc128/pqclean/reed_solomon.c ****         }
 1507              		.loc 1 222 13 is_stmt 1 view .LVU562
 219:/home/pacl/Documents/Repository/sca-2026/lib/crypto_kem/hqc128/pqclean/reed_solomon.c ****             mask2 = ~((uint16_t) (-((int32_t) j ^ delta_counter) >> 31)); // j == delta_counter
 1508              		.loc 1 219 46 discriminator 3 view .LVU563
 1509              	.LVL107:
 219:/home/pacl/Documents/Repository/sca-2026/lib/crypto_kem/hqc128/pqclean/reed_solomon.c ****             mask2 = ~((uint16_t) (-((int32_t) j ^ delta_counter) >> 31)); // j == delta_counter
 1510              		.loc 1 219 30 discriminator 1 view .LVU564
 220:/home/pacl/Documents/Repository/sca-2026/lib/crypto_kem/hqc128/pqclean/reed_solomon.c ****             beta_j[j] += mask1 & mask2 & gf_exp[i];
 1511              		.loc 1 220 13 view .LVU565
 221:/home/pacl/Documents/Repository/sca-2026/lib/crypto_kem/hqc128/pqclean/reed_solomon.c ****             found += mask1 & mask2 & 1;
 1512              		.loc 1 221 13 view .LVU566
 221:/home/pacl/Documents/Repository/sca-2026/lib/crypto_kem/hqc128/pqclean/reed_solomon.c ****             found += mask1 & mask2 & 1;
 1513              		.loc 1 221 23 is_stmt 0 view .LVU567
 1514 073a 85B2     		uxth	r5, r0
 1515 073c 89B2     		uxth	r1, r1
 1516 073e 0F95     		str	r5, [sp, #60]
 222:/home/pacl/Documents/Repository/sca-2026/lib/crypto_kem/hqc128/pqclean/reed_solomon.c ****         }
 1517              		.loc 1 222 13 is_stmt 1 view .LVU568
 219:/home/pacl/Documents/Repository/sca-2026/lib/crypto_kem/hqc128/pqclean/reed_solomon.c ****             mask2 = ~((uint16_t) (-((int32_t) j ^ delta_counter) >> 31)); // j == delta_counter
 1518              		.loc 1 219 46 discriminator 3 view .LVU569
 1519              	.LVL108:
 219:/home/pacl/Documents/Repository/sca-2026/lib/crypto_kem/hqc128/pqclean/reed_solomon.c ****             mask2 = ~((uint16_t) (-((int32_t) j ^ delta_counter) >> 31)); // j == delta_counter
 1520              		.loc 1 219 30 discriminator 1 view .LVU570
 220:/home/pacl/Documents/Repository/sca-2026/lib/crypto_kem/hqc128/pqclean/reed_solomon.c ****             beta_j[j] += mask1 & mask2 & gf_exp[i];
 1521              		.loc 1 220 13 view .LVU571
 221:/home/pacl/Documents/Repository/sca-2026/lib/crypto_kem/hqc128/pqclean/reed_solomon.c ****             found += mask1 & mask2 & 1;
 1522              		.loc 1 221 13 view .LVU572
 1523 0740 169D     		ldr	r5, [sp, #88]
 221:/home/pacl/Documents/Repository/sca-2026/lib/crypto_kem/hqc128/pqclean/reed_solomon.c ****             found += mask1 & mask2 & 1;
 1524              		.loc 1 221 23 is_stmt 0 view .LVU573
 1525 0742 0191     		str	r1, [sp, #4]
 222:/home/pacl/Documents/Repository/sca-2026/lib/crypto_kem/hqc128/pqclean/reed_solomon.c ****         }
 1526              		.loc 1 222 13 is_stmt 1 view .LVU574
 219:/home/pacl/Documents/Repository/sca-2026/lib/crypto_kem/hqc128/pqclean/reed_solomon.c ****             mask2 = ~((uint16_t) (-((int32_t) j ^ delta_counter) >> 31)); // j == delta_counter
 1527              		.loc 1 219 46 discriminator 3 view .LVU575
 1528              	.LVL109:
 219:/home/pacl/Documents/Repository/sca-2026/lib/crypto_kem/hqc128/pqclean/reed_solomon.c ****             mask2 = ~((uint16_t) (-((int32_t) j ^ delta_counter) >> 31)); // j == delta_counter
 1529              		.loc 1 219 30 discriminator 1 view .LVU576
 220:/home/pacl/Documents/Repository/sca-2026/lib/crypto_kem/hqc128/pqclean/reed_solomon.c ****             beta_j[j] += mask1 & mask2 & gf_exp[i];
 1530              		.loc 1 220 13 view .LVU577
 221:/home/pacl/Documents/Repository/sca-2026/lib/crypto_kem/hqc128/pqclean/reed_solomon.c ****             found += mask1 & mask2 & 1;
 1531              		.loc 1 221 13 view .LVU578
 222:/home/pacl/Documents/Repository/sca-2026/lib/crypto_kem/hqc128/pqclean/reed_solomon.c ****         }
 1532              		.loc 1 222 36 is_stmt 0 view .LVU579
 1533 0744 02F00101 		and	r1, r2, #1
 1534 0748 2944     		add	r1, r1, r5
 221:/home/pacl/Documents/Repository/sca-2026/lib/crypto_kem/hqc128/pqclean/reed_solomon.c ****             found += mask1 & mask2 & 1;
 1535              		.loc 1 221 23 view .LVU580
 1536 074a 029D     		ldr	r5, [sp, #8]
 222:/home/pacl/Documents/Repository/sca-2026/lib/crypto_kem/hqc128/pqclean/reed_solomon.c ****         }
 1537              		.loc 1 222 36 view .LVU581
 1538 074c 149C     		ldr	r4, [sp, #80]
 221:/home/pacl/Documents/Repository/sca-2026/lib/crypto_kem/hqc128/pqclean/reed_solomon.c ****             found += mask1 & mask2 & 1;
 1539              		.loc 1 221 23 view .LVU582
 1540 074e 1598     		ldr	r0, [sp, #84]
 1541 0750 1A40     		ands	r2, r2, r3
 1542 0752 1544     		add	r5, r5, r2
 1543 0754 AAB2     		uxth	r2, r5
 1544 0756 0292     		str	r2, [sp, #8]
 222:/home/pacl/Documents/Repository/sca-2026/lib/crypto_kem/hqc128/pqclean/reed_solomon.c ****         }
 1545              		.loc 1 222 13 is_stmt 1 view .LVU583
 219:/home/pacl/Documents/Repository/sca-2026/lib/crypto_kem/hqc128/pqclean/reed_solomon.c ****             mask2 = ~((uint16_t) (-((int32_t) j ^ delta_counter) >> 31)); // j == delta_counter
 1546              		.loc 1 219 46 discriminator 3 view .LVU584
 1547              	.LVL110:
 219:/home/pacl/Documents/Repository/sca-2026/lib/crypto_kem/hqc128/pqclean/reed_solomon.c ****             mask2 = ~((uint16_t) (-((int32_t) j ^ delta_counter) >> 31)); // j == delta_counter
 1548              		.loc 1 219 30 discriminator 1 view .LVU585
 220:/home/pacl/Documents/Repository/sca-2026/lib/crypto_kem/hqc128/pqclean/reed_solomon.c ****             beta_j[j] += mask1 & mask2 & gf_exp[i];
 1549              		.loc 1 220 13 view .LVU586
 221:/home/pacl/Documents/Repository/sca-2026/lib/crypto_kem/hqc128/pqclean/reed_solomon.c ****             found += mask1 & mask2 & 1;
 1550              		.loc 1 221 13 view .LVU587
 222:/home/pacl/Documents/Repository/sca-2026/lib/crypto_kem/hqc128/pqclean/reed_solomon.c ****         }
 1551              		.loc 1 222 36 is_stmt 0 view .LVU588
 1552 0758 04F00102 		and	r2, r4, #1
 1553 075c 0A44     		add	r2, r2, r1
 221:/home/pacl/Documents/Repository/sca-2026/lib/crypto_kem/hqc128/pqclean/reed_solomon.c ****             found += mask1 & mask2 & 1;
 1554              		.loc 1 221 23 view .LVU589
 1555 075e 04EA0301 		and	r1, r4, r3
 1556 0762 039C     		ldr	r4, [sp, #12]
 1557 0764 0C44     		add	r4, r4, r1
 1558 0766 2146     		mov	r1, r4
 1559 0768 049C     		ldr	r4, [sp, #16]
 1560 076a 0340     		ands	r3, r3, r0
 222:/home/pacl/Documents/Repository/sca-2026/lib/crypto_kem/hqc128/pqclean/reed_solomon.c ****         }
 1561              		.loc 1 222 36 view .LVU590
 1562 076c 00F00100 		and	r0, r0, #1
 221:/home/pacl/Documents/Repository/sca-2026/lib/crypto_kem/hqc128/pqclean/reed_solomon.c ****             found += mask1 & mask2 & 1;
 1563              		.loc 1 221 23 view .LVU591
 1564 0770 1C44     		add	r4, r4, r3
 1565              	.LBE46:
 224:/home/pacl/Documents/Repository/sca-2026/lib/crypto_kem/hqc128/pqclean/reed_solomon.c ****     }
 1566              		.loc 1 224 23 view .LVU592
 1567 0772 10FA82F2 		uxtah	r2, r0, r2
 216:/home/pacl/Documents/Repository/sca-2026/lib/crypto_kem/hqc128/pqclean/reed_solomon.c ****         found = 0;
 1568              		.loc 1 216 26 discriminator 1 view .LVU593
 1569 0776 009B     		ldr	r3, [sp]
 1570              	.LBB47:
 221:/home/pacl/Documents/Repository/sca-2026/lib/crypto_kem/hqc128/pqclean/reed_solomon.c ****             found += mask1 & mask2 & 1;
 1571              		.loc 1 221 23 view .LVU594
 1572 0778 89B2     		uxth	r1, r1
 1573              	.LBE47:
 224:/home/pacl/Documents/Repository/sca-2026/lib/crypto_kem/hqc128/pqclean/reed_solomon.c ****     }
 1574              		.loc 1 224 23 view .LVU595
 1575 077a 1FFA82FA 		uxth	r10, r2
 216:/home/pacl/Documents/Repository/sca-2026/lib/crypto_kem/hqc128/pqclean/reed_solomon.c ****         found = 0;
 1576              		.loc 1 216 26 discriminator 1 view .LVU596
 1577 077e 0DF2CD12 		addw	r2, sp, #461
 1578              	.LBB48:
 221:/home/pacl/Documents/Repository/sca-2026/lib/crypto_kem/hqc128/pqclean/reed_solomon.c ****             found += mask1 & mask2 & 1;
 1579              		.loc 1 221 23 view .LVU597
 1580 0782 0391     		str	r1, [sp, #12]
 222:/home/pacl/Documents/Repository/sca-2026/lib/crypto_kem/hqc128/pqclean/reed_solomon.c ****         }
 1581              		.loc 1 222 13 is_stmt 1 view .LVU598
 219:/home/pacl/Documents/Repository/sca-2026/lib/crypto_kem/hqc128/pqclean/reed_solomon.c ****             mask2 = ~((uint16_t) (-((int32_t) j ^ delta_counter) >> 31)); // j == delta_counter
 1582              		.loc 1 219 46 discriminator 3 view .LVU599
 1583              	.LVL111:
 219:/home/pacl/Documents/Repository/sca-2026/lib/crypto_kem/hqc128/pqclean/reed_solomon.c ****             mask2 = ~((uint16_t) (-((int32_t) j ^ delta_counter) >> 31)); // j == delta_counter
 1584              		.loc 1 219 30 discriminator 1 view .LVU600
 220:/home/pacl/Documents/Repository/sca-2026/lib/crypto_kem/hqc128/pqclean/reed_solomon.c ****             beta_j[j] += mask1 & mask2 & gf_exp[i];
 1585              		.loc 1 220 13 view .LVU601
 221:/home/pacl/Documents/Repository/sca-2026/lib/crypto_kem/hqc128/pqclean/reed_solomon.c ****             found += mask1 & mask2 & 1;
 1586              		.loc 1 221 13 view .LVU602
 1587              	.LBE48:
 216:/home/pacl/Documents/Repository/sca-2026/lib/crypto_kem/hqc128/pqclean/reed_solomon.c ****         found = 0;
 1588              		.loc 1 216 26 is_stmt 0 discriminator 1 view .LVU603
 1589 0784 9A42     		cmp	r2, r3
 1590              	.LBB49:
 221:/home/pacl/Documents/Repository/sca-2026/lib/crypto_kem/hqc128/pqclean/reed_solomon.c ****             found += mask1 & mask2 & 1;
 1591              		.loc 1 221 23 view .LVU604
 1592 0786 A1B2     		uxth	r1, r4
 1593 0788 0491     		str	r1, [sp, #16]
 222:/home/pacl/Documents/Repository/sca-2026/lib/crypto_kem/hqc128/pqclean/reed_solomon.c ****         }
 1594              		.loc 1 222 13 is_stmt 1 view .LVU605
 219:/home/pacl/Documents/Repository/sca-2026/lib/crypto_kem/hqc128/pqclean/reed_solomon.c ****             mask2 = ~((uint16_t) (-((int32_t) j ^ delta_counter) >> 31)); // j == delta_counter
 1595              		.loc 1 219 46 discriminator 3 view .LVU606
 1596              	.LVL112:
 219:/home/pacl/Documents/Repository/sca-2026/lib/crypto_kem/hqc128/pqclean/reed_solomon.c ****             mask2 = ~((uint16_t) (-((int32_t) j ^ delta_counter) >> 31)); // j == delta_counter
 1597              		.loc 1 219 30 discriminator 1 view .LVU607
 1598              	.LBE49:
 224:/home/pacl/Documents/Repository/sca-2026/lib/crypto_kem/hqc128/pqclean/reed_solomon.c ****     }
 1599              		.loc 1 224 9 view .LVU608
 216:/home/pacl/Documents/Repository/sca-2026/lib/crypto_kem/hqc128/pqclean/reed_solomon.c ****         found = 0;
 1600              		.loc 1 216 39 discriminator 2 view .LVU609
 216:/home/pacl/Documents/Repository/sca-2026/lib/crypto_kem/hqc128/pqclean/reed_solomon.c ****         found = 0;
 1601              		.loc 1 216 26 discriminator 1 view .LVU610
 1602 078a 7FF4A4AE 		bne	.L24
 1603 078e 059B     		ldr	r3, [sp, #20]
 1604 0790 ADF86830 		strh	r3, [sp, #104]	@ movhi
 1605 0794 069B     		ldr	r3, [sp, #24]
 1606 0796 ADF86A30 		strh	r3, [sp, #106]	@ movhi
 1607 079a 079B     		ldr	r3, [sp, #28]
 1608 079c ADF86C30 		strh	r3, [sp, #108]	@ movhi
 1609 07a0 089B     		ldr	r3, [sp, #32]
 1610 07a2 ADF86E30 		strh	r3, [sp, #110]	@ movhi
 1611 07a6 099B     		ldr	r3, [sp, #36]
 1612 07a8 ADF87030 		strh	r3, [sp, #112]	@ movhi
 1613 07ac 0A9B     		ldr	r3, [sp, #40]
 1614 07ae ADF87230 		strh	r3, [sp, #114]	@ movhi
 1615 07b2 0B9B     		ldr	r3, [sp, #44]
 1616 07b4 ADF87430 		strh	r3, [sp, #116]	@ movhi
 1617 07b8 0C9B     		ldr	r3, [sp, #48]
 1618 07ba ADF87630 		strh	r3, [sp, #118]	@ movhi
 1619 07be 029B     		ldr	r3, [sp, #8]
 1620 07c0 ADF88030 		strh	r3, [sp, #128]	@ movhi
 1621 07c4 039B     		ldr	r3, [sp, #12]
 1622 07c6 ADF88230 		strh	r3, [sp, #130]	@ movhi
 1623 07ca ADF88410 		strh	r1, [sp, #132]	@ movhi
 1624 07ce 0023     		movs	r3, #0
 1625 07d0 0F99     		ldr	r1, [sp, #60]
 1626 07d2 199E     		ldr	r6, [sp, #100]
 1627              	.LBE50:
 1628              	.LBB51:
 1629              	.LBB52:
 240:/home/pacl/Documents/Repository/sca-2026/lib/crypto_kem/hqc128/pqclean/reed_solomon.c ****         }
 1630              		.loc 1 240 111 is_stmt 0 view .LVU611
 1631 07d4 DFF81C90 		ldr	r9, .L45+4
 1632 07d8 1A46     		mov	r2, r3
 1633 07da 61F30F02 		bfi	r2, r1, #0, #16
 1634 07de 0D99     		ldr	r1, [sp, #52]
 1635 07e0 61F30F03 		bfi	r3, r1, #0, #16
 1636 07e4 0E99     		ldr	r1, [sp, #56]
 1637 07e6 61F31F43 		bfi	r3, r1, #16, #16
 1638 07ea 0199     		ldr	r1, [sp, #4]
 1639 07ec 04E0     		b	.L46
 1640              	.L47:
 1641 07ee 00BF     		.align	2
 1642              	.L45:
 1643 07f0 CA0A0000 		.word	.LANCHOR0+2762
 1644 07f4 89888888 		.word	-2004318071
 1645              	.L46:
 1646 07f8 61F31F42 		bfi	r2, r1, #16, #16
 1647 07fc CDE91E32 		strd	r3, r2, [sp, #120]
 1648 0800 6FF00E02 		mvn	r2, #14
 1649 0804 A2EB0A02 		sub	r2, r2, r10
 1650              	.LBE52:
 1651              	.LBE51:
 1652              	.LBB56:
 216:/home/pacl/Documents/Repository/sca-2026/lib/crypto_kem/hqc128/pqclean/reed_solomon.c ****         found = 0;
 1653              		.loc 1 216 26 discriminator 1 view .LVU612
 1654 0808 CDE90026 		strd	r2, r6, [sp]
 1655              	.LVL113:
 216:/home/pacl/Documents/Repository/sca-2026/lib/crypto_kem/hqc128/pqclean/reed_solomon.c ****         found = 0;
 1656              		.loc 1 216 26 discriminator 1 view .LVU613
 1657 080c 0DF1660A 		add	r10, sp, #102
 1658 0810 0DF29E2B 		addw	fp, sp, #670
 1659 0814 4FF00F08 		mov	r8, #15
 1660              	.LVL114:
 1661              	.L27:
 216:/home/pacl/Documents/Repository/sca-2026/lib/crypto_kem/hqc128/pqclean/reed_solomon.c ****         found = 0;
 1662              		.loc 1 216 26 discriminator 1 view .LVU614
 1663              	.LBE56:
 1664              	.LBB57:
 230:/home/pacl/Documents/Repository/sca-2026/lib/crypto_kem/hqc128/pqclean/reed_solomon.c ****         tmp2 = 1;
 1665              		.loc 1 230 9 is_stmt 1 view .LVU615
 231:/home/pacl/Documents/Repository/sca-2026/lib/crypto_kem/hqc128/pqclean/reed_solomon.c ****         inverse = PQCLEAN_HQC128_CLEAN_gf_inverse(beta_j[i]);
 1666              		.loc 1 231 9 view .LVU616
 232:/home/pacl/Documents/Repository/sca-2026/lib/crypto_kem/hqc128/pqclean/reed_solomon.c ****         inverse_power_j = 1;
 1667              		.loc 1 232 9 view .LVU617
 232:/home/pacl/Documents/Repository/sca-2026/lib/crypto_kem/hqc128/pqclean/reed_solomon.c ****         inverse_power_j = 1;
 1668              		.loc 1 232 19 is_stmt 0 view .LVU618
 1669 0818 3AF8020F 		ldrh	r0, [r10, #2]!
 1670 081c FFF7FEFF 		bl	PQCLEAN_HQC128_CLEAN_gf_inverse
 1671              	.LVL115:
 230:/home/pacl/Documents/Repository/sca-2026/lib/crypto_kem/hqc128/pqclean/reed_solomon.c ****         tmp2 = 1;
 1672              		.loc 1 230 14 view .LVU619
 1673 0820 0124     		movs	r4, #1
 232:/home/pacl/Documents/Repository/sca-2026/lib/crypto_kem/hqc128/pqclean/reed_solomon.c ****         inverse_power_j = 1;
 1674              		.loc 1 232 19 view .LVU620
 1675 0822 0746     		mov	r7, r0
 1676              	.LVL116:
 233:/home/pacl/Documents/Repository/sca-2026/lib/crypto_kem/hqc128/pqclean/reed_solomon.c **** 
 1677              		.loc 1 233 9 is_stmt 1 view .LVU621
 235:/home/pacl/Documents/Repository/sca-2026/lib/crypto_kem/hqc128/pqclean/reed_solomon.c ****             inverse_power_j = PQCLEAN_HQC128_CLEAN_gf_mul(inverse_power_j, inverse);
 1678              		.loc 1 235 9 view .LVU622
 1679              	.LBB53:
 235:/home/pacl/Documents/Repository/sca-2026/lib/crypto_kem/hqc128/pqclean/reed_solomon.c ****             inverse_power_j = PQCLEAN_HQC128_CLEAN_gf_mul(inverse_power_j, inverse);
 1680              		.loc 1 235 14 view .LVU623
 235:/home/pacl/Documents/Repository/sca-2026/lib/crypto_kem/hqc128/pqclean/reed_solomon.c ****             inverse_power_j = PQCLEAN_HQC128_CLEAN_gf_mul(inverse_power_j, inverse);
 1681              		.loc 1 235 30 discriminator 1 view .LVU624
 1682              	.LBE53:
 232:/home/pacl/Documents/Repository/sca-2026/lib/crypto_kem/hqc128/pqclean/reed_solomon.c ****         inverse_power_j = 1;
 1683              		.loc 1 232 19 is_stmt 0 view .LVU625
 1684 0824 3AAE     		add	r6, sp, #232
 1685              	.LVL117:
 233:/home/pacl/Documents/Repository/sca-2026/lib/crypto_kem/hqc128/pqclean/reed_solomon.c **** 
 1686              		.loc 1 233 25 view .LVU626
 1687 0826 2546     		mov	r5, r4
 1688              	.LVL118:
 1689              	.L25:
 1690              	.LBB54:
 236:/home/pacl/Documents/Repository/sca-2026/lib/crypto_kem/hqc128/pqclean/reed_solomon.c ****             tmp1 ^= PQCLEAN_HQC128_CLEAN_gf_mul(inverse_power_j, z[j]);
 1691              		.loc 1 236 13 is_stmt 1 view .LVU627
 236:/home/pacl/Documents/Repository/sca-2026/lib/crypto_kem/hqc128/pqclean/reed_solomon.c ****             tmp1 ^= PQCLEAN_HQC128_CLEAN_gf_mul(inverse_power_j, z[j]);
 1692              		.loc 1 236 31 is_stmt 0 view .LVU628
 1693 0828 2846     		mov	r0, r5
 1694 082a 3946     		mov	r1, r7
 1695 082c FFF7FEFF 		bl	PQCLEAN_HQC128_CLEAN_gf_mul
 1696              	.LVL119:
 237:/home/pacl/Documents/Repository/sca-2026/lib/crypto_kem/hqc128/pqclean/reed_solomon.c ****         }
 1697              		.loc 1 237 21 view .LVU629
 1698 0830 36F8021F 		ldrh	r1, [r6, #2]!
 236:/home/pacl/Documents/Repository/sca-2026/lib/crypto_kem/hqc128/pqclean/reed_solomon.c ****             tmp1 ^= PQCLEAN_HQC128_CLEAN_gf_mul(inverse_power_j, z[j]);
 1699              		.loc 1 236 31 view .LVU630
 1700 0834 0546     		mov	r5, r0
 1701              	.LVL120:
 237:/home/pacl/Documents/Repository/sca-2026/lib/crypto_kem/hqc128/pqclean/reed_solomon.c ****         }
 1702              		.loc 1 237 13 is_stmt 1 view .LVU631
 237:/home/pacl/Documents/Repository/sca-2026/lib/crypto_kem/hqc128/pqclean/reed_solomon.c ****         }
 1703              		.loc 1 237 21 is_stmt 0 view .LVU632
 1704 0836 FFF7FEFF 		bl	PQCLEAN_HQC128_CLEAN_gf_mul
 1705              	.LVL121:
 235:/home/pacl/Documents/Repository/sca-2026/lib/crypto_kem/hqc128/pqclean/reed_solomon.c ****             inverse_power_j = PQCLEAN_HQC128_CLEAN_gf_mul(inverse_power_j, inverse);
 1706              		.loc 1 235 30 discriminator 1 view .LVU633
 1707 083a 0DF58373 		add	r3, sp, #262
 237:/home/pacl/Documents/Repository/sca-2026/lib/crypto_kem/hqc128/pqclean/reed_solomon.c ****         }
 1708              		.loc 1 237 18 discriminator 1 view .LVU634
 1709 083e 4440     		eors	r4, r4, r0
 1710              	.LVL122:
 235:/home/pacl/Documents/Repository/sca-2026/lib/crypto_kem/hqc128/pqclean/reed_solomon.c ****             inverse_power_j = PQCLEAN_HQC128_CLEAN_gf_mul(inverse_power_j, inverse);
 1711              		.loc 1 235 30 discriminator 1 view .LVU635
 1712 0840 B342     		cmp	r3, r6
 237:/home/pacl/Documents/Repository/sca-2026/lib/crypto_kem/hqc128/pqclean/reed_solomon.c ****         }
 1713              		.loc 1 237 18 discriminator 1 view .LVU636
 1714 0842 A4B2     		uxth	r4, r4
 1715              	.LVL123:
 235:/home/pacl/Documents/Repository/sca-2026/lib/crypto_kem/hqc128/pqclean/reed_solomon.c ****             inverse_power_j = PQCLEAN_HQC128_CLEAN_gf_mul(inverse_power_j, inverse);
 1716              		.loc 1 235 46 is_stmt 1 discriminator 3 view .LVU637
 235:/home/pacl/Documents/Repository/sca-2026/lib/crypto_kem/hqc128/pqclean/reed_solomon.c ****             inverse_power_j = PQCLEAN_HQC128_CLEAN_gf_mul(inverse_power_j, inverse);
 1717              		.loc 1 235 30 discriminator 1 view .LVU638
 1718 0844 F0D1     		bne	.L25
 1719 0846 A8F10E06 		sub	r6, r8, #14
 1720              	.LBE54:
 231:/home/pacl/Documents/Repository/sca-2026/lib/crypto_kem/hqc128/pqclean/reed_solomon.c ****         inverse = PQCLEAN_HQC128_CLEAN_gf_inverse(beta_j[i]);
 1721              		.loc 1 231 14 is_stmt 0 view .LVU639
 1722 084a 0125     		movs	r5, #1
 1723              	.LVL124:
 1724              	.L26:
 1725              	.LBB55:
 240:/home/pacl/Documents/Repository/sca-2026/lib/crypto_kem/hqc128/pqclean/reed_solomon.c ****         }
 1726              		.loc 1 240 13 is_stmt 1 view .LVU640
 240:/home/pacl/Documents/Repository/sca-2026/lib/crypto_kem/hqc128/pqclean/reed_solomon.c ****         }
 1727              		.loc 1 240 111 is_stmt 0 view .LVU641
 1728 084c A9FB0623 		umull	r2, r3, r9, r6
 1729 0850 DB08     		lsrs	r3, r3, #3
 1730 0852 C3EB0313 		rsb	r3, r3, r3, lsl #4
 1731 0856 F31A     		subs	r3, r6, r3
 240:/home/pacl/Documents/Repository/sca-2026/lib/crypto_kem/hqc128/pqclean/reed_solomon.c ****         }
 1732              		.loc 1 240 59 view .LVU642
 1733 0858 1AAA     		add	r2, sp, #104
 1734 085a 3846     		mov	r0, r7
 1735 085c 32F81310 		ldrh	r1, [r2, r3, lsl #1]
 1736 0860 FFF7FEFF 		bl	PQCLEAN_HQC128_CLEAN_gf_mul
 1737              	.LVL125:
 240:/home/pacl/Documents/Repository/sca-2026/lib/crypto_kem/hqc128/pqclean/reed_solomon.c ****         }
 1738              		.loc 1 240 20 discriminator 1 view .LVU643
 1739 0864 80F00101 		eor	r1, r0, #1
 1740 0868 89B2     		uxth	r1, r1
 1741 086a 2846     		mov	r0, r5
 1742 086c FFF7FEFF 		bl	PQCLEAN_HQC128_CLEAN_gf_mul
 1743              	.LVL126:
 239:/home/pacl/Documents/Repository/sca-2026/lib/crypto_kem/hqc128/pqclean/reed_solomon.c ****             tmp2 = PQCLEAN_HQC128_CLEAN_gf_mul(tmp2, (1 ^ PQCLEAN_HQC128_CLEAN_gf_mul(inverse, beta
 1744              		.loc 1 239 30 discriminator 1 view .LVU644
 1745 0870 0136     		adds	r6, r6, #1
 1746              	.LVL127:
 239:/home/pacl/Documents/Repository/sca-2026/lib/crypto_kem/hqc128/pqclean/reed_solomon.c ****             tmp2 = PQCLEAN_HQC128_CLEAN_gf_mul(tmp2, (1 ^ PQCLEAN_HQC128_CLEAN_gf_mul(inverse, beta
 1747              		.loc 1 239 30 discriminator 1 view .LVU645
 1748 0872 4645     		cmp	r6, r8
 240:/home/pacl/Documents/Repository/sca-2026/lib/crypto_kem/hqc128/pqclean/reed_solomon.c ****         }
 1749              		.loc 1 240 20 discriminator 1 view .LVU646
 1750 0874 0546     		mov	r5, r0
 1751              	.LVL128:
 239:/home/pacl/Documents/Repository/sca-2026/lib/crypto_kem/hqc128/pqclean/reed_solomon.c ****             tmp2 = PQCLEAN_HQC128_CLEAN_gf_mul(tmp2, (1 ^ PQCLEAN_HQC128_CLEAN_gf_mul(inverse, beta
 1752              		.loc 1 239 45 is_stmt 1 discriminator 3 view .LVU647
 239:/home/pacl/Documents/Repository/sca-2026/lib/crypto_kem/hqc128/pqclean/reed_solomon.c ****             tmp2 = PQCLEAN_HQC128_CLEAN_gf_mul(tmp2, (1 ^ PQCLEAN_HQC128_CLEAN_gf_mul(inverse, beta
 1753              		.loc 1 239 30 discriminator 1 view .LVU648
 1754 0876 E9D1     		bne	.L26
 1755              	.LBE55:
 242:/home/pacl/Documents/Repository/sca-2026/lib/crypto_kem/hqc128/pqclean/reed_solomon.c ****         e_j[i] = mask1 & PQCLEAN_HQC128_CLEAN_gf_mul(tmp1, PQCLEAN_HQC128_CLEAN_gf_inverse(tmp2));
 1756              		.loc 1 242 9 view .LVU649
 1757              	.LVL129:
 243:/home/pacl/Documents/Repository/sca-2026/lib/crypto_kem/hqc128/pqclean/reed_solomon.c ****     }
 1758              		.loc 1 243 9 view .LVU650
 243:/home/pacl/Documents/Repository/sca-2026/lib/crypto_kem/hqc128/pqclean/reed_solomon.c ****     }
 1759              		.loc 1 243 26 is_stmt 0 view .LVU651
 1760 0878 FFF7FEFF 		bl	PQCLEAN_HQC128_CLEAN_gf_inverse
 1761              	.LVL130:
 243:/home/pacl/Documents/Repository/sca-2026/lib/crypto_kem/hqc128/pqclean/reed_solomon.c ****     }
 1762              		.loc 1 243 26 view .LVU652
 1763 087c 0146     		mov	r1, r0
 243:/home/pacl/Documents/Repository/sca-2026/lib/crypto_kem/hqc128/pqclean/reed_solomon.c ****     }
 1764              		.loc 1 243 26 discriminator 1 view .LVU653
 1765 087e 2046     		mov	r0, r4
 1766 0880 FFF7FEFF 		bl	PQCLEAN_HQC128_CLEAN_gf_mul
 1767              	.LVL131:
 242:/home/pacl/Documents/Repository/sca-2026/lib/crypto_kem/hqc128/pqclean/reed_solomon.c ****         e_j[i] = mask1 & PQCLEAN_HQC128_CLEAN_gf_mul(tmp1, PQCLEAN_HQC128_CLEAN_gf_inverse(tmp2));
 1768              		.loc 1 242 42 view .LVU654
 1769 0884 009B     		ldr	r3, [sp]
 1770 0886 3344     		add	r3, r3, r6
 243:/home/pacl/Documents/Repository/sca-2026/lib/crypto_kem/hqc128/pqclean/reed_solomon.c ****     }
 1771              		.loc 1 243 16 discriminator 2 view .LVU655
 1772 0888 00EAE333 		and	r3, r0, r3, asr #15
 229:/home/pacl/Documents/Repository/sca-2026/lib/crypto_kem/hqc128/pqclean/reed_solomon.c ****         tmp1 = 1;
 1773              		.loc 1 229 26 discriminator 1 view .LVU656
 1774 088c 1D2E     		cmp	r6, #29
 243:/home/pacl/Documents/Repository/sca-2026/lib/crypto_kem/hqc128/pqclean/reed_solomon.c ****     }
 1775              		.loc 1 243 16 discriminator 2 view .LVU657
 1776 088e 2BF8023F 		strh	r3, [fp, #2]!	@ movhi
 229:/home/pacl/Documents/Repository/sca-2026/lib/crypto_kem/hqc128/pqclean/reed_solomon.c ****         tmp1 = 1;
 1777              		.loc 1 229 41 is_stmt 1 discriminator 2 view .LVU658
 1778              	.LVL132:
 229:/home/pacl/Documents/Repository/sca-2026/lib/crypto_kem/hqc128/pqclean/reed_solomon.c ****         tmp1 = 1;
 1779              		.loc 1 229 26 discriminator 1 view .LVU659
 1780 0892 06F10108 		add	r8, r6, #1
 1781 0896 BFD1     		bne	.L27
 1782              	.LBE57:
 1783              	.LBB58:
 1784              	.LBB59:
 253:/home/pacl/Documents/Repository/sca-2026/lib/crypto_kem/hqc128/pqclean/reed_solomon.c ****             found += mask1 & mask2 & 1;
 1785              		.loc 1 253 51 is_stmt 0 view .LVU660
 1786 0898 BDF8AA32 		ldrh	r3, [sp, #682]
 1787 089c 0093     		str	r3, [sp]
 1788 089e BDF8AC32 		ldrh	r3, [sp, #684]
 1789 08a2 019E     		ldr	r6, [sp, #4]
 1790              	.LVL133:
 253:/home/pacl/Documents/Repository/sca-2026/lib/crypto_kem/hqc128/pqclean/reed_solomon.c ****             found += mask1 & mask2 & 1;
 1791              		.loc 1 253 51 view .LVU661
 1792 08a4 0193     		str	r3, [sp, #4]
 1793 08a6 BDF8AE32 		ldrh	r3, [sp, #686]
 1794 08aa 0293     		str	r3, [sp, #8]
 1795 08ac BDF8B032 		ldrh	r3, [sp, #688]
 1796 08b0 0393     		str	r3, [sp, #12]
 1797 08b2 BDF8B232 		ldrh	r3, [sp, #690]
 1798 08b6 0493     		str	r3, [sp, #16]
 1799 08b8 BDF8B432 		ldrh	r3, [sp, #692]
 1800 08bc 0593     		str	r3, [sp, #20]
 1801 08be BDF8B632 		ldrh	r3, [sp, #694]
 1802 08c2 0693     		str	r3, [sp, #24]
 1803 08c4 BDF8B832 		ldrh	r3, [sp, #696]
 1804 08c8 0793     		str	r3, [sp, #28]
 1805 08ca BDF8BA32 		ldrh	r3, [sp, #698]
 1806 08ce 0893     		str	r3, [sp, #32]
 1807 08d0 BDF8A0C2 		ldrh	ip, [sp, #672]
 1808 08d4 BDF8BC32 		ldrh	r3, [sp, #700]
 1809 08d8 BDF8A272 		ldrh	r7, [sp, #674]
 1810              	.LVL134:
 253:/home/pacl/Documents/Repository/sca-2026/lib/crypto_kem/hqc128/pqclean/reed_solomon.c ****             found += mask1 & mask2 & 1;
 1811              		.loc 1 253 51 view .LVU662
 1812 08dc BDF8A452 		ldrh	r5, [sp, #676]
 1813 08e0 BDF8A642 		ldrh	r4, [sp, #678]
 1814              	.LVL135:
 253:/home/pacl/Documents/Repository/sca-2026/lib/crypto_kem/hqc128/pqclean/reed_solomon.c ****             found += mask1 & mask2 & 1;
 1815              		.loc 1 253 51 view .LVU663
 1816 08e4 BDF8A8B2 		ldrh	fp, [sp, #680]
 1817 08e8 0993     		str	r3, [sp, #36]
 1818 08ea 0DF5A170 		add	r0, sp, #322
 1819              	.LBE59:
 1820              	.LBE58:
 247:/home/pacl/Documents/Repository/sca-2026/lib/crypto_kem/hqc128/pqclean/reed_solomon.c ****     for (size_t i = 0; i < PARAM_N1; ++i) {
 1821              		.loc 1 247 19 view .LVU664
 1822 08ee 0022     		movs	r2, #0
 1823              	.LVL136:
 1824              	.L28:
 1825              	.LBB63:
 249:/home/pacl/Documents/Repository/sca-2026/lib/crypto_kem/hqc128/pqclean/reed_solomon.c ****         mask1 = (uint16_t) (-((int32_t)error[i]) >> 31); // error[i] != 0
 1826              		.loc 1 249 9 is_stmt 1 view .LVU665
 250:/home/pacl/Documents/Repository/sca-2026/lib/crypto_kem/hqc128/pqclean/reed_solomon.c ****         for (size_t j = 0; j < PARAM_DELTA; j++) {
 1827              		.loc 1 250 9 view .LVU666
 1828 08f0 16F8011F 		ldrb	r1, [r6, #1]!	@ zero_extendqisi2
 1829              	.LVL137:
 1830              	.LBB60:
 253:/home/pacl/Documents/Repository/sca-2026/lib/crypto_kem/hqc128/pqclean/reed_solomon.c ****             found += mask1 & mask2 & 1;
 1831              		.loc 1 253 29 is_stmt 0 view .LVU667
 1832 08f4 30F8029F 		ldrh	r9, [r0, #2]!
 1833 08f8 0039     		subs	r1, r1, #0
 1834 08fa 18BF     		it	ne
 1835 08fc 0121     		movne	r1, #1
 1836              	.LVL138:
 253:/home/pacl/Documents/Repository/sca-2026/lib/crypto_kem/hqc128/pqclean/reed_solomon.c ****             found += mask1 & mask2 & 1;
 1837              		.loc 1 253 29 view .LVU668
 1838              	.LBE60:
 251:/home/pacl/Documents/Repository/sca-2026/lib/crypto_kem/hqc128/pqclean/reed_solomon.c ****             mask2 = ~((uint16_t) (-((int32_t) j ^ delta_counter) >> 31)); // j == delta_counter
 1839              		.loc 1 251 9 is_stmt 1 view .LVU669
 1840              	.LBB61:
 251:/home/pacl/Documents/Repository/sca-2026/lib/crypto_kem/hqc128/pqclean/reed_solomon.c ****             mask2 = ~((uint16_t) (-((int32_t) j ^ delta_counter) >> 31)); // j == delta_counter
 1841              		.loc 1 251 14 view .LVU670
 251:/home/pacl/Documents/Repository/sca-2026/lib/crypto_kem/hqc128/pqclean/reed_solomon.c ****             mask2 = ~((uint16_t) (-((int32_t) j ^ delta_counter) >> 31)); // j == delta_counter
 1842              		.loc 1 251 30 discriminator 1 view .LVU671
 252:/home/pacl/Documents/Repository/sca-2026/lib/crypto_kem/hqc128/pqclean/reed_solomon.c ****             error_values[i] += mask1 & mask2 & e_j[j];
 1843              		.loc 1 252 13 view .LVU672
 253:/home/pacl/Documents/Repository/sca-2026/lib/crypto_kem/hqc128/pqclean/reed_solomon.c ****             found += mask1 & mask2 & 1;
 1844              		.loc 1 253 13 view .LVU673
 254:/home/pacl/Documents/Repository/sca-2026/lib/crypto_kem/hqc128/pqclean/reed_solomon.c ****         }
 1845              		.loc 1 254 13 view .LVU674
 252:/home/pacl/Documents/Repository/sca-2026/lib/crypto_kem/hqc128/pqclean/reed_solomon.c ****             error_values[i] += mask1 & mask2 & e_j[j];
 1846              		.loc 1 252 19 is_stmt 0 view .LVU675
 1847 08fe 131E     		subs	r3, r2, #0
 1848 0900 18BF     		it	ne
 1849 0902 0123     		movne	r3, #1
 253:/home/pacl/Documents/Repository/sca-2026/lib/crypto_kem/hqc128/pqclean/reed_solomon.c ****             found += mask1 & mask2 & 1;
 1850              		.loc 1 253 29 view .LVU676
 1851 0904 0029     		cmp	r1, #0
 252:/home/pacl/Documents/Repository/sca-2026/lib/crypto_kem/hqc128/pqclean/reed_solomon.c ****             error_values[i] += mask1 & mask2 & e_j[j];
 1852              		.loc 1 252 19 view .LVU677
 1853 0906 03F1FF33 		add	r3, r3, #-1
 253:/home/pacl/Documents/Repository/sca-2026/lib/crypto_kem/hqc128/pqclean/reed_solomon.c ****             found += mask1 & mask2 & 1;
 1854              		.loc 1 253 29 view .LVU678
 1855 090a 08BF     		it	eq
 1856 090c 0023     		moveq	r3, #0
 1857              	.LVL139:
 251:/home/pacl/Documents/Repository/sca-2026/lib/crypto_kem/hqc128/pqclean/reed_solomon.c ****             mask2 = ~((uint16_t) (-((int32_t) j ^ delta_counter) >> 31)); // j == delta_counter
 1858              		.loc 1 251 46 is_stmt 1 discriminator 3 view .LVU679
 251:/home/pacl/Documents/Repository/sca-2026/lib/crypto_kem/hqc128/pqclean/reed_solomon.c ****             mask2 = ~((uint16_t) (-((int32_t) j ^ delta_counter) >> 31)); // j == delta_counter
 1859              		.loc 1 251 30 discriminator 1 view .LVU680
 252:/home/pacl/Documents/Repository/sca-2026/lib/crypto_kem/hqc128/pqclean/reed_solomon.c ****             error_values[i] += mask1 & mask2 & e_j[j];
 1860              		.loc 1 252 13 view .LVU681
 253:/home/pacl/Documents/Repository/sca-2026/lib/crypto_kem/hqc128/pqclean/reed_solomon.c ****             found += mask1 & mask2 & 1;
 1861              		.loc 1 253 13 view .LVU682
 254:/home/pacl/Documents/Repository/sca-2026/lib/crypto_kem/hqc128/pqclean/reed_solomon.c ****         }
 1862              		.loc 1 254 13 view .LVU683
 252:/home/pacl/Documents/Repository/sca-2026/lib/crypto_kem/hqc128/pqclean/reed_solomon.c ****             error_values[i] += mask1 & mask2 & e_j[j];
 1863              		.loc 1 252 19 is_stmt 0 view .LVU684
 1864 090e 012A     		cmp	r2, #1
 1865 0910 4FF0FF38 		mov	r8, #-1
 1866 0914 18BF     		it	ne
 1867 0916 4FF00008 		movne	r8, #0
 253:/home/pacl/Documents/Repository/sca-2026/lib/crypto_kem/hqc128/pqclean/reed_solomon.c ****             found += mask1 & mask2 & 1;
 1868              		.loc 1 253 29 view .LVU685
 1869 091a 0029     		cmp	r1, #0
 1870 091c 08BF     		it	eq
 1871 091e 4FF00008 		moveq	r8, #0
 1872              	.LVL140:
 251:/home/pacl/Documents/Repository/sca-2026/lib/crypto_kem/hqc128/pqclean/reed_solomon.c ****             mask2 = ~((uint16_t) (-((int32_t) j ^ delta_counter) >> 31)); // j == delta_counter
 1873              		.loc 1 251 46 is_stmt 1 discriminator 3 view .LVU686
 251:/home/pacl/Documents/Repository/sca-2026/lib/crypto_kem/hqc128/pqclean/reed_solomon.c ****             mask2 = ~((uint16_t) (-((int32_t) j ^ delta_counter) >> 31)); // j == delta_counter
 1874              		.loc 1 251 30 discriminator 1 view .LVU687
 252:/home/pacl/Documents/Repository/sca-2026/lib/crypto_kem/hqc128/pqclean/reed_solomon.c ****             error_values[i] += mask1 & mask2 & e_j[j];
 1875              		.loc 1 252 13 view .LVU688
 253:/home/pacl/Documents/Repository/sca-2026/lib/crypto_kem/hqc128/pqclean/reed_solomon.c ****             found += mask1 & mask2 & 1;
 1876              		.loc 1 253 13 view .LVU689
 254:/home/pacl/Documents/Repository/sca-2026/lib/crypto_kem/hqc128/pqclean/reed_solomon.c ****         }
 1877              		.loc 1 254 13 view .LVU690
 253:/home/pacl/Documents/Repository/sca-2026/lib/crypto_kem/hqc128/pqclean/reed_solomon.c ****             found += mask1 & mask2 & 1;
 1878              		.loc 1 253 29 is_stmt 0 view .LVU691
 1879 0922 03EA0C0E 		and	lr, r3, ip
 252:/home/pacl/Documents/Repository/sca-2026/lib/crypto_kem/hqc128/pqclean/reed_solomon.c ****             error_values[i] += mask1 & mask2 & e_j[j];
 1880              		.loc 1 252 19 view .LVU692
 1881 0926 022A     		cmp	r2, #2
 253:/home/pacl/Documents/Repository/sca-2026/lib/crypto_kem/hqc128/pqclean/reed_solomon.c ****             found += mask1 & mask2 & 1;
 1882              		.loc 1 253 29 view .LVU693
 1883 0928 CE44     		add	lr, lr, r9
 254:/home/pacl/Documents/Repository/sca-2026/lib/crypto_kem/hqc128/pqclean/reed_solomon.c ****         }
 1884              		.loc 1 254 36 view .LVU694
 1885 092a 03F00103 		and	r3, r3, #1
 1886              	.LVL141:
 252:/home/pacl/Documents/Repository/sca-2026/lib/crypto_kem/hqc128/pqclean/reed_solomon.c ****             error_values[i] += mask1 & mask2 & e_j[j];
 1887              		.loc 1 252 19 view .LVU695
 1888 092e 4FF0FF39 		mov	r9, #-1
 1889 0932 18BF     		it	ne
 1890 0934 4FF00009 		movne	r9, #0
 253:/home/pacl/Documents/Repository/sca-2026/lib/crypto_kem/hqc128/pqclean/reed_solomon.c ****             found += mask1 & mask2 & 1;
 1891              		.loc 1 253 29 view .LVU696
 1892 0938 0029     		cmp	r1, #0
 1893              	.LVL142:
 253:/home/pacl/Documents/Repository/sca-2026/lib/crypto_kem/hqc128/pqclean/reed_solomon.c ****             found += mask1 & mask2 & 1;
 1894              		.loc 1 253 29 view .LVU697
 1895 093a 08BF     		it	eq
 1896 093c 4FF00009 		moveq	r9, #0
 1897              	.LVL143:
 251:/home/pacl/Documents/Repository/sca-2026/lib/crypto_kem/hqc128/pqclean/reed_solomon.c ****             mask2 = ~((uint16_t) (-((int32_t) j ^ delta_counter) >> 31)); // j == delta_counter
 1898              		.loc 1 251 46 is_stmt 1 discriminator 3 view .LVU698
 251:/home/pacl/Documents/Repository/sca-2026/lib/crypto_kem/hqc128/pqclean/reed_solomon.c ****             mask2 = ~((uint16_t) (-((int32_t) j ^ delta_counter) >> 31)); // j == delta_counter
 1899              		.loc 1 251 30 discriminator 1 view .LVU699
 252:/home/pacl/Documents/Repository/sca-2026/lib/crypto_kem/hqc128/pqclean/reed_solomon.c ****             error_values[i] += mask1 & mask2 & e_j[j];
 1900              		.loc 1 252 13 view .LVU700
 253:/home/pacl/Documents/Repository/sca-2026/lib/crypto_kem/hqc128/pqclean/reed_solomon.c ****             found += mask1 & mask2 & 1;
 1901              		.loc 1 253 13 view .LVU701
 254:/home/pacl/Documents/Repository/sca-2026/lib/crypto_kem/hqc128/pqclean/reed_solomon.c ****         }
 1902              		.loc 1 254 13 view .LVU702
 253:/home/pacl/Documents/Repository/sca-2026/lib/crypto_kem/hqc128/pqclean/reed_solomon.c ****             found += mask1 & mask2 & 1;
 1903              		.loc 1 253 29 is_stmt 0 view .LVU703
 1904 0940 08EA070A 		and	r10, r8, r7
 252:/home/pacl/Documents/Repository/sca-2026/lib/crypto_kem/hqc128/pqclean/reed_solomon.c ****             error_values[i] += mask1 & mask2 & e_j[j];
 1905              		.loc 1 252 19 view .LVU704
 1906 0944 032A     		cmp	r2, #3
 1907              	.LVL144:
 252:/home/pacl/Documents/Repository/sca-2026/lib/crypto_kem/hqc128/pqclean/reed_solomon.c ****             error_values[i] += mask1 & mask2 & e_j[j];
 1908              		.loc 1 252 19 view .LVU705
 1909 0946 1344     		add	r3, r3, r2
 254:/home/pacl/Documents/Repository/sca-2026/lib/crypto_kem/hqc128/pqclean/reed_solomon.c ****         }
 1910              		.loc 1 254 36 view .LVU706
 1911 0948 08F00108 		and	r8, r8, #1
 1912              	.LVL145:
 254:/home/pacl/Documents/Repository/sca-2026/lib/crypto_kem/hqc128/pqclean/reed_solomon.c ****         }
 1913              		.loc 1 254 36 view .LVU707
 1914 094c 4344     		add	r3, r3, r8
 252:/home/pacl/Documents/Repository/sca-2026/lib/crypto_kem/hqc128/pqclean/reed_solomon.c ****             error_values[i] += mask1 & mask2 & e_j[j];
 1915              		.loc 1 252 19 view .LVU708
 1916 094e 4FF0FF38 		mov	r8, #-1
 1917              	.LVL146:
 252:/home/pacl/Documents/Repository/sca-2026/lib/crypto_kem/hqc128/pqclean/reed_solomon.c ****             error_values[i] += mask1 & mask2 & e_j[j];
 1918              		.loc 1 252 19 view .LVU709
 1919 0952 18BF     		it	ne
 1920 0954 4FF00008 		movne	r8, #0
 1921              	.LVL147:
 253:/home/pacl/Documents/Repository/sca-2026/lib/crypto_kem/hqc128/pqclean/reed_solomon.c ****             found += mask1 & mask2 & 1;
 1922              		.loc 1 253 29 view .LVU710
 1923 0958 0029     		cmp	r1, #0
 1924              	.LVL148:
 253:/home/pacl/Documents/Repository/sca-2026/lib/crypto_kem/hqc128/pqclean/reed_solomon.c ****             found += mask1 & mask2 & 1;
 1925              		.loc 1 253 29 view .LVU711
 1926 095a 08BF     		it	eq
 1927 095c 4FF00008 		moveq	r8, #0
 1928              	.LVL149:
 251:/home/pacl/Documents/Repository/sca-2026/lib/crypto_kem/hqc128/pqclean/reed_solomon.c ****             mask2 = ~((uint16_t) (-((int32_t) j ^ delta_counter) >> 31)); // j == delta_counter
 1929              		.loc 1 251 46 is_stmt 1 discriminator 3 view .LVU712
 251:/home/pacl/Documents/Repository/sca-2026/lib/crypto_kem/hqc128/pqclean/reed_solomon.c ****             mask2 = ~((uint16_t) (-((int32_t) j ^ delta_counter) >> 31)); // j == delta_counter
 1930              		.loc 1 251 30 discriminator 1 view .LVU713
 252:/home/pacl/Documents/Repository/sca-2026/lib/crypto_kem/hqc128/pqclean/reed_solomon.c ****             error_values[i] += mask1 & mask2 & e_j[j];
 1931              		.loc 1 252 13 view .LVU714
 253:/home/pacl/Documents/Repository/sca-2026/lib/crypto_kem/hqc128/pqclean/reed_solomon.c ****             found += mask1 & mask2 & 1;
 1932              		.loc 1 253 13 view .LVU715
 254:/home/pacl/Documents/Repository/sca-2026/lib/crypto_kem/hqc128/pqclean/reed_solomon.c ****         }
 1933              		.loc 1 254 13 view .LVU716
 253:/home/pacl/Documents/Repository/sca-2026/lib/crypto_kem/hqc128/pqclean/reed_solomon.c ****             found += mask1 & mask2 & 1;
 1934              		.loc 1 253 29 is_stmt 0 view .LVU717
 1935 0960 D644     		add	lr, lr, r10
 252:/home/pacl/Documents/Repository/sca-2026/lib/crypto_kem/hqc128/pqclean/reed_solomon.c ****             error_values[i] += mask1 & mask2 & e_j[j];
 1936              		.loc 1 252 19 view .LVU718
 1937 0962 042A     		cmp	r2, #4
 1938              	.LVL150:
 253:/home/pacl/Documents/Repository/sca-2026/lib/crypto_kem/hqc128/pqclean/reed_solomon.c ****             found += mask1 & mask2 & 1;
 1939              		.loc 1 253 29 view .LVU719
 1940 0964 09EA050A 		and	r10, r9, r5
 254:/home/pacl/Documents/Repository/sca-2026/lib/crypto_kem/hqc128/pqclean/reed_solomon.c ****         }
 1941              		.loc 1 254 36 view .LVU720
 1942 0968 09F00109 		and	r9, r9, #1
 1943              	.LVL151:
 254:/home/pacl/Documents/Repository/sca-2026/lib/crypto_kem/hqc128/pqclean/reed_solomon.c ****         }
 1944              		.loc 1 254 36 view .LVU721
 1945 096c 4B44     		add	r3, r3, r9
 252:/home/pacl/Documents/Repository/sca-2026/lib/crypto_kem/hqc128/pqclean/reed_solomon.c ****             error_values[i] += mask1 & mask2 & e_j[j];
 1946              		.loc 1 252 19 view .LVU722
 1947 096e 4FF0FF39 		mov	r9, #-1
 1948              	.LVL152:
 252:/home/pacl/Documents/Repository/sca-2026/lib/crypto_kem/hqc128/pqclean/reed_solomon.c ****             error_values[i] += mask1 & mask2 & e_j[j];
 1949              		.loc 1 252 19 view .LVU723
 1950 0972 18BF     		it	ne
 1951 0974 4FF00009 		movne	r9, #0
 1952              	.LVL153:
 253:/home/pacl/Documents/Repository/sca-2026/lib/crypto_kem/hqc128/pqclean/reed_solomon.c ****             found += mask1 & mask2 & 1;
 1953              		.loc 1 253 29 view .LVU724
 1954 0978 0029     		cmp	r1, #0
 1955              	.LVL154:
 253:/home/pacl/Documents/Repository/sca-2026/lib/crypto_kem/hqc128/pqclean/reed_solomon.c ****             found += mask1 & mask2 & 1;
 1956              		.loc 1 253 29 view .LVU725
 1957 097a 08BF     		it	eq
 1958 097c 4FF00009 		moveq	r9, #0
 1959              	.LVL155:
 251:/home/pacl/Documents/Repository/sca-2026/lib/crypto_kem/hqc128/pqclean/reed_solomon.c ****             mask2 = ~((uint16_t) (-((int32_t) j ^ delta_counter) >> 31)); // j == delta_counter
 1960              		.loc 1 251 46 is_stmt 1 discriminator 3 view .LVU726
 251:/home/pacl/Documents/Repository/sca-2026/lib/crypto_kem/hqc128/pqclean/reed_solomon.c ****             mask2 = ~((uint16_t) (-((int32_t) j ^ delta_counter) >> 31)); // j == delta_counter
 1961              		.loc 1 251 30 discriminator 1 view .LVU727
 252:/home/pacl/Documents/Repository/sca-2026/lib/crypto_kem/hqc128/pqclean/reed_solomon.c ****             error_values[i] += mask1 & mask2 & e_j[j];
 1962              		.loc 1 252 13 view .LVU728
 253:/home/pacl/Documents/Repository/sca-2026/lib/crypto_kem/hqc128/pqclean/reed_solomon.c ****             found += mask1 & mask2 & 1;
 1963              		.loc 1 253 13 view .LVU729
 254:/home/pacl/Documents/Repository/sca-2026/lib/crypto_kem/hqc128/pqclean/reed_solomon.c ****         }
 1964              		.loc 1 254 13 view .LVU730
 253:/home/pacl/Documents/Repository/sca-2026/lib/crypto_kem/hqc128/pqclean/reed_solomon.c ****             found += mask1 & mask2 & 1;
 1965              		.loc 1 253 29 is_stmt 0 view .LVU731
 1966 0980 D644     		add	lr, lr, r10
 1967 0982 08EA040A 		and	r10, r8, r4
 252:/home/pacl/Documents/Repository/sca-2026/lib/crypto_kem/hqc128/pqclean/reed_solomon.c ****             error_values[i] += mask1 & mask2 & e_j[j];
 1968              		.loc 1 252 19 view .LVU732
 1969 0986 052A     		cmp	r2, #5
 1970              	.LVL156:
 253:/home/pacl/Documents/Repository/sca-2026/lib/crypto_kem/hqc128/pqclean/reed_solomon.c ****             found += mask1 & mask2 & 1;
 1971              		.loc 1 253 29 view .LVU733
 1972 0988 D644     		add	lr, lr, r10
 254:/home/pacl/Documents/Repository/sca-2026/lib/crypto_kem/hqc128/pqclean/reed_solomon.c ****         }
 1973              		.loc 1 254 36 view .LVU734
 1974 098a 08F00108 		and	r8, r8, #1
 1975              	.LVL157:
 253:/home/pacl/Documents/Repository/sca-2026/lib/crypto_kem/hqc128/pqclean/reed_solomon.c ****             found += mask1 & mask2 & 1;
 1976              		.loc 1 253 29 view .LVU735
 1977 098e 09EA0B0A 		and	r10, r9, fp
 1978 0992 4344     		add	r3, r3, r8
 1979 0994 D644     		add	lr, lr, r10
 252:/home/pacl/Documents/Repository/sca-2026/lib/crypto_kem/hqc128/pqclean/reed_solomon.c ****             error_values[i] += mask1 & mask2 & e_j[j];
 1980              		.loc 1 252 19 view .LVU736
 1981 0996 4FF0FF38 		mov	r8, #-1
 1982              	.LVL158:
 253:/home/pacl/Documents/Repository/sca-2026/lib/crypto_kem/hqc128/pqclean/reed_solomon.c ****             found += mask1 & mask2 & 1;
 1983              		.loc 1 253 29 view .LVU737
 1984 099a DDF800A0 		ldr	r10, [sp]
 252:/home/pacl/Documents/Repository/sca-2026/lib/crypto_kem/hqc128/pqclean/reed_solomon.c ****             error_values[i] += mask1 & mask2 & e_j[j];
 1985              		.loc 1 252 19 view .LVU738
 1986 099e 18BF     		it	ne
 1987 09a0 4FF00008 		movne	r8, #0
 1988              	.LVL159:
 253:/home/pacl/Documents/Repository/sca-2026/lib/crypto_kem/hqc128/pqclean/reed_solomon.c ****             found += mask1 & mask2 & 1;
 1989              		.loc 1 253 29 view .LVU739
 1990 09a4 0029     		cmp	r1, #0
 1991              	.LVL160:
 253:/home/pacl/Documents/Repository/sca-2026/lib/crypto_kem/hqc128/pqclean/reed_solomon.c ****             found += mask1 & mask2 & 1;
 1992              		.loc 1 253 29 view .LVU740
 1993 09a6 08BF     		it	eq
 1994 09a8 4FF00008 		moveq	r8, #0
 1995              	.LVL161:
 251:/home/pacl/Documents/Repository/sca-2026/lib/crypto_kem/hqc128/pqclean/reed_solomon.c ****             mask2 = ~((uint16_t) (-((int32_t) j ^ delta_counter) >> 31)); // j == delta_counter
 1996              		.loc 1 251 46 is_stmt 1 discriminator 3 view .LVU741
 251:/home/pacl/Documents/Repository/sca-2026/lib/crypto_kem/hqc128/pqclean/reed_solomon.c ****             mask2 = ~((uint16_t) (-((int32_t) j ^ delta_counter) >> 31)); // j == delta_counter
 1997              		.loc 1 251 30 discriminator 1 view .LVU742
 252:/home/pacl/Documents/Repository/sca-2026/lib/crypto_kem/hqc128/pqclean/reed_solomon.c ****             error_values[i] += mask1 & mask2 & e_j[j];
 1998              		.loc 1 252 13 view .LVU743
 253:/home/pacl/Documents/Repository/sca-2026/lib/crypto_kem/hqc128/pqclean/reed_solomon.c ****             found += mask1 & mask2 & 1;
 1999              		.loc 1 253 13 view .LVU744
 254:/home/pacl/Documents/Repository/sca-2026/lib/crypto_kem/hqc128/pqclean/reed_solomon.c ****         }
 2000              		.loc 1 254 13 view .LVU745
 253:/home/pacl/Documents/Repository/sca-2026/lib/crypto_kem/hqc128/pqclean/reed_solomon.c ****             found += mask1 & mask2 & 1;
 2001              		.loc 1 253 29 is_stmt 0 view .LVU746
 2002 09ac 08EA0A0A 		and	r10, r8, r10
 252:/home/pacl/Documents/Repository/sca-2026/lib/crypto_kem/hqc128/pqclean/reed_solomon.c ****             error_values[i] += mask1 & mask2 & e_j[j];
 2003              		.loc 1 252 19 view .LVU747
 2004 09b0 062A     		cmp	r2, #6
 2005              	.LVL162:
 254:/home/pacl/Documents/Repository/sca-2026/lib/crypto_kem/hqc128/pqclean/reed_solomon.c ****         }
 2006              		.loc 1 254 36 view .LVU748
 2007 09b2 09F00109 		and	r9, r9, #1
 2008              	.LVL163:
 254:/home/pacl/Documents/Repository/sca-2026/lib/crypto_kem/hqc128/pqclean/reed_solomon.c ****         }
 2009              		.loc 1 254 36 view .LVU749
 2010 09b6 4B44     		add	r3, r3, r9
 253:/home/pacl/Documents/Repository/sca-2026/lib/crypto_kem/hqc128/pqclean/reed_solomon.c ****             found += mask1 & mask2 & 1;
 2011              		.loc 1 253 29 view .LVU750
 2012 09b8 D644     		add	lr, lr, r10
 252:/home/pacl/Documents/Repository/sca-2026/lib/crypto_kem/hqc128/pqclean/reed_solomon.c ****             error_values[i] += mask1 & mask2 & e_j[j];
 2013              		.loc 1 252 19 view .LVU751
 2014 09ba 4FF0FF39 		mov	r9, #-1
 2015              	.LVL164:
 253:/home/pacl/Documents/Repository/sca-2026/lib/crypto_kem/hqc128/pqclean/reed_solomon.c ****             found += mask1 & mask2 & 1;
 2016              		.loc 1 253 29 view .LVU752
 2017 09be DDF804A0 		ldr	r10, [sp, #4]
 252:/home/pacl/Documents/Repository/sca-2026/lib/crypto_kem/hqc128/pqclean/reed_solomon.c ****             error_values[i] += mask1 & mask2 & e_j[j];
 2018              		.loc 1 252 19 view .LVU753
 2019 09c2 18BF     		it	ne
 2020 09c4 4FF00009 		movne	r9, #0
 2021              	.LVL165:
 253:/home/pacl/Documents/Repository/sca-2026/lib/crypto_kem/hqc128/pqclean/reed_solomon.c ****             found += mask1 & mask2 & 1;
 2022              		.loc 1 253 29 view .LVU754
 2023 09c8 0029     		cmp	r1, #0
 2024              	.LVL166:
 253:/home/pacl/Documents/Repository/sca-2026/lib/crypto_kem/hqc128/pqclean/reed_solomon.c ****             found += mask1 & mask2 & 1;
 2025              		.loc 1 253 29 view .LVU755
 2026 09ca 08BF     		it	eq
 2027 09cc 4FF00009 		moveq	r9, #0
 2028              	.LVL167:
 251:/home/pacl/Documents/Repository/sca-2026/lib/crypto_kem/hqc128/pqclean/reed_solomon.c ****             mask2 = ~((uint16_t) (-((int32_t) j ^ delta_counter) >> 31)); // j == delta_counter
 2029              		.loc 1 251 46 is_stmt 1 discriminator 3 view .LVU756
 251:/home/pacl/Documents/Repository/sca-2026/lib/crypto_kem/hqc128/pqclean/reed_solomon.c ****             mask2 = ~((uint16_t) (-((int32_t) j ^ delta_counter) >> 31)); // j == delta_counter
 2030              		.loc 1 251 30 discriminator 1 view .LVU757
 252:/home/pacl/Documents/Repository/sca-2026/lib/crypto_kem/hqc128/pqclean/reed_solomon.c ****             error_values[i] += mask1 & mask2 & e_j[j];
 2031              		.loc 1 252 13 view .LVU758
 253:/home/pacl/Documents/Repository/sca-2026/lib/crypto_kem/hqc128/pqclean/reed_solomon.c ****             found += mask1 & mask2 & 1;
 2032              		.loc 1 253 13 view .LVU759
 254:/home/pacl/Documents/Repository/sca-2026/lib/crypto_kem/hqc128/pqclean/reed_solomon.c ****         }
 2033              		.loc 1 254 13 view .LVU760
 253:/home/pacl/Documents/Repository/sca-2026/lib/crypto_kem/hqc128/pqclean/reed_solomon.c ****             found += mask1 & mask2 & 1;
 2034              		.loc 1 253 29 is_stmt 0 view .LVU761
 2035 09d0 09EA0A0A 		and	r10, r9, r10
 252:/home/pacl/Documents/Repository/sca-2026/lib/crypto_kem/hqc128/pqclean/reed_solomon.c ****             error_values[i] += mask1 & mask2 & e_j[j];
 2036              		.loc 1 252 19 view .LVU762
 2037 09d4 072A     		cmp	r2, #7
 2038              	.LVL168:
 254:/home/pacl/Documents/Repository/sca-2026/lib/crypto_kem/hqc128/pqclean/reed_solomon.c ****         }
 2039              		.loc 1 254 36 view .LVU763
 2040 09d6 08F00108 		and	r8, r8, #1
 2041              	.LVL169:
 254:/home/pacl/Documents/Repository/sca-2026/lib/crypto_kem/hqc128/pqclean/reed_solomon.c ****         }
 2042              		.loc 1 254 36 view .LVU764
 2043 09da 4344     		add	r3, r3, r8
 253:/home/pacl/Documents/Repository/sca-2026/lib/crypto_kem/hqc128/pqclean/reed_solomon.c ****             found += mask1 & mask2 & 1;
 2044              		.loc 1 253 29 view .LVU765
 2045 09dc D644     		add	lr, lr, r10
 252:/home/pacl/Documents/Repository/sca-2026/lib/crypto_kem/hqc128/pqclean/reed_solomon.c ****             error_values[i] += mask1 & mask2 & e_j[j];
 2046              		.loc 1 252 19 view .LVU766
 2047 09de 4FF0FF38 		mov	r8, #-1
 2048              	.LVL170:
 253:/home/pacl/Documents/Repository/sca-2026/lib/crypto_kem/hqc128/pqclean/reed_solomon.c ****             found += mask1 & mask2 & 1;
 2049              		.loc 1 253 29 view .LVU767
 2050 09e2 DDF808A0 		ldr	r10, [sp, #8]
 252:/home/pacl/Documents/Repository/sca-2026/lib/crypto_kem/hqc128/pqclean/reed_solomon.c ****             error_values[i] += mask1 & mask2 & e_j[j];
 2051              		.loc 1 252 19 view .LVU768
 2052 09e6 18BF     		it	ne
 2053 09e8 4FF00008 		movne	r8, #0
 2054              	.LVL171:
 253:/home/pacl/Documents/Repository/sca-2026/lib/crypto_kem/hqc128/pqclean/reed_solomon.c ****             found += mask1 & mask2 & 1;
 2055              		.loc 1 253 29 view .LVU769
 2056 09ec 0029     		cmp	r1, #0
 2057              	.LVL172:
 253:/home/pacl/Documents/Repository/sca-2026/lib/crypto_kem/hqc128/pqclean/reed_solomon.c ****             found += mask1 & mask2 & 1;
 2058              		.loc 1 253 29 view .LVU770
 2059 09ee 08BF     		it	eq
 2060 09f0 4FF00008 		moveq	r8, #0
 2061              	.LVL173:
 251:/home/pacl/Documents/Repository/sca-2026/lib/crypto_kem/hqc128/pqclean/reed_solomon.c ****             mask2 = ~((uint16_t) (-((int32_t) j ^ delta_counter) >> 31)); // j == delta_counter
 2062              		.loc 1 251 46 is_stmt 1 discriminator 3 view .LVU771
 251:/home/pacl/Documents/Repository/sca-2026/lib/crypto_kem/hqc128/pqclean/reed_solomon.c ****             mask2 = ~((uint16_t) (-((int32_t) j ^ delta_counter) >> 31)); // j == delta_counter
 2063              		.loc 1 251 30 discriminator 1 view .LVU772
 252:/home/pacl/Documents/Repository/sca-2026/lib/crypto_kem/hqc128/pqclean/reed_solomon.c ****             error_values[i] += mask1 & mask2 & e_j[j];
 2064              		.loc 1 252 13 view .LVU773
 253:/home/pacl/Documents/Repository/sca-2026/lib/crypto_kem/hqc128/pqclean/reed_solomon.c ****             found += mask1 & mask2 & 1;
 2065              		.loc 1 253 13 view .LVU774
 254:/home/pacl/Documents/Repository/sca-2026/lib/crypto_kem/hqc128/pqclean/reed_solomon.c ****         }
 2066              		.loc 1 254 13 view .LVU775
 253:/home/pacl/Documents/Repository/sca-2026/lib/crypto_kem/hqc128/pqclean/reed_solomon.c ****             found += mask1 & mask2 & 1;
 2067              		.loc 1 253 29 is_stmt 0 view .LVU776
 2068 09f4 08EA0A0A 		and	r10, r8, r10
 252:/home/pacl/Documents/Repository/sca-2026/lib/crypto_kem/hqc128/pqclean/reed_solomon.c ****             error_values[i] += mask1 & mask2 & e_j[j];
 2069              		.loc 1 252 19 view .LVU777
 2070 09f8 082A     		cmp	r2, #8
 2071              	.LVL174:
 254:/home/pacl/Documents/Repository/sca-2026/lib/crypto_kem/hqc128/pqclean/reed_solomon.c ****         }
 2072              		.loc 1 254 36 view .LVU778
 2073 09fa 09F00109 		and	r9, r9, #1
 2074              	.LVL175:
 254:/home/pacl/Documents/Repository/sca-2026/lib/crypto_kem/hqc128/pqclean/reed_solomon.c ****         }
 2075              		.loc 1 254 36 view .LVU779
 2076 09fe 4B44     		add	r3, r3, r9
 253:/home/pacl/Documents/Repository/sca-2026/lib/crypto_kem/hqc128/pqclean/reed_solomon.c ****             found += mask1 & mask2 & 1;
 2077              		.loc 1 253 29 view .LVU780
 2078 0a00 D644     		add	lr, lr, r10
 252:/home/pacl/Documents/Repository/sca-2026/lib/crypto_kem/hqc128/pqclean/reed_solomon.c ****             error_values[i] += mask1 & mask2 & e_j[j];
 2079              		.loc 1 252 19 view .LVU781
 2080 0a02 4FF0FF39 		mov	r9, #-1
 2081              	.LVL176:
 253:/home/pacl/Documents/Repository/sca-2026/lib/crypto_kem/hqc128/pqclean/reed_solomon.c ****             found += mask1 & mask2 & 1;
 2082              		.loc 1 253 29 view .LVU782
 2083 0a06 DDF80CA0 		ldr	r10, [sp, #12]
 252:/home/pacl/Documents/Repository/sca-2026/lib/crypto_kem/hqc128/pqclean/reed_solomon.c ****             error_values[i] += mask1 & mask2 & e_j[j];
 2084              		.loc 1 252 19 view .LVU783
 2085 0a0a 18BF     		it	ne
 2086 0a0c 4FF00009 		movne	r9, #0
 2087              	.LVL177:
 253:/home/pacl/Documents/Repository/sca-2026/lib/crypto_kem/hqc128/pqclean/reed_solomon.c ****             found += mask1 & mask2 & 1;
 2088              		.loc 1 253 29 view .LVU784
 2089 0a10 0029     		cmp	r1, #0
 2090              	.LVL178:
 253:/home/pacl/Documents/Repository/sca-2026/lib/crypto_kem/hqc128/pqclean/reed_solomon.c ****             found += mask1 & mask2 & 1;
 2091              		.loc 1 253 29 view .LVU785
 2092 0a12 08BF     		it	eq
 2093 0a14 4FF00009 		moveq	r9, #0
 2094              	.LVL179:
 251:/home/pacl/Documents/Repository/sca-2026/lib/crypto_kem/hqc128/pqclean/reed_solomon.c ****             mask2 = ~((uint16_t) (-((int32_t) j ^ delta_counter) >> 31)); // j == delta_counter
 2095              		.loc 1 251 46 is_stmt 1 discriminator 3 view .LVU786
 251:/home/pacl/Documents/Repository/sca-2026/lib/crypto_kem/hqc128/pqclean/reed_solomon.c ****             mask2 = ~((uint16_t) (-((int32_t) j ^ delta_counter) >> 31)); // j == delta_counter
 2096              		.loc 1 251 30 discriminator 1 view .LVU787
 252:/home/pacl/Documents/Repository/sca-2026/lib/crypto_kem/hqc128/pqclean/reed_solomon.c ****             error_values[i] += mask1 & mask2 & e_j[j];
 2097              		.loc 1 252 13 view .LVU788
 253:/home/pacl/Documents/Repository/sca-2026/lib/crypto_kem/hqc128/pqclean/reed_solomon.c ****             found += mask1 & mask2 & 1;
 2098              		.loc 1 253 13 view .LVU789
 254:/home/pacl/Documents/Repository/sca-2026/lib/crypto_kem/hqc128/pqclean/reed_solomon.c ****         }
 2099              		.loc 1 254 13 view .LVU790
 253:/home/pacl/Documents/Repository/sca-2026/lib/crypto_kem/hqc128/pqclean/reed_solomon.c ****             found += mask1 & mask2 & 1;
 2100              		.loc 1 253 29 is_stmt 0 view .LVU791
 2101 0a18 09EA0A0A 		and	r10, r9, r10
 252:/home/pacl/Documents/Repository/sca-2026/lib/crypto_kem/hqc128/pqclean/reed_solomon.c ****             error_values[i] += mask1 & mask2 & e_j[j];
 2102              		.loc 1 252 19 view .LVU792
 2103 0a1c 092A     		cmp	r2, #9
 2104              	.LVL180:
 254:/home/pacl/Documents/Repository/sca-2026/lib/crypto_kem/hqc128/pqclean/reed_solomon.c ****         }
 2105              		.loc 1 254 36 view .LVU793
 2106 0a1e 08F00108 		and	r8, r8, #1
 2107              	.LVL181:
 254:/home/pacl/Documents/Repository/sca-2026/lib/crypto_kem/hqc128/pqclean/reed_solomon.c ****         }
 2108              		.loc 1 254 36 view .LVU794
 2109 0a22 4344     		add	r3, r3, r8
 253:/home/pacl/Documents/Repository/sca-2026/lib/crypto_kem/hqc128/pqclean/reed_solomon.c ****             found += mask1 & mask2 & 1;
 2110              		.loc 1 253 29 view .LVU795
 2111 0a24 D644     		add	lr, lr, r10
 252:/home/pacl/Documents/Repository/sca-2026/lib/crypto_kem/hqc128/pqclean/reed_solomon.c ****             error_values[i] += mask1 & mask2 & e_j[j];
 2112              		.loc 1 252 19 view .LVU796
 2113 0a26 4FF0FF38 		mov	r8, #-1
 2114              	.LVL182:
 253:/home/pacl/Documents/Repository/sca-2026/lib/crypto_kem/hqc128/pqclean/reed_solomon.c ****             found += mask1 & mask2 & 1;
 2115              		.loc 1 253 29 view .LVU797
 2116 0a2a DDF810A0 		ldr	r10, [sp, #16]
 252:/home/pacl/Documents/Repository/sca-2026/lib/crypto_kem/hqc128/pqclean/reed_solomon.c ****             error_values[i] += mask1 & mask2 & e_j[j];
 2117              		.loc 1 252 19 view .LVU798
 2118 0a2e 18BF     		it	ne
 2119 0a30 4FF00008 		movne	r8, #0
 2120              	.LVL183:
 253:/home/pacl/Documents/Repository/sca-2026/lib/crypto_kem/hqc128/pqclean/reed_solomon.c ****             found += mask1 & mask2 & 1;
 2121              		.loc 1 253 29 view .LVU799
 2122 0a34 0029     		cmp	r1, #0
 2123              	.LVL184:
 253:/home/pacl/Documents/Repository/sca-2026/lib/crypto_kem/hqc128/pqclean/reed_solomon.c ****             found += mask1 & mask2 & 1;
 2124              		.loc 1 253 29 view .LVU800
 2125 0a36 08BF     		it	eq
 2126 0a38 4FF00008 		moveq	r8, #0
 2127              	.LVL185:
 251:/home/pacl/Documents/Repository/sca-2026/lib/crypto_kem/hqc128/pqclean/reed_solomon.c ****             mask2 = ~((uint16_t) (-((int32_t) j ^ delta_counter) >> 31)); // j == delta_counter
 2128              		.loc 1 251 46 is_stmt 1 discriminator 3 view .LVU801
 251:/home/pacl/Documents/Repository/sca-2026/lib/crypto_kem/hqc128/pqclean/reed_solomon.c ****             mask2 = ~((uint16_t) (-((int32_t) j ^ delta_counter) >> 31)); // j == delta_counter
 2129              		.loc 1 251 30 discriminator 1 view .LVU802
 252:/home/pacl/Documents/Repository/sca-2026/lib/crypto_kem/hqc128/pqclean/reed_solomon.c ****             error_values[i] += mask1 & mask2 & e_j[j];
 2130              		.loc 1 252 13 view .LVU803
 253:/home/pacl/Documents/Repository/sca-2026/lib/crypto_kem/hqc128/pqclean/reed_solomon.c ****             found += mask1 & mask2 & 1;
 2131              		.loc 1 253 13 view .LVU804
 254:/home/pacl/Documents/Repository/sca-2026/lib/crypto_kem/hqc128/pqclean/reed_solomon.c ****         }
 2132              		.loc 1 254 13 view .LVU805
 253:/home/pacl/Documents/Repository/sca-2026/lib/crypto_kem/hqc128/pqclean/reed_solomon.c ****             found += mask1 & mask2 & 1;
 2133              		.loc 1 253 29 is_stmt 0 view .LVU806
 2134 0a3c 08EA0A0A 		and	r10, r8, r10
 252:/home/pacl/Documents/Repository/sca-2026/lib/crypto_kem/hqc128/pqclean/reed_solomon.c ****             error_values[i] += mask1 & mask2 & e_j[j];
 2135              		.loc 1 252 19 view .LVU807
 2136 0a40 0A2A     		cmp	r2, #10
 2137              	.LVL186:
 254:/home/pacl/Documents/Repository/sca-2026/lib/crypto_kem/hqc128/pqclean/reed_solomon.c ****         }
 2138              		.loc 1 254 36 view .LVU808
 2139 0a42 09F00109 		and	r9, r9, #1
 2140              	.LVL187:
 254:/home/pacl/Documents/Repository/sca-2026/lib/crypto_kem/hqc128/pqclean/reed_solomon.c ****         }
 2141              		.loc 1 254 36 view .LVU809
 2142 0a46 4B44     		add	r3, r3, r9
 253:/home/pacl/Documents/Repository/sca-2026/lib/crypto_kem/hqc128/pqclean/reed_solomon.c ****             found += mask1 & mask2 & 1;
 2143              		.loc 1 253 29 view .LVU810
 2144 0a48 D644     		add	lr, lr, r10
 252:/home/pacl/Documents/Repository/sca-2026/lib/crypto_kem/hqc128/pqclean/reed_solomon.c ****             error_values[i] += mask1 & mask2 & e_j[j];
 2145              		.loc 1 252 19 view .LVU811
 2146 0a4a 4FF0FF39 		mov	r9, #-1
 2147              	.LVL188:
 253:/home/pacl/Documents/Repository/sca-2026/lib/crypto_kem/hqc128/pqclean/reed_solomon.c ****             found += mask1 & mask2 & 1;
 2148              		.loc 1 253 29 view .LVU812
 2149 0a4e DDF814A0 		ldr	r10, [sp, #20]
 252:/home/pacl/Documents/Repository/sca-2026/lib/crypto_kem/hqc128/pqclean/reed_solomon.c ****             error_values[i] += mask1 & mask2 & e_j[j];
 2150              		.loc 1 252 19 view .LVU813
 2151 0a52 18BF     		it	ne
 2152 0a54 4FF00009 		movne	r9, #0
 2153              	.LVL189:
 253:/home/pacl/Documents/Repository/sca-2026/lib/crypto_kem/hqc128/pqclean/reed_solomon.c ****             found += mask1 & mask2 & 1;
 2154              		.loc 1 253 29 view .LVU814
 2155 0a58 0029     		cmp	r1, #0
 2156              	.LVL190:
 253:/home/pacl/Documents/Repository/sca-2026/lib/crypto_kem/hqc128/pqclean/reed_solomon.c ****             found += mask1 & mask2 & 1;
 2157              		.loc 1 253 29 view .LVU815
 2158 0a5a 08BF     		it	eq
 2159 0a5c 4FF00009 		moveq	r9, #0
 2160              	.LVL191:
 251:/home/pacl/Documents/Repository/sca-2026/lib/crypto_kem/hqc128/pqclean/reed_solomon.c ****             mask2 = ~((uint16_t) (-((int32_t) j ^ delta_counter) >> 31)); // j == delta_counter
 2161              		.loc 1 251 46 is_stmt 1 discriminator 3 view .LVU816
 251:/home/pacl/Documents/Repository/sca-2026/lib/crypto_kem/hqc128/pqclean/reed_solomon.c ****             mask2 = ~((uint16_t) (-((int32_t) j ^ delta_counter) >> 31)); // j == delta_counter
 2162              		.loc 1 251 30 discriminator 1 view .LVU817
 252:/home/pacl/Documents/Repository/sca-2026/lib/crypto_kem/hqc128/pqclean/reed_solomon.c ****             error_values[i] += mask1 & mask2 & e_j[j];
 2163              		.loc 1 252 13 view .LVU818
 253:/home/pacl/Documents/Repository/sca-2026/lib/crypto_kem/hqc128/pqclean/reed_solomon.c ****             found += mask1 & mask2 & 1;
 2164              		.loc 1 253 13 view .LVU819
 254:/home/pacl/Documents/Repository/sca-2026/lib/crypto_kem/hqc128/pqclean/reed_solomon.c ****         }
 2165              		.loc 1 254 13 view .LVU820
 254:/home/pacl/Documents/Repository/sca-2026/lib/crypto_kem/hqc128/pqclean/reed_solomon.c ****         }
 2166              		.loc 1 254 36 is_stmt 0 view .LVU821
 2167 0a60 08F00108 		and	r8, r8, #1
 252:/home/pacl/Documents/Repository/sca-2026/lib/crypto_kem/hqc128/pqclean/reed_solomon.c ****             error_values[i] += mask1 & mask2 & e_j[j];
 2168              		.loc 1 252 19 view .LVU822
 2169 0a64 0B2A     		cmp	r2, #11
 252:/home/pacl/Documents/Repository/sca-2026/lib/crypto_kem/hqc128/pqclean/reed_solomon.c ****             error_values[i] += mask1 & mask2 & e_j[j];
 2170              		.loc 1 252 19 view .LVU823
 2171 0a66 4344     		add	r3, r3, r8
 253:/home/pacl/Documents/Repository/sca-2026/lib/crypto_kem/hqc128/pqclean/reed_solomon.c ****             found += mask1 & mask2 & 1;
 2172              		.loc 1 253 29 view .LVU824
 2173 0a68 09EA0A0A 		and	r10, r9, r10
 252:/home/pacl/Documents/Repository/sca-2026/lib/crypto_kem/hqc128/pqclean/reed_solomon.c ****             error_values[i] += mask1 & mask2 & e_j[j];
 2174              		.loc 1 252 19 view .LVU825
 2175 0a6c 4FF0FF38 		mov	r8, #-1
 252:/home/pacl/Documents/Repository/sca-2026/lib/crypto_kem/hqc128/pqclean/reed_solomon.c ****             error_values[i] += mask1 & mask2 & e_j[j];
 2176              		.loc 1 252 19 view .LVU826
 2177 0a70 18BF     		it	ne
 2178 0a72 4FF00008 		movne	r8, #0
 253:/home/pacl/Documents/Repository/sca-2026/lib/crypto_kem/hqc128/pqclean/reed_solomon.c ****             found += mask1 & mask2 & 1;
 2179              		.loc 1 253 29 view .LVU827
 2180 0a76 0029     		cmp	r1, #0
 253:/home/pacl/Documents/Repository/sca-2026/lib/crypto_kem/hqc128/pqclean/reed_solomon.c ****             found += mask1 & mask2 & 1;
 2181              		.loc 1 253 29 view .LVU828
 2182 0a78 08BF     		it	eq
 2183 0a7a 4FF00008 		moveq	r8, #0
 251:/home/pacl/Documents/Repository/sca-2026/lib/crypto_kem/hqc128/pqclean/reed_solomon.c ****             mask2 = ~((uint16_t) (-((int32_t) j ^ delta_counter) >> 31)); // j == delta_counter
 2184              		.loc 1 251 46 is_stmt 1 discriminator 3 view .LVU829
 2185              	.LVL192:
 251:/home/pacl/Documents/Repository/sca-2026/lib/crypto_kem/hqc128/pqclean/reed_solomon.c ****             mask2 = ~((uint16_t) (-((int32_t) j ^ delta_counter) >> 31)); // j == delta_counter
 2186              		.loc 1 251 30 discriminator 1 view .LVU830
 252:/home/pacl/Documents/Repository/sca-2026/lib/crypto_kem/hqc128/pqclean/reed_solomon.c ****             error_values[i] += mask1 & mask2 & e_j[j];
 2187              		.loc 1 252 13 view .LVU831
 253:/home/pacl/Documents/Repository/sca-2026/lib/crypto_kem/hqc128/pqclean/reed_solomon.c ****             found += mask1 & mask2 & 1;
 2188              		.loc 1 253 13 view .LVU832
 254:/home/pacl/Documents/Repository/sca-2026/lib/crypto_kem/hqc128/pqclean/reed_solomon.c ****         }
 2189              		.loc 1 254 13 view .LVU833
 253:/home/pacl/Documents/Repository/sca-2026/lib/crypto_kem/hqc128/pqclean/reed_solomon.c ****             found += mask1 & mask2 & 1;
 2190              		.loc 1 253 29 is_stmt 0 view .LVU834
 2191 0a7e D644     		add	lr, lr, r10
 252:/home/pacl/Documents/Repository/sca-2026/lib/crypto_kem/hqc128/pqclean/reed_solomon.c ****             error_values[i] += mask1 & mask2 & e_j[j];
 2192              		.loc 1 252 19 view .LVU835
 2193 0a80 0C2A     		cmp	r2, #12
 253:/home/pacl/Documents/Repository/sca-2026/lib/crypto_kem/hqc128/pqclean/reed_solomon.c ****             found += mask1 & mask2 & 1;
 2194              		.loc 1 253 29 view .LVU836
 2195 0a82 DDF818A0 		ldr	r10, [sp, #24]
 254:/home/pacl/Documents/Repository/sca-2026/lib/crypto_kem/hqc128/pqclean/reed_solomon.c ****         }
 2196              		.loc 1 254 36 view .LVU837
 2197 0a86 09F00109 		and	r9, r9, #1
 254:/home/pacl/Documents/Repository/sca-2026/lib/crypto_kem/hqc128/pqclean/reed_solomon.c ****         }
 2198              		.loc 1 254 36 view .LVU838
 2199 0a8a 9944     		add	r9, r9, r3
 252:/home/pacl/Documents/Repository/sca-2026/lib/crypto_kem/hqc128/pqclean/reed_solomon.c ****             error_values[i] += mask1 & mask2 & e_j[j];
 2200              		.loc 1 252 19 view .LVU839
 2201 0a8c 4FF0FF33 		mov	r3, #-1
 252:/home/pacl/Documents/Repository/sca-2026/lib/crypto_kem/hqc128/pqclean/reed_solomon.c ****             error_values[i] += mask1 & mask2 & e_j[j];
 2202              		.loc 1 252 19 view .LVU840
 2203 0a90 18BF     		it	ne
 2204 0a92 0023     		movne	r3, #0
 253:/home/pacl/Documents/Repository/sca-2026/lib/crypto_kem/hqc128/pqclean/reed_solomon.c ****             found += mask1 & mask2 & 1;
 2205              		.loc 1 253 29 view .LVU841
 2206 0a94 0029     		cmp	r1, #0
 253:/home/pacl/Documents/Repository/sca-2026/lib/crypto_kem/hqc128/pqclean/reed_solomon.c ****             found += mask1 & mask2 & 1;
 2207              		.loc 1 253 29 view .LVU842
 2208 0a96 08BF     		it	eq
 2209 0a98 0023     		moveq	r3, #0
 251:/home/pacl/Documents/Repository/sca-2026/lib/crypto_kem/hqc128/pqclean/reed_solomon.c ****             mask2 = ~((uint16_t) (-((int32_t) j ^ delta_counter) >> 31)); // j == delta_counter
 2210              		.loc 1 251 46 is_stmt 1 discriminator 3 view .LVU843
 2211              	.LVL193:
 251:/home/pacl/Documents/Repository/sca-2026/lib/crypto_kem/hqc128/pqclean/reed_solomon.c ****             mask2 = ~((uint16_t) (-((int32_t) j ^ delta_counter) >> 31)); // j == delta_counter
 2212              		.loc 1 251 30 discriminator 1 view .LVU844
 252:/home/pacl/Documents/Repository/sca-2026/lib/crypto_kem/hqc128/pqclean/reed_solomon.c ****             error_values[i] += mask1 & mask2 & e_j[j];
 2213              		.loc 1 252 13 view .LVU845
 253:/home/pacl/Documents/Repository/sca-2026/lib/crypto_kem/hqc128/pqclean/reed_solomon.c ****             found += mask1 & mask2 & 1;
 2214              		.loc 1 253 13 view .LVU846
 254:/home/pacl/Documents/Repository/sca-2026/lib/crypto_kem/hqc128/pqclean/reed_solomon.c ****         }
 2215              		.loc 1 254 13 view .LVU847
 253:/home/pacl/Documents/Repository/sca-2026/lib/crypto_kem/hqc128/pqclean/reed_solomon.c ****             found += mask1 & mask2 & 1;
 2216              		.loc 1 253 29 is_stmt 0 view .LVU848
 2217 0a9a 08EA0A0A 		and	r10, r8, r10
 252:/home/pacl/Documents/Repository/sca-2026/lib/crypto_kem/hqc128/pqclean/reed_solomon.c ****             error_values[i] += mask1 & mask2 & e_j[j];
 2218              		.loc 1 252 19 view .LVU849
 2219 0a9e 0D2A     		cmp	r2, #13
 253:/home/pacl/Documents/Repository/sca-2026/lib/crypto_kem/hqc128/pqclean/reed_solomon.c ****             found += mask1 & mask2 & 1;
 2220              		.loc 1 253 29 view .LVU850
 2221 0aa0 F244     		add	r10, r10, lr
 252:/home/pacl/Documents/Repository/sca-2026/lib/crypto_kem/hqc128/pqclean/reed_solomon.c ****             error_values[i] += mask1 & mask2 & e_j[j];
 2222              		.loc 1 252 19 view .LVU851
 2223 0aa2 4FF0FF3E 		mov	lr, #-1
 252:/home/pacl/Documents/Repository/sca-2026/lib/crypto_kem/hqc128/pqclean/reed_solomon.c ****             error_values[i] += mask1 & mask2 & e_j[j];
 2224              		.loc 1 252 19 view .LVU852
 2225 0aa6 18BF     		it	ne
 2226 0aa8 4FF0000E 		movne	lr, #0
 253:/home/pacl/Documents/Repository/sca-2026/lib/crypto_kem/hqc128/pqclean/reed_solomon.c ****             found += mask1 & mask2 & 1;
 2227              		.loc 1 253 29 view .LVU853
 2228 0aac 0029     		cmp	r1, #0
 253:/home/pacl/Documents/Repository/sca-2026/lib/crypto_kem/hqc128/pqclean/reed_solomon.c ****             found += mask1 & mask2 & 1;
 2229              		.loc 1 253 29 view .LVU854
 2230 0aae 08BF     		it	eq
 2231 0ab0 4FF0000E 		moveq	lr, #0
 251:/home/pacl/Documents/Repository/sca-2026/lib/crypto_kem/hqc128/pqclean/reed_solomon.c ****             mask2 = ~((uint16_t) (-((int32_t) j ^ delta_counter) >> 31)); // j == delta_counter
 2232              		.loc 1 251 46 is_stmt 1 discriminator 3 view .LVU855
 2233              	.LVL194:
 251:/home/pacl/Documents/Repository/sca-2026/lib/crypto_kem/hqc128/pqclean/reed_solomon.c ****             mask2 = ~((uint16_t) (-((int32_t) j ^ delta_counter) >> 31)); // j == delta_counter
 2234              		.loc 1 251 30 discriminator 1 view .LVU856
 252:/home/pacl/Documents/Repository/sca-2026/lib/crypto_kem/hqc128/pqclean/reed_solomon.c ****             error_values[i] += mask1 & mask2 & e_j[j];
 2235              		.loc 1 252 13 view .LVU857
 253:/home/pacl/Documents/Repository/sca-2026/lib/crypto_kem/hqc128/pqclean/reed_solomon.c ****             found += mask1 & mask2 & 1;
 2236              		.loc 1 253 13 view .LVU858
 252:/home/pacl/Documents/Repository/sca-2026/lib/crypto_kem/hqc128/pqclean/reed_solomon.c ****             error_values[i] += mask1 & mask2 & e_j[j];
 2237              		.loc 1 252 19 is_stmt 0 view .LVU859
 2238 0ab4 0E2A     		cmp	r2, #14
 252:/home/pacl/Documents/Repository/sca-2026/lib/crypto_kem/hqc128/pqclean/reed_solomon.c ****             error_values[i] += mask1 & mask2 & e_j[j];
 2239              		.loc 1 252 19 view .LVU860
 2240 0ab6 4FF0FF32 		mov	r2, #-1
 2241              	.LVL195:
 252:/home/pacl/Documents/Repository/sca-2026/lib/crypto_kem/hqc128/pqclean/reed_solomon.c ****             error_values[i] += mask1 & mask2 & e_j[j];
 2242              		.loc 1 252 19 view .LVU861
 2243 0aba 18BF     		it	ne
 2244 0abc 0022     		movne	r2, #0
 253:/home/pacl/Documents/Repository/sca-2026/lib/crypto_kem/hqc128/pqclean/reed_solomon.c ****             found += mask1 & mask2 & 1;
 2245              		.loc 1 253 29 view .LVU862
 2246 0abe 0029     		cmp	r1, #0
 253:/home/pacl/Documents/Repository/sca-2026/lib/crypto_kem/hqc128/pqclean/reed_solomon.c ****             found += mask1 & mask2 & 1;
 2247              		.loc 1 253 29 view .LVU863
 2248 0ac0 0799     		ldr	r1, [sp, #28]
 2249              	.LVL196:
 254:/home/pacl/Documents/Repository/sca-2026/lib/crypto_kem/hqc128/pqclean/reed_solomon.c ****         }
 2250              		.loc 1 254 36 view .LVU864
 2251 0ac2 08F00108 		and	r8, r8, #1
 254:/home/pacl/Documents/Repository/sca-2026/lib/crypto_kem/hqc128/pqclean/reed_solomon.c ****         }
 2252              		.loc 1 254 36 view .LVU865
 2253 0ac6 C844     		add	r8, r8, r9
 253:/home/pacl/Documents/Repository/sca-2026/lib/crypto_kem/hqc128/pqclean/reed_solomon.c ****             found += mask1 & mask2 & 1;
 2254              		.loc 1 253 29 view .LVU866
 2255 0ac8 03EA0101 		and	r1, r3, r1
 254:/home/pacl/Documents/Repository/sca-2026/lib/crypto_kem/hqc128/pqclean/reed_solomon.c ****         }
 2256              		.loc 1 254 36 view .LVU867
 2257 0acc 03F00103 		and	r3, r3, #1
 254:/home/pacl/Documents/Repository/sca-2026/lib/crypto_kem/hqc128/pqclean/reed_solomon.c ****         }
 2258              		.loc 1 254 36 view .LVU868
 2259 0ad0 4344     		add	r3, r3, r8
 253:/home/pacl/Documents/Repository/sca-2026/lib/crypto_kem/hqc128/pqclean/reed_solomon.c ****             found += mask1 & mask2 & 1;
 2260              		.loc 1 253 29 view .LVU869
 2261 0ad2 DDF82080 		ldr	r8, [sp, #32]
 2262 0ad6 0EEA0808 		and	r8, lr, r8
 254:/home/pacl/Documents/Repository/sca-2026/lib/crypto_kem/hqc128/pqclean/reed_solomon.c ****         }
 2263              		.loc 1 254 36 view .LVU870
 2264 0ada 0EF0010E 		and	lr, lr, #1
 254:/home/pacl/Documents/Repository/sca-2026/lib/crypto_kem/hqc128/pqclean/reed_solomon.c ****         }
 2265              		.loc 1 254 36 view .LVU871
 2266 0ade 9E44     		add	lr, lr, r3
 253:/home/pacl/Documents/Repository/sca-2026/lib/crypto_kem/hqc128/pqclean/reed_solomon.c ****             found += mask1 & mask2 & 1;
 2267              		.loc 1 253 29 view .LVU872
 2268 0ae0 099B     		ldr	r3, [sp, #36]
 2269 0ae2 08BF     		it	eq
 2270 0ae4 0022     		moveq	r2, #0
 2271 0ae6 5144     		add	r1, r1, r10
 2272 0ae8 1340     		ands	r3, r3, r2
 2273 0aea 8844     		add	r8, r8, r1
 2274 0aec 9844     		add	r8, r8, r3
 254:/home/pacl/Documents/Repository/sca-2026/lib/crypto_kem/hqc128/pqclean/reed_solomon.c ****         }
 2275              		.loc 1 254 36 view .LVU873
 2276 0aee 02F00102 		and	r2, r2, #1
 2277              	.LBE61:
 248:/home/pacl/Documents/Repository/sca-2026/lib/crypto_kem/hqc128/pqclean/reed_solomon.c ****         found = 0;
 2278              		.loc 1 248 26 discriminator 1 view .LVU874
 2279 0af2 0DF2CD13 		addw	r3, sp, #461
 256:/home/pacl/Documents/Repository/sca-2026/lib/crypto_kem/hqc128/pqclean/reed_solomon.c ****     }
 2280              		.loc 1 256 23 view .LVU875
 2281 0af6 12FA8EFE 		uxtah	lr, r2, lr
 248:/home/pacl/Documents/Repository/sca-2026/lib/crypto_kem/hqc128/pqclean/reed_solomon.c ****         found = 0;
 2282              		.loc 1 248 26 discriminator 1 view .LVU876
 2283 0afa B342     		cmp	r3, r6
 2284              	.LBB62:
 253:/home/pacl/Documents/Repository/sca-2026/lib/crypto_kem/hqc128/pqclean/reed_solomon.c ****             found += mask1 & mask2 & 1;
 2285              		.loc 1 253 29 view .LVU877
 2286 0afc A0F80080 		strh	r8, [r0]	@ movhi
 254:/home/pacl/Documents/Repository/sca-2026/lib/crypto_kem/hqc128/pqclean/reed_solomon.c ****         }
 2287              		.loc 1 254 13 is_stmt 1 view .LVU878
 251:/home/pacl/Documents/Repository/sca-2026/lib/crypto_kem/hqc128/pqclean/reed_solomon.c ****             mask2 = ~((uint16_t) (-((int32_t) j ^ delta_counter) >> 31)); // j == delta_counter
 2288              		.loc 1 251 46 discriminator 3 view .LVU879
 2289              	.LVL197:
 251:/home/pacl/Documents/Repository/sca-2026/lib/crypto_kem/hqc128/pqclean/reed_solomon.c ****             mask2 = ~((uint16_t) (-((int32_t) j ^ delta_counter) >> 31)); // j == delta_counter
 2290              		.loc 1 251 30 discriminator 1 view .LVU880
 2291              	.LBE62:
 256:/home/pacl/Documents/Repository/sca-2026/lib/crypto_kem/hqc128/pqclean/reed_solomon.c ****     }
 2292              		.loc 1 256 9 view .LVU881
 256:/home/pacl/Documents/Repository/sca-2026/lib/crypto_kem/hqc128/pqclean/reed_solomon.c ****     }
 2293              		.loc 1 256 23 is_stmt 0 view .LVU882
 2294 0b00 1FFA8EF2 		uxth	r2, lr
 2295              	.LVL198:
 248:/home/pacl/Documents/Repository/sca-2026/lib/crypto_kem/hqc128/pqclean/reed_solomon.c ****         found = 0;
 2296              		.loc 1 248 38 is_stmt 1 discriminator 2 view .LVU883
 248:/home/pacl/Documents/Repository/sca-2026/lib/crypto_kem/hqc128/pqclean/reed_solomon.c ****         found = 0;
 2297              		.loc 1 248 26 discriminator 1 view .LVU884
 2298 0b04 7FF4F4AE 		bne	.L28
 2299              	.LVL199:
 248:/home/pacl/Documents/Repository/sca-2026/lib/crypto_kem/hqc128/pqclean/reed_solomon.c ****         found = 0;
 2300              		.loc 1 248 26 is_stmt 0 discriminator 1 view .LVU885
 2301              	.LBE63:
 2302              	.LBE44:
 2303              	.LBE43:
 313:/home/pacl/Documents/Repository/sca-2026/lib/crypto_kem/hqc128/pqclean/reed_solomon.c **** 
 314:/home/pacl/Documents/Repository/sca-2026/lib/crypto_kem/hqc128/pqclean/reed_solomon.c ****     // Correct the errors
 315:/home/pacl/Documents/Repository/sca-2026/lib/crypto_kem/hqc128/pqclean/reed_solomon.c ****     correct_errors(cdw, error_values);
 2304              		.loc 1 315 5 is_stmt 1 view .LVU886
 2305              	.LBB64:
 2306              	.LBI64:
 267:/home/pacl/Documents/Repository/sca-2026/lib/crypto_kem/hqc128/pqclean/reed_solomon.c ****     for (size_t i = 0; i < PARAM_N1; ++i) {
 2307              		.loc 1 267 13 view .LVU887
 268:/home/pacl/Documents/Repository/sca-2026/lib/crypto_kem/hqc128/pqclean/reed_solomon.c ****         cdw[i] ^= error_values[i];
 2308              		.loc 1 268 5 view .LVU888
 2309              	.LBB65:
 268:/home/pacl/Documents/Repository/sca-2026/lib/crypto_kem/hqc128/pqclean/reed_solomon.c ****         cdw[i] ^= error_values[i];
 2310              		.loc 1 268 10 view .LVU889
 268:/home/pacl/Documents/Repository/sca-2026/lib/crypto_kem/hqc128/pqclean/reed_solomon.c ****         cdw[i] ^= error_values[i];
 2311              		.loc 1 268 26 discriminator 1 view .LVU890
 2312 0b08 179B     		ldr	r3, [sp, #92]
 2313 0b0a 51AA     		add	r2, sp, #324
 2314              	.LVL200:
 268:/home/pacl/Documents/Repository/sca-2026/lib/crypto_kem/hqc128/pqclean/reed_solomon.c ****         cdw[i] ^= error_values[i];
 2315              		.loc 1 268 26 is_stmt 0 discriminator 1 view .LVU891
 2316 0b0c 591E     		subs	r1, r3, #1
 2317              	.LVL201:
 2318              	.L29:
 269:/home/pacl/Documents/Repository/sca-2026/lib/crypto_kem/hqc128/pqclean/reed_solomon.c ****     }
 2319              		.loc 1 269 9 is_stmt 1 view .LVU892
 269:/home/pacl/Documents/Repository/sca-2026/lib/crypto_kem/hqc128/pqclean/reed_solomon.c ****     }
 2320              		.loc 1 269 16 is_stmt 0 view .LVU893
 2321 0b0e 11F8013F 		ldrb	r3, [r1, #1]!	@ zero_extendqisi2
 269:/home/pacl/Documents/Repository/sca-2026/lib/crypto_kem/hqc128/pqclean/reed_solomon.c ****     }
 2322              		.loc 1 269 31 view .LVU894
 2323 0b12 32F8020B 		ldrh	r0, [r2], #2
 269:/home/pacl/Documents/Repository/sca-2026/lib/crypto_kem/hqc128/pqclean/reed_solomon.c ****     }
 2324              		.loc 1 269 16 view .LVU895
 2325 0b16 4340     		eors	r3, r3, r0
 2326 0b18 0B70     		strb	r3, [r1]
 268:/home/pacl/Documents/Repository/sca-2026/lib/crypto_kem/hqc128/pqclean/reed_solomon.c ****         cdw[i] ^= error_values[i];
 2327              		.loc 1 268 38 is_stmt 1 discriminator 3 view .LVU896
 268:/home/pacl/Documents/Repository/sca-2026/lib/crypto_kem/hqc128/pqclean/reed_solomon.c ****         cdw[i] ^= error_values[i];
 2328              		.loc 1 268 26 discriminator 1 view .LVU897
 2329 0b1a 68AB     		add	r3, sp, #416
 2330 0b1c 9A42     		cmp	r2, r3
 2331 0b1e F6D1     		bne	.L29
 2332              	.LVL202:
 268:/home/pacl/Documents/Repository/sca-2026/lib/crypto_kem/hqc128/pqclean/reed_solomon.c ****         cdw[i] ^= error_values[i];
 2333              		.loc 1 268 26 is_stmt 0 discriminator 1 view .LVU898
 2334              	.LBE65:
 2335              	.LBE64:
 316:/home/pacl/Documents/Repository/sca-2026/lib/crypto_kem/hqc128/pqclean/reed_solomon.c **** 
 317:/home/pacl/Documents/Repository/sca-2026/lib/crypto_kem/hqc128/pqclean/reed_solomon.c ****     // Retrieve the message from the decoded codeword
 318:/home/pacl/Documents/Repository/sca-2026/lib/crypto_kem/hqc128/pqclean/reed_solomon.c ****     memcpy(msg, cdw + (PARAM_G - 1), PARAM_K);
 2336              		.loc 1 318 5 is_stmt 1 view .LVU899
 2337 0b20 1798     		ldr	r0, [sp, #92]
 2338 0b22 189C     		ldr	r4, [sp, #96]
 2339 0b24 D0F81E10 		ldr	r1, [r0, #30]	@ unaligned
 2340 0b28 D0F82220 		ldr	r2, [r0, #34]	@ unaligned
 2341 0b2c D0F82630 		ldr	r3, [r0, #38]	@ unaligned
 2342 0b30 D0F82A00 		ldr	r0, [r0, #42]	@ unaligned
 2343 0b34 E060     		str	r0, [r4, #12]	@ unaligned
 2344 0b36 2160     		str	r1, [r4]	@ unaligned
 2345 0b38 6260     		str	r2, [r4, #4]	@ unaligned
 2346 0b3a A360     		str	r3, [r4, #8]	@ unaligned
 319:/home/pacl/Documents/Repository/sca-2026/lib/crypto_kem/hqc128/pqclean/reed_solomon.c **** 
 320:/home/pacl/Documents/Repository/sca-2026/lib/crypto_kem/hqc128/pqclean/reed_solomon.c **** }
 2347              		.loc 1 320 1 is_stmt 0 view .LVU900
 2348 0b3c 0DF2A44D 		addw	sp, sp, #1188
 2349              	.LCFI5:
 2350              		.cfi_def_cfa_offset 36
 2351              		@ sp needed
 2352 0b40 BDE8F08F 		pop	{r4, r5, r6, r7, r8, r9, r10, fp, pc}
 2353              		.loc 1 320 1 view .LVU901
 2354              		.cfi_endproc
 2355              	.LFE7:
 2357              		.section	.rodata
 2358              		.align	2
 2359              		.set	.LANCHOR0,. + 0
 2360              	.LC0:
 2361 0000 5900     		.short	89
 2362 0002 4500     		.short	69
 2363 0004 9900     		.short	153
 2364 0006 7400     		.short	116
 2365 0008 B000     		.short	176
 2366 000a 7500     		.short	117
 2367 000c 6F00     		.short	111
 2368 000e 4B00     		.short	75
 2369 0010 4900     		.short	73
 2370 0012 E900     		.short	233
 2371 0014 F200     		.short	242
 2372 0016 E900     		.short	233
 2373 0018 4100     		.short	65
 2374 001a D200     		.short	210
 2375 001c 1500     		.short	21
 2376 001e 8B00     		.short	139
 2377 0020 6700     		.short	103
 2378 0022 AD00     		.short	173
 2379 0024 4300     		.short	67
 2380 0026 7600     		.short	118
 2381 0028 6900     		.short	105
 2382 002a D200     		.short	210
 2383 002c AE00     		.short	174
 2384 002e 6E00     		.short	110
 2385 0030 4A00     		.short	74
 2386 0032 4500     		.short	69
 2387 0034 E400     		.short	228
 2388 0036 5200     		.short	82
 2389 0038 FF00     		.short	255
 2390 003a B500     		.short	181
 2391 003c 0100     		.short	1
 2392 003e 0000     		.space	2
 2395              	alpha_ij_pow:
 2396 0040 0200     		.short	2
 2397 0042 0400     		.short	4
 2398 0044 0800     		.short	8
 2399 0046 1000     		.short	16
 2400 0048 2000     		.short	32
 2401 004a 4000     		.short	64
 2402 004c 8000     		.short	128
 2403 004e 1D00     		.short	29
 2404 0050 3A00     		.short	58
 2405 0052 7400     		.short	116
 2406 0054 E800     		.short	232
 2407 0056 CD00     		.short	205
 2408 0058 8700     		.short	135
 2409 005a 1300     		.short	19
 2410 005c 2600     		.short	38
 2411 005e 4C00     		.short	76
 2412 0060 9800     		.short	152
 2413 0062 2D00     		.short	45
 2414 0064 5A00     		.short	90
 2415 0066 B400     		.short	180
 2416 0068 7500     		.short	117
 2417 006a EA00     		.short	234
 2418 006c C900     		.short	201
 2419 006e 8F00     		.short	143
 2420 0070 0300     		.short	3
 2421 0072 0600     		.short	6
 2422 0074 0C00     		.short	12
 2423 0076 1800     		.short	24
 2424 0078 3000     		.short	48
 2425 007a 6000     		.short	96
 2426 007c C000     		.short	192
 2427 007e 9D00     		.short	157
 2428 0080 2700     		.short	39
 2429 0082 4E00     		.short	78
 2430 0084 9C00     		.short	156
 2431 0086 2500     		.short	37
 2432 0088 4A00     		.short	74
 2433 008a 9400     		.short	148
 2434 008c 3500     		.short	53
 2435 008e 6A00     		.short	106
 2436 0090 D400     		.short	212
 2437 0092 B500     		.short	181
 2438 0094 7700     		.short	119
 2439 0096 EE00     		.short	238
 2440 0098 C100     		.short	193
 2441 009a 0400     		.short	4
 2442 009c 1000     		.short	16
 2443 009e 4000     		.short	64
 2444 00a0 1D00     		.short	29
 2445 00a2 7400     		.short	116
 2446 00a4 CD00     		.short	205
 2447 00a6 1300     		.short	19
 2448 00a8 4C00     		.short	76
 2449 00aa 2D00     		.short	45
 2450 00ac B400     		.short	180
 2451 00ae EA00     		.short	234
 2452 00b0 8F00     		.short	143
 2453 00b2 0600     		.short	6
 2454 00b4 1800     		.short	24
 2455 00b6 6000     		.short	96
 2456 00b8 9D00     		.short	157
 2457 00ba 4E00     		.short	78
 2458 00bc 2500     		.short	37
 2459 00be 9400     		.short	148
 2460 00c0 6A00     		.short	106
 2461 00c2 B500     		.short	181
 2462 00c4 EE00     		.short	238
 2463 00c6 9F00     		.short	159
 2464 00c8 4600     		.short	70
 2465 00ca 0500     		.short	5
 2466 00cc 1400     		.short	20
 2467 00ce 5000     		.short	80
 2468 00d0 5D00     		.short	93
 2469 00d2 6900     		.short	105
 2470 00d4 B900     		.short	185
 2471 00d6 DE00     		.short	222
 2472 00d8 5F00     		.short	95
 2473 00da 6100     		.short	97
 2474 00dc 9900     		.short	153
 2475 00de 5E00     		.short	94
 2476 00e0 6500     		.short	101
 2477 00e2 8900     		.short	137
 2478 00e4 1E00     		.short	30
 2479 00e6 7800     		.short	120
 2480 00e8 FD00     		.short	253
 2481 00ea D300     		.short	211
 2482 00ec 6B00     		.short	107
 2483 00ee B100     		.short	177
 2484 00f0 FE00     		.short	254
 2485 00f2 DF00     		.short	223
 2486 00f4 0800     		.short	8
 2487 00f6 4000     		.short	64
 2488 00f8 3A00     		.short	58
 2489 00fa CD00     		.short	205
 2490 00fc 2600     		.short	38
 2491 00fe 2D00     		.short	45
 2492 0100 7500     		.short	117
 2493 0102 8F00     		.short	143
 2494 0104 0C00     		.short	12
 2495 0106 6000     		.short	96
 2496 0108 2700     		.short	39
 2497 010a 2500     		.short	37
 2498 010c 3500     		.short	53
 2499 010e B500     		.short	181
 2500 0110 C100     		.short	193
 2501 0112 4600     		.short	70
 2502 0114 0A00     		.short	10
 2503 0116 5000     		.short	80
 2504 0118 BA00     		.short	186
 2505 011a B900     		.short	185
 2506 011c A100     		.short	161
 2507 011e 6100     		.short	97
 2508 0120 2F00     		.short	47
 2509 0122 6500     		.short	101
 2510 0124 0F00     		.short	15
 2511 0126 7800     		.short	120
 2512 0128 E700     		.short	231
 2513 012a 6B00     		.short	107
 2514 012c 7F00     		.short	127
 2515 012e DF00     		.short	223
 2516 0130 B600     		.short	182
 2517 0132 D900     		.short	217
 2518 0134 8600     		.short	134
 2519 0136 4400     		.short	68
 2520 0138 1A00     		.short	26
 2521 013a D000     		.short	208
 2522 013c CE00     		.short	206
 2523 013e 3E00     		.short	62
 2524 0140 ED00     		.short	237
 2525 0142 3B00     		.short	59
 2526 0144 C500     		.short	197
 2527 0146 6600     		.short	102
 2528 0148 1700     		.short	23
 2529 014a B800     		.short	184
 2530 014c A900     		.short	169
 2531 014e 1000     		.short	16
 2532 0150 1D00     		.short	29
 2533 0152 CD00     		.short	205
 2534 0154 4C00     		.short	76
 2535 0156 B400     		.short	180
 2536 0158 8F00     		.short	143
 2537 015a 1800     		.short	24
 2538 015c 9D00     		.short	157
 2539 015e 2500     		.short	37
 2540 0160 6A00     		.short	106
 2541 0162 EE00     		.short	238
 2542 0164 4600     		.short	70
 2543 0166 1400     		.short	20
 2544 0168 5D00     		.short	93
 2545 016a B900     		.short	185
 2546 016c 5F00     		.short	95
 2547 016e 9900     		.short	153
 2548 0170 6500     		.short	101
 2549 0172 1E00     		.short	30
 2550 0174 FD00     		.short	253
 2551 0176 6B00     		.short	107
 2552 0178 FE00     		.short	254
 2553 017a 5B00     		.short	91
 2554 017c D900     		.short	217
 2555 017e 1100     		.short	17
 2556 0180 0D00     		.short	13
 2557 0182 D000     		.short	208
 2558 0184 8100     		.short	129
 2559 0186 F800     		.short	248
 2560 0188 3B00     		.short	59
 2561 018a 9700     		.short	151
 2562 018c 8500     		.short	133
 2563 018e B800     		.short	184
 2564 0190 4F00     		.short	79
 2565 0192 8400     		.short	132
 2566 0194 A800     		.short	168
 2567 0196 5200     		.short	82
 2568 0198 4900     		.short	73
 2569 019a E400     		.short	228
 2570 019c E600     		.short	230
 2571 019e C600     		.short	198
 2572 01a0 FC00     		.short	252
 2573 01a2 7B00     		.short	123
 2574 01a4 E300     		.short	227
 2575 01a6 9600     		.short	150
 2576 01a8 2000     		.short	32
 2577 01aa 7400     		.short	116
 2578 01ac 2600     		.short	38
 2579 01ae B400     		.short	180
 2580 01b0 0300     		.short	3
 2581 01b2 6000     		.short	96
 2582 01b4 9C00     		.short	156
 2583 01b6 6A00     		.short	106
 2584 01b8 C100     		.short	193
 2585 01ba 0500     		.short	5
 2586 01bc A000     		.short	160
 2587 01be B900     		.short	185
 2588 01c0 BE00     		.short	190
 2589 01c2 5E00     		.short	94
 2590 01c4 0F00     		.short	15
 2591 01c6 FD00     		.short	253
 2592 01c8 D600     		.short	214
 2593 01ca DF00     		.short	223
 2594 01cc E200     		.short	226
 2595 01ce 1100     		.short	17
 2596 01d0 1A00     		.short	26
 2597 01d2 6700     		.short	103
 2598 01d4 7C00     		.short	124
 2599 01d6 3B00     		.short	59
 2600 01d8 3300     		.short	51
 2601 01da 2E00     		.short	46
 2602 01dc A900     		.short	169
 2603 01de 8400     		.short	132
 2604 01e0 4D00     		.short	77
 2605 01e2 5500     		.short	85
 2606 01e4 7200     		.short	114
 2607 01e6 E600     		.short	230
 2608 01e8 9100     		.short	145
 2609 01ea D700     		.short	215
 2610 01ec FF00     		.short	255
 2611 01ee 9600     		.short	150
 2612 01f0 3700     		.short	55
 2613 01f2 AE00     		.short	174
 2614 01f4 6400     		.short	100
 2615 01f6 1C00     		.short	28
 2616 01f8 A700     		.short	167
 2617 01fa 5900     		.short	89
 2618 01fc EF00     		.short	239
 2619 01fe AC00     		.short	172
 2620 0200 2400     		.short	36
 2621 0202 4000     		.short	64
 2622 0204 CD00     		.short	205
 2623 0206 2D00     		.short	45
 2624 0208 8F00     		.short	143
 2625 020a 6000     		.short	96
 2626 020c 2500     		.short	37
 2627 020e B500     		.short	181
 2628 0210 4600     		.short	70
 2629 0212 5000     		.short	80
 2630 0214 B900     		.short	185
 2631 0216 6100     		.short	97
 2632 0218 6500     		.short	101
 2633 021a 7800     		.short	120
 2634 021c 6B00     		.short	107
 2635 021e DF00     		.short	223
 2636 0220 D900     		.short	217
 2637 0222 4400     		.short	68
 2638 0224 D000     		.short	208
 2639 0226 3E00     		.short	62
 2640 0228 3B00     		.short	59
 2641 022a 6600     		.short	102
 2642 022c B800     		.short	184
 2643 022e 2100     		.short	33
 2644 0230 A800     		.short	168
 2645 0232 5500     		.short	85
 2646 0234 E400     		.short	228
 2647 0236 BF00     		.short	191
 2648 0238 FC00     		.short	252
 2649 023a F100     		.short	241
 2650 023c 9600     		.short	150
 2651 023e 6E00     		.short	110
 2652 0240 8200     		.short	130
 2653 0242 0700     		.short	7
 2654 0244 DD00     		.short	221
 2655 0246 5900     		.short	89
 2656 0248 C300     		.short	195
 2657 024a 8A00     		.short	138
 2658 024c 3D00     		.short	61
 2659 024e FB00     		.short	251
 2660 0250 2C00     		.short	44
 2661 0252 CF00     		.short	207
 2662 0254 AD00     		.short	173
 2663 0256 0800     		.short	8
 2664 0258 3A00     		.short	58
 2665 025a 2600     		.short	38
 2666 025c 8000     		.short	128
 2667 025e 1300     		.short	19
 2668 0260 7500     		.short	117
 2669 0262 1800     		.short	24
 2670 0264 9C00     		.short	156
 2671 0266 B500     		.short	181
 2672 0268 8C00     		.short	140
 2673 026a 5D00     		.short	93
 2674 026c A100     		.short	161
 2675 026e 5E00     		.short	94
 2676 0270 3C00     		.short	60
 2677 0272 6B00     		.short	107
 2678 0274 A300     		.short	163
 2679 0276 4300     		.short	67
 2680 0278 1A00     		.short	26
 2681 027a 8100     		.short	129
 2682 027c 9300     		.short	147
 2683 027e 6600     		.short	102
 2684 0280 6D00     		.short	109
 2685 0282 8400     		.short	132
 2686 0284 2900     		.short	41
 2687 0286 3900     		.short	57
 2688 0288 D100     		.short	209
 2689 028a FC00     		.short	252
 2690 028c FF00     		.short	255
 2691 028e 6200     		.short	98
 2692 0290 5700     		.short	87
 2693 0292 C800     		.short	200
 2694 0294 E000     		.short	224
 2695 0296 5900     		.short	89
 2696 0298 9B00     		.short	155
 2697 029a 1200     		.short	18
 2698 029c F500     		.short	245
 2699 029e 0B00     		.short	11
 2700 02a0 E900     		.short	233
 2701 02a2 AD00     		.short	173
 2702 02a4 1000     		.short	16
 2703 02a6 E800     		.short	232
 2704 02a8 2D00     		.short	45
 2705 02aa 0300     		.short	3
 2706 02ac 9D00     		.short	157
 2707 02ae 3500     		.short	53
 2708 02b0 9F00     		.short	159
 2709 02b2 2800     		.short	40
 2710 02b4 B900     		.short	185
 2711 02b6 1D00     		.short	29
 2712 02b8 4C00     		.short	76
 2713 02ba 8F00     		.short	143
 2714 02bc 9D00     		.short	157
 2715 02be 6A00     		.short	106
 2716 02c0 4600     		.short	70
 2717 02c2 5D00     		.short	93
 2718 02c4 5F00     		.short	95
 2719 02c6 6500     		.short	101
 2720 02c8 FD00     		.short	253
 2721 02ca FE00     		.short	254
 2722 02cc D900     		.short	217
 2723 02ce 0D00     		.short	13
 2724 02d0 8100     		.short	129
 2725 02d2 3B00     		.short	59
 2726 02d4 8500     		.short	133
 2727 02d6 4F00     		.short	79
 2728 02d8 A800     		.short	168
 2729 02da 4900     		.short	73
 2730 02dc E600     		.short	230
 2731 02de FC00     		.short	252
 2732 02e0 E300     		.short	227
 2733 02e2 9500     		.short	149
 2734 02e4 8200     		.short	130
 2735 02e6 1C00     		.short	28
 2736 02e8 5100     		.short	81
 2737 02ea C300     		.short	195
 2738 02ec 1200     		.short	18
 2739 02ee F700     		.short	247
 2740 02f0 2C00     		.short	44
 2741 02f2 1B00     		.short	27
 2742 02f4 0200     		.short	2
 2743 02f6 3A00     		.short	58
 2744 02f8 9800     		.short	152
 2745 02fa 0300     		.short	3
 2746 02fc 2700     		.short	39
 2747 02fe D400     		.short	212
 2748 0300 8C00     		.short	140
 2749 0302 BA00     		.short	186
 2750 0304 BE00     		.short	190
 2751 0306 CA00     		.short	202
 2752 0308 E700     		.short	231
 2753 030a E100     		.short	225
 2754 030c AF00     		.short	175
 2755 030e 1A00     		.short	26
 2756 0310 3A00     		.short	58
 2757 0312 2D00     		.short	45
 2758 0314 0C00     		.short	12
 2759 0316 2500     		.short	37
 2760 0318 C100     		.short	193
 2761 031a 5000     		.short	80
 2762 031c A100     		.short	161
 2763 031e 6500     		.short	101
 2764 0320 E700     		.short	231
 2765 0322 DF00     		.short	223
 2766 0324 8600     		.short	134
 2767 0326 D000     		.short	208
 2768 0328 ED00     		.short	237
 2769 032a 6600     		.short	102
 2770 032c A900     		.short	169
 2771 032e A800     		.short	168
 2772 0330 9200     		.short	146
 2773 0332 BF00     		.short	191
 2774 0334 B300     		.short	179
 2775 0336 9600     		.short	150
 2776 0338 5700     		.short	87
 2777 033a 0700     		.short	7
 2778 033c A600     		.short	166
 2779 033e C300     		.short	195
 2780 0340 2400     		.short	36
 2781 0342 FB00     		.short	251
 2782 0344 7D00     		.short	125
 2783 0346 AD00     		.short	173
 2784 0348 4000     		.short	64
 2785 034a 2600     		.short	38
 2786 034c 8F00     		.short	143
 2787 034e 2700     		.short	39
 2788 0350 B500     		.short	181
 2789 0352 0A00     		.short	10
 2790 0354 B900     		.short	185
 2791 0356 2F00     		.short	47
 2792 0358 7800     		.short	120
 2793 035a 7F00     		.short	127
 2794 035c D900     		.short	217
 2795 035e 1A00     		.short	26
 2796 0360 3E00     		.short	62
 2797 0362 C500     		.short	197
 2798 0364 B800     		.short	184
 2799 0366 1500     		.short	21
 2800 0368 5500     		.short	85
 2801 036a 7400     		.short	116
 2802 036c B400     		.short	180
 2803 036e 6000     		.short	96
 2804 0370 6A00     		.short	106
 2805 0372 0500     		.short	5
 2806 0374 B900     		.short	185
 2807 0376 5E00     		.short	94
 2808 0378 FD00     		.short	253
 2809 037a DF00     		.short	223
 2810 037c 1100     		.short	17
 2811 037e 6700     		.short	103
 2812 0380 3B00     		.short	59
 2813 0382 2E00     		.short	46
 2814 0384 8400     		.short	132
 2815 0386 5500     		.short	85
 2816 0388 E600     		.short	230
 2817 038a D700     		.short	215
 2818 038c 9600     		.short	150
 2819 038e AE00     		.short	174
 2820 0390 1C00     		.short	28
 2821 0392 5900     		.short	89
 2822 0394 AC00     		.short	172
 2823 0396 F400     		.short	244
 2824 0398 2C00     		.short	44
 2825 039a 6C00     		.short	108
 2826 039c 2000     		.short	32
 2827 039e 2600     		.short	38
 2828 03a0 0300     		.short	3
 2829 03a2 9C00     		.short	156
 2830 03a4 C100     		.short	193
 2831 03a6 A000     		.short	160
 2832 03a8 BE00     		.short	190
 2833 03aa 0F00     		.short	15
 2834 03ac D600     		.short	214
 2835 03ae E200     		.short	226
 2836 03b0 1A00     		.short	26
 2837 03b2 7C00     		.short	124
 2838 03b4 3300     		.short	51
 2839 03b6 A900     		.short	169
 2840 03b8 4D00     		.short	77
 2841 03ba 7200     		.short	114
 2842 03bc 9100     		.short	145
 2843 03be FF00     		.short	255
 2844 03c0 3700     		.short	55
 2845 03c2 6400     		.short	100
 2846 03c4 E800     		.short	232
 2847 03c6 EA00     		.short	234
 2848 03c8 2700     		.short	39
 2849 03ca EE00     		.short	238
 2850 03cc A000     		.short	160
 2851 03ce 6100     		.short	97
 2852 03d0 3C00     		.short	60
 2853 03d2 FE00     		.short	254
 2854 03d4 8600     		.short	134
 2855 03d6 6700     		.short	103
 2856 03d8 7600     		.short	118
 2857 03da B800     		.short	184
 2858 03dc 5400     		.short	84
 2859 03de 3900     		.short	57
 2860 03e0 9100     		.short	145
 2861 03e2 E300     		.short	227
 2862 03e4 DC00     		.short	220
 2863 03e6 0700     		.short	7
 2864 03e8 A200     		.short	162
 2865 03ea AC00     		.short	172
 2866 03ec F500     		.short	245
 2867 03ee B000     		.short	176
 2868 03f0 4700     		.short	71
 2869 03f2 3A00     		.short	58
 2870 03f4 B400     		.short	180
 2871 03f6 C000     		.short	192
 2872 03f8 B500     		.short	181
 2873 03fa 2800     		.short	40
 2874 03fc 5F00     		.short	95
 2875 03fe 0F00     		.short	15
 2876 0400 B100     		.short	177
 2877 0402 AF00     		.short	175
 2878 0404 D000     		.short	208
 2879 0406 9300     		.short	147
 2880 0408 2E00     		.short	46
 2881 040a 1500     		.short	21
 2882 040c 4900     		.short	73
 2883 040e 6300     		.short	99
 2884 0410 F100     		.short	241
 2885 0412 3700     		.short	55
 2886 0414 C800     		.short	200
 2887 0416 A600     		.short	166
 2888 0418 2B00     		.short	43
 2889 041a 7A00     		.short	122
 2890 041c 2C00     		.short	44
 2891 041e CD00     		.short	205
 2892 0420 8F00     		.short	143
 2893 0422 2500     		.short	37
 2894 0424 4600     		.short	70
 2895 0426 B900     		.short	185
 2896 0428 6500     		.short	101
 2897 042a 6B00     		.short	107
 2898 042c D900     		.short	217
 2899 042e D000     		.short	208
 2900 0430 3B00     		.short	59
 2901 0432 B800     		.short	184
 2902 0434 A800     		.short	168
 2903 0436 E400     		.short	228
 2904 0438 FC00     		.short	252
 2905 043a 9600     		.short	150
 2906 043c 8200     		.short	130
 2907 043e DD00     		.short	221
 2908 0440 C300     		.short	195
 2909 0442 3D00     		.short	61
 2910 0444 2C00     		.short	44
 2911 0446 AD00     		.short	173
 2912 0448 3A00     		.short	58
 2913 044a 7500     		.short	117
 2914 044c 2700     		.short	39
 2915 044e C100     		.short	193
 2916 0450 BA00     		.short	186
 2917 0452 2F00     		.short	47
 2918 0454 E700     		.short	231
 2919 0456 B600     		.short	182
 2920 0458 1A00     		.short	26
 2921 045a ED00     		.short	237
 2922 045c 1700     		.short	23
 2923 045e 1500     		.short	21
 2924 0460 9200     		.short	146
 2925 0462 9100     		.short	145
 2926 0464 DB00     		.short	219
 2927 0466 5700     		.short	87
 2928 0468 3800     		.short	56
 2929 046a F200     		.short	242
 2930 046c 2400     		.short	36
 2931 046e 8B00     		.short	139
 2932 0470 3600     		.short	54
 2933 0472 4000     		.short	64
 2934 0474 2D00     		.short	45
 2935 0476 6000     		.short	96
 2936 0478 8700     		.short	135
 2937 047a 0600     		.short	6
 2938 047c 3500     		.short	53
 2939 047e 1400     		.short	20
 2940 0480 BE00     		.short	190
 2941 0482 7800     		.short	120
 2942 0484 A300     		.short	163
 2943 0486 0D00     		.short	13
 2944 0488 ED00     		.short	237
 2945 048a 2E00     		.short	46
 2946 048c 5400     		.short	84
 2947 048e E400     		.short	228
 2948 0490 E500     		.short	229
 2949 0492 6200     		.short	98
 2950 0494 6400     		.short	100
 2951 0496 5100     		.short	81
 2952 0498 4500     		.short	69
 2953 049a FB00     		.short	251
 2954 049c 8300     		.short	131
 2955 049e 2000     		.short	32
 2956 04a0 2D00     		.short	45
 2957 04a2 C000     		.short	192
 2958 04a4 EE00     		.short	238
 2959 04a6 BA00     		.short	186
 2960 04a8 5E00     		.short	94
 2961 04aa BB00     		.short	187
 2962 04ac D900     		.short	217
 2963 04ae BD00     		.short	189
 2964 04b0 EC00     		.short	236
 2965 04b2 A900     		.short	169
 2966 04b4 5200     		.short	82
 2967 04b6 D100     		.short	209
 2968 04b8 F100     		.short	241
 2969 04ba DC00     		.short	220
 2970 04bc 1C00     		.short	28
 2971 04be F200     		.short	242
 2972 04c0 4800     		.short	72
 2973 04c2 1600     		.short	22
 2974 04c4 AD00     		.short	173
 2975 04c6 7400     		.short	116
 2976 04c8 C900     		.short	201
 2977 04ca 2500     		.short	37
 2978 04cc 8C00     		.short	140
 2979 04ce DE00     		.short	222
 2980 04d0 0F00     		.short	15
 2981 04d2 1300     		.short	19
 2982 04d4 1800     		.short	24
 2983 04d6 B500     		.short	181
 2984 04d8 5D00     		.short	93
 2985 04da 5E00     		.short	94
 2986 04dc 6B00     		.short	107
 2987 04de 4300     		.short	67
 2988 04e0 8100     		.short	129
 2989 04e2 6600     		.short	102
 2990 04e4 8400     		.short	132
 2991 04e6 3900     		.short	57
 2992 04e8 FC00     		.short	252
 2993 04ea 6200     		.short	98
 2994 04ec C800     		.short	200
 2995 04ee 5900     		.short	89
 2996 04f0 1200     		.short	18
 2997 04f2 0B00     		.short	11
 2998 04f4 AD00     		.short	173
 2999 04f6 E800     		.short	232
 3000 04f8 0300     		.short	3
 3001 04fa 3500     		.short	53
 3002 04fc 2800     		.short	40
 3003 04fe C200     		.short	194
 3004 0500 E700     		.short	231
 3005 0502 E200     		.short	226
 3006 0504 BD00     		.short	189
 3007 0506 C500     		.short	197
 3008 0508 9E00     		.short	158
 3009 050a AA00     		.short	170
 3010 050c 9100     		.short	145
 3011 050e 4B00     		.short	75
 3012 0510 1900     		.short	25
 3013 0512 A600     		.short	166
 3014 0514 4500     		.short	69
 3015 0516 EB00     		.short	235
 3016 0518 3600     		.short	54
 3017 051a 1D00     		.short	29
 3018 051c EA00     		.short	234
 3019 051e 2500     		.short	37
 3020 0520 0500     		.short	5
 3021 0522 5F00     		.short	95
 3022 0524 7800     		.short	120
 3023 0526 5B00     		.short	91
 3024 0528 3400     		.short	52
 3025 052a 3B00     		.short	59
 3026 052c 2600     		.short	38
 3027 052e 6000     		.short	96
 3028 0530 C100     		.short	193
 3029 0532 B900     		.short	185
 3030 0534 0F00     		.short	15
 3031 0536 DF00     		.short	223
 3032 0538 1A00     		.short	26
 3033 053a 3B00     		.short	59
 3034 053c A900     		.short	169
 3035 053e 5500     		.short	85
 3036 0540 9100     		.short	145
 3037 0542 9600     		.short	150
 3038 0544 6400     		.short	100
 3039 0546 5900     		.short	89
 3040 0548 2400     		.short	36
 3041 054a 2C00     		.short	44
 3042 054c 0100     		.short	1
 3043 054e 2600     		.short	38
 3044 0550 6000     		.short	96
 3045 0552 C100     		.short	193
 3046 0554 B900     		.short	185
 3047 0556 0F00     		.short	15
 3048 0558 DF00     		.short	223
 3049 055a 1A00     		.short	26
 3050 055c 3B00     		.short	59
 3051 055e A900     		.short	169
 3052 0560 5500     		.short	85
 3053 0562 9100     		.short	145
 3054 0564 9600     		.short	150
 3055 0566 6400     		.short	100
 3056 0568 5900     		.short	89
 3057 056a 2400     		.short	36
 3058 056c 2C00     		.short	44
 3059 056e 0100     		.short	1
 3060 0570 2600     		.short	38
 3061 0572 6000     		.short	96
 3062 0574 C100     		.short	193
 3063 0576 B900     		.short	185
 3064 0578 0F00     		.short	15
 3065 057a DF00     		.short	223
 3066 057c 1A00     		.short	26
 3067 057e 3B00     		.short	59
 3068 0580 A900     		.short	169
 3069 0582 5500     		.short	85
 3070 0584 9100     		.short	145
 3071 0586 4C00     		.short	76
 3072 0588 9D00     		.short	157
 3073 058a 4600     		.short	70
 3074 058c 5F00     		.short	95
 3075 058e FD00     		.short	253
 3076 0590 D900     		.short	217
 3077 0592 8100     		.short	129
 3078 0594 8500     		.short	133
 3079 0596 A800     		.short	168
 3080 0598 E600     		.short	230
 3081 059a E300     		.short	227
 3082 059c 8200     		.short	130
 3083 059e 5100     		.short	81
 3084 05a0 1200     		.short	18
 3085 05a2 2C00     		.short	44
 3086 05a4 0200     		.short	2
 3087 05a6 9800     		.short	152
 3088 05a8 2700     		.short	39
 3089 05aa 8C00     		.short	140
 3090 05ac BE00     		.short	190
 3091 05ae E700     		.short	231
 3092 05b0 AF00     		.short	175
 3093 05b2 1F00     		.short	31
 3094 05b4 1700     		.short	23
 3095 05b6 4D00     		.short	77
 3096 05b8 D100     		.short	209
 3097 05ba DB00     		.short	219
 3098 05bc 1900     		.short	25
 3099 05be A200     		.short	162
 3100 05c0 2400     		.short	36
 3101 05c2 5800     		.short	88
 3102 05c4 0400     		.short	4
 3103 05c6 2D00     		.short	45
 3104 05c8 4E00     		.short	78
 3105 05ca 0500     		.short	5
 3106 05cc 6100     		.short	97
 3107 05ce D300     		.short	211
 3108 05d0 4300     		.short	67
 3109 05d2 3E00     		.short	62
 3110 05d4 2E00     		.short	46
 3111 05d6 9A00     		.short	154
 3112 05d8 BF00     		.short	191
 3113 05da AB00     		.short	171
 3114 05dc 3200     		.short	50
 3115 05de 5900     		.short	89
 3116 05e0 9800     		.short	152
 3117 05e2 4E00     		.short	78
 3118 05e4 0A00     		.short	10
 3119 05e6 9900     		.short	153
 3120 05e8 D600     		.short	214
 3121 05ea 4400     		.short	68
 3122 05ec 9300     		.short	147
 3123 05ee 4F00     		.short	79
 3124 05f0 9200     		.short	146
 3125 05f2 D700     		.short	215
 3126 05f4 DC00     		.short	220
 3127 05f6 DD00     		.short	221
 3128 05f8 4500     		.short	69
 3129 05fa 0B00     		.short	11
 3130 05fc 0100     		.short	1
 3131 05fe 9800     		.short	152
 3132 0600 4E00     		.short	78
 3133 0602 0A00     		.short	10
 3134 0604 9900     		.short	153
 3135 0606 D600     		.short	214
 3136 0608 4400     		.short	68
 3137 060a 9300     		.short	147
 3138 060c 4F00     		.short	79
 3139 060e 9200     		.short	146
 3140 0610 D700     		.short	215
 3141 0612 DC00     		.short	220
 3142 0614 DD00     		.short	221
 3143 0616 4500     		.short	69
 3144 0618 0B00     		.short	11
 3145 061a 0100     		.short	1
 3146 061c 9800     		.short	152
 3147 061e 4E00     		.short	78
 3148 0620 0A00     		.short	10
 3149 0622 9900     		.short	153
 3150 0624 D600     		.short	214
 3151 0626 4400     		.short	68
 3152 0628 9300     		.short	147
 3153 062a 4F00     		.short	79
 3154 062c 9200     		.short	146
 3155 062e D700     		.short	215
 3156 0630 DC00     		.short	220
 3157 0632 DD00     		.short	221
 3158 0634 4500     		.short	69
 3159 0636 0B00     		.short	11
 3160 0638 0100     		.short	1
 3161 063a 2D00     		.short	45
 3162 063c 2500     		.short	37
 3163 063e 5000     		.short	80
 3164 0640 6500     		.short	101
 3165 0642 DF00     		.short	223
 3166 0644 D000     		.short	208
 3167 0646 6600     		.short	102
 3168 0648 A800     		.short	168
 3169 064a BF00     		.short	191
 3170 064c 9600     		.short	150
 3171 064e 0700     		.short	7
 3172 0650 C300     		.short	195
 3173 0652 FB00     		.short	251
 3174 0654 AD00     		.short	173
 3175 0656 2600     		.short	38
 3176 0658 2700     		.short	39
 3177 065a 0A00     		.short	10
 3178 065c 2F00     		.short	47
 3179 065e 7F00     		.short	127
 3180 0660 1A00     		.short	26
 3181 0662 C500     		.short	197
 3182 0664 1500     		.short	21
 3183 0666 7300     		.short	115
 3184 0668 DB00     		.short	219
 3185 066a 6400     		.short	100
 3186 066c F200     		.short	242
 3187 066e F500     		.short	245
 3188 0670 3600     		.short	54
 3189 0672 CD00     		.short	205
 3190 0674 6000     		.short	96
 3191 0676 4600     		.short	70
 3192 0678 6100     		.short	97
 3193 067a 6B00     		.short	107
 3194 067c 4400     		.short	68
 3195 067e 3B00     		.short	59
 3196 0680 2100     		.short	33
 3197 0682 E400     		.short	228
 3198 0684 F100     		.short	241
 3199 0686 8200     		.short	130
 3200 0688 5900     		.short	89
 3201 068a 3D00     		.short	61
 3202 068c CF00     		.short	207
 3203 068e 3A00     		.short	58
 3204 0690 0C00     		.short	12
 3205 0692 C100     		.short	193
 3206 0694 5A00     		.short	90
 3207 0696 9400     		.short	148
 3208 0698 BA00     		.short	186
 3209 069a 1E00     		.short	30
 3210 069c E200     		.short	226
 3211 069e 3E00     		.short	62
 3212 06a0 6D00     		.short	109
 3213 06a2 4900     		.short	73
 3214 06a4 B300     		.short	179
 3215 06a6 AE00     		.short	174
 3216 06a8 A200     		.short	162
 3217 06aa 3D00     		.short	61
 3218 06ac 8300     		.short	131
 3219 06ae E800     		.short	232
 3220 06b0 6000     		.short	96
 3221 06b2 8C00     		.short	140
 3222 06b4 9900     		.short	153
 3223 06b6 7F00     		.short	127
 3224 06b8 3400     		.short	52
 3225 06ba 3300     		.short	51
 3226 06bc A800     		.short	168
 3227 06be 6300     		.short	99
 3228 06c0 6200     		.short	98
 3229 06c2 3800     		.short	56
 3230 06c4 AC00     		.short	172
 3231 06c6 1600     		.short	22
 3232 06c8 0800     		.short	8
 3233 06ca EA00     		.short	234
 3234 06cc D400     		.short	212
 3235 06ce B900     		.short	185
 3236 06d0 F000     		.short	240
 3237 06d2 4300     		.short	67
 3238 06d4 ED00     		.short	237
 3239 06d6 4F00     		.short	79
 3240 06d8 7200     		.short	114
 3241 06da F100     		.short	241
 3242 06dc 1900     		.short	25
 3243 06de 7900     		.short	121
 3244 06e0 F500     		.short	245
 3245 06e2 6C00     		.short	108
 3246 06e4 1300     		.short	19
 3247 06e6 2700     		.short	39
 3248 06e8 1400     		.short	20
 3249 06ea BC00     		.short	188
 3250 06ec DF00     		.short	223
 3251 06ee B400     		.short	180
 3252 06f0 6A00     		.short	106
 3253 06f2 B900     		.short	185
 3254 06f4 FD00     		.short	253
 3255 06f6 1100     		.short	17
 3256 06f8 3B00     		.short	59
 3257 06fa 8400     		.short	132
 3258 06fc E600     		.short	230
 3259 06fe 9600     		.short	150
 3260 0700 1C00     		.short	28
 3261 0702 AC00     		.short	172
 3262 0704 2C00     		.short	44
 3263 0706 2000     		.short	32
 3264 0708 0300     		.short	3
 3265 070a C100     		.short	193
 3266 070c BE00     		.short	190
 3267 070e D600     		.short	214
 3268 0710 1A00     		.short	26
 3269 0712 3300     		.short	51
 3270 0714 4D00     		.short	77
 3271 0716 9100     		.short	145
 3272 0718 3700     		.short	55
 3273 071a A700     		.short	167
 3274 071c 2400     		.short	36
 3275 071e E900     		.short	233
 3276 0720 7400     		.short	116
 3277 0722 6000     		.short	96
 3278 0724 0500     		.short	5
 3279 0726 5E00     		.short	94
 3280 0728 DF00     		.short	223
 3281 072a 6700     		.short	103
 3282 072c 2E00     		.short	46
 3283 072e 5500     		.short	85
 3284 0730 D700     		.short	215
 3285 0732 AE00     		.short	174
 3286 0734 5900     		.short	89
 3287 0736 F400     		.short	244
 3288 0738 6C00     		.short	108
 3289 073a 2600     		.short	38
 3290 073c 9C00     		.short	156
 3291 073e A000     		.short	160
 3292 0740 0F00     		.short	15
 3293 0742 E200     		.short	226
 3294 0744 7C00     		.short	124
 3295 0746 A900     		.short	169
 3296 0748 7500     		.short	117
 3297 074a B500     		.short	181
 3298 074c A100     		.short	161
 3299 074e 6B00     		.short	107
 3300 0750 1A00     		.short	26
 3301 0752 6600     		.short	102
 3302 0754 2900     		.short	41
 3303 0756 FC00     		.short	252
 3304 0758 5700     		.short	87
 3305 075a 5900     		.short	89
 3306 075c F500     		.short	245
 3307 075e AD00     		.short	173
 3308 0760 2D00     		.short	45
 3309 0762 3500     		.short	53
 3310 0764 B900     		.short	185
 3311 0766 E700     		.short	231
 3312 0768 4400     		.short	68
 3313 076a C500     		.short	197
 3314 076c A800     		.short	168
 3315 076e 9100     		.short	145
 3316 0770 6E00     		.short	110
 3317 0772 A600     		.short	166
 3318 0774 3D00     		.short	61
 3319 0776 3600     		.short	54
 3320 0778 2600     		.short	38
 3321 077a 2500     		.short	37
 3322 077c BA00     		.short	186
 3323 077e 7800     		.short	120
 3324 0780 8600     		.short	134
 3325 0782 3B00     		.short	59
 3326 0784 1500     		.short	21
 3327 0786 BF00     		.short	191
 3328 0788 C400     		.short	196
 3329 078a DD00     		.short	221
 3330 078c 2400     		.short	36
 3331 078e CF00     		.short	207
 3332 0790 CD00     		.short	205
 3333 0792 2700     		.short	39
 3334 0794 5000     		.short	80
 3335 0796 0F00     		.short	15
 3336 0798 D900     		.short	217
 3337 079a ED00     		.short	237
 3338 079c 2100     		.short	33
 3339 079e 7300     		.short	115
 3340 07a0 9600     		.short	150
 3341 07a2 EA00     		.short	234
 3342 07a4 EE00     		.short	238
 3343 07a6 6100     		.short	97
 3344 07a8 FE00     		.short	254
 3345 07aa 6700     		.short	103
 3346 07ac B800     		.short	184
 3347 07ae 3900     		.short	57
 3348 07b0 E300     		.short	227
 3349 07b2 0700     		.short	7
 3350 07b4 AC00     		.short	172
 3351 07b6 B000     		.short	176
 3352 07b8 3A00     		.short	58
 3353 07ba C000     		.short	192
 3354 07bc 2800     		.short	40
 3355 07be 0F00     		.short	15
 3356 07c0 AF00     		.short	175
 3357 07c2 9300     		.short	147
 3358 07c4 1500     		.short	21
 3359 07c6 6300     		.short	99
 3360 07c8 3700     		.short	55
 3361 07ca A600     		.short	166
 3362 07cc 7A00     		.short	122
 3363 07ce D800     		.short	216
 3364 07d0 2D00     		.short	45
 3365 07d2 6A00     		.short	106
 3366 07d4 DE00     		.short	222
 3367 07d6 6B00     		.short	107
 3368 07d8 3400     		.short	52
 3369 07da 8500     		.short	133
 3370 07dc 5500     		.short	85
 3371 07de 7B00     		.short	123
 3372 07e0 3200     		.short	50
 3373 07e2 C300     		.short	195
 3374 07e4 0B00     		.short	11
 3375 07e6 2000     		.short	32
 3376 07e8 0C00     		.short	12
 3377 07ea 8C00     		.short	140
 3378 07ec BC00     		.short	188
 3379 07ee B600     		.short	182
 3380 07f0 7C00     		.short	124
 3381 07f2 9E00     		.short	158
 3382 07f4 7300     		.short	115
 3383 07f6 3100     		.short	49
 3384 07f8 E000     		.short	224
 3385 07fa 2400     		.short	36
 3386 07fc C900     		.short	201
 3387 07fe 9F00     		.short	159
 3388 0800 2F00     		.short	47
 3389 0802 5B00     		.short	91
 3390 0804 7C00     		.short	124
 3391 0806 2100     		.short	33
 3392 0808 D100     		.short	209
 3393 080a 9500     		.short	149
 3394 080c A600     		.short	166
 3395 080e F400     		.short	244
 3396 0810 4700     		.short	71
 3397 0812 7500     		.short	117
 3398 0814 EE00     		.short	238
 3399 0816 C200     		.short	194
 3400 0818 DF00     		.short	223
 3401 081a 1F00     		.short	31
 3402 081c 4F00     		.short	79
 3403 081e 7300     		.short	115
 3404 0820 6200     		.short	98
 3405 0822 A700     		.short	167
 3406 0824 3D00     		.short	61
 3407 0826 D800     		.short	216
 3408 0828 5A00     		.short	90
 3409 082a B500     		.short	181
 3410 082c BE00     		.short	190
 3411 082e FE00     		.short	254
 3412 0830 CE00     		.short	206
 3413 0832 DA00     		.short	218
 3414 0834 D500     		.short	213
 3415 0836 9600     		.short	150
 3416 0838 E000     		.short	224
 3417 083a 4800     		.short	72
 3418 083c 3600     		.short	54
 3419 083e 9800     		.short	152
 3420 0840 6A00     		.short	106
 3421 0842 A100     		.short	161
 3422 0844 B100     		.short	177
 3423 0846 BD00     		.short	189
 3424 0848 B800     		.short	184
 3425 084a 7200     		.short	114
 3426 084c AB00     		.short	171
 3427 084e 3800     		.short	56
 3428 0850 1200     		.short	18
 3429 0852 8300     		.short	131
 3430 0854 2600     		.short	38
 3431 0856 8F00     		.short	143
 3432 0858 4600     		.short	70
 3433 085a 6500     		.short	101
 3434 085c D900     		.short	217
 3435 085e 3B00     		.short	59
 3436 0860 A800     		.short	168
 3437 0862 FC00     		.short	252
 3438 0864 8200     		.short	130
 3439 0866 C300     		.short	195
 3440 0868 2C00     		.short	44
 3441 086a 3A00     		.short	58
 3442 086c 2700     		.short	39
 3443 086e BA00     		.short	186
 3444 0870 E700     		.short	231
 3445 0872 1A00     		.short	26
 3446 0874 1700     		.short	23
 3447 0876 9200     		.short	146
 3448 0878 DB00     		.short	219
 3449 087a 3800     		.short	56
 3450 087c 2400     		.short	36
 3451 087e 3600     		.short	54
 3452 0880 2D00     		.short	45
 3453 0882 B500     		.short	181
 3454 0884 6100     		.short	97
 3455 0886 DF00     		.short	223
 3456 0888 3E00     		.short	62
 3457 088a 2100     		.short	33
 3458 088c BF00     		.short	191
 3459 088e 6E00     		.short	110
 3460 0890 5900     		.short	89
 3461 0892 FB00     		.short	251
 3462 0894 0800     		.short	8
 3463 0896 0C00     		.short	12
 3464 0898 0A00     		.short	10
 3465 089a 0F00     		.short	15
 3466 089c 8600     		.short	134
 3467 089e C500     		.short	197
 3468 08a0 2900     		.short	41
 3469 08a2 B300     		.short	179
 3470 08a4 6400     		.short	100
 3471 08a6 5600     		.short	86
 3472 08a8 7D00     		.short	125
 3473 08aa CD00     		.short	205
 3474 08ac 2500     		.short	37
 3475 08ae B900     		.short	185
 3476 08b0 0300     		.short	3
 3477 08b2 0500     		.short	5
 3478 08b4 0F00     		.short	15
 3479 08b6 1100     		.short	17
 3480 08b8 3300     		.short	51
 3481 08ba 5500     		.short	85
 3482 08bc FF00     		.short	255
 3483 08be 1C00     		.short	28
 3484 08c0 2400     		.short	36
 3485 08c2 6C00     		.short	108
 3486 08c4 B400     		.short	180
 3487 08c6 C100     		.short	193
 3488 08c8 5E00     		.short	94
 3489 08ca E200     		.short	226
 3490 08cc 3B00     		.short	59
 3491 08ce 4D00     		.short	77
 3492 08d0 D700     		.short	215
 3493 08d2 6400     		.short	100
 3494 08d4 AC00     		.short	172
 3495 08d6 E900     		.short	233
 3496 08d8 2600     		.short	38
 3497 08da 6A00     		.short	106
 3498 08dc BE00     		.short	190
 3499 08de DF00     		.short	223
 3500 08e0 7C00     		.short	124
 3501 08e2 8400     		.short	132
 3502 08e4 9100     		.short	145
 3503 08e6 AE00     		.short	174
 3504 08e8 EF00     		.short	239
 3505 08ea 2C00     		.short	44
 3506 08ec 7400     		.short	116
 3507 08ee 9C00     		.short	156
 3508 08f0 B900     		.short	185
 3509 08f2 D600     		.short	214
 3510 08f4 6700     		.short	103
 3511 08f6 A900     		.short	169
 3512 08f8 E600     		.short	230
 3513 08fa 3700     		.short	55
 3514 08fc 5900     		.short	89
 3515 08fe EB00     		.short	235
 3516 0900 2000     		.short	32
 3517 0902 6000     		.short	96
 3518 0904 A000     		.short	160
 3519 0906 FD00     		.short	253
 3520 0908 1A00     		.short	26
 3521 090a 0600     		.short	6
 3522 090c 1400     		.short	20
 3523 090e 7800     		.short	120
 3524 0910 0D00     		.short	13
 3525 0912 2E00     		.short	46
 3526 0914 E400     		.short	228
 3527 0916 6200     		.short	98
 3528 0918 5100     		.short	81
 3529 091a FB00     		.short	251
 3530 091c 2000     		.short	32
 3531 091e C000     		.short	192
 3532 0920 BA00     		.short	186
 3533 0922 BB00     		.short	187
 3534 0924 BD00     		.short	189
 3535 0926 A900     		.short	169
 3536 0928 D100     		.short	209
 3537 092a DC00     		.short	220
 3538 092c F200     		.short	242
 3539 092e 1600     		.short	22
 3540 0930 7400     		.short	116
 3541 0932 2500     		.short	37
 3542 0934 DE00     		.short	222
 3543 0936 FE00     		.short	254
 3544 0938 3E00     		.short	62
 3545 093a 8400     		.short	132
 3546 093c 3F00     		.short	63
 3547 093e 8200     		.short	130
 3548 0940 2B00     		.short	43
 3549 0942 FA00     		.short	250
 3550 0944 2600     		.short	38
 3551 0946 D400     		.short	212
 3552 0948 C200     		.short	194
 3553 094a B600     		.short	182
 3554 094c 9300     		.short	147
 3555 094e 4D00     		.short	77
 3556 0950 B300     		.short	179
 3557 0952 8D00     		.short	141
 3558 0954 0900     		.short	9
 3559 0956 3600     		.short	54
 3560 0958 B400     		.short	180
 3561 095a 9F00     		.short	159
 3562 095c 6500     		.short	101
 3563 095e 4300     		.short	67
 3564 0960 9700     		.short	151
 3565 0962 5500     		.short	85
 3566 0964 0C00     		.short	12
 3567 0966 5000     		.short	80
 3568 0968 E700     		.short	231
 3569 096a D000     		.short	208
 3570 096c A900     		.short	169
 3571 096e BF00     		.short	191
 3572 0970 5700     		.short	87
 3573 0972 C300     		.short	195
 3574 0974 7D00     		.short	125
 3575 0976 2600     		.short	38
 3576 0978 B500     		.short	181
 3577 097a 2F00     		.short	47
 3578 097c D900     		.short	217
 3579 097e C500     		.short	197
 3580 0980 5500     		.short	85
 3581 0982 DB00     		.short	219
 3582 0984 DD00     		.short	221
 3583 0986 F500     		.short	245
 3584 0988 0800     		.short	8
 3585 098a 6000     		.short	96
 3586 098c BA00     		.short	186
 3587 098e 6B00     		.short	107
 3588 0990 CE00     		.short	206
 3589 0992 2100     		.short	33
 3590 0994 9100     		.short	145
 3591 0996 8200     		.short	130
 3592 0998 5600     		.short	86
 3593 099a CF00     		.short	207
 3594 099c 2D00     		.short	45
 3595 099e C100     		.short	193
 3596 09a0 6500     		.short	101
 3597 09a2 8600     		.short	134
 3598 09a4 6600     		.short	102
 3599 09a6 9200     		.short	146
 3600 09a8 9600     		.short	150
 3601 09aa A600     		.short	166
 3602 09ac FB00     		.short	251
 3603 09ae 4000     		.short	64
 3604 09b0 2700     		.short	39
 3605 09b2 B900     		.short	185
 3606 09b4 7F00     		.short	127
 3607 09b6 3E00     		.short	62
 3608 09b8 1500     		.short	21
 3609 09ba FC00     		.short	252
 3610 09bc 6400     		.short	100
 3611 09be 1800     		.short	24
 3612 09c0 5D00     		.short	93
 3613 09c2 6B00     		.short	107
 3614 09c4 8100     		.short	129
 3615 09c6 8400     		.short	132
 3616 09c8 FC00     		.short	252
 3617 09ca C800     		.short	200
 3618 09cc 1200     		.short	18
 3619 09ce AD00     		.short	173
 3620 09d0 0300     		.short	3
 3621 09d2 2800     		.short	40
 3622 09d4 E700     		.short	231
 3623 09d6 BD00     		.short	189
 3624 09d8 9E00     		.short	158
 3625 09da 9100     		.short	145
 3626 09dc 1900     		.short	25
 3627 09de 4500     		.short	69
 3628 09e0 3600     		.short	54
 3629 09e2 EA00     		.short	234
 3630 09e4 0500     		.short	5
 3631 09e6 7800     		.short	120
 3632 09e8 3400     		.short	52
 3633 09ea DA00     		.short	218
 3634 09ec BF00     		.short	191
 3635 09ee AE00     		.short	174
 3636 09f0 2B00     		.short	43
 3637 09f2 CF00     		.short	207
 3638 09f4 5A00     		.short	90
 3639 09f6 2300     		.short	35
 3640 09f8 0F00     		.short	15
 3641 09fa 8800     		.short	136
 3642 09fc 5C00     		.short	92
 3643 09fe 7300     		.short	115
 3644 0a00 DC00     		.short	220
 3645 0a02 EF00     		.short	239
 3646 0a04 7D00     		.short	125
 3647 0a06 4C00     		.short	76
 3648 0a08 EE00     		.short	238
 3649 0a0a 6500     		.short	101
 3650 0a0c 1100     		.short	17
 3651 0a0e 8500     		.short	133
 3652 0a10 E400     		.short	228
 3653 0a12 9500     		.short	149
 3654 0a14 7900     		.short	121
 3655 0a16 2C00     		.short	44
 3656 0a18 3000     		.short	48
 3657 0a1a 6900     		.short	105
 3658 0a1c 7F00     		.short	127
 3659 0a1e F800     		.short	248
 3660 0a20 4D00     		.short	77
 3661 0a22 F100     		.short	241
 3662 0a24 E000     		.short	224
 3663 0a26 F700     		.short	247
 3664 0a28 4000     		.short	64
 3665 0a2a 9C00     		.short	156
 3666 0a2c 5F00     		.short	95
 3667 0a2e B600     		.short	182
 3668 0a30 EC00     		.short	236
 3669 0a32 AA00     		.short	170
 3670 0a34 9600     		.short	150
 3671 0a36 A200     		.short	162
 3672 0a38 0B00     		.short	11
 3673 0a3a CD00     		.short	205
 3674 0a3c D400     		.short	212
 3675 0a3e 5E00     		.short	94
 3676 0a40 8600     		.short	134
 3677 0a42 8500     		.short	133
 3678 0a44 D500     		.short	213
 3679 0a46 6E00     		.short	110
 3680 0a48 EF00     		.short	239
 3681 0a4a FA00     		.short	250
 3682 0a4c 2D00     		.short	45
 3683 0a4e 2300     		.short	35
 3684 0a50 1E00     		.short	30
 3685 0a52 1A00     		.short	26
 3686 0a54 DA00     		.short	218
 3687 0a56 6300     		.short	99
 3688 0a58 8200     		.short	130
 3689 0a5a 4500     		.short	69
 3690 0a5c 6C00     		.short	108
 3691 0a5e 8F00     		.short	143
 3692 0a60 2800     		.short	40
 3693 0a62 D300     		.short	211
 3694 0a64 CE00     		.short	206
 3695 0a66 8400     		.short	132
 3696 0a68 E500     		.short	229
 3697 0a6a 0700     		.short	7
 3698 0a6c 9000     		.short	144
 3699 0a6e 0200     		.short	2
 3700 0a70 6000     		.short	96
 3701 0a72 6000     		.short	96
 3702 0a74 B900     		.short	185
 3703 0a76 DF00     		.short	223
 3704 0a78 3B00     		.short	59
 3705 0a7a 5500     		.short	85
 3706 0a7c 9600     		.short	150
 3707 0a7e 5900     		.short	89
 3708 0a80 2C00     		.short	44
 3709 0a82 2600     		.short	38
 3710 0a84 C100     		.short	193
 3711 0a86 0F00     		.short	15
 3712 0a88 1A00     		.short	26
 3713 0a8a A900     		.short	169
 3714 0a8c 9100     		.short	145
 3715 0a8e 6400     		.short	100
 3716 0a90 2400     		.short	36
 3717 0a92 0100     		.short	1
 3718 0a94 6000     		.short	96
 3719 0a96 B900     		.short	185
 3720 0a98 DF00     		.short	223
 3721 0a9a 3B00     		.short	59
 3722 0a9c 5500     		.short	85
 3723 0a9e 9600     		.short	150
 3724 0aa0 5900     		.short	89
 3725 0aa2 2C00     		.short	44
 3726 0aa4 2600     		.short	38
 3727 0aa6 C100     		.short	193
 3728 0aa8 0F00     		.short	15
 3729 0aaa 1A00     		.short	26
 3730 0aac A900     		.short	169
 3731 0aae 9100     		.short	145
 3732 0ab0 6400     		.short	100
 3733 0ab2 2400     		.short	36
 3734 0ab4 0100     		.short	1
 3735 0ab6 6000     		.short	96
 3736 0ab8 B900     		.short	185
 3737 0aba DF00     		.short	223
 3738 0abc 3B00     		.short	59
 3739 0abe 5500     		.short	85
 3740 0ac0 9600     		.short	150
 3741 0ac2 5900     		.short	89
 3742 0ac4 2C00     		.short	44
 3743 0ac6 2600     		.short	38
 3744 0ac8 C100     		.short	193
 3745 0aca 0F00     		.short	15
 3748              	gf_exp:
 3749 0acc 0100     		.short	1
 3750 0ace 0200     		.short	2
 3751 0ad0 0400     		.short	4
 3752 0ad2 0800     		.short	8
 3753 0ad4 1000     		.short	16
 3754 0ad6 2000     		.short	32
 3755 0ad8 4000     		.short	64
 3756 0ada 8000     		.short	128
 3757 0adc 1D00     		.short	29
 3758 0ade 3A00     		.short	58
 3759 0ae0 7400     		.short	116
 3760 0ae2 E800     		.short	232
 3761 0ae4 CD00     		.short	205
 3762 0ae6 8700     		.short	135
 3763 0ae8 1300     		.short	19
 3764 0aea 2600     		.short	38
 3765 0aec 4C00     		.short	76
 3766 0aee 9800     		.short	152
 3767 0af0 2D00     		.short	45
 3768 0af2 5A00     		.short	90
 3769 0af4 B400     		.short	180
 3770 0af6 7500     		.short	117
 3771 0af8 EA00     		.short	234
 3772 0afa C900     		.short	201
 3773 0afc 8F00     		.short	143
 3774 0afe 0300     		.short	3
 3775 0b00 0600     		.short	6
 3776 0b02 0C00     		.short	12
 3777 0b04 1800     		.short	24
 3778 0b06 3000     		.short	48
 3779 0b08 6000     		.short	96
 3780 0b0a C000     		.short	192
 3781 0b0c 9D00     		.short	157
 3782 0b0e 2700     		.short	39
 3783 0b10 4E00     		.short	78
 3784 0b12 9C00     		.short	156
 3785 0b14 2500     		.short	37
 3786 0b16 4A00     		.short	74
 3787 0b18 9400     		.short	148
 3788 0b1a 3500     		.short	53
 3789 0b1c 6A00     		.short	106
 3790 0b1e D400     		.short	212
 3791 0b20 B500     		.short	181
 3792 0b22 7700     		.short	119
 3793 0b24 EE00     		.short	238
 3794 0b26 C100     		.short	193
 3795 0b28 9F00     		.short	159
 3796 0b2a 2300     		.short	35
 3797 0b2c 4600     		.short	70
 3798 0b2e 8C00     		.short	140
 3799 0b30 0500     		.short	5
 3800 0b32 0A00     		.short	10
 3801 0b34 1400     		.short	20
 3802 0b36 2800     		.short	40
 3803 0b38 5000     		.short	80
 3804 0b3a A000     		.short	160
 3805 0b3c 5D00     		.short	93
 3806 0b3e BA00     		.short	186
 3807 0b40 6900     		.short	105
 3808 0b42 D200     		.short	210
 3809 0b44 B900     		.short	185
 3810 0b46 6F00     		.short	111
 3811 0b48 DE00     		.short	222
 3812 0b4a A100     		.short	161
 3813 0b4c 5F00     		.short	95
 3814 0b4e BE00     		.short	190
 3815 0b50 6100     		.short	97
 3816 0b52 C200     		.short	194
 3817 0b54 9900     		.short	153
 3818 0b56 2F00     		.short	47
 3819 0b58 5E00     		.short	94
 3820 0b5a BC00     		.short	188
 3821 0b5c 6500     		.short	101
 3822 0b5e CA00     		.short	202
 3823 0b60 8900     		.short	137
 3824 0b62 0F00     		.short	15
 3825 0b64 1E00     		.short	30
 3826 0b66 3C00     		.short	60
 3827 0b68 7800     		.short	120
 3828 0b6a F000     		.short	240
 3829 0b6c FD00     		.short	253
 3830 0b6e E700     		.short	231
 3831 0b70 D300     		.short	211
 3832 0b72 BB00     		.short	187
 3833 0b74 6B00     		.short	107
 3834 0b76 D600     		.short	214
 3835 0b78 B100     		.short	177
 3836 0b7a 7F00     		.short	127
 3837 0b7c FE00     		.short	254
 3838 0b7e E100     		.short	225
 3839 0b80 DF00     		.short	223
 3840 0b82 A300     		.short	163
 3841 0b84 5B00     		.short	91
 3842 0b86 B600     		.short	182
 3843 0b88 7100     		.short	113
 3844 0b8a E200     		.short	226
 3845 0b8c D900     		.short	217
 3846 0b8e AF00     		.short	175
 3847 0b90 4300     		.short	67
 3848 0b92 8600     		.short	134
 3849 0b94 1100     		.short	17
 3850 0b96 2200     		.short	34
 3851 0b98 4400     		.short	68
 3852 0b9a 8800     		.short	136
 3853 0b9c 0D00     		.short	13
 3854 0b9e 1A00     		.short	26
 3855 0ba0 3400     		.short	52
 3856 0ba2 6800     		.short	104
 3857 0ba4 D000     		.short	208
 3858 0ba6 BD00     		.short	189
 3859 0ba8 6700     		.short	103
 3860 0baa CE00     		.short	206
 3861 0bac 8100     		.short	129
 3862 0bae 1F00     		.short	31
 3863 0bb0 3E00     		.short	62
 3864 0bb2 7C00     		.short	124
 3865 0bb4 F800     		.short	248
 3866 0bb6 ED00     		.short	237
 3867 0bb8 C700     		.short	199
 3868 0bba 9300     		.short	147
 3869 0bbc 3B00     		.short	59
 3870 0bbe 7600     		.short	118
 3871 0bc0 EC00     		.short	236
 3872 0bc2 C500     		.short	197
 3873 0bc4 9700     		.short	151
 3874 0bc6 3300     		.short	51
 3875 0bc8 6600     		.short	102
 3876 0bca CC00     		.short	204
 3877 0bcc 8500     		.short	133
 3878 0bce 1700     		.short	23
 3879 0bd0 2E00     		.short	46
 3880 0bd2 5C00     		.short	92
 3881 0bd4 B800     		.short	184
 3882 0bd6 6D00     		.short	109
 3883 0bd8 DA00     		.short	218
 3884 0bda A900     		.short	169
 3885 0bdc 4F00     		.short	79
 3886 0bde 9E00     		.short	158
 3887 0be0 2100     		.short	33
 3888 0be2 4200     		.short	66
 3889 0be4 8400     		.short	132
 3890 0be6 1500     		.short	21
 3891 0be8 2A00     		.short	42
 3892 0bea 5400     		.short	84
 3893 0bec A800     		.short	168
 3894 0bee 4D00     		.short	77
 3895 0bf0 9A00     		.short	154
 3896 0bf2 2900     		.short	41
 3897 0bf4 5200     		.short	82
 3898 0bf6 A400     		.short	164
 3899 0bf8 5500     		.short	85
 3900 0bfa AA00     		.short	170
 3901 0bfc 4900     		.short	73
 3902 0bfe 9200     		.short	146
 3903 0c00 3900     		.short	57
 3904 0c02 7200     		.short	114
 3905 0c04 E400     		.short	228
 3906 0c06 D500     		.short	213
 3907 0c08 B700     		.short	183
 3908 0c0a 7300     		.short	115
 3909 0c0c E600     		.short	230
 3910 0c0e D100     		.short	209
 3911 0c10 BF00     		.short	191
 3912 0c12 6300     		.short	99
 3913 0c14 C600     		.short	198
 3914 0c16 9100     		.short	145
 3915 0c18 3F00     		.short	63
 3916 0c1a 7E00     		.short	126
 3917 0c1c FC00     		.short	252
 3918 0c1e E500     		.short	229
 3919 0c20 D700     		.short	215
 3920 0c22 B300     		.short	179
 3921 0c24 7B00     		.short	123
 3922 0c26 F600     		.short	246
 3923 0c28 F100     		.short	241
 3924 0c2a FF00     		.short	255
 3925 0c2c E300     		.short	227
 3926 0c2e DB00     		.short	219
 3927 0c30 AB00     		.short	171
 3928 0c32 4B00     		.short	75
 3929 0c34 9600     		.short	150
 3930 0c36 3100     		.short	49
 3931 0c38 6200     		.short	98
 3932 0c3a C400     		.short	196
 3933 0c3c 9500     		.short	149
 3934 0c3e 3700     		.short	55
 3935 0c40 6E00     		.short	110
 3936 0c42 DC00     		.short	220
 3937 0c44 A500     		.short	165
 3938 0c46 5700     		.short	87
 3939 0c48 AE00     		.short	174
 3940 0c4a 4100     		.short	65
 3941 0c4c 8200     		.short	130
 3942 0c4e 1900     		.short	25
 3943 0c50 3200     		.short	50
 3944 0c52 6400     		.short	100
 3945 0c54 C800     		.short	200
 3946 0c56 8D00     		.short	141
 3947 0c58 0700     		.short	7
 3948 0c5a 0E00     		.short	14
 3949 0c5c 1C00     		.short	28
 3950 0c5e 3800     		.short	56
 3951 0c60 7000     		.short	112
 3952 0c62 E000     		.short	224
 3953 0c64 DD00     		.short	221
 3954 0c66 A700     		.short	167
 3955 0c68 5300     		.short	83
 3956 0c6a A600     		.short	166
 3957 0c6c 5100     		.short	81
 3958 0c6e A200     		.short	162
 3959 0c70 5900     		.short	89
 3960 0c72 B200     		.short	178
 3961 0c74 7900     		.short	121
 3962 0c76 F200     		.short	242
 3963 0c78 F900     		.short	249
 3964 0c7a EF00     		.short	239
 3965 0c7c C300     		.short	195
 3966 0c7e 9B00     		.short	155
 3967 0c80 2B00     		.short	43
 3968 0c82 5600     		.short	86
 3969 0c84 AC00     		.short	172
 3970 0c86 4500     		.short	69
 3971 0c88 8A00     		.short	138
 3972 0c8a 0900     		.short	9
 3973 0c8c 1200     		.short	18
 3974 0c8e 2400     		.short	36
 3975 0c90 4800     		.short	72
 3976 0c92 9000     		.short	144
 3977 0c94 3D00     		.short	61
 3978 0c96 7A00     		.short	122
 3979 0c98 F400     		.short	244
 3980 0c9a F500     		.short	245
 3981 0c9c F700     		.short	247
 3982 0c9e F300     		.short	243
 3983 0ca0 FB00     		.short	251
 3984 0ca2 EB00     		.short	235
 3985 0ca4 CB00     		.short	203
 3986 0ca6 8B00     		.short	139
 3987 0ca8 0B00     		.short	11
 3988 0caa 1600     		.short	22
 3989 0cac 2C00     		.short	44
 3990 0cae 5800     		.short	88
 3991 0cb0 B000     		.short	176
 3992 0cb2 7D00     		.short	125
 3993 0cb4 FA00     		.short	250
 3994 0cb6 E900     		.short	233
 3995 0cb8 CF00     		.short	207
 3996 0cba 8300     		.short	131
 3997 0cbc 1B00     		.short	27
 3998 0cbe 3600     		.short	54
 3999 0cc0 6C00     		.short	108
 4000 0cc2 D800     		.short	216
 4001 0cc4 AD00     		.short	173
 4002 0cc6 4700     		.short	71
 4003 0cc8 8E00     		.short	142
 4004 0cca 0100     		.short	1
 4005 0ccc 0200     		.short	2
 4006 0cce 0400     		.short	4
 4007              		.text
 4008              	.Letext0:
 4009              		.file 2 "/usr/lib/gcc/arm-none-eabi/13.2.1/include/stddef.h"
 4010              		.file 3 "/usr/lib/gcc/arm-none-eabi/13.2.1/include/stdint.h"
 4011              		.file 4 "/home/pacl/Documents/Repository/sca-2026/include/crypto_kem/hqc128/pqclean/gf.h"
 4012              		.file 5 "/home/pacl/Documents/Repository/sca-2026/include/crypto_kem/hqc128/pqclean/reed_solomon.h
 4013              		.file 6 "/home/pacl/Documents/Repository/sca-2026/include/crypto_kem/hqc128/pqclean/fft.h"
 4014              		.file 7 "/usr/include/newlib/string.h"
 4015              		.file 8 "<built-in>"
DEFINED SYMBOLS
                            *ABS*:00000000 reed_solomon.c
     /tmp/ccWfa1bO.s:19     .text.PQCLEAN_HQC128_CLEAN_reed_solomon_encode:00000000 $t
     /tmp/ccWfa1bO.s:26     .text.PQCLEAN_HQC128_CLEAN_reed_solomon_encode:00000000 PQCLEAN_HQC128_CLEAN_reed_solomon_encode
     /tmp/ccWfa1bO.s:187    .text.PQCLEAN_HQC128_CLEAN_reed_solomon_encode:000000ac $d
     /tmp/ccWfa1bO.s:192    .text.PQCLEAN_HQC128_CLEAN_reed_solomon_decode:00000000 $t
     /tmp/ccWfa1bO.s:199    .text.PQCLEAN_HQC128_CLEAN_reed_solomon_decode:00000000 PQCLEAN_HQC128_CLEAN_reed_solomon_decode
     /tmp/ccWfa1bO.s:787    .text.PQCLEAN_HQC128_CLEAN_reed_solomon_decode:000002e8 $d
     /tmp/ccWfa1bO.s:801    .text.PQCLEAN_HQC128_CLEAN_reed_solomon_decode:000002ec $t
     /tmp/ccWfa1bO.s:1643   .text.PQCLEAN_HQC128_CLEAN_reed_solomon_decode:000007f0 $d
     /tmp/ccWfa1bO.s:1646   .text.PQCLEAN_HQC128_CLEAN_reed_solomon_decode:000007f8 $t
     /tmp/ccWfa1bO.s:2358   .rodata:00000000 $d
     /tmp/ccWfa1bO.s:2395   .rodata:00000040 alpha_ij_pow
     /tmp/ccWfa1bO.s:3748   .rodata:00000acc gf_exp

UNDEFINED SYMBOLS
memset
PQCLEAN_HQC128_CLEAN_gf_mul
PQCLEAN_HQC128_CLEAN_gf_inverse
PQCLEAN_HQC128_CLEAN_fft
PQCLEAN_HQC128_CLEAN_fft_retrieve_error_poly
