   1              		.cpu cortex-m4
   2              		.arch armv7e-m
   3              		.fpu softvfp
   4              		.eabi_attribute 20, 1
   5              		.eabi_attribute 21, 1
   6              		.eabi_attribute 23, 3
   7              		.eabi_attribute 24, 1
   8              		.eabi_attribute 25, 1
   9              		.eabi_attribute 26, 1
  10              		.eabi_attribute 30, 2
  11              		.eabi_attribute 34, 1
  12              		.eabi_attribute 18, 4
  13              		.file	"reed_muller.c"
  14              		.text
  15              	.Ltext0:
  16              		.cfi_sections	.debug_frame
  17              		.file 1 "/home/pacl/Documents/Repository/sca-2026/lib/crypto_kem/hqc128/pqclean/reed_muller.c"
  18              		.section	.text.expand_and_sum,"ax",%progbits
  19              		.align	1
  20              		.p2align 2,,3
  21              		.syntax unified
  22              		.thumb
  23              		.thumb_func
  25              	expand_and_sum:
  26              	.LVL0:
  27              	.LFB2:
   1:/home/pacl/Documents/Repository/sca-2026/lib/crypto_kem/hqc128/pqclean/reed_muller.c **** #include "parameters.h"
   2:/home/pacl/Documents/Repository/sca-2026/lib/crypto_kem/hqc128/pqclean/reed_muller.c **** #include "reed_muller.h"
   3:/home/pacl/Documents/Repository/sca-2026/lib/crypto_kem/hqc128/pqclean/reed_muller.c **** #include <stdint.h>
   4:/home/pacl/Documents/Repository/sca-2026/lib/crypto_kem/hqc128/pqclean/reed_muller.c **** #include <string.h>
   5:/home/pacl/Documents/Repository/sca-2026/lib/crypto_kem/hqc128/pqclean/reed_muller.c **** /**
   6:/home/pacl/Documents/Repository/sca-2026/lib/crypto_kem/hqc128/pqclean/reed_muller.c ****  * @file reed_muller.c
   7:/home/pacl/Documents/Repository/sca-2026/lib/crypto_kem/hqc128/pqclean/reed_muller.c ****  * @brief Constant time implementation of Reed-Muller code RM(1,7)
   8:/home/pacl/Documents/Repository/sca-2026/lib/crypto_kem/hqc128/pqclean/reed_muller.c ****  */
   9:/home/pacl/Documents/Repository/sca-2026/lib/crypto_kem/hqc128/pqclean/reed_muller.c **** 
  10:/home/pacl/Documents/Repository/sca-2026/lib/crypto_kem/hqc128/pqclean/reed_muller.c **** // number of repeated code words
  11:/home/pacl/Documents/Repository/sca-2026/lib/crypto_kem/hqc128/pqclean/reed_muller.c **** #define MULTIPLICITY                   CEIL_DIVIDE(PARAM_N2, 128)
  12:/home/pacl/Documents/Repository/sca-2026/lib/crypto_kem/hqc128/pqclean/reed_muller.c **** 
  13:/home/pacl/Documents/Repository/sca-2026/lib/crypto_kem/hqc128/pqclean/reed_muller.c **** // copy bit 0 into all bits of a 32 bit value
  14:/home/pacl/Documents/Repository/sca-2026/lib/crypto_kem/hqc128/pqclean/reed_muller.c **** #define BIT0MASK(x) (uint32_t)(-((x) & 1))
  15:/home/pacl/Documents/Repository/sca-2026/lib/crypto_kem/hqc128/pqclean/reed_muller.c **** 
  16:/home/pacl/Documents/Repository/sca-2026/lib/crypto_kem/hqc128/pqclean/reed_muller.c **** /**
  17:/home/pacl/Documents/Repository/sca-2026/lib/crypto_kem/hqc128/pqclean/reed_muller.c ****  * @brief Encode a single byte into a single codeword using RM(1,7)
  18:/home/pacl/Documents/Repository/sca-2026/lib/crypto_kem/hqc128/pqclean/reed_muller.c ****  *
  19:/home/pacl/Documents/Repository/sca-2026/lib/crypto_kem/hqc128/pqclean/reed_muller.c ****  * Encoding matrix of this code:
  20:/home/pacl/Documents/Repository/sca-2026/lib/crypto_kem/hqc128/pqclean/reed_muller.c ****  * bit pattern (note that bits are numbered big endian)
  21:/home/pacl/Documents/Repository/sca-2026/lib/crypto_kem/hqc128/pqclean/reed_muller.c ****  * 0   aaaaaaaa aaaaaaaa aaaaaaaa aaaaaaaa
  22:/home/pacl/Documents/Repository/sca-2026/lib/crypto_kem/hqc128/pqclean/reed_muller.c ****  * 1   cccccccc cccccccc cccccccc cccccccc
  23:/home/pacl/Documents/Repository/sca-2026/lib/crypto_kem/hqc128/pqclean/reed_muller.c ****  * 2   f0f0f0f0 f0f0f0f0 f0f0f0f0 f0f0f0f0
  24:/home/pacl/Documents/Repository/sca-2026/lib/crypto_kem/hqc128/pqclean/reed_muller.c ****  * 3   ff00ff00 ff00ff00 ff00ff00 ff00ff00
  25:/home/pacl/Documents/Repository/sca-2026/lib/crypto_kem/hqc128/pqclean/reed_muller.c ****  * 4   ffff0000 ffff0000 ffff0000 ffff0000
  26:/home/pacl/Documents/Repository/sca-2026/lib/crypto_kem/hqc128/pqclean/reed_muller.c ****  * 5   ffffffff 00000000 ffffffff 00000000
  27:/home/pacl/Documents/Repository/sca-2026/lib/crypto_kem/hqc128/pqclean/reed_muller.c ****  * 6   ffffffff ffffffff 00000000 00000000
  28:/home/pacl/Documents/Repository/sca-2026/lib/crypto_kem/hqc128/pqclean/reed_muller.c ****  * 7   ffffffff ffffffff ffffffff ffffffff
  29:/home/pacl/Documents/Repository/sca-2026/lib/crypto_kem/hqc128/pqclean/reed_muller.c ****  *
  30:/home/pacl/Documents/Repository/sca-2026/lib/crypto_kem/hqc128/pqclean/reed_muller.c ****  * @param[out] word An RM(1,7) codeword
  31:/home/pacl/Documents/Repository/sca-2026/lib/crypto_kem/hqc128/pqclean/reed_muller.c ****  * @param[in] message A message
  32:/home/pacl/Documents/Repository/sca-2026/lib/crypto_kem/hqc128/pqclean/reed_muller.c ****  */
  33:/home/pacl/Documents/Repository/sca-2026/lib/crypto_kem/hqc128/pqclean/reed_muller.c **** void encode(uint64_t *cword, uint8_t message) {
  34:/home/pacl/Documents/Repository/sca-2026/lib/crypto_kem/hqc128/pqclean/reed_muller.c ****     uint32_t first_word;
  35:/home/pacl/Documents/Repository/sca-2026/lib/crypto_kem/hqc128/pqclean/reed_muller.c ****     // bit 7 flips all the bits, do that first to save work
  36:/home/pacl/Documents/Repository/sca-2026/lib/crypto_kem/hqc128/pqclean/reed_muller.c ****     first_word = BIT0MASK(message >> 7);
  37:/home/pacl/Documents/Repository/sca-2026/lib/crypto_kem/hqc128/pqclean/reed_muller.c ****     // bits 0, 1, 2, 3, 4 are the same for all four longs
  38:/home/pacl/Documents/Repository/sca-2026/lib/crypto_kem/hqc128/pqclean/reed_muller.c ****     // (Warning: in the bit matrix above, low bits are at the left!)
  39:/home/pacl/Documents/Repository/sca-2026/lib/crypto_kem/hqc128/pqclean/reed_muller.c ****     first_word ^= BIT0MASK(message >> 0) & 0xaaaaaaaa;
  40:/home/pacl/Documents/Repository/sca-2026/lib/crypto_kem/hqc128/pqclean/reed_muller.c ****     first_word ^= BIT0MASK(message >> 1) & 0xcccccccc;
  41:/home/pacl/Documents/Repository/sca-2026/lib/crypto_kem/hqc128/pqclean/reed_muller.c ****     first_word ^= BIT0MASK(message >> 2) & 0xf0f0f0f0;
  42:/home/pacl/Documents/Repository/sca-2026/lib/crypto_kem/hqc128/pqclean/reed_muller.c ****     first_word ^= BIT0MASK(message >> 3) & 0xff00ff00;
  43:/home/pacl/Documents/Repository/sca-2026/lib/crypto_kem/hqc128/pqclean/reed_muller.c ****     first_word ^= BIT0MASK(message >> 4) & 0xffff0000;
  44:/home/pacl/Documents/Repository/sca-2026/lib/crypto_kem/hqc128/pqclean/reed_muller.c ****     // we can store this in the first quarter
  45:/home/pacl/Documents/Repository/sca-2026/lib/crypto_kem/hqc128/pqclean/reed_muller.c ****     cword[0] = first_word;
  46:/home/pacl/Documents/Repository/sca-2026/lib/crypto_kem/hqc128/pqclean/reed_muller.c ****     // bit 5 flips entries 1 and 3; bit 6 flips 2 and 3
  47:/home/pacl/Documents/Repository/sca-2026/lib/crypto_kem/hqc128/pqclean/reed_muller.c ****     first_word ^= BIT0MASK(message >> 5);
  48:/home/pacl/Documents/Repository/sca-2026/lib/crypto_kem/hqc128/pqclean/reed_muller.c ****     cword[0] |= (uint64_t)first_word << 32;
  49:/home/pacl/Documents/Repository/sca-2026/lib/crypto_kem/hqc128/pqclean/reed_muller.c ****     first_word ^= BIT0MASK(message >> 6);
  50:/home/pacl/Documents/Repository/sca-2026/lib/crypto_kem/hqc128/pqclean/reed_muller.c ****     cword[1] = (uint64_t)first_word << 32;
  51:/home/pacl/Documents/Repository/sca-2026/lib/crypto_kem/hqc128/pqclean/reed_muller.c ****     first_word ^= BIT0MASK(message >> 5);
  52:/home/pacl/Documents/Repository/sca-2026/lib/crypto_kem/hqc128/pqclean/reed_muller.c ****     cword[1] |= first_word;
  53:/home/pacl/Documents/Repository/sca-2026/lib/crypto_kem/hqc128/pqclean/reed_muller.c **** }
  54:/home/pacl/Documents/Repository/sca-2026/lib/crypto_kem/hqc128/pqclean/reed_muller.c **** 
  55:/home/pacl/Documents/Repository/sca-2026/lib/crypto_kem/hqc128/pqclean/reed_muller.c **** /**
  56:/home/pacl/Documents/Repository/sca-2026/lib/crypto_kem/hqc128/pqclean/reed_muller.c ****  * @brief Hadamard transform
  57:/home/pacl/Documents/Repository/sca-2026/lib/crypto_kem/hqc128/pqclean/reed_muller.c ****  *
  58:/home/pacl/Documents/Repository/sca-2026/lib/crypto_kem/hqc128/pqclean/reed_muller.c ****  * Perform hadamard transform of src and store result in dst
  59:/home/pacl/Documents/Repository/sca-2026/lib/crypto_kem/hqc128/pqclean/reed_muller.c ****  * src is overwritten
  60:/home/pacl/Documents/Repository/sca-2026/lib/crypto_kem/hqc128/pqclean/reed_muller.c ****  *
  61:/home/pacl/Documents/Repository/sca-2026/lib/crypto_kem/hqc128/pqclean/reed_muller.c ****  * @param[out] src Structure that contain the expanded codeword
  62:/home/pacl/Documents/Repository/sca-2026/lib/crypto_kem/hqc128/pqclean/reed_muller.c ****  * @param[out] dst Structure that contain the expanded codeword
  63:/home/pacl/Documents/Repository/sca-2026/lib/crypto_kem/hqc128/pqclean/reed_muller.c ****  */
  64:/home/pacl/Documents/Repository/sca-2026/lib/crypto_kem/hqc128/pqclean/reed_muller.c **** static void hadamard(uint16_t src[128], uint16_t dst[128]) {
  65:/home/pacl/Documents/Repository/sca-2026/lib/crypto_kem/hqc128/pqclean/reed_muller.c ****     // the passes move data:
  66:/home/pacl/Documents/Repository/sca-2026/lib/crypto_kem/hqc128/pqclean/reed_muller.c ****     // src -> dst -> src -> dst -> src -> dst -> src -> dst
  67:/home/pacl/Documents/Repository/sca-2026/lib/crypto_kem/hqc128/pqclean/reed_muller.c ****     // using p1 and p2 alternately
  68:/home/pacl/Documents/Repository/sca-2026/lib/crypto_kem/hqc128/pqclean/reed_muller.c ****     uint16_t *p1 = src;
  69:/home/pacl/Documents/Repository/sca-2026/lib/crypto_kem/hqc128/pqclean/reed_muller.c ****     uint16_t *p2 = dst;
  70:/home/pacl/Documents/Repository/sca-2026/lib/crypto_kem/hqc128/pqclean/reed_muller.c ****     uint16_t *p3;
  71:/home/pacl/Documents/Repository/sca-2026/lib/crypto_kem/hqc128/pqclean/reed_muller.c ****     for (size_t pass = 0; pass < 7; ++pass) {
  72:/home/pacl/Documents/Repository/sca-2026/lib/crypto_kem/hqc128/pqclean/reed_muller.c ****         for (size_t i = 0; i < 64; ++i) {
  73:/home/pacl/Documents/Repository/sca-2026/lib/crypto_kem/hqc128/pqclean/reed_muller.c ****             p2[i] = p1[2 * i] + p1[2 * i + 1];
  74:/home/pacl/Documents/Repository/sca-2026/lib/crypto_kem/hqc128/pqclean/reed_muller.c ****             p2[i + 64] = p1[2 * i] - p1[2 * i + 1];
  75:/home/pacl/Documents/Repository/sca-2026/lib/crypto_kem/hqc128/pqclean/reed_muller.c ****         }
  76:/home/pacl/Documents/Repository/sca-2026/lib/crypto_kem/hqc128/pqclean/reed_muller.c ****         // swap p1, p2 for next round
  77:/home/pacl/Documents/Repository/sca-2026/lib/crypto_kem/hqc128/pqclean/reed_muller.c ****         p3 = p1;
  78:/home/pacl/Documents/Repository/sca-2026/lib/crypto_kem/hqc128/pqclean/reed_muller.c ****         p1 = p2;
  79:/home/pacl/Documents/Repository/sca-2026/lib/crypto_kem/hqc128/pqclean/reed_muller.c ****         p2 = p3;
  80:/home/pacl/Documents/Repository/sca-2026/lib/crypto_kem/hqc128/pqclean/reed_muller.c ****     }
  81:/home/pacl/Documents/Repository/sca-2026/lib/crypto_kem/hqc128/pqclean/reed_muller.c **** }
  82:/home/pacl/Documents/Repository/sca-2026/lib/crypto_kem/hqc128/pqclean/reed_muller.c **** 
  83:/home/pacl/Documents/Repository/sca-2026/lib/crypto_kem/hqc128/pqclean/reed_muller.c **** /**
  84:/home/pacl/Documents/Repository/sca-2026/lib/crypto_kem/hqc128/pqclean/reed_muller.c ****  * @brief Add multiple codewords into expanded codeword
  85:/home/pacl/Documents/Repository/sca-2026/lib/crypto_kem/hqc128/pqclean/reed_muller.c ****  *
  86:/home/pacl/Documents/Repository/sca-2026/lib/crypto_kem/hqc128/pqclean/reed_muller.c ****  * Accesses memory in order
  87:/home/pacl/Documents/Repository/sca-2026/lib/crypto_kem/hqc128/pqclean/reed_muller.c ****  * Note: this does not write the codewords as -1 or +1 as the green machine does
  88:/home/pacl/Documents/Repository/sca-2026/lib/crypto_kem/hqc128/pqclean/reed_muller.c ****  * instead, just 0 and 1 is used.
  89:/home/pacl/Documents/Repository/sca-2026/lib/crypto_kem/hqc128/pqclean/reed_muller.c ****  * The resulting hadamard transform has:
  90:/home/pacl/Documents/Repository/sca-2026/lib/crypto_kem/hqc128/pqclean/reed_muller.c ****  * all values are halved
  91:/home/pacl/Documents/Repository/sca-2026/lib/crypto_kem/hqc128/pqclean/reed_muller.c ****  * the first entry is 64 too high
  92:/home/pacl/Documents/Repository/sca-2026/lib/crypto_kem/hqc128/pqclean/reed_muller.c ****  *
  93:/home/pacl/Documents/Repository/sca-2026/lib/crypto_kem/hqc128/pqclean/reed_muller.c ****  * @param[out] dest Structure that contain the expanded codeword
  94:/home/pacl/Documents/Repository/sca-2026/lib/crypto_kem/hqc128/pqclean/reed_muller.c ****  * @param[in] src Structure that contain the codeword
  95:/home/pacl/Documents/Repository/sca-2026/lib/crypto_kem/hqc128/pqclean/reed_muller.c ****  */
  96:/home/pacl/Documents/Repository/sca-2026/lib/crypto_kem/hqc128/pqclean/reed_muller.c **** static void expand_and_sum(uint16_t dest[128], const uint64_t src[2 * MULTIPLICITY]) {
  28              		.loc 1 96 86 view -0
  29              		.cfi_startproc
  30              		@ args = 0, pretend = 0, frame = 0
  31              		@ frame_needed = 0, uses_anonymous_args = 0
  97:/home/pacl/Documents/Repository/sca-2026/lib/crypto_kem/hqc128/pqclean/reed_muller.c ****     // start with the first copy
  98:/home/pacl/Documents/Repository/sca-2026/lib/crypto_kem/hqc128/pqclean/reed_muller.c ****     for (size_t part = 0; part < 2; ++part) {
  32              		.loc 1 98 5 view .LVU1
  33              	.LBB2:
  34              		.loc 1 98 10 view .LVU2
  35              		.loc 1 98 32 discriminator 1 view .LVU3
  36              	.LBB3:
  99:/home/pacl/Documents/Repository/sca-2026/lib/crypto_kem/hqc128/pqclean/reed_muller.c ****         for (size_t bit = 0; bit < 64; ++bit) {
  37              		.loc 1 99 34 discriminator 1 view .LVU4
  38              	.LBE3:
  39              	.LBE2:
  96:/home/pacl/Documents/Repository/sca-2026/lib/crypto_kem/hqc128/pqclean/reed_muller.c ****     // start with the first copy
  40              		.loc 1 96 86 is_stmt 0 view .LVU5
  41 0000 2DE9F041 		push	{r4, r5, r6, r7, r8, lr}
  42              	.LCFI0:
  43              		.cfi_def_cfa_offset 24
  44              		.cfi_offset 4, -24
  45              		.cfi_offset 5, -20
  46              		.cfi_offset 6, -16
  47              		.cfi_offset 7, -12
  48              		.cfi_offset 8, -8
  49              		.cfi_offset 14, -4
  50 0004 841E     		subs	r4, r0, #2
  96:/home/pacl/Documents/Repository/sca-2026/lib/crypto_kem/hqc128/pqclean/reed_muller.c ****     // start with the first copy
  51              		.loc 1 96 86 view .LVU6
  52 0006 8C46     		mov	ip, r1
  53 0008 8646     		mov	lr, r0
  54              	.LBB6:
  55              	.LBB4:
  56              		.loc 1 99 21 view .LVU7
  57 000a 0022     		movs	r2, #0
 100:/home/pacl/Documents/Repository/sca-2026/lib/crypto_kem/hqc128/pqclean/reed_muller.c ****             dest[part * 64 + bit] = ((src[part] >> bit) & 1);
  58              		.loc 1 100 42 view .LVU8
  59 000c D1E90007 		ldrd	r0, r7, [r1]
  60              	.LVL1:
  61              		.loc 1 100 42 view .LVU9
  62 0010 2146     		mov	r1, r4
  63              	.LVL2:
  64              	.L2:
  65              		.loc 1 100 13 is_stmt 1 view .LVU10
  66              		.loc 1 100 49 is_stmt 0 view .LVU11
  67 0012 C2F12006 		rsb	r6, r2, #32
  68 0016 A2F12005 		sub	r5, r2, #32
  69 001a 20FA02F3 		lsr	r3, r0, r2
  70 001e 07FA06F6 		lsl	r6, r7, r6
  71 0022 3343     		orrs	r3, r3, r6
  72 0024 27FA05F5 		lsr	r5, r7, r5
  73 0028 2B43     		orrs	r3, r3, r5
  99:/home/pacl/Documents/Repository/sca-2026/lib/crypto_kem/hqc128/pqclean/reed_muller.c ****         for (size_t bit = 0; bit < 64; ++bit) {
  74              		.loc 1 99 40 discriminator 3 view .LVU12
  75 002a 0132     		adds	r2, r2, #1
  76              	.LVL3:
  77              		.loc 1 100 57 view .LVU13
  78 002c 03F00103 		and	r3, r3, #1
  99:/home/pacl/Documents/Repository/sca-2026/lib/crypto_kem/hqc128/pqclean/reed_muller.c ****         for (size_t bit = 0; bit < 64; ++bit) {
  79              		.loc 1 99 34 discriminator 1 view .LVU14
  80 0030 402A     		cmp	r2, #64
  81              		.loc 1 100 35 view .LVU15
  82 0032 21F8023F 		strh	r3, [r1, #2]!	@ movhi
  99:/home/pacl/Documents/Repository/sca-2026/lib/crypto_kem/hqc128/pqclean/reed_muller.c ****         for (size_t bit = 0; bit < 64; ++bit) {
  83              		.loc 1 99 40 is_stmt 1 discriminator 3 view .LVU16
  84              	.LVL4:
  99:/home/pacl/Documents/Repository/sca-2026/lib/crypto_kem/hqc128/pqclean/reed_muller.c ****         for (size_t bit = 0; bit < 64; ++bit) {
  85              		.loc 1 99 34 discriminator 1 view .LVU17
  86 0036 ECD1     		bne	.L2
  87              	.LBE4:
  98:/home/pacl/Documents/Repository/sca-2026/lib/crypto_kem/hqc128/pqclean/reed_muller.c ****         for (size_t bit = 0; bit < 64; ++bit) {
  88              		.loc 1 98 37 discriminator 2 view .LVU18
  89              	.LVL5:
  98:/home/pacl/Documents/Repository/sca-2026/lib/crypto_kem/hqc128/pqclean/reed_muller.c ****         for (size_t bit = 0; bit < 64; ++bit) {
  90              		.loc 1 98 32 discriminator 1 view .LVU19
  91              	.LBB5:
  99:/home/pacl/Documents/Repository/sca-2026/lib/crypto_kem/hqc128/pqclean/reed_muller.c ****             dest[part * 64 + bit] = ((src[part] >> bit) & 1);
  92              		.loc 1 99 34 discriminator 1 view .LVU20
  93              		.loc 1 100 42 is_stmt 0 view .LVU21
  94 0038 DCE90276 		ldrd	r7, r6, [ip, #8]
  95 003c 0EF17E0E 		add	lr, lr, #126
  96              	.LVL6:
  97              		.loc 1 100 42 view .LVU22
  98 0040 7146     		mov	r1, lr
  99:/home/pacl/Documents/Repository/sca-2026/lib/crypto_kem/hqc128/pqclean/reed_muller.c ****             dest[part * 64 + bit] = ((src[part] >> bit) & 1);
  99              		.loc 1 99 21 view .LVU23
 100 0042 0022     		movs	r2, #0
 101              	.LVL7:
 102              	.L3:
 103              		.loc 1 100 13 is_stmt 1 view .LVU24
 104              		.loc 1 100 49 is_stmt 0 view .LVU25
 105 0044 C2F12005 		rsb	r5, r2, #32
 106 0048 A2F12000 		sub	r0, r2, #32
 107 004c 27FA02F3 		lsr	r3, r7, r2
 108 0050 06FA05F5 		lsl	r5, r6, r5
 109 0054 2B43     		orrs	r3, r3, r5
 110 0056 26FA00F0 		lsr	r0, r6, r0
 111 005a 0343     		orrs	r3, r3, r0
  99:/home/pacl/Documents/Repository/sca-2026/lib/crypto_kem/hqc128/pqclean/reed_muller.c ****             dest[part * 64 + bit] = ((src[part] >> bit) & 1);
 112              		.loc 1 99 40 discriminator 3 view .LVU26
 113 005c 0132     		adds	r2, r2, #1
 114              	.LVL8:
 115              		.loc 1 100 57 view .LVU27
 116 005e 03F00103 		and	r3, r3, #1
  99:/home/pacl/Documents/Repository/sca-2026/lib/crypto_kem/hqc128/pqclean/reed_muller.c ****             dest[part * 64 + bit] = ((src[part] >> bit) & 1);
 117              		.loc 1 99 34 discriminator 1 view .LVU28
 118 0062 402A     		cmp	r2, #64
 119              		.loc 1 100 35 view .LVU29
 120 0064 21F8023F 		strh	r3, [r1, #2]!	@ movhi
  99:/home/pacl/Documents/Repository/sca-2026/lib/crypto_kem/hqc128/pqclean/reed_muller.c ****             dest[part * 64 + bit] = ((src[part] >> bit) & 1);
 121              		.loc 1 99 40 is_stmt 1 discriminator 3 view .LVU30
 122              	.LVL9:
  99:/home/pacl/Documents/Repository/sca-2026/lib/crypto_kem/hqc128/pqclean/reed_muller.c ****             dest[part * 64 + bit] = ((src[part] >> bit) & 1);
 123              		.loc 1 99 34 discriminator 1 view .LVU31
 124 0068 ECD1     		bne	.L3
 125              	.LBE5:
  98:/home/pacl/Documents/Repository/sca-2026/lib/crypto_kem/hqc128/pqclean/reed_muller.c ****         for (size_t bit = 0; bit < 64; ++bit) {
 126              		.loc 1 98 37 discriminator 2 view .LVU32
 127              	.LVL10:
  98:/home/pacl/Documents/Repository/sca-2026/lib/crypto_kem/hqc128/pqclean/reed_muller.c ****         for (size_t bit = 0; bit < 64; ++bit) {
 128              		.loc 1 98 32 discriminator 1 view .LVU33
 129 006a 0CF12005 		add	r5, ip, #32
 130              	.LVL11:
 131              	.L4:
  98:/home/pacl/Documents/Repository/sca-2026/lib/crypto_kem/hqc128/pqclean/reed_muller.c ****         for (size_t bit = 0; bit < 64; ++bit) {
 132              		.loc 1 98 32 is_stmt 0 discriminator 1 view .LVU34
 133              	.LBE6:
 134              	.LBB7:
 135              	.LBB8:
 101:/home/pacl/Documents/Repository/sca-2026/lib/crypto_kem/hqc128/pqclean/reed_muller.c ****         }
 102:/home/pacl/Documents/Repository/sca-2026/lib/crypto_kem/hqc128/pqclean/reed_muller.c ****     }
 103:/home/pacl/Documents/Repository/sca-2026/lib/crypto_kem/hqc128/pqclean/reed_muller.c ****     // sum the rest of the copies
 104:/home/pacl/Documents/Repository/sca-2026/lib/crypto_kem/hqc128/pqclean/reed_muller.c ****     for (size_t copy = 1; copy < MULTIPLICITY; ++copy) {
 105:/home/pacl/Documents/Repository/sca-2026/lib/crypto_kem/hqc128/pqclean/reed_muller.c ****         for (size_t part = 0; part < 2; ++part) {
 136              		.loc 1 105 36 is_stmt 1 discriminator 1 view .LVU35
 137              	.LBB9:
 106:/home/pacl/Documents/Repository/sca-2026/lib/crypto_kem/hqc128/pqclean/reed_muller.c ****             for (size_t bit = 0; bit < 64; ++bit) {
 138              		.loc 1 106 38 discriminator 1 view .LVU36
 107:/home/pacl/Documents/Repository/sca-2026/lib/crypto_kem/hqc128/pqclean/reed_muller.c ****                 dest[part * 64 + bit] += (uint16_t) ((src[2 * copy + part] >> bit) & 1);
 139              		.loc 1 107 58 is_stmt 0 view .LVU37
 140 006e DCE90487 		ldrd	r8, r7, [ip, #16]
 141 0072 2646     		mov	r6, r4
 106:/home/pacl/Documents/Repository/sca-2026/lib/crypto_kem/hqc128/pqclean/reed_muller.c ****             for (size_t bit = 0; bit < 64; ++bit) {
 142              		.loc 1 106 25 view .LVU38
 143 0074 0022     		movs	r2, #0
 144              	.LVL12:
 145              	.L7:
 146              		.loc 1 107 17 is_stmt 1 view .LVU39
 147              		.loc 1 107 76 is_stmt 0 view .LVU40
 148 0076 C2F12000 		rsb	r0, r2, #32
 149 007a A2F12001 		sub	r1, r2, #32
 150 007e 28FA02F3 		lsr	r3, r8, r2
 151 0082 07FA00F0 		lsl	r0, r7, r0
 152 0086 0343     		orrs	r3, r3, r0
 153 0088 27FA01F1 		lsr	r1, r7, r1
 154              		.loc 1 107 39 view .LVU41
 155 008c 36F8020F 		ldrh	r0, [r6, #2]!
 156              		.loc 1 107 76 view .LVU42
 157 0090 0B43     		orrs	r3, r3, r1
 158              		.loc 1 107 42 view .LVU43
 159 0092 03F00103 		and	r3, r3, #1
 106:/home/pacl/Documents/Repository/sca-2026/lib/crypto_kem/hqc128/pqclean/reed_muller.c ****             for (size_t bit = 0; bit < 64; ++bit) {
 160              		.loc 1 106 44 discriminator 3 view .LVU44
 161 0096 0132     		adds	r2, r2, #1
 162              	.LVL13:
 163              		.loc 1 107 39 view .LVU45
 164 0098 0344     		add	r3, r3, r0
 106:/home/pacl/Documents/Repository/sca-2026/lib/crypto_kem/hqc128/pqclean/reed_muller.c ****             for (size_t bit = 0; bit < 64; ++bit) {
 165              		.loc 1 106 38 discriminator 1 view .LVU46
 166 009a 402A     		cmp	r2, #64
 167              		.loc 1 107 39 view .LVU47
 168 009c 3380     		strh	r3, [r6]	@ movhi
 106:/home/pacl/Documents/Repository/sca-2026/lib/crypto_kem/hqc128/pqclean/reed_muller.c ****             for (size_t bit = 0; bit < 64; ++bit) {
 169              		.loc 1 106 44 is_stmt 1 discriminator 3 view .LVU48
 170              	.LVL14:
 106:/home/pacl/Documents/Repository/sca-2026/lib/crypto_kem/hqc128/pqclean/reed_muller.c ****             for (size_t bit = 0; bit < 64; ++bit) {
 171              		.loc 1 106 38 discriminator 1 view .LVU49
 172 009e EAD1     		bne	.L7
 173              	.LBE9:
 105:/home/pacl/Documents/Repository/sca-2026/lib/crypto_kem/hqc128/pqclean/reed_muller.c ****             for (size_t bit = 0; bit < 64; ++bit) {
 174              		.loc 1 105 41 discriminator 2 view .LVU50
 175              	.LVL15:
 105:/home/pacl/Documents/Repository/sca-2026/lib/crypto_kem/hqc128/pqclean/reed_muller.c ****             for (size_t bit = 0; bit < 64; ++bit) {
 176              		.loc 1 105 36 discriminator 1 view .LVU51
 177              	.LBB10:
 106:/home/pacl/Documents/Repository/sca-2026/lib/crypto_kem/hqc128/pqclean/reed_muller.c ****             for (size_t bit = 0; bit < 64; ++bit) {
 178              		.loc 1 106 38 discriminator 1 view .LVU52
 179              		.loc 1 107 58 is_stmt 0 view .LVU53
 180 00a0 DCE90687 		ldrd	r8, r7, [ip, #24]
 181 00a4 7646     		mov	r6, lr
 106:/home/pacl/Documents/Repository/sca-2026/lib/crypto_kem/hqc128/pqclean/reed_muller.c ****             for (size_t bit = 0; bit < 64; ++bit) {
 182              		.loc 1 106 25 view .LVU54
 183 00a6 0022     		movs	r2, #0
 184              	.LVL16:
 185              	.L5:
 186              		.loc 1 107 17 is_stmt 1 view .LVU55
 187              		.loc 1 107 76 is_stmt 0 view .LVU56
 188 00a8 C2F12000 		rsb	r0, r2, #32
 189 00ac A2F12001 		sub	r1, r2, #32
 190 00b0 28FA02F3 		lsr	r3, r8, r2
 191 00b4 07FA00F0 		lsl	r0, r7, r0
 192 00b8 0343     		orrs	r3, r3, r0
 193 00ba 27FA01F1 		lsr	r1, r7, r1
 194              		.loc 1 107 39 view .LVU57
 195 00be 36F8020F 		ldrh	r0, [r6, #2]!
 196              		.loc 1 107 76 view .LVU58
 197 00c2 0B43     		orrs	r3, r3, r1
 198              		.loc 1 107 42 view .LVU59
 199 00c4 03F00103 		and	r3, r3, #1
 106:/home/pacl/Documents/Repository/sca-2026/lib/crypto_kem/hqc128/pqclean/reed_muller.c ****             for (size_t bit = 0; bit < 64; ++bit) {
 200              		.loc 1 106 44 discriminator 3 view .LVU60
 201 00c8 0132     		adds	r2, r2, #1
 202              	.LVL17:
 203              		.loc 1 107 39 view .LVU61
 204 00ca 0344     		add	r3, r3, r0
 106:/home/pacl/Documents/Repository/sca-2026/lib/crypto_kem/hqc128/pqclean/reed_muller.c ****             for (size_t bit = 0; bit < 64; ++bit) {
 205              		.loc 1 106 38 discriminator 1 view .LVU62
 206 00cc 402A     		cmp	r2, #64
 207              		.loc 1 107 39 view .LVU63
 208 00ce 3380     		strh	r3, [r6]	@ movhi
 106:/home/pacl/Documents/Repository/sca-2026/lib/crypto_kem/hqc128/pqclean/reed_muller.c ****             for (size_t bit = 0; bit < 64; ++bit) {
 209              		.loc 1 106 44 is_stmt 1 discriminator 3 view .LVU64
 210              	.LVL18:
 106:/home/pacl/Documents/Repository/sca-2026/lib/crypto_kem/hqc128/pqclean/reed_muller.c ****             for (size_t bit = 0; bit < 64; ++bit) {
 211              		.loc 1 106 38 discriminator 1 view .LVU65
 212 00d0 EAD1     		bne	.L5
 213              	.LBE10:
 105:/home/pacl/Documents/Repository/sca-2026/lib/crypto_kem/hqc128/pqclean/reed_muller.c ****             for (size_t bit = 0; bit < 64; ++bit) {
 214              		.loc 1 105 41 discriminator 2 view .LVU66
 215              	.LVL19:
 105:/home/pacl/Documents/Repository/sca-2026/lib/crypto_kem/hqc128/pqclean/reed_muller.c ****             for (size_t bit = 0; bit < 64; ++bit) {
 216              		.loc 1 105 36 discriminator 1 view .LVU67
 217              	.LBE8:
 104:/home/pacl/Documents/Repository/sca-2026/lib/crypto_kem/hqc128/pqclean/reed_muller.c ****         for (size_t part = 0; part < 2; ++part) {
 218              		.loc 1 104 48 discriminator 2 view .LVU68
 104:/home/pacl/Documents/Repository/sca-2026/lib/crypto_kem/hqc128/pqclean/reed_muller.c ****         for (size_t part = 0; part < 2; ++part) {
 219              		.loc 1 104 32 discriminator 1 view .LVU69
 220 00d2 0CF1100C 		add	ip, ip, #16
 221 00d6 6545     		cmp	r5, ip
 222 00d8 C9D1     		bne	.L4
 223              	.LBE7:
 108:/home/pacl/Documents/Repository/sca-2026/lib/crypto_kem/hqc128/pqclean/reed_muller.c ****             }
 109:/home/pacl/Documents/Repository/sca-2026/lib/crypto_kem/hqc128/pqclean/reed_muller.c ****         }
 110:/home/pacl/Documents/Repository/sca-2026/lib/crypto_kem/hqc128/pqclean/reed_muller.c ****     }
 111:/home/pacl/Documents/Repository/sca-2026/lib/crypto_kem/hqc128/pqclean/reed_muller.c **** }
 224              		.loc 1 111 1 is_stmt 0 view .LVU70
 225 00da BDE8F081 		pop	{r4, r5, r6, r7, r8, pc}
 226              		.loc 1 111 1 view .LVU71
 227              		.cfi_endproc
 228              	.LFE2:
 230 00de 00BF     		.section	.text.encode,"ax",%progbits
 231              		.align	1
 232              		.p2align 2,,3
 233              		.global	encode
 234              		.syntax unified
 235              		.thumb
 236              		.thumb_func
 238              	encode:
 239              	.LVL20:
 240              	.LFB0:
  33:/home/pacl/Documents/Repository/sca-2026/lib/crypto_kem/hqc128/pqclean/reed_muller.c ****     uint32_t first_word;
 241              		.loc 1 33 47 is_stmt 1 view -0
 242              		.cfi_startproc
 243              		@ args = 0, pretend = 0, frame = 0
 244              		@ frame_needed = 0, uses_anonymous_args = 0
 245              		@ link register save eliminated.
  34:/home/pacl/Documents/Repository/sca-2026/lib/crypto_kem/hqc128/pqclean/reed_muller.c ****     // bit 7 flips all the bits, do that first to save work
 246              		.loc 1 34 5 view .LVU73
  36:/home/pacl/Documents/Repository/sca-2026/lib/crypto_kem/hqc128/pqclean/reed_muller.c ****     // bits 0, 1, 2, 3, 4 are the same for all four longs
 247              		.loc 1 36 5 view .LVU74
  39:/home/pacl/Documents/Repository/sca-2026/lib/crypto_kem/hqc128/pqclean/reed_muller.c ****     first_word ^= BIT0MASK(message >> 1) & 0xcccccccc;
 248              		.loc 1 39 5 view .LVU75
  40:/home/pacl/Documents/Repository/sca-2026/lib/crypto_kem/hqc128/pqclean/reed_muller.c ****     first_word ^= BIT0MASK(message >> 2) & 0xf0f0f0f0;
 249              		.loc 1 40 5 view .LVU76
  40:/home/pacl/Documents/Repository/sca-2026/lib/crypto_kem/hqc128/pqclean/reed_muller.c ****     first_word ^= BIT0MASK(message >> 2) & 0xf0f0f0f0;
 250              		.loc 1 40 42 is_stmt 0 view .LVU77
 251 0000 41F34003 		sbfx	r3, r1, #1, #1
  36:/home/pacl/Documents/Repository/sca-2026/lib/crypto_kem/hqc128/pqclean/reed_muller.c ****     // bits 0, 1, 2, 3, 4 are the same for all four longs
 252              		.loc 1 36 18 view .LVU78
 253 0004 41F3C012 		sbfx	r2, r1, #7, #1
  39:/home/pacl/Documents/Repository/sca-2026/lib/crypto_kem/hqc128/pqclean/reed_muller.c ****     first_word ^= BIT0MASK(message >> 1) & 0xcccccccc;
 254              		.loc 1 39 42 view .LVU79
 255 0008 41F3000C 		sbfx	ip, r1, #0, #1
  40:/home/pacl/Documents/Repository/sca-2026/lib/crypto_kem/hqc128/pqclean/reed_muller.c ****     first_word ^= BIT0MASK(message >> 2) & 0xf0f0f0f0;
 256              		.loc 1 40 42 view .LVU80
 257 000c 03F0CC33 		and	r3, r3, #-858993460
 258 0010 5340     		eors	r3, r3, r2
  39:/home/pacl/Documents/Repository/sca-2026/lib/crypto_kem/hqc128/pqclean/reed_muller.c ****     first_word ^= BIT0MASK(message >> 1) & 0xcccccccc;
 259              		.loc 1 39 42 view .LVU81
 260 0012 0CF0AA3C 		and	ip, ip, #-1431655766
  40:/home/pacl/Documents/Repository/sca-2026/lib/crypto_kem/hqc128/pqclean/reed_muller.c ****     first_word ^= BIT0MASK(message >> 2) & 0xf0f0f0f0;
 261              		.loc 1 40 16 view .LVU82
 262 0016 8CEA030C 		eor	ip, ip, r3
 263              	.LVL21:
  41:/home/pacl/Documents/Repository/sca-2026/lib/crypto_kem/hqc128/pqclean/reed_muller.c ****     first_word ^= BIT0MASK(message >> 3) & 0xff00ff00;
 264              		.loc 1 41 5 is_stmt 1 view .LVU83
  41:/home/pacl/Documents/Repository/sca-2026/lib/crypto_kem/hqc128/pqclean/reed_muller.c ****     first_word ^= BIT0MASK(message >> 3) & 0xff00ff00;
 265              		.loc 1 41 42 is_stmt 0 view .LVU84
 266 001a 41F38003 		sbfx	r3, r1, #2, #1
  42:/home/pacl/Documents/Repository/sca-2026/lib/crypto_kem/hqc128/pqclean/reed_muller.c ****     first_word ^= BIT0MASK(message >> 4) & 0xffff0000;
 267              		.loc 1 42 42 view .LVU85
 268 001e 41F3C002 		sbfx	r2, r1, #3, #1
  41:/home/pacl/Documents/Repository/sca-2026/lib/crypto_kem/hqc128/pqclean/reed_muller.c ****     first_word ^= BIT0MASK(message >> 3) & 0xff00ff00;
 269              		.loc 1 41 42 view .LVU86
 270 0022 03F0F033 		and	r3, r3, #-252645136
  41:/home/pacl/Documents/Repository/sca-2026/lib/crypto_kem/hqc128/pqclean/reed_muller.c ****     first_word ^= BIT0MASK(message >> 3) & 0xff00ff00;
 271              		.loc 1 41 16 view .LVU87
 272 0026 83EA0C03 		eor	r3, r3, ip
 273              	.LVL22:
  42:/home/pacl/Documents/Repository/sca-2026/lib/crypto_kem/hqc128/pqclean/reed_muller.c ****     first_word ^= BIT0MASK(message >> 4) & 0xffff0000;
 274              		.loc 1 42 5 is_stmt 1 view .LVU88
  42:/home/pacl/Documents/Repository/sca-2026/lib/crypto_kem/hqc128/pqclean/reed_muller.c ****     first_word ^= BIT0MASK(message >> 4) & 0xffff0000;
 275              		.loc 1 42 42 is_stmt 0 view .LVU89
 276 002a 02F0FF22 		and	r2, r2, #-16711936
  42:/home/pacl/Documents/Repository/sca-2026/lib/crypto_kem/hqc128/pqclean/reed_muller.c ****     first_word ^= BIT0MASK(message >> 4) & 0xffff0000;
 277              		.loc 1 42 16 view .LVU90
 278 002e 5A40     		eors	r2, r2, r3
 279              	.LVL23:
  43:/home/pacl/Documents/Repository/sca-2026/lib/crypto_kem/hqc128/pqclean/reed_muller.c ****     // we can store this in the first quarter
 280              		.loc 1 43 5 is_stmt 1 view .LVU91
  43:/home/pacl/Documents/Repository/sca-2026/lib/crypto_kem/hqc128/pqclean/reed_muller.c ****     // we can store this in the first quarter
 281              		.loc 1 43 42 is_stmt 0 view .LVU92
 282 0030 41F30013 		sbfx	r3, r1, #4, #1
 283 0034 6FF30F03 		bfc	r3, #0, #16
  43:/home/pacl/Documents/Repository/sca-2026/lib/crypto_kem/hqc128/pqclean/reed_muller.c ****     // we can store this in the first quarter
 284              		.loc 1 43 16 view .LVU93
 285 0038 5340     		eors	r3, r3, r2
 286              	.LVL24:
  45:/home/pacl/Documents/Repository/sca-2026/lib/crypto_kem/hqc128/pqclean/reed_muller.c ****     // bit 5 flips entries 1 and 3; bit 6 flips 2 and 3
 287              		.loc 1 45 5 is_stmt 1 view .LVU94
  47:/home/pacl/Documents/Repository/sca-2026/lib/crypto_kem/hqc128/pqclean/reed_muller.c ****     cword[0] |= (uint64_t)first_word << 32;
 288              		.loc 1 47 5 view .LVU95
  47:/home/pacl/Documents/Repository/sca-2026/lib/crypto_kem/hqc128/pqclean/reed_muller.c ****     cword[0] |= (uint64_t)first_word << 32;
 289              		.loc 1 47 19 is_stmt 0 view .LVU96
 290 003a 41F34012 		sbfx	r2, r1, #5, #1
  33:/home/pacl/Documents/Repository/sca-2026/lib/crypto_kem/hqc128/pqclean/reed_muller.c ****     uint32_t first_word;
 291              		.loc 1 33 47 view .LVU97
 292 003e 10B4     		push	{r4}
 293              	.LCFI1:
 294              		.cfi_def_cfa_offset 4
 295              		.cfi_offset 4, -4
  49:/home/pacl/Documents/Repository/sca-2026/lib/crypto_kem/hqc128/pqclean/reed_muller.c ****     cword[1] = (uint64_t)first_word << 32;
 296              		.loc 1 49 19 view .LVU98
 297 0040 41F38011 		sbfx	r1, r1, #6, #1
 298              	.LVL25:
  47:/home/pacl/Documents/Repository/sca-2026/lib/crypto_kem/hqc128/pqclean/reed_muller.c ****     cword[0] |= (uint64_t)first_word << 32;
 299              		.loc 1 47 16 view .LVU99
 300 0044 82EA0304 		eor	r4, r2, r3
 301              	.LVL26:
  48:/home/pacl/Documents/Repository/sca-2026/lib/crypto_kem/hqc128/pqclean/reed_muller.c ****     first_word ^= BIT0MASK(message >> 6);
 302              		.loc 1 48 5 is_stmt 1 view .LVU100
  49:/home/pacl/Documents/Repository/sca-2026/lib/crypto_kem/hqc128/pqclean/reed_muller.c ****     cword[1] = (uint64_t)first_word << 32;
 303              		.loc 1 49 16 is_stmt 0 view .LVU101
 304 0048 6140     		eors	r1, r1, r4
  51:/home/pacl/Documents/Repository/sca-2026/lib/crypto_kem/hqc128/pqclean/reed_muller.c ****     cword[1] |= first_word;
 305              		.loc 1 51 16 view .LVU102
 306 004a 4A40     		eors	r2, r2, r1
  48:/home/pacl/Documents/Repository/sca-2026/lib/crypto_kem/hqc128/pqclean/reed_muller.c ****     first_word ^= BIT0MASK(message >> 6);
 307              		.loc 1 48 14 view .LVU103
 308 004c C0E90034 		strd	r3, r4, [r0]
  49:/home/pacl/Documents/Repository/sca-2026/lib/crypto_kem/hqc128/pqclean/reed_muller.c ****     cword[1] = (uint64_t)first_word << 32;
 309              		.loc 1 49 5 is_stmt 1 view .LVU104
 310              	.LVL27:
  50:/home/pacl/Documents/Repository/sca-2026/lib/crypto_kem/hqc128/pqclean/reed_muller.c ****     first_word ^= BIT0MASK(message >> 5);
 311              		.loc 1 50 5 view .LVU105
  51:/home/pacl/Documents/Repository/sca-2026/lib/crypto_kem/hqc128/pqclean/reed_muller.c ****     cword[1] |= first_word;
 312              		.loc 1 51 5 view .LVU106
  52:/home/pacl/Documents/Repository/sca-2026/lib/crypto_kem/hqc128/pqclean/reed_muller.c **** }
 313              		.loc 1 52 5 view .LVU107
  52:/home/pacl/Documents/Repository/sca-2026/lib/crypto_kem/hqc128/pqclean/reed_muller.c **** }
 314              		.loc 1 52 14 is_stmt 0 view .LVU108
 315 0050 8260     		str	r2, [r0, #8]
  53:/home/pacl/Documents/Repository/sca-2026/lib/crypto_kem/hqc128/pqclean/reed_muller.c **** 
 316              		.loc 1 53 1 view .LVU109
 317 0052 10BC     		pop	{r4}
 318              	.LCFI2:
 319              		.cfi_restore 4
 320              		.cfi_def_cfa_offset 0
  52:/home/pacl/Documents/Repository/sca-2026/lib/crypto_kem/hqc128/pqclean/reed_muller.c **** }
 321              		.loc 1 52 14 view .LVU110
 322 0054 C160     		str	r1, [r0, #12]
  53:/home/pacl/Documents/Repository/sca-2026/lib/crypto_kem/hqc128/pqclean/reed_muller.c **** 
 323              		.loc 1 53 1 view .LVU111
 324 0056 7047     		bx	lr
 325              		.cfi_endproc
 326              	.LFE0:
 328              		.section	.text.PQCLEAN_HQC128_CLEAN_reed_muller_encode,"ax",%progbits
 329              		.align	1
 330              		.p2align 2,,3
 331              		.global	PQCLEAN_HQC128_CLEAN_reed_muller_encode
 332              		.syntax unified
 333              		.thumb
 334              		.thumb_func
 336              	PQCLEAN_HQC128_CLEAN_reed_muller_encode:
 337              	.LVL28:
 338              	.LFB4:
 112:/home/pacl/Documents/Repository/sca-2026/lib/crypto_kem/hqc128/pqclean/reed_muller.c **** 
 113:/home/pacl/Documents/Repository/sca-2026/lib/crypto_kem/hqc128/pqclean/reed_muller.c **** /**
 114:/home/pacl/Documents/Repository/sca-2026/lib/crypto_kem/hqc128/pqclean/reed_muller.c ****  * @brief Finding the location of the highest value
 115:/home/pacl/Documents/Repository/sca-2026/lib/crypto_kem/hqc128/pqclean/reed_muller.c ****  *
 116:/home/pacl/Documents/Repository/sca-2026/lib/crypto_kem/hqc128/pqclean/reed_muller.c ****  * This is the final step of the green machine: find the location of the highest value,
 117:/home/pacl/Documents/Repository/sca-2026/lib/crypto_kem/hqc128/pqclean/reed_muller.c ****  * and add 128 if the peak is positive
 118:/home/pacl/Documents/Repository/sca-2026/lib/crypto_kem/hqc128/pqclean/reed_muller.c ****  * if there are two identical peaks, the peak with smallest value
 119:/home/pacl/Documents/Repository/sca-2026/lib/crypto_kem/hqc128/pqclean/reed_muller.c ****  * in the lowest 7 bits it taken
 120:/home/pacl/Documents/Repository/sca-2026/lib/crypto_kem/hqc128/pqclean/reed_muller.c ****  * @param[in] transform Structure that contain the expanded codeword
 121:/home/pacl/Documents/Repository/sca-2026/lib/crypto_kem/hqc128/pqclean/reed_muller.c ****  */
 122:/home/pacl/Documents/Repository/sca-2026/lib/crypto_kem/hqc128/pqclean/reed_muller.c **** static uint8_t find_peaks(const uint16_t transform[128]) {
 123:/home/pacl/Documents/Repository/sca-2026/lib/crypto_kem/hqc128/pqclean/reed_muller.c ****     uint16_t peak_abs = 0;
 124:/home/pacl/Documents/Repository/sca-2026/lib/crypto_kem/hqc128/pqclean/reed_muller.c ****     uint16_t peak = 0;
 125:/home/pacl/Documents/Repository/sca-2026/lib/crypto_kem/hqc128/pqclean/reed_muller.c ****     uint16_t pos = 0;
 126:/home/pacl/Documents/Repository/sca-2026/lib/crypto_kem/hqc128/pqclean/reed_muller.c ****     uint16_t t, abs, mask;
 127:/home/pacl/Documents/Repository/sca-2026/lib/crypto_kem/hqc128/pqclean/reed_muller.c ****     for (uint16_t i = 0; i < 128; ++i) {
 128:/home/pacl/Documents/Repository/sca-2026/lib/crypto_kem/hqc128/pqclean/reed_muller.c ****         t = transform[i];
 129:/home/pacl/Documents/Repository/sca-2026/lib/crypto_kem/hqc128/pqclean/reed_muller.c ****         abs = t ^ ((uint16_t)(-(t >> 15)) & (t ^ -t)); // t = abs(t)
 130:/home/pacl/Documents/Repository/sca-2026/lib/crypto_kem/hqc128/pqclean/reed_muller.c ****         mask = -(((uint16_t)(peak_abs - abs)) >> 15);
 131:/home/pacl/Documents/Repository/sca-2026/lib/crypto_kem/hqc128/pqclean/reed_muller.c ****         peak ^= mask & (peak ^ t);
 132:/home/pacl/Documents/Repository/sca-2026/lib/crypto_kem/hqc128/pqclean/reed_muller.c ****         pos ^= mask & (pos ^ i);
 133:/home/pacl/Documents/Repository/sca-2026/lib/crypto_kem/hqc128/pqclean/reed_muller.c ****         peak_abs ^= mask & (peak_abs ^ abs);
 134:/home/pacl/Documents/Repository/sca-2026/lib/crypto_kem/hqc128/pqclean/reed_muller.c ****     }
 135:/home/pacl/Documents/Repository/sca-2026/lib/crypto_kem/hqc128/pqclean/reed_muller.c ****     // set bit 7
 136:/home/pacl/Documents/Repository/sca-2026/lib/crypto_kem/hqc128/pqclean/reed_muller.c ****     pos |= 128 & (uint16_t)((peak >> 15) - 1);
 137:/home/pacl/Documents/Repository/sca-2026/lib/crypto_kem/hqc128/pqclean/reed_muller.c ****     return (uint8_t) pos;
 138:/home/pacl/Documents/Repository/sca-2026/lib/crypto_kem/hqc128/pqclean/reed_muller.c **** }
 139:/home/pacl/Documents/Repository/sca-2026/lib/crypto_kem/hqc128/pqclean/reed_muller.c **** 
 140:/home/pacl/Documents/Repository/sca-2026/lib/crypto_kem/hqc128/pqclean/reed_muller.c **** /**
 141:/home/pacl/Documents/Repository/sca-2026/lib/crypto_kem/hqc128/pqclean/reed_muller.c ****  * @brief Encodes the received word
 142:/home/pacl/Documents/Repository/sca-2026/lib/crypto_kem/hqc128/pqclean/reed_muller.c ****  *
 143:/home/pacl/Documents/Repository/sca-2026/lib/crypto_kem/hqc128/pqclean/reed_muller.c ****  * The message consists of N1 bytes each byte is encoded into PARAM_N2 bits,
 144:/home/pacl/Documents/Repository/sca-2026/lib/crypto_kem/hqc128/pqclean/reed_muller.c ****  * or MULTIPLICITY repeats of 128 bits
 145:/home/pacl/Documents/Repository/sca-2026/lib/crypto_kem/hqc128/pqclean/reed_muller.c ****  *
 146:/home/pacl/Documents/Repository/sca-2026/lib/crypto_kem/hqc128/pqclean/reed_muller.c ****  * @param[out] cdw Array of size VEC_N1N2_SIZE_64 receiving the encoded message
 147:/home/pacl/Documents/Repository/sca-2026/lib/crypto_kem/hqc128/pqclean/reed_muller.c ****  * @param[in] msg Array of size VEC_N1_SIZE_64 storing the message
 148:/home/pacl/Documents/Repository/sca-2026/lib/crypto_kem/hqc128/pqclean/reed_muller.c ****  */
 149:/home/pacl/Documents/Repository/sca-2026/lib/crypto_kem/hqc128/pqclean/reed_muller.c **** void PQCLEAN_HQC128_CLEAN_reed_muller_encode(uint64_t *cdw, const uint8_t *msg) {
 339              		.loc 1 149 81 is_stmt 1 view -0
 340              		.cfi_startproc
 341              		@ args = 0, pretend = 0, frame = 0
 342              		@ frame_needed = 0, uses_anonymous_args = 0
 150:/home/pacl/Documents/Repository/sca-2026/lib/crypto_kem/hqc128/pqclean/reed_muller.c ****     for (size_t i = 0; i < VEC_N1_SIZE_BYTES; ++i) {
 343              		.loc 1 150 5 view .LVU113
 344              	.LBB15:
 345              		.loc 1 150 10 view .LVU114
 346              		.loc 1 150 26 discriminator 1 view .LVU115
 347              	.LBE15:
 149:/home/pacl/Documents/Repository/sca-2026/lib/crypto_kem/hqc128/pqclean/reed_muller.c ****     for (size_t i = 0; i < VEC_N1_SIZE_BYTES; ++i) {
 348              		.loc 1 149 81 is_stmt 0 view .LVU116
 349 0000 2DE9F043 		push	{r4, r5, r6, r7, r8, r9, lr}
 350              	.LCFI3:
 351              		.cfi_def_cfa_offset 28
 352              		.cfi_offset 4, -28
 353              		.cfi_offset 5, -24
 354              		.cfi_offset 6, -20
 355              		.cfi_offset 7, -16
 356              		.cfi_offset 8, -12
 357              		.cfi_offset 9, -8
 358              		.cfi_offset 14, -4
 359              	.LBB22:
 360              	.LBB16:
 361              	.LBB17:
  43:/home/pacl/Documents/Repository/sca-2026/lib/crypto_kem/hqc128/pqclean/reed_muller.c ****     // we can store this in the first quarter
 362              		.loc 1 43 42 view .LVU117
 363 0004 264D     		ldr	r5, .L20
 364 0006 01F1FF3E 		add	lr, r1, #-1
 365 000a 00F11003 		add	r3, r0, #16
 366 000e 01F12D04 		add	r4, r1, #45
 367              	.LVL29:
 368              	.L17:
  43:/home/pacl/Documents/Repository/sca-2026/lib/crypto_kem/hqc128/pqclean/reed_muller.c ****     // we can store this in the first quarter
 369              		.loc 1 43 42 view .LVU118
 370              	.LBE17:
 371              	.LBE16:
 151:/home/pacl/Documents/Repository/sca-2026/lib/crypto_kem/hqc128/pqclean/reed_muller.c ****         // encode first word
 152:/home/pacl/Documents/Repository/sca-2026/lib/crypto_kem/hqc128/pqclean/reed_muller.c ****         encode(&cdw[2 * i * MULTIPLICITY], msg[i]);
 372              		.loc 1 152 9 is_stmt 1 view .LVU119
 373 0012 1EF8012F 		ldrb	r2, [lr, #1]!	@ zero_extendqisi2
 374              	.LVL30:
 375              	.LBB19:
 376              	.LBI16:
  33:/home/pacl/Documents/Repository/sca-2026/lib/crypto_kem/hqc128/pqclean/reed_muller.c ****     uint32_t first_word;
 377              		.loc 1 33 6 view .LVU120
 378              	.LBB18:
  34:/home/pacl/Documents/Repository/sca-2026/lib/crypto_kem/hqc128/pqclean/reed_muller.c ****     // bit 7 flips all the bits, do that first to save work
 379              		.loc 1 34 5 view .LVU121
  36:/home/pacl/Documents/Repository/sca-2026/lib/crypto_kem/hqc128/pqclean/reed_muller.c ****     // bits 0, 1, 2, 3, 4 are the same for all four longs
 380              		.loc 1 36 5 view .LVU122
  39:/home/pacl/Documents/Repository/sca-2026/lib/crypto_kem/hqc128/pqclean/reed_muller.c ****     first_word ^= BIT0MASK(message >> 1) & 0xcccccccc;
 381              		.loc 1 39 5 view .LVU123
  40:/home/pacl/Documents/Repository/sca-2026/lib/crypto_kem/hqc128/pqclean/reed_muller.c ****     first_word ^= BIT0MASK(message >> 2) & 0xf0f0f0f0;
 382              		.loc 1 40 5 view .LVU124
  40:/home/pacl/Documents/Repository/sca-2026/lib/crypto_kem/hqc128/pqclean/reed_muller.c ****     first_word ^= BIT0MASK(message >> 2) & 0xf0f0f0f0;
 383              		.loc 1 40 42 is_stmt 0 view .LVU125
 384 0016 42F34000 		sbfx	r0, r2, #1, #1
  36:/home/pacl/Documents/Repository/sca-2026/lib/crypto_kem/hqc128/pqclean/reed_muller.c ****     // bits 0, 1, 2, 3, 4 are the same for all four longs
 385              		.loc 1 36 18 view .LVU126
 386 001a 42F3C016 		sbfx	r6, r2, #7, #1
  39:/home/pacl/Documents/Repository/sca-2026/lib/crypto_kem/hqc128/pqclean/reed_muller.c ****     first_word ^= BIT0MASK(message >> 1) & 0xcccccccc;
 387              		.loc 1 39 42 view .LVU127
 388 001e 42F30001 		sbfx	r1, r2, #0, #1
  40:/home/pacl/Documents/Repository/sca-2026/lib/crypto_kem/hqc128/pqclean/reed_muller.c ****     first_word ^= BIT0MASK(message >> 2) & 0xf0f0f0f0;
 389              		.loc 1 40 42 view .LVU128
 390 0022 00F0CC30 		and	r0, r0, #-858993460
 391 0026 7040     		eors	r0, r0, r6
  41:/home/pacl/Documents/Repository/sca-2026/lib/crypto_kem/hqc128/pqclean/reed_muller.c ****     first_word ^= BIT0MASK(message >> 3) & 0xff00ff00;
 392              		.loc 1 41 42 view .LVU129
 393 0028 42F3800C 		sbfx	ip, r2, #2, #1
  39:/home/pacl/Documents/Repository/sca-2026/lib/crypto_kem/hqc128/pqclean/reed_muller.c ****     first_word ^= BIT0MASK(message >> 1) & 0xcccccccc;
 394              		.loc 1 39 42 view .LVU130
 395 002c 01F0AA31 		and	r1, r1, #-1431655766
  40:/home/pacl/Documents/Repository/sca-2026/lib/crypto_kem/hqc128/pqclean/reed_muller.c ****     first_word ^= BIT0MASK(message >> 2) & 0xf0f0f0f0;
 396              		.loc 1 40 16 view .LVU131
 397 0030 4140     		eors	r1, r1, r0
 398              	.LVL31:
  41:/home/pacl/Documents/Repository/sca-2026/lib/crypto_kem/hqc128/pqclean/reed_muller.c ****     first_word ^= BIT0MASK(message >> 3) & 0xff00ff00;
 399              		.loc 1 41 5 is_stmt 1 view .LVU132
  41:/home/pacl/Documents/Repository/sca-2026/lib/crypto_kem/hqc128/pqclean/reed_muller.c ****     first_word ^= BIT0MASK(message >> 3) & 0xff00ff00;
 400              		.loc 1 41 42 is_stmt 0 view .LVU133
 401 0032 0CF0F03C 		and	ip, ip, #-252645136
  42:/home/pacl/Documents/Repository/sca-2026/lib/crypto_kem/hqc128/pqclean/reed_muller.c ****     first_word ^= BIT0MASK(message >> 4) & 0xffff0000;
 402              		.loc 1 42 42 view .LVU134
 403 0036 42F3C000 		sbfx	r0, r2, #3, #1
  41:/home/pacl/Documents/Repository/sca-2026/lib/crypto_kem/hqc128/pqclean/reed_muller.c ****     first_word ^= BIT0MASK(message >> 3) & 0xff00ff00;
 404              		.loc 1 41 16 view .LVU135
 405 003a 8CEA010C 		eor	ip, ip, r1
 406              	.LVL32:
  42:/home/pacl/Documents/Repository/sca-2026/lib/crypto_kem/hqc128/pqclean/reed_muller.c ****     first_word ^= BIT0MASK(message >> 4) & 0xffff0000;
 407              		.loc 1 42 5 is_stmt 1 view .LVU136
  42:/home/pacl/Documents/Repository/sca-2026/lib/crypto_kem/hqc128/pqclean/reed_muller.c ****     first_word ^= BIT0MASK(message >> 4) & 0xffff0000;
 408              		.loc 1 42 42 is_stmt 0 view .LVU137
 409 003e 00F0FF20 		and	r0, r0, #-16711936
  43:/home/pacl/Documents/Repository/sca-2026/lib/crypto_kem/hqc128/pqclean/reed_muller.c ****     // we can store this in the first quarter
 410              		.loc 1 43 42 view .LVU138
 411 0042 42F30011 		sbfx	r1, r2, #4, #1
  42:/home/pacl/Documents/Repository/sca-2026/lib/crypto_kem/hqc128/pqclean/reed_muller.c ****     first_word ^= BIT0MASK(message >> 4) & 0xffff0000;
 412              		.loc 1 42 16 view .LVU139
 413 0046 80EA0C00 		eor	r0, r0, ip
 414              	.LVL33:
  43:/home/pacl/Documents/Repository/sca-2026/lib/crypto_kem/hqc128/pqclean/reed_muller.c ****     // we can store this in the first quarter
 415              		.loc 1 43 5 is_stmt 1 view .LVU140
  43:/home/pacl/Documents/Repository/sca-2026/lib/crypto_kem/hqc128/pqclean/reed_muller.c ****     // we can store this in the first quarter
 416              		.loc 1 43 42 is_stmt 0 view .LVU141
 417 004a 2940     		ands	r1, r1, r5
  43:/home/pacl/Documents/Repository/sca-2026/lib/crypto_kem/hqc128/pqclean/reed_muller.c ****     // we can store this in the first quarter
 418              		.loc 1 43 16 view .LVU142
 419 004c 4140     		eors	r1, r1, r0
 420              	.LVL34:
  45:/home/pacl/Documents/Repository/sca-2026/lib/crypto_kem/hqc128/pqclean/reed_muller.c ****     // bit 5 flips entries 1 and 3; bit 6 flips 2 and 3
 421              		.loc 1 45 5 is_stmt 1 view .LVU143
  47:/home/pacl/Documents/Repository/sca-2026/lib/crypto_kem/hqc128/pqclean/reed_muller.c ****     cword[0] |= (uint64_t)first_word << 32;
 422              		.loc 1 47 5 view .LVU144
  47:/home/pacl/Documents/Repository/sca-2026/lib/crypto_kem/hqc128/pqclean/reed_muller.c ****     cword[0] |= (uint64_t)first_word << 32;
 423              		.loc 1 47 19 is_stmt 0 view .LVU145
 424 004e 42F34010 		sbfx	r0, r2, #5, #1
  47:/home/pacl/Documents/Repository/sca-2026/lib/crypto_kem/hqc128/pqclean/reed_muller.c ****     cword[0] |= (uint64_t)first_word << 32;
 425              		.loc 1 47 16 view .LVU146
 426 0052 81EA0006 		eor	r6, r1, r0
 427              	.LVL35:
  48:/home/pacl/Documents/Repository/sca-2026/lib/crypto_kem/hqc128/pqclean/reed_muller.c ****     first_word ^= BIT0MASK(message >> 6);
 428              		.loc 1 48 5 is_stmt 1 view .LVU147
  49:/home/pacl/Documents/Repository/sca-2026/lib/crypto_kem/hqc128/pqclean/reed_muller.c ****     cword[1] = (uint64_t)first_word << 32;
 429              		.loc 1 49 19 is_stmt 0 view .LVU148
 430 0056 42F38012 		sbfx	r2, r2, #6, #1
 431              	.LVL36:
  49:/home/pacl/Documents/Repository/sca-2026/lib/crypto_kem/hqc128/pqclean/reed_muller.c ****     cword[1] = (uint64_t)first_word << 32;
 432              		.loc 1 49 16 view .LVU149
 433 005a 7240     		eors	r2, r2, r6
  51:/home/pacl/Documents/Repository/sca-2026/lib/crypto_kem/hqc128/pqclean/reed_muller.c ****     cword[1] |= first_word;
 434              		.loc 1 51 16 view .LVU150
 435 005c 5040     		eors	r0, r0, r2
  52:/home/pacl/Documents/Repository/sca-2026/lib/crypto_kem/hqc128/pqclean/reed_muller.c **** }
 436              		.loc 1 52 14 view .LVU151
 437 005e 43E90202 		strd	r0, r2, [r3, #-8]
 438              	.LVL37:
  48:/home/pacl/Documents/Repository/sca-2026/lib/crypto_kem/hqc128/pqclean/reed_muller.c ****     first_word ^= BIT0MASK(message >> 6);
 439              		.loc 1 48 14 view .LVU152
 440 0062 43E90416 		strd	r1, r6, [r3, #-16]
  49:/home/pacl/Documents/Repository/sca-2026/lib/crypto_kem/hqc128/pqclean/reed_muller.c ****     cword[1] = (uint64_t)first_word << 32;
 441              		.loc 1 49 5 is_stmt 1 view .LVU153
 442              	.LVL38:
  50:/home/pacl/Documents/Repository/sca-2026/lib/crypto_kem/hqc128/pqclean/reed_muller.c ****     first_word ^= BIT0MASK(message >> 5);
 443              		.loc 1 50 5 view .LVU154
  51:/home/pacl/Documents/Repository/sca-2026/lib/crypto_kem/hqc128/pqclean/reed_muller.c ****     cword[1] |= first_word;
 444              		.loc 1 51 5 view .LVU155
  52:/home/pacl/Documents/Repository/sca-2026/lib/crypto_kem/hqc128/pqclean/reed_muller.c **** }
 445              		.loc 1 52 5 view .LVU156
  52:/home/pacl/Documents/Repository/sca-2026/lib/crypto_kem/hqc128/pqclean/reed_muller.c **** }
 446              		.loc 1 52 5 is_stmt 0 view .LVU157
 447              	.LBE18:
 448              	.LBE19:
 153:/home/pacl/Documents/Repository/sca-2026/lib/crypto_kem/hqc128/pqclean/reed_muller.c ****         // copy to other identical codewords
 154:/home/pacl/Documents/Repository/sca-2026/lib/crypto_kem/hqc128/pqclean/reed_muller.c ****         for (size_t copy = 1; copy < MULTIPLICITY; ++copy) {
 449              		.loc 1 154 9 is_stmt 1 view .LVU158
 450              	.LBB20:
 451              		.loc 1 154 14 view .LVU159
 452              		.loc 1 154 36 discriminator 1 view .LVU160
 155:/home/pacl/Documents/Repository/sca-2026/lib/crypto_kem/hqc128/pqclean/reed_muller.c ****             memcpy(&cdw[2 * i * MULTIPLICITY + 2 * copy], &cdw[2 * i * MULTIPLICITY], 16);
 453              		.loc 1 155 13 view .LVU161
 454 0066 53F804CC 		ldr	ip, [r3, #-4]	@ unaligned
 455 006a 53F8109C 		ldr	r9, [r3, #-16]	@ unaligned
 456 006e 53F80C8C 		ldr	r8, [r3, #-12]	@ unaligned
 457 0072 53F8087C 		ldr	r7, [r3, #-8]	@ unaligned
 458 0076 C3F80090 		str	r9, [r3]	@ unaligned
 459 007a 4E46     		mov	r6, r9
 460 007c 4046     		mov	r0, r8
 461 007e 6246     		mov	r2, ip
 462              	.LBE20:
 150:/home/pacl/Documents/Repository/sca-2026/lib/crypto_kem/hqc128/pqclean/reed_muller.c ****         // encode first word
 463              		.loc 1 150 26 is_stmt 0 discriminator 1 view .LVU162
 464 0080 A645     		cmp	lr, r4
 465              	.LBB21:
 466              		.loc 1 155 13 view .LVU163
 467 0082 C3F80480 		str	r8, [r3, #4]	@ unaligned
 468 0086 9F60     		str	r7, [r3, #8]	@ unaligned
 469 0088 C3F80CC0 		str	ip, [r3, #12]	@ unaligned
 154:/home/pacl/Documents/Repository/sca-2026/lib/crypto_kem/hqc128/pqclean/reed_muller.c ****             memcpy(&cdw[2 * i * MULTIPLICITY + 2 * copy], &cdw[2 * i * MULTIPLICITY], 16);
 470              		.loc 1 154 52 is_stmt 1 discriminator 3 view .LVU164
 471              	.LVL39:
 154:/home/pacl/Documents/Repository/sca-2026/lib/crypto_kem/hqc128/pqclean/reed_muller.c ****             memcpy(&cdw[2 * i * MULTIPLICITY + 2 * copy], &cdw[2 * i * MULTIPLICITY], 16);
 472              		.loc 1 154 36 discriminator 1 view .LVU165
 473              		.loc 1 155 13 view .LVU166
 474 008c 1E61     		str	r6, [r3, #16]	@ unaligned
 475 008e 5861     		str	r0, [r3, #20]	@ unaligned
 476 0090 9F61     		str	r7, [r3, #24]	@ unaligned
 477 0092 DA61     		str	r2, [r3, #28]	@ unaligned
 154:/home/pacl/Documents/Repository/sca-2026/lib/crypto_kem/hqc128/pqclean/reed_muller.c ****             memcpy(&cdw[2 * i * MULTIPLICITY + 2 * copy], &cdw[2 * i * MULTIPLICITY], 16);
 478              		.loc 1 154 52 discriminator 3 view .LVU167
 479              	.LVL40:
 154:/home/pacl/Documents/Repository/sca-2026/lib/crypto_kem/hqc128/pqclean/reed_muller.c ****             memcpy(&cdw[2 * i * MULTIPLICITY + 2 * copy], &cdw[2 * i * MULTIPLICITY], 16);
 480              		.loc 1 154 36 discriminator 1 view .LVU168
 481              	.LBE21:
 150:/home/pacl/Documents/Repository/sca-2026/lib/crypto_kem/hqc128/pqclean/reed_muller.c ****         // encode first word
 482              		.loc 1 150 47 discriminator 2 view .LVU169
 150:/home/pacl/Documents/Repository/sca-2026/lib/crypto_kem/hqc128/pqclean/reed_muller.c ****         // encode first word
 483              		.loc 1 150 26 discriminator 1 view .LVU170
 484 0094 03F13003 		add	r3, r3, #48
 485 0098 BBD1     		bne	.L17
 486              	.LBE22:
 156:/home/pacl/Documents/Repository/sca-2026/lib/crypto_kem/hqc128/pqclean/reed_muller.c ****         }
 157:/home/pacl/Documents/Repository/sca-2026/lib/crypto_kem/hqc128/pqclean/reed_muller.c ****     }
 158:/home/pacl/Documents/Repository/sca-2026/lib/crypto_kem/hqc128/pqclean/reed_muller.c **** }
 487              		.loc 1 158 1 is_stmt 0 view .LVU171
 488 009a BDE8F083 		pop	{r4, r5, r6, r7, r8, r9, pc}
 489              	.LVL41:
 490              	.L21:
 491              		.loc 1 158 1 view .LVU172
 492 009e 00BF     		.align	2
 493              	.L20:
 494 00a0 0000FFFF 		.word	-65536
 495              		.cfi_endproc
 496              	.LFE4:
 498              		.section	.text.PQCLEAN_HQC128_CLEAN_reed_muller_decode,"ax",%progbits
 499              		.align	1
 500              		.p2align 2,,3
 501              		.global	PQCLEAN_HQC128_CLEAN_reed_muller_decode
 502              		.syntax unified
 503              		.thumb
 504              		.thumb_func
 506              	PQCLEAN_HQC128_CLEAN_reed_muller_decode:
 507              	.LVL42:
 508              	.LFB5:
 159:/home/pacl/Documents/Repository/sca-2026/lib/crypto_kem/hqc128/pqclean/reed_muller.c **** 
 160:/home/pacl/Documents/Repository/sca-2026/lib/crypto_kem/hqc128/pqclean/reed_muller.c **** /**
 161:/home/pacl/Documents/Repository/sca-2026/lib/crypto_kem/hqc128/pqclean/reed_muller.c ****  * @brief Decodes the received word
 162:/home/pacl/Documents/Repository/sca-2026/lib/crypto_kem/hqc128/pqclean/reed_muller.c ****  *
 163:/home/pacl/Documents/Repository/sca-2026/lib/crypto_kem/hqc128/pqclean/reed_muller.c ****  * Decoding uses fast hadamard transform, for a more complete picture on Reed-Muller decoding, see 
 164:/home/pacl/Documents/Repository/sca-2026/lib/crypto_kem/hqc128/pqclean/reed_muller.c ****  * The theory of error-correcting codes codes @cite macwilliams1977theory
 165:/home/pacl/Documents/Repository/sca-2026/lib/crypto_kem/hqc128/pqclean/reed_muller.c ****  *
 166:/home/pacl/Documents/Repository/sca-2026/lib/crypto_kem/hqc128/pqclean/reed_muller.c ****  * @param[out] msg Array of size VEC_N1_SIZE_64 receiving the decoded message
 167:/home/pacl/Documents/Repository/sca-2026/lib/crypto_kem/hqc128/pqclean/reed_muller.c ****  * @param[in] cdw Array of size VEC_N1N2_SIZE_64 storing the received word
 168:/home/pacl/Documents/Repository/sca-2026/lib/crypto_kem/hqc128/pqclean/reed_muller.c ****  */
 169:/home/pacl/Documents/Repository/sca-2026/lib/crypto_kem/hqc128/pqclean/reed_muller.c **** void PQCLEAN_HQC128_CLEAN_reed_muller_decode(uint8_t *msg, const uint64_t *cdw) {
 509              		.loc 1 169 81 is_stmt 1 view -0
 510              		.cfi_startproc
 511              		@ args = 0, pretend = 0, frame = 512
 512              		@ frame_needed = 0, uses_anonymous_args = 0
 170:/home/pacl/Documents/Repository/sca-2026/lib/crypto_kem/hqc128/pqclean/reed_muller.c ****     uint16_t expanded[128];
 513              		.loc 1 170 5 view .LVU174
 171:/home/pacl/Documents/Repository/sca-2026/lib/crypto_kem/hqc128/pqclean/reed_muller.c ****     uint16_t transform[128];
 514              		.loc 1 171 5 view .LVU175
 172:/home/pacl/Documents/Repository/sca-2026/lib/crypto_kem/hqc128/pqclean/reed_muller.c ****     for (size_t i = 0; i < VEC_N1_SIZE_BYTES; ++i) {
 515              		.loc 1 172 5 view .LVU176
 516              	.LBB31:
 517              		.loc 1 172 10 view .LVU177
 518              		.loc 1 172 26 discriminator 1 view .LVU178
 519              	.LBE31:
 169:/home/pacl/Documents/Repository/sca-2026/lib/crypto_kem/hqc128/pqclean/reed_muller.c ****     uint16_t expanded[128];
 520              		.loc 1 169 81 is_stmt 0 view .LVU179
 521 0000 2DE9F041 		push	{r4, r5, r6, r7, r8, lr}
 522              	.LCFI4:
 523              		.cfi_def_cfa_offset 24
 524              		.cfi_offset 4, -24
 525              		.cfi_offset 5, -20
 526              		.cfi_offset 6, -16
 527              		.cfi_offset 7, -12
 528              		.cfi_offset 8, -8
 529              		.cfi_offset 14, -4
 530 0004 0E46     		mov	r6, r1
 531 0006 ADF5007D 		sub	sp, sp, #512
 532              	.LCFI5:
 533              		.cfi_def_cfa_offset 536
 534 000a 451E     		subs	r5, r0, #1
 535 000c 01F50A64 		add	r4, r1, #2208
 536              	.LVL43:
 537              	.L27:
 538              	.LBB47:
 173:/home/pacl/Documents/Repository/sca-2026/lib/crypto_kem/hqc128/pqclean/reed_muller.c ****         // collect the codewords
 174:/home/pacl/Documents/Repository/sca-2026/lib/crypto_kem/hqc128/pqclean/reed_muller.c ****         expand_and_sum(expanded, &cdw[2 * i * MULTIPLICITY]);
 539              		.loc 1 174 9 is_stmt 1 view .LVU180
 540 0010 3146     		mov	r1, r6
 541 0012 6846     		mov	r0, sp
 542 0014 FFF7FEFF 		bl	expand_and_sum
 543              	.LVL44:
 175:/home/pacl/Documents/Repository/sca-2026/lib/crypto_kem/hqc128/pqclean/reed_muller.c ****         // apply hadamard transform
 176:/home/pacl/Documents/Repository/sca-2026/lib/crypto_kem/hqc128/pqclean/reed_muller.c ****         hadamard(expanded, transform);
 544              		.loc 1 176 9 view .LVU181
 545              	.LBB32:
 546              	.LBI32:
  64:/home/pacl/Documents/Repository/sca-2026/lib/crypto_kem/hqc128/pqclean/reed_muller.c ****     // the passes move data:
 547              		.loc 1 64 13 view .LVU182
 548              	.LBB33:
  68:/home/pacl/Documents/Repository/sca-2026/lib/crypto_kem/hqc128/pqclean/reed_muller.c ****     uint16_t *p2 = dst;
 549              		.loc 1 68 5 view .LVU183
  69:/home/pacl/Documents/Repository/sca-2026/lib/crypto_kem/hqc128/pqclean/reed_muller.c ****     uint16_t *p3;
 550              		.loc 1 69 5 view .LVU184
  70:/home/pacl/Documents/Repository/sca-2026/lib/crypto_kem/hqc128/pqclean/reed_muller.c ****     for (size_t pass = 0; pass < 7; ++pass) {
 551              		.loc 1 70 5 view .LVU185
  71:/home/pacl/Documents/Repository/sca-2026/lib/crypto_kem/hqc128/pqclean/reed_muller.c ****         for (size_t i = 0; i < 64; ++i) {
 552              		.loc 1 71 5 view .LVU186
 553              	.LBB34:
  71:/home/pacl/Documents/Repository/sca-2026/lib/crypto_kem/hqc128/pqclean/reed_muller.c ****         for (size_t i = 0; i < 64; ++i) {
 554              		.loc 1 71 10 view .LVU187
  71:/home/pacl/Documents/Repository/sca-2026/lib/crypto_kem/hqc128/pqclean/reed_muller.c ****         for (size_t i = 0; i < 64; ++i) {
 555              		.loc 1 71 32 discriminator 1 view .LVU188
 556              	.LBE34:
  69:/home/pacl/Documents/Repository/sca-2026/lib/crypto_kem/hqc128/pqclean/reed_muller.c ****     uint16_t *p3;
 557              		.loc 1 69 15 is_stmt 0 view .LVU189
 558 0018 0DF58078 		add	r8, sp, #256
 559              	.LVL45:
  69:/home/pacl/Documents/Repository/sca-2026/lib/crypto_kem/hqc128/pqclean/reed_muller.c ****     uint16_t *p3;
 560              		.loc 1 69 15 view .LVU190
 561              	.LBE33:
 562              	.LBE32:
 174:/home/pacl/Documents/Repository/sca-2026/lib/crypto_kem/hqc128/pqclean/reed_muller.c ****         // apply hadamard transform
 563              		.loc 1 174 9 view .LVU191
 564 001c 0722     		movs	r2, #7
 565              	.LBB38:
 566              	.LBB37:
  68:/home/pacl/Documents/Repository/sca-2026/lib/crypto_kem/hqc128/pqclean/reed_muller.c ****     uint16_t *p2 = dst;
 567              		.loc 1 68 15 view .LVU192
 568 001e 6F46     		mov	r7, sp
 569              	.LVL46:
 570              	.L23:
 571              	.LBB36:
 572              	.LBB35:
  72:/home/pacl/Documents/Repository/sca-2026/lib/crypto_kem/hqc128/pqclean/reed_muller.c ****             p2[i] = p1[2 * i] + p1[2 * i + 1];
 573              		.loc 1 72 30 is_stmt 1 discriminator 1 view .LVU193
 574 0020 A8F10200 		sub	r0, r8, #2
  72:/home/pacl/Documents/Repository/sca-2026/lib/crypto_kem/hqc128/pqclean/reed_muller.c ****             p2[i] = p1[2 * i] + p1[2 * i + 1];
 575              		.loc 1 72 21 is_stmt 0 view .LVU194
 576 0024 0023     		movs	r3, #0
 577 0026 07F1020C 		add	ip, r7, #2
 578              	.LVL47:
 579              	.L24:
  73:/home/pacl/Documents/Repository/sca-2026/lib/crypto_kem/hqc128/pqclean/reed_muller.c ****             p2[i + 64] = p1[2 * i] - p1[2 * i + 1];
 580              		.loc 1 73 13 is_stmt 1 view .LVU195
  73:/home/pacl/Documents/Repository/sca-2026/lib/crypto_kem/hqc128/pqclean/reed_muller.c ****             p2[i + 64] = p1[2 * i] - p1[2 * i + 1];
 581              		.loc 1 73 31 is_stmt 0 view .LVU196
 582 002a 3CF823E0 		ldrh	lr, [ip, r3, lsl #2]
 583 002e 37F82310 		ldrh	r1, [r7, r3, lsl #2]
 584 0032 7144     		add	r1, r1, lr
  73:/home/pacl/Documents/Repository/sca-2026/lib/crypto_kem/hqc128/pqclean/reed_muller.c ****             p2[i + 64] = p1[2 * i] - p1[2 * i + 1];
 585              		.loc 1 73 19 view .LVU197
 586 0034 20F8021F 		strh	r1, [r0, #2]!	@ movhi
  74:/home/pacl/Documents/Repository/sca-2026/lib/crypto_kem/hqc128/pqclean/reed_muller.c ****         }
 587              		.loc 1 74 13 is_stmt 1 view .LVU198
  74:/home/pacl/Documents/Repository/sca-2026/lib/crypto_kem/hqc128/pqclean/reed_muller.c ****         }
 588              		.loc 1 74 36 is_stmt 0 view .LVU199
 589 0038 37F82310 		ldrh	r1, [r7, r3, lsl #2]
 590 003c 3CF823E0 		ldrh	lr, [ip, r3, lsl #2]
  72:/home/pacl/Documents/Repository/sca-2026/lib/crypto_kem/hqc128/pqclean/reed_muller.c ****             p2[i] = p1[2 * i] + p1[2 * i + 1];
 591              		.loc 1 72 36 discriminator 3 view .LVU200
 592 0040 0133     		adds	r3, r3, #1
 593              	.LVL48:
  74:/home/pacl/Documents/Repository/sca-2026/lib/crypto_kem/hqc128/pqclean/reed_muller.c ****         }
 594              		.loc 1 74 36 view .LVU201
 595 0042 A1EB0E01 		sub	r1, r1, lr
  72:/home/pacl/Documents/Repository/sca-2026/lib/crypto_kem/hqc128/pqclean/reed_muller.c ****             p2[i] = p1[2 * i] + p1[2 * i + 1];
 596              		.loc 1 72 30 discriminator 1 view .LVU202
 597 0046 402B     		cmp	r3, #64
  74:/home/pacl/Documents/Repository/sca-2026/lib/crypto_kem/hqc128/pqclean/reed_muller.c ****         }
 598              		.loc 1 74 24 view .LVU203
 599 0048 A0F88010 		strh	r1, [r0, #128]	@ movhi
  72:/home/pacl/Documents/Repository/sca-2026/lib/crypto_kem/hqc128/pqclean/reed_muller.c ****             p2[i] = p1[2 * i] + p1[2 * i + 1];
 600              		.loc 1 72 36 is_stmt 1 discriminator 3 view .LVU204
 601              	.LVL49:
  72:/home/pacl/Documents/Repository/sca-2026/lib/crypto_kem/hqc128/pqclean/reed_muller.c ****             p2[i] = p1[2 * i] + p1[2 * i + 1];
 602              		.loc 1 72 30 discriminator 1 view .LVU205
 603 004c EDD1     		bne	.L24
 604              	.LBE35:
  77:/home/pacl/Documents/Repository/sca-2026/lib/crypto_kem/hqc128/pqclean/reed_muller.c ****         p1 = p2;
 605              		.loc 1 77 9 view .LVU206
 606              	.LVL50:
  78:/home/pacl/Documents/Repository/sca-2026/lib/crypto_kem/hqc128/pqclean/reed_muller.c ****         p2 = p3;
 607              		.loc 1 78 9 view .LVU207
  79:/home/pacl/Documents/Repository/sca-2026/lib/crypto_kem/hqc128/pqclean/reed_muller.c ****     }
 608              		.loc 1 79 9 view .LVU208
  71:/home/pacl/Documents/Repository/sca-2026/lib/crypto_kem/hqc128/pqclean/reed_muller.c ****         for (size_t i = 0; i < 64; ++i) {
 609              		.loc 1 71 37 discriminator 2 view .LVU209
  71:/home/pacl/Documents/Repository/sca-2026/lib/crypto_kem/hqc128/pqclean/reed_muller.c ****         for (size_t i = 0; i < 64; ++i) {
 610              		.loc 1 71 32 discriminator 1 view .LVU210
 611 004e 013A     		subs	r2, r2, #1
 612 0050 4346     		mov	r3, r8
 613              	.LVL51:
  71:/home/pacl/Documents/Repository/sca-2026/lib/crypto_kem/hqc128/pqclean/reed_muller.c ****         for (size_t i = 0; i < 64; ++i) {
 614              		.loc 1 71 32 is_stmt 0 discriminator 1 view .LVU211
 615 0052 B846     		mov	r8, r7
 616              	.LVL52:
  71:/home/pacl/Documents/Repository/sca-2026/lib/crypto_kem/hqc128/pqclean/reed_muller.c ****         for (size_t i = 0; i < 64; ++i) {
 617              		.loc 1 71 32 discriminator 1 view .LVU212
 618 0054 01D0     		beq	.L25
  71:/home/pacl/Documents/Repository/sca-2026/lib/crypto_kem/hqc128/pqclean/reed_muller.c ****         for (size_t i = 0; i < 64; ++i) {
 619              		.loc 1 71 32 discriminator 1 view .LVU213
 620 0056 1F46     		mov	r7, r3
 621              	.LVL53:
  71:/home/pacl/Documents/Repository/sca-2026/lib/crypto_kem/hqc128/pqclean/reed_muller.c ****         for (size_t i = 0; i < 64; ++i) {
 622              		.loc 1 71 32 discriminator 1 view .LVU214
 623 0058 E2E7     		b	.L23
 624              	.LVL54:
 625              	.L25:
  71:/home/pacl/Documents/Repository/sca-2026/lib/crypto_kem/hqc128/pqclean/reed_muller.c ****         for (size_t i = 0; i < 64; ++i) {
 626              		.loc 1 71 32 discriminator 1 view .LVU215
 627              	.LBE36:
 628              	.LBE37:
 629              	.LBE38:
 177:/home/pacl/Documents/Repository/sca-2026/lib/crypto_kem/hqc128/pqclean/reed_muller.c ****         // fix the first entry to get the half Hadamard transform
 178:/home/pacl/Documents/Repository/sca-2026/lib/crypto_kem/hqc128/pqclean/reed_muller.c ****         transform[0] -= 64 * MULTIPLICITY;
 630              		.loc 1 178 9 is_stmt 1 view .LVU216
 631              		.loc 1 178 22 is_stmt 0 view .LVU217
 632 005a BDF80031 		ldrh	r3, [sp, #256]
 633 005e C03B     		subs	r3, r3, #192
 634 0060 0DF1FE0E 		add	lr, sp, #254
 635 0064 ADF80031 		strh	r3, [sp, #256]	@ movhi
 179:/home/pacl/Documents/Repository/sca-2026/lib/crypto_kem/hqc128/pqclean/reed_muller.c ****         // finish the decoding
 180:/home/pacl/Documents/Repository/sca-2026/lib/crypto_kem/hqc128/pqclean/reed_muller.c ****         msg[i] = find_peaks(transform);
 636              		.loc 1 180 9 is_stmt 1 view .LVU218
 637              	.LVL55:
 638              	.LBB39:
 639              	.LBI39:
 122:/home/pacl/Documents/Repository/sca-2026/lib/crypto_kem/hqc128/pqclean/reed_muller.c ****     uint16_t peak_abs = 0;
 640              		.loc 1 122 16 view .LVU219
 641              	.LBB40:
 123:/home/pacl/Documents/Repository/sca-2026/lib/crypto_kem/hqc128/pqclean/reed_muller.c ****     uint16_t peak = 0;
 642              		.loc 1 123 5 view .LVU220
 124:/home/pacl/Documents/Repository/sca-2026/lib/crypto_kem/hqc128/pqclean/reed_muller.c ****     uint16_t pos = 0;
 643              		.loc 1 124 5 view .LVU221
 125:/home/pacl/Documents/Repository/sca-2026/lib/crypto_kem/hqc128/pqclean/reed_muller.c ****     uint16_t t, abs, mask;
 644              		.loc 1 125 5 view .LVU222
 126:/home/pacl/Documents/Repository/sca-2026/lib/crypto_kem/hqc128/pqclean/reed_muller.c ****     for (uint16_t i = 0; i < 128; ++i) {
 645              		.loc 1 126 5 view .LVU223
 127:/home/pacl/Documents/Repository/sca-2026/lib/crypto_kem/hqc128/pqclean/reed_muller.c ****         t = transform[i];
 646              		.loc 1 127 5 view .LVU224
 647              	.LBB41:
 127:/home/pacl/Documents/Repository/sca-2026/lib/crypto_kem/hqc128/pqclean/reed_muller.c ****         t = transform[i];
 648              		.loc 1 127 10 view .LVU225
 127:/home/pacl/Documents/Repository/sca-2026/lib/crypto_kem/hqc128/pqclean/reed_muller.c ****         t = transform[i];
 649              		.loc 1 127 28 discriminator 1 view .LVU226
 650              	.LBE41:
 125:/home/pacl/Documents/Repository/sca-2026/lib/crypto_kem/hqc128/pqclean/reed_muller.c ****     uint16_t t, abs, mask;
 651              		.loc 1 125 14 is_stmt 0 view .LVU227
 652 0068 9446     		mov	ip, r2
 124:/home/pacl/Documents/Repository/sca-2026/lib/crypto_kem/hqc128/pqclean/reed_muller.c ****     uint16_t pos = 0;
 653              		.loc 1 124 14 view .LVU228
 654 006a 1146     		mov	r1, r2
 123:/home/pacl/Documents/Repository/sca-2026/lib/crypto_kem/hqc128/pqclean/reed_muller.c ****     uint16_t peak = 0;
 655              		.loc 1 123 14 view .LVU229
 656 006c 1046     		mov	r0, r2
 657              	.LVL56:
 658              	.L26:
 659              	.LBB42:
 128:/home/pacl/Documents/Repository/sca-2026/lib/crypto_kem/hqc128/pqclean/reed_muller.c ****         abs = t ^ ((uint16_t)(-(t >> 15)) & (t ^ -t)); // t = abs(t)
 660              		.loc 1 128 9 is_stmt 1 view .LVU230
 128:/home/pacl/Documents/Repository/sca-2026/lib/crypto_kem/hqc128/pqclean/reed_muller.c ****         abs = t ^ ((uint16_t)(-(t >> 15)) & (t ^ -t)); // t = abs(t)
 661              		.loc 1 128 11 is_stmt 0 view .LVU231
 662 006e 3EF8027F 		ldrh	r7, [lr, #2]!
 663              	.LVL57:
 129:/home/pacl/Documents/Repository/sca-2026/lib/crypto_kem/hqc128/pqclean/reed_muller.c ****         mask = -(((uint16_t)(peak_abs - abs)) >> 15);
 664              		.loc 1 129 9 is_stmt 1 view .LVU232
 129:/home/pacl/Documents/Repository/sca-2026/lib/crypto_kem/hqc128/pqclean/reed_muller.c ****         mask = -(((uint16_t)(peak_abs - abs)) >> 15);
 665              		.loc 1 129 48 is_stmt 0 view .LVU233
 666 0072 7B42     		rsbs	r3, r7, #0
 129:/home/pacl/Documents/Repository/sca-2026/lib/crypto_kem/hqc128/pqclean/reed_muller.c ****         mask = -(((uint16_t)(peak_abs - abs)) >> 15);
 667              		.loc 1 129 43 view .LVU234
 668 0074 47F3C038 		sbfx	r8, r7, #15, #1
 129:/home/pacl/Documents/Repository/sca-2026/lib/crypto_kem/hqc128/pqclean/reed_muller.c ****         mask = -(((uint16_t)(peak_abs - abs)) >> 15);
 669              		.loc 1 129 13 view .LVU235
 670 0078 7B40     		eors	r3, r3, r7
 671 007a 03EA0803 		and	r3, r3, r8
 672 007e 7B40     		eors	r3, r3, r7
 673 0080 9BB2     		uxth	r3, r3
 674              	.LVL58:
 130:/home/pacl/Documents/Repository/sca-2026/lib/crypto_kem/hqc128/pqclean/reed_muller.c ****         peak ^= mask & (peak ^ t);
 675              		.loc 1 130 9 is_stmt 1 view .LVU236
 131:/home/pacl/Documents/Repository/sca-2026/lib/crypto_kem/hqc128/pqclean/reed_muller.c ****         pos ^= mask & (pos ^ i);
 676              		.loc 1 131 14 is_stmt 0 view .LVU237
 677 0082 87EA0108 		eor	r8, r7, r1
 130:/home/pacl/Documents/Repository/sca-2026/lib/crypto_kem/hqc128/pqclean/reed_muller.c ****         peak ^= mask & (peak ^ t);
 678              		.loc 1 130 19 view .LVU238
 679 0086 C71A     		subs	r7, r0, r3
 680              	.LVL59:
 130:/home/pacl/Documents/Repository/sca-2026/lib/crypto_kem/hqc128/pqclean/reed_muller.c ****         peak ^= mask & (peak ^ t);
 681              		.loc 1 130 14 view .LVU239
 682 0088 47F3C037 		sbfx	r7, r7, #15, #1
 133:/home/pacl/Documents/Repository/sca-2026/lib/crypto_kem/hqc128/pqclean/reed_muller.c ****     }
 683              		.loc 1 133 18 view .LVU240
 684 008c 4340     		eors	r3, r3, r0
 685              	.LVL60:
 131:/home/pacl/Documents/Repository/sca-2026/lib/crypto_kem/hqc128/pqclean/reed_muller.c ****         pos ^= mask & (pos ^ i);
 686              		.loc 1 131 14 view .LVU241
 687 008e 07EA0808 		and	r8, r7, r8
 130:/home/pacl/Documents/Repository/sca-2026/lib/crypto_kem/hqc128/pqclean/reed_muller.c ****         peak ^= mask & (peak ^ t);
 688              		.loc 1 130 14 view .LVU242
 689 0092 BFB2     		uxth	r7, r7
 690              	.LVL61:
 131:/home/pacl/Documents/Repository/sca-2026/lib/crypto_kem/hqc128/pqclean/reed_muller.c ****         pos ^= mask & (pos ^ i);
 691              		.loc 1 131 9 is_stmt 1 view .LVU243
 133:/home/pacl/Documents/Repository/sca-2026/lib/crypto_kem/hqc128/pqclean/reed_muller.c ****     }
 692              		.loc 1 133 18 is_stmt 0 view .LVU244
 693 0094 3B40     		ands	r3, r3, r7
 694 0096 5840     		eors	r0, r0, r3
 695              	.LVL62:
 132:/home/pacl/Documents/Repository/sca-2026/lib/crypto_kem/hqc128/pqclean/reed_muller.c ****         peak_abs ^= mask & (peak_abs ^ abs);
 696              		.loc 1 132 13 view .LVU245
 697 0098 8CEA0203 		eor	r3, ip, r2
 127:/home/pacl/Documents/Repository/sca-2026/lib/crypto_kem/hqc128/pqclean/reed_muller.c ****         t = transform[i];
 698              		.loc 1 127 28 discriminator 1 view .LVU246
 699 009c 0132     		adds	r2, r2, #1
 700              	.LVL63:
 132:/home/pacl/Documents/Repository/sca-2026/lib/crypto_kem/hqc128/pqclean/reed_muller.c ****         peak_abs ^= mask & (peak_abs ^ abs);
 701              		.loc 1 132 13 view .LVU247
 702 009e 1F40     		ands	r7, r7, r3
 703              	.LVL64:
 127:/home/pacl/Documents/Repository/sca-2026/lib/crypto_kem/hqc128/pqclean/reed_muller.c ****         t = transform[i];
 704              		.loc 1 127 28 discriminator 1 view .LVU248
 705 00a0 802A     		cmp	r2, #128
 131:/home/pacl/Documents/Repository/sca-2026/lib/crypto_kem/hqc128/pqclean/reed_muller.c ****         pos ^= mask & (pos ^ i);
 706              		.loc 1 131 14 view .LVU249
 707 00a2 88EA0101 		eor	r1, r8, r1
 708              	.LVL65:
 132:/home/pacl/Documents/Repository/sca-2026/lib/crypto_kem/hqc128/pqclean/reed_muller.c ****         peak_abs ^= mask & (peak_abs ^ abs);
 709              		.loc 1 132 9 is_stmt 1 view .LVU250
 132:/home/pacl/Documents/Repository/sca-2026/lib/crypto_kem/hqc128/pqclean/reed_muller.c ****         peak_abs ^= mask & (peak_abs ^ abs);
 710              		.loc 1 132 13 is_stmt 0 view .LVU251
 711 00a6 87EA0C0C 		eor	ip, r7, ip
 712              	.LVL66:
 133:/home/pacl/Documents/Repository/sca-2026/lib/crypto_kem/hqc128/pqclean/reed_muller.c ****     }
 713              		.loc 1 133 9 is_stmt 1 view .LVU252
 127:/home/pacl/Documents/Repository/sca-2026/lib/crypto_kem/hqc128/pqclean/reed_muller.c ****         t = transform[i];
 714              		.loc 1 127 35 discriminator 3 view .LVU253
 127:/home/pacl/Documents/Repository/sca-2026/lib/crypto_kem/hqc128/pqclean/reed_muller.c ****         t = transform[i];
 715              		.loc 1 127 28 discriminator 1 view .LVU254
 716 00aa E0D1     		bne	.L26
 717              	.LBE42:
 136:/home/pacl/Documents/Repository/sca-2026/lib/crypto_kem/hqc128/pqclean/reed_muller.c ****     return (uint8_t) pos;
 718              		.loc 1 136 5 view .LVU255
 719              	.LVL67:
 137:/home/pacl/Documents/Repository/sca-2026/lib/crypto_kem/hqc128/pqclean/reed_muller.c **** }
 720              		.loc 1 137 5 view .LVU256
 136:/home/pacl/Documents/Repository/sca-2026/lib/crypto_kem/hqc128/pqclean/reed_muller.c ****     return (uint8_t) pos;
 721              		.loc 1 136 18 is_stmt 0 view .LVU257
 722 00ac CB0B     		lsrs	r3, r1, #15
 723 00ae 013B     		subs	r3, r3, #1
 136:/home/pacl/Documents/Repository/sca-2026/lib/crypto_kem/hqc128/pqclean/reed_muller.c ****     return (uint8_t) pos;
 724              		.loc 1 136 9 view .LVU258
 725 00b0 03F08003 		and	r3, r3, #128
 726              	.LBE40:
 727              	.LBE39:
 172:/home/pacl/Documents/Repository/sca-2026/lib/crypto_kem/hqc128/pqclean/reed_muller.c ****         // collect the codewords
 728              		.loc 1 172 26 discriminator 1 view .LVU259
 729 00b4 3036     		adds	r6, r6, #48
 730              	.LBB45:
 731              	.LBB43:
 136:/home/pacl/Documents/Repository/sca-2026/lib/crypto_kem/hqc128/pqclean/reed_muller.c ****     return (uint8_t) pos;
 732              		.loc 1 136 9 view .LVU260
 733 00b6 4CEA030C 		orr	ip, ip, r3
 734              	.LBE43:
 735              	.LBE45:
 172:/home/pacl/Documents/Repository/sca-2026/lib/crypto_kem/hqc128/pqclean/reed_muller.c ****         // collect the codewords
 736              		.loc 1 172 26 discriminator 1 view .LVU261
 737 00ba A642     		cmp	r6, r4
 738              	.LBB46:
 739              	.LBB44:
 137:/home/pacl/Documents/Repository/sca-2026/lib/crypto_kem/hqc128/pqclean/reed_muller.c **** }
 740              		.loc 1 137 12 view .LVU262
 741 00bc 05F801CF 		strb	ip, [r5, #1]!
 742              	.LVL68:
 137:/home/pacl/Documents/Repository/sca-2026/lib/crypto_kem/hqc128/pqclean/reed_muller.c **** }
 743              		.loc 1 137 12 view .LVU263
 744              	.LBE44:
 745              	.LBE46:
 172:/home/pacl/Documents/Repository/sca-2026/lib/crypto_kem/hqc128/pqclean/reed_muller.c ****         // collect the codewords
 746              		.loc 1 172 47 is_stmt 1 discriminator 3 view .LVU264
 172:/home/pacl/Documents/Repository/sca-2026/lib/crypto_kem/hqc128/pqclean/reed_muller.c ****         // collect the codewords
 747              		.loc 1 172 26 discriminator 1 view .LVU265
 748 00c0 A6D1     		bne	.L27
 749              	.LBE47:
 181:/home/pacl/Documents/Repository/sca-2026/lib/crypto_kem/hqc128/pqclean/reed_muller.c ****     }
 182:/home/pacl/Documents/Repository/sca-2026/lib/crypto_kem/hqc128/pqclean/reed_muller.c **** }
 750              		.loc 1 182 1 is_stmt 0 view .LVU266
 751 00c2 0DF5007D 		add	sp, sp, #512
 752              	.LCFI6:
 753              		.cfi_def_cfa_offset 24
 754              		@ sp needed
 755 00c6 BDE8F081 		pop	{r4, r5, r6, r7, r8, pc}
 756              		.loc 1 182 1 view .LVU267
 757              		.cfi_endproc
 758              	.LFE5:
 760 00ca 00BF     		.section	.text.reed_muller_decode_one_block,"ax",%progbits
 761              		.align	1
 762              		.p2align 2,,3
 763              		.global	reed_muller_decode_one_block
 764              		.syntax unified
 765              		.thumb
 766              		.thumb_func
 768              	reed_muller_decode_one_block:
 769              	.LVL69:
 770              	.LFB6:
 183:/home/pacl/Documents/Repository/sca-2026/lib/crypto_kem/hqc128/pqclean/reed_muller.c **** 
 184:/home/pacl/Documents/Repository/sca-2026/lib/crypto_kem/hqc128/pqclean/reed_muller.c **** void reed_muller_decode_one_block(uint8_t *msg, const uint64_t *cdw) {
 771              		.loc 1 184 70 is_stmt 1 view -0
 772              		.cfi_startproc
 773              		@ args = 0, pretend = 0, frame = 512
 774              		@ frame_needed = 0, uses_anonymous_args = 0
 185:/home/pacl/Documents/Repository/sca-2026/lib/crypto_kem/hqc128/pqclean/reed_muller.c ****     uint16_t expanded[128];
 775              		.loc 1 185 5 view .LVU269
 186:/home/pacl/Documents/Repository/sca-2026/lib/crypto_kem/hqc128/pqclean/reed_muller.c ****     uint16_t transform[128];
 776              		.loc 1 186 5 view .LVU270
 187:/home/pacl/Documents/Repository/sca-2026/lib/crypto_kem/hqc128/pqclean/reed_muller.c ****     for (size_t i = 0; i < 1; ++i) {
 777              		.loc 1 187 5 view .LVU271
 778              	.LBB56:
 779              		.loc 1 187 10 view .LVU272
 780              		.loc 1 187 26 discriminator 1 view .LVU273
 188:/home/pacl/Documents/Repository/sca-2026/lib/crypto_kem/hqc128/pqclean/reed_muller.c ****         // collect the codewords
 189:/home/pacl/Documents/Repository/sca-2026/lib/crypto_kem/hqc128/pqclean/reed_muller.c ****         expand_and_sum(expanded, &cdw[2 * i * MULTIPLICITY]);
 781              		.loc 1 189 9 view .LVU274
 782              	.LBE56:
 184:/home/pacl/Documents/Repository/sca-2026/lib/crypto_kem/hqc128/pqclean/reed_muller.c ****     uint16_t expanded[128];
 783              		.loc 1 184 70 is_stmt 0 view .LVU275
 784 0000 2DE9F041 		push	{r4, r5, r6, r7, r8, lr}
 785              	.LCFI7:
 786              		.cfi_def_cfa_offset 24
 787              		.cfi_offset 4, -24
 788              		.cfi_offset 5, -20
 789              		.cfi_offset 6, -16
 790              		.cfi_offset 7, -12
 791              		.cfi_offset 8, -8
 792              		.cfi_offset 14, -4
 793 0004 ADF5007D 		sub	sp, sp, #512
 794              	.LCFI8:
 795              		.cfi_def_cfa_offset 536
 184:/home/pacl/Documents/Repository/sca-2026/lib/crypto_kem/hqc128/pqclean/reed_muller.c ****     uint16_t expanded[128];
 796              		.loc 1 184 70 view .LVU276
 797 0008 0446     		mov	r4, r0
 798              	.LBB68:
 799              		.loc 1 189 9 view .LVU277
 800 000a 6846     		mov	r0, sp
 801              	.LVL70:
 802              		.loc 1 189 9 view .LVU278
 803 000c FFF7FEFF 		bl	expand_and_sum
 804              	.LVL71:
 190:/home/pacl/Documents/Repository/sca-2026/lib/crypto_kem/hqc128/pqclean/reed_muller.c ****         // apply hadamard transform
 191:/home/pacl/Documents/Repository/sca-2026/lib/crypto_kem/hqc128/pqclean/reed_muller.c ****         hadamard(expanded, transform);
 805              		.loc 1 191 9 is_stmt 1 view .LVU279
 806              	.LBB57:
 807              	.LBI57:
  64:/home/pacl/Documents/Repository/sca-2026/lib/crypto_kem/hqc128/pqclean/reed_muller.c ****     // the passes move data:
 808              		.loc 1 64 13 view .LVU280
 809              	.LBB58:
  68:/home/pacl/Documents/Repository/sca-2026/lib/crypto_kem/hqc128/pqclean/reed_muller.c ****     uint16_t *p2 = dst;
 810              		.loc 1 68 5 view .LVU281
  69:/home/pacl/Documents/Repository/sca-2026/lib/crypto_kem/hqc128/pqclean/reed_muller.c ****     uint16_t *p3;
 811              		.loc 1 69 5 view .LVU282
  70:/home/pacl/Documents/Repository/sca-2026/lib/crypto_kem/hqc128/pqclean/reed_muller.c ****     for (size_t pass = 0; pass < 7; ++pass) {
 812              		.loc 1 70 5 view .LVU283
  71:/home/pacl/Documents/Repository/sca-2026/lib/crypto_kem/hqc128/pqclean/reed_muller.c ****         for (size_t i = 0; i < 64; ++i) {
 813              		.loc 1 71 5 view .LVU284
 814              	.LBB59:
  71:/home/pacl/Documents/Repository/sca-2026/lib/crypto_kem/hqc128/pqclean/reed_muller.c ****         for (size_t i = 0; i < 64; ++i) {
 815              		.loc 1 71 10 view .LVU285
  71:/home/pacl/Documents/Repository/sca-2026/lib/crypto_kem/hqc128/pqclean/reed_muller.c ****         for (size_t i = 0; i < 64; ++i) {
 816              		.loc 1 71 32 discriminator 1 view .LVU286
 817              	.LBE59:
  68:/home/pacl/Documents/Repository/sca-2026/lib/crypto_kem/hqc128/pqclean/reed_muller.c ****     uint16_t *p2 = dst;
 818              		.loc 1 68 15 is_stmt 0 view .LVU287
 819 0010 6D46     		mov	r5, sp
 820              	.LBE58:
 821              	.LBE57:
 189:/home/pacl/Documents/Repository/sca-2026/lib/crypto_kem/hqc128/pqclean/reed_muller.c ****         // apply hadamard transform
 822              		.loc 1 189 9 view .LVU288
 823 0012 0721     		movs	r1, #7
 824              	.LBB63:
 825              	.LBB62:
  69:/home/pacl/Documents/Repository/sca-2026/lib/crypto_kem/hqc128/pqclean/reed_muller.c ****     uint16_t *p3;
 826              		.loc 1 69 15 view .LVU289
 827 0014 0DF5807C 		add	ip, sp, #256
 828              	.LVL72:
 829              	.L33:
 830              	.LBB61:
 831              	.LBB60:
  72:/home/pacl/Documents/Repository/sca-2026/lib/crypto_kem/hqc128/pqclean/reed_muller.c ****             p2[i] = p1[2 * i] + p1[2 * i + 1];
 832              		.loc 1 72 30 is_stmt 1 discriminator 1 view .LVU290
 833 0018 ACF10200 		sub	r0, ip, #2
  72:/home/pacl/Documents/Repository/sca-2026/lib/crypto_kem/hqc128/pqclean/reed_muller.c ****             p2[i] = p1[2 * i] + p1[2 * i + 1];
 834              		.loc 1 72 21 is_stmt 0 view .LVU291
 835 001c 0023     		movs	r3, #0
 836 001e AE1C     		adds	r6, r5, #2
 837              	.LVL73:
 838              	.L34:
  73:/home/pacl/Documents/Repository/sca-2026/lib/crypto_kem/hqc128/pqclean/reed_muller.c ****             p2[i + 64] = p1[2 * i] - p1[2 * i + 1];
 839              		.loc 1 73 13 is_stmt 1 view .LVU292
  73:/home/pacl/Documents/Repository/sca-2026/lib/crypto_kem/hqc128/pqclean/reed_muller.c ****             p2[i + 64] = p1[2 * i] - p1[2 * i + 1];
 840              		.loc 1 73 31 is_stmt 0 view .LVU293
 841 0020 36F82370 		ldrh	r7, [r6, r3, lsl #2]
 842 0024 35F82320 		ldrh	r2, [r5, r3, lsl #2]
 843 0028 3A44     		add	r2, r2, r7
  73:/home/pacl/Documents/Repository/sca-2026/lib/crypto_kem/hqc128/pqclean/reed_muller.c ****             p2[i + 64] = p1[2 * i] - p1[2 * i + 1];
 844              		.loc 1 73 19 view .LVU294
 845 002a 20F8022F 		strh	r2, [r0, #2]!	@ movhi
  74:/home/pacl/Documents/Repository/sca-2026/lib/crypto_kem/hqc128/pqclean/reed_muller.c ****         }
 846              		.loc 1 74 13 is_stmt 1 view .LVU295
  74:/home/pacl/Documents/Repository/sca-2026/lib/crypto_kem/hqc128/pqclean/reed_muller.c ****         }
 847              		.loc 1 74 36 is_stmt 0 view .LVU296
 848 002e 35F82320 		ldrh	r2, [r5, r3, lsl #2]
 849 0032 36F82370 		ldrh	r7, [r6, r3, lsl #2]
  72:/home/pacl/Documents/Repository/sca-2026/lib/crypto_kem/hqc128/pqclean/reed_muller.c ****             p2[i] = p1[2 * i] + p1[2 * i + 1];
 850              		.loc 1 72 36 discriminator 3 view .LVU297
 851 0036 0133     		adds	r3, r3, #1
 852              	.LVL74:
  74:/home/pacl/Documents/Repository/sca-2026/lib/crypto_kem/hqc128/pqclean/reed_muller.c ****         }
 853              		.loc 1 74 36 view .LVU298
 854 0038 D21B     		subs	r2, r2, r7
  72:/home/pacl/Documents/Repository/sca-2026/lib/crypto_kem/hqc128/pqclean/reed_muller.c ****             p2[i] = p1[2 * i] + p1[2 * i + 1];
 855              		.loc 1 72 30 discriminator 1 view .LVU299
 856 003a 402B     		cmp	r3, #64
  74:/home/pacl/Documents/Repository/sca-2026/lib/crypto_kem/hqc128/pqclean/reed_muller.c ****         }
 857              		.loc 1 74 24 view .LVU300
 858 003c A0F88020 		strh	r2, [r0, #128]	@ movhi
  72:/home/pacl/Documents/Repository/sca-2026/lib/crypto_kem/hqc128/pqclean/reed_muller.c ****             p2[i] = p1[2 * i] + p1[2 * i + 1];
 859              		.loc 1 72 36 is_stmt 1 discriminator 3 view .LVU301
 860              	.LVL75:
  72:/home/pacl/Documents/Repository/sca-2026/lib/crypto_kem/hqc128/pqclean/reed_muller.c ****             p2[i] = p1[2 * i] + p1[2 * i + 1];
 861              		.loc 1 72 30 discriminator 1 view .LVU302
 862 0040 EED1     		bne	.L34
 863              	.LBE60:
  77:/home/pacl/Documents/Repository/sca-2026/lib/crypto_kem/hqc128/pqclean/reed_muller.c ****         p1 = p2;
 864              		.loc 1 77 9 view .LVU303
 865              	.LVL76:
  78:/home/pacl/Documents/Repository/sca-2026/lib/crypto_kem/hqc128/pqclean/reed_muller.c ****         p2 = p3;
 866              		.loc 1 78 9 view .LVU304
  79:/home/pacl/Documents/Repository/sca-2026/lib/crypto_kem/hqc128/pqclean/reed_muller.c ****     }
 867              		.loc 1 79 9 view .LVU305
  71:/home/pacl/Documents/Repository/sca-2026/lib/crypto_kem/hqc128/pqclean/reed_muller.c ****         for (size_t i = 0; i < 64; ++i) {
 868              		.loc 1 71 37 discriminator 2 view .LVU306
  71:/home/pacl/Documents/Repository/sca-2026/lib/crypto_kem/hqc128/pqclean/reed_muller.c ****         for (size_t i = 0; i < 64; ++i) {
 869              		.loc 1 71 32 discriminator 1 view .LVU307
 870 0042 0139     		subs	r1, r1, #1
 871 0044 6346     		mov	r3, ip
 872              	.LVL77:
  71:/home/pacl/Documents/Repository/sca-2026/lib/crypto_kem/hqc128/pqclean/reed_muller.c ****         for (size_t i = 0; i < 64; ++i) {
 873              		.loc 1 71 32 is_stmt 0 discriminator 1 view .LVU308
 874 0046 AC46     		mov	ip, r5
 875              	.LVL78:
  71:/home/pacl/Documents/Repository/sca-2026/lib/crypto_kem/hqc128/pqclean/reed_muller.c ****         for (size_t i = 0; i < 64; ++i) {
 876              		.loc 1 71 32 discriminator 1 view .LVU309
 877 0048 01D0     		beq	.L35
  71:/home/pacl/Documents/Repository/sca-2026/lib/crypto_kem/hqc128/pqclean/reed_muller.c ****         for (size_t i = 0; i < 64; ++i) {
 878              		.loc 1 71 32 discriminator 1 view .LVU310
 879 004a 1D46     		mov	r5, r3
 880              	.LVL79:
  71:/home/pacl/Documents/Repository/sca-2026/lib/crypto_kem/hqc128/pqclean/reed_muller.c ****         for (size_t i = 0; i < 64; ++i) {
 881              		.loc 1 71 32 discriminator 1 view .LVU311
 882 004c E4E7     		b	.L33
 883              	.LVL80:
 884              	.L35:
  71:/home/pacl/Documents/Repository/sca-2026/lib/crypto_kem/hqc128/pqclean/reed_muller.c ****         for (size_t i = 0; i < 64; ++i) {
 885              		.loc 1 71 32 discriminator 1 view .LVU312
 886              	.LBE61:
 887              	.LBE62:
 888              	.LBE63:
 192:/home/pacl/Documents/Repository/sca-2026/lib/crypto_kem/hqc128/pqclean/reed_muller.c ****         // fix the first entry to get the half Hadamard transform
 193:/home/pacl/Documents/Repository/sca-2026/lib/crypto_kem/hqc128/pqclean/reed_muller.c ****         transform[0] -= 64 * MULTIPLICITY;
 889              		.loc 1 193 9 is_stmt 1 view .LVU313
 890              		.loc 1 193 22 is_stmt 0 view .LVU314
 891 004e BDF80031 		ldrh	r3, [sp, #256]
 892 0052 C03B     		subs	r3, r3, #192
 893 0054 0DF1FE06 		add	r6, sp, #254
 894 0058 ADF80031 		strh	r3, [sp, #256]	@ movhi
 194:/home/pacl/Documents/Repository/sca-2026/lib/crypto_kem/hqc128/pqclean/reed_muller.c ****         // finish the decoding
 195:/home/pacl/Documents/Repository/sca-2026/lib/crypto_kem/hqc128/pqclean/reed_muller.c ****         msg[i] = find_peaks(transform);
 895              		.loc 1 195 9 is_stmt 1 view .LVU315
 896              	.LVL81:
 897              	.LBB64:
 898              	.LBI64:
 122:/home/pacl/Documents/Repository/sca-2026/lib/crypto_kem/hqc128/pqclean/reed_muller.c ****     uint16_t peak_abs = 0;
 899              		.loc 1 122 16 view .LVU316
 900              	.LBB65:
 123:/home/pacl/Documents/Repository/sca-2026/lib/crypto_kem/hqc128/pqclean/reed_muller.c ****     uint16_t peak = 0;
 901              		.loc 1 123 5 view .LVU317
 124:/home/pacl/Documents/Repository/sca-2026/lib/crypto_kem/hqc128/pqclean/reed_muller.c ****     uint16_t pos = 0;
 902              		.loc 1 124 5 view .LVU318
 125:/home/pacl/Documents/Repository/sca-2026/lib/crypto_kem/hqc128/pqclean/reed_muller.c ****     uint16_t t, abs, mask;
 903              		.loc 1 125 5 view .LVU319
 126:/home/pacl/Documents/Repository/sca-2026/lib/crypto_kem/hqc128/pqclean/reed_muller.c ****     for (uint16_t i = 0; i < 128; ++i) {
 904              		.loc 1 126 5 view .LVU320
 127:/home/pacl/Documents/Repository/sca-2026/lib/crypto_kem/hqc128/pqclean/reed_muller.c ****         t = transform[i];
 905              		.loc 1 127 5 view .LVU321
 906              	.LBB66:
 127:/home/pacl/Documents/Repository/sca-2026/lib/crypto_kem/hqc128/pqclean/reed_muller.c ****         t = transform[i];
 907              		.loc 1 127 10 view .LVU322
 127:/home/pacl/Documents/Repository/sca-2026/lib/crypto_kem/hqc128/pqclean/reed_muller.c ****         t = transform[i];
 908              		.loc 1 127 28 discriminator 1 view .LVU323
 909              	.LBE66:
 125:/home/pacl/Documents/Repository/sca-2026/lib/crypto_kem/hqc128/pqclean/reed_muller.c ****     uint16_t t, abs, mask;
 910              		.loc 1 125 14 is_stmt 0 view .LVU324
 911 005c 0D46     		mov	r5, r1
 912              	.LVL82:
 124:/home/pacl/Documents/Repository/sca-2026/lib/crypto_kem/hqc128/pqclean/reed_muller.c ****     uint16_t pos = 0;
 913              		.loc 1 124 14 view .LVU325
 914 005e 8E46     		mov	lr, r1
 123:/home/pacl/Documents/Repository/sca-2026/lib/crypto_kem/hqc128/pqclean/reed_muller.c ****     uint16_t peak = 0;
 915              		.loc 1 123 14 view .LVU326
 916 0060 0846     		mov	r0, r1
 917              	.LVL83:
 918              	.L36:
 919              	.LBB67:
 128:/home/pacl/Documents/Repository/sca-2026/lib/crypto_kem/hqc128/pqclean/reed_muller.c ****         abs = t ^ ((uint16_t)(-(t >> 15)) & (t ^ -t)); // t = abs(t)
 920              		.loc 1 128 9 is_stmt 1 view .LVU327
 128:/home/pacl/Documents/Repository/sca-2026/lib/crypto_kem/hqc128/pqclean/reed_muller.c ****         abs = t ^ ((uint16_t)(-(t >> 15)) & (t ^ -t)); // t = abs(t)
 921              		.loc 1 128 11 is_stmt 0 view .LVU328
 922 0062 36F8022F 		ldrh	r2, [r6, #2]!
 923              	.LVL84:
 129:/home/pacl/Documents/Repository/sca-2026/lib/crypto_kem/hqc128/pqclean/reed_muller.c ****         mask = -(((uint16_t)(peak_abs - abs)) >> 15);
 924              		.loc 1 129 9 is_stmt 1 view .LVU329
 129:/home/pacl/Documents/Repository/sca-2026/lib/crypto_kem/hqc128/pqclean/reed_muller.c ****         mask = -(((uint16_t)(peak_abs - abs)) >> 15);
 925              		.loc 1 129 48 is_stmt 0 view .LVU330
 926 0066 5342     		rsbs	r3, r2, #0
 129:/home/pacl/Documents/Repository/sca-2026/lib/crypto_kem/hqc128/pqclean/reed_muller.c ****         mask = -(((uint16_t)(peak_abs - abs)) >> 15);
 927              		.loc 1 129 43 view .LVU331
 928 0068 42F3C037 		sbfx	r7, r2, #15, #1
 129:/home/pacl/Documents/Repository/sca-2026/lib/crypto_kem/hqc128/pqclean/reed_muller.c ****         mask = -(((uint16_t)(peak_abs - abs)) >> 15);
 929              		.loc 1 129 13 view .LVU332
 930 006c 5340     		eors	r3, r3, r2
 931 006e 3B40     		ands	r3, r3, r7
 932 0070 5340     		eors	r3, r3, r2
 933 0072 9BB2     		uxth	r3, r3
 934              	.LVL85:
 130:/home/pacl/Documents/Repository/sca-2026/lib/crypto_kem/hqc128/pqclean/reed_muller.c ****         peak ^= mask & (peak ^ t);
 935              		.loc 1 130 9 is_stmt 1 view .LVU333
 130:/home/pacl/Documents/Repository/sca-2026/lib/crypto_kem/hqc128/pqclean/reed_muller.c ****         peak ^= mask & (peak ^ t);
 936              		.loc 1 130 19 is_stmt 0 view .LVU334
 937 0074 C71A     		subs	r7, r0, r3
 130:/home/pacl/Documents/Repository/sca-2026/lib/crypto_kem/hqc128/pqclean/reed_muller.c ****         peak ^= mask & (peak ^ t);
 938              		.loc 1 130 14 view .LVU335
 939 0076 47F3C037 		sbfx	r7, r7, #15, #1
 132:/home/pacl/Documents/Repository/sca-2026/lib/crypto_kem/hqc128/pqclean/reed_muller.c ****         peak_abs ^= mask & (peak_abs ^ abs);
 940              		.loc 1 132 13 view .LVU336
 941 007a 85EA010C 		eor	ip, r5, r1
 130:/home/pacl/Documents/Repository/sca-2026/lib/crypto_kem/hqc128/pqclean/reed_muller.c ****         peak ^= mask & (peak ^ t);
 942              		.loc 1 130 14 view .LVU337
 943 007e 1FFA87F8 		uxth	r8, r7
 944              	.LVL86:
 131:/home/pacl/Documents/Repository/sca-2026/lib/crypto_kem/hqc128/pqclean/reed_muller.c ****         pos ^= mask & (pos ^ i);
 945              		.loc 1 131 9 is_stmt 1 view .LVU338
 131:/home/pacl/Documents/Repository/sca-2026/lib/crypto_kem/hqc128/pqclean/reed_muller.c ****         pos ^= mask & (pos ^ i);
 946              		.loc 1 131 14 is_stmt 0 view .LVU339
 947 0082 82EA0E02 		eor	r2, r2, lr
 948              	.LVL87:
 133:/home/pacl/Documents/Repository/sca-2026/lib/crypto_kem/hqc128/pqclean/reed_muller.c ****     }
 949              		.loc 1 133 18 view .LVU340
 950 0086 4340     		eors	r3, r3, r0
 951              	.LVL88:
 127:/home/pacl/Documents/Repository/sca-2026/lib/crypto_kem/hqc128/pqclean/reed_muller.c ****         t = transform[i];
 952              		.loc 1 127 28 discriminator 1 view .LVU341
 953 0088 0131     		adds	r1, r1, #1
 954              	.LVL89:
 132:/home/pacl/Documents/Repository/sca-2026/lib/crypto_kem/hqc128/pqclean/reed_muller.c ****         peak_abs ^= mask & (peak_abs ^ abs);
 955              		.loc 1 132 13 view .LVU342
 956 008a 08EA0C0C 		and	ip, r8, ip
 131:/home/pacl/Documents/Repository/sca-2026/lib/crypto_kem/hqc128/pqclean/reed_muller.c ****         pos ^= mask & (pos ^ i);
 957              		.loc 1 131 14 view .LVU343
 958 008e 1740     		ands	r7, r7, r2
 133:/home/pacl/Documents/Repository/sca-2026/lib/crypto_kem/hqc128/pqclean/reed_muller.c ****     }
 959              		.loc 1 133 18 view .LVU344
 960 0090 08EA0308 		and	r8, r8, r3
 961              	.LVL90:
 127:/home/pacl/Documents/Repository/sca-2026/lib/crypto_kem/hqc128/pqclean/reed_muller.c ****         t = transform[i];
 962              		.loc 1 127 28 discriminator 1 view .LVU345
 963 0094 8029     		cmp	r1, #128
 131:/home/pacl/Documents/Repository/sca-2026/lib/crypto_kem/hqc128/pqclean/reed_muller.c ****         pos ^= mask & (pos ^ i);
 964              		.loc 1 131 14 view .LVU346
 965 0096 87EA0E0E 		eor	lr, r7, lr
 966              	.LVL91:
 132:/home/pacl/Documents/Repository/sca-2026/lib/crypto_kem/hqc128/pqclean/reed_muller.c ****         peak_abs ^= mask & (peak_abs ^ abs);
 967              		.loc 1 132 9 is_stmt 1 view .LVU347
 132:/home/pacl/Documents/Repository/sca-2026/lib/crypto_kem/hqc128/pqclean/reed_muller.c ****         peak_abs ^= mask & (peak_abs ^ abs);
 968              		.loc 1 132 13 is_stmt 0 view .LVU348
 969 009a 8CEA0505 		eor	r5, ip, r5
 970              	.LVL92:
 133:/home/pacl/Documents/Repository/sca-2026/lib/crypto_kem/hqc128/pqclean/reed_muller.c ****     }
 971              		.loc 1 133 9 is_stmt 1 view .LVU349
 133:/home/pacl/Documents/Repository/sca-2026/lib/crypto_kem/hqc128/pqclean/reed_muller.c ****     }
 972              		.loc 1 133 18 is_stmt 0 view .LVU350
 973 009e 88EA0000 		eor	r0, r8, r0
 974              	.LVL93:
 127:/home/pacl/Documents/Repository/sca-2026/lib/crypto_kem/hqc128/pqclean/reed_muller.c ****         t = transform[i];
 975              		.loc 1 127 35 is_stmt 1 discriminator 3 view .LVU351
 127:/home/pacl/Documents/Repository/sca-2026/lib/crypto_kem/hqc128/pqclean/reed_muller.c ****         t = transform[i];
 976              		.loc 1 127 28 discriminator 1 view .LVU352
 977 00a2 DED1     		bne	.L36
 978              	.LBE67:
 136:/home/pacl/Documents/Repository/sca-2026/lib/crypto_kem/hqc128/pqclean/reed_muller.c ****     return (uint8_t) pos;
 979              		.loc 1 136 5 view .LVU353
 980              	.LVL94:
 137:/home/pacl/Documents/Repository/sca-2026/lib/crypto_kem/hqc128/pqclean/reed_muller.c **** }
 981              		.loc 1 137 5 view .LVU354
 136:/home/pacl/Documents/Repository/sca-2026/lib/crypto_kem/hqc128/pqclean/reed_muller.c ****     return (uint8_t) pos;
 982              		.loc 1 136 18 is_stmt 0 view .LVU355
 983 00a4 4FEADE33 		lsr	r3, lr, #15
 984 00a8 013B     		subs	r3, r3, #1
 136:/home/pacl/Documents/Repository/sca-2026/lib/crypto_kem/hqc128/pqclean/reed_muller.c ****     return (uint8_t) pos;
 985              		.loc 1 136 9 view .LVU356
 986 00aa 03F08003 		and	r3, r3, #128
 987 00ae 1D43     		orrs	r5, r5, r3
 137:/home/pacl/Documents/Repository/sca-2026/lib/crypto_kem/hqc128/pqclean/reed_muller.c **** }
 988              		.loc 1 137 12 view .LVU357
 989 00b0 2570     		strb	r5, [r4]
 990              	.LBE65:
 991              	.LBE64:
 187:/home/pacl/Documents/Repository/sca-2026/lib/crypto_kem/hqc128/pqclean/reed_muller.c ****         // collect the codewords
 992              		.loc 1 187 31 is_stmt 1 discriminator 3 view .LVU358
 993              	.LVL95:
 187:/home/pacl/Documents/Repository/sca-2026/lib/crypto_kem/hqc128/pqclean/reed_muller.c ****         // collect the codewords
 994              		.loc 1 187 26 discriminator 1 view .LVU359
 995              	.LBE68:
 196:/home/pacl/Documents/Repository/sca-2026/lib/crypto_kem/hqc128/pqclean/reed_muller.c ****     }
 197:/home/pacl/Documents/Repository/sca-2026/lib/crypto_kem/hqc128/pqclean/reed_muller.c **** }
 996              		.loc 1 197 1 is_stmt 0 view .LVU360
 997 00b2 0DF5007D 		add	sp, sp, #512
 998              	.LCFI9:
 999              		.cfi_def_cfa_offset 24
 1000              		@ sp needed
 1001 00b6 BDE8F081 		pop	{r4, r5, r6, r7, r8, pc}
 1002              		.loc 1 197 1 view .LVU361
 1003              		.cfi_endproc
 1004              	.LFE6:
 1006 00ba 00BF     		.text
 1007              	.Letext0:
 1008              		.file 2 "/usr/lib/gcc/arm-none-eabi/13.2.1/include/stdint.h"
 1009              		.file 3 "/usr/lib/gcc/arm-none-eabi/13.2.1/include/stddef.h"
 1010              		.file 4 "/usr/include/newlib/string.h"
DEFINED SYMBOLS
                            *ABS*:00000000 reed_muller.c
     /tmp/ccCxAWZ3.s:19     .text.expand_and_sum:00000000 $t
     /tmp/ccCxAWZ3.s:25     .text.expand_and_sum:00000000 expand_and_sum
     /tmp/ccCxAWZ3.s:231    .text.encode:00000000 $t
     /tmp/ccCxAWZ3.s:238    .text.encode:00000000 encode
     /tmp/ccCxAWZ3.s:329    .text.PQCLEAN_HQC128_CLEAN_reed_muller_encode:00000000 $t
     /tmp/ccCxAWZ3.s:336    .text.PQCLEAN_HQC128_CLEAN_reed_muller_encode:00000000 PQCLEAN_HQC128_CLEAN_reed_muller_encode
     /tmp/ccCxAWZ3.s:494    .text.PQCLEAN_HQC128_CLEAN_reed_muller_encode:000000a0 $d
     /tmp/ccCxAWZ3.s:499    .text.PQCLEAN_HQC128_CLEAN_reed_muller_decode:00000000 $t
     /tmp/ccCxAWZ3.s:506    .text.PQCLEAN_HQC128_CLEAN_reed_muller_decode:00000000 PQCLEAN_HQC128_CLEAN_reed_muller_decode
     /tmp/ccCxAWZ3.s:761    .text.reed_muller_decode_one_block:00000000 $t
     /tmp/ccCxAWZ3.s:768    .text.reed_muller_decode_one_block:00000000 reed_muller_decode_one_block

NO UNDEFINED SYMBOLS
