   1              		.cpu cortex-m4
   2              		.arch armv7e-m
   3              		.fpu softvfp
   4              		.eabi_attribute 20, 1
   5              		.eabi_attribute 21, 1
   6              		.eabi_attribute 23, 3
   7              		.eabi_attribute 24, 1
   8              		.eabi_attribute 25, 1
   9              		.eabi_attribute 26, 1
  10              		.eabi_attribute 30, 2
  11              		.eabi_attribute 34, 1
  12              		.eabi_attribute 18, 4
  13              		.file	"simpleserial.c"
  14              		.text
  15              	.Ltext0:
  16              		.cfi_sections	.debug_frame
  17              		.file 1 "/home/pacl/Documents/Repository/chipwhisperer/firmware/mcu/simpleserial/simpleserial.c"
  18              		.section	.text.check_version,"ax",%progbits
  19              		.align	1
  20              		.p2align 2,,3
  21              		.global	check_version
  22              		.syntax unified
  23              		.thumb
  24              		.thumb_func
  26              	check_version:
  27              	.LVL0:
  28              	.LFB1:
   1:/home/pacl/Documents/Repository/chipwhisperer/firmware/mcu/simpleserial/simpleserial.c **** // simpleserial.c
   2:/home/pacl/Documents/Repository/chipwhisperer/firmware/mcu/simpleserial/simpleserial.c **** 
   3:/home/pacl/Documents/Repository/chipwhisperer/firmware/mcu/simpleserial/simpleserial.c **** #include "simpleserial.h"
   4:/home/pacl/Documents/Repository/chipwhisperer/firmware/mcu/simpleserial/simpleserial.c **** #include <stdint.h>
   5:/home/pacl/Documents/Repository/chipwhisperer/firmware/mcu/simpleserial/simpleserial.c **** #include "hal.h"
   6:/home/pacl/Documents/Repository/chipwhisperer/firmware/mcu/simpleserial/simpleserial.c **** 
   7:/home/pacl/Documents/Repository/chipwhisperer/firmware/mcu/simpleserial/simpleserial.c **** 
   8:/home/pacl/Documents/Repository/chipwhisperer/firmware/mcu/simpleserial/simpleserial.c **** #define MAX_SS_CMDS 32
   9:/home/pacl/Documents/Repository/chipwhisperer/firmware/mcu/simpleserial/simpleserial.c **** static int num_commands = 0;
  10:/home/pacl/Documents/Repository/chipwhisperer/firmware/mcu/simpleserial/simpleserial.c **** 
  11:/home/pacl/Documents/Repository/chipwhisperer/firmware/mcu/simpleserial/simpleserial.c **** 
  12:/home/pacl/Documents/Repository/chipwhisperer/firmware/mcu/simpleserial/simpleserial.c **** //#define SS_VER_1_0 0
  13:/home/pacl/Documents/Repository/chipwhisperer/firmware/mcu/simpleserial/simpleserial.c **** //#define SS_VER_1_1 1
  14:/home/pacl/Documents/Repository/chipwhisperer/firmware/mcu/simpleserial/simpleserial.c **** //#define SS_VER_2_0 2
  15:/home/pacl/Documents/Repository/chipwhisperer/firmware/mcu/simpleserial/simpleserial.c **** 
  16:/home/pacl/Documents/Repository/chipwhisperer/firmware/mcu/simpleserial/simpleserial.c **** 
  17:/home/pacl/Documents/Repository/chipwhisperer/firmware/mcu/simpleserial/simpleserial.c **** // 0xA6 formerly 
  18:/home/pacl/Documents/Repository/chipwhisperer/firmware/mcu/simpleserial/simpleserial.c **** #define CW_CRC 0x4D 
  19:/home/pacl/Documents/Repository/chipwhisperer/firmware/mcu/simpleserial/simpleserial.c **** uint8_t ss_crc(uint8_t *buf, uint8_t len)
  20:/home/pacl/Documents/Repository/chipwhisperer/firmware/mcu/simpleserial/simpleserial.c **** {
  21:/home/pacl/Documents/Repository/chipwhisperer/firmware/mcu/simpleserial/simpleserial.c **** 	unsigned int k = 0;
  22:/home/pacl/Documents/Repository/chipwhisperer/firmware/mcu/simpleserial/simpleserial.c **** 	uint8_t crc = 0x00;
  23:/home/pacl/Documents/Repository/chipwhisperer/firmware/mcu/simpleserial/simpleserial.c **** 	while (len--) {
  24:/home/pacl/Documents/Repository/chipwhisperer/firmware/mcu/simpleserial/simpleserial.c **** 		crc ^= *buf++;
  25:/home/pacl/Documents/Repository/chipwhisperer/firmware/mcu/simpleserial/simpleserial.c **** 		for (k = 0; k < 8; k++) {
  26:/home/pacl/Documents/Repository/chipwhisperer/firmware/mcu/simpleserial/simpleserial.c **** 			crc = crc & 0x80 ? (crc << 1) ^ CW_CRC: crc << 1;
  27:/home/pacl/Documents/Repository/chipwhisperer/firmware/mcu/simpleserial/simpleserial.c **** 		}
  28:/home/pacl/Documents/Repository/chipwhisperer/firmware/mcu/simpleserial/simpleserial.c **** 	}
  29:/home/pacl/Documents/Repository/chipwhisperer/firmware/mcu/simpleserial/simpleserial.c **** 	return crc;
  30:/home/pacl/Documents/Repository/chipwhisperer/firmware/mcu/simpleserial/simpleserial.c **** 
  31:/home/pacl/Documents/Repository/chipwhisperer/firmware/mcu/simpleserial/simpleserial.c **** }
  32:/home/pacl/Documents/Repository/chipwhisperer/firmware/mcu/simpleserial/simpleserial.c **** 
  33:/home/pacl/Documents/Repository/chipwhisperer/firmware/mcu/simpleserial/simpleserial.c **** // [B_STUFF, CMD, SCMD, LEN, B_STUFF, DATA..., CRC, TERM]
  34:/home/pacl/Documents/Repository/chipwhisperer/firmware/mcu/simpleserial/simpleserial.c **** 
  35:/home/pacl/Documents/Repository/chipwhisperer/firmware/mcu/simpleserial/simpleserial.c **** //#define SS_VER SS_VER_2_0
  36:/home/pacl/Documents/Repository/chipwhisperer/firmware/mcu/simpleserial/simpleserial.c **** #if SS_VER == SS_VER_2_0
  37:/home/pacl/Documents/Repository/chipwhisperer/firmware/mcu/simpleserial/simpleserial.c **** #error "SS_VER_2_0 is deprecated! Use SS_VER_2_1 instead."
  38:/home/pacl/Documents/Repository/chipwhisperer/firmware/mcu/simpleserial/simpleserial.c **** #elif SS_VER == SS_VER_2_1
  39:/home/pacl/Documents/Repository/chipwhisperer/firmware/mcu/simpleserial/simpleserial.c **** 
  40:/home/pacl/Documents/Repository/chipwhisperer/firmware/mcu/simpleserial/simpleserial.c **** #define MAX_SS_LEN 249
  41:/home/pacl/Documents/Repository/chipwhisperer/firmware/mcu/simpleserial/simpleserial.c **** 
  42:/home/pacl/Documents/Repository/chipwhisperer/firmware/mcu/simpleserial/simpleserial.c **** int hex_decode(int len, char* ascii_buf, uint8_t* data_buf)
  43:/home/pacl/Documents/Repository/chipwhisperer/firmware/mcu/simpleserial/simpleserial.c **** {
  44:/home/pacl/Documents/Repository/chipwhisperer/firmware/mcu/simpleserial/simpleserial.c **** 	for(int i = 0; i < len; i++)
  45:/home/pacl/Documents/Repository/chipwhisperer/firmware/mcu/simpleserial/simpleserial.c **** 	{
  46:/home/pacl/Documents/Repository/chipwhisperer/firmware/mcu/simpleserial/simpleserial.c **** 		char n_hi = ascii_buf[2*i];
  47:/home/pacl/Documents/Repository/chipwhisperer/firmware/mcu/simpleserial/simpleserial.c **** 		char n_lo = ascii_buf[2*i+1];
  48:/home/pacl/Documents/Repository/chipwhisperer/firmware/mcu/simpleserial/simpleserial.c **** 
  49:/home/pacl/Documents/Repository/chipwhisperer/firmware/mcu/simpleserial/simpleserial.c **** 		if(n_lo >= '0' && n_lo <= '9')
  50:/home/pacl/Documents/Repository/chipwhisperer/firmware/mcu/simpleserial/simpleserial.c **** 			data_buf[i] = n_lo - '0';
  51:/home/pacl/Documents/Repository/chipwhisperer/firmware/mcu/simpleserial/simpleserial.c **** 		else if(n_lo >= 'A' && n_lo <= 'F')
  52:/home/pacl/Documents/Repository/chipwhisperer/firmware/mcu/simpleserial/simpleserial.c **** 			data_buf[i] = n_lo - 'A' + 10;
  53:/home/pacl/Documents/Repository/chipwhisperer/firmware/mcu/simpleserial/simpleserial.c **** 		else if(n_lo >= 'a' && n_lo <= 'f')
  54:/home/pacl/Documents/Repository/chipwhisperer/firmware/mcu/simpleserial/simpleserial.c **** 			data_buf[i] = n_lo - 'a' + 10;
  55:/home/pacl/Documents/Repository/chipwhisperer/firmware/mcu/simpleserial/simpleserial.c **** 		else
  56:/home/pacl/Documents/Repository/chipwhisperer/firmware/mcu/simpleserial/simpleserial.c **** 			return 1;
  57:/home/pacl/Documents/Repository/chipwhisperer/firmware/mcu/simpleserial/simpleserial.c **** 
  58:/home/pacl/Documents/Repository/chipwhisperer/firmware/mcu/simpleserial/simpleserial.c **** 		if(n_hi >= '0' && n_hi <= '9')
  59:/home/pacl/Documents/Repository/chipwhisperer/firmware/mcu/simpleserial/simpleserial.c **** 			data_buf[i] |= (n_hi - '0') << 4;
  60:/home/pacl/Documents/Repository/chipwhisperer/firmware/mcu/simpleserial/simpleserial.c **** 		else if(n_hi >= 'A' && n_hi <= 'F')
  61:/home/pacl/Documents/Repository/chipwhisperer/firmware/mcu/simpleserial/simpleserial.c **** 			data_buf[i] |= (n_hi - 'A' + 10) << 4;
  62:/home/pacl/Documents/Repository/chipwhisperer/firmware/mcu/simpleserial/simpleserial.c **** 		else if(n_hi >= 'a' && n_hi <= 'f')
  63:/home/pacl/Documents/Repository/chipwhisperer/firmware/mcu/simpleserial/simpleserial.c **** 			data_buf[i] |= (n_hi - 'a' + 10) << 4;
  64:/home/pacl/Documents/Repository/chipwhisperer/firmware/mcu/simpleserial/simpleserial.c **** 		else
  65:/home/pacl/Documents/Repository/chipwhisperer/firmware/mcu/simpleserial/simpleserial.c **** 			return 1;
  66:/home/pacl/Documents/Repository/chipwhisperer/firmware/mcu/simpleserial/simpleserial.c **** 	}
  67:/home/pacl/Documents/Repository/chipwhisperer/firmware/mcu/simpleserial/simpleserial.c **** 
  68:/home/pacl/Documents/Repository/chipwhisperer/firmware/mcu/simpleserial/simpleserial.c **** 	return 0;
  69:/home/pacl/Documents/Repository/chipwhisperer/firmware/mcu/simpleserial/simpleserial.c **** }
  70:/home/pacl/Documents/Repository/chipwhisperer/firmware/mcu/simpleserial/simpleserial.c **** 
  71:/home/pacl/Documents/Repository/chipwhisperer/firmware/mcu/simpleserial/simpleserial.c **** typedef struct ss_cmd
  72:/home/pacl/Documents/Repository/chipwhisperer/firmware/mcu/simpleserial/simpleserial.c **** {
  73:/home/pacl/Documents/Repository/chipwhisperer/firmware/mcu/simpleserial/simpleserial.c **** 	char c;
  74:/home/pacl/Documents/Repository/chipwhisperer/firmware/mcu/simpleserial/simpleserial.c **** 	unsigned int len;
  75:/home/pacl/Documents/Repository/chipwhisperer/firmware/mcu/simpleserial/simpleserial.c **** 	uint8_t (*fp)(uint8_t, uint8_t, uint8_t, uint8_t *);
  76:/home/pacl/Documents/Repository/chipwhisperer/firmware/mcu/simpleserial/simpleserial.c **** } ss_cmd;
  77:/home/pacl/Documents/Repository/chipwhisperer/firmware/mcu/simpleserial/simpleserial.c **** static ss_cmd commands[MAX_SS_CMDS];
  78:/home/pacl/Documents/Repository/chipwhisperer/firmware/mcu/simpleserial/simpleserial.c **** 
  79:/home/pacl/Documents/Repository/chipwhisperer/firmware/mcu/simpleserial/simpleserial.c **** void ss_puts(char *x)
  80:/home/pacl/Documents/Repository/chipwhisperer/firmware/mcu/simpleserial/simpleserial.c **** {
  81:/home/pacl/Documents/Repository/chipwhisperer/firmware/mcu/simpleserial/simpleserial.c **** 	do {
  82:/home/pacl/Documents/Repository/chipwhisperer/firmware/mcu/simpleserial/simpleserial.c **** 		putch(*x);
  83:/home/pacl/Documents/Repository/chipwhisperer/firmware/mcu/simpleserial/simpleserial.c **** 	} while (*++x);
  84:/home/pacl/Documents/Repository/chipwhisperer/firmware/mcu/simpleserial/simpleserial.c **** }
  85:/home/pacl/Documents/Repository/chipwhisperer/firmware/mcu/simpleserial/simpleserial.c **** 
  86:/home/pacl/Documents/Repository/chipwhisperer/firmware/mcu/simpleserial/simpleserial.c **** #define FRAME_BYTE 0x00
  87:/home/pacl/Documents/Repository/chipwhisperer/firmware/mcu/simpleserial/simpleserial.c **** 
  88:/home/pacl/Documents/Repository/chipwhisperer/firmware/mcu/simpleserial/simpleserial.c **** uint8_t check_version(uint8_t cmd, uint8_t scmd, uint8_t len, uint8_t *data)
  89:/home/pacl/Documents/Repository/chipwhisperer/firmware/mcu/simpleserial/simpleserial.c **** {
  90:/home/pacl/Documents/Repository/chipwhisperer/firmware/mcu/simpleserial/simpleserial.c **** 	uint8_t ver = SS_VER;
  91:/home/pacl/Documents/Repository/chipwhisperer/firmware/mcu/simpleserial/simpleserial.c **** 	simpleserial_put('r', 1, &ver);
  92:/home/pacl/Documents/Repository/chipwhisperer/firmware/mcu/simpleserial/simpleserial.c **** 	return SS_ERR_OK;
  93:/home/pacl/Documents/Repository/chipwhisperer/firmware/mcu/simpleserial/simpleserial.c **** }
  94:/home/pacl/Documents/Repository/chipwhisperer/firmware/mcu/simpleserial/simpleserial.c **** 
  95:/home/pacl/Documents/Repository/chipwhisperer/firmware/mcu/simpleserial/simpleserial.c **** uint8_t ss_get_commands(uint8_t cmd, uint8_t scmd, uint8_t len, uint8_t *data)
  96:/home/pacl/Documents/Repository/chipwhisperer/firmware/mcu/simpleserial/simpleserial.c **** {
  97:/home/pacl/Documents/Repository/chipwhisperer/firmware/mcu/simpleserial/simpleserial.c ****     uint8_t cmd_chars[MAX_SS_CMDS];
  98:/home/pacl/Documents/Repository/chipwhisperer/firmware/mcu/simpleserial/simpleserial.c ****     for (uint8_t i = 0; i < (num_commands & 0xFF); i++) {
  99:/home/pacl/Documents/Repository/chipwhisperer/firmware/mcu/simpleserial/simpleserial.c ****         cmd_chars[i] = commands[i].c;
 100:/home/pacl/Documents/Repository/chipwhisperer/firmware/mcu/simpleserial/simpleserial.c ****     }
 101:/home/pacl/Documents/Repository/chipwhisperer/firmware/mcu/simpleserial/simpleserial.c **** 
 102:/home/pacl/Documents/Repository/chipwhisperer/firmware/mcu/simpleserial/simpleserial.c ****     simpleserial_put('r', num_commands & 0xFF, (void *)cmd_chars);
 103:/home/pacl/Documents/Repository/chipwhisperer/firmware/mcu/simpleserial/simpleserial.c ****     return 0x00;
 104:/home/pacl/Documents/Repository/chipwhisperer/firmware/mcu/simpleserial/simpleserial.c **** 
 105:/home/pacl/Documents/Repository/chipwhisperer/firmware/mcu/simpleserial/simpleserial.c **** }
 106:/home/pacl/Documents/Repository/chipwhisperer/firmware/mcu/simpleserial/simpleserial.c **** 
 107:/home/pacl/Documents/Repository/chipwhisperer/firmware/mcu/simpleserial/simpleserial.c **** uint8_t stuff_data(uint8_t *buf, uint8_t len)
 108:/home/pacl/Documents/Repository/chipwhisperer/firmware/mcu/simpleserial/simpleserial.c **** {
 109:/home/pacl/Documents/Repository/chipwhisperer/firmware/mcu/simpleserial/simpleserial.c **** 	uint8_t i = 1;
 110:/home/pacl/Documents/Repository/chipwhisperer/firmware/mcu/simpleserial/simpleserial.c **** 	uint8_t last = 0;
 111:/home/pacl/Documents/Repository/chipwhisperer/firmware/mcu/simpleserial/simpleserial.c **** 	for (; i < len; i++) {
 112:/home/pacl/Documents/Repository/chipwhisperer/firmware/mcu/simpleserial/simpleserial.c **** 		if (buf[i] == FRAME_BYTE) {
 113:/home/pacl/Documents/Repository/chipwhisperer/firmware/mcu/simpleserial/simpleserial.c **** 			buf[last] = i - last;
 114:/home/pacl/Documents/Repository/chipwhisperer/firmware/mcu/simpleserial/simpleserial.c **** 			last = i;
 115:/home/pacl/Documents/Repository/chipwhisperer/firmware/mcu/simpleserial/simpleserial.c **** 		}
 116:/home/pacl/Documents/Repository/chipwhisperer/firmware/mcu/simpleserial/simpleserial.c **** 	}
 117:/home/pacl/Documents/Repository/chipwhisperer/firmware/mcu/simpleserial/simpleserial.c **** 	return 0x00;
 118:/home/pacl/Documents/Repository/chipwhisperer/firmware/mcu/simpleserial/simpleserial.c **** }
 119:/home/pacl/Documents/Repository/chipwhisperer/firmware/mcu/simpleserial/simpleserial.c **** 
 120:/home/pacl/Documents/Repository/chipwhisperer/firmware/mcu/simpleserial/simpleserial.c **** uint8_t unstuff_data(uint8_t *buf, uint8_t len)
 121:/home/pacl/Documents/Repository/chipwhisperer/firmware/mcu/simpleserial/simpleserial.c **** {
 122:/home/pacl/Documents/Repository/chipwhisperer/firmware/mcu/simpleserial/simpleserial.c **** 	uint8_t next = buf[0];
 123:/home/pacl/Documents/Repository/chipwhisperer/firmware/mcu/simpleserial/simpleserial.c **** 	buf[0] = 0x00;
 124:/home/pacl/Documents/Repository/chipwhisperer/firmware/mcu/simpleserial/simpleserial.c **** 	//len -= 1;
 125:/home/pacl/Documents/Repository/chipwhisperer/firmware/mcu/simpleserial/simpleserial.c **** 	uint8_t tmp = next;
 126:/home/pacl/Documents/Repository/chipwhisperer/firmware/mcu/simpleserial/simpleserial.c **** 	while ((next < len) && tmp != 0) {
 127:/home/pacl/Documents/Repository/chipwhisperer/firmware/mcu/simpleserial/simpleserial.c **** 		tmp = buf[next];
 128:/home/pacl/Documents/Repository/chipwhisperer/firmware/mcu/simpleserial/simpleserial.c **** 		buf[next] = FRAME_BYTE;
 129:/home/pacl/Documents/Repository/chipwhisperer/firmware/mcu/simpleserial/simpleserial.c **** 		next += tmp;
 130:/home/pacl/Documents/Repository/chipwhisperer/firmware/mcu/simpleserial/simpleserial.c **** 	}
 131:/home/pacl/Documents/Repository/chipwhisperer/firmware/mcu/simpleserial/simpleserial.c **** 	return next;
 132:/home/pacl/Documents/Repository/chipwhisperer/firmware/mcu/simpleserial/simpleserial.c **** }
 133:/home/pacl/Documents/Repository/chipwhisperer/firmware/mcu/simpleserial/simpleserial.c **** 
 134:/home/pacl/Documents/Repository/chipwhisperer/firmware/mcu/simpleserial/simpleserial.c **** // Set up the SimpleSerial module by preparing internal commands
 135:/home/pacl/Documents/Repository/chipwhisperer/firmware/mcu/simpleserial/simpleserial.c **** // This just adds the "v" command for now...
 136:/home/pacl/Documents/Repository/chipwhisperer/firmware/mcu/simpleserial/simpleserial.c **** void simpleserial_init()
 137:/home/pacl/Documents/Repository/chipwhisperer/firmware/mcu/simpleserial/simpleserial.c **** {
 138:/home/pacl/Documents/Repository/chipwhisperer/firmware/mcu/simpleserial/simpleserial.c **** 	simpleserial_addcmd('v', 0, check_version);
 139:/home/pacl/Documents/Repository/chipwhisperer/firmware/mcu/simpleserial/simpleserial.c ****     simpleserial_addcmd('w', 0, ss_get_commands);
 140:/home/pacl/Documents/Repository/chipwhisperer/firmware/mcu/simpleserial/simpleserial.c **** }
 141:/home/pacl/Documents/Repository/chipwhisperer/firmware/mcu/simpleserial/simpleserial.c **** 
 142:/home/pacl/Documents/Repository/chipwhisperer/firmware/mcu/simpleserial/simpleserial.c **** int simpleserial_addcmd(char c, unsigned int len, uint8_t (*fp)(uint8_t, uint8_t, uint8_t, uint8_t*
 143:/home/pacl/Documents/Repository/chipwhisperer/firmware/mcu/simpleserial/simpleserial.c **** {
 144:/home/pacl/Documents/Repository/chipwhisperer/firmware/mcu/simpleserial/simpleserial.c **** 	if(num_commands >= MAX_SS_CMDS) {
 145:/home/pacl/Documents/Repository/chipwhisperer/firmware/mcu/simpleserial/simpleserial.c **** 		putch('a');
 146:/home/pacl/Documents/Repository/chipwhisperer/firmware/mcu/simpleserial/simpleserial.c **** 		return 1;
 147:/home/pacl/Documents/Repository/chipwhisperer/firmware/mcu/simpleserial/simpleserial.c **** 	}
 148:/home/pacl/Documents/Repository/chipwhisperer/firmware/mcu/simpleserial/simpleserial.c **** 
 149:/home/pacl/Documents/Repository/chipwhisperer/firmware/mcu/simpleserial/simpleserial.c **** 	if(len >= MAX_SS_LEN) {
 150:/home/pacl/Documents/Repository/chipwhisperer/firmware/mcu/simpleserial/simpleserial.c **** 		putch('b');
 151:/home/pacl/Documents/Repository/chipwhisperer/firmware/mcu/simpleserial/simpleserial.c **** 		return 1;
 152:/home/pacl/Documents/Repository/chipwhisperer/firmware/mcu/simpleserial/simpleserial.c **** 	}
 153:/home/pacl/Documents/Repository/chipwhisperer/firmware/mcu/simpleserial/simpleserial.c **** 
 154:/home/pacl/Documents/Repository/chipwhisperer/firmware/mcu/simpleserial/simpleserial.c **** 	commands[num_commands].c   = c;
 155:/home/pacl/Documents/Repository/chipwhisperer/firmware/mcu/simpleserial/simpleserial.c **** 	commands[num_commands].len = len;
 156:/home/pacl/Documents/Repository/chipwhisperer/firmware/mcu/simpleserial/simpleserial.c **** 	commands[num_commands].fp  = fp;
 157:/home/pacl/Documents/Repository/chipwhisperer/firmware/mcu/simpleserial/simpleserial.c **** 	num_commands++;
 158:/home/pacl/Documents/Repository/chipwhisperer/firmware/mcu/simpleserial/simpleserial.c **** 
 159:/home/pacl/Documents/Repository/chipwhisperer/firmware/mcu/simpleserial/simpleserial.c **** 	return 0;
 160:/home/pacl/Documents/Repository/chipwhisperer/firmware/mcu/simpleserial/simpleserial.c **** }
 161:/home/pacl/Documents/Repository/chipwhisperer/firmware/mcu/simpleserial/simpleserial.c **** 
 162:/home/pacl/Documents/Repository/chipwhisperer/firmware/mcu/simpleserial/simpleserial.c **** void simpleserial_get(void)
 163:/home/pacl/Documents/Repository/chipwhisperer/firmware/mcu/simpleserial/simpleserial.c **** {
 164:/home/pacl/Documents/Repository/chipwhisperer/firmware/mcu/simpleserial/simpleserial.c **** 	uint8_t data_buf[MAX_SS_LEN];
 165:/home/pacl/Documents/Repository/chipwhisperer/firmware/mcu/simpleserial/simpleserial.c **** 	uint8_t err = 0;
 166:/home/pacl/Documents/Repository/chipwhisperer/firmware/mcu/simpleserial/simpleserial.c **** 
 167:/home/pacl/Documents/Repository/chipwhisperer/firmware/mcu/simpleserial/simpleserial.c **** 	for (int i = 0; i < 4; i++) {
 168:/home/pacl/Documents/Repository/chipwhisperer/firmware/mcu/simpleserial/simpleserial.c **** 		data_buf[i] = getch(); //PTR, cmd, scmd, len
 169:/home/pacl/Documents/Repository/chipwhisperer/firmware/mcu/simpleserial/simpleserial.c **** 		if (data_buf[i] == FRAME_BYTE) {
 170:/home/pacl/Documents/Repository/chipwhisperer/firmware/mcu/simpleserial/simpleserial.c **** 			err = SS_ERR_FRAME_BYTE;
 171:/home/pacl/Documents/Repository/chipwhisperer/firmware/mcu/simpleserial/simpleserial.c **** 			goto ERROR;
 172:/home/pacl/Documents/Repository/chipwhisperer/firmware/mcu/simpleserial/simpleserial.c **** 		}
 173:/home/pacl/Documents/Repository/chipwhisperer/firmware/mcu/simpleserial/simpleserial.c **** 	}
 174:/home/pacl/Documents/Repository/chipwhisperer/firmware/mcu/simpleserial/simpleserial.c **** 	uint8_t next_frame = unstuff_data(data_buf, 4);
 175:/home/pacl/Documents/Repository/chipwhisperer/firmware/mcu/simpleserial/simpleserial.c **** 
 176:/home/pacl/Documents/Repository/chipwhisperer/firmware/mcu/simpleserial/simpleserial.c **** 	// check for valid command
 177:/home/pacl/Documents/Repository/chipwhisperer/firmware/mcu/simpleserial/simpleserial.c **** 	uint8_t c = 0;
 178:/home/pacl/Documents/Repository/chipwhisperer/firmware/mcu/simpleserial/simpleserial.c **** 	for(c = 0; c < num_commands; c++)
 179:/home/pacl/Documents/Repository/chipwhisperer/firmware/mcu/simpleserial/simpleserial.c **** 	{
 180:/home/pacl/Documents/Repository/chipwhisperer/firmware/mcu/simpleserial/simpleserial.c **** 		if(commands[c].c == data_buf[1])
 181:/home/pacl/Documents/Repository/chipwhisperer/firmware/mcu/simpleserial/simpleserial.c **** 			break;
 182:/home/pacl/Documents/Repository/chipwhisperer/firmware/mcu/simpleserial/simpleserial.c **** 	}
 183:/home/pacl/Documents/Repository/chipwhisperer/firmware/mcu/simpleserial/simpleserial.c **** 
 184:/home/pacl/Documents/Repository/chipwhisperer/firmware/mcu/simpleserial/simpleserial.c **** 	if (c == num_commands) {
 185:/home/pacl/Documents/Repository/chipwhisperer/firmware/mcu/simpleserial/simpleserial.c **** 		err = SS_ERR_CMD;
 186:/home/pacl/Documents/Repository/chipwhisperer/firmware/mcu/simpleserial/simpleserial.c **** 		goto ERROR;
 187:/home/pacl/Documents/Repository/chipwhisperer/firmware/mcu/simpleserial/simpleserial.c **** 	}
 188:/home/pacl/Documents/Repository/chipwhisperer/firmware/mcu/simpleserial/simpleserial.c **** 
 189:/home/pacl/Documents/Repository/chipwhisperer/firmware/mcu/simpleserial/simpleserial.c **** 	//check that next frame not beyond end of message
 190:/home/pacl/Documents/Repository/chipwhisperer/firmware/mcu/simpleserial/simpleserial.c **** 	// account for cmd, scmd, len, data, crc, end of frame
 191:/home/pacl/Documents/Repository/chipwhisperer/firmware/mcu/simpleserial/simpleserial.c **** 	if ((data_buf[3] + 5) < next_frame) {
 192:/home/pacl/Documents/Repository/chipwhisperer/firmware/mcu/simpleserial/simpleserial.c **** 		err = SS_ERR_LEN;
 193:/home/pacl/Documents/Repository/chipwhisperer/firmware/mcu/simpleserial/simpleserial.c **** 		goto ERROR;
 194:/home/pacl/Documents/Repository/chipwhisperer/firmware/mcu/simpleserial/simpleserial.c **** 	}
 195:/home/pacl/Documents/Repository/chipwhisperer/firmware/mcu/simpleserial/simpleserial.c **** 
 196:/home/pacl/Documents/Repository/chipwhisperer/firmware/mcu/simpleserial/simpleserial.c **** 	// read in data
 197:/home/pacl/Documents/Repository/chipwhisperer/firmware/mcu/simpleserial/simpleserial.c **** 	// eq to len + crc + frame end
 198:/home/pacl/Documents/Repository/chipwhisperer/firmware/mcu/simpleserial/simpleserial.c **** 	int i = 4;
 199:/home/pacl/Documents/Repository/chipwhisperer/firmware/mcu/simpleserial/simpleserial.c **** 	for (; i < data_buf[3] + 5; i++) {
 200:/home/pacl/Documents/Repository/chipwhisperer/firmware/mcu/simpleserial/simpleserial.c **** 		data_buf[i] = getch();
 201:/home/pacl/Documents/Repository/chipwhisperer/firmware/mcu/simpleserial/simpleserial.c **** 		if (data_buf[i] == FRAME_BYTE) {
 202:/home/pacl/Documents/Repository/chipwhisperer/firmware/mcu/simpleserial/simpleserial.c **** 			err = SS_ERR_FRAME_BYTE;
 203:/home/pacl/Documents/Repository/chipwhisperer/firmware/mcu/simpleserial/simpleserial.c **** 			goto ERROR;
 204:/home/pacl/Documents/Repository/chipwhisperer/firmware/mcu/simpleserial/simpleserial.c **** 		}
 205:/home/pacl/Documents/Repository/chipwhisperer/firmware/mcu/simpleserial/simpleserial.c **** 	}
 206:/home/pacl/Documents/Repository/chipwhisperer/firmware/mcu/simpleserial/simpleserial.c **** 
 207:/home/pacl/Documents/Repository/chipwhisperer/firmware/mcu/simpleserial/simpleserial.c **** 	//check that final byte is the FRAME_BYTE
 208:/home/pacl/Documents/Repository/chipwhisperer/firmware/mcu/simpleserial/simpleserial.c **** 	data_buf[i] = getch();
 209:/home/pacl/Documents/Repository/chipwhisperer/firmware/mcu/simpleserial/simpleserial.c **** 	if (data_buf[i] != FRAME_BYTE) {
 210:/home/pacl/Documents/Repository/chipwhisperer/firmware/mcu/simpleserial/simpleserial.c **** 		err = SS_ERR_LEN;
 211:/home/pacl/Documents/Repository/chipwhisperer/firmware/mcu/simpleserial/simpleserial.c **** 		goto ERROR;
 212:/home/pacl/Documents/Repository/chipwhisperer/firmware/mcu/simpleserial/simpleserial.c **** 	}
 213:/home/pacl/Documents/Repository/chipwhisperer/firmware/mcu/simpleserial/simpleserial.c **** 
 214:/home/pacl/Documents/Repository/chipwhisperer/firmware/mcu/simpleserial/simpleserial.c **** 	//fully unstuff data now
 215:/home/pacl/Documents/Repository/chipwhisperer/firmware/mcu/simpleserial/simpleserial.c **** 	unstuff_data(data_buf + next_frame, i - next_frame + 1);
 216:/home/pacl/Documents/Repository/chipwhisperer/firmware/mcu/simpleserial/simpleserial.c **** 
 217:/home/pacl/Documents/Repository/chipwhisperer/firmware/mcu/simpleserial/simpleserial.c **** 	//calc crc excluding original frame offset and frame end and crc
 218:/home/pacl/Documents/Repository/chipwhisperer/firmware/mcu/simpleserial/simpleserial.c **** 	uint8_t crc = ss_crc(data_buf+1, i-2);
 219:/home/pacl/Documents/Repository/chipwhisperer/firmware/mcu/simpleserial/simpleserial.c **** 	if (crc != data_buf[i-1]) {
 220:/home/pacl/Documents/Repository/chipwhisperer/firmware/mcu/simpleserial/simpleserial.c **** 		err = SS_ERR_CRC;
 221:/home/pacl/Documents/Repository/chipwhisperer/firmware/mcu/simpleserial/simpleserial.c **** 		goto ERROR;
 222:/home/pacl/Documents/Repository/chipwhisperer/firmware/mcu/simpleserial/simpleserial.c **** 	}
 223:/home/pacl/Documents/Repository/chipwhisperer/firmware/mcu/simpleserial/simpleserial.c **** 
 224:/home/pacl/Documents/Repository/chipwhisperer/firmware/mcu/simpleserial/simpleserial.c **** 	err = commands[c].fp(data_buf[1], data_buf[2], data_buf[3], data_buf+4);
 225:/home/pacl/Documents/Repository/chipwhisperer/firmware/mcu/simpleserial/simpleserial.c **** 
 226:/home/pacl/Documents/Repository/chipwhisperer/firmware/mcu/simpleserial/simpleserial.c **** ERROR:
 227:/home/pacl/Documents/Repository/chipwhisperer/firmware/mcu/simpleserial/simpleserial.c **** 	simpleserial_put('e', 0x01, &err);
 228:/home/pacl/Documents/Repository/chipwhisperer/firmware/mcu/simpleserial/simpleserial.c **** 	return;
 229:/home/pacl/Documents/Repository/chipwhisperer/firmware/mcu/simpleserial/simpleserial.c **** }
 230:/home/pacl/Documents/Repository/chipwhisperer/firmware/mcu/simpleserial/simpleserial.c **** 
 231:/home/pacl/Documents/Repository/chipwhisperer/firmware/mcu/simpleserial/simpleserial.c **** void simpleserial_put(char c, uint8_t size, uint8_t* output)
 232:/home/pacl/Documents/Repository/chipwhisperer/firmware/mcu/simpleserial/simpleserial.c **** {
 233:/home/pacl/Documents/Repository/chipwhisperer/firmware/mcu/simpleserial/simpleserial.c ****     if (!output) return;
 234:/home/pacl/Documents/Repository/chipwhisperer/firmware/mcu/simpleserial/simpleserial.c **** 	uint8_t data_buf[MAX_SS_LEN+5];
 235:/home/pacl/Documents/Repository/chipwhisperer/firmware/mcu/simpleserial/simpleserial.c **** 	data_buf[0] = 0x00;
 236:/home/pacl/Documents/Repository/chipwhisperer/firmware/mcu/simpleserial/simpleserial.c **** 	data_buf[1] = c;
 237:/home/pacl/Documents/Repository/chipwhisperer/firmware/mcu/simpleserial/simpleserial.c **** 	data_buf[2] = size;
 238:/home/pacl/Documents/Repository/chipwhisperer/firmware/mcu/simpleserial/simpleserial.c **** 	int i = 0;
 239:/home/pacl/Documents/Repository/chipwhisperer/firmware/mcu/simpleserial/simpleserial.c **** 	for (; i < size; i++) {
 240:/home/pacl/Documents/Repository/chipwhisperer/firmware/mcu/simpleserial/simpleserial.c **** 		data_buf[i + 3] = output[i];
 241:/home/pacl/Documents/Repository/chipwhisperer/firmware/mcu/simpleserial/simpleserial.c **** 	}
 242:/home/pacl/Documents/Repository/chipwhisperer/firmware/mcu/simpleserial/simpleserial.c **** 	data_buf[i + 3] = ss_crc(data_buf+1, size+2);
 243:/home/pacl/Documents/Repository/chipwhisperer/firmware/mcu/simpleserial/simpleserial.c **** 	data_buf[i + 4] = 0x00;
 244:/home/pacl/Documents/Repository/chipwhisperer/firmware/mcu/simpleserial/simpleserial.c **** 	stuff_data(data_buf, i + 5);
 245:/home/pacl/Documents/Repository/chipwhisperer/firmware/mcu/simpleserial/simpleserial.c **** 	for (int i = 0; i < size + 5; i++) {
 246:/home/pacl/Documents/Repository/chipwhisperer/firmware/mcu/simpleserial/simpleserial.c **** 		putch(data_buf[i]);
 247:/home/pacl/Documents/Repository/chipwhisperer/firmware/mcu/simpleserial/simpleserial.c **** 	}
 248:/home/pacl/Documents/Repository/chipwhisperer/firmware/mcu/simpleserial/simpleserial.c **** }
 249:/home/pacl/Documents/Repository/chipwhisperer/firmware/mcu/simpleserial/simpleserial.c **** 
 250:/home/pacl/Documents/Repository/chipwhisperer/firmware/mcu/simpleserial/simpleserial.c **** 
 251:/home/pacl/Documents/Repository/chipwhisperer/firmware/mcu/simpleserial/simpleserial.c **** #else
 252:/home/pacl/Documents/Repository/chipwhisperer/firmware/mcu/simpleserial/simpleserial.c **** 
 253:/home/pacl/Documents/Repository/chipwhisperer/firmware/mcu/simpleserial/simpleserial.c **** #define MAX_SS_LEN 64
 254:/home/pacl/Documents/Repository/chipwhisperer/firmware/mcu/simpleserial/simpleserial.c **** 
 255:/home/pacl/Documents/Repository/chipwhisperer/firmware/mcu/simpleserial/simpleserial.c **** typedef struct ss_cmd
 256:/home/pacl/Documents/Repository/chipwhisperer/firmware/mcu/simpleserial/simpleserial.c **** {
 257:/home/pacl/Documents/Repository/chipwhisperer/firmware/mcu/simpleserial/simpleserial.c **** 	char c;
 258:/home/pacl/Documents/Repository/chipwhisperer/firmware/mcu/simpleserial/simpleserial.c **** 	unsigned int len;
 259:/home/pacl/Documents/Repository/chipwhisperer/firmware/mcu/simpleserial/simpleserial.c **** 	uint8_t (*fp)(uint8_t*, uint8_t);
 260:/home/pacl/Documents/Repository/chipwhisperer/firmware/mcu/simpleserial/simpleserial.c **** 	uint8_t flags;
 261:/home/pacl/Documents/Repository/chipwhisperer/firmware/mcu/simpleserial/simpleserial.c **** } ss_cmd;
 262:/home/pacl/Documents/Repository/chipwhisperer/firmware/mcu/simpleserial/simpleserial.c **** static ss_cmd commands[MAX_SS_CMDS];
 263:/home/pacl/Documents/Repository/chipwhisperer/firmware/mcu/simpleserial/simpleserial.c **** // Callback function for "v" command.
 264:/home/pacl/Documents/Repository/chipwhisperer/firmware/mcu/simpleserial/simpleserial.c **** // This can exist in v1.0 as long as we don't actually send back an ack ("z")
 265:/home/pacl/Documents/Repository/chipwhisperer/firmware/mcu/simpleserial/simpleserial.c **** uint8_t check_version(uint8_t *v, uint8_t len)
 266:/home/pacl/Documents/Repository/chipwhisperer/firmware/mcu/simpleserial/simpleserial.c **** {
  29              		.loc 1 266 1 view -0
  30              		.cfi_startproc
  31              		@ args = 0, pretend = 0, frame = 0
  32              		@ frame_needed = 0, uses_anonymous_args = 0
  33              		@ link register save eliminated.
 267:/home/pacl/Documents/Repository/chipwhisperer/firmware/mcu/simpleserial/simpleserial.c **** 	return SS_VER;
  34              		.loc 1 267 2 view .LVU1
 268:/home/pacl/Documents/Repository/chipwhisperer/firmware/mcu/simpleserial/simpleserial.c **** }
  35              		.loc 1 268 1 is_stmt 0 view .LVU2
  36 0000 0120     		movs	r0, #1
  37              	.LVL1:
  38              		.loc 1 268 1 view .LVU3
  39 0002 7047     		bx	lr
  40              		.cfi_endproc
  41              	.LFE1:
  43              		.section	.text.ss_num_commands,"ax",%progbits
  44              		.align	1
  45              		.p2align 2,,3
  46              		.global	ss_num_commands
  47              		.syntax unified
  48              		.thumb
  49              		.thumb_func
  51              	ss_num_commands:
  52              	.LVL2:
  53              	.LFB2:
 269:/home/pacl/Documents/Repository/chipwhisperer/firmware/mcu/simpleserial/simpleserial.c **** 
 270:/home/pacl/Documents/Repository/chipwhisperer/firmware/mcu/simpleserial/simpleserial.c **** uint8_t ss_num_commands(uint8_t *x, uint8_t len)
 271:/home/pacl/Documents/Repository/chipwhisperer/firmware/mcu/simpleserial/simpleserial.c **** {
  54              		.loc 1 271 1 is_stmt 1 view -0
  55              		.cfi_startproc
  56              		@ args = 0, pretend = 0, frame = 0
  57              		@ frame_needed = 0, uses_anonymous_args = 0
 272:/home/pacl/Documents/Repository/chipwhisperer/firmware/mcu/simpleserial/simpleserial.c ****     uint8_t ncmds = num_commands & 0xFF;
  58              		.loc 1 272 5 view .LVU5
 271:/home/pacl/Documents/Repository/chipwhisperer/firmware/mcu/simpleserial/simpleserial.c ****     uint8_t ncmds = num_commands & 0xFF;
  59              		.loc 1 271 1 is_stmt 0 view .LVU6
  60 0000 38B5     		push	{r3, r4, r5, lr}
  61              	.LCFI0:
  62              		.cfi_def_cfa_offset 16
  63              		.cfi_offset 3, -16
  64              		.cfi_offset 4, -12
  65              		.cfi_offset 5, -8
  66              		.cfi_offset 14, -4
  67              		.loc 1 272 13 view .LVU7
  68 0002 0A4B     		ldr	r3, .L5
  69              	.LBB32:
  70              	.LBB33:
  71              	.LBB34:
  72              	.LBB35:
 273:/home/pacl/Documents/Repository/chipwhisperer/firmware/mcu/simpleserial/simpleserial.c ****     simpleserial_put('r', 0x01, &ncmds);
 274:/home/pacl/Documents/Repository/chipwhisperer/firmware/mcu/simpleserial/simpleserial.c ****     return 0x00;
 275:/home/pacl/Documents/Repository/chipwhisperer/firmware/mcu/simpleserial/simpleserial.c **** }
 276:/home/pacl/Documents/Repository/chipwhisperer/firmware/mcu/simpleserial/simpleserial.c **** 
 277:/home/pacl/Documents/Repository/chipwhisperer/firmware/mcu/simpleserial/simpleserial.c **** typedef struct ss_cmd_repr {
 278:/home/pacl/Documents/Repository/chipwhisperer/firmware/mcu/simpleserial/simpleserial.c ****     uint8_t c;
 279:/home/pacl/Documents/Repository/chipwhisperer/firmware/mcu/simpleserial/simpleserial.c ****     uint8_t len;
 280:/home/pacl/Documents/Repository/chipwhisperer/firmware/mcu/simpleserial/simpleserial.c ****     uint8_t flags;
 281:/home/pacl/Documents/Repository/chipwhisperer/firmware/mcu/simpleserial/simpleserial.c **** } ss_cmd_repr;
 282:/home/pacl/Documents/Repository/chipwhisperer/firmware/mcu/simpleserial/simpleserial.c **** 
 283:/home/pacl/Documents/Repository/chipwhisperer/firmware/mcu/simpleserial/simpleserial.c **** uint8_t ss_get_commands(uint8_t *x, uint8_t len)
 284:/home/pacl/Documents/Repository/chipwhisperer/firmware/mcu/simpleserial/simpleserial.c **** {
 285:/home/pacl/Documents/Repository/chipwhisperer/firmware/mcu/simpleserial/simpleserial.c ****     ss_cmd_repr repr_cmd_buf[MAX_SS_CMDS];
 286:/home/pacl/Documents/Repository/chipwhisperer/firmware/mcu/simpleserial/simpleserial.c ****     for (uint8_t i = 0; i < (num_commands & 0xFF); i++) {
 287:/home/pacl/Documents/Repository/chipwhisperer/firmware/mcu/simpleserial/simpleserial.c ****         repr_cmd_buf[i].c = commands[i].c;
 288:/home/pacl/Documents/Repository/chipwhisperer/firmware/mcu/simpleserial/simpleserial.c ****         repr_cmd_buf[i].len = commands[i].len;
 289:/home/pacl/Documents/Repository/chipwhisperer/firmware/mcu/simpleserial/simpleserial.c ****         repr_cmd_buf[i].flags = commands[i].flags;
 290:/home/pacl/Documents/Repository/chipwhisperer/firmware/mcu/simpleserial/simpleserial.c ****     }
 291:/home/pacl/Documents/Repository/chipwhisperer/firmware/mcu/simpleserial/simpleserial.c **** 
 292:/home/pacl/Documents/Repository/chipwhisperer/firmware/mcu/simpleserial/simpleserial.c ****     simpleserial_put('r', num_commands * sizeof (ss_cmd_repr), (void *) repr_cmd_buf);
 293:/home/pacl/Documents/Repository/chipwhisperer/firmware/mcu/simpleserial/simpleserial.c ****     return 0x00;
 294:/home/pacl/Documents/Repository/chipwhisperer/firmware/mcu/simpleserial/simpleserial.c **** }
 295:/home/pacl/Documents/Repository/chipwhisperer/firmware/mcu/simpleserial/simpleserial.c **** 
 296:/home/pacl/Documents/Repository/chipwhisperer/firmware/mcu/simpleserial/simpleserial.c **** static char hex_lookup[16] =
 297:/home/pacl/Documents/Repository/chipwhisperer/firmware/mcu/simpleserial/simpleserial.c **** {
 298:/home/pacl/Documents/Repository/chipwhisperer/firmware/mcu/simpleserial/simpleserial.c **** 	'0', '1', '2', '3', '4', '5', '6', '7',
 299:/home/pacl/Documents/Repository/chipwhisperer/firmware/mcu/simpleserial/simpleserial.c **** 	'8', '9', 'A', 'B', 'C', 'D', 'E', 'F'
 300:/home/pacl/Documents/Repository/chipwhisperer/firmware/mcu/simpleserial/simpleserial.c **** };
 301:/home/pacl/Documents/Repository/chipwhisperer/firmware/mcu/simpleserial/simpleserial.c **** 
 302:/home/pacl/Documents/Repository/chipwhisperer/firmware/mcu/simpleserial/simpleserial.c **** int hex_decode(int len, char* ascii_buf, uint8_t* data_buf)
 303:/home/pacl/Documents/Repository/chipwhisperer/firmware/mcu/simpleserial/simpleserial.c **** {
 304:/home/pacl/Documents/Repository/chipwhisperer/firmware/mcu/simpleserial/simpleserial.c **** 	for(int i = 0; i < len; i++)
 305:/home/pacl/Documents/Repository/chipwhisperer/firmware/mcu/simpleserial/simpleserial.c **** 	{
 306:/home/pacl/Documents/Repository/chipwhisperer/firmware/mcu/simpleserial/simpleserial.c **** 		char n_hi = ascii_buf[2*i];
 307:/home/pacl/Documents/Repository/chipwhisperer/firmware/mcu/simpleserial/simpleserial.c **** 		char n_lo = ascii_buf[2*i+1];
 308:/home/pacl/Documents/Repository/chipwhisperer/firmware/mcu/simpleserial/simpleserial.c **** 
 309:/home/pacl/Documents/Repository/chipwhisperer/firmware/mcu/simpleserial/simpleserial.c **** 		if(n_lo >= '0' && n_lo <= '9')
 310:/home/pacl/Documents/Repository/chipwhisperer/firmware/mcu/simpleserial/simpleserial.c **** 			data_buf[i] = n_lo - '0';
 311:/home/pacl/Documents/Repository/chipwhisperer/firmware/mcu/simpleserial/simpleserial.c **** 		else if(n_lo >= 'A' && n_lo <= 'F')
 312:/home/pacl/Documents/Repository/chipwhisperer/firmware/mcu/simpleserial/simpleserial.c **** 			data_buf[i] = n_lo - 'A' + 10;
 313:/home/pacl/Documents/Repository/chipwhisperer/firmware/mcu/simpleserial/simpleserial.c **** 		else if(n_lo >= 'a' && n_lo <= 'f')
 314:/home/pacl/Documents/Repository/chipwhisperer/firmware/mcu/simpleserial/simpleserial.c **** 			data_buf[i] = n_lo - 'a' + 10;
 315:/home/pacl/Documents/Repository/chipwhisperer/firmware/mcu/simpleserial/simpleserial.c **** 		else
 316:/home/pacl/Documents/Repository/chipwhisperer/firmware/mcu/simpleserial/simpleserial.c **** 			return 1;
 317:/home/pacl/Documents/Repository/chipwhisperer/firmware/mcu/simpleserial/simpleserial.c **** 
 318:/home/pacl/Documents/Repository/chipwhisperer/firmware/mcu/simpleserial/simpleserial.c **** 		if(n_hi >= '0' && n_hi <= '9')
 319:/home/pacl/Documents/Repository/chipwhisperer/firmware/mcu/simpleserial/simpleserial.c **** 			data_buf[i] |= (n_hi - '0') << 4;
 320:/home/pacl/Documents/Repository/chipwhisperer/firmware/mcu/simpleserial/simpleserial.c **** 		else if(n_hi >= 'A' && n_hi <= 'F')
 321:/home/pacl/Documents/Repository/chipwhisperer/firmware/mcu/simpleserial/simpleserial.c **** 			data_buf[i] |= (n_hi - 'A' + 10) << 4;
 322:/home/pacl/Documents/Repository/chipwhisperer/firmware/mcu/simpleserial/simpleserial.c **** 		else if(n_hi >= 'a' && n_hi <= 'f')
 323:/home/pacl/Documents/Repository/chipwhisperer/firmware/mcu/simpleserial/simpleserial.c **** 			data_buf[i] |= (n_hi - 'a' + 10) << 4;
 324:/home/pacl/Documents/Repository/chipwhisperer/firmware/mcu/simpleserial/simpleserial.c **** 		else
 325:/home/pacl/Documents/Repository/chipwhisperer/firmware/mcu/simpleserial/simpleserial.c **** 			return 1;
 326:/home/pacl/Documents/Repository/chipwhisperer/firmware/mcu/simpleserial/simpleserial.c **** 	}
 327:/home/pacl/Documents/Repository/chipwhisperer/firmware/mcu/simpleserial/simpleserial.c **** 
 328:/home/pacl/Documents/Repository/chipwhisperer/firmware/mcu/simpleserial/simpleserial.c **** 	return 0;
 329:/home/pacl/Documents/Repository/chipwhisperer/firmware/mcu/simpleserial/simpleserial.c **** }
 330:/home/pacl/Documents/Repository/chipwhisperer/firmware/mcu/simpleserial/simpleserial.c **** 
 331:/home/pacl/Documents/Repository/chipwhisperer/firmware/mcu/simpleserial/simpleserial.c **** 
 332:/home/pacl/Documents/Repository/chipwhisperer/firmware/mcu/simpleserial/simpleserial.c **** 
 333:/home/pacl/Documents/Repository/chipwhisperer/firmware/mcu/simpleserial/simpleserial.c **** // Set up the SimpleSerial module by preparing internal commands
 334:/home/pacl/Documents/Repository/chipwhisperer/firmware/mcu/simpleserial/simpleserial.c **** // This just adds the "v" command for now...
 335:/home/pacl/Documents/Repository/chipwhisperer/firmware/mcu/simpleserial/simpleserial.c **** void simpleserial_init()
 336:/home/pacl/Documents/Repository/chipwhisperer/firmware/mcu/simpleserial/simpleserial.c **** {
 337:/home/pacl/Documents/Repository/chipwhisperer/firmware/mcu/simpleserial/simpleserial.c **** 	simpleserial_addcmd('v', 0, check_version);
 338:/home/pacl/Documents/Repository/chipwhisperer/firmware/mcu/simpleserial/simpleserial.c ****     simpleserial_addcmd('w', 0, ss_get_commands);
 339:/home/pacl/Documents/Repository/chipwhisperer/firmware/mcu/simpleserial/simpleserial.c ****     simpleserial_addcmd('y', 0, ss_num_commands);
 340:/home/pacl/Documents/Repository/chipwhisperer/firmware/mcu/simpleserial/simpleserial.c **** }
 341:/home/pacl/Documents/Repository/chipwhisperer/firmware/mcu/simpleserial/simpleserial.c **** 
 342:/home/pacl/Documents/Repository/chipwhisperer/firmware/mcu/simpleserial/simpleserial.c **** int simpleserial_addcmd(char c, unsigned int len, uint8_t (*fp)(uint8_t*, uint8_t))
 343:/home/pacl/Documents/Repository/chipwhisperer/firmware/mcu/simpleserial/simpleserial.c **** {
 344:/home/pacl/Documents/Repository/chipwhisperer/firmware/mcu/simpleserial/simpleserial.c **** 	return simpleserial_addcmd_flags(c, len, fp, CMD_FLAG_NONE);
 345:/home/pacl/Documents/Repository/chipwhisperer/firmware/mcu/simpleserial/simpleserial.c **** }
 346:/home/pacl/Documents/Repository/chipwhisperer/firmware/mcu/simpleserial/simpleserial.c **** 
 347:/home/pacl/Documents/Repository/chipwhisperer/firmware/mcu/simpleserial/simpleserial.c **** int simpleserial_addcmd_flags(char c, unsigned int len, uint8_t (*fp)(uint8_t*, uint8_t), uint8_t f
 348:/home/pacl/Documents/Repository/chipwhisperer/firmware/mcu/simpleserial/simpleserial.c **** {
 349:/home/pacl/Documents/Repository/chipwhisperer/firmware/mcu/simpleserial/simpleserial.c **** 	if(num_commands >= MAX_SS_CMDS)
 350:/home/pacl/Documents/Repository/chipwhisperer/firmware/mcu/simpleserial/simpleserial.c **** 		return 1;
 351:/home/pacl/Documents/Repository/chipwhisperer/firmware/mcu/simpleserial/simpleserial.c **** 
 352:/home/pacl/Documents/Repository/chipwhisperer/firmware/mcu/simpleserial/simpleserial.c **** 	if(len >= MAX_SS_LEN)
 353:/home/pacl/Documents/Repository/chipwhisperer/firmware/mcu/simpleserial/simpleserial.c **** 		return 1;
 354:/home/pacl/Documents/Repository/chipwhisperer/firmware/mcu/simpleserial/simpleserial.c **** 
 355:/home/pacl/Documents/Repository/chipwhisperer/firmware/mcu/simpleserial/simpleserial.c **** 	commands[num_commands].c   = c;
 356:/home/pacl/Documents/Repository/chipwhisperer/firmware/mcu/simpleserial/simpleserial.c **** 	commands[num_commands].len = len;
 357:/home/pacl/Documents/Repository/chipwhisperer/firmware/mcu/simpleserial/simpleserial.c **** 	commands[num_commands].fp  = fp;
 358:/home/pacl/Documents/Repository/chipwhisperer/firmware/mcu/simpleserial/simpleserial.c **** 	commands[num_commands].flags = fl;
 359:/home/pacl/Documents/Repository/chipwhisperer/firmware/mcu/simpleserial/simpleserial.c **** 	num_commands++;
 360:/home/pacl/Documents/Repository/chipwhisperer/firmware/mcu/simpleserial/simpleserial.c **** 
 361:/home/pacl/Documents/Repository/chipwhisperer/firmware/mcu/simpleserial/simpleserial.c **** 	return 0;
 362:/home/pacl/Documents/Repository/chipwhisperer/firmware/mcu/simpleserial/simpleserial.c **** }
 363:/home/pacl/Documents/Repository/chipwhisperer/firmware/mcu/simpleserial/simpleserial.c **** 
 364:/home/pacl/Documents/Repository/chipwhisperer/firmware/mcu/simpleserial/simpleserial.c **** void simpleserial_get(void)
 365:/home/pacl/Documents/Repository/chipwhisperer/firmware/mcu/simpleserial/simpleserial.c **** {
 366:/home/pacl/Documents/Repository/chipwhisperer/firmware/mcu/simpleserial/simpleserial.c **** 	char ascii_buf[2*MAX_SS_LEN];
 367:/home/pacl/Documents/Repository/chipwhisperer/firmware/mcu/simpleserial/simpleserial.c **** 	uint8_t data_buf[MAX_SS_LEN];
 368:/home/pacl/Documents/Repository/chipwhisperer/firmware/mcu/simpleserial/simpleserial.c **** 	char c;
 369:/home/pacl/Documents/Repository/chipwhisperer/firmware/mcu/simpleserial/simpleserial.c **** 
 370:/home/pacl/Documents/Repository/chipwhisperer/firmware/mcu/simpleserial/simpleserial.c **** 	// Find which command we're receiving
 371:/home/pacl/Documents/Repository/chipwhisperer/firmware/mcu/simpleserial/simpleserial.c **** 	c = getch();
 372:/home/pacl/Documents/Repository/chipwhisperer/firmware/mcu/simpleserial/simpleserial.c **** 
 373:/home/pacl/Documents/Repository/chipwhisperer/firmware/mcu/simpleserial/simpleserial.c **** 	int cmd;
 374:/home/pacl/Documents/Repository/chipwhisperer/firmware/mcu/simpleserial/simpleserial.c **** 	for(cmd = 0; cmd < num_commands; cmd++)
 375:/home/pacl/Documents/Repository/chipwhisperer/firmware/mcu/simpleserial/simpleserial.c **** 	{
 376:/home/pacl/Documents/Repository/chipwhisperer/firmware/mcu/simpleserial/simpleserial.c **** 		if(commands[cmd].c == c)
 377:/home/pacl/Documents/Repository/chipwhisperer/firmware/mcu/simpleserial/simpleserial.c **** 			break;
 378:/home/pacl/Documents/Repository/chipwhisperer/firmware/mcu/simpleserial/simpleserial.c **** 	}
 379:/home/pacl/Documents/Repository/chipwhisperer/firmware/mcu/simpleserial/simpleserial.c **** 
 380:/home/pacl/Documents/Repository/chipwhisperer/firmware/mcu/simpleserial/simpleserial.c **** 	// If we didn't find a match, give up right away
 381:/home/pacl/Documents/Repository/chipwhisperer/firmware/mcu/simpleserial/simpleserial.c **** 	if(cmd == num_commands)
 382:/home/pacl/Documents/Repository/chipwhisperer/firmware/mcu/simpleserial/simpleserial.c **** 		return;
 383:/home/pacl/Documents/Repository/chipwhisperer/firmware/mcu/simpleserial/simpleserial.c **** 
 384:/home/pacl/Documents/Repository/chipwhisperer/firmware/mcu/simpleserial/simpleserial.c **** 	// If flag CMD_FLAG_LEN is set, the next byte indicates the sent length
 385:/home/pacl/Documents/Repository/chipwhisperer/firmware/mcu/simpleserial/simpleserial.c **** 	if ((commands[cmd].flags & CMD_FLAG_LEN) != 0)
 386:/home/pacl/Documents/Repository/chipwhisperer/firmware/mcu/simpleserial/simpleserial.c **** 	{
 387:/home/pacl/Documents/Repository/chipwhisperer/firmware/mcu/simpleserial/simpleserial.c **** 		uint8_t l = 0;
 388:/home/pacl/Documents/Repository/chipwhisperer/firmware/mcu/simpleserial/simpleserial.c **** 		char buff[2];
 389:/home/pacl/Documents/Repository/chipwhisperer/firmware/mcu/simpleserial/simpleserial.c **** 		buff[0] = getch();
 390:/home/pacl/Documents/Repository/chipwhisperer/firmware/mcu/simpleserial/simpleserial.c **** 		buff[1] = getch();
 391:/home/pacl/Documents/Repository/chipwhisperer/firmware/mcu/simpleserial/simpleserial.c **** 		if (hex_decode(1, buff, &l))
 392:/home/pacl/Documents/Repository/chipwhisperer/firmware/mcu/simpleserial/simpleserial.c **** 			return;
 393:/home/pacl/Documents/Repository/chipwhisperer/firmware/mcu/simpleserial/simpleserial.c **** 		commands[cmd].len = l;
 394:/home/pacl/Documents/Repository/chipwhisperer/firmware/mcu/simpleserial/simpleserial.c **** 	}
 395:/home/pacl/Documents/Repository/chipwhisperer/firmware/mcu/simpleserial/simpleserial.c **** 
 396:/home/pacl/Documents/Repository/chipwhisperer/firmware/mcu/simpleserial/simpleserial.c **** 	// Receive characters until we fill the ASCII buffer
 397:/home/pacl/Documents/Repository/chipwhisperer/firmware/mcu/simpleserial/simpleserial.c **** 	for(int i = 0; i < 2*commands[cmd].len; i++)
 398:/home/pacl/Documents/Repository/chipwhisperer/firmware/mcu/simpleserial/simpleserial.c **** 	{
 399:/home/pacl/Documents/Repository/chipwhisperer/firmware/mcu/simpleserial/simpleserial.c **** 		c = getch();
 400:/home/pacl/Documents/Repository/chipwhisperer/firmware/mcu/simpleserial/simpleserial.c **** 
 401:/home/pacl/Documents/Repository/chipwhisperer/firmware/mcu/simpleserial/simpleserial.c **** 		// Check for early \n
 402:/home/pacl/Documents/Repository/chipwhisperer/firmware/mcu/simpleserial/simpleserial.c **** 		if(c == '\n' || c == '\r')
 403:/home/pacl/Documents/Repository/chipwhisperer/firmware/mcu/simpleserial/simpleserial.c **** 			return;
 404:/home/pacl/Documents/Repository/chipwhisperer/firmware/mcu/simpleserial/simpleserial.c **** 
 405:/home/pacl/Documents/Repository/chipwhisperer/firmware/mcu/simpleserial/simpleserial.c **** 		ascii_buf[i] = c;
 406:/home/pacl/Documents/Repository/chipwhisperer/firmware/mcu/simpleserial/simpleserial.c **** 	}
 407:/home/pacl/Documents/Repository/chipwhisperer/firmware/mcu/simpleserial/simpleserial.c **** 
 408:/home/pacl/Documents/Repository/chipwhisperer/firmware/mcu/simpleserial/simpleserial.c **** 	// Assert that last character is \n or \r
 409:/home/pacl/Documents/Repository/chipwhisperer/firmware/mcu/simpleserial/simpleserial.c **** 	c = getch();
 410:/home/pacl/Documents/Repository/chipwhisperer/firmware/mcu/simpleserial/simpleserial.c **** 	if(c != '\n' && c != '\r')
 411:/home/pacl/Documents/Repository/chipwhisperer/firmware/mcu/simpleserial/simpleserial.c **** 		return;
 412:/home/pacl/Documents/Repository/chipwhisperer/firmware/mcu/simpleserial/simpleserial.c **** 
 413:/home/pacl/Documents/Repository/chipwhisperer/firmware/mcu/simpleserial/simpleserial.c **** 	// ASCII buffer is full: convert to bytes
 414:/home/pacl/Documents/Repository/chipwhisperer/firmware/mcu/simpleserial/simpleserial.c **** 	// Check for illegal characters here
 415:/home/pacl/Documents/Repository/chipwhisperer/firmware/mcu/simpleserial/simpleserial.c **** 	if(hex_decode(commands[cmd].len, ascii_buf, data_buf))
 416:/home/pacl/Documents/Repository/chipwhisperer/firmware/mcu/simpleserial/simpleserial.c **** 		return;
 417:/home/pacl/Documents/Repository/chipwhisperer/firmware/mcu/simpleserial/simpleserial.c **** 
 418:/home/pacl/Documents/Repository/chipwhisperer/firmware/mcu/simpleserial/simpleserial.c **** 	// Callback
 419:/home/pacl/Documents/Repository/chipwhisperer/firmware/mcu/simpleserial/simpleserial.c **** 	uint8_t ret[1];
 420:/home/pacl/Documents/Repository/chipwhisperer/firmware/mcu/simpleserial/simpleserial.c **** 	ret[0] = commands[cmd].fp(data_buf, commands[cmd].len);
 421:/home/pacl/Documents/Repository/chipwhisperer/firmware/mcu/simpleserial/simpleserial.c **** 
 422:/home/pacl/Documents/Repository/chipwhisperer/firmware/mcu/simpleserial/simpleserial.c **** 	// Acknowledge (if version is 1.1)
 423:/home/pacl/Documents/Repository/chipwhisperer/firmware/mcu/simpleserial/simpleserial.c **** #if SS_VER == SS_VER_1_1
 424:/home/pacl/Documents/Repository/chipwhisperer/firmware/mcu/simpleserial/simpleserial.c **** 	simpleserial_put('z', 1, ret);
 425:/home/pacl/Documents/Repository/chipwhisperer/firmware/mcu/simpleserial/simpleserial.c **** #endif
 426:/home/pacl/Documents/Repository/chipwhisperer/firmware/mcu/simpleserial/simpleserial.c **** }
 427:/home/pacl/Documents/Repository/chipwhisperer/firmware/mcu/simpleserial/simpleserial.c **** 
 428:/home/pacl/Documents/Repository/chipwhisperer/firmware/mcu/simpleserial/simpleserial.c **** void simpleserial_put(char c, uint8_t size, uint8_t* output)
 429:/home/pacl/Documents/Repository/chipwhisperer/firmware/mcu/simpleserial/simpleserial.c **** {
 430:/home/pacl/Documents/Repository/chipwhisperer/firmware/mcu/simpleserial/simpleserial.c **** 	// Write first character
 431:/home/pacl/Documents/Repository/chipwhisperer/firmware/mcu/simpleserial/simpleserial.c ****     if (!output) return;
 432:/home/pacl/Documents/Repository/chipwhisperer/firmware/mcu/simpleserial/simpleserial.c **** 	putch(c);
 433:/home/pacl/Documents/Repository/chipwhisperer/firmware/mcu/simpleserial/simpleserial.c **** 
 434:/home/pacl/Documents/Repository/chipwhisperer/firmware/mcu/simpleserial/simpleserial.c **** 	// Write each byte as two nibbles
 435:/home/pacl/Documents/Repository/chipwhisperer/firmware/mcu/simpleserial/simpleserial.c **** 	for(int i = 0; i < size; i++)
 436:/home/pacl/Documents/Repository/chipwhisperer/firmware/mcu/simpleserial/simpleserial.c **** 	{
 437:/home/pacl/Documents/Repository/chipwhisperer/firmware/mcu/simpleserial/simpleserial.c **** 		putch(hex_lookup[output[i] >> 4 ]);
  73              		.loc 1 437 3 view .LVU8
  74 0004 0A4D     		ldr	r5, .L5+4
  75              	.LBE35:
  76              	.LBE34:
  77              	.LBE33:
  78              	.LBE32:
 272:/home/pacl/Documents/Repository/chipwhisperer/firmware/mcu/simpleserial/simpleserial.c ****     simpleserial_put('r', 0x01, &ncmds);
  79              		.loc 1 272 13 view .LVU9
  80 0006 1C78     		ldrb	r4, [r3]	@ zero_extendqisi2
 273:/home/pacl/Documents/Repository/chipwhisperer/firmware/mcu/simpleserial/simpleserial.c ****     simpleserial_put('r', 0x01, &ncmds);
  81              		.loc 1 273 5 is_stmt 1 view .LVU10
  82              	.LVL3:
  83              	.LBB39:
  84              	.LBI32:
 428:/home/pacl/Documents/Repository/chipwhisperer/firmware/mcu/simpleserial/simpleserial.c **** {
  85              		.loc 1 428 6 view .LVU11
 431:/home/pacl/Documents/Repository/chipwhisperer/firmware/mcu/simpleserial/simpleserial.c **** 	putch(c);
  86              		.loc 1 431 5 view .LVU12
  87              	.LBB38:
  88              	.LBI33:
 428:/home/pacl/Documents/Repository/chipwhisperer/firmware/mcu/simpleserial/simpleserial.c **** {
  89              		.loc 1 428 6 view .LVU13
  90              	.LBB37:
 432:/home/pacl/Documents/Repository/chipwhisperer/firmware/mcu/simpleserial/simpleserial.c **** 
  91              		.loc 1 432 2 view .LVU14
  92 0008 7220     		movs	r0, #114
  93              	.LVL4:
 432:/home/pacl/Documents/Repository/chipwhisperer/firmware/mcu/simpleserial/simpleserial.c **** 
  94              		.loc 1 432 2 is_stmt 0 view .LVU15
  95 000a FFF7FEFF 		bl	putch
  96              	.LVL5:
 435:/home/pacl/Documents/Repository/chipwhisperer/firmware/mcu/simpleserial/simpleserial.c **** 	{
  97              		.loc 1 435 2 is_stmt 1 view .LVU16
  98              	.LBB36:
 435:/home/pacl/Documents/Repository/chipwhisperer/firmware/mcu/simpleserial/simpleserial.c **** 	{
  99              		.loc 1 435 6 view .LVU17
 435:/home/pacl/Documents/Repository/chipwhisperer/firmware/mcu/simpleserial/simpleserial.c **** 	{
 100              		.loc 1 435 19 discriminator 1 view .LVU18
 101              		.loc 1 437 3 view .LVU19
 102              		.loc 1 437 30 is_stmt 0 view .LVU20
 103 000e 2309     		lsrs	r3, r4, #4
 438:/home/pacl/Documents/Repository/chipwhisperer/firmware/mcu/simpleserial/simpleserial.c **** 		putch(hex_lookup[output[i] & 0xF]);
 104              		.loc 1 438 30 view .LVU21
 105 0010 04F00F04 		and	r4, r4, #15
 437:/home/pacl/Documents/Repository/chipwhisperer/firmware/mcu/simpleserial/simpleserial.c **** 		putch(hex_lookup[output[i] & 0xF]);
 106              		.loc 1 437 3 view .LVU22
 107 0014 E85C     		ldrb	r0, [r5, r3]	@ zero_extendqisi2
 108 0016 FFF7FEFF 		bl	putch
 109              	.LVL6:
 110              		.loc 1 438 3 is_stmt 1 view .LVU23
 111 001a 285D     		ldrb	r0, [r5, r4]	@ zero_extendqisi2
 112 001c FFF7FEFF 		bl	putch
 113              	.LVL7:
 435:/home/pacl/Documents/Repository/chipwhisperer/firmware/mcu/simpleserial/simpleserial.c **** 	{
 114              		.loc 1 435 28 discriminator 3 view .LVU24
 435:/home/pacl/Documents/Repository/chipwhisperer/firmware/mcu/simpleserial/simpleserial.c **** 	{
 115              		.loc 1 435 19 discriminator 1 view .LVU25
 116              	.LBE36:
 439:/home/pacl/Documents/Repository/chipwhisperer/firmware/mcu/simpleserial/simpleserial.c **** 	}
 440:/home/pacl/Documents/Repository/chipwhisperer/firmware/mcu/simpleserial/simpleserial.c **** 
 441:/home/pacl/Documents/Repository/chipwhisperer/firmware/mcu/simpleserial/simpleserial.c **** 	// Write trailing '\n'
 442:/home/pacl/Documents/Repository/chipwhisperer/firmware/mcu/simpleserial/simpleserial.c **** 	putch('\n');
 117              		.loc 1 442 2 view .LVU26
 118 0020 0A20     		movs	r0, #10
 119 0022 FFF7FEFF 		bl	putch
 120              	.LVL8:
 121              		.loc 1 442 2 is_stmt 0 view .LVU27
 122              	.LBE37:
 123              	.LBE38:
 124              	.LBE39:
 274:/home/pacl/Documents/Repository/chipwhisperer/firmware/mcu/simpleserial/simpleserial.c **** }
 125              		.loc 1 274 5 is_stmt 1 view .LVU28
 275:/home/pacl/Documents/Repository/chipwhisperer/firmware/mcu/simpleserial/simpleserial.c **** 
 126              		.loc 1 275 1 is_stmt 0 view .LVU29
 127 0026 0020     		movs	r0, #0
 128 0028 38BD     		pop	{r3, r4, r5, pc}
 129              	.L6:
 130 002a 00BF     		.align	2
 131              	.L5:
 132 002c 00000000 		.word	.LANCHOR0
 133 0030 00000000 		.word	.LANCHOR1
 134              		.cfi_endproc
 135              	.LFE2:
 137              		.section	.text.ss_get_commands,"ax",%progbits
 138              		.align	1
 139              		.p2align 2,,3
 140              		.global	ss_get_commands
 141              		.syntax unified
 142              		.thumb
 143              		.thumb_func
 145              	ss_get_commands:
 146              	.LVL9:
 147              	.LFB3:
 284:/home/pacl/Documents/Repository/chipwhisperer/firmware/mcu/simpleserial/simpleserial.c ****     ss_cmd_repr repr_cmd_buf[MAX_SS_CMDS];
 148              		.loc 1 284 1 is_stmt 1 view -0
 149              		.cfi_startproc
 150              		@ args = 0, pretend = 0, frame = 96
 151              		@ frame_needed = 0, uses_anonymous_args = 0
 285:/home/pacl/Documents/Repository/chipwhisperer/firmware/mcu/simpleserial/simpleserial.c ****     for (uint8_t i = 0; i < (num_commands & 0xFF); i++) {
 152              		.loc 1 285 5 view .LVU31
 286:/home/pacl/Documents/Repository/chipwhisperer/firmware/mcu/simpleserial/simpleserial.c ****         repr_cmd_buf[i].c = commands[i].c;
 153              		.loc 1 286 5 view .LVU32
 154              	.LBB46:
 286:/home/pacl/Documents/Repository/chipwhisperer/firmware/mcu/simpleserial/simpleserial.c ****         repr_cmd_buf[i].c = commands[i].c;
 155              		.loc 1 286 10 view .LVU33
 286:/home/pacl/Documents/Repository/chipwhisperer/firmware/mcu/simpleserial/simpleserial.c ****         repr_cmd_buf[i].c = commands[i].c;
 156              		.loc 1 286 27 discriminator 1 view .LVU34
 157              	.LBE46:
 284:/home/pacl/Documents/Repository/chipwhisperer/firmware/mcu/simpleserial/simpleserial.c ****     ss_cmd_repr repr_cmd_buf[MAX_SS_CMDS];
 158              		.loc 1 284 1 is_stmt 0 view .LVU35
 159 0000 F0B5     		push	{r4, r5, r6, r7, lr}
 160              	.LCFI1:
 161              		.cfi_def_cfa_offset 20
 162              		.cfi_offset 4, -20
 163              		.cfi_offset 5, -16
 164              		.cfi_offset 6, -12
 165              		.cfi_offset 7, -8
 166              		.cfi_offset 14, -4
 167              	.LBB47:
 286:/home/pacl/Documents/Repository/chipwhisperer/firmware/mcu/simpleserial/simpleserial.c ****         repr_cmd_buf[i].c = commands[i].c;
 168              		.loc 1 286 43 discriminator 1 view .LVU36
 169 0002 1B4E     		ldr	r6, .L21
 170 0004 3578     		ldrb	r5, [r6]	@ zero_extendqisi2
 171              	.LBE47:
 284:/home/pacl/Documents/Repository/chipwhisperer/firmware/mcu/simpleserial/simpleserial.c ****     ss_cmd_repr repr_cmd_buf[MAX_SS_CMDS];
 172              		.loc 1 284 1 view .LVU37
 173 0006 99B0     		sub	sp, sp, #100
 174              	.LCFI2:
 175              		.cfi_def_cfa_offset 120
 176              	.LBB48:
 286:/home/pacl/Documents/Repository/chipwhisperer/firmware/mcu/simpleserial/simpleserial.c ****         repr_cmd_buf[i].c = commands[i].c;
 177              		.loc 1 286 27 discriminator 1 view .LVU38
 178 0008 ADB1     		cbz	r5, .L8
 286:/home/pacl/Documents/Repository/chipwhisperer/firmware/mcu/simpleserial/simpleserial.c ****         repr_cmd_buf[i].c = commands[i].c;
 179              		.loc 1 286 18 view .LVU39
 180 000a 0022     		movs	r2, #0
 286:/home/pacl/Documents/Repository/chipwhisperer/firmware/mcu/simpleserial/simpleserial.c ****         repr_cmd_buf[i].c = commands[i].c;
 181              		.loc 1 286 27 discriminator 1 view .LVU40
 182 000c 1346     		mov	r3, r2
 183              	.LVL10:
 184              	.L9:
 287:/home/pacl/Documents/Repository/chipwhisperer/firmware/mcu/simpleserial/simpleserial.c ****         repr_cmd_buf[i].len = commands[i].len;
 185              		.loc 1 287 9 is_stmt 1 view .LVU41
 287:/home/pacl/Documents/Repository/chipwhisperer/firmware/mcu/simpleserial/simpleserial.c ****         repr_cmd_buf[i].len = commands[i].len;
 186              		.loc 1 287 40 is_stmt 0 view .LVU42
 187 000e 06EB0311 		add	r1, r6, r3, lsl #4
 287:/home/pacl/Documents/Repository/chipwhisperer/firmware/mcu/simpleserial/simpleserial.c ****         repr_cmd_buf[i].len = commands[i].len;
 188              		.loc 1 287 27 view .LVU43
 189 0012 03EB4303 		add	r3, r3, r3, lsl #1
 190 0016 6033     		adds	r3, r3, #96
 286:/home/pacl/Documents/Repository/chipwhisperer/firmware/mcu/simpleserial/simpleserial.c ****         repr_cmd_buf[i].c = commands[i].c;
 191              		.loc 1 286 53 discriminator 3 view .LVU44
 192 0018 0132     		adds	r2, r2, #1
 193              	.LVL11:
 287:/home/pacl/Documents/Repository/chipwhisperer/firmware/mcu/simpleserial/simpleserial.c ****         repr_cmd_buf[i].len = commands[i].len;
 194              		.loc 1 287 27 view .LVU45
 195 001a 6B44     		add	r3, sp, r3
 286:/home/pacl/Documents/Repository/chipwhisperer/firmware/mcu/simpleserial/simpleserial.c ****         repr_cmd_buf[i].c = commands[i].c;
 196              		.loc 1 286 53 discriminator 3 view .LVU46
 197 001c D2B2     		uxtb	r2, r2
 198              	.LVL12:
 287:/home/pacl/Documents/Repository/chipwhisperer/firmware/mcu/simpleserial/simpleserial.c ****         repr_cmd_buf[i].len = commands[i].len;
 199              		.loc 1 287 27 view .LVU47
 200 001e 0C79     		ldrb	r4, [r1, #4]	@ zero_extendqisi2
 288:/home/pacl/Documents/Repository/chipwhisperer/firmware/mcu/simpleserial/simpleserial.c ****         repr_cmd_buf[i].flags = commands[i].flags;
 201              		.loc 1 288 29 view .LVU48
 202 0020 8868     		ldr	r0, [r1, #8]
 289:/home/pacl/Documents/Repository/chipwhisperer/firmware/mcu/simpleserial/simpleserial.c ****     }
 203              		.loc 1 289 31 view .LVU49
 204 0022 097C     		ldrb	r1, [r1, #16]	@ zero_extendqisi2
 287:/home/pacl/Documents/Repository/chipwhisperer/firmware/mcu/simpleserial/simpleserial.c ****         repr_cmd_buf[i].len = commands[i].len;
 205              		.loc 1 287 27 view .LVU50
 206 0024 03F8604C 		strb	r4, [r3, #-96]
 288:/home/pacl/Documents/Repository/chipwhisperer/firmware/mcu/simpleserial/simpleserial.c ****         repr_cmd_buf[i].flags = commands[i].flags;
 207              		.loc 1 288 9 is_stmt 1 view .LVU51
 286:/home/pacl/Documents/Repository/chipwhisperer/firmware/mcu/simpleserial/simpleserial.c ****         repr_cmd_buf[i].c = commands[i].c;
 208              		.loc 1 286 27 is_stmt 0 discriminator 1 view .LVU52
 209 0028 AA42     		cmp	r2, r5
 288:/home/pacl/Documents/Repository/chipwhisperer/firmware/mcu/simpleserial/simpleserial.c ****         repr_cmd_buf[i].flags = commands[i].flags;
 210              		.loc 1 288 29 view .LVU53
 211 002a 03F85F0C 		strb	r0, [r3, #-95]
 289:/home/pacl/Documents/Repository/chipwhisperer/firmware/mcu/simpleserial/simpleserial.c ****     }
 212              		.loc 1 289 9 is_stmt 1 view .LVU54
 289:/home/pacl/Documents/Repository/chipwhisperer/firmware/mcu/simpleserial/simpleserial.c ****     }
 213              		.loc 1 289 31 is_stmt 0 view .LVU55
 214 002e 03F85E1C 		strb	r1, [r3, #-94]
 286:/home/pacl/Documents/Repository/chipwhisperer/firmware/mcu/simpleserial/simpleserial.c ****         repr_cmd_buf[i].c = commands[i].c;
 215              		.loc 1 286 53 is_stmt 1 discriminator 3 view .LVU56
 216              	.LVL13:
 286:/home/pacl/Documents/Repository/chipwhisperer/firmware/mcu/simpleserial/simpleserial.c ****         repr_cmd_buf[i].c = commands[i].c;
 217              		.loc 1 286 27 discriminator 1 view .LVU57
 218 0032 1346     		mov	r3, r2
 219 0034 EBDB     		blt	.L9
 220              	.LVL14:
 221              	.L8:
 286:/home/pacl/Documents/Repository/chipwhisperer/firmware/mcu/simpleserial/simpleserial.c ****         repr_cmd_buf[i].c = commands[i].c;
 222              		.loc 1 286 27 is_stmt 0 discriminator 1 view .LVU58
 223              	.LBE48:
 292:/home/pacl/Documents/Repository/chipwhisperer/firmware/mcu/simpleserial/simpleserial.c ****     return 0x00;
 224              		.loc 1 292 5 is_stmt 1 view .LVU59
 225 0036 05EB4507 		add	r7, r5, r5, lsl #1
 226              	.LBB49:
 227              	.LBB50:
 228              	.LBB51:
 432:/home/pacl/Documents/Repository/chipwhisperer/firmware/mcu/simpleserial/simpleserial.c **** 
 229              		.loc 1 432 2 is_stmt 0 view .LVU60
 230 003a 7220     		movs	r0, #114
 231              	.LBE51:
 232              	.LBE50:
 233              	.LBE49:
 292:/home/pacl/Documents/Repository/chipwhisperer/firmware/mcu/simpleserial/simpleserial.c ****     return 0x00;
 234              		.loc 1 292 5 view .LVU61
 235 003c FFB2     		uxtb	r7, r7
 236              	.LVL15:
 237              	.LBB55:
 238              	.LBI49:
 428:/home/pacl/Documents/Repository/chipwhisperer/firmware/mcu/simpleserial/simpleserial.c **** {
 239              		.loc 1 428 6 is_stmt 1 view .LVU62
 431:/home/pacl/Documents/Repository/chipwhisperer/firmware/mcu/simpleserial/simpleserial.c **** 	putch(c);
 240              		.loc 1 431 5 view .LVU63
 241              	.LBB54:
 242              	.LBI50:
 428:/home/pacl/Documents/Repository/chipwhisperer/firmware/mcu/simpleserial/simpleserial.c **** {
 243              		.loc 1 428 6 view .LVU64
 244              	.LBB53:
 432:/home/pacl/Documents/Repository/chipwhisperer/firmware/mcu/simpleserial/simpleserial.c **** 
 245              		.loc 1 432 2 view .LVU65
 246 003e FFF7FEFF 		bl	putch
 247              	.LVL16:
 435:/home/pacl/Documents/Repository/chipwhisperer/firmware/mcu/simpleserial/simpleserial.c **** 	{
 248              		.loc 1 435 2 view .LVU66
 249              	.LBB52:
 435:/home/pacl/Documents/Repository/chipwhisperer/firmware/mcu/simpleserial/simpleserial.c **** 	{
 250              		.loc 1 435 6 view .LVU67
 435:/home/pacl/Documents/Repository/chipwhisperer/firmware/mcu/simpleserial/simpleserial.c **** 	{
 251              		.loc 1 435 19 discriminator 1 view .LVU68
 252 0042 7DB1     		cbz	r5, .L10
 253 0044 6D46     		mov	r5, sp
 254 0046 0B4E     		ldr	r6, .L21+4
 255 0048 2F44     		add	r7, r7, r5
 256              	.LVL17:
 257              	.L11:
 437:/home/pacl/Documents/Repository/chipwhisperer/firmware/mcu/simpleserial/simpleserial.c **** 		putch(hex_lookup[output[i] & 0xF]);
 258              		.loc 1 437 3 view .LVU69
 437:/home/pacl/Documents/Repository/chipwhisperer/firmware/mcu/simpleserial/simpleserial.c **** 		putch(hex_lookup[output[i] & 0xF]);
 259              		.loc 1 437 26 is_stmt 0 view .LVU70
 260 004a 15F8014B 		ldrb	r4, [r5], #1	@ zero_extendqisi2
 261              	.LVL18:
 437:/home/pacl/Documents/Repository/chipwhisperer/firmware/mcu/simpleserial/simpleserial.c **** 		putch(hex_lookup[output[i] & 0xF]);
 262              		.loc 1 437 30 view .LVU71
 263 004e 2309     		lsrs	r3, r4, #4
 438:/home/pacl/Documents/Repository/chipwhisperer/firmware/mcu/simpleserial/simpleserial.c **** 	}
 264              		.loc 1 438 30 view .LVU72
 265 0050 04F00F04 		and	r4, r4, #15
 437:/home/pacl/Documents/Repository/chipwhisperer/firmware/mcu/simpleserial/simpleserial.c **** 		putch(hex_lookup[output[i] & 0xF]);
 266              		.loc 1 437 3 view .LVU73
 267 0054 F05C     		ldrb	r0, [r6, r3]	@ zero_extendqisi2
 268 0056 FFF7FEFF 		bl	putch
 269              	.LVL19:
 438:/home/pacl/Documents/Repository/chipwhisperer/firmware/mcu/simpleserial/simpleserial.c **** 	}
 270              		.loc 1 438 3 is_stmt 1 view .LVU74
 271 005a 305D     		ldrb	r0, [r6, r4]	@ zero_extendqisi2
 272 005c FFF7FEFF 		bl	putch
 273              	.LVL20:
 435:/home/pacl/Documents/Repository/chipwhisperer/firmware/mcu/simpleserial/simpleserial.c **** 	{
 274              		.loc 1 435 28 discriminator 3 view .LVU75
 435:/home/pacl/Documents/Repository/chipwhisperer/firmware/mcu/simpleserial/simpleserial.c **** 	{
 275              		.loc 1 435 19 discriminator 1 view .LVU76
 276 0060 AF42     		cmp	r7, r5
 277 0062 F2D1     		bne	.L11
 278              	.LVL21:
 279              	.L10:
 435:/home/pacl/Documents/Repository/chipwhisperer/firmware/mcu/simpleserial/simpleserial.c **** 	{
 280              		.loc 1 435 19 is_stmt 0 discriminator 1 view .LVU77
 281              	.LBE52:
 282              		.loc 1 442 2 is_stmt 1 view .LVU78
 283 0064 0A20     		movs	r0, #10
 284 0066 FFF7FEFF 		bl	putch
 285              	.LVL22:
 286              		.loc 1 442 2 is_stmt 0 view .LVU79
 287              	.LBE53:
 288              	.LBE54:
 289              	.LBE55:
 293:/home/pacl/Documents/Repository/chipwhisperer/firmware/mcu/simpleserial/simpleserial.c **** }
 290              		.loc 1 293 5 is_stmt 1 view .LVU80
 294:/home/pacl/Documents/Repository/chipwhisperer/firmware/mcu/simpleserial/simpleserial.c **** 
 291              		.loc 1 294 1 is_stmt 0 view .LVU81
 292 006a 0020     		movs	r0, #0
 293 006c 19B0     		add	sp, sp, #100
 294              	.LCFI3:
 295              		.cfi_def_cfa_offset 20
 296              		@ sp needed
 297 006e F0BD     		pop	{r4, r5, r6, r7, pc}
 298              	.L22:
 299              		.align	2
 300              	.L21:
 301 0070 00000000 		.word	.LANCHOR0
 302 0074 00000000 		.word	.LANCHOR1
 303              		.cfi_endproc
 304              	.LFE3:
 306              		.section	.text.ss_crc,"ax",%progbits
 307              		.align	1
 308              		.p2align 2,,3
 309              		.global	ss_crc
 310              		.syntax unified
 311              		.thumb
 312              		.thumb_func
 314              	ss_crc:
 315              	.LVL23:
 316              	.LFB0:
  20:/home/pacl/Documents/Repository/chipwhisperer/firmware/mcu/simpleserial/simpleserial.c **** 	unsigned int k = 0;
 317              		.loc 1 20 1 is_stmt 1 view -0
 318              		.cfi_startproc
 319              		@ args = 0, pretend = 0, frame = 0
 320              		@ frame_needed = 0, uses_anonymous_args = 0
 321              		@ link register save eliminated.
  23:/home/pacl/Documents/Repository/chipwhisperer/firmware/mcu/simpleserial/simpleserial.c **** 		crc ^= *buf++;
 322              		.loc 1 23 12 is_stmt 0 view .LVU83
 323 0000 4B1E     		subs	r3, r1, #1
  20:/home/pacl/Documents/Repository/chipwhisperer/firmware/mcu/simpleserial/simpleserial.c **** 	unsigned int k = 0;
 324              		.loc 1 20 1 view .LVU84
 325 0002 0246     		mov	r2, r0
  21:/home/pacl/Documents/Repository/chipwhisperer/firmware/mcu/simpleserial/simpleserial.c **** 	uint8_t crc = 0x00;
 326              		.loc 1 21 2 is_stmt 1 view .LVU85
 327              	.LVL24:
  22:/home/pacl/Documents/Repository/chipwhisperer/firmware/mcu/simpleserial/simpleserial.c **** 	while (len--) {
 328              		.loc 1 22 2 view .LVU86
  23:/home/pacl/Documents/Repository/chipwhisperer/firmware/mcu/simpleserial/simpleserial.c **** 		crc ^= *buf++;
 329              		.loc 1 23 2 view .LVU87
  23:/home/pacl/Documents/Repository/chipwhisperer/firmware/mcu/simpleserial/simpleserial.c **** 		crc ^= *buf++;
 330              		.loc 1 23 9 view .LVU88
  23:/home/pacl/Documents/Repository/chipwhisperer/firmware/mcu/simpleserial/simpleserial.c **** 		crc ^= *buf++;
 331              		.loc 1 23 12 is_stmt 0 view .LVU89
 332 0004 DBB2     		uxtb	r3, r3
 333              	.LVL25:
  23:/home/pacl/Documents/Repository/chipwhisperer/firmware/mcu/simpleserial/simpleserial.c **** 		crc ^= *buf++;
 334              		.loc 1 23 9 view .LVU90
 335 0006 0029     		cmp	r1, #0
 336 0008 75D0     		beq	.L42
 337 000a 0133     		adds	r3, r3, #1
 338              	.LVL26:
  23:/home/pacl/Documents/Repository/chipwhisperer/firmware/mcu/simpleserial/simpleserial.c **** 		crc ^= *buf++;
 339              		.loc 1 23 9 view .LVU91
 340 000c C118     		adds	r1, r0, r3
  22:/home/pacl/Documents/Repository/chipwhisperer/firmware/mcu/simpleserial/simpleserial.c **** 	while (len--) {
 341              		.loc 1 22 10 view .LVU92
 342 000e 0020     		movs	r0, #0
 343              	.LVL27:
  22:/home/pacl/Documents/Repository/chipwhisperer/firmware/mcu/simpleserial/simpleserial.c **** 	while (len--) {
 344              		.loc 1 22 10 view .LVU93
 345 0010 2BE0     		b	.L41
 346              	.LVL28:
 347              	.L45:
  26:/home/pacl/Documents/Repository/chipwhisperer/firmware/mcu/simpleserial/simpleserial.c **** 		}
 348              		.loc 1 26 8 discriminator 2 view .LVU94
 349 0012 5B00     		lsls	r3, r3, #1
 350              	.LVL29:
  26:/home/pacl/Documents/Repository/chipwhisperer/firmware/mcu/simpleserial/simpleserial.c **** 		}
 351              		.loc 1 26 8 discriminator 2 view .LVU95
 352 0014 5FFA83FC 		uxtb	ip, r3
  26:/home/pacl/Documents/Repository/chipwhisperer/firmware/mcu/simpleserial/simpleserial.c **** 		}
 353              		.loc 1 26 21 view .LVU96
 354 0018 5BB2     		sxtb	r3, r3
 355              	.LVL30:
  25:/home/pacl/Documents/Repository/chipwhisperer/firmware/mcu/simpleserial/simpleserial.c **** 			crc = crc & 0x80 ? (crc << 1) ^ CW_CRC: crc << 1;
 356              		.loc 1 25 23 is_stmt 1 discriminator 2 view .LVU97
  25:/home/pacl/Documents/Repository/chipwhisperer/firmware/mcu/simpleserial/simpleserial.c **** 			crc = crc & 0x80 ? (crc << 1) ^ CW_CRC: crc << 1;
 357              		.loc 1 25 17 discriminator 1 view .LVU98
  26:/home/pacl/Documents/Repository/chipwhisperer/firmware/mcu/simpleserial/simpleserial.c **** 		}
 358              		.loc 1 26 4 view .LVU99
  26:/home/pacl/Documents/Repository/chipwhisperer/firmware/mcu/simpleserial/simpleserial.c **** 		}
 359              		.loc 1 26 8 is_stmt 0 view .LVU100
 360 001a 002B     		cmp	r3, #0
 361 001c 35DB     		blt	.L27
 362              	.L46:
  26:/home/pacl/Documents/Repository/chipwhisperer/firmware/mcu/simpleserial/simpleserial.c **** 		}
 363              		.loc 1 26 8 discriminator 2 view .LVU101
 364 001e 4FEA4C0C 		lsl	ip, ip, #1
 365              	.LVL31:
  26:/home/pacl/Documents/Repository/chipwhisperer/firmware/mcu/simpleserial/simpleserial.c **** 		}
 366              		.loc 1 26 8 discriminator 2 view .LVU102
 367 0022 5FFA8CF0 		uxtb	r0, ip
  26:/home/pacl/Documents/Repository/chipwhisperer/firmware/mcu/simpleserial/simpleserial.c **** 		}
 368              		.loc 1 26 21 view .LVU103
 369 0026 4FFA8CFC 		sxtb	ip, ip
 370              	.LVL32:
  25:/home/pacl/Documents/Repository/chipwhisperer/firmware/mcu/simpleserial/simpleserial.c **** 			crc = crc & 0x80 ? (crc << 1) ^ CW_CRC: crc << 1;
 371              		.loc 1 25 23 is_stmt 1 discriminator 2 view .LVU104
  25:/home/pacl/Documents/Repository/chipwhisperer/firmware/mcu/simpleserial/simpleserial.c **** 			crc = crc & 0x80 ? (crc << 1) ^ CW_CRC: crc << 1;
 372              		.loc 1 25 17 discriminator 1 view .LVU105
  26:/home/pacl/Documents/Repository/chipwhisperer/firmware/mcu/simpleserial/simpleserial.c **** 		}
 373              		.loc 1 26 4 view .LVU106
  26:/home/pacl/Documents/Repository/chipwhisperer/firmware/mcu/simpleserial/simpleserial.c **** 		}
 374              		.loc 1 26 8 is_stmt 0 view .LVU107
 375 002a BCF1000F 		cmp	ip, #0
 376 002e 35DB     		blt	.L29
 377              	.L47:
  26:/home/pacl/Documents/Repository/chipwhisperer/firmware/mcu/simpleserial/simpleserial.c **** 		}
 378              		.loc 1 26 8 discriminator 2 view .LVU108
 379 0030 4000     		lsls	r0, r0, #1
 380              	.LVL33:
  26:/home/pacl/Documents/Repository/chipwhisperer/firmware/mcu/simpleserial/simpleserial.c **** 		}
 381              		.loc 1 26 8 discriminator 2 view .LVU109
 382 0032 C3B2     		uxtb	r3, r0
  26:/home/pacl/Documents/Repository/chipwhisperer/firmware/mcu/simpleserial/simpleserial.c **** 		}
 383              		.loc 1 26 21 view .LVU110
 384 0034 40B2     		sxtb	r0, r0
 385              	.LVL34:
  25:/home/pacl/Documents/Repository/chipwhisperer/firmware/mcu/simpleserial/simpleserial.c **** 			crc = crc & 0x80 ? (crc << 1) ^ CW_CRC: crc << 1;
 386              		.loc 1 25 23 is_stmt 1 discriminator 2 view .LVU111
  25:/home/pacl/Documents/Repository/chipwhisperer/firmware/mcu/simpleserial/simpleserial.c **** 			crc = crc & 0x80 ? (crc << 1) ^ CW_CRC: crc << 1;
 387              		.loc 1 25 17 discriminator 1 view .LVU112
  26:/home/pacl/Documents/Repository/chipwhisperer/firmware/mcu/simpleserial/simpleserial.c **** 		}
 388              		.loc 1 26 4 view .LVU113
  26:/home/pacl/Documents/Repository/chipwhisperer/firmware/mcu/simpleserial/simpleserial.c **** 		}
 389              		.loc 1 26 8 is_stmt 0 view .LVU114
 390 0036 0028     		cmp	r0, #0
 391 0038 3ADB     		blt	.L31
 392              	.L48:
  26:/home/pacl/Documents/Repository/chipwhisperer/firmware/mcu/simpleserial/simpleserial.c **** 		}
 393              		.loc 1 26 8 discriminator 2 view .LVU115
 394 003a 5B00     		lsls	r3, r3, #1
 395              	.LVL35:
  26:/home/pacl/Documents/Repository/chipwhisperer/firmware/mcu/simpleserial/simpleserial.c **** 		}
 396              		.loc 1 26 8 discriminator 2 view .LVU116
 397 003c D8B2     		uxtb	r0, r3
  26:/home/pacl/Documents/Repository/chipwhisperer/firmware/mcu/simpleserial/simpleserial.c **** 		}
 398              		.loc 1 26 21 view .LVU117
 399 003e 5BB2     		sxtb	r3, r3
 400              	.LVL36:
  25:/home/pacl/Documents/Repository/chipwhisperer/firmware/mcu/simpleserial/simpleserial.c **** 			crc = crc & 0x80 ? (crc << 1) ^ CW_CRC: crc << 1;
 401              		.loc 1 25 23 is_stmt 1 discriminator 2 view .LVU118
  25:/home/pacl/Documents/Repository/chipwhisperer/firmware/mcu/simpleserial/simpleserial.c **** 			crc = crc & 0x80 ? (crc << 1) ^ CW_CRC: crc << 1;
 402              		.loc 1 25 17 discriminator 1 view .LVU119
  26:/home/pacl/Documents/Repository/chipwhisperer/firmware/mcu/simpleserial/simpleserial.c **** 		}
 403              		.loc 1 26 4 view .LVU120
  26:/home/pacl/Documents/Repository/chipwhisperer/firmware/mcu/simpleserial/simpleserial.c **** 		}
 404              		.loc 1 26 8 is_stmt 0 view .LVU121
 405 0040 002B     		cmp	r3, #0
 406 0042 3CDB     		blt	.L33
 407              	.L49:
  26:/home/pacl/Documents/Repository/chipwhisperer/firmware/mcu/simpleserial/simpleserial.c **** 		}
 408              		.loc 1 26 8 discriminator 2 view .LVU122
 409 0044 4000     		lsls	r0, r0, #1
 410              	.LVL37:
  26:/home/pacl/Documents/Repository/chipwhisperer/firmware/mcu/simpleserial/simpleserial.c **** 		}
 411              		.loc 1 26 8 discriminator 2 view .LVU123
 412 0046 C3B2     		uxtb	r3, r0
  26:/home/pacl/Documents/Repository/chipwhisperer/firmware/mcu/simpleserial/simpleserial.c **** 		}
 413              		.loc 1 26 21 view .LVU124
 414 0048 40B2     		sxtb	r0, r0
 415              	.LVL38:
  25:/home/pacl/Documents/Repository/chipwhisperer/firmware/mcu/simpleserial/simpleserial.c **** 			crc = crc & 0x80 ? (crc << 1) ^ CW_CRC: crc << 1;
 416              		.loc 1 25 23 is_stmt 1 discriminator 2 view .LVU125
  25:/home/pacl/Documents/Repository/chipwhisperer/firmware/mcu/simpleserial/simpleserial.c **** 			crc = crc & 0x80 ? (crc << 1) ^ CW_CRC: crc << 1;
 417              		.loc 1 25 17 discriminator 1 view .LVU126
  26:/home/pacl/Documents/Repository/chipwhisperer/firmware/mcu/simpleserial/simpleserial.c **** 		}
 418              		.loc 1 26 4 view .LVU127
  26:/home/pacl/Documents/Repository/chipwhisperer/firmware/mcu/simpleserial/simpleserial.c **** 		}
 419              		.loc 1 26 8 is_stmt 0 view .LVU128
 420 004a 0028     		cmp	r0, #0
 421 004c 3EDB     		blt	.L35
 422              	.L50:
  26:/home/pacl/Documents/Repository/chipwhisperer/firmware/mcu/simpleserial/simpleserial.c **** 		}
 423              		.loc 1 26 8 discriminator 2 view .LVU129
 424 004e 5B00     		lsls	r3, r3, #1
 425              	.LVL39:
  26:/home/pacl/Documents/Repository/chipwhisperer/firmware/mcu/simpleserial/simpleserial.c **** 		}
 426              		.loc 1 26 8 discriminator 2 view .LVU130
 427 0050 D8B2     		uxtb	r0, r3
  26:/home/pacl/Documents/Repository/chipwhisperer/firmware/mcu/simpleserial/simpleserial.c **** 		}
 428              		.loc 1 26 21 view .LVU131
 429 0052 5BB2     		sxtb	r3, r3
 430              	.LVL40:
  25:/home/pacl/Documents/Repository/chipwhisperer/firmware/mcu/simpleserial/simpleserial.c **** 			crc = crc & 0x80 ? (crc << 1) ^ CW_CRC: crc << 1;
 431              		.loc 1 25 23 is_stmt 1 discriminator 2 view .LVU132
  25:/home/pacl/Documents/Repository/chipwhisperer/firmware/mcu/simpleserial/simpleserial.c **** 			crc = crc & 0x80 ? (crc << 1) ^ CW_CRC: crc << 1;
 432              		.loc 1 25 17 discriminator 1 view .LVU133
  26:/home/pacl/Documents/Repository/chipwhisperer/firmware/mcu/simpleserial/simpleserial.c **** 		}
 433              		.loc 1 26 4 view .LVU134
  26:/home/pacl/Documents/Repository/chipwhisperer/firmware/mcu/simpleserial/simpleserial.c **** 		}
 434              		.loc 1 26 8 is_stmt 0 view .LVU135
 435 0054 002B     		cmp	r3, #0
 436 0056 40DB     		blt	.L37
 437              	.L51:
  26:/home/pacl/Documents/Repository/chipwhisperer/firmware/mcu/simpleserial/simpleserial.c **** 		}
 438              		.loc 1 26 8 discriminator 2 view .LVU136
 439 0058 4000     		lsls	r0, r0, #1
 440              	.LVL41:
  26:/home/pacl/Documents/Repository/chipwhisperer/firmware/mcu/simpleserial/simpleserial.c **** 		}
 441              		.loc 1 26 8 discriminator 2 view .LVU137
 442 005a C3B2     		uxtb	r3, r0
  26:/home/pacl/Documents/Repository/chipwhisperer/firmware/mcu/simpleserial/simpleserial.c **** 		}
 443              		.loc 1 26 21 view .LVU138
 444 005c 40B2     		sxtb	r0, r0
 445              	.LVL42:
  25:/home/pacl/Documents/Repository/chipwhisperer/firmware/mcu/simpleserial/simpleserial.c **** 			crc = crc & 0x80 ? (crc << 1) ^ CW_CRC: crc << 1;
 446              		.loc 1 25 23 is_stmt 1 discriminator 2 view .LVU139
  25:/home/pacl/Documents/Repository/chipwhisperer/firmware/mcu/simpleserial/simpleserial.c **** 			crc = crc & 0x80 ? (crc << 1) ^ CW_CRC: crc << 1;
 447              		.loc 1 25 17 discriminator 1 view .LVU140
  26:/home/pacl/Documents/Repository/chipwhisperer/firmware/mcu/simpleserial/simpleserial.c **** 		}
 448              		.loc 1 26 4 view .LVU141
  26:/home/pacl/Documents/Repository/chipwhisperer/firmware/mcu/simpleserial/simpleserial.c **** 		}
 449              		.loc 1 26 8 is_stmt 0 view .LVU142
 450 005e 0028     		cmp	r0, #0
 451 0060 42DB     		blt	.L39
 452              	.L52:
  26:/home/pacl/Documents/Repository/chipwhisperer/firmware/mcu/simpleserial/simpleserial.c **** 		}
 453              		.loc 1 26 8 discriminator 2 view .LVU143
 454 0062 5B00     		lsls	r3, r3, #1
 455              	.LVL43:
  23:/home/pacl/Documents/Repository/chipwhisperer/firmware/mcu/simpleserial/simpleserial.c **** 		crc ^= *buf++;
 456              		.loc 1 23 9 view .LVU144
 457 0064 9142     		cmp	r1, r2
  26:/home/pacl/Documents/Repository/chipwhisperer/firmware/mcu/simpleserial/simpleserial.c **** 		}
 458              		.loc 1 26 8 discriminator 2 view .LVU145
 459 0066 D8B2     		uxtb	r0, r3
 460              	.LVL44:
  23:/home/pacl/Documents/Repository/chipwhisperer/firmware/mcu/simpleserial/simpleserial.c **** 		crc ^= *buf++;
 461              		.loc 1 23 9 is_stmt 1 view .LVU146
  23:/home/pacl/Documents/Repository/chipwhisperer/firmware/mcu/simpleserial/simpleserial.c **** 		crc ^= *buf++;
 462              		.loc 1 23 9 is_stmt 0 view .LVU147
 463 0068 44D0     		beq	.L44
 464              	.LVL45:
 465              	.L41:
  24:/home/pacl/Documents/Repository/chipwhisperer/firmware/mcu/simpleserial/simpleserial.c **** 		for (k = 0; k < 8; k++) {
 466              		.loc 1 24 3 is_stmt 1 view .LVU148
  24:/home/pacl/Documents/Repository/chipwhisperer/firmware/mcu/simpleserial/simpleserial.c **** 		for (k = 0; k < 8; k++) {
 467              		.loc 1 24 7 is_stmt 0 view .LVU149
 468 006a 12F8013B 		ldrb	r3, [r2], #1	@ zero_extendqisi2
 469              	.LVL46:
  24:/home/pacl/Documents/Repository/chipwhisperer/firmware/mcu/simpleserial/simpleserial.c **** 		for (k = 0; k < 8; k++) {
 470              		.loc 1 24 7 view .LVU150
 471 006e 4340     		eors	r3, r3, r0
 472              	.LVL47:
  25:/home/pacl/Documents/Repository/chipwhisperer/firmware/mcu/simpleserial/simpleserial.c **** 			crc = crc & 0x80 ? (crc << 1) ^ CW_CRC: crc << 1;
 473              		.loc 1 25 3 is_stmt 1 view .LVU151
  25:/home/pacl/Documents/Repository/chipwhisperer/firmware/mcu/simpleserial/simpleserial.c **** 			crc = crc & 0x80 ? (crc << 1) ^ CW_CRC: crc << 1;
 474              		.loc 1 25 17 discriminator 1 view .LVU152
  26:/home/pacl/Documents/Repository/chipwhisperer/firmware/mcu/simpleserial/simpleserial.c **** 		}
 475              		.loc 1 26 4 view .LVU153
  26:/home/pacl/Documents/Repository/chipwhisperer/firmware/mcu/simpleserial/simpleserial.c **** 		}
 476              		.loc 1 26 21 is_stmt 0 view .LVU154
 477 0070 58B2     		sxtb	r0, r3
  26:/home/pacl/Documents/Repository/chipwhisperer/firmware/mcu/simpleserial/simpleserial.c **** 		}
 478              		.loc 1 26 8 view .LVU155
 479 0072 0028     		cmp	r0, #0
 480 0074 CDDA     		bge	.L45
  26:/home/pacl/Documents/Repository/chipwhisperer/firmware/mcu/simpleserial/simpleserial.c **** 		}
 481              		.loc 1 26 34 discriminator 1 view .LVU156
 482 0076 4FEA400C 		lsl	ip, r0, #1
 483 007a 8CF04D0C 		eor	ip, ip, #77
 484 007e 4FFA8CF3 		sxtb	r3, ip
 485              	.LVL48:
  26:/home/pacl/Documents/Repository/chipwhisperer/firmware/mcu/simpleserial/simpleserial.c **** 		}
 486              		.loc 1 26 8 view .LVU157
 487 0082 002B     		cmp	r3, #0
  26:/home/pacl/Documents/Repository/chipwhisperer/firmware/mcu/simpleserial/simpleserial.c **** 		}
 488              		.loc 1 26 8 discriminator 1 view .LVU158
 489 0084 5FFA8CFC 		uxtb	ip, ip
 490              	.LVL49:
  25:/home/pacl/Documents/Repository/chipwhisperer/firmware/mcu/simpleserial/simpleserial.c **** 			crc = crc & 0x80 ? (crc << 1) ^ CW_CRC: crc << 1;
 491              		.loc 1 25 23 is_stmt 1 discriminator 2 view .LVU159
  25:/home/pacl/Documents/Repository/chipwhisperer/firmware/mcu/simpleserial/simpleserial.c **** 			crc = crc & 0x80 ? (crc << 1) ^ CW_CRC: crc << 1;
 492              		.loc 1 25 17 discriminator 1 view .LVU160
  26:/home/pacl/Documents/Repository/chipwhisperer/firmware/mcu/simpleserial/simpleserial.c **** 		}
 493              		.loc 1 26 4 view .LVU161
  26:/home/pacl/Documents/Repository/chipwhisperer/firmware/mcu/simpleserial/simpleserial.c **** 		}
 494              		.loc 1 26 8 is_stmt 0 view .LVU162
 495 0088 C9DA     		bge	.L46
 496              	.L27:
  26:/home/pacl/Documents/Repository/chipwhisperer/firmware/mcu/simpleserial/simpleserial.c **** 		}
 497              		.loc 1 26 34 discriminator 1 view .LVU163
 498 008a 5B00     		lsls	r3, r3, #1
 499 008c 83F04D03 		eor	r3, r3, #77
 500 0090 4FFA83FC 		sxtb	ip, r3
 501              	.LVL50:
  26:/home/pacl/Documents/Repository/chipwhisperer/firmware/mcu/simpleserial/simpleserial.c **** 		}
 502              		.loc 1 26 8 view .LVU164
 503 0094 BCF1000F 		cmp	ip, #0
  26:/home/pacl/Documents/Repository/chipwhisperer/firmware/mcu/simpleserial/simpleserial.c **** 		}
 504              		.loc 1 26 8 discriminator 1 view .LVU165
 505 0098 D8B2     		uxtb	r0, r3
 506              	.LVL51:
  25:/home/pacl/Documents/Repository/chipwhisperer/firmware/mcu/simpleserial/simpleserial.c **** 			crc = crc & 0x80 ? (crc << 1) ^ CW_CRC: crc << 1;
 507              		.loc 1 25 23 is_stmt 1 discriminator 2 view .LVU166
  25:/home/pacl/Documents/Repository/chipwhisperer/firmware/mcu/simpleserial/simpleserial.c **** 			crc = crc & 0x80 ? (crc << 1) ^ CW_CRC: crc << 1;
 508              		.loc 1 25 17 discriminator 1 view .LVU167
  26:/home/pacl/Documents/Repository/chipwhisperer/firmware/mcu/simpleserial/simpleserial.c **** 		}
 509              		.loc 1 26 4 view .LVU168
  26:/home/pacl/Documents/Repository/chipwhisperer/firmware/mcu/simpleserial/simpleserial.c **** 		}
 510              		.loc 1 26 8 is_stmt 0 view .LVU169
 511 009a C9DA     		bge	.L47
 512              	.L29:
  26:/home/pacl/Documents/Repository/chipwhisperer/firmware/mcu/simpleserial/simpleserial.c **** 		}
 513              		.loc 1 26 34 discriminator 1 view .LVU170
 514 009c 4FEA4C0C 		lsl	ip, ip, #1
 515 00a0 8CF04D0C 		eor	ip, ip, #77
 516 00a4 4FFA8CF0 		sxtb	r0, ip
 517              	.LVL52:
  26:/home/pacl/Documents/Repository/chipwhisperer/firmware/mcu/simpleserial/simpleserial.c **** 		}
 518              		.loc 1 26 8 view .LVU171
 519 00a8 0028     		cmp	r0, #0
  26:/home/pacl/Documents/Repository/chipwhisperer/firmware/mcu/simpleserial/simpleserial.c **** 		}
 520              		.loc 1 26 8 discriminator 1 view .LVU172
 521 00aa 5FFA8CF3 		uxtb	r3, ip
 522              	.LVL53:
  25:/home/pacl/Documents/Repository/chipwhisperer/firmware/mcu/simpleserial/simpleserial.c **** 			crc = crc & 0x80 ? (crc << 1) ^ CW_CRC: crc << 1;
 523              		.loc 1 25 23 is_stmt 1 discriminator 2 view .LVU173
  25:/home/pacl/Documents/Repository/chipwhisperer/firmware/mcu/simpleserial/simpleserial.c **** 			crc = crc & 0x80 ? (crc << 1) ^ CW_CRC: crc << 1;
 524              		.loc 1 25 17 discriminator 1 view .LVU174
  26:/home/pacl/Documents/Repository/chipwhisperer/firmware/mcu/simpleserial/simpleserial.c **** 		}
 525              		.loc 1 26 4 view .LVU175
  26:/home/pacl/Documents/Repository/chipwhisperer/firmware/mcu/simpleserial/simpleserial.c **** 		}
 526              		.loc 1 26 8 is_stmt 0 view .LVU176
 527 00ae C4DA     		bge	.L48
 528              	.L31:
  26:/home/pacl/Documents/Repository/chipwhisperer/firmware/mcu/simpleserial/simpleserial.c **** 		}
 529              		.loc 1 26 34 discriminator 1 view .LVU177
 530 00b0 4000     		lsls	r0, r0, #1
 531 00b2 80F04D00 		eor	r0, r0, #77
 532 00b6 43B2     		sxtb	r3, r0
 533              	.LVL54:
  26:/home/pacl/Documents/Repository/chipwhisperer/firmware/mcu/simpleserial/simpleserial.c **** 		}
 534              		.loc 1 26 8 view .LVU178
 535 00b8 002B     		cmp	r3, #0
  26:/home/pacl/Documents/Repository/chipwhisperer/firmware/mcu/simpleserial/simpleserial.c **** 		}
 536              		.loc 1 26 8 discriminator 1 view .LVU179
 537 00ba C0B2     		uxtb	r0, r0
 538              	.LVL55:
  25:/home/pacl/Documents/Repository/chipwhisperer/firmware/mcu/simpleserial/simpleserial.c **** 			crc = crc & 0x80 ? (crc << 1) ^ CW_CRC: crc << 1;
 539              		.loc 1 25 23 is_stmt 1 discriminator 2 view .LVU180
  25:/home/pacl/Documents/Repository/chipwhisperer/firmware/mcu/simpleserial/simpleserial.c **** 			crc = crc & 0x80 ? (crc << 1) ^ CW_CRC: crc << 1;
 540              		.loc 1 25 17 discriminator 1 view .LVU181
  26:/home/pacl/Documents/Repository/chipwhisperer/firmware/mcu/simpleserial/simpleserial.c **** 		}
 541              		.loc 1 26 4 view .LVU182
  26:/home/pacl/Documents/Repository/chipwhisperer/firmware/mcu/simpleserial/simpleserial.c **** 		}
 542              		.loc 1 26 8 is_stmt 0 view .LVU183
 543 00bc C2DA     		bge	.L49
 544              	.L33:
  26:/home/pacl/Documents/Repository/chipwhisperer/firmware/mcu/simpleserial/simpleserial.c **** 		}
 545              		.loc 1 26 34 discriminator 1 view .LVU184
 546 00be 5B00     		lsls	r3, r3, #1
 547 00c0 83F04D03 		eor	r3, r3, #77
 548 00c4 58B2     		sxtb	r0, r3
 549              	.LVL56:
  26:/home/pacl/Documents/Repository/chipwhisperer/firmware/mcu/simpleserial/simpleserial.c **** 		}
 550              		.loc 1 26 8 view .LVU185
 551 00c6 0028     		cmp	r0, #0
  26:/home/pacl/Documents/Repository/chipwhisperer/firmware/mcu/simpleserial/simpleserial.c **** 		}
 552              		.loc 1 26 8 discriminator 1 view .LVU186
 553 00c8 DBB2     		uxtb	r3, r3
 554              	.LVL57:
  25:/home/pacl/Documents/Repository/chipwhisperer/firmware/mcu/simpleserial/simpleserial.c **** 			crc = crc & 0x80 ? (crc << 1) ^ CW_CRC: crc << 1;
 555              		.loc 1 25 23 is_stmt 1 discriminator 2 view .LVU187
  25:/home/pacl/Documents/Repository/chipwhisperer/firmware/mcu/simpleserial/simpleserial.c **** 			crc = crc & 0x80 ? (crc << 1) ^ CW_CRC: crc << 1;
 556              		.loc 1 25 17 discriminator 1 view .LVU188
  26:/home/pacl/Documents/Repository/chipwhisperer/firmware/mcu/simpleserial/simpleserial.c **** 		}
 557              		.loc 1 26 4 view .LVU189
  26:/home/pacl/Documents/Repository/chipwhisperer/firmware/mcu/simpleserial/simpleserial.c **** 		}
 558              		.loc 1 26 8 is_stmt 0 view .LVU190
 559 00ca C0DA     		bge	.L50
 560              	.L35:
  26:/home/pacl/Documents/Repository/chipwhisperer/firmware/mcu/simpleserial/simpleserial.c **** 		}
 561              		.loc 1 26 34 discriminator 1 view .LVU191
 562 00cc 4000     		lsls	r0, r0, #1
 563 00ce 80F04D00 		eor	r0, r0, #77
 564 00d2 43B2     		sxtb	r3, r0
 565              	.LVL58:
  26:/home/pacl/Documents/Repository/chipwhisperer/firmware/mcu/simpleserial/simpleserial.c **** 		}
 566              		.loc 1 26 8 view .LVU192
 567 00d4 002B     		cmp	r3, #0
  26:/home/pacl/Documents/Repository/chipwhisperer/firmware/mcu/simpleserial/simpleserial.c **** 		}
 568              		.loc 1 26 8 discriminator 1 view .LVU193
 569 00d6 C0B2     		uxtb	r0, r0
 570              	.LVL59:
  25:/home/pacl/Documents/Repository/chipwhisperer/firmware/mcu/simpleserial/simpleserial.c **** 			crc = crc & 0x80 ? (crc << 1) ^ CW_CRC: crc << 1;
 571              		.loc 1 25 23 is_stmt 1 discriminator 2 view .LVU194
  25:/home/pacl/Documents/Repository/chipwhisperer/firmware/mcu/simpleserial/simpleserial.c **** 			crc = crc & 0x80 ? (crc << 1) ^ CW_CRC: crc << 1;
 572              		.loc 1 25 17 discriminator 1 view .LVU195
  26:/home/pacl/Documents/Repository/chipwhisperer/firmware/mcu/simpleserial/simpleserial.c **** 		}
 573              		.loc 1 26 4 view .LVU196
  26:/home/pacl/Documents/Repository/chipwhisperer/firmware/mcu/simpleserial/simpleserial.c **** 		}
 574              		.loc 1 26 8 is_stmt 0 view .LVU197
 575 00d8 BEDA     		bge	.L51
 576              	.L37:
  26:/home/pacl/Documents/Repository/chipwhisperer/firmware/mcu/simpleserial/simpleserial.c **** 		}
 577              		.loc 1 26 34 discriminator 1 view .LVU198
 578 00da 5B00     		lsls	r3, r3, #1
 579 00dc 83F04D03 		eor	r3, r3, #77
 580 00e0 58B2     		sxtb	r0, r3
 581              	.LVL60:
  26:/home/pacl/Documents/Repository/chipwhisperer/firmware/mcu/simpleserial/simpleserial.c **** 		}
 582              		.loc 1 26 8 view .LVU199
 583 00e2 0028     		cmp	r0, #0
  26:/home/pacl/Documents/Repository/chipwhisperer/firmware/mcu/simpleserial/simpleserial.c **** 		}
 584              		.loc 1 26 8 discriminator 1 view .LVU200
 585 00e4 DBB2     		uxtb	r3, r3
 586              	.LVL61:
  25:/home/pacl/Documents/Repository/chipwhisperer/firmware/mcu/simpleserial/simpleserial.c **** 			crc = crc & 0x80 ? (crc << 1) ^ CW_CRC: crc << 1;
 587              		.loc 1 25 23 is_stmt 1 discriminator 2 view .LVU201
  25:/home/pacl/Documents/Repository/chipwhisperer/firmware/mcu/simpleserial/simpleserial.c **** 			crc = crc & 0x80 ? (crc << 1) ^ CW_CRC: crc << 1;
 588              		.loc 1 25 17 discriminator 1 view .LVU202
  26:/home/pacl/Documents/Repository/chipwhisperer/firmware/mcu/simpleserial/simpleserial.c **** 		}
 589              		.loc 1 26 4 view .LVU203
  26:/home/pacl/Documents/Repository/chipwhisperer/firmware/mcu/simpleserial/simpleserial.c **** 		}
 590              		.loc 1 26 8 is_stmt 0 view .LVU204
 591 00e6 BCDA     		bge	.L52
 592              	.L39:
  26:/home/pacl/Documents/Repository/chipwhisperer/firmware/mcu/simpleserial/simpleserial.c **** 		}
 593              		.loc 1 26 34 discriminator 1 view .LVU205
 594 00e8 4000     		lsls	r0, r0, #1
 595 00ea 80F04D00 		eor	r0, r0, #77
  23:/home/pacl/Documents/Repository/chipwhisperer/firmware/mcu/simpleserial/simpleserial.c **** 		crc ^= *buf++;
 596              		.loc 1 23 9 view .LVU206
 597 00ee 9142     		cmp	r1, r2
  26:/home/pacl/Documents/Repository/chipwhisperer/firmware/mcu/simpleserial/simpleserial.c **** 		}
 598              		.loc 1 26 8 discriminator 1 view .LVU207
 599 00f0 C0B2     		uxtb	r0, r0
 600              	.LVL62:
  23:/home/pacl/Documents/Repository/chipwhisperer/firmware/mcu/simpleserial/simpleserial.c **** 		crc ^= *buf++;
 601              		.loc 1 23 9 is_stmt 1 view .LVU208
  23:/home/pacl/Documents/Repository/chipwhisperer/firmware/mcu/simpleserial/simpleserial.c **** 		crc ^= *buf++;
 602              		.loc 1 23 9 is_stmt 0 view .LVU209
 603 00f2 BAD1     		bne	.L41
 604              	.LVL63:
 605              	.L44:
  23:/home/pacl/Documents/Repository/chipwhisperer/firmware/mcu/simpleserial/simpleserial.c **** 		crc ^= *buf++;
 606              		.loc 1 23 9 view .LVU210
 607 00f4 7047     		bx	lr
 608              	.LVL64:
 609              	.L42:
  22:/home/pacl/Documents/Repository/chipwhisperer/firmware/mcu/simpleserial/simpleserial.c **** 	while (len--) {
 610              		.loc 1 22 10 view .LVU211
 611 00f6 0846     		mov	r0, r1
 612              	.LVL65:
  29:/home/pacl/Documents/Repository/chipwhisperer/firmware/mcu/simpleserial/simpleserial.c **** 
 613              		.loc 1 29 2 is_stmt 1 view .LVU212
  31:/home/pacl/Documents/Repository/chipwhisperer/firmware/mcu/simpleserial/simpleserial.c **** 
 614              		.loc 1 31 1 is_stmt 0 view .LVU213
 615 00f8 7047     		bx	lr
 616              		.cfi_endproc
 617              	.LFE0:
 619              		.section	.text.hex_decode,"ax",%progbits
 620              		.align	1
 621              		.p2align 2,,3
 622              		.global	hex_decode
 623              		.syntax unified
 624              		.thumb
 625              		.thumb_func
 627              	hex_decode:
 628              	.LVL66:
 629              	.LFB4:
 303:/home/pacl/Documents/Repository/chipwhisperer/firmware/mcu/simpleserial/simpleserial.c **** 	for(int i = 0; i < len; i++)
 630              		.loc 1 303 1 is_stmt 1 view -0
 631              		.cfi_startproc
 632              		@ args = 0, pretend = 0, frame = 0
 633              		@ frame_needed = 0, uses_anonymous_args = 0
 304:/home/pacl/Documents/Repository/chipwhisperer/firmware/mcu/simpleserial/simpleserial.c **** 	{
 634              		.loc 1 304 2 view .LVU215
 635              	.LBB58:
 304:/home/pacl/Documents/Repository/chipwhisperer/firmware/mcu/simpleserial/simpleserial.c **** 	{
 636              		.loc 1 304 6 view .LVU216
 304:/home/pacl/Documents/Repository/chipwhisperer/firmware/mcu/simpleserial/simpleserial.c **** 	{
 637              		.loc 1 304 19 discriminator 1 view .LVU217
 638 0000 0028     		cmp	r0, #0
 304:/home/pacl/Documents/Repository/chipwhisperer/firmware/mcu/simpleserial/simpleserial.c **** 	{
 639              		.loc 1 304 19 is_stmt 0 discriminator 1 view .LVU218
 640 0002 4BDD     		ble	.L71
 641              	.LBE58:
 303:/home/pacl/Documents/Repository/chipwhisperer/firmware/mcu/simpleserial/simpleserial.c **** 	for(int i = 0; i < len; i++)
 642              		.loc 1 303 1 view .LVU219
 643 0004 00B5     		push	{lr}
 644              	.LCFI4:
 645              		.cfi_def_cfa_offset 4
 646              		.cfi_offset 14, -4
 647 0006 01EB400C 		add	ip, r1, r0, lsl #1
 648 000a 13E0     		b	.L64
 649              	.LVL67:
 650              	.L56:
 651              	.LBB65:
 652              	.LBB59:
 311:/home/pacl/Documents/Repository/chipwhisperer/firmware/mcu/simpleserial/simpleserial.c **** 			data_buf[i] = n_lo - 'A' + 10;
 653              		.loc 1 311 8 is_stmt 1 view .LVU220
 311:/home/pacl/Documents/Repository/chipwhisperer/firmware/mcu/simpleserial/simpleserial.c **** 			data_buf[i] = n_lo - 'A' + 10;
 654              		.loc 1 311 10 is_stmt 0 view .LVU221
 655 000c A0F14103 		sub	r3, r0, #65
 656 0010 052B     		cmp	r3, #5
 657 0012 2ED8     		bhi	.L58
 312:/home/pacl/Documents/Repository/chipwhisperer/firmware/mcu/simpleserial/simpleserial.c **** 		else if(n_lo >= 'a' && n_lo <= 'f')
 658              		.loc 1 312 4 is_stmt 1 view .LVU222
 312:/home/pacl/Documents/Repository/chipwhisperer/firmware/mcu/simpleserial/simpleserial.c **** 		else if(n_lo >= 'a' && n_lo <= 'f')
 659              		.loc 1 312 29 is_stmt 0 view .LVU223
 660 0014 3738     		subs	r0, r0, #55
 661              	.LVL68:
 312:/home/pacl/Documents/Repository/chipwhisperer/firmware/mcu/simpleserial/simpleserial.c **** 		else if(n_lo >= 'a' && n_lo <= 'f')
 662              		.loc 1 312 29 view .LVU224
 663 0016 C3B2     		uxtb	r3, r0
 318:/home/pacl/Documents/Repository/chipwhisperer/firmware/mcu/simpleserial/simpleserial.c **** 			data_buf[i] |= (n_hi - '0') << 4;
 664              		.loc 1 318 18 view .LVU225
 665 0018 AEF13000 		sub	r0, lr, #48
 666              	.LVL69:
 318:/home/pacl/Documents/Repository/chipwhisperer/firmware/mcu/simpleserial/simpleserial.c **** 			data_buf[i] |= (n_hi - '0') << 4;
 667              		.loc 1 318 18 view .LVU226
 668 001c C0B2     		uxtb	r0, r0
 318:/home/pacl/Documents/Repository/chipwhisperer/firmware/mcu/simpleserial/simpleserial.c **** 			data_buf[i] |= (n_hi - '0') << 4;
 669              		.loc 1 318 5 view .LVU227
 670 001e 0928     		cmp	r0, #9
 312:/home/pacl/Documents/Repository/chipwhisperer/firmware/mcu/simpleserial/simpleserial.c **** 		else if(n_lo >= 'a' && n_lo <= 'f')
 671              		.loc 1 312 16 view .LVU228
 672 0020 1370     		strb	r3, [r2]
 673              	.LVL70:
 318:/home/pacl/Documents/Repository/chipwhisperer/firmware/mcu/simpleserial/simpleserial.c **** 			data_buf[i] |= (n_hi - '0') << 4;
 674              		.loc 1 318 3 is_stmt 1 view .LVU229
 318:/home/pacl/Documents/Repository/chipwhisperer/firmware/mcu/simpleserial/simpleserial.c **** 			data_buf[i] |= (n_hi - '0') << 4;
 675              		.loc 1 318 5 is_stmt 0 view .LVU230
 676 0022 15D8     		bhi	.L60
 677              	.L73:
 319:/home/pacl/Documents/Repository/chipwhisperer/firmware/mcu/simpleserial/simpleserial.c **** 		else if(n_hi >= 'A' && n_hi <= 'F')
 678              		.loc 1 319 4 is_stmt 1 view .LVU231
 319:/home/pacl/Documents/Repository/chipwhisperer/firmware/mcu/simpleserial/simpleserial.c **** 		else if(n_hi >= 'A' && n_hi <= 'F')
 679              		.loc 1 319 16 is_stmt 0 view .LVU232
 680 0024 43EA0013 		orr	r3, r3, r0, lsl #4
 681 0028 DBB2     		uxtb	r3, r3
 682              	.LVL71:
 683              	.L61:
 319:/home/pacl/Documents/Repository/chipwhisperer/firmware/mcu/simpleserial/simpleserial.c **** 		else if(n_hi >= 'A' && n_hi <= 'F')
 684              		.loc 1 319 16 view .LVU233
 685              	.LBE59:
 304:/home/pacl/Documents/Repository/chipwhisperer/firmware/mcu/simpleserial/simpleserial.c **** 	{
 686              		.loc 1 304 19 discriminator 1 view .LVU234
 687 002a 0231     		adds	r1, r1, #2
 688 002c 6145     		cmp	r1, ip
 689              	.LBB60:
 319:/home/pacl/Documents/Repository/chipwhisperer/firmware/mcu/simpleserial/simpleserial.c **** 		else if(n_hi >= 'A' && n_hi <= 'F')
 690              		.loc 1 319 16 view .LVU235
 691 002e 02F8013B 		strb	r3, [r2], #1
 692              	.LVL72:
 319:/home/pacl/Documents/Repository/chipwhisperer/firmware/mcu/simpleserial/simpleserial.c **** 		else if(n_hi >= 'A' && n_hi <= 'F')
 693              		.loc 1 319 16 view .LVU236
 694              	.LBE60:
 304:/home/pacl/Documents/Repository/chipwhisperer/firmware/mcu/simpleserial/simpleserial.c **** 	{
 695              		.loc 1 304 27 is_stmt 1 discriminator 2 view .LVU237
 304:/home/pacl/Documents/Repository/chipwhisperer/firmware/mcu/simpleserial/simpleserial.c **** 	{
 696              		.loc 1 304 19 discriminator 1 view .LVU238
 697 0032 1BD0     		beq	.L72
 698              	.LVL73:
 699              	.L64:
 700              	.LBB61:
 306:/home/pacl/Documents/Repository/chipwhisperer/firmware/mcu/simpleserial/simpleserial.c **** 		char n_lo = ascii_buf[2*i+1];
 701              		.loc 1 306 3 view .LVU239
 307:/home/pacl/Documents/Repository/chipwhisperer/firmware/mcu/simpleserial/simpleserial.c **** 
 702              		.loc 1 307 8 is_stmt 0 view .LVU240
 703 0034 4878     		ldrb	r0, [r1, #1]	@ zero_extendqisi2
 306:/home/pacl/Documents/Repository/chipwhisperer/firmware/mcu/simpleserial/simpleserial.c **** 		char n_lo = ascii_buf[2*i+1];
 704              		.loc 1 306 8 view .LVU241
 705 0036 91F800E0 		ldrb	lr, [r1]	@ zero_extendqisi2
 706              	.LVL74:
 307:/home/pacl/Documents/Repository/chipwhisperer/firmware/mcu/simpleserial/simpleserial.c **** 
 707              		.loc 1 307 3 is_stmt 1 view .LVU242
 309:/home/pacl/Documents/Repository/chipwhisperer/firmware/mcu/simpleserial/simpleserial.c **** 			data_buf[i] = n_lo - '0';
 708              		.loc 1 309 3 view .LVU243
 309:/home/pacl/Documents/Repository/chipwhisperer/firmware/mcu/simpleserial/simpleserial.c **** 			data_buf[i] = n_lo - '0';
 709              		.loc 1 309 18 is_stmt 0 view .LVU244
 710 003a A0F13003 		sub	r3, r0, #48
 711 003e DBB2     		uxtb	r3, r3
 309:/home/pacl/Documents/Repository/chipwhisperer/firmware/mcu/simpleserial/simpleserial.c **** 			data_buf[i] = n_lo - '0';
 712              		.loc 1 309 5 view .LVU245
 713 0040 092B     		cmp	r3, #9
 714 0042 E3D8     		bhi	.L56
 314:/home/pacl/Documents/Repository/chipwhisperer/firmware/mcu/simpleserial/simpleserial.c **** 		else
 715              		.loc 1 314 16 view .LVU246
 716 0044 1370     		strb	r3, [r2]
 717              	.LVL75:
 718              	.L74:
 318:/home/pacl/Documents/Repository/chipwhisperer/firmware/mcu/simpleserial/simpleserial.c **** 			data_buf[i] |= (n_hi - '0') << 4;
 719              		.loc 1 318 3 is_stmt 1 view .LVU247
 318:/home/pacl/Documents/Repository/chipwhisperer/firmware/mcu/simpleserial/simpleserial.c **** 			data_buf[i] |= (n_hi - '0') << 4;
 720              		.loc 1 318 18 is_stmt 0 view .LVU248
 721 0046 AEF13000 		sub	r0, lr, #48
 722 004a C0B2     		uxtb	r0, r0
 318:/home/pacl/Documents/Repository/chipwhisperer/firmware/mcu/simpleserial/simpleserial.c **** 			data_buf[i] |= (n_hi - '0') << 4;
 723              		.loc 1 318 5 view .LVU249
 724 004c 0928     		cmp	r0, #9
 725 004e E9D9     		bls	.L73
 726              	.L60:
 320:/home/pacl/Documents/Repository/chipwhisperer/firmware/mcu/simpleserial/simpleserial.c **** 			data_buf[i] |= (n_hi - 'A' + 10) << 4;
 727              		.loc 1 320 8 is_stmt 1 view .LVU250
 320:/home/pacl/Documents/Repository/chipwhisperer/firmware/mcu/simpleserial/simpleserial.c **** 			data_buf[i] |= (n_hi - 'A' + 10) << 4;
 728              		.loc 1 320 10 is_stmt 0 view .LVU251
 729 0050 AEF14100 		sub	r0, lr, #65
 730 0054 0528     		cmp	r0, #5
 731 0056 14D8     		bhi	.L62
 321:/home/pacl/Documents/Repository/chipwhisperer/firmware/mcu/simpleserial/simpleserial.c **** 		else if(n_hi >= 'a' && n_hi <= 'f')
 732              		.loc 1 321 4 is_stmt 1 view .LVU252
 321:/home/pacl/Documents/Repository/chipwhisperer/firmware/mcu/simpleserial/simpleserial.c **** 		else if(n_hi >= 'a' && n_hi <= 'f')
 733              		.loc 1 321 16 is_stmt 0 view .LVU253
 734 0058 AEF1370E 		sub	lr, lr, #55
 735              	.LVL76:
 321:/home/pacl/Documents/Repository/chipwhisperer/firmware/mcu/simpleserial/simpleserial.c **** 		else if(n_hi >= 'a' && n_hi <= 'f')
 736              		.loc 1 321 16 view .LVU254
 737 005c 43EA0E13 		orr	r3, r3, lr, lsl #4
 738              	.LBE61:
 304:/home/pacl/Documents/Repository/chipwhisperer/firmware/mcu/simpleserial/simpleserial.c **** 	{
 739              		.loc 1 304 19 discriminator 1 view .LVU255
 740 0060 0231     		adds	r1, r1, #2
 741              	.LBB62:
 321:/home/pacl/Documents/Repository/chipwhisperer/firmware/mcu/simpleserial/simpleserial.c **** 		else if(n_hi >= 'a' && n_hi <= 'f')
 742              		.loc 1 321 16 view .LVU256
 743 0062 DBB2     		uxtb	r3, r3
 744              	.LBE62:
 304:/home/pacl/Documents/Repository/chipwhisperer/firmware/mcu/simpleserial/simpleserial.c **** 	{
 745              		.loc 1 304 19 discriminator 1 view .LVU257
 746 0064 6145     		cmp	r1, ip
 747              	.LBB63:
 319:/home/pacl/Documents/Repository/chipwhisperer/firmware/mcu/simpleserial/simpleserial.c **** 		else if(n_hi >= 'A' && n_hi <= 'F')
 748              		.loc 1 319 16 view .LVU258
 749 0066 02F8013B 		strb	r3, [r2], #1
 750              	.LVL77:
 319:/home/pacl/Documents/Repository/chipwhisperer/firmware/mcu/simpleserial/simpleserial.c **** 		else if(n_hi >= 'A' && n_hi <= 'F')
 751              		.loc 1 319 16 view .LVU259
 752              	.LBE63:
 304:/home/pacl/Documents/Repository/chipwhisperer/firmware/mcu/simpleserial/simpleserial.c **** 	{
 753              		.loc 1 304 27 is_stmt 1 discriminator 2 view .LVU260
 304:/home/pacl/Documents/Repository/chipwhisperer/firmware/mcu/simpleserial/simpleserial.c **** 	{
 754              		.loc 1 304 19 discriminator 1 view .LVU261
 755 006a E3D1     		bne	.L64
 756              	.LVL78:
 757              	.L72:
 304:/home/pacl/Documents/Repository/chipwhisperer/firmware/mcu/simpleserial/simpleserial.c **** 	{
 758              		.loc 1 304 19 is_stmt 0 discriminator 1 view .LVU262
 759              	.LBE65:
 328:/home/pacl/Documents/Repository/chipwhisperer/firmware/mcu/simpleserial/simpleserial.c **** }
 760              		.loc 1 328 9 view .LVU263
 761 006c 0020     		movs	r0, #0
 329:/home/pacl/Documents/Repository/chipwhisperer/firmware/mcu/simpleserial/simpleserial.c **** 
 762              		.loc 1 329 1 view .LVU264
 763 006e 5DF804FB 		ldr	pc, [sp], #4
 764              	.LVL79:
 765              	.L58:
 766              	.LBB66:
 767              	.LBB64:
 313:/home/pacl/Documents/Repository/chipwhisperer/firmware/mcu/simpleserial/simpleserial.c **** 			data_buf[i] = n_lo - 'a' + 10;
 768              		.loc 1 313 8 is_stmt 1 view .LVU265
 313:/home/pacl/Documents/Repository/chipwhisperer/firmware/mcu/simpleserial/simpleserial.c **** 			data_buf[i] = n_lo - 'a' + 10;
 769              		.loc 1 313 10 is_stmt 0 view .LVU266
 770 0072 A0F16103 		sub	r3, r0, #97
 771 0076 052B     		cmp	r3, #5
 772 0078 0DD8     		bhi	.L63
 314:/home/pacl/Documents/Repository/chipwhisperer/firmware/mcu/simpleserial/simpleserial.c **** 		else
 773              		.loc 1 314 4 is_stmt 1 view .LVU267
 314:/home/pacl/Documents/Repository/chipwhisperer/firmware/mcu/simpleserial/simpleserial.c **** 		else
 774              		.loc 1 314 29 is_stmt 0 view .LVU268
 775 007a 5738     		subs	r0, r0, #87
 776              	.LVL80:
 314:/home/pacl/Documents/Repository/chipwhisperer/firmware/mcu/simpleserial/simpleserial.c **** 		else
 777              		.loc 1 314 29 view .LVU269
 778 007c C3B2     		uxtb	r3, r0
 314:/home/pacl/Documents/Repository/chipwhisperer/firmware/mcu/simpleserial/simpleserial.c **** 		else
 779              		.loc 1 314 16 view .LVU270
 780 007e 1370     		strb	r3, [r2]
 781 0080 E1E7     		b	.L74
 782              	.LVL81:
 783              	.L62:
 322:/home/pacl/Documents/Repository/chipwhisperer/firmware/mcu/simpleserial/simpleserial.c **** 			data_buf[i] |= (n_hi - 'a' + 10) << 4;
 784              		.loc 1 322 8 is_stmt 1 view .LVU271
 322:/home/pacl/Documents/Repository/chipwhisperer/firmware/mcu/simpleserial/simpleserial.c **** 			data_buf[i] |= (n_hi - 'a' + 10) << 4;
 785              		.loc 1 322 10 is_stmt 0 view .LVU272
 786 0082 AEF16100 		sub	r0, lr, #97
 787 0086 0528     		cmp	r0, #5
 788 0088 05D8     		bhi	.L63
 323:/home/pacl/Documents/Repository/chipwhisperer/firmware/mcu/simpleserial/simpleserial.c **** 		else
 789              		.loc 1 323 4 is_stmt 1 view .LVU273
 323:/home/pacl/Documents/Repository/chipwhisperer/firmware/mcu/simpleserial/simpleserial.c **** 		else
 790              		.loc 1 323 16 is_stmt 0 view .LVU274
 791 008a AEF1570E 		sub	lr, lr, #87
 792              	.LVL82:
 323:/home/pacl/Documents/Repository/chipwhisperer/firmware/mcu/simpleserial/simpleserial.c **** 		else
 793              		.loc 1 323 16 view .LVU275
 794 008e 43EA0E13 		orr	r3, r3, lr, lsl #4
 795 0092 DBB2     		uxtb	r3, r3
 796 0094 C9E7     		b	.L61
 797              	.LVL83:
 798              	.L63:
 316:/home/pacl/Documents/Repository/chipwhisperer/firmware/mcu/simpleserial/simpleserial.c **** 
 799              		.loc 1 316 11 view .LVU276
 800 0096 0120     		movs	r0, #1
 801              	.LBE64:
 802              	.LBE66:
 329:/home/pacl/Documents/Repository/chipwhisperer/firmware/mcu/simpleserial/simpleserial.c **** 
 803              		.loc 1 329 1 view .LVU277
 804 0098 5DF804FB 		ldr	pc, [sp], #4
 805              	.LVL84:
 806              	.L71:
 807              	.LCFI5:
 808              		.cfi_def_cfa_offset 0
 809              		.cfi_restore 14
 328:/home/pacl/Documents/Repository/chipwhisperer/firmware/mcu/simpleserial/simpleserial.c **** }
 810              		.loc 1 328 9 view .LVU278
 811 009c 0020     		movs	r0, #0
 812              	.LVL85:
 329:/home/pacl/Documents/Repository/chipwhisperer/firmware/mcu/simpleserial/simpleserial.c **** 
 813              		.loc 1 329 1 view .LVU279
 814 009e 7047     		bx	lr
 815              		.cfi_endproc
 816              	.LFE4:
 818              		.section	.text.simpleserial_init,"ax",%progbits
 819              		.align	1
 820              		.p2align 2,,3
 821              		.global	simpleserial_init
 822              		.syntax unified
 823              		.thumb
 824              		.thumb_func
 826              	simpleserial_init:
 827              	.LFB5:
 336:/home/pacl/Documents/Repository/chipwhisperer/firmware/mcu/simpleserial/simpleserial.c **** 	simpleserial_addcmd('v', 0, check_version);
 828              		.loc 1 336 1 is_stmt 1 view -0
 829              		.cfi_startproc
 830              		@ args = 0, pretend = 0, frame = 0
 831              		@ frame_needed = 0, uses_anonymous_args = 0
 832              		@ link register save eliminated.
 337:/home/pacl/Documents/Repository/chipwhisperer/firmware/mcu/simpleserial/simpleserial.c ****     simpleserial_addcmd('w', 0, ss_get_commands);
 833              		.loc 1 337 2 view .LVU281
 834              	.LVL86:
 835              	.LBB67:
 836              	.LBI67:
 342:/home/pacl/Documents/Repository/chipwhisperer/firmware/mcu/simpleserial/simpleserial.c **** {
 837              		.loc 1 342 5 view .LVU282
 344:/home/pacl/Documents/Repository/chipwhisperer/firmware/mcu/simpleserial/simpleserial.c **** }
 838              		.loc 1 344 2 view .LVU283
 839              	.LBB68:
 840              	.LBI68:
 347:/home/pacl/Documents/Repository/chipwhisperer/firmware/mcu/simpleserial/simpleserial.c **** {
 841              		.loc 1 347 5 view .LVU284
 842              	.LBB69:
 349:/home/pacl/Documents/Repository/chipwhisperer/firmware/mcu/simpleserial/simpleserial.c **** 		return 1;
 843              		.loc 1 349 2 view .LVU285
 349:/home/pacl/Documents/Repository/chipwhisperer/firmware/mcu/simpleserial/simpleserial.c **** 		return 1;
 844              		.loc 1 349 18 is_stmt 0 view .LVU286
 845 0000 164B     		ldr	r3, .L89
 846 0002 1A68     		ldr	r2, [r3]
 349:/home/pacl/Documents/Repository/chipwhisperer/firmware/mcu/simpleserial/simpleserial.c **** 		return 1;
 847              		.loc 1 349 4 view .LVU287
 848 0004 1F2A     		cmp	r2, #31
 849 0006 27DC     		bgt	.L86
 352:/home/pacl/Documents/Repository/chipwhisperer/firmware/mcu/simpleserial/simpleserial.c **** 		return 1;
 850              		.loc 1 352 2 is_stmt 1 view .LVU288
 355:/home/pacl/Documents/Repository/chipwhisperer/firmware/mcu/simpleserial/simpleserial.c **** 	commands[num_commands].len = len;
 851              		.loc 1 355 2 view .LVU289
 357:/home/pacl/Documents/Repository/chipwhisperer/firmware/mcu/simpleserial/simpleserial.c **** 	commands[num_commands].flags = fl;
 852              		.loc 1 357 29 is_stmt 0 view .LVU290
 853 0008 1548     		ldr	r0, .L89+4
 854              	.LBE69:
 855              	.LBE68:
 856              	.LBE67:
 336:/home/pacl/Documents/Repository/chipwhisperer/firmware/mcu/simpleserial/simpleserial.c **** 	simpleserial_addcmd('v', 0, check_version);
 857              		.loc 1 336 1 view .LVU291
 858 000a 10B4     		push	{r4}
 859              	.LCFI6:
 860              		.cfi_def_cfa_offset 4
 861              		.cfi_offset 4, -4
 862              	.LBB74:
 863              	.LBB72:
 864              	.LBB70:
 355:/home/pacl/Documents/Repository/chipwhisperer/firmware/mcu/simpleserial/simpleserial.c **** 	commands[num_commands].len = len;
 865              		.loc 1 355 29 view .LVU292
 866 000c 03EB0211 		add	r1, r3, r2, lsl #4
 356:/home/pacl/Documents/Repository/chipwhisperer/firmware/mcu/simpleserial/simpleserial.c **** 	commands[num_commands].fp  = fp;
 867              		.loc 1 356 29 view .LVU293
 868 0010 0024     		movs	r4, #0
 357:/home/pacl/Documents/Repository/chipwhisperer/firmware/mcu/simpleserial/simpleserial.c **** 	commands[num_commands].flags = fl;
 869              		.loc 1 357 29 view .LVU294
 870 0012 C1E90240 		strd	r4, r0, [r1, #8]
 359:/home/pacl/Documents/Repository/chipwhisperer/firmware/mcu/simpleserial/simpleserial.c **** 
 871              		.loc 1 359 14 view .LVU295
 872 0016 501C     		adds	r0, r2, #1
 355:/home/pacl/Documents/Repository/chipwhisperer/firmware/mcu/simpleserial/simpleserial.c **** 	commands[num_commands].len = len;
 873              		.loc 1 355 29 view .LVU296
 874 0018 4FF0760C 		mov	ip, #118
 875              	.LBE70:
 876              	.LBE72:
 877              	.LBE74:
 878              	.LBB75:
 879              	.LBB76:
 880              	.LBB77:
 349:/home/pacl/Documents/Repository/chipwhisperer/firmware/mcu/simpleserial/simpleserial.c **** 		return 1;
 881              		.loc 1 349 4 view .LVU297
 882 001c 2028     		cmp	r0, #32
 883              	.LBE77:
 884              	.LBE76:
 885              	.LBE75:
 886              	.LBB82:
 887              	.LBB73:
 888              	.LBB71:
 355:/home/pacl/Documents/Repository/chipwhisperer/firmware/mcu/simpleserial/simpleserial.c **** 	commands[num_commands].len = len;
 889              		.loc 1 355 29 view .LVU298
 890 001e 81F804C0 		strb	ip, [r1, #4]
 356:/home/pacl/Documents/Repository/chipwhisperer/firmware/mcu/simpleserial/simpleserial.c **** 	commands[num_commands].fp  = fp;
 891              		.loc 1 356 2 is_stmt 1 view .LVU299
 358:/home/pacl/Documents/Repository/chipwhisperer/firmware/mcu/simpleserial/simpleserial.c **** 	num_commands++;
 892              		.loc 1 358 2 view .LVU300
 358:/home/pacl/Documents/Repository/chipwhisperer/firmware/mcu/simpleserial/simpleserial.c **** 	num_commands++;
 893              		.loc 1 358 31 is_stmt 0 view .LVU301
 894 0022 0C74     		strb	r4, [r1, #16]
 359:/home/pacl/Documents/Repository/chipwhisperer/firmware/mcu/simpleserial/simpleserial.c **** 
 895              		.loc 1 359 2 is_stmt 1 view .LVU302
 359:/home/pacl/Documents/Repository/chipwhisperer/firmware/mcu/simpleserial/simpleserial.c **** 
 896              		.loc 1 359 14 is_stmt 0 view .LVU303
 897 0024 1860     		str	r0, [r3]
 361:/home/pacl/Documents/Repository/chipwhisperer/firmware/mcu/simpleserial/simpleserial.c **** }
 898              		.loc 1 361 2 is_stmt 1 view .LVU304
 899              	.LVL87:
 361:/home/pacl/Documents/Repository/chipwhisperer/firmware/mcu/simpleserial/simpleserial.c **** }
 900              		.loc 1 361 2 is_stmt 0 view .LVU305
 901              	.LBE71:
 902              	.LBE73:
 903              	.LBE82:
 338:/home/pacl/Documents/Repository/chipwhisperer/firmware/mcu/simpleserial/simpleserial.c ****     simpleserial_addcmd('y', 0, ss_num_commands);
 904              		.loc 1 338 5 is_stmt 1 view .LVU306
 905              	.LBB83:
 906              	.LBI75:
 342:/home/pacl/Documents/Repository/chipwhisperer/firmware/mcu/simpleserial/simpleserial.c **** {
 907              		.loc 1 342 5 view .LVU307
 344:/home/pacl/Documents/Repository/chipwhisperer/firmware/mcu/simpleserial/simpleserial.c **** }
 908              		.loc 1 344 2 view .LVU308
 909              	.LBB80:
 910              	.LBI76:
 347:/home/pacl/Documents/Repository/chipwhisperer/firmware/mcu/simpleserial/simpleserial.c **** {
 911              		.loc 1 347 5 view .LVU309
 912              	.LBB78:
 349:/home/pacl/Documents/Repository/chipwhisperer/firmware/mcu/simpleserial/simpleserial.c **** 		return 1;
 913              		.loc 1 349 2 view .LVU310
 349:/home/pacl/Documents/Repository/chipwhisperer/firmware/mcu/simpleserial/simpleserial.c **** 		return 1;
 914              		.loc 1 349 4 is_stmt 0 view .LVU311
 915 0026 15D0     		beq	.L75
 352:/home/pacl/Documents/Repository/chipwhisperer/firmware/mcu/simpleserial/simpleserial.c **** 		return 1;
 916              		.loc 1 352 2 is_stmt 1 view .LVU312
 355:/home/pacl/Documents/Repository/chipwhisperer/firmware/mcu/simpleserial/simpleserial.c **** 	commands[num_commands].len = len;
 917              		.loc 1 355 2 view .LVU313
 355:/home/pacl/Documents/Repository/chipwhisperer/firmware/mcu/simpleserial/simpleserial.c **** 	commands[num_commands].len = len;
 918              		.loc 1 355 29 is_stmt 0 view .LVU314
 919 0028 03EB0010 		add	r0, r3, r0, lsl #4
 920 002c 7721     		movs	r1, #119
 921 002e 0171     		strb	r1, [r0, #4]
 356:/home/pacl/Documents/Repository/chipwhisperer/firmware/mcu/simpleserial/simpleserial.c **** 	commands[num_commands].fp  = fp;
 922              		.loc 1 356 2 is_stmt 1 view .LVU315
 357:/home/pacl/Documents/Repository/chipwhisperer/firmware/mcu/simpleserial/simpleserial.c **** 	commands[num_commands].flags = fl;
 923              		.loc 1 357 29 is_stmt 0 view .LVU316
 924 0030 0C49     		ldr	r1, .L89+8
 358:/home/pacl/Documents/Repository/chipwhisperer/firmware/mcu/simpleserial/simpleserial.c **** 	num_commands++;
 925              		.loc 1 358 31 view .LVU317
 926 0032 0474     		strb	r4, [r0, #16]
 357:/home/pacl/Documents/Repository/chipwhisperer/firmware/mcu/simpleserial/simpleserial.c **** 	commands[num_commands].flags = fl;
 927              		.loc 1 357 29 view .LVU318
 928 0034 C0E90241 		strd	r4, r1, [r0, #8]
 358:/home/pacl/Documents/Repository/chipwhisperer/firmware/mcu/simpleserial/simpleserial.c **** 	num_commands++;
 929              		.loc 1 358 2 is_stmt 1 view .LVU319
 359:/home/pacl/Documents/Repository/chipwhisperer/firmware/mcu/simpleserial/simpleserial.c **** 
 930              		.loc 1 359 2 view .LVU320
 359:/home/pacl/Documents/Repository/chipwhisperer/firmware/mcu/simpleserial/simpleserial.c **** 
 931              		.loc 1 359 14 is_stmt 0 view .LVU321
 932 0038 911C     		adds	r1, r2, #2
 933              	.LBE78:
 934              	.LBE80:
 935              	.LBE83:
 936              	.LBB84:
 937              	.LBB85:
 938              	.LBB86:
 349:/home/pacl/Documents/Repository/chipwhisperer/firmware/mcu/simpleserial/simpleserial.c **** 		return 1;
 939              		.loc 1 349 4 view .LVU322
 940 003a 2029     		cmp	r1, #32
 941              	.LBE86:
 942              	.LBE85:
 943              	.LBE84:
 944              	.LBB89:
 945              	.LBB81:
 946              	.LBB79:
 359:/home/pacl/Documents/Repository/chipwhisperer/firmware/mcu/simpleserial/simpleserial.c **** 
 947              		.loc 1 359 14 view .LVU323
 948 003c 1960     		str	r1, [r3]
 361:/home/pacl/Documents/Repository/chipwhisperer/firmware/mcu/simpleserial/simpleserial.c **** }
 949              		.loc 1 361 2 is_stmt 1 view .LVU324
 950              	.LVL88:
 361:/home/pacl/Documents/Repository/chipwhisperer/firmware/mcu/simpleserial/simpleserial.c **** }
 951              		.loc 1 361 2 is_stmt 0 view .LVU325
 952              	.LBE79:
 953              	.LBE81:
 954              	.LBE89:
 339:/home/pacl/Documents/Repository/chipwhisperer/firmware/mcu/simpleserial/simpleserial.c **** }
 955              		.loc 1 339 5 is_stmt 1 view .LVU326
 956              	.LBB90:
 957              	.LBI84:
 342:/home/pacl/Documents/Repository/chipwhisperer/firmware/mcu/simpleserial/simpleserial.c **** {
 958              		.loc 1 342 5 view .LVU327
 344:/home/pacl/Documents/Repository/chipwhisperer/firmware/mcu/simpleserial/simpleserial.c **** }
 959              		.loc 1 344 2 view .LVU328
 960              	.LBB88:
 961              	.LBI85:
 347:/home/pacl/Documents/Repository/chipwhisperer/firmware/mcu/simpleserial/simpleserial.c **** {
 962              		.loc 1 347 5 view .LVU329
 963              	.LBB87:
 349:/home/pacl/Documents/Repository/chipwhisperer/firmware/mcu/simpleserial/simpleserial.c **** 		return 1;
 964              		.loc 1 349 2 view .LVU330
 349:/home/pacl/Documents/Repository/chipwhisperer/firmware/mcu/simpleserial/simpleserial.c **** 		return 1;
 965              		.loc 1 349 4 is_stmt 0 view .LVU331
 966 003e 09D0     		beq	.L75
 352:/home/pacl/Documents/Repository/chipwhisperer/firmware/mcu/simpleserial/simpleserial.c **** 		return 1;
 967              		.loc 1 352 2 is_stmt 1 view .LVU332
 355:/home/pacl/Documents/Repository/chipwhisperer/firmware/mcu/simpleserial/simpleserial.c **** 	commands[num_commands].len = len;
 968              		.loc 1 355 2 view .LVU333
 355:/home/pacl/Documents/Repository/chipwhisperer/firmware/mcu/simpleserial/simpleserial.c **** 	commands[num_commands].len = len;
 969              		.loc 1 355 29 is_stmt 0 view .LVU334
 970 0040 03EB0111 		add	r1, r3, r1, lsl #4
 971 0044 7920     		movs	r0, #121
 972 0046 0871     		strb	r0, [r1, #4]
 356:/home/pacl/Documents/Repository/chipwhisperer/firmware/mcu/simpleserial/simpleserial.c **** 	commands[num_commands].fp  = fp;
 973              		.loc 1 356 2 is_stmt 1 view .LVU335
 357:/home/pacl/Documents/Repository/chipwhisperer/firmware/mcu/simpleserial/simpleserial.c **** 	commands[num_commands].flags = fl;
 974              		.loc 1 357 29 is_stmt 0 view .LVU336
 975 0048 0748     		ldr	r0, .L89+12
 358:/home/pacl/Documents/Repository/chipwhisperer/firmware/mcu/simpleserial/simpleserial.c **** 	num_commands++;
 976              		.loc 1 358 31 view .LVU337
 977 004a 0C74     		strb	r4, [r1, #16]
 357:/home/pacl/Documents/Repository/chipwhisperer/firmware/mcu/simpleserial/simpleserial.c **** 	commands[num_commands].flags = fl;
 978              		.loc 1 357 29 view .LVU338
 979 004c C1E90240 		strd	r4, r0, [r1, #8]
 358:/home/pacl/Documents/Repository/chipwhisperer/firmware/mcu/simpleserial/simpleserial.c **** 	num_commands++;
 980              		.loc 1 358 2 is_stmt 1 view .LVU339
 359:/home/pacl/Documents/Repository/chipwhisperer/firmware/mcu/simpleserial/simpleserial.c **** 
 981              		.loc 1 359 2 view .LVU340
 359:/home/pacl/Documents/Repository/chipwhisperer/firmware/mcu/simpleserial/simpleserial.c **** 
 982              		.loc 1 359 14 is_stmt 0 view .LVU341
 983 0050 0332     		adds	r2, r2, #3
 984 0052 1A60     		str	r2, [r3]
 361:/home/pacl/Documents/Repository/chipwhisperer/firmware/mcu/simpleserial/simpleserial.c **** }
 985              		.loc 1 361 2 is_stmt 1 view .LVU342
 986              	.LVL89:
 987              	.L75:
 361:/home/pacl/Documents/Repository/chipwhisperer/firmware/mcu/simpleserial/simpleserial.c **** }
 988              		.loc 1 361 2 is_stmt 0 view .LVU343
 989              	.LBE87:
 990              	.LBE88:
 991              	.LBE90:
 340:/home/pacl/Documents/Repository/chipwhisperer/firmware/mcu/simpleserial/simpleserial.c **** 
 992              		.loc 1 340 1 view .LVU344
 993 0054 10BC     		pop	{r4}
 994              	.LCFI7:
 995              		.cfi_restore 4
 996              		.cfi_def_cfa_offset 0
 997 0056 7047     		bx	lr
 998              	.LVL90:
 999              	.L86:
 340:/home/pacl/Documents/Repository/chipwhisperer/firmware/mcu/simpleserial/simpleserial.c **** 
 1000              		.loc 1 340 1 view .LVU345
 1001 0058 7047     		bx	lr
 1002              	.L90:
 1003 005a 00BF     		.align	2
 1004              	.L89:
 1005 005c 00000000 		.word	.LANCHOR0
 1006 0060 00000000 		.word	check_version
 1007 0064 00000000 		.word	ss_get_commands
 1008 0068 00000000 		.word	ss_num_commands
 1009              		.cfi_endproc
 1010              	.LFE5:
 1012              		.section	.text.simpleserial_addcmd,"ax",%progbits
 1013              		.align	1
 1014              		.p2align 2,,3
 1015              		.global	simpleserial_addcmd
 1016              		.syntax unified
 1017              		.thumb
 1018              		.thumb_func
 1020              	simpleserial_addcmd:
 1021              	.LVL91:
 1022              	.LFB6:
 343:/home/pacl/Documents/Repository/chipwhisperer/firmware/mcu/simpleserial/simpleserial.c **** 	return simpleserial_addcmd_flags(c, len, fp, CMD_FLAG_NONE);
 1023              		.loc 1 343 1 is_stmt 1 view -0
 1024              		.cfi_startproc
 1025              		@ args = 0, pretend = 0, frame = 0
 1026              		@ frame_needed = 0, uses_anonymous_args = 0
 1027              		@ link register save eliminated.
 344:/home/pacl/Documents/Repository/chipwhisperer/firmware/mcu/simpleserial/simpleserial.c **** }
 1028              		.loc 1 344 2 view .LVU347
 343:/home/pacl/Documents/Repository/chipwhisperer/firmware/mcu/simpleserial/simpleserial.c **** 	return simpleserial_addcmd_flags(c, len, fp, CMD_FLAG_NONE);
 1029              		.loc 1 343 1 is_stmt 0 view .LVU348
 1030 0000 10B4     		push	{r4}
 1031              	.LCFI8:
 1032              		.cfi_def_cfa_offset 4
 1033              		.cfi_offset 4, -4
 1034              	.LBB91:
 1035              	.LBB92:
 349:/home/pacl/Documents/Repository/chipwhisperer/firmware/mcu/simpleserial/simpleserial.c **** 		return 1;
 1036              		.loc 1 349 18 view .LVU349
 1037 0002 0C4C     		ldr	r4, .L96
 1038 0004 2368     		ldr	r3, [r4]
 1039              	.LVL92:
 349:/home/pacl/Documents/Repository/chipwhisperer/firmware/mcu/simpleserial/simpleserial.c **** 		return 1;
 1040              		.loc 1 349 18 view .LVU350
 1041              	.LBE92:
 1042              	.LBI91:
 347:/home/pacl/Documents/Repository/chipwhisperer/firmware/mcu/simpleserial/simpleserial.c **** {
 1043              		.loc 1 347 5 is_stmt 1 view .LVU351
 1044              	.LBB93:
 349:/home/pacl/Documents/Repository/chipwhisperer/firmware/mcu/simpleserial/simpleserial.c **** 		return 1;
 1045              		.loc 1 349 2 view .LVU352
 349:/home/pacl/Documents/Repository/chipwhisperer/firmware/mcu/simpleserial/simpleserial.c **** 		return 1;
 1046              		.loc 1 349 4 is_stmt 0 view .LVU353
 1047 0006 1F2B     		cmp	r3, #31
 1048 0008 10DC     		bgt	.L94
 352:/home/pacl/Documents/Repository/chipwhisperer/firmware/mcu/simpleserial/simpleserial.c **** 		return 1;
 1049              		.loc 1 352 2 is_stmt 1 view .LVU354
 352:/home/pacl/Documents/Repository/chipwhisperer/firmware/mcu/simpleserial/simpleserial.c **** 		return 1;
 1050              		.loc 1 352 4 is_stmt 0 view .LVU355
 1051 000a 3F29     		cmp	r1, #63
 1052 000c 0ED8     		bhi	.L94
 355:/home/pacl/Documents/Repository/chipwhisperer/firmware/mcu/simpleserial/simpleserial.c **** 	commands[num_commands].len = len;
 1053              		.loc 1 355 2 is_stmt 1 view .LVU356
 355:/home/pacl/Documents/Repository/chipwhisperer/firmware/mcu/simpleserial/simpleserial.c **** 	commands[num_commands].len = len;
 1054              		.loc 1 355 29 is_stmt 0 view .LVU357
 1055 000e 04EB031C 		add	ip, r4, r3, lsl #4
 359:/home/pacl/Documents/Repository/chipwhisperer/firmware/mcu/simpleserial/simpleserial.c **** 
 1056              		.loc 1 359 14 view .LVU358
 1057 0012 0133     		adds	r3, r3, #1
 355:/home/pacl/Documents/Repository/chipwhisperer/firmware/mcu/simpleserial/simpleserial.c **** 	commands[num_commands].len = len;
 1058              		.loc 1 355 29 view .LVU359
 1059 0014 8CF80400 		strb	r0, [ip, #4]
 356:/home/pacl/Documents/Repository/chipwhisperer/firmware/mcu/simpleserial/simpleserial.c **** 	commands[num_commands].fp  = fp;
 1060              		.loc 1 356 2 is_stmt 1 view .LVU360
 358:/home/pacl/Documents/Repository/chipwhisperer/firmware/mcu/simpleserial/simpleserial.c **** 	num_commands++;
 1061              		.loc 1 358 31 is_stmt 0 view .LVU361
 1062 0018 0020     		movs	r0, #0
 1063              	.LVL93:
 358:/home/pacl/Documents/Repository/chipwhisperer/firmware/mcu/simpleserial/simpleserial.c **** 	num_commands++;
 1064              		.loc 1 358 31 view .LVU362
 1065 001a 8CF81000 		strb	r0, [ip, #16]
 359:/home/pacl/Documents/Repository/chipwhisperer/firmware/mcu/simpleserial/simpleserial.c **** 
 1066              		.loc 1 359 14 view .LVU363
 1067 001e 2360     		str	r3, [r4]
 356:/home/pacl/Documents/Repository/chipwhisperer/firmware/mcu/simpleserial/simpleserial.c **** 	commands[num_commands].fp  = fp;
 1068              		.loc 1 356 29 view .LVU364
 1069 0020 CCF80810 		str	r1, [ip, #8]
 357:/home/pacl/Documents/Repository/chipwhisperer/firmware/mcu/simpleserial/simpleserial.c **** 	commands[num_commands].flags = fl;
 1070              		.loc 1 357 2 is_stmt 1 view .LVU365
 1071              	.LBE93:
 1072              	.LBE91:
 345:/home/pacl/Documents/Repository/chipwhisperer/firmware/mcu/simpleserial/simpleserial.c **** 
 1073              		.loc 1 345 1 is_stmt 0 view .LVU366
 1074 0024 10BC     		pop	{r4}
 1075              	.LCFI9:
 1076              		.cfi_remember_state
 1077              		.cfi_restore 4
 1078              		.cfi_def_cfa_offset 0
 1079              	.LBB96:
 1080              	.LBB94:
 357:/home/pacl/Documents/Repository/chipwhisperer/firmware/mcu/simpleserial/simpleserial.c **** 	commands[num_commands].flags = fl;
 1081              		.loc 1 357 29 view .LVU367
 1082 0026 CCF80C20 		str	r2, [ip, #12]
 358:/home/pacl/Documents/Repository/chipwhisperer/firmware/mcu/simpleserial/simpleserial.c **** 	num_commands++;
 1083              		.loc 1 358 2 is_stmt 1 view .LVU368
 359:/home/pacl/Documents/Repository/chipwhisperer/firmware/mcu/simpleserial/simpleserial.c **** 
 1084              		.loc 1 359 2 view .LVU369
 361:/home/pacl/Documents/Repository/chipwhisperer/firmware/mcu/simpleserial/simpleserial.c **** }
 1085              		.loc 1 361 2 view .LVU370
 1086              	.LBE94:
 1087              	.LBE96:
 345:/home/pacl/Documents/Repository/chipwhisperer/firmware/mcu/simpleserial/simpleserial.c **** 
 1088              		.loc 1 345 1 is_stmt 0 view .LVU371
 1089 002a 7047     		bx	lr
 1090              	.LVL94:
 1091              	.L94:
 1092              	.LCFI10:
 1093              		.cfi_restore_state
 1094              	.LBB97:
 1095              	.LBB95:
 350:/home/pacl/Documents/Repository/chipwhisperer/firmware/mcu/simpleserial/simpleserial.c **** 
 1096              		.loc 1 350 10 view .LVU372
 1097 002c 0120     		movs	r0, #1
 1098              	.LVL95:
 350:/home/pacl/Documents/Repository/chipwhisperer/firmware/mcu/simpleserial/simpleserial.c **** 
 1099              		.loc 1 350 10 view .LVU373
 1100              	.LBE95:
 1101              	.LBE97:
 345:/home/pacl/Documents/Repository/chipwhisperer/firmware/mcu/simpleserial/simpleserial.c **** 
 1102              		.loc 1 345 1 view .LVU374
 1103 002e 10BC     		pop	{r4}
 1104              	.LCFI11:
 1105              		.cfi_restore 4
 1106              		.cfi_def_cfa_offset 0
 1107 0030 7047     		bx	lr
 1108              	.L97:
 1109 0032 00BF     		.align	2
 1110              	.L96:
 1111 0034 00000000 		.word	.LANCHOR0
 1112              		.cfi_endproc
 1113              	.LFE6:
 1115              		.section	.text.simpleserial_addcmd_flags,"ax",%progbits
 1116              		.align	1
 1117              		.p2align 2,,3
 1118              		.global	simpleserial_addcmd_flags
 1119              		.syntax unified
 1120              		.thumb
 1121              		.thumb_func
 1123              	simpleserial_addcmd_flags:
 1124              	.LVL96:
 1125              	.LFB7:
 348:/home/pacl/Documents/Repository/chipwhisperer/firmware/mcu/simpleserial/simpleserial.c **** 	if(num_commands >= MAX_SS_CMDS)
 1126              		.loc 1 348 1 is_stmt 1 view -0
 1127              		.cfi_startproc
 1128              		@ args = 0, pretend = 0, frame = 0
 1129              		@ frame_needed = 0, uses_anonymous_args = 0
 1130              		@ link register save eliminated.
 349:/home/pacl/Documents/Repository/chipwhisperer/firmware/mcu/simpleserial/simpleserial.c **** 		return 1;
 1131              		.loc 1 349 2 view .LVU376
 348:/home/pacl/Documents/Repository/chipwhisperer/firmware/mcu/simpleserial/simpleserial.c **** 	if(num_commands >= MAX_SS_CMDS)
 1132              		.loc 1 348 1 is_stmt 0 view .LVU377
 1133 0000 30B4     		push	{r4, r5}
 1134              	.LCFI12:
 1135              		.cfi_def_cfa_offset 8
 1136              		.cfi_offset 4, -8
 1137              		.cfi_offset 5, -4
 349:/home/pacl/Documents/Repository/chipwhisperer/firmware/mcu/simpleserial/simpleserial.c **** 		return 1;
 1138              		.loc 1 349 18 view .LVU378
 1139 0002 0C4D     		ldr	r5, .L103
 1140 0004 2C68     		ldr	r4, [r5]
 349:/home/pacl/Documents/Repository/chipwhisperer/firmware/mcu/simpleserial/simpleserial.c **** 		return 1;
 1141              		.loc 1 349 4 view .LVU379
 1142 0006 1F2C     		cmp	r4, #31
 1143 0008 10DC     		bgt	.L101
 352:/home/pacl/Documents/Repository/chipwhisperer/firmware/mcu/simpleserial/simpleserial.c **** 		return 1;
 1144              		.loc 1 352 2 is_stmt 1 view .LVU380
 352:/home/pacl/Documents/Repository/chipwhisperer/firmware/mcu/simpleserial/simpleserial.c **** 		return 1;
 1145              		.loc 1 352 4 is_stmt 0 view .LVU381
 1146 000a 3F29     		cmp	r1, #63
 1147 000c 0ED8     		bhi	.L101
 355:/home/pacl/Documents/Repository/chipwhisperer/firmware/mcu/simpleserial/simpleserial.c **** 	commands[num_commands].len = len;
 1148              		.loc 1 355 2 is_stmt 1 view .LVU382
 355:/home/pacl/Documents/Repository/chipwhisperer/firmware/mcu/simpleserial/simpleserial.c **** 	commands[num_commands].len = len;
 1149              		.loc 1 355 29 is_stmt 0 view .LVU383
 1150 000e 05EB041C 		add	ip, r5, r4, lsl #4
 359:/home/pacl/Documents/Repository/chipwhisperer/firmware/mcu/simpleserial/simpleserial.c **** 
 1151              		.loc 1 359 14 view .LVU384
 1152 0012 0134     		adds	r4, r4, #1
 355:/home/pacl/Documents/Repository/chipwhisperer/firmware/mcu/simpleserial/simpleserial.c **** 	commands[num_commands].len = len;
 1153              		.loc 1 355 29 view .LVU385
 1154 0014 8CF80400 		strb	r0, [ip, #4]
 356:/home/pacl/Documents/Repository/chipwhisperer/firmware/mcu/simpleserial/simpleserial.c **** 	commands[num_commands].fp  = fp;
 1155              		.loc 1 356 2 is_stmt 1 view .LVU386
 358:/home/pacl/Documents/Repository/chipwhisperer/firmware/mcu/simpleserial/simpleserial.c **** 	num_commands++;
 1156              		.loc 1 358 31 is_stmt 0 view .LVU387
 1157 0018 8CF81030 		strb	r3, [ip, #16]
 359:/home/pacl/Documents/Repository/chipwhisperer/firmware/mcu/simpleserial/simpleserial.c **** 
 1158              		.loc 1 359 14 view .LVU388
 1159 001c 2C60     		str	r4, [r5]
 361:/home/pacl/Documents/Repository/chipwhisperer/firmware/mcu/simpleserial/simpleserial.c **** }
 1160              		.loc 1 361 9 view .LVU389
 1161 001e 0020     		movs	r0, #0
 1162              	.LVL97:
 362:/home/pacl/Documents/Repository/chipwhisperer/firmware/mcu/simpleserial/simpleserial.c **** 
 1163              		.loc 1 362 1 view .LVU390
 1164 0020 30BC     		pop	{r4, r5}
 1165              	.LCFI13:
 1166              		.cfi_remember_state
 1167              		.cfi_restore 5
 1168              		.cfi_restore 4
 1169              		.cfi_def_cfa_offset 0
 356:/home/pacl/Documents/Repository/chipwhisperer/firmware/mcu/simpleserial/simpleserial.c **** 	commands[num_commands].fp  = fp;
 1170              		.loc 1 356 29 view .LVU391
 1171 0022 CCF80810 		str	r1, [ip, #8]
 357:/home/pacl/Documents/Repository/chipwhisperer/firmware/mcu/simpleserial/simpleserial.c **** 	commands[num_commands].flags = fl;
 1172              		.loc 1 357 2 is_stmt 1 view .LVU392
 357:/home/pacl/Documents/Repository/chipwhisperer/firmware/mcu/simpleserial/simpleserial.c **** 	commands[num_commands].flags = fl;
 1173              		.loc 1 357 29 is_stmt 0 view .LVU393
 1174 0026 CCF80C20 		str	r2, [ip, #12]
 358:/home/pacl/Documents/Repository/chipwhisperer/firmware/mcu/simpleserial/simpleserial.c **** 	num_commands++;
 1175              		.loc 1 358 2 is_stmt 1 view .LVU394
 359:/home/pacl/Documents/Repository/chipwhisperer/firmware/mcu/simpleserial/simpleserial.c **** 
 1176              		.loc 1 359 2 view .LVU395
 361:/home/pacl/Documents/Repository/chipwhisperer/firmware/mcu/simpleserial/simpleserial.c **** }
 1177              		.loc 1 361 2 view .LVU396
 362:/home/pacl/Documents/Repository/chipwhisperer/firmware/mcu/simpleserial/simpleserial.c **** 
 1178              		.loc 1 362 1 is_stmt 0 view .LVU397
 1179 002a 7047     		bx	lr
 1180              	.LVL98:
 1181              	.L101:
 1182              	.LCFI14:
 1183              		.cfi_restore_state
 350:/home/pacl/Documents/Repository/chipwhisperer/firmware/mcu/simpleserial/simpleserial.c **** 
 1184              		.loc 1 350 10 view .LVU398
 1185 002c 0120     		movs	r0, #1
 1186              	.LVL99:
 362:/home/pacl/Documents/Repository/chipwhisperer/firmware/mcu/simpleserial/simpleserial.c **** 
 1187              		.loc 1 362 1 view .LVU399
 1188 002e 30BC     		pop	{r4, r5}
 1189              	.LCFI15:
 1190              		.cfi_restore 5
 1191              		.cfi_restore 4
 1192              		.cfi_def_cfa_offset 0
 1193 0030 7047     		bx	lr
 1194              	.L104:
 1195 0032 00BF     		.align	2
 1196              	.L103:
 1197 0034 00000000 		.word	.LANCHOR0
 1198              		.cfi_endproc
 1199              	.LFE7:
 1201              		.section	.text.simpleserial_get,"ax",%progbits
 1202              		.align	1
 1203              		.p2align 2,,3
 1204              		.global	simpleserial_get
 1205              		.syntax unified
 1206              		.thumb
 1207              		.thumb_func
 1209              	simpleserial_get:
 1210              	.LFB8:
 365:/home/pacl/Documents/Repository/chipwhisperer/firmware/mcu/simpleserial/simpleserial.c **** 	char ascii_buf[2*MAX_SS_LEN];
 1211              		.loc 1 365 1 is_stmt 1 view -0
 1212              		.cfi_startproc
 1213              		@ args = 0, pretend = 0, frame = 192
 1214              		@ frame_needed = 0, uses_anonymous_args = 0
 366:/home/pacl/Documents/Repository/chipwhisperer/firmware/mcu/simpleserial/simpleserial.c **** 	uint8_t data_buf[MAX_SS_LEN];
 1215              		.loc 1 366 2 view .LVU401
 367:/home/pacl/Documents/Repository/chipwhisperer/firmware/mcu/simpleserial/simpleserial.c **** 	char c;
 1216              		.loc 1 367 2 view .LVU402
 368:/home/pacl/Documents/Repository/chipwhisperer/firmware/mcu/simpleserial/simpleserial.c **** 
 1217              		.loc 1 368 2 view .LVU403
 371:/home/pacl/Documents/Repository/chipwhisperer/firmware/mcu/simpleserial/simpleserial.c **** 
 1218              		.loc 1 371 2 view .LVU404
 365:/home/pacl/Documents/Repository/chipwhisperer/firmware/mcu/simpleserial/simpleserial.c **** 	char ascii_buf[2*MAX_SS_LEN];
 1219              		.loc 1 365 1 is_stmt 0 view .LVU405
 1220 0000 2DE9F041 		push	{r4, r5, r6, r7, r8, lr}
 1221              	.LCFI16:
 1222              		.cfi_def_cfa_offset 24
 1223              		.cfi_offset 4, -24
 1224              		.cfi_offset 5, -20
 1225              		.cfi_offset 6, -16
 1226              		.cfi_offset 7, -12
 1227              		.cfi_offset 8, -8
 1228              		.cfi_offset 14, -4
 374:/home/pacl/Documents/Repository/chipwhisperer/firmware/mcu/simpleserial/simpleserial.c **** 	{
 1229              		.loc 1 374 19 discriminator 1 view .LVU406
 1230 0004 4C4E     		ldr	r6, .L135
 365:/home/pacl/Documents/Repository/chipwhisperer/firmware/mcu/simpleserial/simpleserial.c **** 	char ascii_buf[2*MAX_SS_LEN];
 1231              		.loc 1 365 1 view .LVU407
 1232 0006 B0B0     		sub	sp, sp, #192
 1233              	.LCFI17:
 1234              		.cfi_def_cfa_offset 216
 371:/home/pacl/Documents/Repository/chipwhisperer/firmware/mcu/simpleserial/simpleserial.c **** 
 1235              		.loc 1 371 6 view .LVU408
 1236 0008 FFF7FEFF 		bl	getch
 1237              	.LVL100:
 373:/home/pacl/Documents/Repository/chipwhisperer/firmware/mcu/simpleserial/simpleserial.c **** 	for(cmd = 0; cmd < num_commands; cmd++)
 1238              		.loc 1 373 2 is_stmt 1 view .LVU409
 374:/home/pacl/Documents/Repository/chipwhisperer/firmware/mcu/simpleserial/simpleserial.c **** 	{
 1239              		.loc 1 374 2 view .LVU410
 374:/home/pacl/Documents/Repository/chipwhisperer/firmware/mcu/simpleserial/simpleserial.c **** 	{
 1240              		.loc 1 374 19 discriminator 1 view .LVU411
 1241 000c 3168     		ldr	r1, [r6]
 1242 000e 0029     		cmp	r1, #0
 374:/home/pacl/Documents/Repository/chipwhisperer/firmware/mcu/simpleserial/simpleserial.c **** 	{
 1243              		.loc 1 374 10 is_stmt 0 view .LVU412
 1244 0010 4FF00003 		mov	r3, #0
 374:/home/pacl/Documents/Repository/chipwhisperer/firmware/mcu/simpleserial/simpleserial.c **** 	{
 1245              		.loc 1 374 19 discriminator 1 view .LVU413
 1246 0014 08DD     		ble	.L106
 1247 0016 341D     		adds	r4, r6, #4
 1248 0018 02E0     		b	.L107
 1249              	.LVL101:
 1250              	.L133:
 374:/home/pacl/Documents/Repository/chipwhisperer/firmware/mcu/simpleserial/simpleserial.c **** 	{
 1251              		.loc 1 374 38 discriminator 2 view .LVU414
 1252 001a 0133     		adds	r3, r3, #1
 1253              	.LVL102:
 374:/home/pacl/Documents/Repository/chipwhisperer/firmware/mcu/simpleserial/simpleserial.c **** 	{
 1254              		.loc 1 374 19 is_stmt 1 discriminator 1 view .LVU415
 1255 001c 8B42     		cmp	r3, r1
 1256 001e 22D0     		beq	.L105
 1257              	.LVL103:
 1258              	.L107:
 376:/home/pacl/Documents/Repository/chipwhisperer/firmware/mcu/simpleserial/simpleserial.c **** 			break;
 1259              		.loc 1 376 3 view .LVU416
 374:/home/pacl/Documents/Repository/chipwhisperer/firmware/mcu/simpleserial/simpleserial.c **** 	{
 1260              		.loc 1 374 38 discriminator 2 view .LVU417
 376:/home/pacl/Documents/Repository/chipwhisperer/firmware/mcu/simpleserial/simpleserial.c **** 			break;
 1261              		.loc 1 376 19 is_stmt 0 view .LVU418
 1262 0020 1A01     		lsls	r2, r3, #4
 376:/home/pacl/Documents/Repository/chipwhisperer/firmware/mcu/simpleserial/simpleserial.c **** 			break;
 1263              		.loc 1 376 5 view .LVU419
 1264 0022 A25C     		ldrb	r2, [r4, r2]	@ zero_extendqisi2
 1265 0024 8242     		cmp	r2, r0
 1266 0026 F8D1     		bne	.L133
 1267              	.LVL104:
 1268              	.L106:
 381:/home/pacl/Documents/Repository/chipwhisperer/firmware/mcu/simpleserial/simpleserial.c **** 		return;
 1269              		.loc 1 381 2 is_stmt 1 view .LVU420
 381:/home/pacl/Documents/Repository/chipwhisperer/firmware/mcu/simpleserial/simpleserial.c **** 		return;
 1270              		.loc 1 381 4 is_stmt 0 view .LVU421
 1271 0028 9942     		cmp	r1, r3
 1272 002a 1CD0     		beq	.L105
 385:/home/pacl/Documents/Repository/chipwhisperer/firmware/mcu/simpleserial/simpleserial.c **** 	{
 1273              		.loc 1 385 2 is_stmt 1 view .LVU422
 385:/home/pacl/Documents/Repository/chipwhisperer/firmware/mcu/simpleserial/simpleserial.c **** 	{
 1274              		.loc 1 385 20 is_stmt 0 view .LVU423
 1275 002c 06EB0312 		add	r2, r6, r3, lsl #4
 1276 0030 1C01     		lsls	r4, r3, #4
 385:/home/pacl/Documents/Repository/chipwhisperer/firmware/mcu/simpleserial/simpleserial.c **** 	{
 1277              		.loc 1 385 5 view .LVU424
 1278 0032 137C     		ldrb	r3, [r2, #16]	@ zero_extendqisi2
 1279 0034 DB07     		lsls	r3, r3, #31
 1280 0036 19D4     		bmi	.L109
 1281              	.LBB109:
 397:/home/pacl/Documents/Repository/chipwhisperer/firmware/mcu/simpleserial/simpleserial.c **** 	{
 1282              		.loc 1 397 36 discriminator 1 view .LVU425
 1283 0038 9368     		ldr	r3, [r2, #8]
 1284              	.LVL105:
 1285              	.L110:
 397:/home/pacl/Documents/Repository/chipwhisperer/firmware/mcu/simpleserial/simpleserial.c **** 	{
 1286              		.loc 1 397 19 is_stmt 1 discriminator 1 view .LVU426
 1287 003a 5B00     		lsls	r3, r3, #1
 1288 003c 44D0     		beq	.L121
 1289              	.L116:
 1290 003e 10AF     		add	r7, sp, #64
 1291              	.LBE109:
 374:/home/pacl/Documents/Repository/chipwhisperer/firmware/mcu/simpleserial/simpleserial.c **** 	{
 1292              		.loc 1 374 10 is_stmt 0 view .LVU427
 1293 0040 0025     		movs	r5, #0
 1294              	.LBB110:
 397:/home/pacl/Documents/Repository/chipwhisperer/firmware/mcu/simpleserial/simpleserial.c **** 	{
 1295              		.loc 1 397 36 discriminator 1 view .LVU428
 1296 0042 06EB0408 		add	r8, r6, r4
 1297 0046 08E0     		b	.L120
 1298              	.LVL106:
 1299              	.L134:
 402:/home/pacl/Documents/Repository/chipwhisperer/firmware/mcu/simpleserial/simpleserial.c **** 			return;
 1300              		.loc 1 402 16 discriminator 1 view .LVU429
 1301 0048 0D28     		cmp	r0, #13
 1302 004a 0CD0     		beq	.L105
 397:/home/pacl/Documents/Repository/chipwhisperer/firmware/mcu/simpleserial/simpleserial.c **** 	{
 1303              		.loc 1 397 22 discriminator 1 view .LVU430
 1304 004c D8F80830 		ldr	r3, [r8, #8]
 405:/home/pacl/Documents/Repository/chipwhisperer/firmware/mcu/simpleserial/simpleserial.c **** 	}
 1305              		.loc 1 405 16 view .LVU431
 1306 0050 07F8010B 		strb	r0, [r7], #1
 397:/home/pacl/Documents/Repository/chipwhisperer/firmware/mcu/simpleserial/simpleserial.c **** 	{
 1307              		.loc 1 397 43 is_stmt 1 discriminator 2 view .LVU432
 1308              	.LVL107:
 397:/home/pacl/Documents/Repository/chipwhisperer/firmware/mcu/simpleserial/simpleserial.c **** 	{
 1309              		.loc 1 397 19 discriminator 1 view .LVU433
 1310 0054 B5EB430F 		cmp	r5, r3, lsl #1
 1311 0058 36D2     		bcs	.L121
 1312              	.LVL108:
 1313              	.L120:
 399:/home/pacl/Documents/Repository/chipwhisperer/firmware/mcu/simpleserial/simpleserial.c **** 
 1314              		.loc 1 399 3 view .LVU434
 399:/home/pacl/Documents/Repository/chipwhisperer/firmware/mcu/simpleserial/simpleserial.c **** 
 1315              		.loc 1 399 7 is_stmt 0 view .LVU435
 1316 005a FFF7FEFF 		bl	getch
 1317              	.LVL109:
 405:/home/pacl/Documents/Repository/chipwhisperer/firmware/mcu/simpleserial/simpleserial.c **** 	}
 1318              		.loc 1 405 3 is_stmt 1 view .LVU436
 402:/home/pacl/Documents/Repository/chipwhisperer/firmware/mcu/simpleserial/simpleserial.c **** 			return;
 1319              		.loc 1 402 3 view .LVU437
 402:/home/pacl/Documents/Repository/chipwhisperer/firmware/mcu/simpleserial/simpleserial.c **** 			return;
 1320              		.loc 1 402 5 is_stmt 0 view .LVU438
 1321 005e 0A28     		cmp	r0, #10
 397:/home/pacl/Documents/Repository/chipwhisperer/firmware/mcu/simpleserial/simpleserial.c **** 	{
 1322              		.loc 1 397 43 discriminator 2 view .LVU439
 1323 0060 05F10105 		add	r5, r5, #1
 1324              	.LVL110:
 402:/home/pacl/Documents/Repository/chipwhisperer/firmware/mcu/simpleserial/simpleserial.c **** 			return;
 1325              		.loc 1 402 5 view .LVU440
 1326 0064 F0D1     		bne	.L134
 1327              	.LVL111:
 1328              	.L105:
 402:/home/pacl/Documents/Repository/chipwhisperer/firmware/mcu/simpleserial/simpleserial.c **** 			return;
 1329              		.loc 1 402 5 view .LVU441
 1330              	.LBE110:
 426:/home/pacl/Documents/Repository/chipwhisperer/firmware/mcu/simpleserial/simpleserial.c **** 
 1331              		.loc 1 426 1 view .LVU442
 1332 0066 30B0     		add	sp, sp, #192
 1333              	.LCFI18:
 1334              		.cfi_remember_state
 1335              		.cfi_def_cfa_offset 24
 1336              		@ sp needed
 1337 0068 BDE8F081 		pop	{r4, r5, r6, r7, r8, pc}
 1338              	.LVL112:
 1339              	.L109:
 1340              	.LCFI19:
 1341              		.cfi_restore_state
 1342              	.LBB111:
 387:/home/pacl/Documents/Repository/chipwhisperer/firmware/mcu/simpleserial/simpleserial.c **** 		char buff[2];
 1343              		.loc 1 387 3 is_stmt 1 view .LVU443
 388:/home/pacl/Documents/Repository/chipwhisperer/firmware/mcu/simpleserial/simpleserial.c **** 		buff[0] = getch();
 1344              		.loc 1 388 3 view .LVU444
 389:/home/pacl/Documents/Repository/chipwhisperer/firmware/mcu/simpleserial/simpleserial.c **** 		buff[1] = getch();
 1345              		.loc 1 389 3 view .LVU445
 389:/home/pacl/Documents/Repository/chipwhisperer/firmware/mcu/simpleserial/simpleserial.c **** 		buff[1] = getch();
 1346              		.loc 1 389 13 is_stmt 0 view .LVU446
 1347 006c FFF7FEFF 		bl	getch
 1348              	.LVL113:
 389:/home/pacl/Documents/Repository/chipwhisperer/firmware/mcu/simpleserial/simpleserial.c **** 		buff[1] = getch();
 1349              		.loc 1 389 13 view .LVU447
 1350 0070 0546     		mov	r5, r0
 1351              	.LVL114:
 390:/home/pacl/Documents/Repository/chipwhisperer/firmware/mcu/simpleserial/simpleserial.c **** 		if (hex_decode(1, buff, &l))
 1352              		.loc 1 390 3 is_stmt 1 view .LVU448
 390:/home/pacl/Documents/Repository/chipwhisperer/firmware/mcu/simpleserial/simpleserial.c **** 		if (hex_decode(1, buff, &l))
 1353              		.loc 1 390 13 is_stmt 0 view .LVU449
 1354 0072 FFF7FEFF 		bl	getch
 1355              	.LVL115:
 391:/home/pacl/Documents/Repository/chipwhisperer/firmware/mcu/simpleserial/simpleserial.c **** 			return;
 1356              		.loc 1 391 3 is_stmt 1 view .LVU450
 1357              	.LBB112:
 1358              	.LBI112:
 302:/home/pacl/Documents/Repository/chipwhisperer/firmware/mcu/simpleserial/simpleserial.c **** {
 1359              		.loc 1 302 5 view .LVU451
 304:/home/pacl/Documents/Repository/chipwhisperer/firmware/mcu/simpleserial/simpleserial.c **** 	{
 1360              		.loc 1 304 2 view .LVU452
 1361              	.LBB113:
 304:/home/pacl/Documents/Repository/chipwhisperer/firmware/mcu/simpleserial/simpleserial.c **** 	{
 1362              		.loc 1 304 6 view .LVU453
 304:/home/pacl/Documents/Repository/chipwhisperer/firmware/mcu/simpleserial/simpleserial.c **** 	{
 1363              		.loc 1 304 19 discriminator 1 view .LVU454
 1364              	.LBB114:
 306:/home/pacl/Documents/Repository/chipwhisperer/firmware/mcu/simpleserial/simpleserial.c **** 		char n_lo = ascii_buf[2*i+1];
 1365              		.loc 1 306 3 view .LVU455
 307:/home/pacl/Documents/Repository/chipwhisperer/firmware/mcu/simpleserial/simpleserial.c **** 
 1366              		.loc 1 307 3 view .LVU456
 309:/home/pacl/Documents/Repository/chipwhisperer/firmware/mcu/simpleserial/simpleserial.c **** 			data_buf[i] = n_lo - '0';
 1367              		.loc 1 309 3 view .LVU457
 309:/home/pacl/Documents/Repository/chipwhisperer/firmware/mcu/simpleserial/simpleserial.c **** 			data_buf[i] = n_lo - '0';
 1368              		.loc 1 309 18 is_stmt 0 view .LVU458
 1369 0076 A0F13003 		sub	r3, r0, #48
 1370 007a DBB2     		uxtb	r3, r3
 309:/home/pacl/Documents/Repository/chipwhisperer/firmware/mcu/simpleserial/simpleserial.c **** 			data_buf[i] = n_lo - '0';
 1371              		.loc 1 309 5 view .LVU459
 1372 007c 092B     		cmp	r3, #9
 1373 007e 0CD9     		bls	.L111
 311:/home/pacl/Documents/Repository/chipwhisperer/firmware/mcu/simpleserial/simpleserial.c **** 			data_buf[i] = n_lo - 'A' + 10;
 1374              		.loc 1 311 8 is_stmt 1 view .LVU460
 311:/home/pacl/Documents/Repository/chipwhisperer/firmware/mcu/simpleserial/simpleserial.c **** 			data_buf[i] = n_lo - 'A' + 10;
 1375              		.loc 1 311 23 is_stmt 0 view .LVU461
 1376 0080 A0F14103 		sub	r3, r0, #65
 311:/home/pacl/Documents/Repository/chipwhisperer/firmware/mcu/simpleserial/simpleserial.c **** 			data_buf[i] = n_lo - 'A' + 10;
 1377              		.loc 1 311 10 view .LVU462
 1378 0084 DBB2     		uxtb	r3, r3
 1379 0086 052B     		cmp	r3, #5
 1380 0088 4AD9     		bls	.L112
 313:/home/pacl/Documents/Repository/chipwhisperer/firmware/mcu/simpleserial/simpleserial.c **** 			data_buf[i] = n_lo - 'a' + 10;
 1381              		.loc 1 313 8 is_stmt 1 view .LVU463
 313:/home/pacl/Documents/Repository/chipwhisperer/firmware/mcu/simpleserial/simpleserial.c **** 			data_buf[i] = n_lo - 'a' + 10;
 1382              		.loc 1 313 23 is_stmt 0 view .LVU464
 1383 008a A0F16103 		sub	r3, r0, #97
 313:/home/pacl/Documents/Repository/chipwhisperer/firmware/mcu/simpleserial/simpleserial.c **** 			data_buf[i] = n_lo - 'a' + 10;
 1384              		.loc 1 313 10 view .LVU465
 1385 008e DBB2     		uxtb	r3, r3
 1386 0090 052B     		cmp	r3, #5
 1387 0092 E8D8     		bhi	.L105
 314:/home/pacl/Documents/Repository/chipwhisperer/firmware/mcu/simpleserial/simpleserial.c **** 		else
 1388              		.loc 1 314 4 is_stmt 1 view .LVU466
 314:/home/pacl/Documents/Repository/chipwhisperer/firmware/mcu/simpleserial/simpleserial.c **** 		else
 1389              		.loc 1 314 29 is_stmt 0 view .LVU467
 1390 0094 A0F15703 		sub	r3, r0, #87
 1391 0098 DBB2     		uxtb	r3, r3
 1392              	.LVL116:
 1393              	.L111:
 318:/home/pacl/Documents/Repository/chipwhisperer/firmware/mcu/simpleserial/simpleserial.c **** 			data_buf[i] |= (n_hi - '0') << 4;
 1394              		.loc 1 318 3 is_stmt 1 view .LVU468
 318:/home/pacl/Documents/Repository/chipwhisperer/firmware/mcu/simpleserial/simpleserial.c **** 			data_buf[i] |= (n_hi - '0') << 4;
 1395              		.loc 1 318 18 is_stmt 0 view .LVU469
 1396 009a A5F13002 		sub	r2, r5, #48
 1397 009e D2B2     		uxtb	r2, r2
 318:/home/pacl/Documents/Repository/chipwhisperer/firmware/mcu/simpleserial/simpleserial.c **** 			data_buf[i] |= (n_hi - '0') << 4;
 1398              		.loc 1 318 5 view .LVU470
 1399 00a0 092A     		cmp	r2, #9
 1400 00a2 37D9     		bls	.L114
 320:/home/pacl/Documents/Repository/chipwhisperer/firmware/mcu/simpleserial/simpleserial.c **** 			data_buf[i] |= (n_hi - 'A' + 10) << 4;
 1401              		.loc 1 320 8 is_stmt 1 view .LVU471
 320:/home/pacl/Documents/Repository/chipwhisperer/firmware/mcu/simpleserial/simpleserial.c **** 			data_buf[i] |= (n_hi - 'A' + 10) << 4;
 1402              		.loc 1 320 23 is_stmt 0 view .LVU472
 1403 00a4 A5F14102 		sub	r2, r5, #65
 320:/home/pacl/Documents/Repository/chipwhisperer/firmware/mcu/simpleserial/simpleserial.c **** 			data_buf[i] |= (n_hi - 'A' + 10) << 4;
 1404              		.loc 1 320 10 view .LVU473
 1405 00a8 D2B2     		uxtb	r2, r2
 1406 00aa 052A     		cmp	r2, #5
 1407 00ac 3CD9     		bls	.L115
 322:/home/pacl/Documents/Repository/chipwhisperer/firmware/mcu/simpleserial/simpleserial.c **** 			data_buf[i] |= (n_hi - 'a' + 10) << 4;
 1408              		.loc 1 322 8 is_stmt 1 view .LVU474
 322:/home/pacl/Documents/Repository/chipwhisperer/firmware/mcu/simpleserial/simpleserial.c **** 			data_buf[i] |= (n_hi - 'a' + 10) << 4;
 1409              		.loc 1 322 23 is_stmt 0 view .LVU475
 1410 00ae A5F16102 		sub	r2, r5, #97
 322:/home/pacl/Documents/Repository/chipwhisperer/firmware/mcu/simpleserial/simpleserial.c **** 			data_buf[i] |= (n_hi - 'a' + 10) << 4;
 1411              		.loc 1 322 10 view .LVU476
 1412 00b2 D2B2     		uxtb	r2, r2
 1413 00b4 052A     		cmp	r2, #5
 1414 00b6 D6D8     		bhi	.L105
 323:/home/pacl/Documents/Repository/chipwhisperer/firmware/mcu/simpleserial/simpleserial.c **** 		else
 1415              		.loc 1 323 4 is_stmt 1 view .LVU477
 1416              	.LVL117:
 323:/home/pacl/Documents/Repository/chipwhisperer/firmware/mcu/simpleserial/simpleserial.c **** 		else
 1417              		.loc 1 323 4 is_stmt 0 view .LVU478
 1418              	.LBE114:
 1419              	.LBE113:
 1420              	.LBE112:
 393:/home/pacl/Documents/Repository/chipwhisperer/firmware/mcu/simpleserial/simpleserial.c **** 	}
 1421              		.loc 1 393 3 is_stmt 1 view .LVU479
 1422              	.LBB129:
 1423              	.LBB122:
 1424              	.LBB115:
 323:/home/pacl/Documents/Repository/chipwhisperer/firmware/mcu/simpleserial/simpleserial.c **** 		else
 1425              		.loc 1 323 16 is_stmt 0 view .LVU480
 1426 00b8 A5F15700 		sub	r0, r5, #87
 1427              	.LVL118:
 323:/home/pacl/Documents/Repository/chipwhisperer/firmware/mcu/simpleserial/simpleserial.c **** 		else
 1428              		.loc 1 323 16 view .LVU481
 1429              	.LBE115:
 1430              	.LBE122:
 1431              	.LBE129:
 393:/home/pacl/Documents/Repository/chipwhisperer/firmware/mcu/simpleserial/simpleserial.c **** 	}
 1432              		.loc 1 393 21 view .LVU482
 1433 00bc 3219     		adds	r2, r6, r4
 1434              	.LBB130:
 1435              	.LBB123:
 1436              	.LBB116:
 323:/home/pacl/Documents/Repository/chipwhisperer/firmware/mcu/simpleserial/simpleserial.c **** 		else
 1437              		.loc 1 323 16 view .LVU483
 1438 00be 43EA0013 		orr	r3, r3, r0, lsl #4
 1439              	.LVL119:
 323:/home/pacl/Documents/Repository/chipwhisperer/firmware/mcu/simpleserial/simpleserial.c **** 		else
 1440              		.loc 1 323 16 view .LVU484
 1441              	.LBE116:
 1442              	.LBE123:
 1443              	.LBE130:
 393:/home/pacl/Documents/Repository/chipwhisperer/firmware/mcu/simpleserial/simpleserial.c **** 	}
 1444              		.loc 1 393 21 view .LVU485
 1445 00c2 DBB2     		uxtb	r3, r3
 1446 00c4 9360     		str	r3, [r2, #8]
 1447              	.LVL120:
 393:/home/pacl/Documents/Repository/chipwhisperer/firmware/mcu/simpleserial/simpleserial.c **** 	}
 1448              		.loc 1 393 21 view .LVU486
 1449              	.LBE111:
 1450              	.LBB136:
 397:/home/pacl/Documents/Repository/chipwhisperer/firmware/mcu/simpleserial/simpleserial.c **** 	{
 1451              		.loc 1 397 19 is_stmt 1 discriminator 1 view .LVU487
 1452 00c6 BAE7     		b	.L116
 1453              	.LVL121:
 1454              	.L121:
 397:/home/pacl/Documents/Repository/chipwhisperer/firmware/mcu/simpleserial/simpleserial.c **** 	{
 1455              		.loc 1 397 19 is_stmt 0 discriminator 1 view .LVU488
 1456              	.LBE136:
 409:/home/pacl/Documents/Repository/chipwhisperer/firmware/mcu/simpleserial/simpleserial.c **** 	if(c != '\n' && c != '\r')
 1457              		.loc 1 409 2 is_stmt 1 view .LVU489
 409:/home/pacl/Documents/Repository/chipwhisperer/firmware/mcu/simpleserial/simpleserial.c **** 	if(c != '\n' && c != '\r')
 1458              		.loc 1 409 6 is_stmt 0 view .LVU490
 1459 00c8 FFF7FEFF 		bl	getch
 1460              	.LVL122:
 410:/home/pacl/Documents/Repository/chipwhisperer/firmware/mcu/simpleserial/simpleserial.c **** 		return;
 1461              		.loc 1 410 2 is_stmt 1 view .LVU491
 410:/home/pacl/Documents/Repository/chipwhisperer/firmware/mcu/simpleserial/simpleserial.c **** 		return;
 1462              		.loc 1 410 4 is_stmt 0 view .LVU492
 1463 00cc 0A28     		cmp	r0, #10
 1464 00ce 01D0     		beq	.L119
 410:/home/pacl/Documents/Repository/chipwhisperer/firmware/mcu/simpleserial/simpleserial.c **** 		return;
 1465              		.loc 1 410 15 discriminator 1 view .LVU493
 1466 00d0 0D28     		cmp	r0, #13
 1467 00d2 C8D1     		bne	.L105
 1468              	.L119:
 415:/home/pacl/Documents/Repository/chipwhisperer/firmware/mcu/simpleserial/simpleserial.c **** 		return;
 1469              		.loc 1 415 2 is_stmt 1 view .LVU494
 415:/home/pacl/Documents/Repository/chipwhisperer/firmware/mcu/simpleserial/simpleserial.c **** 		return;
 1470              		.loc 1 415 29 is_stmt 0 view .LVU495
 1471 00d4 2644     		add	r6, r6, r4
 415:/home/pacl/Documents/Repository/chipwhisperer/firmware/mcu/simpleserial/simpleserial.c **** 		return;
 1472              		.loc 1 415 5 view .LVU496
 1473 00d6 6A46     		mov	r2, sp
 415:/home/pacl/Documents/Repository/chipwhisperer/firmware/mcu/simpleserial/simpleserial.c **** 		return;
 1474              		.loc 1 415 29 view .LVU497
 1475 00d8 B468     		ldr	r4, [r6, #8]
 415:/home/pacl/Documents/Repository/chipwhisperer/firmware/mcu/simpleserial/simpleserial.c **** 		return;
 1476              		.loc 1 415 5 view .LVU498
 1477 00da 10A9     		add	r1, sp, #64
 1478 00dc 2046     		mov	r0, r4
 1479              	.LVL123:
 415:/home/pacl/Documents/Repository/chipwhisperer/firmware/mcu/simpleserial/simpleserial.c **** 		return;
 1480              		.loc 1 415 5 view .LVU499
 1481 00de FFF7FEFF 		bl	hex_decode
 1482              	.LVL124:
 415:/home/pacl/Documents/Repository/chipwhisperer/firmware/mcu/simpleserial/simpleserial.c **** 		return;
 1483              		.loc 1 415 4 discriminator 1 view .LVU500
 1484 00e2 0028     		cmp	r0, #0
 1485 00e4 BFD1     		bne	.L105
 419:/home/pacl/Documents/Repository/chipwhisperer/firmware/mcu/simpleserial/simpleserial.c **** 	ret[0] = commands[cmd].fp(data_buf, commands[cmd].len);
 1486              		.loc 1 419 2 is_stmt 1 view .LVU501
 420:/home/pacl/Documents/Repository/chipwhisperer/firmware/mcu/simpleserial/simpleserial.c **** 
 1487              		.loc 1 420 2 view .LVU502
 420:/home/pacl/Documents/Repository/chipwhisperer/firmware/mcu/simpleserial/simpleserial.c **** 
 1488              		.loc 1 420 11 is_stmt 0 view .LVU503
 1489 00e6 E1B2     		uxtb	r1, r4
 1490 00e8 F368     		ldr	r3, [r6, #12]
 1491              	.LBB137:
 1492              	.LBB138:
 1493              	.LBB139:
 1494              	.LBB140:
 437:/home/pacl/Documents/Repository/chipwhisperer/firmware/mcu/simpleserial/simpleserial.c **** 		putch(hex_lookup[output[i] & 0xF]);
 1495              		.loc 1 437 3 view .LVU504
 1496 00ea 144D     		ldr	r5, .L135+4
 1497              	.LBE140:
 1498              	.LBE139:
 1499              	.LBE138:
 1500              	.LBE137:
 420:/home/pacl/Documents/Repository/chipwhisperer/firmware/mcu/simpleserial/simpleserial.c **** 
 1501              		.loc 1 420 11 view .LVU505
 1502 00ec 6846     		mov	r0, sp
 1503 00ee 9847     		blx	r3
 1504              	.LVL125:
 1505 00f0 0446     		mov	r4, r0
 1506              	.LBB146:
 1507              	.LBB144:
 1508              	.LBB142:
 432:/home/pacl/Documents/Repository/chipwhisperer/firmware/mcu/simpleserial/simpleserial.c **** 
 1509              		.loc 1 432 2 view .LVU506
 1510 00f2 7A20     		movs	r0, #122
 1511              	.LBE142:
 1512              	.LBE144:
 1513              	.LBE146:
 424:/home/pacl/Documents/Repository/chipwhisperer/firmware/mcu/simpleserial/simpleserial.c **** #endif
 1514              		.loc 1 424 2 is_stmt 1 view .LVU507
 1515              	.LVL126:
 1516              	.LBB147:
 1517              	.LBI137:
 428:/home/pacl/Documents/Repository/chipwhisperer/firmware/mcu/simpleserial/simpleserial.c **** {
 1518              		.loc 1 428 6 view .LVU508
 431:/home/pacl/Documents/Repository/chipwhisperer/firmware/mcu/simpleserial/simpleserial.c **** 	putch(c);
 1519              		.loc 1 431 5 view .LVU509
 1520              	.LBB145:
 1521              	.LBI138:
 428:/home/pacl/Documents/Repository/chipwhisperer/firmware/mcu/simpleserial/simpleserial.c **** {
 1522              		.loc 1 428 6 view .LVU510
 1523              	.LBB143:
 432:/home/pacl/Documents/Repository/chipwhisperer/firmware/mcu/simpleserial/simpleserial.c **** 
 1524              		.loc 1 432 2 view .LVU511
 1525 00f4 FFF7FEFF 		bl	putch
 1526              	.LVL127:
 435:/home/pacl/Documents/Repository/chipwhisperer/firmware/mcu/simpleserial/simpleserial.c **** 	{
 1527              		.loc 1 435 2 view .LVU512
 1528              	.LBB141:
 435:/home/pacl/Documents/Repository/chipwhisperer/firmware/mcu/simpleserial/simpleserial.c **** 	{
 1529              		.loc 1 435 6 view .LVU513
 435:/home/pacl/Documents/Repository/chipwhisperer/firmware/mcu/simpleserial/simpleserial.c **** 	{
 1530              		.loc 1 435 19 discriminator 1 view .LVU514
 437:/home/pacl/Documents/Repository/chipwhisperer/firmware/mcu/simpleserial/simpleserial.c **** 		putch(hex_lookup[output[i] & 0xF]);
 1531              		.loc 1 437 3 view .LVU515
 437:/home/pacl/Documents/Repository/chipwhisperer/firmware/mcu/simpleserial/simpleserial.c **** 		putch(hex_lookup[output[i] & 0xF]);
 1532              		.loc 1 437 30 is_stmt 0 view .LVU516
 1533 00f8 C4F30713 		ubfx	r3, r4, #4, #8
 438:/home/pacl/Documents/Repository/chipwhisperer/firmware/mcu/simpleserial/simpleserial.c **** 	}
 1534              		.loc 1 438 30 view .LVU517
 1535 00fc 04F00F04 		and	r4, r4, #15
 437:/home/pacl/Documents/Repository/chipwhisperer/firmware/mcu/simpleserial/simpleserial.c **** 		putch(hex_lookup[output[i] & 0xF]);
 1536              		.loc 1 437 3 view .LVU518
 1537 0100 E85C     		ldrb	r0, [r5, r3]	@ zero_extendqisi2
 1538 0102 FFF7FEFF 		bl	putch
 1539              	.LVL128:
 438:/home/pacl/Documents/Repository/chipwhisperer/firmware/mcu/simpleserial/simpleserial.c **** 	}
 1540              		.loc 1 438 3 is_stmt 1 view .LVU519
 1541 0106 285D     		ldrb	r0, [r5, r4]	@ zero_extendqisi2
 1542 0108 FFF7FEFF 		bl	putch
 1543              	.LVL129:
 435:/home/pacl/Documents/Repository/chipwhisperer/firmware/mcu/simpleserial/simpleserial.c **** 	{
 1544              		.loc 1 435 28 discriminator 3 view .LVU520
 435:/home/pacl/Documents/Repository/chipwhisperer/firmware/mcu/simpleserial/simpleserial.c **** 	{
 1545              		.loc 1 435 19 discriminator 1 view .LVU521
 1546              	.LBE141:
 1547              		.loc 1 442 2 view .LVU522
 1548 010c 0A20     		movs	r0, #10
 1549 010e FFF7FEFF 		bl	putch
 1550              	.LVL130:
 1551              		.loc 1 442 2 is_stmt 0 view .LVU523
 1552              	.LBE143:
 1553              	.LBE145:
 1554              	.LBE147:
 1555 0112 A8E7     		b	.L105
 1556              	.LVL131:
 1557              	.L114:
 1558              	.LBB148:
 1559              	.LBB131:
 1560              	.LBB124:
 1561              	.LBB117:
 319:/home/pacl/Documents/Repository/chipwhisperer/firmware/mcu/simpleserial/simpleserial.c **** 		else if(n_hi >= 'A' && n_hi <= 'F')
 1562              		.loc 1 319 4 is_stmt 1 view .LVU524
 319:/home/pacl/Documents/Repository/chipwhisperer/firmware/mcu/simpleserial/simpleserial.c **** 		else if(n_hi >= 'A' && n_hi <= 'F')
 1563              		.loc 1 319 4 is_stmt 0 view .LVU525
 1564              	.LBE117:
 1565              	.LBE124:
 1566              	.LBE131:
 393:/home/pacl/Documents/Repository/chipwhisperer/firmware/mcu/simpleserial/simpleserial.c **** 	}
 1567              		.loc 1 393 3 is_stmt 1 view .LVU526
 1568              	.LBB132:
 1569              	.LBB125:
 1570              	.LBB118:
 319:/home/pacl/Documents/Repository/chipwhisperer/firmware/mcu/simpleserial/simpleserial.c **** 		else if(n_hi >= 'A' && n_hi <= 'F')
 1571              		.loc 1 319 16 is_stmt 0 view .LVU527
 1572 0114 43EA0213 		orr	r3, r3, r2, lsl #4
 1573              	.LVL132:
 319:/home/pacl/Documents/Repository/chipwhisperer/firmware/mcu/simpleserial/simpleserial.c **** 		else if(n_hi >= 'A' && n_hi <= 'F')
 1574              		.loc 1 319 16 view .LVU528
 1575              	.LBE118:
 1576              	.LBE125:
 1577              	.LBE132:
 393:/home/pacl/Documents/Repository/chipwhisperer/firmware/mcu/simpleserial/simpleserial.c **** 	}
 1578              		.loc 1 393 21 view .LVU529
 1579 0118 3219     		adds	r2, r6, r4
 393:/home/pacl/Documents/Repository/chipwhisperer/firmware/mcu/simpleserial/simpleserial.c **** 	}
 1580              		.loc 1 393 21 view .LVU530
 1581 011a DBB2     		uxtb	r3, r3
 1582 011c 9360     		str	r3, [r2, #8]
 1583              	.LVL133:
 393:/home/pacl/Documents/Repository/chipwhisperer/firmware/mcu/simpleserial/simpleserial.c **** 	}
 1584              		.loc 1 393 21 view .LVU531
 1585 011e 8CE7     		b	.L110
 1586              	.LVL134:
 1587              	.L112:
 1588              	.LBB133:
 1589              	.LBB126:
 1590              	.LBB119:
 312:/home/pacl/Documents/Repository/chipwhisperer/firmware/mcu/simpleserial/simpleserial.c **** 		else if(n_lo >= 'a' && n_lo <= 'f')
 1591              		.loc 1 312 4 is_stmt 1 view .LVU532
 312:/home/pacl/Documents/Repository/chipwhisperer/firmware/mcu/simpleserial/simpleserial.c **** 		else if(n_lo >= 'a' && n_lo <= 'f')
 1592              		.loc 1 312 29 is_stmt 0 view .LVU533
 1593 0120 A0F13703 		sub	r3, r0, #55
 1594 0124 DBB2     		uxtb	r3, r3
 1595              	.LVL135:
 312:/home/pacl/Documents/Repository/chipwhisperer/firmware/mcu/simpleserial/simpleserial.c **** 		else if(n_lo >= 'a' && n_lo <= 'f')
 1596              		.loc 1 312 29 view .LVU534
 1597 0126 B8E7     		b	.L111
 1598              	.L115:
 321:/home/pacl/Documents/Repository/chipwhisperer/firmware/mcu/simpleserial/simpleserial.c **** 		else if(n_hi >= 'a' && n_hi <= 'f')
 1599              		.loc 1 321 4 is_stmt 1 view .LVU535
 1600              	.LVL136:
 321:/home/pacl/Documents/Repository/chipwhisperer/firmware/mcu/simpleserial/simpleserial.c **** 		else if(n_hi >= 'a' && n_hi <= 'f')
 1601              		.loc 1 321 4 is_stmt 0 view .LVU536
 1602              	.LBE119:
 1603              	.LBE126:
 1604              	.LBE133:
 393:/home/pacl/Documents/Repository/chipwhisperer/firmware/mcu/simpleserial/simpleserial.c **** 	}
 1605              		.loc 1 393 3 is_stmt 1 view .LVU537
 1606              	.LBB134:
 1607              	.LBB127:
 1608              	.LBB120:
 321:/home/pacl/Documents/Repository/chipwhisperer/firmware/mcu/simpleserial/simpleserial.c **** 		else if(n_hi >= 'a' && n_hi <= 'f')
 1609              		.loc 1 321 16 is_stmt 0 view .LVU538
 1610 0128 A5F13700 		sub	r0, r5, #55
 1611              	.LVL137:
 321:/home/pacl/Documents/Repository/chipwhisperer/firmware/mcu/simpleserial/simpleserial.c **** 		else if(n_hi >= 'a' && n_hi <= 'f')
 1612              		.loc 1 321 16 view .LVU539
 1613              	.LBE120:
 1614              	.LBE127:
 1615              	.LBE134:
 393:/home/pacl/Documents/Repository/chipwhisperer/firmware/mcu/simpleserial/simpleserial.c **** 	}
 1616              		.loc 1 393 21 view .LVU540
 1617 012c 3219     		adds	r2, r6, r4
 1618              	.LBB135:
 1619              	.LBB128:
 1620              	.LBB121:
 321:/home/pacl/Documents/Repository/chipwhisperer/firmware/mcu/simpleserial/simpleserial.c **** 		else if(n_hi >= 'a' && n_hi <= 'f')
 1621              		.loc 1 321 16 view .LVU541
 1622 012e 43EA0013 		orr	r3, r3, r0, lsl #4
 1623              	.LVL138:
 321:/home/pacl/Documents/Repository/chipwhisperer/firmware/mcu/simpleserial/simpleserial.c **** 		else if(n_hi >= 'a' && n_hi <= 'f')
 1624              		.loc 1 321 16 view .LVU542
 1625              	.LBE121:
 1626              	.LBE128:
 1627              	.LBE135:
 393:/home/pacl/Documents/Repository/chipwhisperer/firmware/mcu/simpleserial/simpleserial.c **** 	}
 1628              		.loc 1 393 21 view .LVU543
 1629 0132 DBB2     		uxtb	r3, r3
 1630 0134 9360     		str	r3, [r2, #8]
 1631              	.LVL139:
 393:/home/pacl/Documents/Repository/chipwhisperer/firmware/mcu/simpleserial/simpleserial.c **** 	}
 1632              		.loc 1 393 21 view .LVU544
 1633              	.LBE148:
 1634              	.LBB149:
 397:/home/pacl/Documents/Repository/chipwhisperer/firmware/mcu/simpleserial/simpleserial.c **** 	{
 1635              		.loc 1 397 19 is_stmt 1 discriminator 1 view .LVU545
 1636 0136 82E7     		b	.L116
 1637              	.L136:
 1638              		.align	2
 1639              	.L135:
 1640 0138 00000000 		.word	.LANCHOR0
 1641 013c 00000000 		.word	.LANCHOR1
 1642              	.LBE149:
 1643              		.cfi_endproc
 1644              	.LFE8:
 1646              		.section	.text.simpleserial_put,"ax",%progbits
 1647              		.align	1
 1648              		.p2align 2,,3
 1649              		.global	simpleserial_put
 1650              		.syntax unified
 1651              		.thumb
 1652              		.thumb_func
 1654              	simpleserial_put:
 1655              	.LVL140:
 1656              	.LFB9:
 429:/home/pacl/Documents/Repository/chipwhisperer/firmware/mcu/simpleserial/simpleserial.c **** 	// Write first character
 1657              		.loc 1 429 1 view -0
 1658              		.cfi_startproc
 1659              		@ args = 0, pretend = 0, frame = 0
 1660              		@ frame_needed = 0, uses_anonymous_args = 0
 431:/home/pacl/Documents/Repository/chipwhisperer/firmware/mcu/simpleserial/simpleserial.c **** 	putch(c);
 1661              		.loc 1 431 5 view .LVU547
 431:/home/pacl/Documents/Repository/chipwhisperer/firmware/mcu/simpleserial/simpleserial.c **** 	putch(c);
 1662              		.loc 1 431 8 is_stmt 0 view .LVU548
 1663 0000 D2B1     		cbz	r2, .L137
 1664              	.LVL141:
 429:/home/pacl/Documents/Repository/chipwhisperer/firmware/mcu/simpleserial/simpleserial.c **** 	// Write first character
 1665              		.loc 1 429 1 view .LVU549
 1666 0002 70B5     		push	{r4, r5, r6, lr}
 1667              	.LCFI20:
 1668              		.cfi_def_cfa_offset 16
 1669              		.cfi_offset 4, -16
 1670              		.cfi_offset 5, -12
 1671              		.cfi_offset 6, -8
 1672              		.cfi_offset 14, -4
 1673 0004 0E46     		mov	r6, r1
 1674              	.LVL142:
 1675              	.LBB153:
 1676              	.LBI153:
 428:/home/pacl/Documents/Repository/chipwhisperer/firmware/mcu/simpleserial/simpleserial.c **** {
 1677              		.loc 1 428 6 is_stmt 1 view .LVU550
 1678              	.LBB154:
 432:/home/pacl/Documents/Repository/chipwhisperer/firmware/mcu/simpleserial/simpleserial.c **** 
 1679              		.loc 1 432 2 view .LVU551
 1680 0006 1446     		mov	r4, r2
 1681 0008 FFF7FEFF 		bl	putch
 1682              	.LVL143:
 435:/home/pacl/Documents/Repository/chipwhisperer/firmware/mcu/simpleserial/simpleserial.c **** 	{
 1683              		.loc 1 435 2 view .LVU552
 1684              	.LBB155:
 435:/home/pacl/Documents/Repository/chipwhisperer/firmware/mcu/simpleserial/simpleserial.c **** 	{
 1685              		.loc 1 435 6 view .LVU553
 435:/home/pacl/Documents/Repository/chipwhisperer/firmware/mcu/simpleserial/simpleserial.c **** 	{
 1686              		.loc 1 435 19 discriminator 1 view .LVU554
 1687 000c 7EB1     		cbz	r6, .L139
 1688 000e 0B4D     		ldr	r5, .L148
 1689 0010 2644     		add	r6, r6, r4
 1690              	.LVL144:
 1691              	.L140:
 437:/home/pacl/Documents/Repository/chipwhisperer/firmware/mcu/simpleserial/simpleserial.c **** 		putch(hex_lookup[output[i] & 0xF]);
 1692              		.loc 1 437 3 view .LVU555
 437:/home/pacl/Documents/Repository/chipwhisperer/firmware/mcu/simpleserial/simpleserial.c **** 		putch(hex_lookup[output[i] & 0xF]);
 1693              		.loc 1 437 26 is_stmt 0 view .LVU556
 1694 0012 2378     		ldrb	r3, [r4]	@ zero_extendqisi2
 437:/home/pacl/Documents/Repository/chipwhisperer/firmware/mcu/simpleserial/simpleserial.c **** 		putch(hex_lookup[output[i] & 0xF]);
 1695              		.loc 1 437 30 view .LVU557
 1696 0014 1B09     		lsrs	r3, r3, #4
 437:/home/pacl/Documents/Repository/chipwhisperer/firmware/mcu/simpleserial/simpleserial.c **** 		putch(hex_lookup[output[i] & 0xF]);
 1697              		.loc 1 437 3 view .LVU558
 1698 0016 E85C     		ldrb	r0, [r5, r3]	@ zero_extendqisi2
 1699 0018 FFF7FEFF 		bl	putch
 1700              	.LVL145:
 438:/home/pacl/Documents/Repository/chipwhisperer/firmware/mcu/simpleserial/simpleserial.c **** 	}
 1701              		.loc 1 438 3 is_stmt 1 view .LVU559
 438:/home/pacl/Documents/Repository/chipwhisperer/firmware/mcu/simpleserial/simpleserial.c **** 	}
 1702              		.loc 1 438 30 is_stmt 0 view .LVU560
 1703 001c 14F8013B 		ldrb	r3, [r4], #1	@ zero_extendqisi2
 1704              	.LVL146:
 438:/home/pacl/Documents/Repository/chipwhisperer/firmware/mcu/simpleserial/simpleserial.c **** 	}
 1705              		.loc 1 438 30 view .LVU561
 1706 0020 03F00F03 		and	r3, r3, #15
 438:/home/pacl/Documents/Repository/chipwhisperer/firmware/mcu/simpleserial/simpleserial.c **** 	}
 1707              		.loc 1 438 3 view .LVU562
 1708 0024 E85C     		ldrb	r0, [r5, r3]	@ zero_extendqisi2
 1709 0026 FFF7FEFF 		bl	putch
 1710              	.LVL147:
 435:/home/pacl/Documents/Repository/chipwhisperer/firmware/mcu/simpleserial/simpleserial.c **** 	{
 1711              		.loc 1 435 28 is_stmt 1 discriminator 3 view .LVU563
 435:/home/pacl/Documents/Repository/chipwhisperer/firmware/mcu/simpleserial/simpleserial.c **** 	{
 1712              		.loc 1 435 19 discriminator 1 view .LVU564
 1713 002a A642     		cmp	r6, r4
 1714 002c F1D1     		bne	.L140
 1715              	.LVL148:
 1716              	.L139:
 435:/home/pacl/Documents/Repository/chipwhisperer/firmware/mcu/simpleserial/simpleserial.c **** 	{
 1717              		.loc 1 435 19 is_stmt 0 discriminator 1 view .LVU565
 1718              	.LBE155:
 1719              		.loc 1 442 2 is_stmt 1 view .LVU566
 1720              	.LBE154:
 1721              	.LBE153:
 443:/home/pacl/Documents/Repository/chipwhisperer/firmware/mcu/simpleserial/simpleserial.c **** }
 1722              		.loc 1 443 1 is_stmt 0 view .LVU567
 1723 002e BDE87040 		pop	{r4, r5, r6, lr}
 1724              	.LCFI21:
 1725              		.cfi_restore 14
 1726              		.cfi_restore 6
 1727              		.cfi_restore 5
 1728              		.cfi_restore 4
 1729              		.cfi_def_cfa_offset 0
 1730              	.LBB157:
 1731              	.LBB156:
 442:/home/pacl/Documents/Repository/chipwhisperer/firmware/mcu/simpleserial/simpleserial.c **** }
 1732              		.loc 1 442 2 view .LVU568
 1733 0032 0A20     		movs	r0, #10
 1734 0034 FFF7FEBF 		b	putch
 1735              	.LVL149:
 1736              	.L137:
 442:/home/pacl/Documents/Repository/chipwhisperer/firmware/mcu/simpleserial/simpleserial.c **** }
 1737              		.loc 1 442 2 view .LVU569
 1738 0038 7047     		bx	lr
 1739              	.L149:
 1740 003a 00BF     		.align	2
 1741              	.L148:
 1742 003c 00000000 		.word	.LANCHOR1
 1743              	.LBE156:
 1744              	.LBE157:
 1745              		.cfi_endproc
 1746              	.LFE9:
 1748              		.section	.rodata
 1749              		.align	2
 1750              		.set	.LANCHOR1,. + 0
 1753              	hex_lookup:
 1754 0000 30313233 		.ascii	"0123456789ABCDEF"
 1754      34353637 
 1754      38394142 
 1754      43444546 
 1755              		.bss
 1756              		.align	2
 1757              		.set	.LANCHOR0,. + 0
 1760              	num_commands:
 1761 0000 00000000 		.space	4
 1764              	commands:
 1765 0004 00000000 		.space	512
 1765      00000000 
 1765      00000000 
 1765      00000000 
 1765      00000000 
 1766              		.text
 1767              	.Letext0:
 1768              		.file 2 "/usr/lib/gcc/arm-none-eabi/13.2.1/include/stdint.h"
 1769              		.file 3 "/home/pacl/Documents/Repository/chipwhisperer/firmware/mcu/hal/chipwhisperer-fw-extra/stm
DEFINED SYMBOLS
                            *ABS*:00000000 simpleserial.c
     /tmp/cc5IBYRB.s:19     .text.check_version:00000000 $t
     /tmp/cc5IBYRB.s:26     .text.check_version:00000000 check_version
     /tmp/cc5IBYRB.s:44     .text.ss_num_commands:00000000 $t
     /tmp/cc5IBYRB.s:51     .text.ss_num_commands:00000000 ss_num_commands
     /tmp/cc5IBYRB.s:132    .text.ss_num_commands:0000002c $d
     /tmp/cc5IBYRB.s:138    .text.ss_get_commands:00000000 $t
     /tmp/cc5IBYRB.s:145    .text.ss_get_commands:00000000 ss_get_commands
     /tmp/cc5IBYRB.s:301    .text.ss_get_commands:00000070 $d
     /tmp/cc5IBYRB.s:307    .text.ss_crc:00000000 $t
     /tmp/cc5IBYRB.s:314    .text.ss_crc:00000000 ss_crc
     /tmp/cc5IBYRB.s:620    .text.hex_decode:00000000 $t
     /tmp/cc5IBYRB.s:627    .text.hex_decode:00000000 hex_decode
     /tmp/cc5IBYRB.s:819    .text.simpleserial_init:00000000 $t
     /tmp/cc5IBYRB.s:826    .text.simpleserial_init:00000000 simpleserial_init
     /tmp/cc5IBYRB.s:1005   .text.simpleserial_init:0000005c $d
     /tmp/cc5IBYRB.s:1013   .text.simpleserial_addcmd:00000000 $t
     /tmp/cc5IBYRB.s:1020   .text.simpleserial_addcmd:00000000 simpleserial_addcmd
     /tmp/cc5IBYRB.s:1111   .text.simpleserial_addcmd:00000034 $d
     /tmp/cc5IBYRB.s:1116   .text.simpleserial_addcmd_flags:00000000 $t
     /tmp/cc5IBYRB.s:1123   .text.simpleserial_addcmd_flags:00000000 simpleserial_addcmd_flags
     /tmp/cc5IBYRB.s:1197   .text.simpleserial_addcmd_flags:00000034 $d
     /tmp/cc5IBYRB.s:1202   .text.simpleserial_get:00000000 $t
     /tmp/cc5IBYRB.s:1209   .text.simpleserial_get:00000000 simpleserial_get
     /tmp/cc5IBYRB.s:1640   .text.simpleserial_get:00000138 $d
     /tmp/cc5IBYRB.s:1647   .text.simpleserial_put:00000000 $t
     /tmp/cc5IBYRB.s:1654   .text.simpleserial_put:00000000 simpleserial_put
     /tmp/cc5IBYRB.s:1742   .text.simpleserial_put:0000003c $d
     /tmp/cc5IBYRB.s:1749   .rodata:00000000 $d
     /tmp/cc5IBYRB.s:1753   .rodata:00000000 hex_lookup
     /tmp/cc5IBYRB.s:1756   .bss:00000000 $d
     /tmp/cc5IBYRB.s:1760   .bss:00000000 num_commands
     /tmp/cc5IBYRB.s:1764   .bss:00000004 commands

UNDEFINED SYMBOLS
putch
getch
