   1              		.cpu cortex-m4
   2              		.eabi_attribute 20, 1
   3              		.eabi_attribute 21, 1
   4              		.eabi_attribute 23, 3
   5              		.eabi_attribute 24, 1
   6              		.eabi_attribute 25, 1
   7              		.eabi_attribute 26, 1
   8              		.eabi_attribute 30, 2
   9              		.eabi_attribute 34, 1
  10              		.eabi_attribute 18, 4
  11              		.file	"stm32f4_hal_lowlevel.c"
  12              		.text
  13              	.Ltext0:
  14              		.cfi_sections	.debug_frame
  15              		.section	.text.CRYP_ProcessData,"ax",%progbits
  16              		.align	1
  17              		.p2align 2,,3
  18              		.arch armv7e-m
  19              		.syntax unified
  20              		.thumb
  21              		.thumb_func
  22              		.fpu softvfp
  24              	CRYP_ProcessData:
  25              	.LVL0:
  26              	.LFB140:
  27              		.file 1 "/home/reo/Documents/Repository/chipwhisperer/firmware/mcu/hal/chipwhisperer-fw-extra/stm3
   1:/home/reo/Documents/Repository/chipwhisperer/firmware/mcu/hal/chipwhisperer-fw-extra/stm32f4/stm32f4_hal_lowlevel.c **** /* This file combines several STM32F4 HAL Functions into one file. This was done
   2:/home/reo/Documents/Repository/chipwhisperer/firmware/mcu/hal/chipwhisperer-fw-extra/stm32f4/stm32f4_hal_lowlevel.c ****    for space reasons, to avoid having several MB of HAL functions that most people
   3:/home/reo/Documents/Repository/chipwhisperer/firmware/mcu/hal/chipwhisperer-fw-extra/stm32f4/stm32f4_hal_lowlevel.c ****    will not use. In addition this HAL is slightly less demanding (no interrupts),
   4:/home/reo/Documents/Repository/chipwhisperer/firmware/mcu/hal/chipwhisperer-fw-extra/stm32f4/stm32f4_hal_lowlevel.c ****    but less robust as doesn't implement the timeouts.
   5:/home/reo/Documents/Repository/chipwhisperer/firmware/mcu/hal/chipwhisperer-fw-extra/stm32f4/stm32f4_hal_lowlevel.c ****    
   6:/home/reo/Documents/Repository/chipwhisperer/firmware/mcu/hal/chipwhisperer-fw-extra/stm32f4/stm32f4_hal_lowlevel.c ****    The original HAL files are COPYRIGHT STMicroelectronics, as shown below:
   7:/home/reo/Documents/Repository/chipwhisperer/firmware/mcu/hal/chipwhisperer-fw-extra/stm32f4/stm32f4_hal_lowlevel.c **** */
   8:/home/reo/Documents/Repository/chipwhisperer/firmware/mcu/hal/chipwhisperer-fw-extra/stm32f4/stm32f4_hal_lowlevel.c **** 
   9:/home/reo/Documents/Repository/chipwhisperer/firmware/mcu/hal/chipwhisperer-fw-extra/stm32f4/stm32f4_hal_lowlevel.c **** /*
  10:/home/reo/Documents/Repository/chipwhisperer/firmware/mcu/hal/chipwhisperer-fw-extra/stm32f4/stm32f4_hal_lowlevel.c ****   * COPYRIGHT(c) 2017 STMicroelectronics
  11:/home/reo/Documents/Repository/chipwhisperer/firmware/mcu/hal/chipwhisperer-fw-extra/stm32f4/stm32f4_hal_lowlevel.c ****   *
  12:/home/reo/Documents/Repository/chipwhisperer/firmware/mcu/hal/chipwhisperer-fw-extra/stm32f4/stm32f4_hal_lowlevel.c ****   * Redistribution and use in source and binary forms, with or without modification,
  13:/home/reo/Documents/Repository/chipwhisperer/firmware/mcu/hal/chipwhisperer-fw-extra/stm32f4/stm32f4_hal_lowlevel.c ****   * are permitted provided that the following conditions are met:
  14:/home/reo/Documents/Repository/chipwhisperer/firmware/mcu/hal/chipwhisperer-fw-extra/stm32f4/stm32f4_hal_lowlevel.c ****   *   1. Redistributions of source code must retain the above copyright notice,
  15:/home/reo/Documents/Repository/chipwhisperer/firmware/mcu/hal/chipwhisperer-fw-extra/stm32f4/stm32f4_hal_lowlevel.c ****   *      this list of conditions and the following disclaimer.
  16:/home/reo/Documents/Repository/chipwhisperer/firmware/mcu/hal/chipwhisperer-fw-extra/stm32f4/stm32f4_hal_lowlevel.c ****   *   2. Redistributions in binary form must reproduce the above copyright notice,
  17:/home/reo/Documents/Repository/chipwhisperer/firmware/mcu/hal/chipwhisperer-fw-extra/stm32f4/stm32f4_hal_lowlevel.c ****   *      this list of conditions and the following disclaimer in the documentation
  18:/home/reo/Documents/Repository/chipwhisperer/firmware/mcu/hal/chipwhisperer-fw-extra/stm32f4/stm32f4_hal_lowlevel.c ****   *      and/or other materials provided with the distribution.
  19:/home/reo/Documents/Repository/chipwhisperer/firmware/mcu/hal/chipwhisperer-fw-extra/stm32f4/stm32f4_hal_lowlevel.c ****   *   3. Neither the name of STMicroelectronics nor the names of its contributors
  20:/home/reo/Documents/Repository/chipwhisperer/firmware/mcu/hal/chipwhisperer-fw-extra/stm32f4/stm32f4_hal_lowlevel.c ****   *      may be used to endorse or promote products derived from this software
  21:/home/reo/Documents/Repository/chipwhisperer/firmware/mcu/hal/chipwhisperer-fw-extra/stm32f4/stm32f4_hal_lowlevel.c ****   *      without specific prior written permission.
  22:/home/reo/Documents/Repository/chipwhisperer/firmware/mcu/hal/chipwhisperer-fw-extra/stm32f4/stm32f4_hal_lowlevel.c ****   *
  23:/home/reo/Documents/Repository/chipwhisperer/firmware/mcu/hal/chipwhisperer-fw-extra/stm32f4/stm32f4_hal_lowlevel.c ****   * THIS SOFTWARE IS PROVIDED BY THE COPYRIGHT HOLDERS AND CONTRIBUTORS "AS IS"
  24:/home/reo/Documents/Repository/chipwhisperer/firmware/mcu/hal/chipwhisperer-fw-extra/stm32f4/stm32f4_hal_lowlevel.c ****   * AND ANY EXPRESS OR IMPLIED WARRANTIES, INCLUDING, BUT NOT LIMITED TO, THE
  25:/home/reo/Documents/Repository/chipwhisperer/firmware/mcu/hal/chipwhisperer-fw-extra/stm32f4/stm32f4_hal_lowlevel.c ****   * IMPLIED WARRANTIES OF MERCHANTABILITY AND FITNESS FOR A PARTICULAR PURPOSE ARE
  26:/home/reo/Documents/Repository/chipwhisperer/firmware/mcu/hal/chipwhisperer-fw-extra/stm32f4/stm32f4_hal_lowlevel.c ****   * DISCLAIMED. IN NO EVENT SHALL THE COPYRIGHT HOLDER OR CONTRIBUTORS BE LIABLE
  27:/home/reo/Documents/Repository/chipwhisperer/firmware/mcu/hal/chipwhisperer-fw-extra/stm32f4/stm32f4_hal_lowlevel.c ****   * FOR ANY DIRECT, INDIRECT, INCIDENTAL, SPECIAL, EXEMPLARY, OR CONSEQUENTIAL
  28:/home/reo/Documents/Repository/chipwhisperer/firmware/mcu/hal/chipwhisperer-fw-extra/stm32f4/stm32f4_hal_lowlevel.c ****   * DAMAGES (INCLUDING, BUT NOT LIMITED TO, PROCUREMENT OF SUBSTITUTE GOODS OR
  29:/home/reo/Documents/Repository/chipwhisperer/firmware/mcu/hal/chipwhisperer-fw-extra/stm32f4/stm32f4_hal_lowlevel.c ****   * SERVICES; LOSS OF USE, DATA, OR PROFITS; OR BUSINESS INTERRUPTION) HOWEVER
  30:/home/reo/Documents/Repository/chipwhisperer/firmware/mcu/hal/chipwhisperer-fw-extra/stm32f4/stm32f4_hal_lowlevel.c ****   * CAUSED AND ON ANY THEORY OF LIABILITY, WHETHER IN CONTRACT, STRICT LIABILITY,
  31:/home/reo/Documents/Repository/chipwhisperer/firmware/mcu/hal/chipwhisperer-fw-extra/stm32f4/stm32f4_hal_lowlevel.c ****   * OR TORT (INCLUDING NEGLIGENCE OR OTHERWISE) ARISING IN ANY WAY OUT OF THE USE
  32:/home/reo/Documents/Repository/chipwhisperer/firmware/mcu/hal/chipwhisperer-fw-extra/stm32f4/stm32f4_hal_lowlevel.c ****   * OF THIS SOFTWARE, EVEN IF ADVISED OF THE POSSIBILITY OF SUCH DAMAGE.
  33:/home/reo/Documents/Repository/chipwhisperer/firmware/mcu/hal/chipwhisperer-fw-extra/stm32f4/stm32f4_hal_lowlevel.c ****   *
  34:/home/reo/Documents/Repository/chipwhisperer/firmware/mcu/hal/chipwhisperer-fw-extra/stm32f4/stm32f4_hal_lowlevel.c ****   ******************************************************************************
  35:/home/reo/Documents/Repository/chipwhisperer/firmware/mcu/hal/chipwhisperer-fw-extra/stm32f4/stm32f4_hal_lowlevel.c **** */ 
  36:/home/reo/Documents/Repository/chipwhisperer/firmware/mcu/hal/chipwhisperer-fw-extra/stm32f4/stm32f4_hal_lowlevel.c **** 
  37:/home/reo/Documents/Repository/chipwhisperer/firmware/mcu/hal/chipwhisperer-fw-extra/stm32f4/stm32f4_hal_lowlevel.c **** 
  38:/home/reo/Documents/Repository/chipwhisperer/firmware/mcu/hal/chipwhisperer-fw-extra/stm32f4/stm32f4_hal_lowlevel.c **** #include "stm32f4_hal.h"
  39:/home/reo/Documents/Repository/chipwhisperer/firmware/mcu/hal/chipwhisperer-fw-extra/stm32f4/stm32f4_hal_lowlevel.c **** #include "stm32f4_hal_lowlevel.h"
  40:/home/reo/Documents/Repository/chipwhisperer/firmware/mcu/hal/chipwhisperer-fw-extra/stm32f4/stm32f4_hal_lowlevel.c **** #include "stm32f4xx_hal_rcc.h"
  41:/home/reo/Documents/Repository/chipwhisperer/firmware/mcu/hal/chipwhisperer-fw-extra/stm32f4/stm32f4_hal_lowlevel.c **** #include "stm32f4xx_hal_gpio.h"
  42:/home/reo/Documents/Repository/chipwhisperer/firmware/mcu/hal/chipwhisperer-fw-extra/stm32f4/stm32f4_hal_lowlevel.c **** #include "stm32f4xx_hal_dma.h"
  43:/home/reo/Documents/Repository/chipwhisperer/firmware/mcu/hal/chipwhisperer-fw-extra/stm32f4/stm32f4_hal_lowlevel.c **** #include "stm32f4xx_hal_uart.h"
  44:/home/reo/Documents/Repository/chipwhisperer/firmware/mcu/hal/chipwhisperer-fw-extra/stm32f4/stm32f4_hal_lowlevel.c **** #include "stm32f4xx_hal_flash.h"
  45:/home/reo/Documents/Repository/chipwhisperer/firmware/mcu/hal/chipwhisperer-fw-extra/stm32f4/stm32f4_hal_lowlevel.c **** #include "stm32f4xx_hal_cryp.h"
  46:/home/reo/Documents/Repository/chipwhisperer/firmware/mcu/hal/chipwhisperer-fw-extra/stm32f4/stm32f4_hal_lowlevel.c **** 
  47:/home/reo/Documents/Repository/chipwhisperer/firmware/mcu/hal/chipwhisperer-fw-extra/stm32f4/stm32f4_hal_lowlevel.c **** #define assert_param(expr) ((void)0U)
  48:/home/reo/Documents/Repository/chipwhisperer/firmware/mcu/hal/chipwhisperer-fw-extra/stm32f4/stm32f4_hal_lowlevel.c **** 
  49:/home/reo/Documents/Repository/chipwhisperer/firmware/mcu/hal/chipwhisperer-fw-extra/stm32f4/stm32f4_hal_lowlevel.c **** #define CLOCKSWITCH_TIMEOUT_VALUE  5000U /* 5 s */
  50:/home/reo/Documents/Repository/chipwhisperer/firmware/mcu/hal/chipwhisperer-fw-extra/stm32f4/stm32f4_hal_lowlevel.c **** 
  51:/home/reo/Documents/Repository/chipwhisperer/firmware/mcu/hal/chipwhisperer-fw-extra/stm32f4/stm32f4_hal_lowlevel.c **** 
  52:/home/reo/Documents/Repository/chipwhisperer/firmware/mcu/hal/chipwhisperer-fw-extra/stm32f4/stm32f4_hal_lowlevel.c **** uint32_t HAL_GetTick(void)
  53:/home/reo/Documents/Repository/chipwhisperer/firmware/mcu/hal/chipwhisperer-fw-extra/stm32f4/stm32f4_hal_lowlevel.c **** {
  54:/home/reo/Documents/Repository/chipwhisperer/firmware/mcu/hal/chipwhisperer-fw-extra/stm32f4/stm32f4_hal_lowlevel.c **** 	static uint32_t tick;
  55:/home/reo/Documents/Repository/chipwhisperer/firmware/mcu/hal/chipwhisperer-fw-extra/stm32f4/stm32f4_hal_lowlevel.c **** 	return tick++;;
  56:/home/reo/Documents/Repository/chipwhisperer/firmware/mcu/hal/chipwhisperer-fw-extra/stm32f4/stm32f4_hal_lowlevel.c **** }
  57:/home/reo/Documents/Repository/chipwhisperer/firmware/mcu/hal/chipwhisperer-fw-extra/stm32f4/stm32f4_hal_lowlevel.c **** 
  58:/home/reo/Documents/Repository/chipwhisperer/firmware/mcu/hal/chipwhisperer-fw-extra/stm32f4/stm32f4_hal_lowlevel.c **** /**
  59:/home/reo/Documents/Repository/chipwhisperer/firmware/mcu/hal/chipwhisperer-fw-extra/stm32f4/stm32f4_hal_lowlevel.c ****   * @brief  Enables or disables the AHB2 peripheral clock.
  60:/home/reo/Documents/Repository/chipwhisperer/firmware/mcu/hal/chipwhisperer-fw-extra/stm32f4/stm32f4_hal_lowlevel.c ****   * @note   After reset, the peripheral clock (used for registers read/write access)
  61:/home/reo/Documents/Repository/chipwhisperer/firmware/mcu/hal/chipwhisperer-fw-extra/stm32f4/stm32f4_hal_lowlevel.c ****   *         is disabled and the application software has to enable this clock before 
  62:/home/reo/Documents/Repository/chipwhisperer/firmware/mcu/hal/chipwhisperer-fw-extra/stm32f4/stm32f4_hal_lowlevel.c ****   *         using it. 
  63:/home/reo/Documents/Repository/chipwhisperer/firmware/mcu/hal/chipwhisperer-fw-extra/stm32f4/stm32f4_hal_lowlevel.c ****   * @param  RCC_AHBPeriph: specifies the AHB2 peripheral to gates its clock.
  64:/home/reo/Documents/Repository/chipwhisperer/firmware/mcu/hal/chipwhisperer-fw-extra/stm32f4/stm32f4_hal_lowlevel.c ****   *          This parameter can be any combination of the following values:
  65:/home/reo/Documents/Repository/chipwhisperer/firmware/mcu/hal/chipwhisperer-fw-extra/stm32f4/stm32f4_hal_lowlevel.c ****   *            @arg RCC_AHB2Periph_DCMI:   DCMI clock
  66:/home/reo/Documents/Repository/chipwhisperer/firmware/mcu/hal/chipwhisperer-fw-extra/stm32f4/stm32f4_hal_lowlevel.c ****   *            @arg RCC_AHB2Periph_CRYP:   CRYP clock
  67:/home/reo/Documents/Repository/chipwhisperer/firmware/mcu/hal/chipwhisperer-fw-extra/stm32f4/stm32f4_hal_lowlevel.c ****   *            @arg RCC_AHB2Periph_HASH:   HASH clock
  68:/home/reo/Documents/Repository/chipwhisperer/firmware/mcu/hal/chipwhisperer-fw-extra/stm32f4/stm32f4_hal_lowlevel.c ****   *            @arg RCC_AHB2Periph_RNG:    RNG clock
  69:/home/reo/Documents/Repository/chipwhisperer/firmware/mcu/hal/chipwhisperer-fw-extra/stm32f4/stm32f4_hal_lowlevel.c ****   *            @arg RCC_AHB2Periph_OTG_FS: USB OTG FS clock
  70:/home/reo/Documents/Repository/chipwhisperer/firmware/mcu/hal/chipwhisperer-fw-extra/stm32f4/stm32f4_hal_lowlevel.c ****   * @param  NewState: new state of the specified peripheral clock.
  71:/home/reo/Documents/Repository/chipwhisperer/firmware/mcu/hal/chipwhisperer-fw-extra/stm32f4/stm32f4_hal_lowlevel.c ****   *          This parameter can be: ENABLE or DISABLE.
  72:/home/reo/Documents/Repository/chipwhisperer/firmware/mcu/hal/chipwhisperer-fw-extra/stm32f4/stm32f4_hal_lowlevel.c ****   * @retval None
  73:/home/reo/Documents/Repository/chipwhisperer/firmware/mcu/hal/chipwhisperer-fw-extra/stm32f4/stm32f4_hal_lowlevel.c ****   */
  74:/home/reo/Documents/Repository/chipwhisperer/firmware/mcu/hal/chipwhisperer-fw-extra/stm32f4/stm32f4_hal_lowlevel.c **** void RCC_AHB2PeriphClockCmd(uint32_t RCC_AHB2Periph, FunctionalState NewState)
  75:/home/reo/Documents/Repository/chipwhisperer/firmware/mcu/hal/chipwhisperer-fw-extra/stm32f4/stm32f4_hal_lowlevel.c **** {
  76:/home/reo/Documents/Repository/chipwhisperer/firmware/mcu/hal/chipwhisperer-fw-extra/stm32f4/stm32f4_hal_lowlevel.c ****   /* Check the parameters */
  77:/home/reo/Documents/Repository/chipwhisperer/firmware/mcu/hal/chipwhisperer-fw-extra/stm32f4/stm32f4_hal_lowlevel.c ****   assert_param(IS_RCC_AHB2_PERIPH(RCC_AHB2Periph));
  78:/home/reo/Documents/Repository/chipwhisperer/firmware/mcu/hal/chipwhisperer-fw-extra/stm32f4/stm32f4_hal_lowlevel.c ****   assert_param(IS_FUNCTIONAL_STATE(NewState));
  79:/home/reo/Documents/Repository/chipwhisperer/firmware/mcu/hal/chipwhisperer-fw-extra/stm32f4/stm32f4_hal_lowlevel.c **** 
  80:/home/reo/Documents/Repository/chipwhisperer/firmware/mcu/hal/chipwhisperer-fw-extra/stm32f4/stm32f4_hal_lowlevel.c ****   if (NewState != DISABLE)
  81:/home/reo/Documents/Repository/chipwhisperer/firmware/mcu/hal/chipwhisperer-fw-extra/stm32f4/stm32f4_hal_lowlevel.c ****   {
  82:/home/reo/Documents/Repository/chipwhisperer/firmware/mcu/hal/chipwhisperer-fw-extra/stm32f4/stm32f4_hal_lowlevel.c ****     RCC->AHB2ENR |= RCC_AHB2Periph;
  83:/home/reo/Documents/Repository/chipwhisperer/firmware/mcu/hal/chipwhisperer-fw-extra/stm32f4/stm32f4_hal_lowlevel.c ****   }
  84:/home/reo/Documents/Repository/chipwhisperer/firmware/mcu/hal/chipwhisperer-fw-extra/stm32f4/stm32f4_hal_lowlevel.c ****   else
  85:/home/reo/Documents/Repository/chipwhisperer/firmware/mcu/hal/chipwhisperer-fw-extra/stm32f4/stm32f4_hal_lowlevel.c ****   {
  86:/home/reo/Documents/Repository/chipwhisperer/firmware/mcu/hal/chipwhisperer-fw-extra/stm32f4/stm32f4_hal_lowlevel.c ****     RCC->AHB2ENR &= ~RCC_AHB2Periph;
  87:/home/reo/Documents/Repository/chipwhisperer/firmware/mcu/hal/chipwhisperer-fw-extra/stm32f4/stm32f4_hal_lowlevel.c ****   }
  88:/home/reo/Documents/Repository/chipwhisperer/firmware/mcu/hal/chipwhisperer-fw-extra/stm32f4/stm32f4_hal_lowlevel.c **** }
  89:/home/reo/Documents/Repository/chipwhisperer/firmware/mcu/hal/chipwhisperer-fw-extra/stm32f4/stm32f4_hal_lowlevel.c **** 
  90:/home/reo/Documents/Repository/chipwhisperer/firmware/mcu/hal/chipwhisperer-fw-extra/stm32f4/stm32f4_hal_lowlevel.c **** /**
  91:/home/reo/Documents/Repository/chipwhisperer/firmware/mcu/hal/chipwhisperer-fw-extra/stm32f4/stm32f4_hal_lowlevel.c ****   * @brief  Initializes the RCC Oscillators according to the specified parameters in the
  92:/home/reo/Documents/Repository/chipwhisperer/firmware/mcu/hal/chipwhisperer-fw-extra/stm32f4/stm32f4_hal_lowlevel.c ****   *         RCC_OscInitTypeDef.
  93:/home/reo/Documents/Repository/chipwhisperer/firmware/mcu/hal/chipwhisperer-fw-extra/stm32f4/stm32f4_hal_lowlevel.c ****   * @param  RCC_OscInitStruct: pointer to an RCC_OscInitTypeDef structure that
  94:/home/reo/Documents/Repository/chipwhisperer/firmware/mcu/hal/chipwhisperer-fw-extra/stm32f4/stm32f4_hal_lowlevel.c ****   *         contains the configuration information for the RCC Oscillators.
  95:/home/reo/Documents/Repository/chipwhisperer/firmware/mcu/hal/chipwhisperer-fw-extra/stm32f4/stm32f4_hal_lowlevel.c ****   * @note   The PLL is not disabled when used as system clock.
  96:/home/reo/Documents/Repository/chipwhisperer/firmware/mcu/hal/chipwhisperer-fw-extra/stm32f4/stm32f4_hal_lowlevel.c ****   * @note   Transitions LSE Bypass to LSE On and LSE On to LSE Bypass are not
  97:/home/reo/Documents/Repository/chipwhisperer/firmware/mcu/hal/chipwhisperer-fw-extra/stm32f4/stm32f4_hal_lowlevel.c ****   *         supported by this API. User should request a transition to LSE Off
  98:/home/reo/Documents/Repository/chipwhisperer/firmware/mcu/hal/chipwhisperer-fw-extra/stm32f4/stm32f4_hal_lowlevel.c ****   *         first and then LSE On or LSE Bypass.
  99:/home/reo/Documents/Repository/chipwhisperer/firmware/mcu/hal/chipwhisperer-fw-extra/stm32f4/stm32f4_hal_lowlevel.c ****   * @note   Transition HSE Bypass to HSE On and HSE On to HSE Bypass are not
 100:/home/reo/Documents/Repository/chipwhisperer/firmware/mcu/hal/chipwhisperer-fw-extra/stm32f4/stm32f4_hal_lowlevel.c ****   *         supported by this API. User should request a transition to HSE Off
 101:/home/reo/Documents/Repository/chipwhisperer/firmware/mcu/hal/chipwhisperer-fw-extra/stm32f4/stm32f4_hal_lowlevel.c ****   *         first and then HSE On or HSE Bypass.
 102:/home/reo/Documents/Repository/chipwhisperer/firmware/mcu/hal/chipwhisperer-fw-extra/stm32f4/stm32f4_hal_lowlevel.c ****   * @retval HAL status
 103:/home/reo/Documents/Repository/chipwhisperer/firmware/mcu/hal/chipwhisperer-fw-extra/stm32f4/stm32f4_hal_lowlevel.c ****   */
 104:/home/reo/Documents/Repository/chipwhisperer/firmware/mcu/hal/chipwhisperer-fw-extra/stm32f4/stm32f4_hal_lowlevel.c **** HAL_StatusTypeDef HAL_RCC_OscConfig(RCC_OscInitTypeDef  *RCC_OscInitStruct)
 105:/home/reo/Documents/Repository/chipwhisperer/firmware/mcu/hal/chipwhisperer-fw-extra/stm32f4/stm32f4_hal_lowlevel.c **** {
 106:/home/reo/Documents/Repository/chipwhisperer/firmware/mcu/hal/chipwhisperer-fw-extra/stm32f4/stm32f4_hal_lowlevel.c ****   uint32_t tickstart = 0U;
 107:/home/reo/Documents/Repository/chipwhisperer/firmware/mcu/hal/chipwhisperer-fw-extra/stm32f4/stm32f4_hal_lowlevel.c **** 
 108:/home/reo/Documents/Repository/chipwhisperer/firmware/mcu/hal/chipwhisperer-fw-extra/stm32f4/stm32f4_hal_lowlevel.c ****   /* Check the parameters */
 109:/home/reo/Documents/Repository/chipwhisperer/firmware/mcu/hal/chipwhisperer-fw-extra/stm32f4/stm32f4_hal_lowlevel.c ****   assert_param(IS_RCC_OSCILLATORTYPE(RCC_OscInitStruct->OscillatorType));
 110:/home/reo/Documents/Repository/chipwhisperer/firmware/mcu/hal/chipwhisperer-fw-extra/stm32f4/stm32f4_hal_lowlevel.c ****   /*------------------------------- HSE Configuration ------------------------*/
 111:/home/reo/Documents/Repository/chipwhisperer/firmware/mcu/hal/chipwhisperer-fw-extra/stm32f4/stm32f4_hal_lowlevel.c ****   if(((RCC_OscInitStruct->OscillatorType) & RCC_OSCILLATORTYPE_HSE) == RCC_OSCILLATORTYPE_HSE)
 112:/home/reo/Documents/Repository/chipwhisperer/firmware/mcu/hal/chipwhisperer-fw-extra/stm32f4/stm32f4_hal_lowlevel.c ****   {
 113:/home/reo/Documents/Repository/chipwhisperer/firmware/mcu/hal/chipwhisperer-fw-extra/stm32f4/stm32f4_hal_lowlevel.c ****     /* Check the parameters */
 114:/home/reo/Documents/Repository/chipwhisperer/firmware/mcu/hal/chipwhisperer-fw-extra/stm32f4/stm32f4_hal_lowlevel.c ****     assert_param(IS_RCC_HSE(RCC_OscInitStruct->HSEState));
 115:/home/reo/Documents/Repository/chipwhisperer/firmware/mcu/hal/chipwhisperer-fw-extra/stm32f4/stm32f4_hal_lowlevel.c ****     /* When the HSE is used as system clock or clock source for PLL in these cases HSE will not dis
 116:/home/reo/Documents/Repository/chipwhisperer/firmware/mcu/hal/chipwhisperer-fw-extra/stm32f4/stm32f4_hal_lowlevel.c ****     if((__HAL_RCC_GET_SYSCLK_SOURCE() == RCC_CFGR_SWS_HSE) ||\
 117:/home/reo/Documents/Repository/chipwhisperer/firmware/mcu/hal/chipwhisperer-fw-extra/stm32f4/stm32f4_hal_lowlevel.c ****       ((__HAL_RCC_GET_SYSCLK_SOURCE() == RCC_CFGR_SWS_PLL) && ((RCC->PLLCFGR & RCC_PLLCFGR_PLLSRC) 
 118:/home/reo/Documents/Repository/chipwhisperer/firmware/mcu/hal/chipwhisperer-fw-extra/stm32f4/stm32f4_hal_lowlevel.c ****     {
 119:/home/reo/Documents/Repository/chipwhisperer/firmware/mcu/hal/chipwhisperer-fw-extra/stm32f4/stm32f4_hal_lowlevel.c ****       if((__HAL_RCC_GET_FLAG(RCC_FLAG_HSERDY) != RESET) && (RCC_OscInitStruct->HSEState == RCC_HSE_
 120:/home/reo/Documents/Repository/chipwhisperer/firmware/mcu/hal/chipwhisperer-fw-extra/stm32f4/stm32f4_hal_lowlevel.c ****       {
 121:/home/reo/Documents/Repository/chipwhisperer/firmware/mcu/hal/chipwhisperer-fw-extra/stm32f4/stm32f4_hal_lowlevel.c ****         return HAL_ERROR;
 122:/home/reo/Documents/Repository/chipwhisperer/firmware/mcu/hal/chipwhisperer-fw-extra/stm32f4/stm32f4_hal_lowlevel.c ****       }
 123:/home/reo/Documents/Repository/chipwhisperer/firmware/mcu/hal/chipwhisperer-fw-extra/stm32f4/stm32f4_hal_lowlevel.c ****     }
 124:/home/reo/Documents/Repository/chipwhisperer/firmware/mcu/hal/chipwhisperer-fw-extra/stm32f4/stm32f4_hal_lowlevel.c ****     else
 125:/home/reo/Documents/Repository/chipwhisperer/firmware/mcu/hal/chipwhisperer-fw-extra/stm32f4/stm32f4_hal_lowlevel.c ****     {
 126:/home/reo/Documents/Repository/chipwhisperer/firmware/mcu/hal/chipwhisperer-fw-extra/stm32f4/stm32f4_hal_lowlevel.c ****       /* Set the new HSE configuration ---------------------------------------*/
 127:/home/reo/Documents/Repository/chipwhisperer/firmware/mcu/hal/chipwhisperer-fw-extra/stm32f4/stm32f4_hal_lowlevel.c ****       __HAL_RCC_HSE_CONFIG(RCC_OscInitStruct->HSEState);
 128:/home/reo/Documents/Repository/chipwhisperer/firmware/mcu/hal/chipwhisperer-fw-extra/stm32f4/stm32f4_hal_lowlevel.c **** 
 129:/home/reo/Documents/Repository/chipwhisperer/firmware/mcu/hal/chipwhisperer-fw-extra/stm32f4/stm32f4_hal_lowlevel.c ****       /* Check the HSE State */
 130:/home/reo/Documents/Repository/chipwhisperer/firmware/mcu/hal/chipwhisperer-fw-extra/stm32f4/stm32f4_hal_lowlevel.c ****       if((RCC_OscInitStruct->HSEState) != RCC_HSE_OFF)
 131:/home/reo/Documents/Repository/chipwhisperer/firmware/mcu/hal/chipwhisperer-fw-extra/stm32f4/stm32f4_hal_lowlevel.c ****       {
 132:/home/reo/Documents/Repository/chipwhisperer/firmware/mcu/hal/chipwhisperer-fw-extra/stm32f4/stm32f4_hal_lowlevel.c ****         /* Get Start Tick*/
 133:/home/reo/Documents/Repository/chipwhisperer/firmware/mcu/hal/chipwhisperer-fw-extra/stm32f4/stm32f4_hal_lowlevel.c ****         tickstart = HAL_GetTick();
 134:/home/reo/Documents/Repository/chipwhisperer/firmware/mcu/hal/chipwhisperer-fw-extra/stm32f4/stm32f4_hal_lowlevel.c **** 
 135:/home/reo/Documents/Repository/chipwhisperer/firmware/mcu/hal/chipwhisperer-fw-extra/stm32f4/stm32f4_hal_lowlevel.c ****         /* Wait till HSE is ready */
 136:/home/reo/Documents/Repository/chipwhisperer/firmware/mcu/hal/chipwhisperer-fw-extra/stm32f4/stm32f4_hal_lowlevel.c ****         while(__HAL_RCC_GET_FLAG(RCC_FLAG_HSERDY) == RESET)
 137:/home/reo/Documents/Repository/chipwhisperer/firmware/mcu/hal/chipwhisperer-fw-extra/stm32f4/stm32f4_hal_lowlevel.c ****         {
 138:/home/reo/Documents/Repository/chipwhisperer/firmware/mcu/hal/chipwhisperer-fw-extra/stm32f4/stm32f4_hal_lowlevel.c ****           if((HAL_GetTick() - tickstart ) > HSE_TIMEOUT_VALUE)
 139:/home/reo/Documents/Repository/chipwhisperer/firmware/mcu/hal/chipwhisperer-fw-extra/stm32f4/stm32f4_hal_lowlevel.c ****           {
 140:/home/reo/Documents/Repository/chipwhisperer/firmware/mcu/hal/chipwhisperer-fw-extra/stm32f4/stm32f4_hal_lowlevel.c ****             return HAL_TIMEOUT;
 141:/home/reo/Documents/Repository/chipwhisperer/firmware/mcu/hal/chipwhisperer-fw-extra/stm32f4/stm32f4_hal_lowlevel.c ****           }
 142:/home/reo/Documents/Repository/chipwhisperer/firmware/mcu/hal/chipwhisperer-fw-extra/stm32f4/stm32f4_hal_lowlevel.c ****         }
 143:/home/reo/Documents/Repository/chipwhisperer/firmware/mcu/hal/chipwhisperer-fw-extra/stm32f4/stm32f4_hal_lowlevel.c ****       }
 144:/home/reo/Documents/Repository/chipwhisperer/firmware/mcu/hal/chipwhisperer-fw-extra/stm32f4/stm32f4_hal_lowlevel.c ****       else
 145:/home/reo/Documents/Repository/chipwhisperer/firmware/mcu/hal/chipwhisperer-fw-extra/stm32f4/stm32f4_hal_lowlevel.c ****       {
 146:/home/reo/Documents/Repository/chipwhisperer/firmware/mcu/hal/chipwhisperer-fw-extra/stm32f4/stm32f4_hal_lowlevel.c ****         /* Get Start Tick*/
 147:/home/reo/Documents/Repository/chipwhisperer/firmware/mcu/hal/chipwhisperer-fw-extra/stm32f4/stm32f4_hal_lowlevel.c ****         tickstart = HAL_GetTick();
 148:/home/reo/Documents/Repository/chipwhisperer/firmware/mcu/hal/chipwhisperer-fw-extra/stm32f4/stm32f4_hal_lowlevel.c **** 
 149:/home/reo/Documents/Repository/chipwhisperer/firmware/mcu/hal/chipwhisperer-fw-extra/stm32f4/stm32f4_hal_lowlevel.c ****         /* Wait till HSE is bypassed or disabled */
 150:/home/reo/Documents/Repository/chipwhisperer/firmware/mcu/hal/chipwhisperer-fw-extra/stm32f4/stm32f4_hal_lowlevel.c ****         while(__HAL_RCC_GET_FLAG(RCC_FLAG_HSERDY) != RESET)
 151:/home/reo/Documents/Repository/chipwhisperer/firmware/mcu/hal/chipwhisperer-fw-extra/stm32f4/stm32f4_hal_lowlevel.c ****         {
 152:/home/reo/Documents/Repository/chipwhisperer/firmware/mcu/hal/chipwhisperer-fw-extra/stm32f4/stm32f4_hal_lowlevel.c ****           if((HAL_GetTick() - tickstart ) > HSE_TIMEOUT_VALUE)
 153:/home/reo/Documents/Repository/chipwhisperer/firmware/mcu/hal/chipwhisperer-fw-extra/stm32f4/stm32f4_hal_lowlevel.c ****           {
 154:/home/reo/Documents/Repository/chipwhisperer/firmware/mcu/hal/chipwhisperer-fw-extra/stm32f4/stm32f4_hal_lowlevel.c ****             return HAL_TIMEOUT;
 155:/home/reo/Documents/Repository/chipwhisperer/firmware/mcu/hal/chipwhisperer-fw-extra/stm32f4/stm32f4_hal_lowlevel.c ****           }
 156:/home/reo/Documents/Repository/chipwhisperer/firmware/mcu/hal/chipwhisperer-fw-extra/stm32f4/stm32f4_hal_lowlevel.c ****         }
 157:/home/reo/Documents/Repository/chipwhisperer/firmware/mcu/hal/chipwhisperer-fw-extra/stm32f4/stm32f4_hal_lowlevel.c ****       }
 158:/home/reo/Documents/Repository/chipwhisperer/firmware/mcu/hal/chipwhisperer-fw-extra/stm32f4/stm32f4_hal_lowlevel.c ****     }
 159:/home/reo/Documents/Repository/chipwhisperer/firmware/mcu/hal/chipwhisperer-fw-extra/stm32f4/stm32f4_hal_lowlevel.c ****   }
 160:/home/reo/Documents/Repository/chipwhisperer/firmware/mcu/hal/chipwhisperer-fw-extra/stm32f4/stm32f4_hal_lowlevel.c ****   /*----------------------------- HSI Configuration --------------------------*/
 161:/home/reo/Documents/Repository/chipwhisperer/firmware/mcu/hal/chipwhisperer-fw-extra/stm32f4/stm32f4_hal_lowlevel.c ****   if(((RCC_OscInitStruct->OscillatorType) & RCC_OSCILLATORTYPE_HSI) == RCC_OSCILLATORTYPE_HSI)
 162:/home/reo/Documents/Repository/chipwhisperer/firmware/mcu/hal/chipwhisperer-fw-extra/stm32f4/stm32f4_hal_lowlevel.c ****   {
 163:/home/reo/Documents/Repository/chipwhisperer/firmware/mcu/hal/chipwhisperer-fw-extra/stm32f4/stm32f4_hal_lowlevel.c ****     /* Check the parameters */
 164:/home/reo/Documents/Repository/chipwhisperer/firmware/mcu/hal/chipwhisperer-fw-extra/stm32f4/stm32f4_hal_lowlevel.c ****     assert_param(IS_RCC_HSI(RCC_OscInitStruct->HSIState));
 165:/home/reo/Documents/Repository/chipwhisperer/firmware/mcu/hal/chipwhisperer-fw-extra/stm32f4/stm32f4_hal_lowlevel.c ****     assert_param(IS_RCC_CALIBRATION_VALUE(RCC_OscInitStruct->HSICalibrationValue));
 166:/home/reo/Documents/Repository/chipwhisperer/firmware/mcu/hal/chipwhisperer-fw-extra/stm32f4/stm32f4_hal_lowlevel.c **** 
 167:/home/reo/Documents/Repository/chipwhisperer/firmware/mcu/hal/chipwhisperer-fw-extra/stm32f4/stm32f4_hal_lowlevel.c ****     /* Check if HSI is used as system clock or as PLL source when PLL is selected as system clock *
 168:/home/reo/Documents/Repository/chipwhisperer/firmware/mcu/hal/chipwhisperer-fw-extra/stm32f4/stm32f4_hal_lowlevel.c ****     if((__HAL_RCC_GET_SYSCLK_SOURCE() == RCC_CFGR_SWS_HSI) ||\
 169:/home/reo/Documents/Repository/chipwhisperer/firmware/mcu/hal/chipwhisperer-fw-extra/stm32f4/stm32f4_hal_lowlevel.c ****       ((__HAL_RCC_GET_SYSCLK_SOURCE() == RCC_CFGR_SWS_PLL) && ((RCC->PLLCFGR & RCC_PLLCFGR_PLLSRC) 
 170:/home/reo/Documents/Repository/chipwhisperer/firmware/mcu/hal/chipwhisperer-fw-extra/stm32f4/stm32f4_hal_lowlevel.c ****     {
 171:/home/reo/Documents/Repository/chipwhisperer/firmware/mcu/hal/chipwhisperer-fw-extra/stm32f4/stm32f4_hal_lowlevel.c ****       /* When HSI is used as system clock it will not disabled */
 172:/home/reo/Documents/Repository/chipwhisperer/firmware/mcu/hal/chipwhisperer-fw-extra/stm32f4/stm32f4_hal_lowlevel.c ****       if((__HAL_RCC_GET_FLAG(RCC_FLAG_HSIRDY) != RESET) && (RCC_OscInitStruct->HSIState != RCC_HSI_
 173:/home/reo/Documents/Repository/chipwhisperer/firmware/mcu/hal/chipwhisperer-fw-extra/stm32f4/stm32f4_hal_lowlevel.c ****       {
 174:/home/reo/Documents/Repository/chipwhisperer/firmware/mcu/hal/chipwhisperer-fw-extra/stm32f4/stm32f4_hal_lowlevel.c ****         return HAL_ERROR;
 175:/home/reo/Documents/Repository/chipwhisperer/firmware/mcu/hal/chipwhisperer-fw-extra/stm32f4/stm32f4_hal_lowlevel.c ****       }
 176:/home/reo/Documents/Repository/chipwhisperer/firmware/mcu/hal/chipwhisperer-fw-extra/stm32f4/stm32f4_hal_lowlevel.c ****       /* Otherwise, just the calibration is allowed */
 177:/home/reo/Documents/Repository/chipwhisperer/firmware/mcu/hal/chipwhisperer-fw-extra/stm32f4/stm32f4_hal_lowlevel.c ****       else
 178:/home/reo/Documents/Repository/chipwhisperer/firmware/mcu/hal/chipwhisperer-fw-extra/stm32f4/stm32f4_hal_lowlevel.c ****       {
 179:/home/reo/Documents/Repository/chipwhisperer/firmware/mcu/hal/chipwhisperer-fw-extra/stm32f4/stm32f4_hal_lowlevel.c ****         /* Adjusts the Internal High Speed oscillator (HSI) calibration value.*/
 180:/home/reo/Documents/Repository/chipwhisperer/firmware/mcu/hal/chipwhisperer-fw-extra/stm32f4/stm32f4_hal_lowlevel.c ****         __HAL_RCC_HSI_CALIBRATIONVALUE_ADJUST(RCC_OscInitStruct->HSICalibrationValue);
 181:/home/reo/Documents/Repository/chipwhisperer/firmware/mcu/hal/chipwhisperer-fw-extra/stm32f4/stm32f4_hal_lowlevel.c ****       }
 182:/home/reo/Documents/Repository/chipwhisperer/firmware/mcu/hal/chipwhisperer-fw-extra/stm32f4/stm32f4_hal_lowlevel.c ****     }
 183:/home/reo/Documents/Repository/chipwhisperer/firmware/mcu/hal/chipwhisperer-fw-extra/stm32f4/stm32f4_hal_lowlevel.c ****     else
 184:/home/reo/Documents/Repository/chipwhisperer/firmware/mcu/hal/chipwhisperer-fw-extra/stm32f4/stm32f4_hal_lowlevel.c ****     {
 185:/home/reo/Documents/Repository/chipwhisperer/firmware/mcu/hal/chipwhisperer-fw-extra/stm32f4/stm32f4_hal_lowlevel.c ****       /* Check the HSI State */
 186:/home/reo/Documents/Repository/chipwhisperer/firmware/mcu/hal/chipwhisperer-fw-extra/stm32f4/stm32f4_hal_lowlevel.c ****       if((RCC_OscInitStruct->HSIState)!= RCC_HSI_OFF)
 187:/home/reo/Documents/Repository/chipwhisperer/firmware/mcu/hal/chipwhisperer-fw-extra/stm32f4/stm32f4_hal_lowlevel.c ****       {
 188:/home/reo/Documents/Repository/chipwhisperer/firmware/mcu/hal/chipwhisperer-fw-extra/stm32f4/stm32f4_hal_lowlevel.c ****         /* Enable the Internal High Speed oscillator (HSI). */
 189:/home/reo/Documents/Repository/chipwhisperer/firmware/mcu/hal/chipwhisperer-fw-extra/stm32f4/stm32f4_hal_lowlevel.c ****         __HAL_RCC_HSI_ENABLE();
 190:/home/reo/Documents/Repository/chipwhisperer/firmware/mcu/hal/chipwhisperer-fw-extra/stm32f4/stm32f4_hal_lowlevel.c **** 
 191:/home/reo/Documents/Repository/chipwhisperer/firmware/mcu/hal/chipwhisperer-fw-extra/stm32f4/stm32f4_hal_lowlevel.c ****         /* Get Start Tick*/
 192:/home/reo/Documents/Repository/chipwhisperer/firmware/mcu/hal/chipwhisperer-fw-extra/stm32f4/stm32f4_hal_lowlevel.c ****         tickstart = HAL_GetTick();
 193:/home/reo/Documents/Repository/chipwhisperer/firmware/mcu/hal/chipwhisperer-fw-extra/stm32f4/stm32f4_hal_lowlevel.c **** 
 194:/home/reo/Documents/Repository/chipwhisperer/firmware/mcu/hal/chipwhisperer-fw-extra/stm32f4/stm32f4_hal_lowlevel.c ****         /* Wait till HSI is ready */
 195:/home/reo/Documents/Repository/chipwhisperer/firmware/mcu/hal/chipwhisperer-fw-extra/stm32f4/stm32f4_hal_lowlevel.c ****         while(__HAL_RCC_GET_FLAG(RCC_FLAG_HSIRDY) == RESET)
 196:/home/reo/Documents/Repository/chipwhisperer/firmware/mcu/hal/chipwhisperer-fw-extra/stm32f4/stm32f4_hal_lowlevel.c ****         {
 197:/home/reo/Documents/Repository/chipwhisperer/firmware/mcu/hal/chipwhisperer-fw-extra/stm32f4/stm32f4_hal_lowlevel.c ****           if((HAL_GetTick() - tickstart ) > HSI_TIMEOUT_VALUE)
 198:/home/reo/Documents/Repository/chipwhisperer/firmware/mcu/hal/chipwhisperer-fw-extra/stm32f4/stm32f4_hal_lowlevel.c ****           {
 199:/home/reo/Documents/Repository/chipwhisperer/firmware/mcu/hal/chipwhisperer-fw-extra/stm32f4/stm32f4_hal_lowlevel.c ****             return HAL_TIMEOUT;
 200:/home/reo/Documents/Repository/chipwhisperer/firmware/mcu/hal/chipwhisperer-fw-extra/stm32f4/stm32f4_hal_lowlevel.c ****           }
 201:/home/reo/Documents/Repository/chipwhisperer/firmware/mcu/hal/chipwhisperer-fw-extra/stm32f4/stm32f4_hal_lowlevel.c ****         }
 202:/home/reo/Documents/Repository/chipwhisperer/firmware/mcu/hal/chipwhisperer-fw-extra/stm32f4/stm32f4_hal_lowlevel.c **** 
 203:/home/reo/Documents/Repository/chipwhisperer/firmware/mcu/hal/chipwhisperer-fw-extra/stm32f4/stm32f4_hal_lowlevel.c ****         /* Adjusts the Internal High Speed oscillator (HSI) calibration value.*/
 204:/home/reo/Documents/Repository/chipwhisperer/firmware/mcu/hal/chipwhisperer-fw-extra/stm32f4/stm32f4_hal_lowlevel.c ****         __HAL_RCC_HSI_CALIBRATIONVALUE_ADJUST(RCC_OscInitStruct->HSICalibrationValue);
 205:/home/reo/Documents/Repository/chipwhisperer/firmware/mcu/hal/chipwhisperer-fw-extra/stm32f4/stm32f4_hal_lowlevel.c ****       }
 206:/home/reo/Documents/Repository/chipwhisperer/firmware/mcu/hal/chipwhisperer-fw-extra/stm32f4/stm32f4_hal_lowlevel.c ****       else
 207:/home/reo/Documents/Repository/chipwhisperer/firmware/mcu/hal/chipwhisperer-fw-extra/stm32f4/stm32f4_hal_lowlevel.c ****       {
 208:/home/reo/Documents/Repository/chipwhisperer/firmware/mcu/hal/chipwhisperer-fw-extra/stm32f4/stm32f4_hal_lowlevel.c ****         /* Disable the Internal High Speed oscillator (HSI). */
 209:/home/reo/Documents/Repository/chipwhisperer/firmware/mcu/hal/chipwhisperer-fw-extra/stm32f4/stm32f4_hal_lowlevel.c ****         __HAL_RCC_HSI_DISABLE();
 210:/home/reo/Documents/Repository/chipwhisperer/firmware/mcu/hal/chipwhisperer-fw-extra/stm32f4/stm32f4_hal_lowlevel.c **** 
 211:/home/reo/Documents/Repository/chipwhisperer/firmware/mcu/hal/chipwhisperer-fw-extra/stm32f4/stm32f4_hal_lowlevel.c ****         /* Get Start Tick*/
 212:/home/reo/Documents/Repository/chipwhisperer/firmware/mcu/hal/chipwhisperer-fw-extra/stm32f4/stm32f4_hal_lowlevel.c ****         tickstart = HAL_GetTick();
 213:/home/reo/Documents/Repository/chipwhisperer/firmware/mcu/hal/chipwhisperer-fw-extra/stm32f4/stm32f4_hal_lowlevel.c **** 
 214:/home/reo/Documents/Repository/chipwhisperer/firmware/mcu/hal/chipwhisperer-fw-extra/stm32f4/stm32f4_hal_lowlevel.c ****         /* Wait till HSI is ready */
 215:/home/reo/Documents/Repository/chipwhisperer/firmware/mcu/hal/chipwhisperer-fw-extra/stm32f4/stm32f4_hal_lowlevel.c ****         while(__HAL_RCC_GET_FLAG(RCC_FLAG_HSIRDY) != RESET)
 216:/home/reo/Documents/Repository/chipwhisperer/firmware/mcu/hal/chipwhisperer-fw-extra/stm32f4/stm32f4_hal_lowlevel.c ****         {
 217:/home/reo/Documents/Repository/chipwhisperer/firmware/mcu/hal/chipwhisperer-fw-extra/stm32f4/stm32f4_hal_lowlevel.c ****           if((HAL_GetTick() - tickstart ) > HSI_TIMEOUT_VALUE)
 218:/home/reo/Documents/Repository/chipwhisperer/firmware/mcu/hal/chipwhisperer-fw-extra/stm32f4/stm32f4_hal_lowlevel.c ****           {
 219:/home/reo/Documents/Repository/chipwhisperer/firmware/mcu/hal/chipwhisperer-fw-extra/stm32f4/stm32f4_hal_lowlevel.c ****             return HAL_TIMEOUT;
 220:/home/reo/Documents/Repository/chipwhisperer/firmware/mcu/hal/chipwhisperer-fw-extra/stm32f4/stm32f4_hal_lowlevel.c ****           }
 221:/home/reo/Documents/Repository/chipwhisperer/firmware/mcu/hal/chipwhisperer-fw-extra/stm32f4/stm32f4_hal_lowlevel.c ****         }
 222:/home/reo/Documents/Repository/chipwhisperer/firmware/mcu/hal/chipwhisperer-fw-extra/stm32f4/stm32f4_hal_lowlevel.c ****       }
 223:/home/reo/Documents/Repository/chipwhisperer/firmware/mcu/hal/chipwhisperer-fw-extra/stm32f4/stm32f4_hal_lowlevel.c ****     }
 224:/home/reo/Documents/Repository/chipwhisperer/firmware/mcu/hal/chipwhisperer-fw-extra/stm32f4/stm32f4_hal_lowlevel.c ****   }
 225:/home/reo/Documents/Repository/chipwhisperer/firmware/mcu/hal/chipwhisperer-fw-extra/stm32f4/stm32f4_hal_lowlevel.c ****   /*------------------------------ LSI Configuration -------------------------*/
 226:/home/reo/Documents/Repository/chipwhisperer/firmware/mcu/hal/chipwhisperer-fw-extra/stm32f4/stm32f4_hal_lowlevel.c ****   if(((RCC_OscInitStruct->OscillatorType) & RCC_OSCILLATORTYPE_LSI) == RCC_OSCILLATORTYPE_LSI)
 227:/home/reo/Documents/Repository/chipwhisperer/firmware/mcu/hal/chipwhisperer-fw-extra/stm32f4/stm32f4_hal_lowlevel.c ****   {
 228:/home/reo/Documents/Repository/chipwhisperer/firmware/mcu/hal/chipwhisperer-fw-extra/stm32f4/stm32f4_hal_lowlevel.c ****     /* Check the parameters */
 229:/home/reo/Documents/Repository/chipwhisperer/firmware/mcu/hal/chipwhisperer-fw-extra/stm32f4/stm32f4_hal_lowlevel.c ****     assert_param(IS_RCC_LSI(RCC_OscInitStruct->LSIState));
 230:/home/reo/Documents/Repository/chipwhisperer/firmware/mcu/hal/chipwhisperer-fw-extra/stm32f4/stm32f4_hal_lowlevel.c **** 
 231:/home/reo/Documents/Repository/chipwhisperer/firmware/mcu/hal/chipwhisperer-fw-extra/stm32f4/stm32f4_hal_lowlevel.c ****     /* Check the LSI State */
 232:/home/reo/Documents/Repository/chipwhisperer/firmware/mcu/hal/chipwhisperer-fw-extra/stm32f4/stm32f4_hal_lowlevel.c ****     if((RCC_OscInitStruct->LSIState)!= RCC_LSI_OFF)
 233:/home/reo/Documents/Repository/chipwhisperer/firmware/mcu/hal/chipwhisperer-fw-extra/stm32f4/stm32f4_hal_lowlevel.c ****     {
 234:/home/reo/Documents/Repository/chipwhisperer/firmware/mcu/hal/chipwhisperer-fw-extra/stm32f4/stm32f4_hal_lowlevel.c ****       /* Enable the Internal Low Speed oscillator (LSI). */
 235:/home/reo/Documents/Repository/chipwhisperer/firmware/mcu/hal/chipwhisperer-fw-extra/stm32f4/stm32f4_hal_lowlevel.c ****       __HAL_RCC_LSI_ENABLE();
 236:/home/reo/Documents/Repository/chipwhisperer/firmware/mcu/hal/chipwhisperer-fw-extra/stm32f4/stm32f4_hal_lowlevel.c **** 
 237:/home/reo/Documents/Repository/chipwhisperer/firmware/mcu/hal/chipwhisperer-fw-extra/stm32f4/stm32f4_hal_lowlevel.c ****       /* Get Start Tick*/
 238:/home/reo/Documents/Repository/chipwhisperer/firmware/mcu/hal/chipwhisperer-fw-extra/stm32f4/stm32f4_hal_lowlevel.c ****       tickstart = HAL_GetTick();
 239:/home/reo/Documents/Repository/chipwhisperer/firmware/mcu/hal/chipwhisperer-fw-extra/stm32f4/stm32f4_hal_lowlevel.c **** 
 240:/home/reo/Documents/Repository/chipwhisperer/firmware/mcu/hal/chipwhisperer-fw-extra/stm32f4/stm32f4_hal_lowlevel.c ****       /* Wait till LSI is ready */
 241:/home/reo/Documents/Repository/chipwhisperer/firmware/mcu/hal/chipwhisperer-fw-extra/stm32f4/stm32f4_hal_lowlevel.c ****       while(__HAL_RCC_GET_FLAG(RCC_FLAG_LSIRDY) == RESET)
 242:/home/reo/Documents/Repository/chipwhisperer/firmware/mcu/hal/chipwhisperer-fw-extra/stm32f4/stm32f4_hal_lowlevel.c ****       {
 243:/home/reo/Documents/Repository/chipwhisperer/firmware/mcu/hal/chipwhisperer-fw-extra/stm32f4/stm32f4_hal_lowlevel.c ****         if((HAL_GetTick() - tickstart ) > LSI_TIMEOUT_VALUE)
 244:/home/reo/Documents/Repository/chipwhisperer/firmware/mcu/hal/chipwhisperer-fw-extra/stm32f4/stm32f4_hal_lowlevel.c ****         {
 245:/home/reo/Documents/Repository/chipwhisperer/firmware/mcu/hal/chipwhisperer-fw-extra/stm32f4/stm32f4_hal_lowlevel.c ****           return HAL_TIMEOUT;
 246:/home/reo/Documents/Repository/chipwhisperer/firmware/mcu/hal/chipwhisperer-fw-extra/stm32f4/stm32f4_hal_lowlevel.c ****         }
 247:/home/reo/Documents/Repository/chipwhisperer/firmware/mcu/hal/chipwhisperer-fw-extra/stm32f4/stm32f4_hal_lowlevel.c ****       }
 248:/home/reo/Documents/Repository/chipwhisperer/firmware/mcu/hal/chipwhisperer-fw-extra/stm32f4/stm32f4_hal_lowlevel.c ****     }
 249:/home/reo/Documents/Repository/chipwhisperer/firmware/mcu/hal/chipwhisperer-fw-extra/stm32f4/stm32f4_hal_lowlevel.c ****     else
 250:/home/reo/Documents/Repository/chipwhisperer/firmware/mcu/hal/chipwhisperer-fw-extra/stm32f4/stm32f4_hal_lowlevel.c ****     {
 251:/home/reo/Documents/Repository/chipwhisperer/firmware/mcu/hal/chipwhisperer-fw-extra/stm32f4/stm32f4_hal_lowlevel.c ****       /* Disable the Internal Low Speed oscillator (LSI). */
 252:/home/reo/Documents/Repository/chipwhisperer/firmware/mcu/hal/chipwhisperer-fw-extra/stm32f4/stm32f4_hal_lowlevel.c ****       __HAL_RCC_LSI_DISABLE();
 253:/home/reo/Documents/Repository/chipwhisperer/firmware/mcu/hal/chipwhisperer-fw-extra/stm32f4/stm32f4_hal_lowlevel.c **** 
 254:/home/reo/Documents/Repository/chipwhisperer/firmware/mcu/hal/chipwhisperer-fw-extra/stm32f4/stm32f4_hal_lowlevel.c ****       /* Get Start Tick*/
 255:/home/reo/Documents/Repository/chipwhisperer/firmware/mcu/hal/chipwhisperer-fw-extra/stm32f4/stm32f4_hal_lowlevel.c ****       tickstart = HAL_GetTick();
 256:/home/reo/Documents/Repository/chipwhisperer/firmware/mcu/hal/chipwhisperer-fw-extra/stm32f4/stm32f4_hal_lowlevel.c **** 
 257:/home/reo/Documents/Repository/chipwhisperer/firmware/mcu/hal/chipwhisperer-fw-extra/stm32f4/stm32f4_hal_lowlevel.c ****       /* Wait till LSI is ready */
 258:/home/reo/Documents/Repository/chipwhisperer/firmware/mcu/hal/chipwhisperer-fw-extra/stm32f4/stm32f4_hal_lowlevel.c ****       while(__HAL_RCC_GET_FLAG(RCC_FLAG_LSIRDY) != RESET)
 259:/home/reo/Documents/Repository/chipwhisperer/firmware/mcu/hal/chipwhisperer-fw-extra/stm32f4/stm32f4_hal_lowlevel.c ****       {
 260:/home/reo/Documents/Repository/chipwhisperer/firmware/mcu/hal/chipwhisperer-fw-extra/stm32f4/stm32f4_hal_lowlevel.c ****         if((HAL_GetTick() - tickstart ) > LSI_TIMEOUT_VALUE)
 261:/home/reo/Documents/Repository/chipwhisperer/firmware/mcu/hal/chipwhisperer-fw-extra/stm32f4/stm32f4_hal_lowlevel.c ****         {
 262:/home/reo/Documents/Repository/chipwhisperer/firmware/mcu/hal/chipwhisperer-fw-extra/stm32f4/stm32f4_hal_lowlevel.c ****           return HAL_TIMEOUT;
 263:/home/reo/Documents/Repository/chipwhisperer/firmware/mcu/hal/chipwhisperer-fw-extra/stm32f4/stm32f4_hal_lowlevel.c ****         }
 264:/home/reo/Documents/Repository/chipwhisperer/firmware/mcu/hal/chipwhisperer-fw-extra/stm32f4/stm32f4_hal_lowlevel.c ****       }
 265:/home/reo/Documents/Repository/chipwhisperer/firmware/mcu/hal/chipwhisperer-fw-extra/stm32f4/stm32f4_hal_lowlevel.c ****     }
 266:/home/reo/Documents/Repository/chipwhisperer/firmware/mcu/hal/chipwhisperer-fw-extra/stm32f4/stm32f4_hal_lowlevel.c ****   }
 267:/home/reo/Documents/Repository/chipwhisperer/firmware/mcu/hal/chipwhisperer-fw-extra/stm32f4/stm32f4_hal_lowlevel.c ****   /*------------------------------ LSE Configuration -------------------------*/
 268:/home/reo/Documents/Repository/chipwhisperer/firmware/mcu/hal/chipwhisperer-fw-extra/stm32f4/stm32f4_hal_lowlevel.c ****   if(((RCC_OscInitStruct->OscillatorType) & RCC_OSCILLATORTYPE_LSE) == RCC_OSCILLATORTYPE_LSE)
 269:/home/reo/Documents/Repository/chipwhisperer/firmware/mcu/hal/chipwhisperer-fw-extra/stm32f4/stm32f4_hal_lowlevel.c ****   {
 270:/home/reo/Documents/Repository/chipwhisperer/firmware/mcu/hal/chipwhisperer-fw-extra/stm32f4/stm32f4_hal_lowlevel.c ****     /* Check the parameters */
 271:/home/reo/Documents/Repository/chipwhisperer/firmware/mcu/hal/chipwhisperer-fw-extra/stm32f4/stm32f4_hal_lowlevel.c ****     assert_param(IS_RCC_LSE(RCC_OscInitStruct->LSEState));
 272:/home/reo/Documents/Repository/chipwhisperer/firmware/mcu/hal/chipwhisperer-fw-extra/stm32f4/stm32f4_hal_lowlevel.c **** 
 273:/home/reo/Documents/Repository/chipwhisperer/firmware/mcu/hal/chipwhisperer-fw-extra/stm32f4/stm32f4_hal_lowlevel.c ****     /* Enable Power Clock*/
 274:/home/reo/Documents/Repository/chipwhisperer/firmware/mcu/hal/chipwhisperer-fw-extra/stm32f4/stm32f4_hal_lowlevel.c ****     __HAL_RCC_PWR_CLK_ENABLE();
 275:/home/reo/Documents/Repository/chipwhisperer/firmware/mcu/hal/chipwhisperer-fw-extra/stm32f4/stm32f4_hal_lowlevel.c **** 
 276:/home/reo/Documents/Repository/chipwhisperer/firmware/mcu/hal/chipwhisperer-fw-extra/stm32f4/stm32f4_hal_lowlevel.c ****     /* Enable write access to Backup domain */
 277:/home/reo/Documents/Repository/chipwhisperer/firmware/mcu/hal/chipwhisperer-fw-extra/stm32f4/stm32f4_hal_lowlevel.c ****     PWR->CR |= PWR_CR_DBP;
 278:/home/reo/Documents/Repository/chipwhisperer/firmware/mcu/hal/chipwhisperer-fw-extra/stm32f4/stm32f4_hal_lowlevel.c **** 
 279:/home/reo/Documents/Repository/chipwhisperer/firmware/mcu/hal/chipwhisperer-fw-extra/stm32f4/stm32f4_hal_lowlevel.c ****     /* Wait for Backup domain Write protection enable */
 280:/home/reo/Documents/Repository/chipwhisperer/firmware/mcu/hal/chipwhisperer-fw-extra/stm32f4/stm32f4_hal_lowlevel.c ****     tickstart = HAL_GetTick();
 281:/home/reo/Documents/Repository/chipwhisperer/firmware/mcu/hal/chipwhisperer-fw-extra/stm32f4/stm32f4_hal_lowlevel.c **** 
 282:/home/reo/Documents/Repository/chipwhisperer/firmware/mcu/hal/chipwhisperer-fw-extra/stm32f4/stm32f4_hal_lowlevel.c ****     while((PWR->CR & PWR_CR_DBP) == RESET)
 283:/home/reo/Documents/Repository/chipwhisperer/firmware/mcu/hal/chipwhisperer-fw-extra/stm32f4/stm32f4_hal_lowlevel.c ****     {
 284:/home/reo/Documents/Repository/chipwhisperer/firmware/mcu/hal/chipwhisperer-fw-extra/stm32f4/stm32f4_hal_lowlevel.c ****       if((HAL_GetTick() - tickstart ) > RCC_DBP_TIMEOUT_VALUE)
 285:/home/reo/Documents/Repository/chipwhisperer/firmware/mcu/hal/chipwhisperer-fw-extra/stm32f4/stm32f4_hal_lowlevel.c ****       {
 286:/home/reo/Documents/Repository/chipwhisperer/firmware/mcu/hal/chipwhisperer-fw-extra/stm32f4/stm32f4_hal_lowlevel.c ****         return HAL_TIMEOUT;
 287:/home/reo/Documents/Repository/chipwhisperer/firmware/mcu/hal/chipwhisperer-fw-extra/stm32f4/stm32f4_hal_lowlevel.c ****       }
 288:/home/reo/Documents/Repository/chipwhisperer/firmware/mcu/hal/chipwhisperer-fw-extra/stm32f4/stm32f4_hal_lowlevel.c ****     }
 289:/home/reo/Documents/Repository/chipwhisperer/firmware/mcu/hal/chipwhisperer-fw-extra/stm32f4/stm32f4_hal_lowlevel.c **** 
 290:/home/reo/Documents/Repository/chipwhisperer/firmware/mcu/hal/chipwhisperer-fw-extra/stm32f4/stm32f4_hal_lowlevel.c ****     /* Set the new LSE configuration -----------------------------------------*/
 291:/home/reo/Documents/Repository/chipwhisperer/firmware/mcu/hal/chipwhisperer-fw-extra/stm32f4/stm32f4_hal_lowlevel.c ****     __HAL_RCC_LSE_CONFIG(RCC_OscInitStruct->LSEState);
 292:/home/reo/Documents/Repository/chipwhisperer/firmware/mcu/hal/chipwhisperer-fw-extra/stm32f4/stm32f4_hal_lowlevel.c ****     /* Check the LSE State */
 293:/home/reo/Documents/Repository/chipwhisperer/firmware/mcu/hal/chipwhisperer-fw-extra/stm32f4/stm32f4_hal_lowlevel.c ****     if((RCC_OscInitStruct->LSEState) != RCC_LSE_OFF)
 294:/home/reo/Documents/Repository/chipwhisperer/firmware/mcu/hal/chipwhisperer-fw-extra/stm32f4/stm32f4_hal_lowlevel.c ****     {
 295:/home/reo/Documents/Repository/chipwhisperer/firmware/mcu/hal/chipwhisperer-fw-extra/stm32f4/stm32f4_hal_lowlevel.c ****       /* Get Start Tick*/
 296:/home/reo/Documents/Repository/chipwhisperer/firmware/mcu/hal/chipwhisperer-fw-extra/stm32f4/stm32f4_hal_lowlevel.c ****       tickstart = HAL_GetTick();
 297:/home/reo/Documents/Repository/chipwhisperer/firmware/mcu/hal/chipwhisperer-fw-extra/stm32f4/stm32f4_hal_lowlevel.c **** 
 298:/home/reo/Documents/Repository/chipwhisperer/firmware/mcu/hal/chipwhisperer-fw-extra/stm32f4/stm32f4_hal_lowlevel.c ****       /* Wait till LSE is ready */
 299:/home/reo/Documents/Repository/chipwhisperer/firmware/mcu/hal/chipwhisperer-fw-extra/stm32f4/stm32f4_hal_lowlevel.c ****       while(__HAL_RCC_GET_FLAG(RCC_FLAG_LSERDY) == RESET)
 300:/home/reo/Documents/Repository/chipwhisperer/firmware/mcu/hal/chipwhisperer-fw-extra/stm32f4/stm32f4_hal_lowlevel.c ****       {
 301:/home/reo/Documents/Repository/chipwhisperer/firmware/mcu/hal/chipwhisperer-fw-extra/stm32f4/stm32f4_hal_lowlevel.c ****         if((HAL_GetTick() - tickstart ) > RCC_LSE_TIMEOUT_VALUE)
 302:/home/reo/Documents/Repository/chipwhisperer/firmware/mcu/hal/chipwhisperer-fw-extra/stm32f4/stm32f4_hal_lowlevel.c ****         {
 303:/home/reo/Documents/Repository/chipwhisperer/firmware/mcu/hal/chipwhisperer-fw-extra/stm32f4/stm32f4_hal_lowlevel.c ****           return HAL_TIMEOUT;
 304:/home/reo/Documents/Repository/chipwhisperer/firmware/mcu/hal/chipwhisperer-fw-extra/stm32f4/stm32f4_hal_lowlevel.c ****         }
 305:/home/reo/Documents/Repository/chipwhisperer/firmware/mcu/hal/chipwhisperer-fw-extra/stm32f4/stm32f4_hal_lowlevel.c ****       }
 306:/home/reo/Documents/Repository/chipwhisperer/firmware/mcu/hal/chipwhisperer-fw-extra/stm32f4/stm32f4_hal_lowlevel.c ****     }
 307:/home/reo/Documents/Repository/chipwhisperer/firmware/mcu/hal/chipwhisperer-fw-extra/stm32f4/stm32f4_hal_lowlevel.c ****     else
 308:/home/reo/Documents/Repository/chipwhisperer/firmware/mcu/hal/chipwhisperer-fw-extra/stm32f4/stm32f4_hal_lowlevel.c ****     {
 309:/home/reo/Documents/Repository/chipwhisperer/firmware/mcu/hal/chipwhisperer-fw-extra/stm32f4/stm32f4_hal_lowlevel.c ****       /* Get Start Tick*/
 310:/home/reo/Documents/Repository/chipwhisperer/firmware/mcu/hal/chipwhisperer-fw-extra/stm32f4/stm32f4_hal_lowlevel.c ****       tickstart = HAL_GetTick();
 311:/home/reo/Documents/Repository/chipwhisperer/firmware/mcu/hal/chipwhisperer-fw-extra/stm32f4/stm32f4_hal_lowlevel.c **** 
 312:/home/reo/Documents/Repository/chipwhisperer/firmware/mcu/hal/chipwhisperer-fw-extra/stm32f4/stm32f4_hal_lowlevel.c ****       /* Wait till LSE is ready */
 313:/home/reo/Documents/Repository/chipwhisperer/firmware/mcu/hal/chipwhisperer-fw-extra/stm32f4/stm32f4_hal_lowlevel.c ****       while(__HAL_RCC_GET_FLAG(RCC_FLAG_LSERDY) != RESET)
 314:/home/reo/Documents/Repository/chipwhisperer/firmware/mcu/hal/chipwhisperer-fw-extra/stm32f4/stm32f4_hal_lowlevel.c ****       {
 315:/home/reo/Documents/Repository/chipwhisperer/firmware/mcu/hal/chipwhisperer-fw-extra/stm32f4/stm32f4_hal_lowlevel.c ****         if((HAL_GetTick() - tickstart ) > RCC_LSE_TIMEOUT_VALUE)
 316:/home/reo/Documents/Repository/chipwhisperer/firmware/mcu/hal/chipwhisperer-fw-extra/stm32f4/stm32f4_hal_lowlevel.c ****         {
 317:/home/reo/Documents/Repository/chipwhisperer/firmware/mcu/hal/chipwhisperer-fw-extra/stm32f4/stm32f4_hal_lowlevel.c ****           return HAL_TIMEOUT;
 318:/home/reo/Documents/Repository/chipwhisperer/firmware/mcu/hal/chipwhisperer-fw-extra/stm32f4/stm32f4_hal_lowlevel.c ****         }
 319:/home/reo/Documents/Repository/chipwhisperer/firmware/mcu/hal/chipwhisperer-fw-extra/stm32f4/stm32f4_hal_lowlevel.c ****       }
 320:/home/reo/Documents/Repository/chipwhisperer/firmware/mcu/hal/chipwhisperer-fw-extra/stm32f4/stm32f4_hal_lowlevel.c ****     }
 321:/home/reo/Documents/Repository/chipwhisperer/firmware/mcu/hal/chipwhisperer-fw-extra/stm32f4/stm32f4_hal_lowlevel.c ****   }
 322:/home/reo/Documents/Repository/chipwhisperer/firmware/mcu/hal/chipwhisperer-fw-extra/stm32f4/stm32f4_hal_lowlevel.c ****   /*-------------------------------- PLL Configuration -----------------------*/
 323:/home/reo/Documents/Repository/chipwhisperer/firmware/mcu/hal/chipwhisperer-fw-extra/stm32f4/stm32f4_hal_lowlevel.c ****   /* Check the parameters */
 324:/home/reo/Documents/Repository/chipwhisperer/firmware/mcu/hal/chipwhisperer-fw-extra/stm32f4/stm32f4_hal_lowlevel.c ****   assert_param(IS_RCC_PLL(RCC_OscInitStruct->PLL.PLLState));
 325:/home/reo/Documents/Repository/chipwhisperer/firmware/mcu/hal/chipwhisperer-fw-extra/stm32f4/stm32f4_hal_lowlevel.c ****   if ((RCC_OscInitStruct->PLL.PLLState) != RCC_PLL_NONE)
 326:/home/reo/Documents/Repository/chipwhisperer/firmware/mcu/hal/chipwhisperer-fw-extra/stm32f4/stm32f4_hal_lowlevel.c ****   {
 327:/home/reo/Documents/Repository/chipwhisperer/firmware/mcu/hal/chipwhisperer-fw-extra/stm32f4/stm32f4_hal_lowlevel.c ****     /* Check if the PLL is used as system clock or not */
 328:/home/reo/Documents/Repository/chipwhisperer/firmware/mcu/hal/chipwhisperer-fw-extra/stm32f4/stm32f4_hal_lowlevel.c ****     if(__HAL_RCC_GET_SYSCLK_SOURCE() != RCC_CFGR_SWS_PLL)
 329:/home/reo/Documents/Repository/chipwhisperer/firmware/mcu/hal/chipwhisperer-fw-extra/stm32f4/stm32f4_hal_lowlevel.c ****     {
 330:/home/reo/Documents/Repository/chipwhisperer/firmware/mcu/hal/chipwhisperer-fw-extra/stm32f4/stm32f4_hal_lowlevel.c ****       if((RCC_OscInitStruct->PLL.PLLState) == RCC_PLL_ON)
 331:/home/reo/Documents/Repository/chipwhisperer/firmware/mcu/hal/chipwhisperer-fw-extra/stm32f4/stm32f4_hal_lowlevel.c ****       {
 332:/home/reo/Documents/Repository/chipwhisperer/firmware/mcu/hal/chipwhisperer-fw-extra/stm32f4/stm32f4_hal_lowlevel.c ****         /* Check the parameters */
 333:/home/reo/Documents/Repository/chipwhisperer/firmware/mcu/hal/chipwhisperer-fw-extra/stm32f4/stm32f4_hal_lowlevel.c ****         assert_param(IS_RCC_PLLSOURCE(RCC_OscInitStruct->PLL.PLLSource));
 334:/home/reo/Documents/Repository/chipwhisperer/firmware/mcu/hal/chipwhisperer-fw-extra/stm32f4/stm32f4_hal_lowlevel.c ****         assert_param(IS_RCC_PLLM_VALUE(RCC_OscInitStruct->PLL.PLLM));
 335:/home/reo/Documents/Repository/chipwhisperer/firmware/mcu/hal/chipwhisperer-fw-extra/stm32f4/stm32f4_hal_lowlevel.c ****         assert_param(IS_RCC_PLLN_VALUE(RCC_OscInitStruct->PLL.PLLN));
 336:/home/reo/Documents/Repository/chipwhisperer/firmware/mcu/hal/chipwhisperer-fw-extra/stm32f4/stm32f4_hal_lowlevel.c ****         assert_param(IS_RCC_PLLP_VALUE(RCC_OscInitStruct->PLL.PLLP));
 337:/home/reo/Documents/Repository/chipwhisperer/firmware/mcu/hal/chipwhisperer-fw-extra/stm32f4/stm32f4_hal_lowlevel.c ****         assert_param(IS_RCC_PLLQ_VALUE(RCC_OscInitStruct->PLL.PLLQ));
 338:/home/reo/Documents/Repository/chipwhisperer/firmware/mcu/hal/chipwhisperer-fw-extra/stm32f4/stm32f4_hal_lowlevel.c **** 
 339:/home/reo/Documents/Repository/chipwhisperer/firmware/mcu/hal/chipwhisperer-fw-extra/stm32f4/stm32f4_hal_lowlevel.c ****         /* Disable the main PLL. */
 340:/home/reo/Documents/Repository/chipwhisperer/firmware/mcu/hal/chipwhisperer-fw-extra/stm32f4/stm32f4_hal_lowlevel.c ****         __HAL_RCC_PLL_DISABLE();
 341:/home/reo/Documents/Repository/chipwhisperer/firmware/mcu/hal/chipwhisperer-fw-extra/stm32f4/stm32f4_hal_lowlevel.c **** 
 342:/home/reo/Documents/Repository/chipwhisperer/firmware/mcu/hal/chipwhisperer-fw-extra/stm32f4/stm32f4_hal_lowlevel.c ****         /* Get Start Tick*/
 343:/home/reo/Documents/Repository/chipwhisperer/firmware/mcu/hal/chipwhisperer-fw-extra/stm32f4/stm32f4_hal_lowlevel.c ****         tickstart = HAL_GetTick();
 344:/home/reo/Documents/Repository/chipwhisperer/firmware/mcu/hal/chipwhisperer-fw-extra/stm32f4/stm32f4_hal_lowlevel.c **** 
 345:/home/reo/Documents/Repository/chipwhisperer/firmware/mcu/hal/chipwhisperer-fw-extra/stm32f4/stm32f4_hal_lowlevel.c ****         /* Wait till PLL is ready */
 346:/home/reo/Documents/Repository/chipwhisperer/firmware/mcu/hal/chipwhisperer-fw-extra/stm32f4/stm32f4_hal_lowlevel.c ****         while(__HAL_RCC_GET_FLAG(RCC_FLAG_PLLRDY) != RESET)
 347:/home/reo/Documents/Repository/chipwhisperer/firmware/mcu/hal/chipwhisperer-fw-extra/stm32f4/stm32f4_hal_lowlevel.c ****         {
 348:/home/reo/Documents/Repository/chipwhisperer/firmware/mcu/hal/chipwhisperer-fw-extra/stm32f4/stm32f4_hal_lowlevel.c ****           if((HAL_GetTick() - tickstart ) > PLL_TIMEOUT_VALUE)
 349:/home/reo/Documents/Repository/chipwhisperer/firmware/mcu/hal/chipwhisperer-fw-extra/stm32f4/stm32f4_hal_lowlevel.c ****           {
 350:/home/reo/Documents/Repository/chipwhisperer/firmware/mcu/hal/chipwhisperer-fw-extra/stm32f4/stm32f4_hal_lowlevel.c ****             return HAL_TIMEOUT;
 351:/home/reo/Documents/Repository/chipwhisperer/firmware/mcu/hal/chipwhisperer-fw-extra/stm32f4/stm32f4_hal_lowlevel.c ****           }
 352:/home/reo/Documents/Repository/chipwhisperer/firmware/mcu/hal/chipwhisperer-fw-extra/stm32f4/stm32f4_hal_lowlevel.c ****         }
 353:/home/reo/Documents/Repository/chipwhisperer/firmware/mcu/hal/chipwhisperer-fw-extra/stm32f4/stm32f4_hal_lowlevel.c **** 
 354:/home/reo/Documents/Repository/chipwhisperer/firmware/mcu/hal/chipwhisperer-fw-extra/stm32f4/stm32f4_hal_lowlevel.c ****         /* Configure the main PLL clock source, multiplication and division factors. */
 355:/home/reo/Documents/Repository/chipwhisperer/firmware/mcu/hal/chipwhisperer-fw-extra/stm32f4/stm32f4_hal_lowlevel.c ****         WRITE_REG(RCC->PLLCFGR, (RCC_OscInitStruct->PLL.PLLSource                                  
 356:/home/reo/Documents/Repository/chipwhisperer/firmware/mcu/hal/chipwhisperer-fw-extra/stm32f4/stm32f4_hal_lowlevel.c ****                                  RCC_OscInitStruct->PLL.PLLM                                       
 357:/home/reo/Documents/Repository/chipwhisperer/firmware/mcu/hal/chipwhisperer-fw-extra/stm32f4/stm32f4_hal_lowlevel.c ****                                  (RCC_OscInitStruct->PLL.PLLN << POSITION_VAL(RCC_PLLCFGR_PLLN))   
 358:/home/reo/Documents/Repository/chipwhisperer/firmware/mcu/hal/chipwhisperer-fw-extra/stm32f4/stm32f4_hal_lowlevel.c ****                                  (((RCC_OscInitStruct->PLL.PLLP >> 1U) - 1U) << POSITION_VAL(RCC_PL
 359:/home/reo/Documents/Repository/chipwhisperer/firmware/mcu/hal/chipwhisperer-fw-extra/stm32f4/stm32f4_hal_lowlevel.c ****                                  (RCC_OscInitStruct->PLL.PLLQ << POSITION_VAL(RCC_PLLCFGR_PLLQ))));
 360:/home/reo/Documents/Repository/chipwhisperer/firmware/mcu/hal/chipwhisperer-fw-extra/stm32f4/stm32f4_hal_lowlevel.c ****         /* Enable the main PLL. */
 361:/home/reo/Documents/Repository/chipwhisperer/firmware/mcu/hal/chipwhisperer-fw-extra/stm32f4/stm32f4_hal_lowlevel.c ****         __HAL_RCC_PLL_ENABLE();
 362:/home/reo/Documents/Repository/chipwhisperer/firmware/mcu/hal/chipwhisperer-fw-extra/stm32f4/stm32f4_hal_lowlevel.c **** 
 363:/home/reo/Documents/Repository/chipwhisperer/firmware/mcu/hal/chipwhisperer-fw-extra/stm32f4/stm32f4_hal_lowlevel.c ****         /* Get Start Tick*/
 364:/home/reo/Documents/Repository/chipwhisperer/firmware/mcu/hal/chipwhisperer-fw-extra/stm32f4/stm32f4_hal_lowlevel.c ****         tickstart = HAL_GetTick();
 365:/home/reo/Documents/Repository/chipwhisperer/firmware/mcu/hal/chipwhisperer-fw-extra/stm32f4/stm32f4_hal_lowlevel.c **** 
 366:/home/reo/Documents/Repository/chipwhisperer/firmware/mcu/hal/chipwhisperer-fw-extra/stm32f4/stm32f4_hal_lowlevel.c ****         /* Wait till PLL is ready */
 367:/home/reo/Documents/Repository/chipwhisperer/firmware/mcu/hal/chipwhisperer-fw-extra/stm32f4/stm32f4_hal_lowlevel.c ****         while(__HAL_RCC_GET_FLAG(RCC_FLAG_PLLRDY) == RESET)
 368:/home/reo/Documents/Repository/chipwhisperer/firmware/mcu/hal/chipwhisperer-fw-extra/stm32f4/stm32f4_hal_lowlevel.c ****         {
 369:/home/reo/Documents/Repository/chipwhisperer/firmware/mcu/hal/chipwhisperer-fw-extra/stm32f4/stm32f4_hal_lowlevel.c ****           if((HAL_GetTick() - tickstart ) > PLL_TIMEOUT_VALUE)
 370:/home/reo/Documents/Repository/chipwhisperer/firmware/mcu/hal/chipwhisperer-fw-extra/stm32f4/stm32f4_hal_lowlevel.c ****           {
 371:/home/reo/Documents/Repository/chipwhisperer/firmware/mcu/hal/chipwhisperer-fw-extra/stm32f4/stm32f4_hal_lowlevel.c ****             return HAL_TIMEOUT;
 372:/home/reo/Documents/Repository/chipwhisperer/firmware/mcu/hal/chipwhisperer-fw-extra/stm32f4/stm32f4_hal_lowlevel.c ****           }
 373:/home/reo/Documents/Repository/chipwhisperer/firmware/mcu/hal/chipwhisperer-fw-extra/stm32f4/stm32f4_hal_lowlevel.c ****         }
 374:/home/reo/Documents/Repository/chipwhisperer/firmware/mcu/hal/chipwhisperer-fw-extra/stm32f4/stm32f4_hal_lowlevel.c ****       }
 375:/home/reo/Documents/Repository/chipwhisperer/firmware/mcu/hal/chipwhisperer-fw-extra/stm32f4/stm32f4_hal_lowlevel.c ****       else
 376:/home/reo/Documents/Repository/chipwhisperer/firmware/mcu/hal/chipwhisperer-fw-extra/stm32f4/stm32f4_hal_lowlevel.c ****       {
 377:/home/reo/Documents/Repository/chipwhisperer/firmware/mcu/hal/chipwhisperer-fw-extra/stm32f4/stm32f4_hal_lowlevel.c ****         /* Disable the main PLL. */
 378:/home/reo/Documents/Repository/chipwhisperer/firmware/mcu/hal/chipwhisperer-fw-extra/stm32f4/stm32f4_hal_lowlevel.c ****         __HAL_RCC_PLL_DISABLE();
 379:/home/reo/Documents/Repository/chipwhisperer/firmware/mcu/hal/chipwhisperer-fw-extra/stm32f4/stm32f4_hal_lowlevel.c **** 
 380:/home/reo/Documents/Repository/chipwhisperer/firmware/mcu/hal/chipwhisperer-fw-extra/stm32f4/stm32f4_hal_lowlevel.c ****         /* Get Start Tick*/
 381:/home/reo/Documents/Repository/chipwhisperer/firmware/mcu/hal/chipwhisperer-fw-extra/stm32f4/stm32f4_hal_lowlevel.c ****         tickstart = HAL_GetTick();
 382:/home/reo/Documents/Repository/chipwhisperer/firmware/mcu/hal/chipwhisperer-fw-extra/stm32f4/stm32f4_hal_lowlevel.c **** 
 383:/home/reo/Documents/Repository/chipwhisperer/firmware/mcu/hal/chipwhisperer-fw-extra/stm32f4/stm32f4_hal_lowlevel.c ****         /* Wait till PLL is ready */
 384:/home/reo/Documents/Repository/chipwhisperer/firmware/mcu/hal/chipwhisperer-fw-extra/stm32f4/stm32f4_hal_lowlevel.c ****         while(__HAL_RCC_GET_FLAG(RCC_FLAG_PLLRDY) != RESET)
 385:/home/reo/Documents/Repository/chipwhisperer/firmware/mcu/hal/chipwhisperer-fw-extra/stm32f4/stm32f4_hal_lowlevel.c ****         {
 386:/home/reo/Documents/Repository/chipwhisperer/firmware/mcu/hal/chipwhisperer-fw-extra/stm32f4/stm32f4_hal_lowlevel.c ****           if((HAL_GetTick() - tickstart ) > PLL_TIMEOUT_VALUE)
 387:/home/reo/Documents/Repository/chipwhisperer/firmware/mcu/hal/chipwhisperer-fw-extra/stm32f4/stm32f4_hal_lowlevel.c ****           {
 388:/home/reo/Documents/Repository/chipwhisperer/firmware/mcu/hal/chipwhisperer-fw-extra/stm32f4/stm32f4_hal_lowlevel.c ****             return HAL_TIMEOUT;
 389:/home/reo/Documents/Repository/chipwhisperer/firmware/mcu/hal/chipwhisperer-fw-extra/stm32f4/stm32f4_hal_lowlevel.c ****           }
 390:/home/reo/Documents/Repository/chipwhisperer/firmware/mcu/hal/chipwhisperer-fw-extra/stm32f4/stm32f4_hal_lowlevel.c ****         }
 391:/home/reo/Documents/Repository/chipwhisperer/firmware/mcu/hal/chipwhisperer-fw-extra/stm32f4/stm32f4_hal_lowlevel.c ****       }
 392:/home/reo/Documents/Repository/chipwhisperer/firmware/mcu/hal/chipwhisperer-fw-extra/stm32f4/stm32f4_hal_lowlevel.c ****     }
 393:/home/reo/Documents/Repository/chipwhisperer/firmware/mcu/hal/chipwhisperer-fw-extra/stm32f4/stm32f4_hal_lowlevel.c ****     else
 394:/home/reo/Documents/Repository/chipwhisperer/firmware/mcu/hal/chipwhisperer-fw-extra/stm32f4/stm32f4_hal_lowlevel.c ****     {
 395:/home/reo/Documents/Repository/chipwhisperer/firmware/mcu/hal/chipwhisperer-fw-extra/stm32f4/stm32f4_hal_lowlevel.c ****       return HAL_ERROR;
 396:/home/reo/Documents/Repository/chipwhisperer/firmware/mcu/hal/chipwhisperer-fw-extra/stm32f4/stm32f4_hal_lowlevel.c ****     }
 397:/home/reo/Documents/Repository/chipwhisperer/firmware/mcu/hal/chipwhisperer-fw-extra/stm32f4/stm32f4_hal_lowlevel.c ****   }
 398:/home/reo/Documents/Repository/chipwhisperer/firmware/mcu/hal/chipwhisperer-fw-extra/stm32f4/stm32f4_hal_lowlevel.c ****   return HAL_OK;
 399:/home/reo/Documents/Repository/chipwhisperer/firmware/mcu/hal/chipwhisperer-fw-extra/stm32f4/stm32f4_hal_lowlevel.c **** }
 400:/home/reo/Documents/Repository/chipwhisperer/firmware/mcu/hal/chipwhisperer-fw-extra/stm32f4/stm32f4_hal_lowlevel.c **** 
 401:/home/reo/Documents/Repository/chipwhisperer/firmware/mcu/hal/chipwhisperer-fw-extra/stm32f4/stm32f4_hal_lowlevel.c **** /**
 402:/home/reo/Documents/Repository/chipwhisperer/firmware/mcu/hal/chipwhisperer-fw-extra/stm32f4/stm32f4_hal_lowlevel.c ****   * @brief  Initializes the CPU, AHB and APB busses clocks according to the specified
 403:/home/reo/Documents/Repository/chipwhisperer/firmware/mcu/hal/chipwhisperer-fw-extra/stm32f4/stm32f4_hal_lowlevel.c ****   *         parameters in the RCC_ClkInitStruct.
 404:/home/reo/Documents/Repository/chipwhisperer/firmware/mcu/hal/chipwhisperer-fw-extra/stm32f4/stm32f4_hal_lowlevel.c ****   * @param  RCC_ClkInitStruct: pointer to an RCC_OscInitTypeDef structure that
 405:/home/reo/Documents/Repository/chipwhisperer/firmware/mcu/hal/chipwhisperer-fw-extra/stm32f4/stm32f4_hal_lowlevel.c ****   *         contains the configuration information for the RCC peripheral.
 406:/home/reo/Documents/Repository/chipwhisperer/firmware/mcu/hal/chipwhisperer-fw-extra/stm32f4/stm32f4_hal_lowlevel.c ****   * @param  FLatency: FLASH Latency, this parameter depend on device selected
 407:/home/reo/Documents/Repository/chipwhisperer/firmware/mcu/hal/chipwhisperer-fw-extra/stm32f4/stm32f4_hal_lowlevel.c ****   *
 408:/home/reo/Documents/Repository/chipwhisperer/firmware/mcu/hal/chipwhisperer-fw-extra/stm32f4/stm32f4_hal_lowlevel.c ****   * @note   The SystemCoreClock CMSIS variable is used to store System Clock Frequency
 409:/home/reo/Documents/Repository/chipwhisperer/firmware/mcu/hal/chipwhisperer-fw-extra/stm32f4/stm32f4_hal_lowlevel.c ****   *         and updated by HAL_RCC_GetHCLKFreq() function called within this function
 410:/home/reo/Documents/Repository/chipwhisperer/firmware/mcu/hal/chipwhisperer-fw-extra/stm32f4/stm32f4_hal_lowlevel.c ****   *
 411:/home/reo/Documents/Repository/chipwhisperer/firmware/mcu/hal/chipwhisperer-fw-extra/stm32f4/stm32f4_hal_lowlevel.c ****   * @note   The HSI is used (enabled by hardware) as system clock source after
 412:/home/reo/Documents/Repository/chipwhisperer/firmware/mcu/hal/chipwhisperer-fw-extra/stm32f4/stm32f4_hal_lowlevel.c ****   *         startup from Reset, wake-up from STOP and STANDBY mode, or in case
 413:/home/reo/Documents/Repository/chipwhisperer/firmware/mcu/hal/chipwhisperer-fw-extra/stm32f4/stm32f4_hal_lowlevel.c ****   *         of failure of the HSE used directly or indirectly as system clock
 414:/home/reo/Documents/Repository/chipwhisperer/firmware/mcu/hal/chipwhisperer-fw-extra/stm32f4/stm32f4_hal_lowlevel.c ****   *         (if the Clock Security System CSS is enabled).
 415:/home/reo/Documents/Repository/chipwhisperer/firmware/mcu/hal/chipwhisperer-fw-extra/stm32f4/stm32f4_hal_lowlevel.c ****   *
 416:/home/reo/Documents/Repository/chipwhisperer/firmware/mcu/hal/chipwhisperer-fw-extra/stm32f4/stm32f4_hal_lowlevel.c ****   * @note   A switch from one clock source to another occurs only if the target
 417:/home/reo/Documents/Repository/chipwhisperer/firmware/mcu/hal/chipwhisperer-fw-extra/stm32f4/stm32f4_hal_lowlevel.c ****   *         clock source is ready (clock stable after startup delay or PLL locked).
 418:/home/reo/Documents/Repository/chipwhisperer/firmware/mcu/hal/chipwhisperer-fw-extra/stm32f4/stm32f4_hal_lowlevel.c ****   *         If a clock source which is not yet ready is selected, the switch will
 419:/home/reo/Documents/Repository/chipwhisperer/firmware/mcu/hal/chipwhisperer-fw-extra/stm32f4/stm32f4_hal_lowlevel.c ****   *         occur when the clock source will be ready.
 420:/home/reo/Documents/Repository/chipwhisperer/firmware/mcu/hal/chipwhisperer-fw-extra/stm32f4/stm32f4_hal_lowlevel.c ****   *
 421:/home/reo/Documents/Repository/chipwhisperer/firmware/mcu/hal/chipwhisperer-fw-extra/stm32f4/stm32f4_hal_lowlevel.c ****   * @note   Depending on the device voltage range, the software has to set correctly
 422:/home/reo/Documents/Repository/chipwhisperer/firmware/mcu/hal/chipwhisperer-fw-extra/stm32f4/stm32f4_hal_lowlevel.c ****   *         HPRE[3:0] bits to ensure that HCLK not exceed the maximum allowed frequency
 423:/home/reo/Documents/Repository/chipwhisperer/firmware/mcu/hal/chipwhisperer-fw-extra/stm32f4/stm32f4_hal_lowlevel.c ****   *         (for more details refer to section above "Initialization/de-initialization functions")
 424:/home/reo/Documents/Repository/chipwhisperer/firmware/mcu/hal/chipwhisperer-fw-extra/stm32f4/stm32f4_hal_lowlevel.c ****   * @retval None
 425:/home/reo/Documents/Repository/chipwhisperer/firmware/mcu/hal/chipwhisperer-fw-extra/stm32f4/stm32f4_hal_lowlevel.c ****   */
 426:/home/reo/Documents/Repository/chipwhisperer/firmware/mcu/hal/chipwhisperer-fw-extra/stm32f4/stm32f4_hal_lowlevel.c **** HAL_StatusTypeDef HAL_RCC_ClockConfig(RCC_ClkInitTypeDef  *RCC_ClkInitStruct, uint32_t FLatency)
 427:/home/reo/Documents/Repository/chipwhisperer/firmware/mcu/hal/chipwhisperer-fw-extra/stm32f4/stm32f4_hal_lowlevel.c **** {
 428:/home/reo/Documents/Repository/chipwhisperer/firmware/mcu/hal/chipwhisperer-fw-extra/stm32f4/stm32f4_hal_lowlevel.c ****   uint32_t tickstart = 0U;
 429:/home/reo/Documents/Repository/chipwhisperer/firmware/mcu/hal/chipwhisperer-fw-extra/stm32f4/stm32f4_hal_lowlevel.c **** 
 430:/home/reo/Documents/Repository/chipwhisperer/firmware/mcu/hal/chipwhisperer-fw-extra/stm32f4/stm32f4_hal_lowlevel.c ****   /* Check the parameters */
 431:/home/reo/Documents/Repository/chipwhisperer/firmware/mcu/hal/chipwhisperer-fw-extra/stm32f4/stm32f4_hal_lowlevel.c ****   assert_param(IS_RCC_CLOCKTYPE(RCC_ClkInitStruct->ClockType));
 432:/home/reo/Documents/Repository/chipwhisperer/firmware/mcu/hal/chipwhisperer-fw-extra/stm32f4/stm32f4_hal_lowlevel.c ****   assert_param(IS_FLASH_LATENCY(FLatency));
 433:/home/reo/Documents/Repository/chipwhisperer/firmware/mcu/hal/chipwhisperer-fw-extra/stm32f4/stm32f4_hal_lowlevel.c **** 
 434:/home/reo/Documents/Repository/chipwhisperer/firmware/mcu/hal/chipwhisperer-fw-extra/stm32f4/stm32f4_hal_lowlevel.c ****   /* To correctly read data from FLASH memory, the number of wait states (LATENCY)
 435:/home/reo/Documents/Repository/chipwhisperer/firmware/mcu/hal/chipwhisperer-fw-extra/stm32f4/stm32f4_hal_lowlevel.c ****     must be correctly programmed according to the frequency of the CPU clock
 436:/home/reo/Documents/Repository/chipwhisperer/firmware/mcu/hal/chipwhisperer-fw-extra/stm32f4/stm32f4_hal_lowlevel.c ****     (HCLK) and the supply voltage of the device. */
 437:/home/reo/Documents/Repository/chipwhisperer/firmware/mcu/hal/chipwhisperer-fw-extra/stm32f4/stm32f4_hal_lowlevel.c **** 
 438:/home/reo/Documents/Repository/chipwhisperer/firmware/mcu/hal/chipwhisperer-fw-extra/stm32f4/stm32f4_hal_lowlevel.c ****   /* Increasing the number of wait states because of higher CPU frequency */
 439:/home/reo/Documents/Repository/chipwhisperer/firmware/mcu/hal/chipwhisperer-fw-extra/stm32f4/stm32f4_hal_lowlevel.c ****   if(FLatency > (FLASH->ACR & FLASH_ACR_LATENCY))
 440:/home/reo/Documents/Repository/chipwhisperer/firmware/mcu/hal/chipwhisperer-fw-extra/stm32f4/stm32f4_hal_lowlevel.c ****   {
 441:/home/reo/Documents/Repository/chipwhisperer/firmware/mcu/hal/chipwhisperer-fw-extra/stm32f4/stm32f4_hal_lowlevel.c ****     /* Program the new number of wait states to the LATENCY bits in the FLASH_ACR register */
 442:/home/reo/Documents/Repository/chipwhisperer/firmware/mcu/hal/chipwhisperer-fw-extra/stm32f4/stm32f4_hal_lowlevel.c ****     __HAL_FLASH_SET_LATENCY(FLatency);
 443:/home/reo/Documents/Repository/chipwhisperer/firmware/mcu/hal/chipwhisperer-fw-extra/stm32f4/stm32f4_hal_lowlevel.c **** 
 444:/home/reo/Documents/Repository/chipwhisperer/firmware/mcu/hal/chipwhisperer-fw-extra/stm32f4/stm32f4_hal_lowlevel.c ****     /* Check that the new number of wait states is taken into account to access the Flash
 445:/home/reo/Documents/Repository/chipwhisperer/firmware/mcu/hal/chipwhisperer-fw-extra/stm32f4/stm32f4_hal_lowlevel.c ****     memory by reading the FLASH_ACR register */
 446:/home/reo/Documents/Repository/chipwhisperer/firmware/mcu/hal/chipwhisperer-fw-extra/stm32f4/stm32f4_hal_lowlevel.c ****     if((FLASH->ACR & FLASH_ACR_LATENCY) != FLatency)
 447:/home/reo/Documents/Repository/chipwhisperer/firmware/mcu/hal/chipwhisperer-fw-extra/stm32f4/stm32f4_hal_lowlevel.c ****     {
 448:/home/reo/Documents/Repository/chipwhisperer/firmware/mcu/hal/chipwhisperer-fw-extra/stm32f4/stm32f4_hal_lowlevel.c ****       return HAL_ERROR;
 449:/home/reo/Documents/Repository/chipwhisperer/firmware/mcu/hal/chipwhisperer-fw-extra/stm32f4/stm32f4_hal_lowlevel.c ****     }
 450:/home/reo/Documents/Repository/chipwhisperer/firmware/mcu/hal/chipwhisperer-fw-extra/stm32f4/stm32f4_hal_lowlevel.c ****   }
 451:/home/reo/Documents/Repository/chipwhisperer/firmware/mcu/hal/chipwhisperer-fw-extra/stm32f4/stm32f4_hal_lowlevel.c **** 
 452:/home/reo/Documents/Repository/chipwhisperer/firmware/mcu/hal/chipwhisperer-fw-extra/stm32f4/stm32f4_hal_lowlevel.c ****   /*-------------------------- HCLK Configuration --------------------------*/
 453:/home/reo/Documents/Repository/chipwhisperer/firmware/mcu/hal/chipwhisperer-fw-extra/stm32f4/stm32f4_hal_lowlevel.c ****   if(((RCC_ClkInitStruct->ClockType) & RCC_CLOCKTYPE_HCLK) == RCC_CLOCKTYPE_HCLK)
 454:/home/reo/Documents/Repository/chipwhisperer/firmware/mcu/hal/chipwhisperer-fw-extra/stm32f4/stm32f4_hal_lowlevel.c ****   {
 455:/home/reo/Documents/Repository/chipwhisperer/firmware/mcu/hal/chipwhisperer-fw-extra/stm32f4/stm32f4_hal_lowlevel.c ****     assert_param(IS_RCC_HCLK(RCC_ClkInitStruct->AHBCLKDivider));
 456:/home/reo/Documents/Repository/chipwhisperer/firmware/mcu/hal/chipwhisperer-fw-extra/stm32f4/stm32f4_hal_lowlevel.c ****     MODIFY_REG(RCC->CFGR, RCC_CFGR_HPRE, RCC_ClkInitStruct->AHBCLKDivider);
 457:/home/reo/Documents/Repository/chipwhisperer/firmware/mcu/hal/chipwhisperer-fw-extra/stm32f4/stm32f4_hal_lowlevel.c ****   }
 458:/home/reo/Documents/Repository/chipwhisperer/firmware/mcu/hal/chipwhisperer-fw-extra/stm32f4/stm32f4_hal_lowlevel.c **** 
 459:/home/reo/Documents/Repository/chipwhisperer/firmware/mcu/hal/chipwhisperer-fw-extra/stm32f4/stm32f4_hal_lowlevel.c ****   /*------------------------- SYSCLK Configuration ---------------------------*/
 460:/home/reo/Documents/Repository/chipwhisperer/firmware/mcu/hal/chipwhisperer-fw-extra/stm32f4/stm32f4_hal_lowlevel.c ****   if(((RCC_ClkInitStruct->ClockType) & RCC_CLOCKTYPE_SYSCLK) == RCC_CLOCKTYPE_SYSCLK)
 461:/home/reo/Documents/Repository/chipwhisperer/firmware/mcu/hal/chipwhisperer-fw-extra/stm32f4/stm32f4_hal_lowlevel.c ****   {
 462:/home/reo/Documents/Repository/chipwhisperer/firmware/mcu/hal/chipwhisperer-fw-extra/stm32f4/stm32f4_hal_lowlevel.c ****     assert_param(IS_RCC_SYSCLKSOURCE(RCC_ClkInitStruct->SYSCLKSource));
 463:/home/reo/Documents/Repository/chipwhisperer/firmware/mcu/hal/chipwhisperer-fw-extra/stm32f4/stm32f4_hal_lowlevel.c **** 
 464:/home/reo/Documents/Repository/chipwhisperer/firmware/mcu/hal/chipwhisperer-fw-extra/stm32f4/stm32f4_hal_lowlevel.c ****     /* HSE is selected as System Clock Source */
 465:/home/reo/Documents/Repository/chipwhisperer/firmware/mcu/hal/chipwhisperer-fw-extra/stm32f4/stm32f4_hal_lowlevel.c ****     if(RCC_ClkInitStruct->SYSCLKSource == RCC_SYSCLKSOURCE_HSE)
 466:/home/reo/Documents/Repository/chipwhisperer/firmware/mcu/hal/chipwhisperer-fw-extra/stm32f4/stm32f4_hal_lowlevel.c ****     {
 467:/home/reo/Documents/Repository/chipwhisperer/firmware/mcu/hal/chipwhisperer-fw-extra/stm32f4/stm32f4_hal_lowlevel.c ****       /* Check the HSE ready flag */
 468:/home/reo/Documents/Repository/chipwhisperer/firmware/mcu/hal/chipwhisperer-fw-extra/stm32f4/stm32f4_hal_lowlevel.c ****       if(__HAL_RCC_GET_FLAG(RCC_FLAG_HSERDY) == RESET)
 469:/home/reo/Documents/Repository/chipwhisperer/firmware/mcu/hal/chipwhisperer-fw-extra/stm32f4/stm32f4_hal_lowlevel.c ****       {
 470:/home/reo/Documents/Repository/chipwhisperer/firmware/mcu/hal/chipwhisperer-fw-extra/stm32f4/stm32f4_hal_lowlevel.c ****         return HAL_ERROR;
 471:/home/reo/Documents/Repository/chipwhisperer/firmware/mcu/hal/chipwhisperer-fw-extra/stm32f4/stm32f4_hal_lowlevel.c ****       }
 472:/home/reo/Documents/Repository/chipwhisperer/firmware/mcu/hal/chipwhisperer-fw-extra/stm32f4/stm32f4_hal_lowlevel.c ****     }
 473:/home/reo/Documents/Repository/chipwhisperer/firmware/mcu/hal/chipwhisperer-fw-extra/stm32f4/stm32f4_hal_lowlevel.c ****     /* PLL is selected as System Clock Source */
 474:/home/reo/Documents/Repository/chipwhisperer/firmware/mcu/hal/chipwhisperer-fw-extra/stm32f4/stm32f4_hal_lowlevel.c ****     else if((RCC_ClkInitStruct->SYSCLKSource == RCC_SYSCLKSOURCE_PLLCLK)   ||
 475:/home/reo/Documents/Repository/chipwhisperer/firmware/mcu/hal/chipwhisperer-fw-extra/stm32f4/stm32f4_hal_lowlevel.c ****             (RCC_ClkInitStruct->SYSCLKSource == RCC_SYSCLKSOURCE_PLLRCLK))
 476:/home/reo/Documents/Repository/chipwhisperer/firmware/mcu/hal/chipwhisperer-fw-extra/stm32f4/stm32f4_hal_lowlevel.c ****     {
 477:/home/reo/Documents/Repository/chipwhisperer/firmware/mcu/hal/chipwhisperer-fw-extra/stm32f4/stm32f4_hal_lowlevel.c ****       /* Check the PLL ready flag */
 478:/home/reo/Documents/Repository/chipwhisperer/firmware/mcu/hal/chipwhisperer-fw-extra/stm32f4/stm32f4_hal_lowlevel.c ****       if(__HAL_RCC_GET_FLAG(RCC_FLAG_PLLRDY) == RESET)
 479:/home/reo/Documents/Repository/chipwhisperer/firmware/mcu/hal/chipwhisperer-fw-extra/stm32f4/stm32f4_hal_lowlevel.c ****       {
 480:/home/reo/Documents/Repository/chipwhisperer/firmware/mcu/hal/chipwhisperer-fw-extra/stm32f4/stm32f4_hal_lowlevel.c ****         return HAL_ERROR;
 481:/home/reo/Documents/Repository/chipwhisperer/firmware/mcu/hal/chipwhisperer-fw-extra/stm32f4/stm32f4_hal_lowlevel.c ****       }
 482:/home/reo/Documents/Repository/chipwhisperer/firmware/mcu/hal/chipwhisperer-fw-extra/stm32f4/stm32f4_hal_lowlevel.c ****     }
 483:/home/reo/Documents/Repository/chipwhisperer/firmware/mcu/hal/chipwhisperer-fw-extra/stm32f4/stm32f4_hal_lowlevel.c ****     /* HSI is selected as System Clock Source */
 484:/home/reo/Documents/Repository/chipwhisperer/firmware/mcu/hal/chipwhisperer-fw-extra/stm32f4/stm32f4_hal_lowlevel.c ****     else
 485:/home/reo/Documents/Repository/chipwhisperer/firmware/mcu/hal/chipwhisperer-fw-extra/stm32f4/stm32f4_hal_lowlevel.c ****     {
 486:/home/reo/Documents/Repository/chipwhisperer/firmware/mcu/hal/chipwhisperer-fw-extra/stm32f4/stm32f4_hal_lowlevel.c ****       /* Check the HSI ready flag */
 487:/home/reo/Documents/Repository/chipwhisperer/firmware/mcu/hal/chipwhisperer-fw-extra/stm32f4/stm32f4_hal_lowlevel.c ****       if(__HAL_RCC_GET_FLAG(RCC_FLAG_HSIRDY) == RESET)
 488:/home/reo/Documents/Repository/chipwhisperer/firmware/mcu/hal/chipwhisperer-fw-extra/stm32f4/stm32f4_hal_lowlevel.c ****       {
 489:/home/reo/Documents/Repository/chipwhisperer/firmware/mcu/hal/chipwhisperer-fw-extra/stm32f4/stm32f4_hal_lowlevel.c ****         return HAL_ERROR;
 490:/home/reo/Documents/Repository/chipwhisperer/firmware/mcu/hal/chipwhisperer-fw-extra/stm32f4/stm32f4_hal_lowlevel.c ****       }
 491:/home/reo/Documents/Repository/chipwhisperer/firmware/mcu/hal/chipwhisperer-fw-extra/stm32f4/stm32f4_hal_lowlevel.c ****     }
 492:/home/reo/Documents/Repository/chipwhisperer/firmware/mcu/hal/chipwhisperer-fw-extra/stm32f4/stm32f4_hal_lowlevel.c **** 
 493:/home/reo/Documents/Repository/chipwhisperer/firmware/mcu/hal/chipwhisperer-fw-extra/stm32f4/stm32f4_hal_lowlevel.c ****     __HAL_RCC_SYSCLK_CONFIG(RCC_ClkInitStruct->SYSCLKSource);
 494:/home/reo/Documents/Repository/chipwhisperer/firmware/mcu/hal/chipwhisperer-fw-extra/stm32f4/stm32f4_hal_lowlevel.c ****     /* Get Start Tick*/
 495:/home/reo/Documents/Repository/chipwhisperer/firmware/mcu/hal/chipwhisperer-fw-extra/stm32f4/stm32f4_hal_lowlevel.c ****     tickstart = HAL_GetTick();
 496:/home/reo/Documents/Repository/chipwhisperer/firmware/mcu/hal/chipwhisperer-fw-extra/stm32f4/stm32f4_hal_lowlevel.c **** 
 497:/home/reo/Documents/Repository/chipwhisperer/firmware/mcu/hal/chipwhisperer-fw-extra/stm32f4/stm32f4_hal_lowlevel.c ****     if(RCC_ClkInitStruct->SYSCLKSource == RCC_SYSCLKSOURCE_HSE)
 498:/home/reo/Documents/Repository/chipwhisperer/firmware/mcu/hal/chipwhisperer-fw-extra/stm32f4/stm32f4_hal_lowlevel.c ****     {
 499:/home/reo/Documents/Repository/chipwhisperer/firmware/mcu/hal/chipwhisperer-fw-extra/stm32f4/stm32f4_hal_lowlevel.c ****       while (__HAL_RCC_GET_SYSCLK_SOURCE() != RCC_SYSCLKSOURCE_STATUS_HSE)
 500:/home/reo/Documents/Repository/chipwhisperer/firmware/mcu/hal/chipwhisperer-fw-extra/stm32f4/stm32f4_hal_lowlevel.c ****       {
 501:/home/reo/Documents/Repository/chipwhisperer/firmware/mcu/hal/chipwhisperer-fw-extra/stm32f4/stm32f4_hal_lowlevel.c ****         if((HAL_GetTick() - tickstart ) > CLOCKSWITCH_TIMEOUT_VALUE)
 502:/home/reo/Documents/Repository/chipwhisperer/firmware/mcu/hal/chipwhisperer-fw-extra/stm32f4/stm32f4_hal_lowlevel.c ****         {
 503:/home/reo/Documents/Repository/chipwhisperer/firmware/mcu/hal/chipwhisperer-fw-extra/stm32f4/stm32f4_hal_lowlevel.c ****           return HAL_TIMEOUT;
 504:/home/reo/Documents/Repository/chipwhisperer/firmware/mcu/hal/chipwhisperer-fw-extra/stm32f4/stm32f4_hal_lowlevel.c ****         }
 505:/home/reo/Documents/Repository/chipwhisperer/firmware/mcu/hal/chipwhisperer-fw-extra/stm32f4/stm32f4_hal_lowlevel.c ****       }
 506:/home/reo/Documents/Repository/chipwhisperer/firmware/mcu/hal/chipwhisperer-fw-extra/stm32f4/stm32f4_hal_lowlevel.c ****     }
 507:/home/reo/Documents/Repository/chipwhisperer/firmware/mcu/hal/chipwhisperer-fw-extra/stm32f4/stm32f4_hal_lowlevel.c ****     else if(RCC_ClkInitStruct->SYSCLKSource == RCC_SYSCLKSOURCE_PLLCLK)
 508:/home/reo/Documents/Repository/chipwhisperer/firmware/mcu/hal/chipwhisperer-fw-extra/stm32f4/stm32f4_hal_lowlevel.c ****     {
 509:/home/reo/Documents/Repository/chipwhisperer/firmware/mcu/hal/chipwhisperer-fw-extra/stm32f4/stm32f4_hal_lowlevel.c ****       while (__HAL_RCC_GET_SYSCLK_SOURCE() != RCC_SYSCLKSOURCE_STATUS_PLLCLK)
 510:/home/reo/Documents/Repository/chipwhisperer/firmware/mcu/hal/chipwhisperer-fw-extra/stm32f4/stm32f4_hal_lowlevel.c ****       {
 511:/home/reo/Documents/Repository/chipwhisperer/firmware/mcu/hal/chipwhisperer-fw-extra/stm32f4/stm32f4_hal_lowlevel.c ****         if((HAL_GetTick() - tickstart ) > CLOCKSWITCH_TIMEOUT_VALUE)
 512:/home/reo/Documents/Repository/chipwhisperer/firmware/mcu/hal/chipwhisperer-fw-extra/stm32f4/stm32f4_hal_lowlevel.c ****         {
 513:/home/reo/Documents/Repository/chipwhisperer/firmware/mcu/hal/chipwhisperer-fw-extra/stm32f4/stm32f4_hal_lowlevel.c ****           return HAL_TIMEOUT;
 514:/home/reo/Documents/Repository/chipwhisperer/firmware/mcu/hal/chipwhisperer-fw-extra/stm32f4/stm32f4_hal_lowlevel.c ****         }
 515:/home/reo/Documents/Repository/chipwhisperer/firmware/mcu/hal/chipwhisperer-fw-extra/stm32f4/stm32f4_hal_lowlevel.c ****       }
 516:/home/reo/Documents/Repository/chipwhisperer/firmware/mcu/hal/chipwhisperer-fw-extra/stm32f4/stm32f4_hal_lowlevel.c ****     }
 517:/home/reo/Documents/Repository/chipwhisperer/firmware/mcu/hal/chipwhisperer-fw-extra/stm32f4/stm32f4_hal_lowlevel.c ****     else if(RCC_ClkInitStruct->SYSCLKSource == RCC_SYSCLKSOURCE_PLLRCLK)
 518:/home/reo/Documents/Repository/chipwhisperer/firmware/mcu/hal/chipwhisperer-fw-extra/stm32f4/stm32f4_hal_lowlevel.c ****     {
 519:/home/reo/Documents/Repository/chipwhisperer/firmware/mcu/hal/chipwhisperer-fw-extra/stm32f4/stm32f4_hal_lowlevel.c ****       while (__HAL_RCC_GET_SYSCLK_SOURCE() != RCC_SYSCLKSOURCE_STATUS_PLLRCLK)
 520:/home/reo/Documents/Repository/chipwhisperer/firmware/mcu/hal/chipwhisperer-fw-extra/stm32f4/stm32f4_hal_lowlevel.c ****       {
 521:/home/reo/Documents/Repository/chipwhisperer/firmware/mcu/hal/chipwhisperer-fw-extra/stm32f4/stm32f4_hal_lowlevel.c ****         if((HAL_GetTick() - tickstart ) > CLOCKSWITCH_TIMEOUT_VALUE)
 522:/home/reo/Documents/Repository/chipwhisperer/firmware/mcu/hal/chipwhisperer-fw-extra/stm32f4/stm32f4_hal_lowlevel.c ****         {
 523:/home/reo/Documents/Repository/chipwhisperer/firmware/mcu/hal/chipwhisperer-fw-extra/stm32f4/stm32f4_hal_lowlevel.c ****           return HAL_TIMEOUT;
 524:/home/reo/Documents/Repository/chipwhisperer/firmware/mcu/hal/chipwhisperer-fw-extra/stm32f4/stm32f4_hal_lowlevel.c ****         }
 525:/home/reo/Documents/Repository/chipwhisperer/firmware/mcu/hal/chipwhisperer-fw-extra/stm32f4/stm32f4_hal_lowlevel.c ****       }
 526:/home/reo/Documents/Repository/chipwhisperer/firmware/mcu/hal/chipwhisperer-fw-extra/stm32f4/stm32f4_hal_lowlevel.c ****     }
 527:/home/reo/Documents/Repository/chipwhisperer/firmware/mcu/hal/chipwhisperer-fw-extra/stm32f4/stm32f4_hal_lowlevel.c ****     else
 528:/home/reo/Documents/Repository/chipwhisperer/firmware/mcu/hal/chipwhisperer-fw-extra/stm32f4/stm32f4_hal_lowlevel.c ****     {
 529:/home/reo/Documents/Repository/chipwhisperer/firmware/mcu/hal/chipwhisperer-fw-extra/stm32f4/stm32f4_hal_lowlevel.c ****       while(__HAL_RCC_GET_SYSCLK_SOURCE() != RCC_SYSCLKSOURCE_STATUS_HSI)
 530:/home/reo/Documents/Repository/chipwhisperer/firmware/mcu/hal/chipwhisperer-fw-extra/stm32f4/stm32f4_hal_lowlevel.c ****       {
 531:/home/reo/Documents/Repository/chipwhisperer/firmware/mcu/hal/chipwhisperer-fw-extra/stm32f4/stm32f4_hal_lowlevel.c ****         if((HAL_GetTick() - tickstart ) > CLOCKSWITCH_TIMEOUT_VALUE)
 532:/home/reo/Documents/Repository/chipwhisperer/firmware/mcu/hal/chipwhisperer-fw-extra/stm32f4/stm32f4_hal_lowlevel.c ****         {
 533:/home/reo/Documents/Repository/chipwhisperer/firmware/mcu/hal/chipwhisperer-fw-extra/stm32f4/stm32f4_hal_lowlevel.c ****           return HAL_TIMEOUT;
 534:/home/reo/Documents/Repository/chipwhisperer/firmware/mcu/hal/chipwhisperer-fw-extra/stm32f4/stm32f4_hal_lowlevel.c ****         }
 535:/home/reo/Documents/Repository/chipwhisperer/firmware/mcu/hal/chipwhisperer-fw-extra/stm32f4/stm32f4_hal_lowlevel.c ****       }
 536:/home/reo/Documents/Repository/chipwhisperer/firmware/mcu/hal/chipwhisperer-fw-extra/stm32f4/stm32f4_hal_lowlevel.c ****     }
 537:/home/reo/Documents/Repository/chipwhisperer/firmware/mcu/hal/chipwhisperer-fw-extra/stm32f4/stm32f4_hal_lowlevel.c ****   }
 538:/home/reo/Documents/Repository/chipwhisperer/firmware/mcu/hal/chipwhisperer-fw-extra/stm32f4/stm32f4_hal_lowlevel.c **** 
 539:/home/reo/Documents/Repository/chipwhisperer/firmware/mcu/hal/chipwhisperer-fw-extra/stm32f4/stm32f4_hal_lowlevel.c ****   /* Decreasing the number of wait states because of lower CPU frequency */
 540:/home/reo/Documents/Repository/chipwhisperer/firmware/mcu/hal/chipwhisperer-fw-extra/stm32f4/stm32f4_hal_lowlevel.c ****   if(FLatency < (FLASH->ACR & FLASH_ACR_LATENCY))
 541:/home/reo/Documents/Repository/chipwhisperer/firmware/mcu/hal/chipwhisperer-fw-extra/stm32f4/stm32f4_hal_lowlevel.c ****   {
 542:/home/reo/Documents/Repository/chipwhisperer/firmware/mcu/hal/chipwhisperer-fw-extra/stm32f4/stm32f4_hal_lowlevel.c ****      /* Program the new number of wait states to the LATENCY bits in the FLASH_ACR register */
 543:/home/reo/Documents/Repository/chipwhisperer/firmware/mcu/hal/chipwhisperer-fw-extra/stm32f4/stm32f4_hal_lowlevel.c ****     __HAL_FLASH_SET_LATENCY(FLatency);
 544:/home/reo/Documents/Repository/chipwhisperer/firmware/mcu/hal/chipwhisperer-fw-extra/stm32f4/stm32f4_hal_lowlevel.c **** 
 545:/home/reo/Documents/Repository/chipwhisperer/firmware/mcu/hal/chipwhisperer-fw-extra/stm32f4/stm32f4_hal_lowlevel.c ****     /* Check that the new number of wait states is taken into account to access the Flash
 546:/home/reo/Documents/Repository/chipwhisperer/firmware/mcu/hal/chipwhisperer-fw-extra/stm32f4/stm32f4_hal_lowlevel.c ****     memory by reading the FLASH_ACR register */
 547:/home/reo/Documents/Repository/chipwhisperer/firmware/mcu/hal/chipwhisperer-fw-extra/stm32f4/stm32f4_hal_lowlevel.c ****     if((FLASH->ACR & FLASH_ACR_LATENCY) != FLatency)
 548:/home/reo/Documents/Repository/chipwhisperer/firmware/mcu/hal/chipwhisperer-fw-extra/stm32f4/stm32f4_hal_lowlevel.c ****     {
 549:/home/reo/Documents/Repository/chipwhisperer/firmware/mcu/hal/chipwhisperer-fw-extra/stm32f4/stm32f4_hal_lowlevel.c ****       return HAL_ERROR;
 550:/home/reo/Documents/Repository/chipwhisperer/firmware/mcu/hal/chipwhisperer-fw-extra/stm32f4/stm32f4_hal_lowlevel.c ****     }
 551:/home/reo/Documents/Repository/chipwhisperer/firmware/mcu/hal/chipwhisperer-fw-extra/stm32f4/stm32f4_hal_lowlevel.c ****  }
 552:/home/reo/Documents/Repository/chipwhisperer/firmware/mcu/hal/chipwhisperer-fw-extra/stm32f4/stm32f4_hal_lowlevel.c **** 
 553:/home/reo/Documents/Repository/chipwhisperer/firmware/mcu/hal/chipwhisperer-fw-extra/stm32f4/stm32f4_hal_lowlevel.c ****   /*-------------------------- PCLK1 Configuration ---------------------------*/
 554:/home/reo/Documents/Repository/chipwhisperer/firmware/mcu/hal/chipwhisperer-fw-extra/stm32f4/stm32f4_hal_lowlevel.c ****   if(((RCC_ClkInitStruct->ClockType) & RCC_CLOCKTYPE_PCLK1) == RCC_CLOCKTYPE_PCLK1)
 555:/home/reo/Documents/Repository/chipwhisperer/firmware/mcu/hal/chipwhisperer-fw-extra/stm32f4/stm32f4_hal_lowlevel.c ****   {
 556:/home/reo/Documents/Repository/chipwhisperer/firmware/mcu/hal/chipwhisperer-fw-extra/stm32f4/stm32f4_hal_lowlevel.c ****     assert_param(IS_RCC_PCLK(RCC_ClkInitStruct->APB1CLKDivider));
 557:/home/reo/Documents/Repository/chipwhisperer/firmware/mcu/hal/chipwhisperer-fw-extra/stm32f4/stm32f4_hal_lowlevel.c ****     MODIFY_REG(RCC->CFGR, RCC_CFGR_PPRE1, RCC_ClkInitStruct->APB1CLKDivider);
 558:/home/reo/Documents/Repository/chipwhisperer/firmware/mcu/hal/chipwhisperer-fw-extra/stm32f4/stm32f4_hal_lowlevel.c ****   }
 559:/home/reo/Documents/Repository/chipwhisperer/firmware/mcu/hal/chipwhisperer-fw-extra/stm32f4/stm32f4_hal_lowlevel.c **** 
 560:/home/reo/Documents/Repository/chipwhisperer/firmware/mcu/hal/chipwhisperer-fw-extra/stm32f4/stm32f4_hal_lowlevel.c ****   /*-------------------------- PCLK2 Configuration ---------------------------*/
 561:/home/reo/Documents/Repository/chipwhisperer/firmware/mcu/hal/chipwhisperer-fw-extra/stm32f4/stm32f4_hal_lowlevel.c ****   if(((RCC_ClkInitStruct->ClockType) & RCC_CLOCKTYPE_PCLK2) == RCC_CLOCKTYPE_PCLK2)
 562:/home/reo/Documents/Repository/chipwhisperer/firmware/mcu/hal/chipwhisperer-fw-extra/stm32f4/stm32f4_hal_lowlevel.c ****   {
 563:/home/reo/Documents/Repository/chipwhisperer/firmware/mcu/hal/chipwhisperer-fw-extra/stm32f4/stm32f4_hal_lowlevel.c ****     assert_param(IS_RCC_PCLK(RCC_ClkInitStruct->APB2CLKDivider));
 564:/home/reo/Documents/Repository/chipwhisperer/firmware/mcu/hal/chipwhisperer-fw-extra/stm32f4/stm32f4_hal_lowlevel.c ****     MODIFY_REG(RCC->CFGR, RCC_CFGR_PPRE2, ((RCC_ClkInitStruct->APB2CLKDivider) << 3U));
 565:/home/reo/Documents/Repository/chipwhisperer/firmware/mcu/hal/chipwhisperer-fw-extra/stm32f4/stm32f4_hal_lowlevel.c ****   }
 566:/home/reo/Documents/Repository/chipwhisperer/firmware/mcu/hal/chipwhisperer-fw-extra/stm32f4/stm32f4_hal_lowlevel.c **** 
 567:/home/reo/Documents/Repository/chipwhisperer/firmware/mcu/hal/chipwhisperer-fw-extra/stm32f4/stm32f4_hal_lowlevel.c ****   /* Update the SystemCoreClock global variable */
 568:/home/reo/Documents/Repository/chipwhisperer/firmware/mcu/hal/chipwhisperer-fw-extra/stm32f4/stm32f4_hal_lowlevel.c ****   //SystemCoreClock = HAL_RCC_GetSysClockFreq() >> AHBPrescTable[(RCC->CFGR & RCC_CFGR_HPRE)>> POSI
 569:/home/reo/Documents/Repository/chipwhisperer/firmware/mcu/hal/chipwhisperer-fw-extra/stm32f4/stm32f4_hal_lowlevel.c **** 
 570:/home/reo/Documents/Repository/chipwhisperer/firmware/mcu/hal/chipwhisperer-fw-extra/stm32f4/stm32f4_hal_lowlevel.c ****   /* Configure the source of time base considering new system clocks settings*/
 571:/home/reo/Documents/Repository/chipwhisperer/firmware/mcu/hal/chipwhisperer-fw-extra/stm32f4/stm32f4_hal_lowlevel.c ****   //HAL_InitTick (TICK_INT_PRIORITY);
 572:/home/reo/Documents/Repository/chipwhisperer/firmware/mcu/hal/chipwhisperer-fw-extra/stm32f4/stm32f4_hal_lowlevel.c **** 
 573:/home/reo/Documents/Repository/chipwhisperer/firmware/mcu/hal/chipwhisperer-fw-extra/stm32f4/stm32f4_hal_lowlevel.c ****   return HAL_OK;
 574:/home/reo/Documents/Repository/chipwhisperer/firmware/mcu/hal/chipwhisperer-fw-extra/stm32f4/stm32f4_hal_lowlevel.c **** }
 575:/home/reo/Documents/Repository/chipwhisperer/firmware/mcu/hal/chipwhisperer-fw-extra/stm32f4/stm32f4_hal_lowlevel.c **** 
 576:/home/reo/Documents/Repository/chipwhisperer/firmware/mcu/hal/chipwhisperer-fw-extra/stm32f4/stm32f4_hal_lowlevel.c **** /**
 577:/home/reo/Documents/Repository/chipwhisperer/firmware/mcu/hal/chipwhisperer-fw-extra/stm32f4/stm32f4_hal_lowlevel.c ****   * @brief  Returns the PCLK1 frequency
 578:/home/reo/Documents/Repository/chipwhisperer/firmware/mcu/hal/chipwhisperer-fw-extra/stm32f4/stm32f4_hal_lowlevel.c ****   * @note   Each time PCLK1 changes, this function must be called to update the
 579:/home/reo/Documents/Repository/chipwhisperer/firmware/mcu/hal/chipwhisperer-fw-extra/stm32f4/stm32f4_hal_lowlevel.c ****   *         right PCLK1 value. Otherwise, any configuration based on this function will be incorrec
 580:/home/reo/Documents/Repository/chipwhisperer/firmware/mcu/hal/chipwhisperer-fw-extra/stm32f4/stm32f4_hal_lowlevel.c ****   * @retval PCLK1 frequency
 581:/home/reo/Documents/Repository/chipwhisperer/firmware/mcu/hal/chipwhisperer-fw-extra/stm32f4/stm32f4_hal_lowlevel.c ****   */
 582:/home/reo/Documents/Repository/chipwhisperer/firmware/mcu/hal/chipwhisperer-fw-extra/stm32f4/stm32f4_hal_lowlevel.c **** uint32_t HAL_RCC_GetPCLK1Freq(void)
 583:/home/reo/Documents/Repository/chipwhisperer/firmware/mcu/hal/chipwhisperer-fw-extra/stm32f4/stm32f4_hal_lowlevel.c **** {
 584:/home/reo/Documents/Repository/chipwhisperer/firmware/mcu/hal/chipwhisperer-fw-extra/stm32f4/stm32f4_hal_lowlevel.c ****   /* Get HCLK source and Compute PCLK1 frequency ---------------------------*/
 585:/home/reo/Documents/Repository/chipwhisperer/firmware/mcu/hal/chipwhisperer-fw-extra/stm32f4/stm32f4_hal_lowlevel.c ****   //return (HAL_RCC_GetHCLKFreq() >> APBPrescTable[(RCC->CFGR & RCC_CFGR_PPRE1)>> POSITION_VAL(RCC_
 586:/home/reo/Documents/Repository/chipwhisperer/firmware/mcu/hal/chipwhisperer-fw-extra/stm32f4/stm32f4_hal_lowlevel.c ****   return 7.37E6;
 587:/home/reo/Documents/Repository/chipwhisperer/firmware/mcu/hal/chipwhisperer-fw-extra/stm32f4/stm32f4_hal_lowlevel.c **** }
 588:/home/reo/Documents/Repository/chipwhisperer/firmware/mcu/hal/chipwhisperer-fw-extra/stm32f4/stm32f4_hal_lowlevel.c **** 
 589:/home/reo/Documents/Repository/chipwhisperer/firmware/mcu/hal/chipwhisperer-fw-extra/stm32f4/stm32f4_hal_lowlevel.c **** /**
 590:/home/reo/Documents/Repository/chipwhisperer/firmware/mcu/hal/chipwhisperer-fw-extra/stm32f4/stm32f4_hal_lowlevel.c ****   * @brief  Returns the PCLK2 frequency
 591:/home/reo/Documents/Repository/chipwhisperer/firmware/mcu/hal/chipwhisperer-fw-extra/stm32f4/stm32f4_hal_lowlevel.c ****   * @note   Each time PCLK2 changes, this function must be called to update the
 592:/home/reo/Documents/Repository/chipwhisperer/firmware/mcu/hal/chipwhisperer-fw-extra/stm32f4/stm32f4_hal_lowlevel.c ****   *         right PCLK2 value. Otherwise, any configuration based on this function will be incorrec
 593:/home/reo/Documents/Repository/chipwhisperer/firmware/mcu/hal/chipwhisperer-fw-extra/stm32f4/stm32f4_hal_lowlevel.c ****   * @retval PCLK2 frequency
 594:/home/reo/Documents/Repository/chipwhisperer/firmware/mcu/hal/chipwhisperer-fw-extra/stm32f4/stm32f4_hal_lowlevel.c ****   */
 595:/home/reo/Documents/Repository/chipwhisperer/firmware/mcu/hal/chipwhisperer-fw-extra/stm32f4/stm32f4_hal_lowlevel.c **** uint32_t HAL_RCC_GetPCLK2Freq(void)
 596:/home/reo/Documents/Repository/chipwhisperer/firmware/mcu/hal/chipwhisperer-fw-extra/stm32f4/stm32f4_hal_lowlevel.c **** {
 597:/home/reo/Documents/Repository/chipwhisperer/firmware/mcu/hal/chipwhisperer-fw-extra/stm32f4/stm32f4_hal_lowlevel.c ****   /* Get HCLK source and Compute PCLK2 frequency ---------------------------*/
 598:/home/reo/Documents/Repository/chipwhisperer/firmware/mcu/hal/chipwhisperer-fw-extra/stm32f4/stm32f4_hal_lowlevel.c ****   //return (HAL_RCC_GetHCLKFreq()>> APBPrescTable[(RCC->CFGR & RCC_CFGR_PPRE2)>> POSITION_VAL(RCC_C
 599:/home/reo/Documents/Repository/chipwhisperer/firmware/mcu/hal/chipwhisperer-fw-extra/stm32f4/stm32f4_hal_lowlevel.c ****   return 7.37E6;
 600:/home/reo/Documents/Repository/chipwhisperer/firmware/mcu/hal/chipwhisperer-fw-extra/stm32f4/stm32f4_hal_lowlevel.c **** }
 601:/home/reo/Documents/Repository/chipwhisperer/firmware/mcu/hal/chipwhisperer-fw-extra/stm32f4/stm32f4_hal_lowlevel.c **** 
 602:/home/reo/Documents/Repository/chipwhisperer/firmware/mcu/hal/chipwhisperer-fw-extra/stm32f4/stm32f4_hal_lowlevel.c **** 
 603:/home/reo/Documents/Repository/chipwhisperer/firmware/mcu/hal/chipwhisperer-fw-extra/stm32f4/stm32f4_hal_lowlevel.c **** 
 604:/home/reo/Documents/Repository/chipwhisperer/firmware/mcu/hal/chipwhisperer-fw-extra/stm32f4/stm32f4_hal_lowlevel.c **** #define GPIO_MODE             0x00000003U
 605:/home/reo/Documents/Repository/chipwhisperer/firmware/mcu/hal/chipwhisperer-fw-extra/stm32f4/stm32f4_hal_lowlevel.c **** #define EXTI_MODE             0x10000000U
 606:/home/reo/Documents/Repository/chipwhisperer/firmware/mcu/hal/chipwhisperer-fw-extra/stm32f4/stm32f4_hal_lowlevel.c **** #define GPIO_MODE_IT          0x00010000U
 607:/home/reo/Documents/Repository/chipwhisperer/firmware/mcu/hal/chipwhisperer-fw-extra/stm32f4/stm32f4_hal_lowlevel.c **** #define GPIO_MODE_EVT         0x00020000U
 608:/home/reo/Documents/Repository/chipwhisperer/firmware/mcu/hal/chipwhisperer-fw-extra/stm32f4/stm32f4_hal_lowlevel.c **** #define RISING_EDGE           0x00100000U
 609:/home/reo/Documents/Repository/chipwhisperer/firmware/mcu/hal/chipwhisperer-fw-extra/stm32f4/stm32f4_hal_lowlevel.c **** #define FALLING_EDGE          0x00200000U
 610:/home/reo/Documents/Repository/chipwhisperer/firmware/mcu/hal/chipwhisperer-fw-extra/stm32f4/stm32f4_hal_lowlevel.c **** #define GPIO_OUTPUT_TYPE      0x00000010U
 611:/home/reo/Documents/Repository/chipwhisperer/firmware/mcu/hal/chipwhisperer-fw-extra/stm32f4/stm32f4_hal_lowlevel.c **** 
 612:/home/reo/Documents/Repository/chipwhisperer/firmware/mcu/hal/chipwhisperer-fw-extra/stm32f4/stm32f4_hal_lowlevel.c **** #define GPIO_NUMBER           16U
 613:/home/reo/Documents/Repository/chipwhisperer/firmware/mcu/hal/chipwhisperer-fw-extra/stm32f4/stm32f4_hal_lowlevel.c **** 
 614:/home/reo/Documents/Repository/chipwhisperer/firmware/mcu/hal/chipwhisperer-fw-extra/stm32f4/stm32f4_hal_lowlevel.c **** /**
 615:/home/reo/Documents/Repository/chipwhisperer/firmware/mcu/hal/chipwhisperer-fw-extra/stm32f4/stm32f4_hal_lowlevel.c ****   * @brief  Initializes the GPIOx peripheral according to the specified parameters in the GPIO_Init
 616:/home/reo/Documents/Repository/chipwhisperer/firmware/mcu/hal/chipwhisperer-fw-extra/stm32f4/stm32f4_hal_lowlevel.c ****   * @param  GPIOx: where x can be (A..K) to select the GPIO peripheral for STM32F429X device or
 617:/home/reo/Documents/Repository/chipwhisperer/firmware/mcu/hal/chipwhisperer-fw-extra/stm32f4/stm32f4_hal_lowlevel.c ****   *                      x can be (A..I) to select the GPIO peripheral for STM32F40XX and STM32F427
 618:/home/reo/Documents/Repository/chipwhisperer/firmware/mcu/hal/chipwhisperer-fw-extra/stm32f4/stm32f4_hal_lowlevel.c ****   * @param  GPIO_Init: pointer to a GPIO_InitTypeDef structure that contains
 619:/home/reo/Documents/Repository/chipwhisperer/firmware/mcu/hal/chipwhisperer-fw-extra/stm32f4/stm32f4_hal_lowlevel.c ****   *         the configuration information for the specified GPIO peripheral.
 620:/home/reo/Documents/Repository/chipwhisperer/firmware/mcu/hal/chipwhisperer-fw-extra/stm32f4/stm32f4_hal_lowlevel.c ****   * @retval None
 621:/home/reo/Documents/Repository/chipwhisperer/firmware/mcu/hal/chipwhisperer-fw-extra/stm32f4/stm32f4_hal_lowlevel.c ****   */
 622:/home/reo/Documents/Repository/chipwhisperer/firmware/mcu/hal/chipwhisperer-fw-extra/stm32f4/stm32f4_hal_lowlevel.c **** void HAL_GPIO_Init(GPIO_TypeDef  *GPIOx, GPIO_InitTypeDef *GPIO_Init)
 623:/home/reo/Documents/Repository/chipwhisperer/firmware/mcu/hal/chipwhisperer-fw-extra/stm32f4/stm32f4_hal_lowlevel.c **** {
 624:/home/reo/Documents/Repository/chipwhisperer/firmware/mcu/hal/chipwhisperer-fw-extra/stm32f4/stm32f4_hal_lowlevel.c ****   uint32_t position;
 625:/home/reo/Documents/Repository/chipwhisperer/firmware/mcu/hal/chipwhisperer-fw-extra/stm32f4/stm32f4_hal_lowlevel.c ****   uint32_t ioposition = 0x00U;
 626:/home/reo/Documents/Repository/chipwhisperer/firmware/mcu/hal/chipwhisperer-fw-extra/stm32f4/stm32f4_hal_lowlevel.c ****   uint32_t iocurrent = 0x00U;
 627:/home/reo/Documents/Repository/chipwhisperer/firmware/mcu/hal/chipwhisperer-fw-extra/stm32f4/stm32f4_hal_lowlevel.c ****   uint32_t temp = 0x00U;
 628:/home/reo/Documents/Repository/chipwhisperer/firmware/mcu/hal/chipwhisperer-fw-extra/stm32f4/stm32f4_hal_lowlevel.c **** 
 629:/home/reo/Documents/Repository/chipwhisperer/firmware/mcu/hal/chipwhisperer-fw-extra/stm32f4/stm32f4_hal_lowlevel.c ****   /* Check the parameters */
 630:/home/reo/Documents/Repository/chipwhisperer/firmware/mcu/hal/chipwhisperer-fw-extra/stm32f4/stm32f4_hal_lowlevel.c ****   assert_param(IS_GPIO_ALL_INSTANCE(GPIOx));
 631:/home/reo/Documents/Repository/chipwhisperer/firmware/mcu/hal/chipwhisperer-fw-extra/stm32f4/stm32f4_hal_lowlevel.c ****   assert_param(IS_GPIO_PIN(GPIO_Init->Pin));
 632:/home/reo/Documents/Repository/chipwhisperer/firmware/mcu/hal/chipwhisperer-fw-extra/stm32f4/stm32f4_hal_lowlevel.c ****   assert_param(IS_GPIO_MODE(GPIO_Init->Mode));
 633:/home/reo/Documents/Repository/chipwhisperer/firmware/mcu/hal/chipwhisperer-fw-extra/stm32f4/stm32f4_hal_lowlevel.c ****   assert_param(IS_GPIO_PULL(GPIO_Init->Pull));
 634:/home/reo/Documents/Repository/chipwhisperer/firmware/mcu/hal/chipwhisperer-fw-extra/stm32f4/stm32f4_hal_lowlevel.c **** 
 635:/home/reo/Documents/Repository/chipwhisperer/firmware/mcu/hal/chipwhisperer-fw-extra/stm32f4/stm32f4_hal_lowlevel.c ****   /* Configure the port pins */
 636:/home/reo/Documents/Repository/chipwhisperer/firmware/mcu/hal/chipwhisperer-fw-extra/stm32f4/stm32f4_hal_lowlevel.c ****   for(position = 0U; position < GPIO_NUMBER; position++)
 637:/home/reo/Documents/Repository/chipwhisperer/firmware/mcu/hal/chipwhisperer-fw-extra/stm32f4/stm32f4_hal_lowlevel.c ****   {
 638:/home/reo/Documents/Repository/chipwhisperer/firmware/mcu/hal/chipwhisperer-fw-extra/stm32f4/stm32f4_hal_lowlevel.c ****     /* Get the IO position */
 639:/home/reo/Documents/Repository/chipwhisperer/firmware/mcu/hal/chipwhisperer-fw-extra/stm32f4/stm32f4_hal_lowlevel.c ****     ioposition = 0x01U << position;
 640:/home/reo/Documents/Repository/chipwhisperer/firmware/mcu/hal/chipwhisperer-fw-extra/stm32f4/stm32f4_hal_lowlevel.c ****     /* Get the current IO position */
 641:/home/reo/Documents/Repository/chipwhisperer/firmware/mcu/hal/chipwhisperer-fw-extra/stm32f4/stm32f4_hal_lowlevel.c ****     iocurrent = (uint32_t)(GPIO_Init->Pin) & ioposition;
 642:/home/reo/Documents/Repository/chipwhisperer/firmware/mcu/hal/chipwhisperer-fw-extra/stm32f4/stm32f4_hal_lowlevel.c **** 
 643:/home/reo/Documents/Repository/chipwhisperer/firmware/mcu/hal/chipwhisperer-fw-extra/stm32f4/stm32f4_hal_lowlevel.c ****     if(iocurrent == ioposition)
 644:/home/reo/Documents/Repository/chipwhisperer/firmware/mcu/hal/chipwhisperer-fw-extra/stm32f4/stm32f4_hal_lowlevel.c ****     {
 645:/home/reo/Documents/Repository/chipwhisperer/firmware/mcu/hal/chipwhisperer-fw-extra/stm32f4/stm32f4_hal_lowlevel.c ****       /*--------------------- GPIO Mode Configuration ------------------------*/
 646:/home/reo/Documents/Repository/chipwhisperer/firmware/mcu/hal/chipwhisperer-fw-extra/stm32f4/stm32f4_hal_lowlevel.c ****       /* In case of Alternate function mode selection */
 647:/home/reo/Documents/Repository/chipwhisperer/firmware/mcu/hal/chipwhisperer-fw-extra/stm32f4/stm32f4_hal_lowlevel.c ****       if((GPIO_Init->Mode == GPIO_MODE_AF_PP) || (GPIO_Init->Mode == GPIO_MODE_AF_OD))
 648:/home/reo/Documents/Repository/chipwhisperer/firmware/mcu/hal/chipwhisperer-fw-extra/stm32f4/stm32f4_hal_lowlevel.c ****       {
 649:/home/reo/Documents/Repository/chipwhisperer/firmware/mcu/hal/chipwhisperer-fw-extra/stm32f4/stm32f4_hal_lowlevel.c ****         /* Check the Alternate function parameter */
 650:/home/reo/Documents/Repository/chipwhisperer/firmware/mcu/hal/chipwhisperer-fw-extra/stm32f4/stm32f4_hal_lowlevel.c ****         assert_param(IS_GPIO_AF(GPIO_Init->Alternate));
 651:/home/reo/Documents/Repository/chipwhisperer/firmware/mcu/hal/chipwhisperer-fw-extra/stm32f4/stm32f4_hal_lowlevel.c ****         /* Configure Alternate function mapped with the current IO */
 652:/home/reo/Documents/Repository/chipwhisperer/firmware/mcu/hal/chipwhisperer-fw-extra/stm32f4/stm32f4_hal_lowlevel.c ****         temp = GPIOx->AFR[position >> 3U];
 653:/home/reo/Documents/Repository/chipwhisperer/firmware/mcu/hal/chipwhisperer-fw-extra/stm32f4/stm32f4_hal_lowlevel.c ****         temp &= ~(0xFU << ((uint32_t)(position & 0x07U) * 4U)) ;
 654:/home/reo/Documents/Repository/chipwhisperer/firmware/mcu/hal/chipwhisperer-fw-extra/stm32f4/stm32f4_hal_lowlevel.c ****         temp |= ((uint32_t)(GPIO_Init->Alternate) << (((uint32_t)position & 0x07U) * 4U));
 655:/home/reo/Documents/Repository/chipwhisperer/firmware/mcu/hal/chipwhisperer-fw-extra/stm32f4/stm32f4_hal_lowlevel.c ****         GPIOx->AFR[position >> 3U] = temp;
 656:/home/reo/Documents/Repository/chipwhisperer/firmware/mcu/hal/chipwhisperer-fw-extra/stm32f4/stm32f4_hal_lowlevel.c ****       }
 657:/home/reo/Documents/Repository/chipwhisperer/firmware/mcu/hal/chipwhisperer-fw-extra/stm32f4/stm32f4_hal_lowlevel.c **** 
 658:/home/reo/Documents/Repository/chipwhisperer/firmware/mcu/hal/chipwhisperer-fw-extra/stm32f4/stm32f4_hal_lowlevel.c ****       /* Configure IO Direction mode (Input, Output, Alternate or Analog) */
 659:/home/reo/Documents/Repository/chipwhisperer/firmware/mcu/hal/chipwhisperer-fw-extra/stm32f4/stm32f4_hal_lowlevel.c ****       temp = GPIOx->MODER;
 660:/home/reo/Documents/Repository/chipwhisperer/firmware/mcu/hal/chipwhisperer-fw-extra/stm32f4/stm32f4_hal_lowlevel.c ****       temp &= ~(GPIO_MODER_MODER0 << (position * 2U));
 661:/home/reo/Documents/Repository/chipwhisperer/firmware/mcu/hal/chipwhisperer-fw-extra/stm32f4/stm32f4_hal_lowlevel.c ****       temp |= ((GPIO_Init->Mode & GPIO_MODE) << (position * 2U));
 662:/home/reo/Documents/Repository/chipwhisperer/firmware/mcu/hal/chipwhisperer-fw-extra/stm32f4/stm32f4_hal_lowlevel.c ****       GPIOx->MODER = temp;
 663:/home/reo/Documents/Repository/chipwhisperer/firmware/mcu/hal/chipwhisperer-fw-extra/stm32f4/stm32f4_hal_lowlevel.c **** 
 664:/home/reo/Documents/Repository/chipwhisperer/firmware/mcu/hal/chipwhisperer-fw-extra/stm32f4/stm32f4_hal_lowlevel.c ****       /* In case of Output or Alternate function mode selection */
 665:/home/reo/Documents/Repository/chipwhisperer/firmware/mcu/hal/chipwhisperer-fw-extra/stm32f4/stm32f4_hal_lowlevel.c ****       if((GPIO_Init->Mode == GPIO_MODE_OUTPUT_PP) || (GPIO_Init->Mode == GPIO_MODE_AF_PP) ||
 666:/home/reo/Documents/Repository/chipwhisperer/firmware/mcu/hal/chipwhisperer-fw-extra/stm32f4/stm32f4_hal_lowlevel.c ****          (GPIO_Init->Mode == GPIO_MODE_OUTPUT_OD) || (GPIO_Init->Mode == GPIO_MODE_AF_OD))
 667:/home/reo/Documents/Repository/chipwhisperer/firmware/mcu/hal/chipwhisperer-fw-extra/stm32f4/stm32f4_hal_lowlevel.c ****       {
 668:/home/reo/Documents/Repository/chipwhisperer/firmware/mcu/hal/chipwhisperer-fw-extra/stm32f4/stm32f4_hal_lowlevel.c ****         /* Check the Speed parameter */
 669:/home/reo/Documents/Repository/chipwhisperer/firmware/mcu/hal/chipwhisperer-fw-extra/stm32f4/stm32f4_hal_lowlevel.c ****         assert_param(IS_GPIO_SPEED(GPIO_Init->Speed));
 670:/home/reo/Documents/Repository/chipwhisperer/firmware/mcu/hal/chipwhisperer-fw-extra/stm32f4/stm32f4_hal_lowlevel.c ****         /* Configure the IO Speed */
 671:/home/reo/Documents/Repository/chipwhisperer/firmware/mcu/hal/chipwhisperer-fw-extra/stm32f4/stm32f4_hal_lowlevel.c ****         temp = GPIOx->OSPEEDR;
 672:/home/reo/Documents/Repository/chipwhisperer/firmware/mcu/hal/chipwhisperer-fw-extra/stm32f4/stm32f4_hal_lowlevel.c ****         temp &= ~(GPIO_OSPEEDER_OSPEEDR0 << (position * 2U));
 673:/home/reo/Documents/Repository/chipwhisperer/firmware/mcu/hal/chipwhisperer-fw-extra/stm32f4/stm32f4_hal_lowlevel.c ****         temp |= (GPIO_Init->Speed << (position * 2U));
 674:/home/reo/Documents/Repository/chipwhisperer/firmware/mcu/hal/chipwhisperer-fw-extra/stm32f4/stm32f4_hal_lowlevel.c ****         GPIOx->OSPEEDR = temp;
 675:/home/reo/Documents/Repository/chipwhisperer/firmware/mcu/hal/chipwhisperer-fw-extra/stm32f4/stm32f4_hal_lowlevel.c **** 
 676:/home/reo/Documents/Repository/chipwhisperer/firmware/mcu/hal/chipwhisperer-fw-extra/stm32f4/stm32f4_hal_lowlevel.c ****         /* Configure the IO Output Type */
 677:/home/reo/Documents/Repository/chipwhisperer/firmware/mcu/hal/chipwhisperer-fw-extra/stm32f4/stm32f4_hal_lowlevel.c ****         temp = GPIOx->OTYPER;
 678:/home/reo/Documents/Repository/chipwhisperer/firmware/mcu/hal/chipwhisperer-fw-extra/stm32f4/stm32f4_hal_lowlevel.c ****         temp &= ~(GPIO_OTYPER_OT_0 << position) ;
 679:/home/reo/Documents/Repository/chipwhisperer/firmware/mcu/hal/chipwhisperer-fw-extra/stm32f4/stm32f4_hal_lowlevel.c ****         temp |= (((GPIO_Init->Mode & GPIO_OUTPUT_TYPE) >> 4U) << position);
 680:/home/reo/Documents/Repository/chipwhisperer/firmware/mcu/hal/chipwhisperer-fw-extra/stm32f4/stm32f4_hal_lowlevel.c ****         GPIOx->OTYPER = temp;
 681:/home/reo/Documents/Repository/chipwhisperer/firmware/mcu/hal/chipwhisperer-fw-extra/stm32f4/stm32f4_hal_lowlevel.c ****       }
 682:/home/reo/Documents/Repository/chipwhisperer/firmware/mcu/hal/chipwhisperer-fw-extra/stm32f4/stm32f4_hal_lowlevel.c **** 
 683:/home/reo/Documents/Repository/chipwhisperer/firmware/mcu/hal/chipwhisperer-fw-extra/stm32f4/stm32f4_hal_lowlevel.c ****       /* Activate the Pull-up or Pull down resistor for the current IO */
 684:/home/reo/Documents/Repository/chipwhisperer/firmware/mcu/hal/chipwhisperer-fw-extra/stm32f4/stm32f4_hal_lowlevel.c ****       temp = GPIOx->PUPDR;
 685:/home/reo/Documents/Repository/chipwhisperer/firmware/mcu/hal/chipwhisperer-fw-extra/stm32f4/stm32f4_hal_lowlevel.c ****       temp &= ~(GPIO_PUPDR_PUPDR0 << (position * 2U));
 686:/home/reo/Documents/Repository/chipwhisperer/firmware/mcu/hal/chipwhisperer-fw-extra/stm32f4/stm32f4_hal_lowlevel.c ****       temp |= ((GPIO_Init->Pull) << (position * 2U));
 687:/home/reo/Documents/Repository/chipwhisperer/firmware/mcu/hal/chipwhisperer-fw-extra/stm32f4/stm32f4_hal_lowlevel.c ****       GPIOx->PUPDR = temp;
 688:/home/reo/Documents/Repository/chipwhisperer/firmware/mcu/hal/chipwhisperer-fw-extra/stm32f4/stm32f4_hal_lowlevel.c **** 
 689:/home/reo/Documents/Repository/chipwhisperer/firmware/mcu/hal/chipwhisperer-fw-extra/stm32f4/stm32f4_hal_lowlevel.c ****       /*--------------------- EXTI Mode Configuration ------------------------*/
 690:/home/reo/Documents/Repository/chipwhisperer/firmware/mcu/hal/chipwhisperer-fw-extra/stm32f4/stm32f4_hal_lowlevel.c ****       /* Configure the External Interrupt or event for the current IO */
 691:/home/reo/Documents/Repository/chipwhisperer/firmware/mcu/hal/chipwhisperer-fw-extra/stm32f4/stm32f4_hal_lowlevel.c ****       if((GPIO_Init->Mode & EXTI_MODE) == EXTI_MODE)
 692:/home/reo/Documents/Repository/chipwhisperer/firmware/mcu/hal/chipwhisperer-fw-extra/stm32f4/stm32f4_hal_lowlevel.c ****       {
 693:/home/reo/Documents/Repository/chipwhisperer/firmware/mcu/hal/chipwhisperer-fw-extra/stm32f4/stm32f4_hal_lowlevel.c ****         /* Enable SYSCFG Clock */
 694:/home/reo/Documents/Repository/chipwhisperer/firmware/mcu/hal/chipwhisperer-fw-extra/stm32f4/stm32f4_hal_lowlevel.c ****         __HAL_RCC_SYSCFG_CLK_ENABLE();
 695:/home/reo/Documents/Repository/chipwhisperer/firmware/mcu/hal/chipwhisperer-fw-extra/stm32f4/stm32f4_hal_lowlevel.c **** 
 696:/home/reo/Documents/Repository/chipwhisperer/firmware/mcu/hal/chipwhisperer-fw-extra/stm32f4/stm32f4_hal_lowlevel.c ****         temp = SYSCFG->EXTICR[position >> 2U];
 697:/home/reo/Documents/Repository/chipwhisperer/firmware/mcu/hal/chipwhisperer-fw-extra/stm32f4/stm32f4_hal_lowlevel.c ****         temp &= ~(0x0FU << (4U * (position & 0x03U)));
 698:/home/reo/Documents/Repository/chipwhisperer/firmware/mcu/hal/chipwhisperer-fw-extra/stm32f4/stm32f4_hal_lowlevel.c ****         temp |= ((uint32_t)(GPIO_GET_INDEX(GPIOx)) << (4U * (position & 0x03U)));
 699:/home/reo/Documents/Repository/chipwhisperer/firmware/mcu/hal/chipwhisperer-fw-extra/stm32f4/stm32f4_hal_lowlevel.c ****         SYSCFG->EXTICR[position >> 2U] = temp;
 700:/home/reo/Documents/Repository/chipwhisperer/firmware/mcu/hal/chipwhisperer-fw-extra/stm32f4/stm32f4_hal_lowlevel.c **** 
 701:/home/reo/Documents/Repository/chipwhisperer/firmware/mcu/hal/chipwhisperer-fw-extra/stm32f4/stm32f4_hal_lowlevel.c ****         /* Clear EXTI line configuration */
 702:/home/reo/Documents/Repository/chipwhisperer/firmware/mcu/hal/chipwhisperer-fw-extra/stm32f4/stm32f4_hal_lowlevel.c ****         temp = EXTI->IMR;
 703:/home/reo/Documents/Repository/chipwhisperer/firmware/mcu/hal/chipwhisperer-fw-extra/stm32f4/stm32f4_hal_lowlevel.c ****         temp &= ~((uint32_t)iocurrent);
 704:/home/reo/Documents/Repository/chipwhisperer/firmware/mcu/hal/chipwhisperer-fw-extra/stm32f4/stm32f4_hal_lowlevel.c ****         if((GPIO_Init->Mode & GPIO_MODE_IT) == GPIO_MODE_IT)
 705:/home/reo/Documents/Repository/chipwhisperer/firmware/mcu/hal/chipwhisperer-fw-extra/stm32f4/stm32f4_hal_lowlevel.c ****         {
 706:/home/reo/Documents/Repository/chipwhisperer/firmware/mcu/hal/chipwhisperer-fw-extra/stm32f4/stm32f4_hal_lowlevel.c ****           temp |= iocurrent;
 707:/home/reo/Documents/Repository/chipwhisperer/firmware/mcu/hal/chipwhisperer-fw-extra/stm32f4/stm32f4_hal_lowlevel.c ****         }
 708:/home/reo/Documents/Repository/chipwhisperer/firmware/mcu/hal/chipwhisperer-fw-extra/stm32f4/stm32f4_hal_lowlevel.c ****         EXTI->IMR = temp;
 709:/home/reo/Documents/Repository/chipwhisperer/firmware/mcu/hal/chipwhisperer-fw-extra/stm32f4/stm32f4_hal_lowlevel.c **** 
 710:/home/reo/Documents/Repository/chipwhisperer/firmware/mcu/hal/chipwhisperer-fw-extra/stm32f4/stm32f4_hal_lowlevel.c ****         temp = EXTI->EMR;
 711:/home/reo/Documents/Repository/chipwhisperer/firmware/mcu/hal/chipwhisperer-fw-extra/stm32f4/stm32f4_hal_lowlevel.c ****         temp &= ~((uint32_t)iocurrent);
 712:/home/reo/Documents/Repository/chipwhisperer/firmware/mcu/hal/chipwhisperer-fw-extra/stm32f4/stm32f4_hal_lowlevel.c ****         if((GPIO_Init->Mode & GPIO_MODE_EVT) == GPIO_MODE_EVT)
 713:/home/reo/Documents/Repository/chipwhisperer/firmware/mcu/hal/chipwhisperer-fw-extra/stm32f4/stm32f4_hal_lowlevel.c ****         {
 714:/home/reo/Documents/Repository/chipwhisperer/firmware/mcu/hal/chipwhisperer-fw-extra/stm32f4/stm32f4_hal_lowlevel.c ****           temp |= iocurrent;
 715:/home/reo/Documents/Repository/chipwhisperer/firmware/mcu/hal/chipwhisperer-fw-extra/stm32f4/stm32f4_hal_lowlevel.c ****         }
 716:/home/reo/Documents/Repository/chipwhisperer/firmware/mcu/hal/chipwhisperer-fw-extra/stm32f4/stm32f4_hal_lowlevel.c ****         EXTI->EMR = temp;
 717:/home/reo/Documents/Repository/chipwhisperer/firmware/mcu/hal/chipwhisperer-fw-extra/stm32f4/stm32f4_hal_lowlevel.c **** 
 718:/home/reo/Documents/Repository/chipwhisperer/firmware/mcu/hal/chipwhisperer-fw-extra/stm32f4/stm32f4_hal_lowlevel.c ****         /* Clear Rising Falling edge configuration */
 719:/home/reo/Documents/Repository/chipwhisperer/firmware/mcu/hal/chipwhisperer-fw-extra/stm32f4/stm32f4_hal_lowlevel.c ****         temp = EXTI->RTSR;
 720:/home/reo/Documents/Repository/chipwhisperer/firmware/mcu/hal/chipwhisperer-fw-extra/stm32f4/stm32f4_hal_lowlevel.c ****         temp &= ~((uint32_t)iocurrent);
 721:/home/reo/Documents/Repository/chipwhisperer/firmware/mcu/hal/chipwhisperer-fw-extra/stm32f4/stm32f4_hal_lowlevel.c ****         if((GPIO_Init->Mode & RISING_EDGE) == RISING_EDGE)
 722:/home/reo/Documents/Repository/chipwhisperer/firmware/mcu/hal/chipwhisperer-fw-extra/stm32f4/stm32f4_hal_lowlevel.c ****         {
 723:/home/reo/Documents/Repository/chipwhisperer/firmware/mcu/hal/chipwhisperer-fw-extra/stm32f4/stm32f4_hal_lowlevel.c ****           temp |= iocurrent;
 724:/home/reo/Documents/Repository/chipwhisperer/firmware/mcu/hal/chipwhisperer-fw-extra/stm32f4/stm32f4_hal_lowlevel.c ****         }
 725:/home/reo/Documents/Repository/chipwhisperer/firmware/mcu/hal/chipwhisperer-fw-extra/stm32f4/stm32f4_hal_lowlevel.c ****         EXTI->RTSR = temp;
 726:/home/reo/Documents/Repository/chipwhisperer/firmware/mcu/hal/chipwhisperer-fw-extra/stm32f4/stm32f4_hal_lowlevel.c **** 
 727:/home/reo/Documents/Repository/chipwhisperer/firmware/mcu/hal/chipwhisperer-fw-extra/stm32f4/stm32f4_hal_lowlevel.c ****         temp = EXTI->FTSR;
 728:/home/reo/Documents/Repository/chipwhisperer/firmware/mcu/hal/chipwhisperer-fw-extra/stm32f4/stm32f4_hal_lowlevel.c ****         temp &= ~((uint32_t)iocurrent);
 729:/home/reo/Documents/Repository/chipwhisperer/firmware/mcu/hal/chipwhisperer-fw-extra/stm32f4/stm32f4_hal_lowlevel.c ****         if((GPIO_Init->Mode & FALLING_EDGE) == FALLING_EDGE)
 730:/home/reo/Documents/Repository/chipwhisperer/firmware/mcu/hal/chipwhisperer-fw-extra/stm32f4/stm32f4_hal_lowlevel.c ****         {
 731:/home/reo/Documents/Repository/chipwhisperer/firmware/mcu/hal/chipwhisperer-fw-extra/stm32f4/stm32f4_hal_lowlevel.c ****           temp |= iocurrent;
 732:/home/reo/Documents/Repository/chipwhisperer/firmware/mcu/hal/chipwhisperer-fw-extra/stm32f4/stm32f4_hal_lowlevel.c ****         }
 733:/home/reo/Documents/Repository/chipwhisperer/firmware/mcu/hal/chipwhisperer-fw-extra/stm32f4/stm32f4_hal_lowlevel.c ****         EXTI->FTSR = temp;
 734:/home/reo/Documents/Repository/chipwhisperer/firmware/mcu/hal/chipwhisperer-fw-extra/stm32f4/stm32f4_hal_lowlevel.c ****       }
 735:/home/reo/Documents/Repository/chipwhisperer/firmware/mcu/hal/chipwhisperer-fw-extra/stm32f4/stm32f4_hal_lowlevel.c ****     }
 736:/home/reo/Documents/Repository/chipwhisperer/firmware/mcu/hal/chipwhisperer-fw-extra/stm32f4/stm32f4_hal_lowlevel.c ****   }
 737:/home/reo/Documents/Repository/chipwhisperer/firmware/mcu/hal/chipwhisperer-fw-extra/stm32f4/stm32f4_hal_lowlevel.c **** }
 738:/home/reo/Documents/Repository/chipwhisperer/firmware/mcu/hal/chipwhisperer-fw-extra/stm32f4/stm32f4_hal_lowlevel.c **** 
 739:/home/reo/Documents/Repository/chipwhisperer/firmware/mcu/hal/chipwhisperer-fw-extra/stm32f4/stm32f4_hal_lowlevel.c **** /**
 740:/home/reo/Documents/Repository/chipwhisperer/firmware/mcu/hal/chipwhisperer-fw-extra/stm32f4/stm32f4_hal_lowlevel.c ****   * @brief  Sets or clears the selected data port bit.
 741:/home/reo/Documents/Repository/chipwhisperer/firmware/mcu/hal/chipwhisperer-fw-extra/stm32f4/stm32f4_hal_lowlevel.c ****   *
 742:/home/reo/Documents/Repository/chipwhisperer/firmware/mcu/hal/chipwhisperer-fw-extra/stm32f4/stm32f4_hal_lowlevel.c ****   * @note   This function uses GPIOx_BSRR register to allow atomic read/modify
 743:/home/reo/Documents/Repository/chipwhisperer/firmware/mcu/hal/chipwhisperer-fw-extra/stm32f4/stm32f4_hal_lowlevel.c ****   *         accesses. In this way, there is no risk of an IRQ occurring between
 744:/home/reo/Documents/Repository/chipwhisperer/firmware/mcu/hal/chipwhisperer-fw-extra/stm32f4/stm32f4_hal_lowlevel.c ****   *         the read and the modify access.
 745:/home/reo/Documents/Repository/chipwhisperer/firmware/mcu/hal/chipwhisperer-fw-extra/stm32f4/stm32f4_hal_lowlevel.c ****   *
 746:/home/reo/Documents/Repository/chipwhisperer/firmware/mcu/hal/chipwhisperer-fw-extra/stm32f4/stm32f4_hal_lowlevel.c ****   * @param  GPIOx: where x can be (A..K) to select the GPIO peripheral for STM32F429X device or
 747:/home/reo/Documents/Repository/chipwhisperer/firmware/mcu/hal/chipwhisperer-fw-extra/stm32f4/stm32f4_hal_lowlevel.c ****   *                      x can be (A..I) to select the GPIO peripheral for STM32F40XX and STM32F427
 748:/home/reo/Documents/Repository/chipwhisperer/firmware/mcu/hal/chipwhisperer-fw-extra/stm32f4/stm32f4_hal_lowlevel.c ****   * @param  GPIO_Pin: specifies the port bit to be written.
 749:/home/reo/Documents/Repository/chipwhisperer/firmware/mcu/hal/chipwhisperer-fw-extra/stm32f4/stm32f4_hal_lowlevel.c ****   *          This parameter can be one of GPIO_PIN_x where x can be (0..15).
 750:/home/reo/Documents/Repository/chipwhisperer/firmware/mcu/hal/chipwhisperer-fw-extra/stm32f4/stm32f4_hal_lowlevel.c ****   * @param  PinState: specifies the value to be written to the selected bit.
 751:/home/reo/Documents/Repository/chipwhisperer/firmware/mcu/hal/chipwhisperer-fw-extra/stm32f4/stm32f4_hal_lowlevel.c ****   *          This parameter can be one of the GPIO_PinState enum values:
 752:/home/reo/Documents/Repository/chipwhisperer/firmware/mcu/hal/chipwhisperer-fw-extra/stm32f4/stm32f4_hal_lowlevel.c ****   *            @arg GPIO_PIN_RESET: to clear the port pin
 753:/home/reo/Documents/Repository/chipwhisperer/firmware/mcu/hal/chipwhisperer-fw-extra/stm32f4/stm32f4_hal_lowlevel.c ****   *            @arg GPIO_PIN_SET: to set the port pin
 754:/home/reo/Documents/Repository/chipwhisperer/firmware/mcu/hal/chipwhisperer-fw-extra/stm32f4/stm32f4_hal_lowlevel.c ****   * @retval None
 755:/home/reo/Documents/Repository/chipwhisperer/firmware/mcu/hal/chipwhisperer-fw-extra/stm32f4/stm32f4_hal_lowlevel.c ****   */
 756:/home/reo/Documents/Repository/chipwhisperer/firmware/mcu/hal/chipwhisperer-fw-extra/stm32f4/stm32f4_hal_lowlevel.c **** void HAL_GPIO_WritePin(GPIO_TypeDef* GPIOx, uint16_t GPIO_Pin, GPIO_PinState PinState)
 757:/home/reo/Documents/Repository/chipwhisperer/firmware/mcu/hal/chipwhisperer-fw-extra/stm32f4/stm32f4_hal_lowlevel.c **** {
 758:/home/reo/Documents/Repository/chipwhisperer/firmware/mcu/hal/chipwhisperer-fw-extra/stm32f4/stm32f4_hal_lowlevel.c ****   /* Check the parameters */
 759:/home/reo/Documents/Repository/chipwhisperer/firmware/mcu/hal/chipwhisperer-fw-extra/stm32f4/stm32f4_hal_lowlevel.c ****   assert_param(IS_GPIO_PIN(GPIO_Pin));
 760:/home/reo/Documents/Repository/chipwhisperer/firmware/mcu/hal/chipwhisperer-fw-extra/stm32f4/stm32f4_hal_lowlevel.c ****   assert_param(IS_GPIO_PIN_ACTION(PinState));
 761:/home/reo/Documents/Repository/chipwhisperer/firmware/mcu/hal/chipwhisperer-fw-extra/stm32f4/stm32f4_hal_lowlevel.c **** 
 762:/home/reo/Documents/Repository/chipwhisperer/firmware/mcu/hal/chipwhisperer-fw-extra/stm32f4/stm32f4_hal_lowlevel.c ****   if(PinState != GPIO_PIN_RESET)
 763:/home/reo/Documents/Repository/chipwhisperer/firmware/mcu/hal/chipwhisperer-fw-extra/stm32f4/stm32f4_hal_lowlevel.c ****   {
 764:/home/reo/Documents/Repository/chipwhisperer/firmware/mcu/hal/chipwhisperer-fw-extra/stm32f4/stm32f4_hal_lowlevel.c ****     GPIOx->BSRR = GPIO_Pin;
 765:/home/reo/Documents/Repository/chipwhisperer/firmware/mcu/hal/chipwhisperer-fw-extra/stm32f4/stm32f4_hal_lowlevel.c ****   }
 766:/home/reo/Documents/Repository/chipwhisperer/firmware/mcu/hal/chipwhisperer-fw-extra/stm32f4/stm32f4_hal_lowlevel.c ****   else
 767:/home/reo/Documents/Repository/chipwhisperer/firmware/mcu/hal/chipwhisperer-fw-extra/stm32f4/stm32f4_hal_lowlevel.c ****   {
 768:/home/reo/Documents/Repository/chipwhisperer/firmware/mcu/hal/chipwhisperer-fw-extra/stm32f4/stm32f4_hal_lowlevel.c ****     GPIOx->BSRR = (uint32_t)GPIO_Pin << 16U;
 769:/home/reo/Documents/Repository/chipwhisperer/firmware/mcu/hal/chipwhisperer-fw-extra/stm32f4/stm32f4_hal_lowlevel.c ****   }
 770:/home/reo/Documents/Repository/chipwhisperer/firmware/mcu/hal/chipwhisperer-fw-extra/stm32f4/stm32f4_hal_lowlevel.c **** }
 771:/home/reo/Documents/Repository/chipwhisperer/firmware/mcu/hal/chipwhisperer-fw-extra/stm32f4/stm32f4_hal_lowlevel.c **** 
 772:/home/reo/Documents/Repository/chipwhisperer/firmware/mcu/hal/chipwhisperer-fw-extra/stm32f4/stm32f4_hal_lowlevel.c **** 
 773:/home/reo/Documents/Repository/chipwhisperer/firmware/mcu/hal/chipwhisperer-fw-extra/stm32f4/stm32f4_hal_lowlevel.c **** /**
 774:/home/reo/Documents/Repository/chipwhisperer/firmware/mcu/hal/chipwhisperer-fw-extra/stm32f4/stm32f4_hal_lowlevel.c ****   * @brief  Configures the UART peripheral.
 775:/home/reo/Documents/Repository/chipwhisperer/firmware/mcu/hal/chipwhisperer-fw-extra/stm32f4/stm32f4_hal_lowlevel.c ****   * @param  huart: pointer to a UART_HandleTypeDef structure that contains
 776:/home/reo/Documents/Repository/chipwhisperer/firmware/mcu/hal/chipwhisperer-fw-extra/stm32f4/stm32f4_hal_lowlevel.c ****   *                the configuration information for the specified UART module.
 777:/home/reo/Documents/Repository/chipwhisperer/firmware/mcu/hal/chipwhisperer-fw-extra/stm32f4/stm32f4_hal_lowlevel.c ****   * @retval None
 778:/home/reo/Documents/Repository/chipwhisperer/firmware/mcu/hal/chipwhisperer-fw-extra/stm32f4/stm32f4_hal_lowlevel.c ****   */
 779:/home/reo/Documents/Repository/chipwhisperer/firmware/mcu/hal/chipwhisperer-fw-extra/stm32f4/stm32f4_hal_lowlevel.c **** static void UART_SetConfig(UART_HandleTypeDef *huart)
 780:/home/reo/Documents/Repository/chipwhisperer/firmware/mcu/hal/chipwhisperer-fw-extra/stm32f4/stm32f4_hal_lowlevel.c **** {
 781:/home/reo/Documents/Repository/chipwhisperer/firmware/mcu/hal/chipwhisperer-fw-extra/stm32f4/stm32f4_hal_lowlevel.c ****   uint32_t tmpreg = 0x00U;
 782:/home/reo/Documents/Repository/chipwhisperer/firmware/mcu/hal/chipwhisperer-fw-extra/stm32f4/stm32f4_hal_lowlevel.c **** 
 783:/home/reo/Documents/Repository/chipwhisperer/firmware/mcu/hal/chipwhisperer-fw-extra/stm32f4/stm32f4_hal_lowlevel.c ****   /* Check the parameters */
 784:/home/reo/Documents/Repository/chipwhisperer/firmware/mcu/hal/chipwhisperer-fw-extra/stm32f4/stm32f4_hal_lowlevel.c ****   assert_param(IS_UART_BAUDRATE(huart->Init.BaudRate));
 785:/home/reo/Documents/Repository/chipwhisperer/firmware/mcu/hal/chipwhisperer-fw-extra/stm32f4/stm32f4_hal_lowlevel.c ****   assert_param(IS_UART_STOPBITS(huart->Init.StopBits));
 786:/home/reo/Documents/Repository/chipwhisperer/firmware/mcu/hal/chipwhisperer-fw-extra/stm32f4/stm32f4_hal_lowlevel.c ****   assert_param(IS_UART_PARITY(huart->Init.Parity));
 787:/home/reo/Documents/Repository/chipwhisperer/firmware/mcu/hal/chipwhisperer-fw-extra/stm32f4/stm32f4_hal_lowlevel.c ****   assert_param(IS_UART_MODE(huart->Init.Mode));
 788:/home/reo/Documents/Repository/chipwhisperer/firmware/mcu/hal/chipwhisperer-fw-extra/stm32f4/stm32f4_hal_lowlevel.c **** 
 789:/home/reo/Documents/Repository/chipwhisperer/firmware/mcu/hal/chipwhisperer-fw-extra/stm32f4/stm32f4_hal_lowlevel.c ****   /*-------------------------- USART CR2 Configuration -----------------------*/
 790:/home/reo/Documents/Repository/chipwhisperer/firmware/mcu/hal/chipwhisperer-fw-extra/stm32f4/stm32f4_hal_lowlevel.c ****   tmpreg = huart->Instance->CR2;
 791:/home/reo/Documents/Repository/chipwhisperer/firmware/mcu/hal/chipwhisperer-fw-extra/stm32f4/stm32f4_hal_lowlevel.c **** 
 792:/home/reo/Documents/Repository/chipwhisperer/firmware/mcu/hal/chipwhisperer-fw-extra/stm32f4/stm32f4_hal_lowlevel.c ****   /* Clear STOP[13:12] bits */
 793:/home/reo/Documents/Repository/chipwhisperer/firmware/mcu/hal/chipwhisperer-fw-extra/stm32f4/stm32f4_hal_lowlevel.c ****   tmpreg &= (uint32_t)~((uint32_t)USART_CR2_STOP);
 794:/home/reo/Documents/Repository/chipwhisperer/firmware/mcu/hal/chipwhisperer-fw-extra/stm32f4/stm32f4_hal_lowlevel.c **** 
 795:/home/reo/Documents/Repository/chipwhisperer/firmware/mcu/hal/chipwhisperer-fw-extra/stm32f4/stm32f4_hal_lowlevel.c ****   /* Configure the UART Stop Bits: Set STOP[13:12] bits according to huart->Init.StopBits value */
 796:/home/reo/Documents/Repository/chipwhisperer/firmware/mcu/hal/chipwhisperer-fw-extra/stm32f4/stm32f4_hal_lowlevel.c ****   tmpreg |= (uint32_t)huart->Init.StopBits;
 797:/home/reo/Documents/Repository/chipwhisperer/firmware/mcu/hal/chipwhisperer-fw-extra/stm32f4/stm32f4_hal_lowlevel.c **** 
 798:/home/reo/Documents/Repository/chipwhisperer/firmware/mcu/hal/chipwhisperer-fw-extra/stm32f4/stm32f4_hal_lowlevel.c ****   /* Write to USART CR2 */
 799:/home/reo/Documents/Repository/chipwhisperer/firmware/mcu/hal/chipwhisperer-fw-extra/stm32f4/stm32f4_hal_lowlevel.c ****   WRITE_REG(huart->Instance->CR2, (uint32_t)tmpreg);
 800:/home/reo/Documents/Repository/chipwhisperer/firmware/mcu/hal/chipwhisperer-fw-extra/stm32f4/stm32f4_hal_lowlevel.c **** 
 801:/home/reo/Documents/Repository/chipwhisperer/firmware/mcu/hal/chipwhisperer-fw-extra/stm32f4/stm32f4_hal_lowlevel.c ****   /*-------------------------- USART CR1 Configuration -----------------------*/
 802:/home/reo/Documents/Repository/chipwhisperer/firmware/mcu/hal/chipwhisperer-fw-extra/stm32f4/stm32f4_hal_lowlevel.c ****   tmpreg = huart->Instance->CR1;
 803:/home/reo/Documents/Repository/chipwhisperer/firmware/mcu/hal/chipwhisperer-fw-extra/stm32f4/stm32f4_hal_lowlevel.c **** 
 804:/home/reo/Documents/Repository/chipwhisperer/firmware/mcu/hal/chipwhisperer-fw-extra/stm32f4/stm32f4_hal_lowlevel.c ****   /* Clear M, PCE, PS, TE and RE bits */
 805:/home/reo/Documents/Repository/chipwhisperer/firmware/mcu/hal/chipwhisperer-fw-extra/stm32f4/stm32f4_hal_lowlevel.c ****   tmpreg &= (uint32_t)~((uint32_t)(USART_CR1_M | USART_CR1_PCE | USART_CR1_PS | USART_CR1_TE | \
 806:/home/reo/Documents/Repository/chipwhisperer/firmware/mcu/hal/chipwhisperer-fw-extra/stm32f4/stm32f4_hal_lowlevel.c ****                                    USART_CR1_RE | USART_CR1_OVER8));
 807:/home/reo/Documents/Repository/chipwhisperer/firmware/mcu/hal/chipwhisperer-fw-extra/stm32f4/stm32f4_hal_lowlevel.c **** 
 808:/home/reo/Documents/Repository/chipwhisperer/firmware/mcu/hal/chipwhisperer-fw-extra/stm32f4/stm32f4_hal_lowlevel.c ****   /* Configure the UART Word Length, Parity and mode:
 809:/home/reo/Documents/Repository/chipwhisperer/firmware/mcu/hal/chipwhisperer-fw-extra/stm32f4/stm32f4_hal_lowlevel.c ****      Set the M bits according to huart->Init.WordLength value
 810:/home/reo/Documents/Repository/chipwhisperer/firmware/mcu/hal/chipwhisperer-fw-extra/stm32f4/stm32f4_hal_lowlevel.c ****      Set PCE and PS bits according to huart->Init.Parity value
 811:/home/reo/Documents/Repository/chipwhisperer/firmware/mcu/hal/chipwhisperer-fw-extra/stm32f4/stm32f4_hal_lowlevel.c ****      Set TE and RE bits according to huart->Init.Mode value
 812:/home/reo/Documents/Repository/chipwhisperer/firmware/mcu/hal/chipwhisperer-fw-extra/stm32f4/stm32f4_hal_lowlevel.c ****      Set OVER8 bit according to huart->Init.OverSampling value */
 813:/home/reo/Documents/Repository/chipwhisperer/firmware/mcu/hal/chipwhisperer-fw-extra/stm32f4/stm32f4_hal_lowlevel.c ****   tmpreg |= (uint32_t)huart->Init.WordLength | huart->Init.Parity | huart->Init.Mode | huart->Init.
 814:/home/reo/Documents/Repository/chipwhisperer/firmware/mcu/hal/chipwhisperer-fw-extra/stm32f4/stm32f4_hal_lowlevel.c **** 
 815:/home/reo/Documents/Repository/chipwhisperer/firmware/mcu/hal/chipwhisperer-fw-extra/stm32f4/stm32f4_hal_lowlevel.c ****   /* Write to USART CR1 */
 816:/home/reo/Documents/Repository/chipwhisperer/firmware/mcu/hal/chipwhisperer-fw-extra/stm32f4/stm32f4_hal_lowlevel.c ****   WRITE_REG(huart->Instance->CR1, (uint32_t)tmpreg);
 817:/home/reo/Documents/Repository/chipwhisperer/firmware/mcu/hal/chipwhisperer-fw-extra/stm32f4/stm32f4_hal_lowlevel.c **** 
 818:/home/reo/Documents/Repository/chipwhisperer/firmware/mcu/hal/chipwhisperer-fw-extra/stm32f4/stm32f4_hal_lowlevel.c ****   /*-------------------------- USART CR3 Configuration -----------------------*/
 819:/home/reo/Documents/Repository/chipwhisperer/firmware/mcu/hal/chipwhisperer-fw-extra/stm32f4/stm32f4_hal_lowlevel.c ****   tmpreg = huart->Instance->CR3;
 820:/home/reo/Documents/Repository/chipwhisperer/firmware/mcu/hal/chipwhisperer-fw-extra/stm32f4/stm32f4_hal_lowlevel.c **** 
 821:/home/reo/Documents/Repository/chipwhisperer/firmware/mcu/hal/chipwhisperer-fw-extra/stm32f4/stm32f4_hal_lowlevel.c ****   /* Clear CTSE and RTSE bits */
 822:/home/reo/Documents/Repository/chipwhisperer/firmware/mcu/hal/chipwhisperer-fw-extra/stm32f4/stm32f4_hal_lowlevel.c ****   tmpreg &= (uint32_t)~((uint32_t)(USART_CR3_RTSE | USART_CR3_CTSE));
 823:/home/reo/Documents/Repository/chipwhisperer/firmware/mcu/hal/chipwhisperer-fw-extra/stm32f4/stm32f4_hal_lowlevel.c **** 
 824:/home/reo/Documents/Repository/chipwhisperer/firmware/mcu/hal/chipwhisperer-fw-extra/stm32f4/stm32f4_hal_lowlevel.c ****   /* Configure the UART HFC: Set CTSE and RTSE bits according to huart->Init.HwFlowCtl value */
 825:/home/reo/Documents/Repository/chipwhisperer/firmware/mcu/hal/chipwhisperer-fw-extra/stm32f4/stm32f4_hal_lowlevel.c ****   tmpreg |= huart->Init.HwFlowCtl;
 826:/home/reo/Documents/Repository/chipwhisperer/firmware/mcu/hal/chipwhisperer-fw-extra/stm32f4/stm32f4_hal_lowlevel.c **** 
 827:/home/reo/Documents/Repository/chipwhisperer/firmware/mcu/hal/chipwhisperer-fw-extra/stm32f4/stm32f4_hal_lowlevel.c ****   /* Write to USART CR3 */
 828:/home/reo/Documents/Repository/chipwhisperer/firmware/mcu/hal/chipwhisperer-fw-extra/stm32f4/stm32f4_hal_lowlevel.c ****   WRITE_REG(huart->Instance->CR3, (uint32_t)tmpreg);
 829:/home/reo/Documents/Repository/chipwhisperer/firmware/mcu/hal/chipwhisperer-fw-extra/stm32f4/stm32f4_hal_lowlevel.c **** 
 830:/home/reo/Documents/Repository/chipwhisperer/firmware/mcu/hal/chipwhisperer-fw-extra/stm32f4/stm32f4_hal_lowlevel.c ****   /* Check the Over Sampling */
 831:/home/reo/Documents/Repository/chipwhisperer/firmware/mcu/hal/chipwhisperer-fw-extra/stm32f4/stm32f4_hal_lowlevel.c ****   if(huart->Init.OverSampling == UART_OVERSAMPLING_8)
 832:/home/reo/Documents/Repository/chipwhisperer/firmware/mcu/hal/chipwhisperer-fw-extra/stm32f4/stm32f4_hal_lowlevel.c ****   {
 833:/home/reo/Documents/Repository/chipwhisperer/firmware/mcu/hal/chipwhisperer-fw-extra/stm32f4/stm32f4_hal_lowlevel.c ****     /*-------------------------- USART BRR Configuration ---------------------*/
 834:/home/reo/Documents/Repository/chipwhisperer/firmware/mcu/hal/chipwhisperer-fw-extra/stm32f4/stm32f4_hal_lowlevel.c **** #if defined(USART6)
 835:/home/reo/Documents/Repository/chipwhisperer/firmware/mcu/hal/chipwhisperer-fw-extra/stm32f4/stm32f4_hal_lowlevel.c ****     if((huart->Instance == USART1) || (huart->Instance == USART6))
 836:/home/reo/Documents/Repository/chipwhisperer/firmware/mcu/hal/chipwhisperer-fw-extra/stm32f4/stm32f4_hal_lowlevel.c ****     {
 837:/home/reo/Documents/Repository/chipwhisperer/firmware/mcu/hal/chipwhisperer-fw-extra/stm32f4/stm32f4_hal_lowlevel.c ****       huart->Instance->BRR = UART_BRR_SAMPLING8(HAL_RCC_GetPCLK2Freq(), huart->Init.BaudRate);
 838:/home/reo/Documents/Repository/chipwhisperer/firmware/mcu/hal/chipwhisperer-fw-extra/stm32f4/stm32f4_hal_lowlevel.c ****     }
 839:/home/reo/Documents/Repository/chipwhisperer/firmware/mcu/hal/chipwhisperer-fw-extra/stm32f4/stm32f4_hal_lowlevel.c **** #else
 840:/home/reo/Documents/Repository/chipwhisperer/firmware/mcu/hal/chipwhisperer-fw-extra/stm32f4/stm32f4_hal_lowlevel.c ****     if(huart->Instance == USART1)
 841:/home/reo/Documents/Repository/chipwhisperer/firmware/mcu/hal/chipwhisperer-fw-extra/stm32f4/stm32f4_hal_lowlevel.c ****     {
 842:/home/reo/Documents/Repository/chipwhisperer/firmware/mcu/hal/chipwhisperer-fw-extra/stm32f4/stm32f4_hal_lowlevel.c ****       huart->Instance->BRR = UART_BRR_SAMPLING8(HAL_RCC_GetPCLK2Freq(), huart->Init.BaudRate);
 843:/home/reo/Documents/Repository/chipwhisperer/firmware/mcu/hal/chipwhisperer-fw-extra/stm32f4/stm32f4_hal_lowlevel.c ****     }
 844:/home/reo/Documents/Repository/chipwhisperer/firmware/mcu/hal/chipwhisperer-fw-extra/stm32f4/stm32f4_hal_lowlevel.c **** #endif /* USART6 */
 845:/home/reo/Documents/Repository/chipwhisperer/firmware/mcu/hal/chipwhisperer-fw-extra/stm32f4/stm32f4_hal_lowlevel.c ****     else
 846:/home/reo/Documents/Repository/chipwhisperer/firmware/mcu/hal/chipwhisperer-fw-extra/stm32f4/stm32f4_hal_lowlevel.c ****     {
 847:/home/reo/Documents/Repository/chipwhisperer/firmware/mcu/hal/chipwhisperer-fw-extra/stm32f4/stm32f4_hal_lowlevel.c ****       huart->Instance->BRR = UART_BRR_SAMPLING8(HAL_RCC_GetPCLK1Freq(), huart->Init.BaudRate);
 848:/home/reo/Documents/Repository/chipwhisperer/firmware/mcu/hal/chipwhisperer-fw-extra/stm32f4/stm32f4_hal_lowlevel.c ****     }
 849:/home/reo/Documents/Repository/chipwhisperer/firmware/mcu/hal/chipwhisperer-fw-extra/stm32f4/stm32f4_hal_lowlevel.c ****   }
 850:/home/reo/Documents/Repository/chipwhisperer/firmware/mcu/hal/chipwhisperer-fw-extra/stm32f4/stm32f4_hal_lowlevel.c ****   else
 851:/home/reo/Documents/Repository/chipwhisperer/firmware/mcu/hal/chipwhisperer-fw-extra/stm32f4/stm32f4_hal_lowlevel.c ****   {
 852:/home/reo/Documents/Repository/chipwhisperer/firmware/mcu/hal/chipwhisperer-fw-extra/stm32f4/stm32f4_hal_lowlevel.c ****     /*-------------------------- USART BRR Configuration ---------------------*/
 853:/home/reo/Documents/Repository/chipwhisperer/firmware/mcu/hal/chipwhisperer-fw-extra/stm32f4/stm32f4_hal_lowlevel.c **** #if defined(USART6)
 854:/home/reo/Documents/Repository/chipwhisperer/firmware/mcu/hal/chipwhisperer-fw-extra/stm32f4/stm32f4_hal_lowlevel.c ****     if((huart->Instance == USART1) || (huart->Instance == USART6))
 855:/home/reo/Documents/Repository/chipwhisperer/firmware/mcu/hal/chipwhisperer-fw-extra/stm32f4/stm32f4_hal_lowlevel.c ****     {
 856:/home/reo/Documents/Repository/chipwhisperer/firmware/mcu/hal/chipwhisperer-fw-extra/stm32f4/stm32f4_hal_lowlevel.c ****       huart->Instance->BRR = UART_BRR_SAMPLING16(HAL_RCC_GetPCLK2Freq(), huart->Init.BaudRate);
 857:/home/reo/Documents/Repository/chipwhisperer/firmware/mcu/hal/chipwhisperer-fw-extra/stm32f4/stm32f4_hal_lowlevel.c ****     }
 858:/home/reo/Documents/Repository/chipwhisperer/firmware/mcu/hal/chipwhisperer-fw-extra/stm32f4/stm32f4_hal_lowlevel.c **** #else
 859:/home/reo/Documents/Repository/chipwhisperer/firmware/mcu/hal/chipwhisperer-fw-extra/stm32f4/stm32f4_hal_lowlevel.c ****     if(huart->Instance == USART1)
 860:/home/reo/Documents/Repository/chipwhisperer/firmware/mcu/hal/chipwhisperer-fw-extra/stm32f4/stm32f4_hal_lowlevel.c ****     {
 861:/home/reo/Documents/Repository/chipwhisperer/firmware/mcu/hal/chipwhisperer-fw-extra/stm32f4/stm32f4_hal_lowlevel.c ****       huart->Instance->BRR = UART_BRR_SAMPLING16(HAL_RCC_GetPCLK2Freq(), huart->Init.BaudRate);
 862:/home/reo/Documents/Repository/chipwhisperer/firmware/mcu/hal/chipwhisperer-fw-extra/stm32f4/stm32f4_hal_lowlevel.c ****     }
 863:/home/reo/Documents/Repository/chipwhisperer/firmware/mcu/hal/chipwhisperer-fw-extra/stm32f4/stm32f4_hal_lowlevel.c **** #endif /* USART6 */
 864:/home/reo/Documents/Repository/chipwhisperer/firmware/mcu/hal/chipwhisperer-fw-extra/stm32f4/stm32f4_hal_lowlevel.c ****     else
 865:/home/reo/Documents/Repository/chipwhisperer/firmware/mcu/hal/chipwhisperer-fw-extra/stm32f4/stm32f4_hal_lowlevel.c ****     {
 866:/home/reo/Documents/Repository/chipwhisperer/firmware/mcu/hal/chipwhisperer-fw-extra/stm32f4/stm32f4_hal_lowlevel.c ****       huart->Instance->BRR = UART_BRR_SAMPLING16(HAL_RCC_GetPCLK1Freq(), huart->Init.BaudRate);
 867:/home/reo/Documents/Repository/chipwhisperer/firmware/mcu/hal/chipwhisperer-fw-extra/stm32f4/stm32f4_hal_lowlevel.c ****     }
 868:/home/reo/Documents/Repository/chipwhisperer/firmware/mcu/hal/chipwhisperer-fw-extra/stm32f4/stm32f4_hal_lowlevel.c ****   }
 869:/home/reo/Documents/Repository/chipwhisperer/firmware/mcu/hal/chipwhisperer-fw-extra/stm32f4/stm32f4_hal_lowlevel.c **** }
 870:/home/reo/Documents/Repository/chipwhisperer/firmware/mcu/hal/chipwhisperer-fw-extra/stm32f4/stm32f4_hal_lowlevel.c **** 
 871:/home/reo/Documents/Repository/chipwhisperer/firmware/mcu/hal/chipwhisperer-fw-extra/stm32f4/stm32f4_hal_lowlevel.c **** /**
 872:/home/reo/Documents/Repository/chipwhisperer/firmware/mcu/hal/chipwhisperer-fw-extra/stm32f4/stm32f4_hal_lowlevel.c ****   * @brief  Initializes the UART mode according to the specified parameters in
 873:/home/reo/Documents/Repository/chipwhisperer/firmware/mcu/hal/chipwhisperer-fw-extra/stm32f4/stm32f4_hal_lowlevel.c ****   *         the UART_InitTypeDef and create the associated handle.
 874:/home/reo/Documents/Repository/chipwhisperer/firmware/mcu/hal/chipwhisperer-fw-extra/stm32f4/stm32f4_hal_lowlevel.c ****   * @param  huart: pointer to a UART_HandleTypeDef structure that contains
 875:/home/reo/Documents/Repository/chipwhisperer/firmware/mcu/hal/chipwhisperer-fw-extra/stm32f4/stm32f4_hal_lowlevel.c ****   *                the configuration information for the specified UART module.
 876:/home/reo/Documents/Repository/chipwhisperer/firmware/mcu/hal/chipwhisperer-fw-extra/stm32f4/stm32f4_hal_lowlevel.c ****   * @retval HAL status
 877:/home/reo/Documents/Repository/chipwhisperer/firmware/mcu/hal/chipwhisperer-fw-extra/stm32f4/stm32f4_hal_lowlevel.c ****   */
 878:/home/reo/Documents/Repository/chipwhisperer/firmware/mcu/hal/chipwhisperer-fw-extra/stm32f4/stm32f4_hal_lowlevel.c **** HAL_StatusTypeDef HAL_UART_Init(UART_HandleTypeDef *huart)
 879:/home/reo/Documents/Repository/chipwhisperer/firmware/mcu/hal/chipwhisperer-fw-extra/stm32f4/stm32f4_hal_lowlevel.c **** {
 880:/home/reo/Documents/Repository/chipwhisperer/firmware/mcu/hal/chipwhisperer-fw-extra/stm32f4/stm32f4_hal_lowlevel.c ****   /* Check the UART handle allocation */
 881:/home/reo/Documents/Repository/chipwhisperer/firmware/mcu/hal/chipwhisperer-fw-extra/stm32f4/stm32f4_hal_lowlevel.c ****   if(huart == NULL)
 882:/home/reo/Documents/Repository/chipwhisperer/firmware/mcu/hal/chipwhisperer-fw-extra/stm32f4/stm32f4_hal_lowlevel.c ****   {
 883:/home/reo/Documents/Repository/chipwhisperer/firmware/mcu/hal/chipwhisperer-fw-extra/stm32f4/stm32f4_hal_lowlevel.c ****     return HAL_ERROR;
 884:/home/reo/Documents/Repository/chipwhisperer/firmware/mcu/hal/chipwhisperer-fw-extra/stm32f4/stm32f4_hal_lowlevel.c ****   }
 885:/home/reo/Documents/Repository/chipwhisperer/firmware/mcu/hal/chipwhisperer-fw-extra/stm32f4/stm32f4_hal_lowlevel.c **** 
 886:/home/reo/Documents/Repository/chipwhisperer/firmware/mcu/hal/chipwhisperer-fw-extra/stm32f4/stm32f4_hal_lowlevel.c ****   /* Check the parameters */
 887:/home/reo/Documents/Repository/chipwhisperer/firmware/mcu/hal/chipwhisperer-fw-extra/stm32f4/stm32f4_hal_lowlevel.c ****   if(huart->Init.HwFlowCtl != UART_HWCONTROL_NONE)
 888:/home/reo/Documents/Repository/chipwhisperer/firmware/mcu/hal/chipwhisperer-fw-extra/stm32f4/stm32f4_hal_lowlevel.c ****   {
 889:/home/reo/Documents/Repository/chipwhisperer/firmware/mcu/hal/chipwhisperer-fw-extra/stm32f4/stm32f4_hal_lowlevel.c ****     /* The hardware flow control is available only for USART1, USART2, USART3 and USART6 */
 890:/home/reo/Documents/Repository/chipwhisperer/firmware/mcu/hal/chipwhisperer-fw-extra/stm32f4/stm32f4_hal_lowlevel.c ****     assert_param(IS_UART_HWFLOW_INSTANCE(huart->Instance));
 891:/home/reo/Documents/Repository/chipwhisperer/firmware/mcu/hal/chipwhisperer-fw-extra/stm32f4/stm32f4_hal_lowlevel.c ****     assert_param(IS_UART_HARDWARE_FLOW_CONTROL(huart->Init.HwFlowCtl));
 892:/home/reo/Documents/Repository/chipwhisperer/firmware/mcu/hal/chipwhisperer-fw-extra/stm32f4/stm32f4_hal_lowlevel.c ****   }
 893:/home/reo/Documents/Repository/chipwhisperer/firmware/mcu/hal/chipwhisperer-fw-extra/stm32f4/stm32f4_hal_lowlevel.c ****   else
 894:/home/reo/Documents/Repository/chipwhisperer/firmware/mcu/hal/chipwhisperer-fw-extra/stm32f4/stm32f4_hal_lowlevel.c ****   {
 895:/home/reo/Documents/Repository/chipwhisperer/firmware/mcu/hal/chipwhisperer-fw-extra/stm32f4/stm32f4_hal_lowlevel.c ****     assert_param(IS_UART_INSTANCE(huart->Instance));
 896:/home/reo/Documents/Repository/chipwhisperer/firmware/mcu/hal/chipwhisperer-fw-extra/stm32f4/stm32f4_hal_lowlevel.c ****   }
 897:/home/reo/Documents/Repository/chipwhisperer/firmware/mcu/hal/chipwhisperer-fw-extra/stm32f4/stm32f4_hal_lowlevel.c ****   assert_param(IS_UART_WORD_LENGTH(huart->Init.WordLength));
 898:/home/reo/Documents/Repository/chipwhisperer/firmware/mcu/hal/chipwhisperer-fw-extra/stm32f4/stm32f4_hal_lowlevel.c ****   assert_param(IS_UART_OVERSAMPLING(huart->Init.OverSampling));
 899:/home/reo/Documents/Repository/chipwhisperer/firmware/mcu/hal/chipwhisperer-fw-extra/stm32f4/stm32f4_hal_lowlevel.c **** 
 900:/home/reo/Documents/Repository/chipwhisperer/firmware/mcu/hal/chipwhisperer-fw-extra/stm32f4/stm32f4_hal_lowlevel.c ****   if(huart->gState == HAL_UART_STATE_RESET)
 901:/home/reo/Documents/Repository/chipwhisperer/firmware/mcu/hal/chipwhisperer-fw-extra/stm32f4/stm32f4_hal_lowlevel.c ****   {
 902:/home/reo/Documents/Repository/chipwhisperer/firmware/mcu/hal/chipwhisperer-fw-extra/stm32f4/stm32f4_hal_lowlevel.c ****     /* Allocate lock resource and initialize it */
 903:/home/reo/Documents/Repository/chipwhisperer/firmware/mcu/hal/chipwhisperer-fw-extra/stm32f4/stm32f4_hal_lowlevel.c ****     huart->Lock = HAL_UNLOCKED;
 904:/home/reo/Documents/Repository/chipwhisperer/firmware/mcu/hal/chipwhisperer-fw-extra/stm32f4/stm32f4_hal_lowlevel.c ****     /* Init the low level hardware */
 905:/home/reo/Documents/Repository/chipwhisperer/firmware/mcu/hal/chipwhisperer-fw-extra/stm32f4/stm32f4_hal_lowlevel.c ****     //HAL_UART_MspInit(huart);
 906:/home/reo/Documents/Repository/chipwhisperer/firmware/mcu/hal/chipwhisperer-fw-extra/stm32f4/stm32f4_hal_lowlevel.c ****   }
 907:/home/reo/Documents/Repository/chipwhisperer/firmware/mcu/hal/chipwhisperer-fw-extra/stm32f4/stm32f4_hal_lowlevel.c **** 
 908:/home/reo/Documents/Repository/chipwhisperer/firmware/mcu/hal/chipwhisperer-fw-extra/stm32f4/stm32f4_hal_lowlevel.c ****   huart->gState = HAL_UART_STATE_BUSY;
 909:/home/reo/Documents/Repository/chipwhisperer/firmware/mcu/hal/chipwhisperer-fw-extra/stm32f4/stm32f4_hal_lowlevel.c **** 
 910:/home/reo/Documents/Repository/chipwhisperer/firmware/mcu/hal/chipwhisperer-fw-extra/stm32f4/stm32f4_hal_lowlevel.c ****   /* Disable the peripheral */
 911:/home/reo/Documents/Repository/chipwhisperer/firmware/mcu/hal/chipwhisperer-fw-extra/stm32f4/stm32f4_hal_lowlevel.c ****   __HAL_UART_DISABLE(huart);
 912:/home/reo/Documents/Repository/chipwhisperer/firmware/mcu/hal/chipwhisperer-fw-extra/stm32f4/stm32f4_hal_lowlevel.c **** 
 913:/home/reo/Documents/Repository/chipwhisperer/firmware/mcu/hal/chipwhisperer-fw-extra/stm32f4/stm32f4_hal_lowlevel.c ****   /* Set the UART Communication parameters */
 914:/home/reo/Documents/Repository/chipwhisperer/firmware/mcu/hal/chipwhisperer-fw-extra/stm32f4/stm32f4_hal_lowlevel.c ****   UART_SetConfig(huart);
 915:/home/reo/Documents/Repository/chipwhisperer/firmware/mcu/hal/chipwhisperer-fw-extra/stm32f4/stm32f4_hal_lowlevel.c **** 
 916:/home/reo/Documents/Repository/chipwhisperer/firmware/mcu/hal/chipwhisperer-fw-extra/stm32f4/stm32f4_hal_lowlevel.c ****   /* In asynchronous mode, the following bits must be kept cleared:
 917:/home/reo/Documents/Repository/chipwhisperer/firmware/mcu/hal/chipwhisperer-fw-extra/stm32f4/stm32f4_hal_lowlevel.c ****      - LINEN and CLKEN bits in the USART_CR2 register,
 918:/home/reo/Documents/Repository/chipwhisperer/firmware/mcu/hal/chipwhisperer-fw-extra/stm32f4/stm32f4_hal_lowlevel.c ****      - SCEN, HDSEL and IREN  bits in the USART_CR3 register.*/
 919:/home/reo/Documents/Repository/chipwhisperer/firmware/mcu/hal/chipwhisperer-fw-extra/stm32f4/stm32f4_hal_lowlevel.c ****   CLEAR_BIT(huart->Instance->CR2, (USART_CR2_LINEN | USART_CR2_CLKEN));
 920:/home/reo/Documents/Repository/chipwhisperer/firmware/mcu/hal/chipwhisperer-fw-extra/stm32f4/stm32f4_hal_lowlevel.c ****   CLEAR_BIT(huart->Instance->CR3, (USART_CR3_SCEN | USART_CR3_HDSEL | USART_CR3_IREN));
 921:/home/reo/Documents/Repository/chipwhisperer/firmware/mcu/hal/chipwhisperer-fw-extra/stm32f4/stm32f4_hal_lowlevel.c **** 
 922:/home/reo/Documents/Repository/chipwhisperer/firmware/mcu/hal/chipwhisperer-fw-extra/stm32f4/stm32f4_hal_lowlevel.c ****   /* Enable the peripheral */
 923:/home/reo/Documents/Repository/chipwhisperer/firmware/mcu/hal/chipwhisperer-fw-extra/stm32f4/stm32f4_hal_lowlevel.c ****   __HAL_UART_ENABLE(huart);
 924:/home/reo/Documents/Repository/chipwhisperer/firmware/mcu/hal/chipwhisperer-fw-extra/stm32f4/stm32f4_hal_lowlevel.c **** 
 925:/home/reo/Documents/Repository/chipwhisperer/firmware/mcu/hal/chipwhisperer-fw-extra/stm32f4/stm32f4_hal_lowlevel.c ****   /* Initialize the UART state */
 926:/home/reo/Documents/Repository/chipwhisperer/firmware/mcu/hal/chipwhisperer-fw-extra/stm32f4/stm32f4_hal_lowlevel.c ****   huart->ErrorCode = HAL_UART_ERROR_NONE;
 927:/home/reo/Documents/Repository/chipwhisperer/firmware/mcu/hal/chipwhisperer-fw-extra/stm32f4/stm32f4_hal_lowlevel.c ****   huart->gState= HAL_UART_STATE_READY;
 928:/home/reo/Documents/Repository/chipwhisperer/firmware/mcu/hal/chipwhisperer-fw-extra/stm32f4/stm32f4_hal_lowlevel.c ****   huart->RxState= HAL_UART_STATE_READY;
 929:/home/reo/Documents/Repository/chipwhisperer/firmware/mcu/hal/chipwhisperer-fw-extra/stm32f4/stm32f4_hal_lowlevel.c **** 
 930:/home/reo/Documents/Repository/chipwhisperer/firmware/mcu/hal/chipwhisperer-fw-extra/stm32f4/stm32f4_hal_lowlevel.c ****   return HAL_OK;
 931:/home/reo/Documents/Repository/chipwhisperer/firmware/mcu/hal/chipwhisperer-fw-extra/stm32f4/stm32f4_hal_lowlevel.c **** }
 932:/home/reo/Documents/Repository/chipwhisperer/firmware/mcu/hal/chipwhisperer-fw-extra/stm32f4/stm32f4_hal_lowlevel.c **** 
 933:/home/reo/Documents/Repository/chipwhisperer/firmware/mcu/hal/chipwhisperer-fw-extra/stm32f4/stm32f4_hal_lowlevel.c **** static HAL_StatusTypeDef UART_WaitOnFlagForever(UART_HandleTypeDef *huart, uint32_t Flag, FlagStatu
 934:/home/reo/Documents/Repository/chipwhisperer/firmware/mcu/hal/chipwhisperer-fw-extra/stm32f4/stm32f4_hal_lowlevel.c **** {
 935:/home/reo/Documents/Repository/chipwhisperer/firmware/mcu/hal/chipwhisperer-fw-extra/stm32f4/stm32f4_hal_lowlevel.c ****   /* Wait until flag is set */
 936:/home/reo/Documents/Repository/chipwhisperer/firmware/mcu/hal/chipwhisperer-fw-extra/stm32f4/stm32f4_hal_lowlevel.c ****   while((__HAL_UART_GET_FLAG(huart, Flag) ? SET : RESET) == Status);
 937:/home/reo/Documents/Repository/chipwhisperer/firmware/mcu/hal/chipwhisperer-fw-extra/stm32f4/stm32f4_hal_lowlevel.c ****   return HAL_OK;
 938:/home/reo/Documents/Repository/chipwhisperer/firmware/mcu/hal/chipwhisperer-fw-extra/stm32f4/stm32f4_hal_lowlevel.c **** }
 939:/home/reo/Documents/Repository/chipwhisperer/firmware/mcu/hal/chipwhisperer-fw-extra/stm32f4/stm32f4_hal_lowlevel.c **** 
 940:/home/reo/Documents/Repository/chipwhisperer/firmware/mcu/hal/chipwhisperer-fw-extra/stm32f4/stm32f4_hal_lowlevel.c **** /**
 941:/home/reo/Documents/Repository/chipwhisperer/firmware/mcu/hal/chipwhisperer-fw-extra/stm32f4/stm32f4_hal_lowlevel.c ****   * @brief  Sends an amount of data in blocking mode.
 942:/home/reo/Documents/Repository/chipwhisperer/firmware/mcu/hal/chipwhisperer-fw-extra/stm32f4/stm32f4_hal_lowlevel.c ****   * @param  huart: pointer to a UART_HandleTypeDef structure that contains
 943:/home/reo/Documents/Repository/chipwhisperer/firmware/mcu/hal/chipwhisperer-fw-extra/stm32f4/stm32f4_hal_lowlevel.c ****   *                the configuration information for the specified UART module.
 944:/home/reo/Documents/Repository/chipwhisperer/firmware/mcu/hal/chipwhisperer-fw-extra/stm32f4/stm32f4_hal_lowlevel.c ****   * @param  pData: Pointer to data buffer
 945:/home/reo/Documents/Repository/chipwhisperer/firmware/mcu/hal/chipwhisperer-fw-extra/stm32f4/stm32f4_hal_lowlevel.c ****   * @param  Size: Amount of data to be sent
 946:/home/reo/Documents/Repository/chipwhisperer/firmware/mcu/hal/chipwhisperer-fw-extra/stm32f4/stm32f4_hal_lowlevel.c ****   * @param  Timeout: Timeout duration
 947:/home/reo/Documents/Repository/chipwhisperer/firmware/mcu/hal/chipwhisperer-fw-extra/stm32f4/stm32f4_hal_lowlevel.c ****   * @retval HAL status
 948:/home/reo/Documents/Repository/chipwhisperer/firmware/mcu/hal/chipwhisperer-fw-extra/stm32f4/stm32f4_hal_lowlevel.c ****   */
 949:/home/reo/Documents/Repository/chipwhisperer/firmware/mcu/hal/chipwhisperer-fw-extra/stm32f4/stm32f4_hal_lowlevel.c **** HAL_StatusTypeDef HAL_UART_Transmit(UART_HandleTypeDef *huart, uint8_t *pData, uint16_t Size, uint3
 950:/home/reo/Documents/Repository/chipwhisperer/firmware/mcu/hal/chipwhisperer-fw-extra/stm32f4/stm32f4_hal_lowlevel.c **** {
 951:/home/reo/Documents/Repository/chipwhisperer/firmware/mcu/hal/chipwhisperer-fw-extra/stm32f4/stm32f4_hal_lowlevel.c ****   uint16_t* tmp;
 952:/home/reo/Documents/Repository/chipwhisperer/firmware/mcu/hal/chipwhisperer-fw-extra/stm32f4/stm32f4_hal_lowlevel.c ****   //uint32_t tickstart = 0U;
 953:/home/reo/Documents/Repository/chipwhisperer/firmware/mcu/hal/chipwhisperer-fw-extra/stm32f4/stm32f4_hal_lowlevel.c **** 
 954:/home/reo/Documents/Repository/chipwhisperer/firmware/mcu/hal/chipwhisperer-fw-extra/stm32f4/stm32f4_hal_lowlevel.c ****   /* Check that a Tx process is not already ongoing */
 955:/home/reo/Documents/Repository/chipwhisperer/firmware/mcu/hal/chipwhisperer-fw-extra/stm32f4/stm32f4_hal_lowlevel.c ****   if(huart->gState == HAL_UART_STATE_READY)
 956:/home/reo/Documents/Repository/chipwhisperer/firmware/mcu/hal/chipwhisperer-fw-extra/stm32f4/stm32f4_hal_lowlevel.c ****   {
 957:/home/reo/Documents/Repository/chipwhisperer/firmware/mcu/hal/chipwhisperer-fw-extra/stm32f4/stm32f4_hal_lowlevel.c ****     if((pData == NULL ) || (Size == 0))
 958:/home/reo/Documents/Repository/chipwhisperer/firmware/mcu/hal/chipwhisperer-fw-extra/stm32f4/stm32f4_hal_lowlevel.c ****     {
 959:/home/reo/Documents/Repository/chipwhisperer/firmware/mcu/hal/chipwhisperer-fw-extra/stm32f4/stm32f4_hal_lowlevel.c ****       return  HAL_ERROR;
 960:/home/reo/Documents/Repository/chipwhisperer/firmware/mcu/hal/chipwhisperer-fw-extra/stm32f4/stm32f4_hal_lowlevel.c ****     }
 961:/home/reo/Documents/Repository/chipwhisperer/firmware/mcu/hal/chipwhisperer-fw-extra/stm32f4/stm32f4_hal_lowlevel.c **** 
 962:/home/reo/Documents/Repository/chipwhisperer/firmware/mcu/hal/chipwhisperer-fw-extra/stm32f4/stm32f4_hal_lowlevel.c ****     /* Process Locked */
 963:/home/reo/Documents/Repository/chipwhisperer/firmware/mcu/hal/chipwhisperer-fw-extra/stm32f4/stm32f4_hal_lowlevel.c ****     __HAL_LOCK(huart);
 964:/home/reo/Documents/Repository/chipwhisperer/firmware/mcu/hal/chipwhisperer-fw-extra/stm32f4/stm32f4_hal_lowlevel.c **** 
 965:/home/reo/Documents/Repository/chipwhisperer/firmware/mcu/hal/chipwhisperer-fw-extra/stm32f4/stm32f4_hal_lowlevel.c ****     huart->ErrorCode = HAL_UART_ERROR_NONE;
 966:/home/reo/Documents/Repository/chipwhisperer/firmware/mcu/hal/chipwhisperer-fw-extra/stm32f4/stm32f4_hal_lowlevel.c ****     huart->gState = HAL_UART_STATE_BUSY_TX;
 967:/home/reo/Documents/Repository/chipwhisperer/firmware/mcu/hal/chipwhisperer-fw-extra/stm32f4/stm32f4_hal_lowlevel.c **** 
 968:/home/reo/Documents/Repository/chipwhisperer/firmware/mcu/hal/chipwhisperer-fw-extra/stm32f4/stm32f4_hal_lowlevel.c ****     /* Init tickstart for timeout managment */
 969:/home/reo/Documents/Repository/chipwhisperer/firmware/mcu/hal/chipwhisperer-fw-extra/stm32f4/stm32f4_hal_lowlevel.c ****     //tickstart = HAL_GetTick();
 970:/home/reo/Documents/Repository/chipwhisperer/firmware/mcu/hal/chipwhisperer-fw-extra/stm32f4/stm32f4_hal_lowlevel.c **** 
 971:/home/reo/Documents/Repository/chipwhisperer/firmware/mcu/hal/chipwhisperer-fw-extra/stm32f4/stm32f4_hal_lowlevel.c ****     huart->TxXferSize = Size;
 972:/home/reo/Documents/Repository/chipwhisperer/firmware/mcu/hal/chipwhisperer-fw-extra/stm32f4/stm32f4_hal_lowlevel.c ****     huart->TxXferCount = Size;
 973:/home/reo/Documents/Repository/chipwhisperer/firmware/mcu/hal/chipwhisperer-fw-extra/stm32f4/stm32f4_hal_lowlevel.c ****     while(huart->TxXferCount > 0U)
 974:/home/reo/Documents/Repository/chipwhisperer/firmware/mcu/hal/chipwhisperer-fw-extra/stm32f4/stm32f4_hal_lowlevel.c ****     {
 975:/home/reo/Documents/Repository/chipwhisperer/firmware/mcu/hal/chipwhisperer-fw-extra/stm32f4/stm32f4_hal_lowlevel.c ****       huart->TxXferCount--;
 976:/home/reo/Documents/Repository/chipwhisperer/firmware/mcu/hal/chipwhisperer-fw-extra/stm32f4/stm32f4_hal_lowlevel.c ****       if(huart->Init.WordLength == UART_WORDLENGTH_9B)
 977:/home/reo/Documents/Repository/chipwhisperer/firmware/mcu/hal/chipwhisperer-fw-extra/stm32f4/stm32f4_hal_lowlevel.c ****       {
 978:/home/reo/Documents/Repository/chipwhisperer/firmware/mcu/hal/chipwhisperer-fw-extra/stm32f4/stm32f4_hal_lowlevel.c ****         if(UART_WaitOnFlagForever(huart, UART_FLAG_TXE, RESET) != HAL_OK)
 979:/home/reo/Documents/Repository/chipwhisperer/firmware/mcu/hal/chipwhisperer-fw-extra/stm32f4/stm32f4_hal_lowlevel.c ****         {
 980:/home/reo/Documents/Repository/chipwhisperer/firmware/mcu/hal/chipwhisperer-fw-extra/stm32f4/stm32f4_hal_lowlevel.c ****           return HAL_TIMEOUT;
 981:/home/reo/Documents/Repository/chipwhisperer/firmware/mcu/hal/chipwhisperer-fw-extra/stm32f4/stm32f4_hal_lowlevel.c ****         }
 982:/home/reo/Documents/Repository/chipwhisperer/firmware/mcu/hal/chipwhisperer-fw-extra/stm32f4/stm32f4_hal_lowlevel.c ****         tmp = (uint16_t*) pData;
 983:/home/reo/Documents/Repository/chipwhisperer/firmware/mcu/hal/chipwhisperer-fw-extra/stm32f4/stm32f4_hal_lowlevel.c ****         huart->Instance->DR = (*tmp & (uint16_t)0x01FF);
 984:/home/reo/Documents/Repository/chipwhisperer/firmware/mcu/hal/chipwhisperer-fw-extra/stm32f4/stm32f4_hal_lowlevel.c ****         if(huart->Init.Parity == UART_PARITY_NONE)
 985:/home/reo/Documents/Repository/chipwhisperer/firmware/mcu/hal/chipwhisperer-fw-extra/stm32f4/stm32f4_hal_lowlevel.c ****         {
 986:/home/reo/Documents/Repository/chipwhisperer/firmware/mcu/hal/chipwhisperer-fw-extra/stm32f4/stm32f4_hal_lowlevel.c ****           pData +=2U;
 987:/home/reo/Documents/Repository/chipwhisperer/firmware/mcu/hal/chipwhisperer-fw-extra/stm32f4/stm32f4_hal_lowlevel.c ****         }
 988:/home/reo/Documents/Repository/chipwhisperer/firmware/mcu/hal/chipwhisperer-fw-extra/stm32f4/stm32f4_hal_lowlevel.c ****         else
 989:/home/reo/Documents/Repository/chipwhisperer/firmware/mcu/hal/chipwhisperer-fw-extra/stm32f4/stm32f4_hal_lowlevel.c ****         {
 990:/home/reo/Documents/Repository/chipwhisperer/firmware/mcu/hal/chipwhisperer-fw-extra/stm32f4/stm32f4_hal_lowlevel.c ****           pData +=1U;
 991:/home/reo/Documents/Repository/chipwhisperer/firmware/mcu/hal/chipwhisperer-fw-extra/stm32f4/stm32f4_hal_lowlevel.c ****         }
 992:/home/reo/Documents/Repository/chipwhisperer/firmware/mcu/hal/chipwhisperer-fw-extra/stm32f4/stm32f4_hal_lowlevel.c ****       }
 993:/home/reo/Documents/Repository/chipwhisperer/firmware/mcu/hal/chipwhisperer-fw-extra/stm32f4/stm32f4_hal_lowlevel.c ****       else
 994:/home/reo/Documents/Repository/chipwhisperer/firmware/mcu/hal/chipwhisperer-fw-extra/stm32f4/stm32f4_hal_lowlevel.c ****       {
 995:/home/reo/Documents/Repository/chipwhisperer/firmware/mcu/hal/chipwhisperer-fw-extra/stm32f4/stm32f4_hal_lowlevel.c ****         if(UART_WaitOnFlagForever(huart, UART_FLAG_TXE, RESET) != HAL_OK)
 996:/home/reo/Documents/Repository/chipwhisperer/firmware/mcu/hal/chipwhisperer-fw-extra/stm32f4/stm32f4_hal_lowlevel.c ****         {
 997:/home/reo/Documents/Repository/chipwhisperer/firmware/mcu/hal/chipwhisperer-fw-extra/stm32f4/stm32f4_hal_lowlevel.c ****           return HAL_TIMEOUT;
 998:/home/reo/Documents/Repository/chipwhisperer/firmware/mcu/hal/chipwhisperer-fw-extra/stm32f4/stm32f4_hal_lowlevel.c ****         }
 999:/home/reo/Documents/Repository/chipwhisperer/firmware/mcu/hal/chipwhisperer-fw-extra/stm32f4/stm32f4_hal_lowlevel.c ****         huart->Instance->DR = (*pData++ & (uint8_t)0xFF);
1000:/home/reo/Documents/Repository/chipwhisperer/firmware/mcu/hal/chipwhisperer-fw-extra/stm32f4/stm32f4_hal_lowlevel.c ****       }
1001:/home/reo/Documents/Repository/chipwhisperer/firmware/mcu/hal/chipwhisperer-fw-extra/stm32f4/stm32f4_hal_lowlevel.c ****     }
1002:/home/reo/Documents/Repository/chipwhisperer/firmware/mcu/hal/chipwhisperer-fw-extra/stm32f4/stm32f4_hal_lowlevel.c **** 
1003:/home/reo/Documents/Repository/chipwhisperer/firmware/mcu/hal/chipwhisperer-fw-extra/stm32f4/stm32f4_hal_lowlevel.c ****     if(UART_WaitOnFlagForever(huart, UART_FLAG_TC, RESET) != HAL_OK)
1004:/home/reo/Documents/Repository/chipwhisperer/firmware/mcu/hal/chipwhisperer-fw-extra/stm32f4/stm32f4_hal_lowlevel.c ****     {
1005:/home/reo/Documents/Repository/chipwhisperer/firmware/mcu/hal/chipwhisperer-fw-extra/stm32f4/stm32f4_hal_lowlevel.c ****       return HAL_TIMEOUT;
1006:/home/reo/Documents/Repository/chipwhisperer/firmware/mcu/hal/chipwhisperer-fw-extra/stm32f4/stm32f4_hal_lowlevel.c ****     }
1007:/home/reo/Documents/Repository/chipwhisperer/firmware/mcu/hal/chipwhisperer-fw-extra/stm32f4/stm32f4_hal_lowlevel.c **** 
1008:/home/reo/Documents/Repository/chipwhisperer/firmware/mcu/hal/chipwhisperer-fw-extra/stm32f4/stm32f4_hal_lowlevel.c ****     /* At end of Tx process, restore huart->gState to Ready */
1009:/home/reo/Documents/Repository/chipwhisperer/firmware/mcu/hal/chipwhisperer-fw-extra/stm32f4/stm32f4_hal_lowlevel.c ****       huart->gState = HAL_UART_STATE_READY;
1010:/home/reo/Documents/Repository/chipwhisperer/firmware/mcu/hal/chipwhisperer-fw-extra/stm32f4/stm32f4_hal_lowlevel.c **** 
1011:/home/reo/Documents/Repository/chipwhisperer/firmware/mcu/hal/chipwhisperer-fw-extra/stm32f4/stm32f4_hal_lowlevel.c ****     /* Process Unlocked */
1012:/home/reo/Documents/Repository/chipwhisperer/firmware/mcu/hal/chipwhisperer-fw-extra/stm32f4/stm32f4_hal_lowlevel.c ****     __HAL_UNLOCK(huart);
1013:/home/reo/Documents/Repository/chipwhisperer/firmware/mcu/hal/chipwhisperer-fw-extra/stm32f4/stm32f4_hal_lowlevel.c **** 
1014:/home/reo/Documents/Repository/chipwhisperer/firmware/mcu/hal/chipwhisperer-fw-extra/stm32f4/stm32f4_hal_lowlevel.c ****     return HAL_OK;
1015:/home/reo/Documents/Repository/chipwhisperer/firmware/mcu/hal/chipwhisperer-fw-extra/stm32f4/stm32f4_hal_lowlevel.c ****   }
1016:/home/reo/Documents/Repository/chipwhisperer/firmware/mcu/hal/chipwhisperer-fw-extra/stm32f4/stm32f4_hal_lowlevel.c ****   else
1017:/home/reo/Documents/Repository/chipwhisperer/firmware/mcu/hal/chipwhisperer-fw-extra/stm32f4/stm32f4_hal_lowlevel.c ****   {
1018:/home/reo/Documents/Repository/chipwhisperer/firmware/mcu/hal/chipwhisperer-fw-extra/stm32f4/stm32f4_hal_lowlevel.c ****     return HAL_BUSY;
1019:/home/reo/Documents/Repository/chipwhisperer/firmware/mcu/hal/chipwhisperer-fw-extra/stm32f4/stm32f4_hal_lowlevel.c ****   }
1020:/home/reo/Documents/Repository/chipwhisperer/firmware/mcu/hal/chipwhisperer-fw-extra/stm32f4/stm32f4_hal_lowlevel.c **** }
1021:/home/reo/Documents/Repository/chipwhisperer/firmware/mcu/hal/chipwhisperer-fw-extra/stm32f4/stm32f4_hal_lowlevel.c **** 
1022:/home/reo/Documents/Repository/chipwhisperer/firmware/mcu/hal/chipwhisperer-fw-extra/stm32f4/stm32f4_hal_lowlevel.c **** 
1023:/home/reo/Documents/Repository/chipwhisperer/firmware/mcu/hal/chipwhisperer-fw-extra/stm32f4/stm32f4_hal_lowlevel.c **** 
1024:/home/reo/Documents/Repository/chipwhisperer/firmware/mcu/hal/chipwhisperer-fw-extra/stm32f4/stm32f4_hal_lowlevel.c **** /**
1025:/home/reo/Documents/Repository/chipwhisperer/firmware/mcu/hal/chipwhisperer-fw-extra/stm32f4/stm32f4_hal_lowlevel.c ****   * @brief  Receives an amount of data in blocking mode.
1026:/home/reo/Documents/Repository/chipwhisperer/firmware/mcu/hal/chipwhisperer-fw-extra/stm32f4/stm32f4_hal_lowlevel.c ****   * @param  huart: pointer to a UART_HandleTypeDef structure that contains
1027:/home/reo/Documents/Repository/chipwhisperer/firmware/mcu/hal/chipwhisperer-fw-extra/stm32f4/stm32f4_hal_lowlevel.c ****   *                the configuration information for the specified UART module.
1028:/home/reo/Documents/Repository/chipwhisperer/firmware/mcu/hal/chipwhisperer-fw-extra/stm32f4/stm32f4_hal_lowlevel.c ****   * @param  pData: Pointer to data buffer
1029:/home/reo/Documents/Repository/chipwhisperer/firmware/mcu/hal/chipwhisperer-fw-extra/stm32f4/stm32f4_hal_lowlevel.c ****   * @param  Size: Amount of data to be received
1030:/home/reo/Documents/Repository/chipwhisperer/firmware/mcu/hal/chipwhisperer-fw-extra/stm32f4/stm32f4_hal_lowlevel.c ****   * @param  Timeout: Timeout duration
1031:/home/reo/Documents/Repository/chipwhisperer/firmware/mcu/hal/chipwhisperer-fw-extra/stm32f4/stm32f4_hal_lowlevel.c ****   * @retval HAL status
1032:/home/reo/Documents/Repository/chipwhisperer/firmware/mcu/hal/chipwhisperer-fw-extra/stm32f4/stm32f4_hal_lowlevel.c ****   */
1033:/home/reo/Documents/Repository/chipwhisperer/firmware/mcu/hal/chipwhisperer-fw-extra/stm32f4/stm32f4_hal_lowlevel.c **** HAL_StatusTypeDef HAL_UART_Receive(UART_HandleTypeDef *huart, uint8_t *pData, uint16_t Size, uint32
1034:/home/reo/Documents/Repository/chipwhisperer/firmware/mcu/hal/chipwhisperer-fw-extra/stm32f4/stm32f4_hal_lowlevel.c **** {
1035:/home/reo/Documents/Repository/chipwhisperer/firmware/mcu/hal/chipwhisperer-fw-extra/stm32f4/stm32f4_hal_lowlevel.c ****   uint16_t* tmp;
1036:/home/reo/Documents/Repository/chipwhisperer/firmware/mcu/hal/chipwhisperer-fw-extra/stm32f4/stm32f4_hal_lowlevel.c ****   //uint32_t tickstart = 0U;
1037:/home/reo/Documents/Repository/chipwhisperer/firmware/mcu/hal/chipwhisperer-fw-extra/stm32f4/stm32f4_hal_lowlevel.c **** 
1038:/home/reo/Documents/Repository/chipwhisperer/firmware/mcu/hal/chipwhisperer-fw-extra/stm32f4/stm32f4_hal_lowlevel.c ****   /* Check that a Rx process is not already ongoing */
1039:/home/reo/Documents/Repository/chipwhisperer/firmware/mcu/hal/chipwhisperer-fw-extra/stm32f4/stm32f4_hal_lowlevel.c ****   if(huart->RxState == HAL_UART_STATE_READY)
1040:/home/reo/Documents/Repository/chipwhisperer/firmware/mcu/hal/chipwhisperer-fw-extra/stm32f4/stm32f4_hal_lowlevel.c ****   {
1041:/home/reo/Documents/Repository/chipwhisperer/firmware/mcu/hal/chipwhisperer-fw-extra/stm32f4/stm32f4_hal_lowlevel.c ****     if((pData == NULL ) || (Size == 0))
1042:/home/reo/Documents/Repository/chipwhisperer/firmware/mcu/hal/chipwhisperer-fw-extra/stm32f4/stm32f4_hal_lowlevel.c ****     {
1043:/home/reo/Documents/Repository/chipwhisperer/firmware/mcu/hal/chipwhisperer-fw-extra/stm32f4/stm32f4_hal_lowlevel.c ****       return  HAL_ERROR;
1044:/home/reo/Documents/Repository/chipwhisperer/firmware/mcu/hal/chipwhisperer-fw-extra/stm32f4/stm32f4_hal_lowlevel.c ****     }
1045:/home/reo/Documents/Repository/chipwhisperer/firmware/mcu/hal/chipwhisperer-fw-extra/stm32f4/stm32f4_hal_lowlevel.c **** 
1046:/home/reo/Documents/Repository/chipwhisperer/firmware/mcu/hal/chipwhisperer-fw-extra/stm32f4/stm32f4_hal_lowlevel.c ****     /* Process Locked */
1047:/home/reo/Documents/Repository/chipwhisperer/firmware/mcu/hal/chipwhisperer-fw-extra/stm32f4/stm32f4_hal_lowlevel.c ****     __HAL_LOCK(huart);
1048:/home/reo/Documents/Repository/chipwhisperer/firmware/mcu/hal/chipwhisperer-fw-extra/stm32f4/stm32f4_hal_lowlevel.c **** 
1049:/home/reo/Documents/Repository/chipwhisperer/firmware/mcu/hal/chipwhisperer-fw-extra/stm32f4/stm32f4_hal_lowlevel.c ****     huart->ErrorCode = HAL_UART_ERROR_NONE;
1050:/home/reo/Documents/Repository/chipwhisperer/firmware/mcu/hal/chipwhisperer-fw-extra/stm32f4/stm32f4_hal_lowlevel.c ****     huart->RxState = HAL_UART_STATE_BUSY_RX;
1051:/home/reo/Documents/Repository/chipwhisperer/firmware/mcu/hal/chipwhisperer-fw-extra/stm32f4/stm32f4_hal_lowlevel.c **** 
1052:/home/reo/Documents/Repository/chipwhisperer/firmware/mcu/hal/chipwhisperer-fw-extra/stm32f4/stm32f4_hal_lowlevel.c ****     /* Init tickstart for timeout managment */
1053:/home/reo/Documents/Repository/chipwhisperer/firmware/mcu/hal/chipwhisperer-fw-extra/stm32f4/stm32f4_hal_lowlevel.c ****     //tickstart = HAL_GetTick();
1054:/home/reo/Documents/Repository/chipwhisperer/firmware/mcu/hal/chipwhisperer-fw-extra/stm32f4/stm32f4_hal_lowlevel.c **** 
1055:/home/reo/Documents/Repository/chipwhisperer/firmware/mcu/hal/chipwhisperer-fw-extra/stm32f4/stm32f4_hal_lowlevel.c ****     huart->RxXferSize = Size;
1056:/home/reo/Documents/Repository/chipwhisperer/firmware/mcu/hal/chipwhisperer-fw-extra/stm32f4/stm32f4_hal_lowlevel.c ****     huart->RxXferCount = Size;
1057:/home/reo/Documents/Repository/chipwhisperer/firmware/mcu/hal/chipwhisperer-fw-extra/stm32f4/stm32f4_hal_lowlevel.c **** 
1058:/home/reo/Documents/Repository/chipwhisperer/firmware/mcu/hal/chipwhisperer-fw-extra/stm32f4/stm32f4_hal_lowlevel.c ****     /* Check the remain data to be received */
1059:/home/reo/Documents/Repository/chipwhisperer/firmware/mcu/hal/chipwhisperer-fw-extra/stm32f4/stm32f4_hal_lowlevel.c ****     while(huart->RxXferCount > 0U)
1060:/home/reo/Documents/Repository/chipwhisperer/firmware/mcu/hal/chipwhisperer-fw-extra/stm32f4/stm32f4_hal_lowlevel.c ****     {
1061:/home/reo/Documents/Repository/chipwhisperer/firmware/mcu/hal/chipwhisperer-fw-extra/stm32f4/stm32f4_hal_lowlevel.c ****       huart->RxXferCount--;
1062:/home/reo/Documents/Repository/chipwhisperer/firmware/mcu/hal/chipwhisperer-fw-extra/stm32f4/stm32f4_hal_lowlevel.c ****       if(huart->Init.WordLength == UART_WORDLENGTH_9B)
1063:/home/reo/Documents/Repository/chipwhisperer/firmware/mcu/hal/chipwhisperer-fw-extra/stm32f4/stm32f4_hal_lowlevel.c ****       {
1064:/home/reo/Documents/Repository/chipwhisperer/firmware/mcu/hal/chipwhisperer-fw-extra/stm32f4/stm32f4_hal_lowlevel.c ****         if(UART_WaitOnFlagForever(huart, UART_FLAG_RXNE, RESET) != HAL_OK)
1065:/home/reo/Documents/Repository/chipwhisperer/firmware/mcu/hal/chipwhisperer-fw-extra/stm32f4/stm32f4_hal_lowlevel.c ****         {
1066:/home/reo/Documents/Repository/chipwhisperer/firmware/mcu/hal/chipwhisperer-fw-extra/stm32f4/stm32f4_hal_lowlevel.c ****           return HAL_TIMEOUT;
1067:/home/reo/Documents/Repository/chipwhisperer/firmware/mcu/hal/chipwhisperer-fw-extra/stm32f4/stm32f4_hal_lowlevel.c ****         }
1068:/home/reo/Documents/Repository/chipwhisperer/firmware/mcu/hal/chipwhisperer-fw-extra/stm32f4/stm32f4_hal_lowlevel.c ****         tmp = (uint16_t*) pData;
1069:/home/reo/Documents/Repository/chipwhisperer/firmware/mcu/hal/chipwhisperer-fw-extra/stm32f4/stm32f4_hal_lowlevel.c ****         if(huart->Init.Parity == UART_PARITY_NONE)
1070:/home/reo/Documents/Repository/chipwhisperer/firmware/mcu/hal/chipwhisperer-fw-extra/stm32f4/stm32f4_hal_lowlevel.c ****         {
1071:/home/reo/Documents/Repository/chipwhisperer/firmware/mcu/hal/chipwhisperer-fw-extra/stm32f4/stm32f4_hal_lowlevel.c ****           *tmp = (uint16_t)(huart->Instance->DR & (uint16_t)0x01FF);
1072:/home/reo/Documents/Repository/chipwhisperer/firmware/mcu/hal/chipwhisperer-fw-extra/stm32f4/stm32f4_hal_lowlevel.c ****           pData +=2U;
1073:/home/reo/Documents/Repository/chipwhisperer/firmware/mcu/hal/chipwhisperer-fw-extra/stm32f4/stm32f4_hal_lowlevel.c ****         }
1074:/home/reo/Documents/Repository/chipwhisperer/firmware/mcu/hal/chipwhisperer-fw-extra/stm32f4/stm32f4_hal_lowlevel.c ****         else
1075:/home/reo/Documents/Repository/chipwhisperer/firmware/mcu/hal/chipwhisperer-fw-extra/stm32f4/stm32f4_hal_lowlevel.c ****         {
1076:/home/reo/Documents/Repository/chipwhisperer/firmware/mcu/hal/chipwhisperer-fw-extra/stm32f4/stm32f4_hal_lowlevel.c ****           *tmp = (uint16_t)(huart->Instance->DR & (uint16_t)0x00FF);
1077:/home/reo/Documents/Repository/chipwhisperer/firmware/mcu/hal/chipwhisperer-fw-extra/stm32f4/stm32f4_hal_lowlevel.c ****           pData +=1U;
1078:/home/reo/Documents/Repository/chipwhisperer/firmware/mcu/hal/chipwhisperer-fw-extra/stm32f4/stm32f4_hal_lowlevel.c ****         }
1079:/home/reo/Documents/Repository/chipwhisperer/firmware/mcu/hal/chipwhisperer-fw-extra/stm32f4/stm32f4_hal_lowlevel.c **** 
1080:/home/reo/Documents/Repository/chipwhisperer/firmware/mcu/hal/chipwhisperer-fw-extra/stm32f4/stm32f4_hal_lowlevel.c ****       }
1081:/home/reo/Documents/Repository/chipwhisperer/firmware/mcu/hal/chipwhisperer-fw-extra/stm32f4/stm32f4_hal_lowlevel.c ****       else
1082:/home/reo/Documents/Repository/chipwhisperer/firmware/mcu/hal/chipwhisperer-fw-extra/stm32f4/stm32f4_hal_lowlevel.c ****       {
1083:/home/reo/Documents/Repository/chipwhisperer/firmware/mcu/hal/chipwhisperer-fw-extra/stm32f4/stm32f4_hal_lowlevel.c ****         if(UART_WaitOnFlagForever(huart, UART_FLAG_RXNE, RESET) != HAL_OK)
1084:/home/reo/Documents/Repository/chipwhisperer/firmware/mcu/hal/chipwhisperer-fw-extra/stm32f4/stm32f4_hal_lowlevel.c ****         {
1085:/home/reo/Documents/Repository/chipwhisperer/firmware/mcu/hal/chipwhisperer-fw-extra/stm32f4/stm32f4_hal_lowlevel.c ****           return HAL_TIMEOUT;
1086:/home/reo/Documents/Repository/chipwhisperer/firmware/mcu/hal/chipwhisperer-fw-extra/stm32f4/stm32f4_hal_lowlevel.c ****         }
1087:/home/reo/Documents/Repository/chipwhisperer/firmware/mcu/hal/chipwhisperer-fw-extra/stm32f4/stm32f4_hal_lowlevel.c ****         if(huart->Init.Parity == UART_PARITY_NONE)
1088:/home/reo/Documents/Repository/chipwhisperer/firmware/mcu/hal/chipwhisperer-fw-extra/stm32f4/stm32f4_hal_lowlevel.c ****         {
1089:/home/reo/Documents/Repository/chipwhisperer/firmware/mcu/hal/chipwhisperer-fw-extra/stm32f4/stm32f4_hal_lowlevel.c ****           *pData++ = (uint8_t)(huart->Instance->DR & (uint8_t)0x00FF);
1090:/home/reo/Documents/Repository/chipwhisperer/firmware/mcu/hal/chipwhisperer-fw-extra/stm32f4/stm32f4_hal_lowlevel.c ****         }
1091:/home/reo/Documents/Repository/chipwhisperer/firmware/mcu/hal/chipwhisperer-fw-extra/stm32f4/stm32f4_hal_lowlevel.c ****         else
1092:/home/reo/Documents/Repository/chipwhisperer/firmware/mcu/hal/chipwhisperer-fw-extra/stm32f4/stm32f4_hal_lowlevel.c ****         {
1093:/home/reo/Documents/Repository/chipwhisperer/firmware/mcu/hal/chipwhisperer-fw-extra/stm32f4/stm32f4_hal_lowlevel.c ****           *pData++ = (uint8_t)(huart->Instance->DR & (uint8_t)0x007F);
1094:/home/reo/Documents/Repository/chipwhisperer/firmware/mcu/hal/chipwhisperer-fw-extra/stm32f4/stm32f4_hal_lowlevel.c ****         }
1095:/home/reo/Documents/Repository/chipwhisperer/firmware/mcu/hal/chipwhisperer-fw-extra/stm32f4/stm32f4_hal_lowlevel.c **** 
1096:/home/reo/Documents/Repository/chipwhisperer/firmware/mcu/hal/chipwhisperer-fw-extra/stm32f4/stm32f4_hal_lowlevel.c ****       }
1097:/home/reo/Documents/Repository/chipwhisperer/firmware/mcu/hal/chipwhisperer-fw-extra/stm32f4/stm32f4_hal_lowlevel.c ****     }
1098:/home/reo/Documents/Repository/chipwhisperer/firmware/mcu/hal/chipwhisperer-fw-extra/stm32f4/stm32f4_hal_lowlevel.c **** 
1099:/home/reo/Documents/Repository/chipwhisperer/firmware/mcu/hal/chipwhisperer-fw-extra/stm32f4/stm32f4_hal_lowlevel.c ****     /* At end of Rx process, restore huart->RxState to Ready */
1100:/home/reo/Documents/Repository/chipwhisperer/firmware/mcu/hal/chipwhisperer-fw-extra/stm32f4/stm32f4_hal_lowlevel.c ****     huart->RxState = HAL_UART_STATE_READY;
1101:/home/reo/Documents/Repository/chipwhisperer/firmware/mcu/hal/chipwhisperer-fw-extra/stm32f4/stm32f4_hal_lowlevel.c **** 
1102:/home/reo/Documents/Repository/chipwhisperer/firmware/mcu/hal/chipwhisperer-fw-extra/stm32f4/stm32f4_hal_lowlevel.c ****     /* Process Unlocked */
1103:/home/reo/Documents/Repository/chipwhisperer/firmware/mcu/hal/chipwhisperer-fw-extra/stm32f4/stm32f4_hal_lowlevel.c ****     __HAL_UNLOCK(huart);
1104:/home/reo/Documents/Repository/chipwhisperer/firmware/mcu/hal/chipwhisperer-fw-extra/stm32f4/stm32f4_hal_lowlevel.c **** 
1105:/home/reo/Documents/Repository/chipwhisperer/firmware/mcu/hal/chipwhisperer-fw-extra/stm32f4/stm32f4_hal_lowlevel.c ****     return HAL_OK;
1106:/home/reo/Documents/Repository/chipwhisperer/firmware/mcu/hal/chipwhisperer-fw-extra/stm32f4/stm32f4_hal_lowlevel.c ****   }
1107:/home/reo/Documents/Repository/chipwhisperer/firmware/mcu/hal/chipwhisperer-fw-extra/stm32f4/stm32f4_hal_lowlevel.c ****   else
1108:/home/reo/Documents/Repository/chipwhisperer/firmware/mcu/hal/chipwhisperer-fw-extra/stm32f4/stm32f4_hal_lowlevel.c ****   {
1109:/home/reo/Documents/Repository/chipwhisperer/firmware/mcu/hal/chipwhisperer-fw-extra/stm32f4/stm32f4_hal_lowlevel.c ****     return HAL_BUSY;
1110:/home/reo/Documents/Repository/chipwhisperer/firmware/mcu/hal/chipwhisperer-fw-extra/stm32f4/stm32f4_hal_lowlevel.c ****   }
1111:/home/reo/Documents/Repository/chipwhisperer/firmware/mcu/hal/chipwhisperer-fw-extra/stm32f4/stm32f4_hal_lowlevel.c **** }
1112:/home/reo/Documents/Repository/chipwhisperer/firmware/mcu/hal/chipwhisperer-fw-extra/stm32f4/stm32f4_hal_lowlevel.c **** 
1113:/home/reo/Documents/Repository/chipwhisperer/firmware/mcu/hal/chipwhisperer-fw-extra/stm32f4/stm32f4_hal_lowlevel.c **** ///// ----- From stm32f4xx_cryp.c ------------------------------------------------
1114:/home/reo/Documents/Repository/chipwhisperer/firmware/mcu/hal/chipwhisperer-fw-extra/stm32f4/stm32f4_hal_lowlevel.c **** //#define FLAG_MASK     ((uint8_t)0x20)
1115:/home/reo/Documents/Repository/chipwhisperer/firmware/mcu/hal/chipwhisperer-fw-extra/stm32f4/stm32f4_hal_lowlevel.c **** 
1116:/home/reo/Documents/Repository/chipwhisperer/firmware/mcu/hal/chipwhisperer-fw-extra/stm32f4/stm32f4_hal_lowlevel.c **** ///**
1117:/home/reo/Documents/Repository/chipwhisperer/firmware/mcu/hal/chipwhisperer-fw-extra/stm32f4/stm32f4_hal_lowlevel.c ****   //* @brief  Fills each CRYP_KeyInitStruct member with its default value.
1118:/home/reo/Documents/Repository/chipwhisperer/firmware/mcu/hal/chipwhisperer-fw-extra/stm32f4/stm32f4_hal_lowlevel.c ****   //* @param  CRYP_KeyInitStruct: pointer to a CRYP_KeyInitTypeDef structure 
1119:/home/reo/Documents/Repository/chipwhisperer/firmware/mcu/hal/chipwhisperer-fw-extra/stm32f4/stm32f4_hal_lowlevel.c ****   //*         which will be initialized.
1120:/home/reo/Documents/Repository/chipwhisperer/firmware/mcu/hal/chipwhisperer-fw-extra/stm32f4/stm32f4_hal_lowlevel.c ****   //* @retval None
1121:/home/reo/Documents/Repository/chipwhisperer/firmware/mcu/hal/chipwhisperer-fw-extra/stm32f4/stm32f4_hal_lowlevel.c ****   //*/
1122:/home/reo/Documents/Repository/chipwhisperer/firmware/mcu/hal/chipwhisperer-fw-extra/stm32f4/stm32f4_hal_lowlevel.c **** //void CRYP_KeyStructInit(CRYP_KeyInitTypeDef* CRYP_KeyInitStruct)
1123:/home/reo/Documents/Repository/chipwhisperer/firmware/mcu/hal/chipwhisperer-fw-extra/stm32f4/stm32f4_hal_lowlevel.c **** //{
1124:/home/reo/Documents/Repository/chipwhisperer/firmware/mcu/hal/chipwhisperer-fw-extra/stm32f4/stm32f4_hal_lowlevel.c ****   //CRYP_KeyInitStruct->CRYP_Key0Left  = 0;
1125:/home/reo/Documents/Repository/chipwhisperer/firmware/mcu/hal/chipwhisperer-fw-extra/stm32f4/stm32f4_hal_lowlevel.c ****   //CRYP_KeyInitStruct->CRYP_Key0Right = 0;
1126:/home/reo/Documents/Repository/chipwhisperer/firmware/mcu/hal/chipwhisperer-fw-extra/stm32f4/stm32f4_hal_lowlevel.c ****   //CRYP_KeyInitStruct->CRYP_Key1Left  = 0;
1127:/home/reo/Documents/Repository/chipwhisperer/firmware/mcu/hal/chipwhisperer-fw-extra/stm32f4/stm32f4_hal_lowlevel.c ****   //CRYP_KeyInitStruct->CRYP_Key1Right = 0;
1128:/home/reo/Documents/Repository/chipwhisperer/firmware/mcu/hal/chipwhisperer-fw-extra/stm32f4/stm32f4_hal_lowlevel.c ****   //CRYP_KeyInitStruct->CRYP_Key2Left  = 0;
1129:/home/reo/Documents/Repository/chipwhisperer/firmware/mcu/hal/chipwhisperer-fw-extra/stm32f4/stm32f4_hal_lowlevel.c ****   //CRYP_KeyInitStruct->CRYP_Key2Right = 0;
1130:/home/reo/Documents/Repository/chipwhisperer/firmware/mcu/hal/chipwhisperer-fw-extra/stm32f4/stm32f4_hal_lowlevel.c ****   //CRYP_KeyInitStruct->CRYP_Key3Left  = 0;
1131:/home/reo/Documents/Repository/chipwhisperer/firmware/mcu/hal/chipwhisperer-fw-extra/stm32f4/stm32f4_hal_lowlevel.c ****   //CRYP_KeyInitStruct->CRYP_Key3Right = 0;
1132:/home/reo/Documents/Repository/chipwhisperer/firmware/mcu/hal/chipwhisperer-fw-extra/stm32f4/stm32f4_hal_lowlevel.c **** //}
1133:/home/reo/Documents/Repository/chipwhisperer/firmware/mcu/hal/chipwhisperer-fw-extra/stm32f4/stm32f4_hal_lowlevel.c **** 
1134:/home/reo/Documents/Repository/chipwhisperer/firmware/mcu/hal/chipwhisperer-fw-extra/stm32f4/stm32f4_hal_lowlevel.c **** ///**
1135:/home/reo/Documents/Repository/chipwhisperer/firmware/mcu/hal/chipwhisperer-fw-extra/stm32f4/stm32f4_hal_lowlevel.c ****   //* @brief  Flushes the IN and OUT FIFOs (that is read and write pointers of the 
1136:/home/reo/Documents/Repository/chipwhisperer/firmware/mcu/hal/chipwhisperer-fw-extra/stm32f4/stm32f4_hal_lowlevel.c ****   //*         FIFOs are reset)
1137:/home/reo/Documents/Repository/chipwhisperer/firmware/mcu/hal/chipwhisperer-fw-extra/stm32f4/stm32f4_hal_lowlevel.c ****   //* @note   The FIFOs must be flushed only when BUSY flag is reset.  
1138:/home/reo/Documents/Repository/chipwhisperer/firmware/mcu/hal/chipwhisperer-fw-extra/stm32f4/stm32f4_hal_lowlevel.c ****   //* @param  None
1139:/home/reo/Documents/Repository/chipwhisperer/firmware/mcu/hal/chipwhisperer-fw-extra/stm32f4/stm32f4_hal_lowlevel.c ****   //* @retval None
1140:/home/reo/Documents/Repository/chipwhisperer/firmware/mcu/hal/chipwhisperer-fw-extra/stm32f4/stm32f4_hal_lowlevel.c ****   //*/
1141:/home/reo/Documents/Repository/chipwhisperer/firmware/mcu/hal/chipwhisperer-fw-extra/stm32f4/stm32f4_hal_lowlevel.c **** //void CRYP_FIFOFlush(void)
1142:/home/reo/Documents/Repository/chipwhisperer/firmware/mcu/hal/chipwhisperer-fw-extra/stm32f4/stm32f4_hal_lowlevel.c **** //{
1143:/home/reo/Documents/Repository/chipwhisperer/firmware/mcu/hal/chipwhisperer-fw-extra/stm32f4/stm32f4_hal_lowlevel.c ****   ///* Reset the read and write pointers of the FIFOs */
1144:/home/reo/Documents/Repository/chipwhisperer/firmware/mcu/hal/chipwhisperer-fw-extra/stm32f4/stm32f4_hal_lowlevel.c ****   //CRYP->CR |= CRYP_CR_FFLUSH;
1145:/home/reo/Documents/Repository/chipwhisperer/firmware/mcu/hal/chipwhisperer-fw-extra/stm32f4/stm32f4_hal_lowlevel.c **** //}
1146:/home/reo/Documents/Repository/chipwhisperer/firmware/mcu/hal/chipwhisperer-fw-extra/stm32f4/stm32f4_hal_lowlevel.c **** 
1147:/home/reo/Documents/Repository/chipwhisperer/firmware/mcu/hal/chipwhisperer-fw-extra/stm32f4/stm32f4_hal_lowlevel.c **** ///**
1148:/home/reo/Documents/Repository/chipwhisperer/firmware/mcu/hal/chipwhisperer-fw-extra/stm32f4/stm32f4_hal_lowlevel.c ****   //* @brief  Initializes the CRYP peripheral according to the specified parameters
1149:/home/reo/Documents/Repository/chipwhisperer/firmware/mcu/hal/chipwhisperer-fw-extra/stm32f4/stm32f4_hal_lowlevel.c ****   //*         in the CRYP_InitStruct.
1150:/home/reo/Documents/Repository/chipwhisperer/firmware/mcu/hal/chipwhisperer-fw-extra/stm32f4/stm32f4_hal_lowlevel.c ****   //* @param  CRYP_InitStruct: pointer to a CRYP_InitTypeDef structure that contains
1151:/home/reo/Documents/Repository/chipwhisperer/firmware/mcu/hal/chipwhisperer-fw-extra/stm32f4/stm32f4_hal_lowlevel.c ****   //*         the configuration information for the CRYP peripheral.
1152:/home/reo/Documents/Repository/chipwhisperer/firmware/mcu/hal/chipwhisperer-fw-extra/stm32f4/stm32f4_hal_lowlevel.c ****   //* @retval None
1153:/home/reo/Documents/Repository/chipwhisperer/firmware/mcu/hal/chipwhisperer-fw-extra/stm32f4/stm32f4_hal_lowlevel.c ****   //*/
1154:/home/reo/Documents/Repository/chipwhisperer/firmware/mcu/hal/chipwhisperer-fw-extra/stm32f4/stm32f4_hal_lowlevel.c **** //void CRYP_Init(CRYP_InitTypeDef* CRYP_InitStruct)
1155:/home/reo/Documents/Repository/chipwhisperer/firmware/mcu/hal/chipwhisperer-fw-extra/stm32f4/stm32f4_hal_lowlevel.c **** //{
1156:/home/reo/Documents/Repository/chipwhisperer/firmware/mcu/hal/chipwhisperer-fw-extra/stm32f4/stm32f4_hal_lowlevel.c ****   ///* Check the parameters */
1157:/home/reo/Documents/Repository/chipwhisperer/firmware/mcu/hal/chipwhisperer-fw-extra/stm32f4/stm32f4_hal_lowlevel.c ****   //assert_param(IS_CRYP_ALGOMODE(CRYP_InitStruct->CRYP_AlgoMode));
1158:/home/reo/Documents/Repository/chipwhisperer/firmware/mcu/hal/chipwhisperer-fw-extra/stm32f4/stm32f4_hal_lowlevel.c ****   //assert_param(IS_CRYP_DATATYPE(CRYP_InitStruct->CRYP_DataType));
1159:/home/reo/Documents/Repository/chipwhisperer/firmware/mcu/hal/chipwhisperer-fw-extra/stm32f4/stm32f4_hal_lowlevel.c ****   //assert_param(IS_CRYP_ALGODIR(CRYP_InitStruct->CRYP_AlgoDir));
1160:/home/reo/Documents/Repository/chipwhisperer/firmware/mcu/hal/chipwhisperer-fw-extra/stm32f4/stm32f4_hal_lowlevel.c **** 
1161:/home/reo/Documents/Repository/chipwhisperer/firmware/mcu/hal/chipwhisperer-fw-extra/stm32f4/stm32f4_hal_lowlevel.c ****   ///* Select Algorithm mode*/  
1162:/home/reo/Documents/Repository/chipwhisperer/firmware/mcu/hal/chipwhisperer-fw-extra/stm32f4/stm32f4_hal_lowlevel.c ****   //CRYP->CR &= ~CRYP_CR_ALGOMODE;
1163:/home/reo/Documents/Repository/chipwhisperer/firmware/mcu/hal/chipwhisperer-fw-extra/stm32f4/stm32f4_hal_lowlevel.c ****   //CRYP->CR |= CRYP_InitStruct->CRYP_AlgoMode;
1164:/home/reo/Documents/Repository/chipwhisperer/firmware/mcu/hal/chipwhisperer-fw-extra/stm32f4/stm32f4_hal_lowlevel.c **** 
1165:/home/reo/Documents/Repository/chipwhisperer/firmware/mcu/hal/chipwhisperer-fw-extra/stm32f4/stm32f4_hal_lowlevel.c ****   ///* Select dataType */ 
1166:/home/reo/Documents/Repository/chipwhisperer/firmware/mcu/hal/chipwhisperer-fw-extra/stm32f4/stm32f4_hal_lowlevel.c ****   //CRYP->CR &= ~CRYP_CR_DATATYPE;
1167:/home/reo/Documents/Repository/chipwhisperer/firmware/mcu/hal/chipwhisperer-fw-extra/stm32f4/stm32f4_hal_lowlevel.c ****   //CRYP->CR |= CRYP_InitStruct->CRYP_DataType;
1168:/home/reo/Documents/Repository/chipwhisperer/firmware/mcu/hal/chipwhisperer-fw-extra/stm32f4/stm32f4_hal_lowlevel.c **** 
1169:/home/reo/Documents/Repository/chipwhisperer/firmware/mcu/hal/chipwhisperer-fw-extra/stm32f4/stm32f4_hal_lowlevel.c ****   ///* select Key size (used only with AES algorithm) */
1170:/home/reo/Documents/Repository/chipwhisperer/firmware/mcu/hal/chipwhisperer-fw-extra/stm32f4/stm32f4_hal_lowlevel.c ****   //if ((CRYP_InitStruct->CRYP_AlgoMode != CRYP_AlgoMode_TDES_ECB) &&
1171:/home/reo/Documents/Repository/chipwhisperer/firmware/mcu/hal/chipwhisperer-fw-extra/stm32f4/stm32f4_hal_lowlevel.c ****       //(CRYP_InitStruct->CRYP_AlgoMode != CRYP_AlgoMode_TDES_CBC) &&
1172:/home/reo/Documents/Repository/chipwhisperer/firmware/mcu/hal/chipwhisperer-fw-extra/stm32f4/stm32f4_hal_lowlevel.c ****       //(CRYP_InitStruct->CRYP_AlgoMode != CRYP_AlgoMode_DES_ECB) &&
1173:/home/reo/Documents/Repository/chipwhisperer/firmware/mcu/hal/chipwhisperer-fw-extra/stm32f4/stm32f4_hal_lowlevel.c ****       //(CRYP_InitStruct->CRYP_AlgoMode != CRYP_AlgoMode_DES_CBC))
1174:/home/reo/Documents/Repository/chipwhisperer/firmware/mcu/hal/chipwhisperer-fw-extra/stm32f4/stm32f4_hal_lowlevel.c ****   //{
1175:/home/reo/Documents/Repository/chipwhisperer/firmware/mcu/hal/chipwhisperer-fw-extra/stm32f4/stm32f4_hal_lowlevel.c ****     //assert_param(IS_CRYP_KEYSIZE(CRYP_InitStruct->CRYP_KeySize));
1176:/home/reo/Documents/Repository/chipwhisperer/firmware/mcu/hal/chipwhisperer-fw-extra/stm32f4/stm32f4_hal_lowlevel.c ****     //CRYP->CR &= ~CRYP_CR_KEYSIZE;
1177:/home/reo/Documents/Repository/chipwhisperer/firmware/mcu/hal/chipwhisperer-fw-extra/stm32f4/stm32f4_hal_lowlevel.c ****     //CRYP->CR |= CRYP_InitStruct->CRYP_KeySize; /* Key size and value must be 
1178:/home/reo/Documents/Repository/chipwhisperer/firmware/mcu/hal/chipwhisperer-fw-extra/stm32f4/stm32f4_hal_lowlevel.c ****                                                   //configured once the key has 
1179:/home/reo/Documents/Repository/chipwhisperer/firmware/mcu/hal/chipwhisperer-fw-extra/stm32f4/stm32f4_hal_lowlevel.c ****                                                   //been prepared */
1180:/home/reo/Documents/Repository/chipwhisperer/firmware/mcu/hal/chipwhisperer-fw-extra/stm32f4/stm32f4_hal_lowlevel.c ****   //}
1181:/home/reo/Documents/Repository/chipwhisperer/firmware/mcu/hal/chipwhisperer-fw-extra/stm32f4/stm32f4_hal_lowlevel.c **** 
1182:/home/reo/Documents/Repository/chipwhisperer/firmware/mcu/hal/chipwhisperer-fw-extra/stm32f4/stm32f4_hal_lowlevel.c ****   ///* Select data Direction */ 
1183:/home/reo/Documents/Repository/chipwhisperer/firmware/mcu/hal/chipwhisperer-fw-extra/stm32f4/stm32f4_hal_lowlevel.c ****   //CRYP->CR &= ~CRYP_CR_ALGODIR;
1184:/home/reo/Documents/Repository/chipwhisperer/firmware/mcu/hal/chipwhisperer-fw-extra/stm32f4/stm32f4_hal_lowlevel.c ****   //CRYP->CR |= CRYP_InitStruct->CRYP_AlgoDir;
1185:/home/reo/Documents/Repository/chipwhisperer/firmware/mcu/hal/chipwhisperer-fw-extra/stm32f4/stm32f4_hal_lowlevel.c **** //}
1186:/home/reo/Documents/Repository/chipwhisperer/firmware/mcu/hal/chipwhisperer-fw-extra/stm32f4/stm32f4_hal_lowlevel.c **** 
1187:/home/reo/Documents/Repository/chipwhisperer/firmware/mcu/hal/chipwhisperer-fw-extra/stm32f4/stm32f4_hal_lowlevel.c **** ///**
1188:/home/reo/Documents/Repository/chipwhisperer/firmware/mcu/hal/chipwhisperer-fw-extra/stm32f4/stm32f4_hal_lowlevel.c ****   //* @brief  Initializes the CRYP Keys according to the specified parameters in
1189:/home/reo/Documents/Repository/chipwhisperer/firmware/mcu/hal/chipwhisperer-fw-extra/stm32f4/stm32f4_hal_lowlevel.c ****   //*         the CRYP_KeyInitStruct.
1190:/home/reo/Documents/Repository/chipwhisperer/firmware/mcu/hal/chipwhisperer-fw-extra/stm32f4/stm32f4_hal_lowlevel.c ****   //* @param  CRYP_KeyInitStruct: pointer to a CRYP_KeyInitTypeDef structure that
1191:/home/reo/Documents/Repository/chipwhisperer/firmware/mcu/hal/chipwhisperer-fw-extra/stm32f4/stm32f4_hal_lowlevel.c ****   //*         contains the configuration information for the CRYP Keys.
1192:/home/reo/Documents/Repository/chipwhisperer/firmware/mcu/hal/chipwhisperer-fw-extra/stm32f4/stm32f4_hal_lowlevel.c ****   //* @retval None
1193:/home/reo/Documents/Repository/chipwhisperer/firmware/mcu/hal/chipwhisperer-fw-extra/stm32f4/stm32f4_hal_lowlevel.c ****   //*/
1194:/home/reo/Documents/Repository/chipwhisperer/firmware/mcu/hal/chipwhisperer-fw-extra/stm32f4/stm32f4_hal_lowlevel.c **** //void CRYP_KeyInit(CRYP_KeyInitTypeDef* CRYP_KeyInitStruct)
1195:/home/reo/Documents/Repository/chipwhisperer/firmware/mcu/hal/chipwhisperer-fw-extra/stm32f4/stm32f4_hal_lowlevel.c **** //{
1196:/home/reo/Documents/Repository/chipwhisperer/firmware/mcu/hal/chipwhisperer-fw-extra/stm32f4/stm32f4_hal_lowlevel.c ****   ///* Key Initialisation */
1197:/home/reo/Documents/Repository/chipwhisperer/firmware/mcu/hal/chipwhisperer-fw-extra/stm32f4/stm32f4_hal_lowlevel.c ****   //CRYP->K0LR = CRYP_KeyInitStruct->CRYP_Key0Left;
1198:/home/reo/Documents/Repository/chipwhisperer/firmware/mcu/hal/chipwhisperer-fw-extra/stm32f4/stm32f4_hal_lowlevel.c ****   //CRYP->K0RR = CRYP_KeyInitStruct->CRYP_Key0Right;
1199:/home/reo/Documents/Repository/chipwhisperer/firmware/mcu/hal/chipwhisperer-fw-extra/stm32f4/stm32f4_hal_lowlevel.c ****   //CRYP->K1LR = CRYP_KeyInitStruct->CRYP_Key1Left;
1200:/home/reo/Documents/Repository/chipwhisperer/firmware/mcu/hal/chipwhisperer-fw-extra/stm32f4/stm32f4_hal_lowlevel.c ****   //CRYP->K1RR = CRYP_KeyInitStruct->CRYP_Key1Right;
1201:/home/reo/Documents/Repository/chipwhisperer/firmware/mcu/hal/chipwhisperer-fw-extra/stm32f4/stm32f4_hal_lowlevel.c ****   //CRYP->K2LR = CRYP_KeyInitStruct->CRYP_Key2Left;
1202:/home/reo/Documents/Repository/chipwhisperer/firmware/mcu/hal/chipwhisperer-fw-extra/stm32f4/stm32f4_hal_lowlevel.c ****   //CRYP->K2RR = CRYP_KeyInitStruct->CRYP_Key2Right;
1203:/home/reo/Documents/Repository/chipwhisperer/firmware/mcu/hal/chipwhisperer-fw-extra/stm32f4/stm32f4_hal_lowlevel.c ****   //CRYP->K3LR = CRYP_KeyInitStruct->CRYP_Key3Left;
1204:/home/reo/Documents/Repository/chipwhisperer/firmware/mcu/hal/chipwhisperer-fw-extra/stm32f4/stm32f4_hal_lowlevel.c ****   //CRYP->K3RR = CRYP_KeyInitStruct->CRYP_Key3Right;
1205:/home/reo/Documents/Repository/chipwhisperer/firmware/mcu/hal/chipwhisperer-fw-extra/stm32f4/stm32f4_hal_lowlevel.c **** //}
1206:/home/reo/Documents/Repository/chipwhisperer/firmware/mcu/hal/chipwhisperer-fw-extra/stm32f4/stm32f4_hal_lowlevel.c **** 
1207:/home/reo/Documents/Repository/chipwhisperer/firmware/mcu/hal/chipwhisperer-fw-extra/stm32f4/stm32f4_hal_lowlevel.c **** ///**
1208:/home/reo/Documents/Repository/chipwhisperer/firmware/mcu/hal/chipwhisperer-fw-extra/stm32f4/stm32f4_hal_lowlevel.c ****   //* @brief  Enables or disables the CRYP peripheral.
1209:/home/reo/Documents/Repository/chipwhisperer/firmware/mcu/hal/chipwhisperer-fw-extra/stm32f4/stm32f4_hal_lowlevel.c ****   //* @param  NewState: new state of the CRYP peripheral.
1210:/home/reo/Documents/Repository/chipwhisperer/firmware/mcu/hal/chipwhisperer-fw-extra/stm32f4/stm32f4_hal_lowlevel.c ****   //*          This parameter can be: ENABLE or DISABLE.
1211:/home/reo/Documents/Repository/chipwhisperer/firmware/mcu/hal/chipwhisperer-fw-extra/stm32f4/stm32f4_hal_lowlevel.c ****   //* @retval None
1212:/home/reo/Documents/Repository/chipwhisperer/firmware/mcu/hal/chipwhisperer-fw-extra/stm32f4/stm32f4_hal_lowlevel.c ****   //*/
1213:/home/reo/Documents/Repository/chipwhisperer/firmware/mcu/hal/chipwhisperer-fw-extra/stm32f4/stm32f4_hal_lowlevel.c **** //void CRYP_Cmd(FunctionalState NewState)
1214:/home/reo/Documents/Repository/chipwhisperer/firmware/mcu/hal/chipwhisperer-fw-extra/stm32f4/stm32f4_hal_lowlevel.c **** //{
1215:/home/reo/Documents/Repository/chipwhisperer/firmware/mcu/hal/chipwhisperer-fw-extra/stm32f4/stm32f4_hal_lowlevel.c ****   ///* Check the parameters */
1216:/home/reo/Documents/Repository/chipwhisperer/firmware/mcu/hal/chipwhisperer-fw-extra/stm32f4/stm32f4_hal_lowlevel.c ****   //assert_param(IS_FUNCTIONAL_STATE(NewState));
1217:/home/reo/Documents/Repository/chipwhisperer/firmware/mcu/hal/chipwhisperer-fw-extra/stm32f4/stm32f4_hal_lowlevel.c **** 
1218:/home/reo/Documents/Repository/chipwhisperer/firmware/mcu/hal/chipwhisperer-fw-extra/stm32f4/stm32f4_hal_lowlevel.c ****   //if (NewState != DISABLE)
1219:/home/reo/Documents/Repository/chipwhisperer/firmware/mcu/hal/chipwhisperer-fw-extra/stm32f4/stm32f4_hal_lowlevel.c ****   //{
1220:/home/reo/Documents/Repository/chipwhisperer/firmware/mcu/hal/chipwhisperer-fw-extra/stm32f4/stm32f4_hal_lowlevel.c ****     ///* Enable the Cryptographic processor */
1221:/home/reo/Documents/Repository/chipwhisperer/firmware/mcu/hal/chipwhisperer-fw-extra/stm32f4/stm32f4_hal_lowlevel.c ****     //CRYP->CR |= CRYP_CR_CRYPEN;
1222:/home/reo/Documents/Repository/chipwhisperer/firmware/mcu/hal/chipwhisperer-fw-extra/stm32f4/stm32f4_hal_lowlevel.c ****   //}
1223:/home/reo/Documents/Repository/chipwhisperer/firmware/mcu/hal/chipwhisperer-fw-extra/stm32f4/stm32f4_hal_lowlevel.c ****   //else
1224:/home/reo/Documents/Repository/chipwhisperer/firmware/mcu/hal/chipwhisperer-fw-extra/stm32f4/stm32f4_hal_lowlevel.c ****   //{
1225:/home/reo/Documents/Repository/chipwhisperer/firmware/mcu/hal/chipwhisperer-fw-extra/stm32f4/stm32f4_hal_lowlevel.c ****     ///* Disable the Cryptographic processor */
1226:/home/reo/Documents/Repository/chipwhisperer/firmware/mcu/hal/chipwhisperer-fw-extra/stm32f4/stm32f4_hal_lowlevel.c ****     //CRYP->CR &= ~CRYP_CR_CRYPEN;
1227:/home/reo/Documents/Repository/chipwhisperer/firmware/mcu/hal/chipwhisperer-fw-extra/stm32f4/stm32f4_hal_lowlevel.c ****   //}
1228:/home/reo/Documents/Repository/chipwhisperer/firmware/mcu/hal/chipwhisperer-fw-extra/stm32f4/stm32f4_hal_lowlevel.c **** //}
1229:/home/reo/Documents/Repository/chipwhisperer/firmware/mcu/hal/chipwhisperer-fw-extra/stm32f4/stm32f4_hal_lowlevel.c **** 
1230:/home/reo/Documents/Repository/chipwhisperer/firmware/mcu/hal/chipwhisperer-fw-extra/stm32f4/stm32f4_hal_lowlevel.c **** ///**
1231:/home/reo/Documents/Repository/chipwhisperer/firmware/mcu/hal/chipwhisperer-fw-extra/stm32f4/stm32f4_hal_lowlevel.c ****   //* @brief  Returns whether CRYP peripheral is enabled or disabled.
1232:/home/reo/Documents/Repository/chipwhisperer/firmware/mcu/hal/chipwhisperer-fw-extra/stm32f4/stm32f4_hal_lowlevel.c ****   //* @param  none.
1233:/home/reo/Documents/Repository/chipwhisperer/firmware/mcu/hal/chipwhisperer-fw-extra/stm32f4/stm32f4_hal_lowlevel.c ****   //* @retval Current state of the CRYP peripheral (ENABLE or DISABLE).
1234:/home/reo/Documents/Repository/chipwhisperer/firmware/mcu/hal/chipwhisperer-fw-extra/stm32f4/stm32f4_hal_lowlevel.c ****   //*/
1235:/home/reo/Documents/Repository/chipwhisperer/firmware/mcu/hal/chipwhisperer-fw-extra/stm32f4/stm32f4_hal_lowlevel.c **** //FunctionalState CRYP_GetCmdStatus(void)
1236:/home/reo/Documents/Repository/chipwhisperer/firmware/mcu/hal/chipwhisperer-fw-extra/stm32f4/stm32f4_hal_lowlevel.c **** //{
1237:/home/reo/Documents/Repository/chipwhisperer/firmware/mcu/hal/chipwhisperer-fw-extra/stm32f4/stm32f4_hal_lowlevel.c ****   //FunctionalState state = DISABLE;
1238:/home/reo/Documents/Repository/chipwhisperer/firmware/mcu/hal/chipwhisperer-fw-extra/stm32f4/stm32f4_hal_lowlevel.c **** 
1239:/home/reo/Documents/Repository/chipwhisperer/firmware/mcu/hal/chipwhisperer-fw-extra/stm32f4/stm32f4_hal_lowlevel.c ****   //if ((CRYP->CR & CRYP_CR_CRYPEN) != 0)
1240:/home/reo/Documents/Repository/chipwhisperer/firmware/mcu/hal/chipwhisperer-fw-extra/stm32f4/stm32f4_hal_lowlevel.c ****   //{
1241:/home/reo/Documents/Repository/chipwhisperer/firmware/mcu/hal/chipwhisperer-fw-extra/stm32f4/stm32f4_hal_lowlevel.c ****     ///* CRYPEN bit is set */
1242:/home/reo/Documents/Repository/chipwhisperer/firmware/mcu/hal/chipwhisperer-fw-extra/stm32f4/stm32f4_hal_lowlevel.c ****     //state = ENABLE;
1243:/home/reo/Documents/Repository/chipwhisperer/firmware/mcu/hal/chipwhisperer-fw-extra/stm32f4/stm32f4_hal_lowlevel.c ****   //}
1244:/home/reo/Documents/Repository/chipwhisperer/firmware/mcu/hal/chipwhisperer-fw-extra/stm32f4/stm32f4_hal_lowlevel.c ****   //else
1245:/home/reo/Documents/Repository/chipwhisperer/firmware/mcu/hal/chipwhisperer-fw-extra/stm32f4/stm32f4_hal_lowlevel.c ****   //{
1246:/home/reo/Documents/Repository/chipwhisperer/firmware/mcu/hal/chipwhisperer-fw-extra/stm32f4/stm32f4_hal_lowlevel.c ****     ///* CRYPEN bit is reset */
1247:/home/reo/Documents/Repository/chipwhisperer/firmware/mcu/hal/chipwhisperer-fw-extra/stm32f4/stm32f4_hal_lowlevel.c ****     //state = DISABLE;
1248:/home/reo/Documents/Repository/chipwhisperer/firmware/mcu/hal/chipwhisperer-fw-extra/stm32f4/stm32f4_hal_lowlevel.c ****   //}
1249:/home/reo/Documents/Repository/chipwhisperer/firmware/mcu/hal/chipwhisperer-fw-extra/stm32f4/stm32f4_hal_lowlevel.c ****   //return state;
1250:/home/reo/Documents/Repository/chipwhisperer/firmware/mcu/hal/chipwhisperer-fw-extra/stm32f4/stm32f4_hal_lowlevel.c **** //}
1251:/home/reo/Documents/Repository/chipwhisperer/firmware/mcu/hal/chipwhisperer-fw-extra/stm32f4/stm32f4_hal_lowlevel.c **** 
1252:/home/reo/Documents/Repository/chipwhisperer/firmware/mcu/hal/chipwhisperer-fw-extra/stm32f4/stm32f4_hal_lowlevel.c **** ///**
1253:/home/reo/Documents/Repository/chipwhisperer/firmware/mcu/hal/chipwhisperer-fw-extra/stm32f4/stm32f4_hal_lowlevel.c ****   //* @brief  Writes data in the Data Input register (DIN).
1254:/home/reo/Documents/Repository/chipwhisperer/firmware/mcu/hal/chipwhisperer-fw-extra/stm32f4/stm32f4_hal_lowlevel.c ****   //* @note   After the DIN register has been read once or several times, 
1255:/home/reo/Documents/Repository/chipwhisperer/firmware/mcu/hal/chipwhisperer-fw-extra/stm32f4/stm32f4_hal_lowlevel.c ****   //*         the FIFO must be flushed (using CRYP_FIFOFlush() function).  
1256:/home/reo/Documents/Repository/chipwhisperer/firmware/mcu/hal/chipwhisperer-fw-extra/stm32f4/stm32f4_hal_lowlevel.c ****   //* @param  Data: data to write in Data Input register
1257:/home/reo/Documents/Repository/chipwhisperer/firmware/mcu/hal/chipwhisperer-fw-extra/stm32f4/stm32f4_hal_lowlevel.c ****   //* @retval None
1258:/home/reo/Documents/Repository/chipwhisperer/firmware/mcu/hal/chipwhisperer-fw-extra/stm32f4/stm32f4_hal_lowlevel.c ****   //*/
1259:/home/reo/Documents/Repository/chipwhisperer/firmware/mcu/hal/chipwhisperer-fw-extra/stm32f4/stm32f4_hal_lowlevel.c **** //void CRYP_DataIn(uint32_t Data)
1260:/home/reo/Documents/Repository/chipwhisperer/firmware/mcu/hal/chipwhisperer-fw-extra/stm32f4/stm32f4_hal_lowlevel.c **** //{
1261:/home/reo/Documents/Repository/chipwhisperer/firmware/mcu/hal/chipwhisperer-fw-extra/stm32f4/stm32f4_hal_lowlevel.c ****   //CRYP->DR = Data;
1262:/home/reo/Documents/Repository/chipwhisperer/firmware/mcu/hal/chipwhisperer-fw-extra/stm32f4/stm32f4_hal_lowlevel.c **** //}
1263:/home/reo/Documents/Repository/chipwhisperer/firmware/mcu/hal/chipwhisperer-fw-extra/stm32f4/stm32f4_hal_lowlevel.c **** 
1264:/home/reo/Documents/Repository/chipwhisperer/firmware/mcu/hal/chipwhisperer-fw-extra/stm32f4/stm32f4_hal_lowlevel.c **** ///**
1265:/home/reo/Documents/Repository/chipwhisperer/firmware/mcu/hal/chipwhisperer-fw-extra/stm32f4/stm32f4_hal_lowlevel.c ****   //* @brief  Returns the last data entered into the output FIFO.
1266:/home/reo/Documents/Repository/chipwhisperer/firmware/mcu/hal/chipwhisperer-fw-extra/stm32f4/stm32f4_hal_lowlevel.c ****   //* @param  None
1267:/home/reo/Documents/Repository/chipwhisperer/firmware/mcu/hal/chipwhisperer-fw-extra/stm32f4/stm32f4_hal_lowlevel.c ****   //* @retval Last data entered into the output FIFO.
1268:/home/reo/Documents/Repository/chipwhisperer/firmware/mcu/hal/chipwhisperer-fw-extra/stm32f4/stm32f4_hal_lowlevel.c ****   //*/
1269:/home/reo/Documents/Repository/chipwhisperer/firmware/mcu/hal/chipwhisperer-fw-extra/stm32f4/stm32f4_hal_lowlevel.c **** //uint32_t CRYP_DataOut(void)
1270:/home/reo/Documents/Repository/chipwhisperer/firmware/mcu/hal/chipwhisperer-fw-extra/stm32f4/stm32f4_hal_lowlevel.c **** //{
1271:/home/reo/Documents/Repository/chipwhisperer/firmware/mcu/hal/chipwhisperer-fw-extra/stm32f4/stm32f4_hal_lowlevel.c ****   //return CRYP->DOUT;
1272:/home/reo/Documents/Repository/chipwhisperer/firmware/mcu/hal/chipwhisperer-fw-extra/stm32f4/stm32f4_hal_lowlevel.c **** //}
1273:/home/reo/Documents/Repository/chipwhisperer/firmware/mcu/hal/chipwhisperer-fw-extra/stm32f4/stm32f4_hal_lowlevel.c **** 
1274:/home/reo/Documents/Repository/chipwhisperer/firmware/mcu/hal/chipwhisperer-fw-extra/stm32f4/stm32f4_hal_lowlevel.c **** ///**
1275:/home/reo/Documents/Repository/chipwhisperer/firmware/mcu/hal/chipwhisperer-fw-extra/stm32f4/stm32f4_hal_lowlevel.c ****   //* @brief  Checks whether the specified CRYP flag is set or not.
1276:/home/reo/Documents/Repository/chipwhisperer/firmware/mcu/hal/chipwhisperer-fw-extra/stm32f4/stm32f4_hal_lowlevel.c ****   //* @param  CRYP_FLAG: specifies the CRYP flag to check.
1277:/home/reo/Documents/Repository/chipwhisperer/firmware/mcu/hal/chipwhisperer-fw-extra/stm32f4/stm32f4_hal_lowlevel.c ****   //*          This parameter can be one of the following values:
1278:/home/reo/Documents/Repository/chipwhisperer/firmware/mcu/hal/chipwhisperer-fw-extra/stm32f4/stm32f4_hal_lowlevel.c ****   //*            @arg CRYP_FLAG_IFEM: Input FIFO Empty flag.
1279:/home/reo/Documents/Repository/chipwhisperer/firmware/mcu/hal/chipwhisperer-fw-extra/stm32f4/stm32f4_hal_lowlevel.c ****   //*            @arg CRYP_FLAG_IFNF: Input FIFO Not Full flag.
1280:/home/reo/Documents/Repository/chipwhisperer/firmware/mcu/hal/chipwhisperer-fw-extra/stm32f4/stm32f4_hal_lowlevel.c ****   //*            @arg CRYP_FLAG_OFNE: Output FIFO Not Empty flag.
1281:/home/reo/Documents/Repository/chipwhisperer/firmware/mcu/hal/chipwhisperer-fw-extra/stm32f4/stm32f4_hal_lowlevel.c ****   //*            @arg CRYP_FLAG_OFFU: Output FIFO Full flag.
1282:/home/reo/Documents/Repository/chipwhisperer/firmware/mcu/hal/chipwhisperer-fw-extra/stm32f4/stm32f4_hal_lowlevel.c ****   //*            @arg CRYP_FLAG_BUSY: Busy flag.
1283:/home/reo/Documents/Repository/chipwhisperer/firmware/mcu/hal/chipwhisperer-fw-extra/stm32f4/stm32f4_hal_lowlevel.c ****   //*            @arg CRYP_FLAG_OUTRIS: Output FIFO raw interrupt flag.
1284:/home/reo/Documents/Repository/chipwhisperer/firmware/mcu/hal/chipwhisperer-fw-extra/stm32f4/stm32f4_hal_lowlevel.c ****   //*            @arg CRYP_FLAG_INRIS: Input FIFO raw interrupt flag.
1285:/home/reo/Documents/Repository/chipwhisperer/firmware/mcu/hal/chipwhisperer-fw-extra/stm32f4/stm32f4_hal_lowlevel.c ****   //* @retval The new state of CRYP_FLAG (SET or RESET).
1286:/home/reo/Documents/Repository/chipwhisperer/firmware/mcu/hal/chipwhisperer-fw-extra/stm32f4/stm32f4_hal_lowlevel.c ****   //*/
1287:/home/reo/Documents/Repository/chipwhisperer/firmware/mcu/hal/chipwhisperer-fw-extra/stm32f4/stm32f4_hal_lowlevel.c **** //FlagStatus CRYP_GetFlagStatus(uint8_t CRYP_FLAG)
1288:/home/reo/Documents/Repository/chipwhisperer/firmware/mcu/hal/chipwhisperer-fw-extra/stm32f4/stm32f4_hal_lowlevel.c **** //{
1289:/home/reo/Documents/Repository/chipwhisperer/firmware/mcu/hal/chipwhisperer-fw-extra/stm32f4/stm32f4_hal_lowlevel.c ****   //FlagStatus bitstatus = RESET;
1290:/home/reo/Documents/Repository/chipwhisperer/firmware/mcu/hal/chipwhisperer-fw-extra/stm32f4/stm32f4_hal_lowlevel.c ****   //uint32_t tempreg = 0;
1291:/home/reo/Documents/Repository/chipwhisperer/firmware/mcu/hal/chipwhisperer-fw-extra/stm32f4/stm32f4_hal_lowlevel.c **** 
1292:/home/reo/Documents/Repository/chipwhisperer/firmware/mcu/hal/chipwhisperer-fw-extra/stm32f4/stm32f4_hal_lowlevel.c ****   ///* Check the parameters */
1293:/home/reo/Documents/Repository/chipwhisperer/firmware/mcu/hal/chipwhisperer-fw-extra/stm32f4/stm32f4_hal_lowlevel.c ****   //assert_param(IS_CRYP_GET_FLAG(CRYP_FLAG));
1294:/home/reo/Documents/Repository/chipwhisperer/firmware/mcu/hal/chipwhisperer-fw-extra/stm32f4/stm32f4_hal_lowlevel.c **** 
1295:/home/reo/Documents/Repository/chipwhisperer/firmware/mcu/hal/chipwhisperer-fw-extra/stm32f4/stm32f4_hal_lowlevel.c ****   ///* check if the FLAG is in RISR register */
1296:/home/reo/Documents/Repository/chipwhisperer/firmware/mcu/hal/chipwhisperer-fw-extra/stm32f4/stm32f4_hal_lowlevel.c ****   //if ((CRYP_FLAG & FLAG_MASK) != 0x00) 
1297:/home/reo/Documents/Repository/chipwhisperer/firmware/mcu/hal/chipwhisperer-fw-extra/stm32f4/stm32f4_hal_lowlevel.c ****   //{
1298:/home/reo/Documents/Repository/chipwhisperer/firmware/mcu/hal/chipwhisperer-fw-extra/stm32f4/stm32f4_hal_lowlevel.c ****     //tempreg = CRYP->RISR;
1299:/home/reo/Documents/Repository/chipwhisperer/firmware/mcu/hal/chipwhisperer-fw-extra/stm32f4/stm32f4_hal_lowlevel.c ****   //}
1300:/home/reo/Documents/Repository/chipwhisperer/firmware/mcu/hal/chipwhisperer-fw-extra/stm32f4/stm32f4_hal_lowlevel.c ****   //else  /* The FLAG is in SR register */
1301:/home/reo/Documents/Repository/chipwhisperer/firmware/mcu/hal/chipwhisperer-fw-extra/stm32f4/stm32f4_hal_lowlevel.c ****   //{
1302:/home/reo/Documents/Repository/chipwhisperer/firmware/mcu/hal/chipwhisperer-fw-extra/stm32f4/stm32f4_hal_lowlevel.c ****     //tempreg = CRYP->SR;
1303:/home/reo/Documents/Repository/chipwhisperer/firmware/mcu/hal/chipwhisperer-fw-extra/stm32f4/stm32f4_hal_lowlevel.c ****   //}
1304:/home/reo/Documents/Repository/chipwhisperer/firmware/mcu/hal/chipwhisperer-fw-extra/stm32f4/stm32f4_hal_lowlevel.c **** 
1305:/home/reo/Documents/Repository/chipwhisperer/firmware/mcu/hal/chipwhisperer-fw-extra/stm32f4/stm32f4_hal_lowlevel.c **** 
1306:/home/reo/Documents/Repository/chipwhisperer/firmware/mcu/hal/chipwhisperer-fw-extra/stm32f4/stm32f4_hal_lowlevel.c ****   ///* Check the status of the specified CRYP flag */
1307:/home/reo/Documents/Repository/chipwhisperer/firmware/mcu/hal/chipwhisperer-fw-extra/stm32f4/stm32f4_hal_lowlevel.c ****   //if ((tempreg & CRYP_FLAG ) != (uint8_t)RESET)
1308:/home/reo/Documents/Repository/chipwhisperer/firmware/mcu/hal/chipwhisperer-fw-extra/stm32f4/stm32f4_hal_lowlevel.c ****   //{
1309:/home/reo/Documents/Repository/chipwhisperer/firmware/mcu/hal/chipwhisperer-fw-extra/stm32f4/stm32f4_hal_lowlevel.c ****     ///* CRYP_FLAG is set */
1310:/home/reo/Documents/Repository/chipwhisperer/firmware/mcu/hal/chipwhisperer-fw-extra/stm32f4/stm32f4_hal_lowlevel.c ****     //bitstatus = SET;
1311:/home/reo/Documents/Repository/chipwhisperer/firmware/mcu/hal/chipwhisperer-fw-extra/stm32f4/stm32f4_hal_lowlevel.c ****   //}
1312:/home/reo/Documents/Repository/chipwhisperer/firmware/mcu/hal/chipwhisperer-fw-extra/stm32f4/stm32f4_hal_lowlevel.c ****   //else
1313:/home/reo/Documents/Repository/chipwhisperer/firmware/mcu/hal/chipwhisperer-fw-extra/stm32f4/stm32f4_hal_lowlevel.c ****   //{
1314:/home/reo/Documents/Repository/chipwhisperer/firmware/mcu/hal/chipwhisperer-fw-extra/stm32f4/stm32f4_hal_lowlevel.c ****     ///* CRYP_FLAG is reset */
1315:/home/reo/Documents/Repository/chipwhisperer/firmware/mcu/hal/chipwhisperer-fw-extra/stm32f4/stm32f4_hal_lowlevel.c ****     //bitstatus = RESET;
1316:/home/reo/Documents/Repository/chipwhisperer/firmware/mcu/hal/chipwhisperer-fw-extra/stm32f4/stm32f4_hal_lowlevel.c ****   //}
1317:/home/reo/Documents/Repository/chipwhisperer/firmware/mcu/hal/chipwhisperer-fw-extra/stm32f4/stm32f4_hal_lowlevel.c **** 
1318:/home/reo/Documents/Repository/chipwhisperer/firmware/mcu/hal/chipwhisperer-fw-extra/stm32f4/stm32f4_hal_lowlevel.c ****   ///* Return the CRYP_FLAG status */
1319:/home/reo/Documents/Repository/chipwhisperer/firmware/mcu/hal/chipwhisperer-fw-extra/stm32f4/stm32f4_hal_lowlevel.c ****   //return  bitstatus;
1320:/home/reo/Documents/Repository/chipwhisperer/firmware/mcu/hal/chipwhisperer-fw-extra/stm32f4/stm32f4_hal_lowlevel.c **** //}
1321:/home/reo/Documents/Repository/chipwhisperer/firmware/mcu/hal/chipwhisperer-fw-extra/stm32f4/stm32f4_hal_lowlevel.c **** 
1322:/home/reo/Documents/Repository/chipwhisperer/firmware/mcu/hal/chipwhisperer-fw-extra/stm32f4/stm32f4_hal_lowlevel.c **** ///// ----- From stm32f4xx_cryp_aes.c --------------------------------------------
1323:/home/reo/Documents/Repository/chipwhisperer/firmware/mcu/hal/chipwhisperer-fw-extra/stm32f4/stm32f4_hal_lowlevel.c **** //#define AESBUSY_TIMEOUT    ((uint32_t) 0x00010000)
1324:/home/reo/Documents/Repository/chipwhisperer/firmware/mcu/hal/chipwhisperer-fw-extra/stm32f4/stm32f4_hal_lowlevel.c **** 
1325:/home/reo/Documents/Repository/chipwhisperer/firmware/mcu/hal/chipwhisperer-fw-extra/stm32f4/stm32f4_hal_lowlevel.c **** ///**
1326:/home/reo/Documents/Repository/chipwhisperer/firmware/mcu/hal/chipwhisperer-fw-extra/stm32f4/stm32f4_hal_lowlevel.c ****   //* @brief  Encrypt and decrypt using AES in ECB Mode
1327:/home/reo/Documents/Repository/chipwhisperer/firmware/mcu/hal/chipwhisperer-fw-extra/stm32f4/stm32f4_hal_lowlevel.c ****   //* @param  Mode: encryption or decryption Mode.
1328:/home/reo/Documents/Repository/chipwhisperer/firmware/mcu/hal/chipwhisperer-fw-extra/stm32f4/stm32f4_hal_lowlevel.c ****   //*          This parameter can be one of the following values:
1329:/home/reo/Documents/Repository/chipwhisperer/firmware/mcu/hal/chipwhisperer-fw-extra/stm32f4/stm32f4_hal_lowlevel.c ****   //*            @arg MODE_ENCRYPT: Encryption
1330:/home/reo/Documents/Repository/chipwhisperer/firmware/mcu/hal/chipwhisperer-fw-extra/stm32f4/stm32f4_hal_lowlevel.c ****   //*            @arg MODE_DECRYPT: Decryption
1331:/home/reo/Documents/Repository/chipwhisperer/firmware/mcu/hal/chipwhisperer-fw-extra/stm32f4/stm32f4_hal_lowlevel.c ****   //* @param  Key: Key used for AES algorithm.
1332:/home/reo/Documents/Repository/chipwhisperer/firmware/mcu/hal/chipwhisperer-fw-extra/stm32f4/stm32f4_hal_lowlevel.c ****   //* @param  Keysize: length of the Key, must be a 128, 192 or 256.
1333:/home/reo/Documents/Repository/chipwhisperer/firmware/mcu/hal/chipwhisperer-fw-extra/stm32f4/stm32f4_hal_lowlevel.c ****   //* @param  Input: pointer to the Input buffer.
1334:/home/reo/Documents/Repository/chipwhisperer/firmware/mcu/hal/chipwhisperer-fw-extra/stm32f4/stm32f4_hal_lowlevel.c ****   //* @param  Ilength: length of the Input buffer, must be a multiple of 16.
1335:/home/reo/Documents/Repository/chipwhisperer/firmware/mcu/hal/chipwhisperer-fw-extra/stm32f4/stm32f4_hal_lowlevel.c ****   //* @param  Output: pointer to the returned buffer.
1336:/home/reo/Documents/Repository/chipwhisperer/firmware/mcu/hal/chipwhisperer-fw-extra/stm32f4/stm32f4_hal_lowlevel.c ****   //* @retval An ErrorStatus enumeration value:
1337:/home/reo/Documents/Repository/chipwhisperer/firmware/mcu/hal/chipwhisperer-fw-extra/stm32f4/stm32f4_hal_lowlevel.c ****   //*          - SUCCESS: Operation done
1338:/home/reo/Documents/Repository/chipwhisperer/firmware/mcu/hal/chipwhisperer-fw-extra/stm32f4/stm32f4_hal_lowlevel.c ****   //*          - ERROR: Operation failed
1339:/home/reo/Documents/Repository/chipwhisperer/firmware/mcu/hal/chipwhisperer-fw-extra/stm32f4/stm32f4_hal_lowlevel.c ****   //*/
1340:/home/reo/Documents/Repository/chipwhisperer/firmware/mcu/hal/chipwhisperer-fw-extra/stm32f4/stm32f4_hal_lowlevel.c **** //ErrorStatus CRYP_AES_ECB(uint8_t Mode, uint8_t* Key, uint16_t Keysize,
1341:/home/reo/Documents/Repository/chipwhisperer/firmware/mcu/hal/chipwhisperer-fw-extra/stm32f4/stm32f4_hal_lowlevel.c ****                          //uint8_t* Input, uint32_t Ilength, uint8_t* Output)
1342:/home/reo/Documents/Repository/chipwhisperer/firmware/mcu/hal/chipwhisperer-fw-extra/stm32f4/stm32f4_hal_lowlevel.c **** //{
1343:/home/reo/Documents/Repository/chipwhisperer/firmware/mcu/hal/chipwhisperer-fw-extra/stm32f4/stm32f4_hal_lowlevel.c ****   //CRYP_InitTypeDef AES_CRYP_InitStructure;
1344:/home/reo/Documents/Repository/chipwhisperer/firmware/mcu/hal/chipwhisperer-fw-extra/stm32f4/stm32f4_hal_lowlevel.c ****   //CRYP_KeyInitTypeDef AES_CRYP_KeyInitStructure;
1345:/home/reo/Documents/Repository/chipwhisperer/firmware/mcu/hal/chipwhisperer-fw-extra/stm32f4/stm32f4_hal_lowlevel.c ****   //__IO uint32_t counter = 0;
1346:/home/reo/Documents/Repository/chipwhisperer/firmware/mcu/hal/chipwhisperer-fw-extra/stm32f4/stm32f4_hal_lowlevel.c ****   //uint32_t busystatus = 0;
1347:/home/reo/Documents/Repository/chipwhisperer/firmware/mcu/hal/chipwhisperer-fw-extra/stm32f4/stm32f4_hal_lowlevel.c ****   //ErrorStatus status = SUCCESS;
1348:/home/reo/Documents/Repository/chipwhisperer/firmware/mcu/hal/chipwhisperer-fw-extra/stm32f4/stm32f4_hal_lowlevel.c ****   //uint32_t keyaddr    = (uint32_t)Key;
1349:/home/reo/Documents/Repository/chipwhisperer/firmware/mcu/hal/chipwhisperer-fw-extra/stm32f4/stm32f4_hal_lowlevel.c ****   //uint32_t inputaddr  = (uint32_t)Input;
1350:/home/reo/Documents/Repository/chipwhisperer/firmware/mcu/hal/chipwhisperer-fw-extra/stm32f4/stm32f4_hal_lowlevel.c ****   //uint32_t outputaddr = (uint32_t)Output;
1351:/home/reo/Documents/Repository/chipwhisperer/firmware/mcu/hal/chipwhisperer-fw-extra/stm32f4/stm32f4_hal_lowlevel.c ****   //uint32_t i = 0;
1352:/home/reo/Documents/Repository/chipwhisperer/firmware/mcu/hal/chipwhisperer-fw-extra/stm32f4/stm32f4_hal_lowlevel.c **** 
1353:/home/reo/Documents/Repository/chipwhisperer/firmware/mcu/hal/chipwhisperer-fw-extra/stm32f4/stm32f4_hal_lowlevel.c ****   ///* Crypto structures initialisation*/
1354:/home/reo/Documents/Repository/chipwhisperer/firmware/mcu/hal/chipwhisperer-fw-extra/stm32f4/stm32f4_hal_lowlevel.c ****   //CRYP_KeyStructInit(&AES_CRYP_KeyInitStructure);
1355:/home/reo/Documents/Repository/chipwhisperer/firmware/mcu/hal/chipwhisperer-fw-extra/stm32f4/stm32f4_hal_lowlevel.c **** 
1356:/home/reo/Documents/Repository/chipwhisperer/firmware/mcu/hal/chipwhisperer-fw-extra/stm32f4/stm32f4_hal_lowlevel.c ****   //switch(Keysize)
1357:/home/reo/Documents/Repository/chipwhisperer/firmware/mcu/hal/chipwhisperer-fw-extra/stm32f4/stm32f4_hal_lowlevel.c ****   //{
1358:/home/reo/Documents/Repository/chipwhisperer/firmware/mcu/hal/chipwhisperer-fw-extra/stm32f4/stm32f4_hal_lowlevel.c ****     //case 128:
1359:/home/reo/Documents/Repository/chipwhisperer/firmware/mcu/hal/chipwhisperer-fw-extra/stm32f4/stm32f4_hal_lowlevel.c ****     //AES_CRYP_InitStructure.CRYP_KeySize = CRYP_KeySize_128b;
1360:/home/reo/Documents/Repository/chipwhisperer/firmware/mcu/hal/chipwhisperer-fw-extra/stm32f4/stm32f4_hal_lowlevel.c ****     //AES_CRYP_KeyInitStructure.CRYP_Key2Left = __REV(*(uint32_t*)(keyaddr));
1361:/home/reo/Documents/Repository/chipwhisperer/firmware/mcu/hal/chipwhisperer-fw-extra/stm32f4/stm32f4_hal_lowlevel.c ****     //keyaddr+=4;
1362:/home/reo/Documents/Repository/chipwhisperer/firmware/mcu/hal/chipwhisperer-fw-extra/stm32f4/stm32f4_hal_lowlevel.c ****     //AES_CRYP_KeyInitStructure.CRYP_Key2Right= __REV(*(uint32_t*)(keyaddr));
1363:/home/reo/Documents/Repository/chipwhisperer/firmware/mcu/hal/chipwhisperer-fw-extra/stm32f4/stm32f4_hal_lowlevel.c ****     //keyaddr+=4;
1364:/home/reo/Documents/Repository/chipwhisperer/firmware/mcu/hal/chipwhisperer-fw-extra/stm32f4/stm32f4_hal_lowlevel.c ****     //AES_CRYP_KeyInitStructure.CRYP_Key3Left = __REV(*(uint32_t*)(keyaddr));
1365:/home/reo/Documents/Repository/chipwhisperer/firmware/mcu/hal/chipwhisperer-fw-extra/stm32f4/stm32f4_hal_lowlevel.c ****     //keyaddr+=4;
1366:/home/reo/Documents/Repository/chipwhisperer/firmware/mcu/hal/chipwhisperer-fw-extra/stm32f4/stm32f4_hal_lowlevel.c ****     //AES_CRYP_KeyInitStructure.CRYP_Key3Right= __REV(*(uint32_t*)(keyaddr));
1367:/home/reo/Documents/Repository/chipwhisperer/firmware/mcu/hal/chipwhisperer-fw-extra/stm32f4/stm32f4_hal_lowlevel.c ****     //break;
1368:/home/reo/Documents/Repository/chipwhisperer/firmware/mcu/hal/chipwhisperer-fw-extra/stm32f4/stm32f4_hal_lowlevel.c ****     //case 192:
1369:/home/reo/Documents/Repository/chipwhisperer/firmware/mcu/hal/chipwhisperer-fw-extra/stm32f4/stm32f4_hal_lowlevel.c ****     //AES_CRYP_InitStructure.CRYP_KeySize  = CRYP_KeySize_192b;
1370:/home/reo/Documents/Repository/chipwhisperer/firmware/mcu/hal/chipwhisperer-fw-extra/stm32f4/stm32f4_hal_lowlevel.c ****     //AES_CRYP_KeyInitStructure.CRYP_Key1Left = __REV(*(uint32_t*)(keyaddr));
1371:/home/reo/Documents/Repository/chipwhisperer/firmware/mcu/hal/chipwhisperer-fw-extra/stm32f4/stm32f4_hal_lowlevel.c ****     //keyaddr+=4;
1372:/home/reo/Documents/Repository/chipwhisperer/firmware/mcu/hal/chipwhisperer-fw-extra/stm32f4/stm32f4_hal_lowlevel.c ****     //AES_CRYP_KeyInitStructure.CRYP_Key1Right= __REV(*(uint32_t*)(keyaddr));
1373:/home/reo/Documents/Repository/chipwhisperer/firmware/mcu/hal/chipwhisperer-fw-extra/stm32f4/stm32f4_hal_lowlevel.c ****     //keyaddr+=4;
1374:/home/reo/Documents/Repository/chipwhisperer/firmware/mcu/hal/chipwhisperer-fw-extra/stm32f4/stm32f4_hal_lowlevel.c ****     //AES_CRYP_KeyInitStructure.CRYP_Key2Left = __REV(*(uint32_t*)(keyaddr));
1375:/home/reo/Documents/Repository/chipwhisperer/firmware/mcu/hal/chipwhisperer-fw-extra/stm32f4/stm32f4_hal_lowlevel.c ****     //keyaddr+=4;
1376:/home/reo/Documents/Repository/chipwhisperer/firmware/mcu/hal/chipwhisperer-fw-extra/stm32f4/stm32f4_hal_lowlevel.c ****     //AES_CRYP_KeyInitStructure.CRYP_Key2Right= __REV(*(uint32_t*)(keyaddr));
1377:/home/reo/Documents/Repository/chipwhisperer/firmware/mcu/hal/chipwhisperer-fw-extra/stm32f4/stm32f4_hal_lowlevel.c ****     //keyaddr+=4;
1378:/home/reo/Documents/Repository/chipwhisperer/firmware/mcu/hal/chipwhisperer-fw-extra/stm32f4/stm32f4_hal_lowlevel.c ****     //AES_CRYP_KeyInitStructure.CRYP_Key3Left = __REV(*(uint32_t*)(keyaddr));
1379:/home/reo/Documents/Repository/chipwhisperer/firmware/mcu/hal/chipwhisperer-fw-extra/stm32f4/stm32f4_hal_lowlevel.c ****     //keyaddr+=4;
1380:/home/reo/Documents/Repository/chipwhisperer/firmware/mcu/hal/chipwhisperer-fw-extra/stm32f4/stm32f4_hal_lowlevel.c ****     //AES_CRYP_KeyInitStructure.CRYP_Key3Right= __REV(*(uint32_t*)(keyaddr));
1381:/home/reo/Documents/Repository/chipwhisperer/firmware/mcu/hal/chipwhisperer-fw-extra/stm32f4/stm32f4_hal_lowlevel.c ****     //break;
1382:/home/reo/Documents/Repository/chipwhisperer/firmware/mcu/hal/chipwhisperer-fw-extra/stm32f4/stm32f4_hal_lowlevel.c ****     //case 256:
1383:/home/reo/Documents/Repository/chipwhisperer/firmware/mcu/hal/chipwhisperer-fw-extra/stm32f4/stm32f4_hal_lowlevel.c ****     //AES_CRYP_InitStructure.CRYP_KeySize  = CRYP_KeySize_256b;
1384:/home/reo/Documents/Repository/chipwhisperer/firmware/mcu/hal/chipwhisperer-fw-extra/stm32f4/stm32f4_hal_lowlevel.c ****     //AES_CRYP_KeyInitStructure.CRYP_Key0Left = __REV(*(uint32_t*)(keyaddr));
1385:/home/reo/Documents/Repository/chipwhisperer/firmware/mcu/hal/chipwhisperer-fw-extra/stm32f4/stm32f4_hal_lowlevel.c ****     //keyaddr+=4;
1386:/home/reo/Documents/Repository/chipwhisperer/firmware/mcu/hal/chipwhisperer-fw-extra/stm32f4/stm32f4_hal_lowlevel.c ****     //AES_CRYP_KeyInitStructure.CRYP_Key0Right= __REV(*(uint32_t*)(keyaddr));
1387:/home/reo/Documents/Repository/chipwhisperer/firmware/mcu/hal/chipwhisperer-fw-extra/stm32f4/stm32f4_hal_lowlevel.c ****     //keyaddr+=4;
1388:/home/reo/Documents/Repository/chipwhisperer/firmware/mcu/hal/chipwhisperer-fw-extra/stm32f4/stm32f4_hal_lowlevel.c ****     //AES_CRYP_KeyInitStructure.CRYP_Key1Left = __REV(*(uint32_t*)(keyaddr));
1389:/home/reo/Documents/Repository/chipwhisperer/firmware/mcu/hal/chipwhisperer-fw-extra/stm32f4/stm32f4_hal_lowlevel.c ****     //keyaddr+=4;
1390:/home/reo/Documents/Repository/chipwhisperer/firmware/mcu/hal/chipwhisperer-fw-extra/stm32f4/stm32f4_hal_lowlevel.c ****     //AES_CRYP_KeyInitStructure.CRYP_Key1Right= __REV(*(uint32_t*)(keyaddr));
1391:/home/reo/Documents/Repository/chipwhisperer/firmware/mcu/hal/chipwhisperer-fw-extra/stm32f4/stm32f4_hal_lowlevel.c ****     //keyaddr+=4;
1392:/home/reo/Documents/Repository/chipwhisperer/firmware/mcu/hal/chipwhisperer-fw-extra/stm32f4/stm32f4_hal_lowlevel.c ****     //AES_CRYP_KeyInitStructure.CRYP_Key2Left = __REV(*(uint32_t*)(keyaddr));
1393:/home/reo/Documents/Repository/chipwhisperer/firmware/mcu/hal/chipwhisperer-fw-extra/stm32f4/stm32f4_hal_lowlevel.c ****     //keyaddr+=4;
1394:/home/reo/Documents/Repository/chipwhisperer/firmware/mcu/hal/chipwhisperer-fw-extra/stm32f4/stm32f4_hal_lowlevel.c ****     //AES_CRYP_KeyInitStructure.CRYP_Key2Right= __REV(*(uint32_t*)(keyaddr));
1395:/home/reo/Documents/Repository/chipwhisperer/firmware/mcu/hal/chipwhisperer-fw-extra/stm32f4/stm32f4_hal_lowlevel.c ****     //keyaddr+=4;
1396:/home/reo/Documents/Repository/chipwhisperer/firmware/mcu/hal/chipwhisperer-fw-extra/stm32f4/stm32f4_hal_lowlevel.c ****     //AES_CRYP_KeyInitStructure.CRYP_Key3Left = __REV(*(uint32_t*)(keyaddr));
1397:/home/reo/Documents/Repository/chipwhisperer/firmware/mcu/hal/chipwhisperer-fw-extra/stm32f4/stm32f4_hal_lowlevel.c ****     //keyaddr+=4;
1398:/home/reo/Documents/Repository/chipwhisperer/firmware/mcu/hal/chipwhisperer-fw-extra/stm32f4/stm32f4_hal_lowlevel.c ****     //AES_CRYP_KeyInitStructure.CRYP_Key3Right= __REV(*(uint32_t*)(keyaddr));
1399:/home/reo/Documents/Repository/chipwhisperer/firmware/mcu/hal/chipwhisperer-fw-extra/stm32f4/stm32f4_hal_lowlevel.c ****     //break;
1400:/home/reo/Documents/Repository/chipwhisperer/firmware/mcu/hal/chipwhisperer-fw-extra/stm32f4/stm32f4_hal_lowlevel.c ****     //default:
1401:/home/reo/Documents/Repository/chipwhisperer/firmware/mcu/hal/chipwhisperer-fw-extra/stm32f4/stm32f4_hal_lowlevel.c ****     //break;
1402:/home/reo/Documents/Repository/chipwhisperer/firmware/mcu/hal/chipwhisperer-fw-extra/stm32f4/stm32f4_hal_lowlevel.c ****   //}
1403:/home/reo/Documents/Repository/chipwhisperer/firmware/mcu/hal/chipwhisperer-fw-extra/stm32f4/stm32f4_hal_lowlevel.c ****   
1404:/home/reo/Documents/Repository/chipwhisperer/firmware/mcu/hal/chipwhisperer-fw-extra/stm32f4/stm32f4_hal_lowlevel.c ****   ///*------------------ AES Decryption ------------------*/
1405:/home/reo/Documents/Repository/chipwhisperer/firmware/mcu/hal/chipwhisperer-fw-extra/stm32f4/stm32f4_hal_lowlevel.c ****   //if(Mode == MODE_DECRYPT) /* AES decryption */
1406:/home/reo/Documents/Repository/chipwhisperer/firmware/mcu/hal/chipwhisperer-fw-extra/stm32f4/stm32f4_hal_lowlevel.c ****   //{
1407:/home/reo/Documents/Repository/chipwhisperer/firmware/mcu/hal/chipwhisperer-fw-extra/stm32f4/stm32f4_hal_lowlevel.c ****     ///* Flush IN/OUT FIFOs */
1408:/home/reo/Documents/Repository/chipwhisperer/firmware/mcu/hal/chipwhisperer-fw-extra/stm32f4/stm32f4_hal_lowlevel.c ****     //CRYP_FIFOFlush();
1409:/home/reo/Documents/Repository/chipwhisperer/firmware/mcu/hal/chipwhisperer-fw-extra/stm32f4/stm32f4_hal_lowlevel.c **** 
1410:/home/reo/Documents/Repository/chipwhisperer/firmware/mcu/hal/chipwhisperer-fw-extra/stm32f4/stm32f4_hal_lowlevel.c ****     ///* Crypto Init for Key preparation for decryption process */
1411:/home/reo/Documents/Repository/chipwhisperer/firmware/mcu/hal/chipwhisperer-fw-extra/stm32f4/stm32f4_hal_lowlevel.c ****     //AES_CRYP_InitStructure.CRYP_AlgoDir = CRYP_AlgoDir_Decrypt;
1412:/home/reo/Documents/Repository/chipwhisperer/firmware/mcu/hal/chipwhisperer-fw-extra/stm32f4/stm32f4_hal_lowlevel.c ****     //AES_CRYP_InitStructure.CRYP_AlgoMode = CRYP_AlgoMode_AES_Key;
1413:/home/reo/Documents/Repository/chipwhisperer/firmware/mcu/hal/chipwhisperer-fw-extra/stm32f4/stm32f4_hal_lowlevel.c ****     //AES_CRYP_InitStructure.CRYP_DataType = CRYP_DataType_32b;
1414:/home/reo/Documents/Repository/chipwhisperer/firmware/mcu/hal/chipwhisperer-fw-extra/stm32f4/stm32f4_hal_lowlevel.c ****     //CRYP_Init(&AES_CRYP_InitStructure);
1415:/home/reo/Documents/Repository/chipwhisperer/firmware/mcu/hal/chipwhisperer-fw-extra/stm32f4/stm32f4_hal_lowlevel.c **** 
1416:/home/reo/Documents/Repository/chipwhisperer/firmware/mcu/hal/chipwhisperer-fw-extra/stm32f4/stm32f4_hal_lowlevel.c ****     ///* Key Initialisation */
1417:/home/reo/Documents/Repository/chipwhisperer/firmware/mcu/hal/chipwhisperer-fw-extra/stm32f4/stm32f4_hal_lowlevel.c ****     //CRYP_KeyInit(&AES_CRYP_KeyInitStructure);
1418:/home/reo/Documents/Repository/chipwhisperer/firmware/mcu/hal/chipwhisperer-fw-extra/stm32f4/stm32f4_hal_lowlevel.c **** 
1419:/home/reo/Documents/Repository/chipwhisperer/firmware/mcu/hal/chipwhisperer-fw-extra/stm32f4/stm32f4_hal_lowlevel.c ****     ///* Enable Crypto processor */
1420:/home/reo/Documents/Repository/chipwhisperer/firmware/mcu/hal/chipwhisperer-fw-extra/stm32f4/stm32f4_hal_lowlevel.c ****     //CRYP_Cmd(ENABLE);
1421:/home/reo/Documents/Repository/chipwhisperer/firmware/mcu/hal/chipwhisperer-fw-extra/stm32f4/stm32f4_hal_lowlevel.c **** 
1422:/home/reo/Documents/Repository/chipwhisperer/firmware/mcu/hal/chipwhisperer-fw-extra/stm32f4/stm32f4_hal_lowlevel.c ****     ///* wait until the Busy flag is RESET */
1423:/home/reo/Documents/Repository/chipwhisperer/firmware/mcu/hal/chipwhisperer-fw-extra/stm32f4/stm32f4_hal_lowlevel.c ****     //do
1424:/home/reo/Documents/Repository/chipwhisperer/firmware/mcu/hal/chipwhisperer-fw-extra/stm32f4/stm32f4_hal_lowlevel.c ****     //{
1425:/home/reo/Documents/Repository/chipwhisperer/firmware/mcu/hal/chipwhisperer-fw-extra/stm32f4/stm32f4_hal_lowlevel.c ****       //busystatus = CRYP_GetFlagStatus(CRYP_FLAG_BUSY);
1426:/home/reo/Documents/Repository/chipwhisperer/firmware/mcu/hal/chipwhisperer-fw-extra/stm32f4/stm32f4_hal_lowlevel.c ****       //counter++;
1427:/home/reo/Documents/Repository/chipwhisperer/firmware/mcu/hal/chipwhisperer-fw-extra/stm32f4/stm32f4_hal_lowlevel.c ****     //}while ((counter != AESBUSY_TIMEOUT) && (busystatus != RESET));
1428:/home/reo/Documents/Repository/chipwhisperer/firmware/mcu/hal/chipwhisperer-fw-extra/stm32f4/stm32f4_hal_lowlevel.c **** 
1429:/home/reo/Documents/Repository/chipwhisperer/firmware/mcu/hal/chipwhisperer-fw-extra/stm32f4/stm32f4_hal_lowlevel.c ****     //if (busystatus != RESET)
1430:/home/reo/Documents/Repository/chipwhisperer/firmware/mcu/hal/chipwhisperer-fw-extra/stm32f4/stm32f4_hal_lowlevel.c ****    //{
1431:/home/reo/Documents/Repository/chipwhisperer/firmware/mcu/hal/chipwhisperer-fw-extra/stm32f4/stm32f4_hal_lowlevel.c ****        //status = ERROR;
1432:/home/reo/Documents/Repository/chipwhisperer/firmware/mcu/hal/chipwhisperer-fw-extra/stm32f4/stm32f4_hal_lowlevel.c ****     //}
1433:/home/reo/Documents/Repository/chipwhisperer/firmware/mcu/hal/chipwhisperer-fw-extra/stm32f4/stm32f4_hal_lowlevel.c ****     //else
1434:/home/reo/Documents/Repository/chipwhisperer/firmware/mcu/hal/chipwhisperer-fw-extra/stm32f4/stm32f4_hal_lowlevel.c ****     //{
1435:/home/reo/Documents/Repository/chipwhisperer/firmware/mcu/hal/chipwhisperer-fw-extra/stm32f4/stm32f4_hal_lowlevel.c ****       ///* Crypto Init for decryption process */  
1436:/home/reo/Documents/Repository/chipwhisperer/firmware/mcu/hal/chipwhisperer-fw-extra/stm32f4/stm32f4_hal_lowlevel.c ****       //AES_CRYP_InitStructure.CRYP_AlgoDir = CRYP_AlgoDir_Decrypt;
1437:/home/reo/Documents/Repository/chipwhisperer/firmware/mcu/hal/chipwhisperer-fw-extra/stm32f4/stm32f4_hal_lowlevel.c ****     //}
1438:/home/reo/Documents/Repository/chipwhisperer/firmware/mcu/hal/chipwhisperer-fw-extra/stm32f4/stm32f4_hal_lowlevel.c ****   //}
1439:/home/reo/Documents/Repository/chipwhisperer/firmware/mcu/hal/chipwhisperer-fw-extra/stm32f4/stm32f4_hal_lowlevel.c ****   ///*------------------ AES Encryption ------------------*/
1440:/home/reo/Documents/Repository/chipwhisperer/firmware/mcu/hal/chipwhisperer-fw-extra/stm32f4/stm32f4_hal_lowlevel.c ****   //else /* AES encryption */
1441:/home/reo/Documents/Repository/chipwhisperer/firmware/mcu/hal/chipwhisperer-fw-extra/stm32f4/stm32f4_hal_lowlevel.c ****   //{
1442:/home/reo/Documents/Repository/chipwhisperer/firmware/mcu/hal/chipwhisperer-fw-extra/stm32f4/stm32f4_hal_lowlevel.c **** 
1443:/home/reo/Documents/Repository/chipwhisperer/firmware/mcu/hal/chipwhisperer-fw-extra/stm32f4/stm32f4_hal_lowlevel.c ****     //CRYP_KeyInit(&AES_CRYP_KeyInitStructure);
1444:/home/reo/Documents/Repository/chipwhisperer/firmware/mcu/hal/chipwhisperer-fw-extra/stm32f4/stm32f4_hal_lowlevel.c **** 
1445:/home/reo/Documents/Repository/chipwhisperer/firmware/mcu/hal/chipwhisperer-fw-extra/stm32f4/stm32f4_hal_lowlevel.c ****     ///* Crypto Init for Encryption process */
1446:/home/reo/Documents/Repository/chipwhisperer/firmware/mcu/hal/chipwhisperer-fw-extra/stm32f4/stm32f4_hal_lowlevel.c ****     //AES_CRYP_InitStructure.CRYP_AlgoDir  = CRYP_AlgoDir_Encrypt;
1447:/home/reo/Documents/Repository/chipwhisperer/firmware/mcu/hal/chipwhisperer-fw-extra/stm32f4/stm32f4_hal_lowlevel.c ****   //}
1448:/home/reo/Documents/Repository/chipwhisperer/firmware/mcu/hal/chipwhisperer-fw-extra/stm32f4/stm32f4_hal_lowlevel.c **** 
1449:/home/reo/Documents/Repository/chipwhisperer/firmware/mcu/hal/chipwhisperer-fw-extra/stm32f4/stm32f4_hal_lowlevel.c ****   //AES_CRYP_InitStructure.CRYP_AlgoMode = CRYP_AlgoMode_AES_ECB;
1450:/home/reo/Documents/Repository/chipwhisperer/firmware/mcu/hal/chipwhisperer-fw-extra/stm32f4/stm32f4_hal_lowlevel.c ****   //AES_CRYP_InitStructure.CRYP_DataType = CRYP_DataType_8b;
1451:/home/reo/Documents/Repository/chipwhisperer/firmware/mcu/hal/chipwhisperer-fw-extra/stm32f4/stm32f4_hal_lowlevel.c ****   //CRYP_Init(&AES_CRYP_InitStructure);
1452:/home/reo/Documents/Repository/chipwhisperer/firmware/mcu/hal/chipwhisperer-fw-extra/stm32f4/stm32f4_hal_lowlevel.c **** 
1453:/home/reo/Documents/Repository/chipwhisperer/firmware/mcu/hal/chipwhisperer-fw-extra/stm32f4/stm32f4_hal_lowlevel.c ****   ///* Flush IN/OUT FIFOs */
1454:/home/reo/Documents/Repository/chipwhisperer/firmware/mcu/hal/chipwhisperer-fw-extra/stm32f4/stm32f4_hal_lowlevel.c ****   //CRYP_FIFOFlush();
1455:/home/reo/Documents/Repository/chipwhisperer/firmware/mcu/hal/chipwhisperer-fw-extra/stm32f4/stm32f4_hal_lowlevel.c **** 
1456:/home/reo/Documents/Repository/chipwhisperer/firmware/mcu/hal/chipwhisperer-fw-extra/stm32f4/stm32f4_hal_lowlevel.c ****   ///* Enable Crypto processor */
1457:/home/reo/Documents/Repository/chipwhisperer/firmware/mcu/hal/chipwhisperer-fw-extra/stm32f4/stm32f4_hal_lowlevel.c ****   //CRYP_Cmd(ENABLE);
1458:/home/reo/Documents/Repository/chipwhisperer/firmware/mcu/hal/chipwhisperer-fw-extra/stm32f4/stm32f4_hal_lowlevel.c **** 
1459:/home/reo/Documents/Repository/chipwhisperer/firmware/mcu/hal/chipwhisperer-fw-extra/stm32f4/stm32f4_hal_lowlevel.c ****   //if(CRYP_GetCmdStatus() == DISABLE)
1460:/home/reo/Documents/Repository/chipwhisperer/firmware/mcu/hal/chipwhisperer-fw-extra/stm32f4/stm32f4_hal_lowlevel.c ****   //{
1461:/home/reo/Documents/Repository/chipwhisperer/firmware/mcu/hal/chipwhisperer-fw-extra/stm32f4/stm32f4_hal_lowlevel.c ****     ///* The CRYP peripheral clock is not enabled or the device doesn't embed 
1462:/home/reo/Documents/Repository/chipwhisperer/firmware/mcu/hal/chipwhisperer-fw-extra/stm32f4/stm32f4_hal_lowlevel.c ****        //the CRYP peripheral (please check the device sales type. */
1463:/home/reo/Documents/Repository/chipwhisperer/firmware/mcu/hal/chipwhisperer-fw-extra/stm32f4/stm32f4_hal_lowlevel.c ****     //return(ERROR);
1464:/home/reo/Documents/Repository/chipwhisperer/firmware/mcu/hal/chipwhisperer-fw-extra/stm32f4/stm32f4_hal_lowlevel.c ****   //}
1465:/home/reo/Documents/Repository/chipwhisperer/firmware/mcu/hal/chipwhisperer-fw-extra/stm32f4/stm32f4_hal_lowlevel.c ****   
1466:/home/reo/Documents/Repository/chipwhisperer/firmware/mcu/hal/chipwhisperer-fw-extra/stm32f4/stm32f4_hal_lowlevel.c ****   //for(i=0; ((i<Ilength) && (status != ERROR)); i+=16)
1467:/home/reo/Documents/Repository/chipwhisperer/firmware/mcu/hal/chipwhisperer-fw-extra/stm32f4/stm32f4_hal_lowlevel.c ****   //{
1468:/home/reo/Documents/Repository/chipwhisperer/firmware/mcu/hal/chipwhisperer-fw-extra/stm32f4/stm32f4_hal_lowlevel.c **** 
1469:/home/reo/Documents/Repository/chipwhisperer/firmware/mcu/hal/chipwhisperer-fw-extra/stm32f4/stm32f4_hal_lowlevel.c ****     ///* Write the Input block in the IN FIFO */
1470:/home/reo/Documents/Repository/chipwhisperer/firmware/mcu/hal/chipwhisperer-fw-extra/stm32f4/stm32f4_hal_lowlevel.c ****     //CRYP_DataIn(*(uint32_t*)(inputaddr));
1471:/home/reo/Documents/Repository/chipwhisperer/firmware/mcu/hal/chipwhisperer-fw-extra/stm32f4/stm32f4_hal_lowlevel.c ****     //inputaddr+=4;
1472:/home/reo/Documents/Repository/chipwhisperer/firmware/mcu/hal/chipwhisperer-fw-extra/stm32f4/stm32f4_hal_lowlevel.c ****     //CRYP_DataIn(*(uint32_t*)(inputaddr));
1473:/home/reo/Documents/Repository/chipwhisperer/firmware/mcu/hal/chipwhisperer-fw-extra/stm32f4/stm32f4_hal_lowlevel.c ****     //inputaddr+=4;
1474:/home/reo/Documents/Repository/chipwhisperer/firmware/mcu/hal/chipwhisperer-fw-extra/stm32f4/stm32f4_hal_lowlevel.c ****     //CRYP_DataIn(*(uint32_t*)(inputaddr));
1475:/home/reo/Documents/Repository/chipwhisperer/firmware/mcu/hal/chipwhisperer-fw-extra/stm32f4/stm32f4_hal_lowlevel.c ****     //inputaddr+=4;
1476:/home/reo/Documents/Repository/chipwhisperer/firmware/mcu/hal/chipwhisperer-fw-extra/stm32f4/stm32f4_hal_lowlevel.c ****     //CRYP_DataIn(*(uint32_t*)(inputaddr));
1477:/home/reo/Documents/Repository/chipwhisperer/firmware/mcu/hal/chipwhisperer-fw-extra/stm32f4/stm32f4_hal_lowlevel.c ****     //inputaddr+=4;
1478:/home/reo/Documents/Repository/chipwhisperer/firmware/mcu/hal/chipwhisperer-fw-extra/stm32f4/stm32f4_hal_lowlevel.c **** 
1479:/home/reo/Documents/Repository/chipwhisperer/firmware/mcu/hal/chipwhisperer-fw-extra/stm32f4/stm32f4_hal_lowlevel.c ****     ///* Wait until the complete message has been processed */
1480:/home/reo/Documents/Repository/chipwhisperer/firmware/mcu/hal/chipwhisperer-fw-extra/stm32f4/stm32f4_hal_lowlevel.c ****     //counter = 0;
1481:/home/reo/Documents/Repository/chipwhisperer/firmware/mcu/hal/chipwhisperer-fw-extra/stm32f4/stm32f4_hal_lowlevel.c ****     //do
1482:/home/reo/Documents/Repository/chipwhisperer/firmware/mcu/hal/chipwhisperer-fw-extra/stm32f4/stm32f4_hal_lowlevel.c ****     //{
1483:/home/reo/Documents/Repository/chipwhisperer/firmware/mcu/hal/chipwhisperer-fw-extra/stm32f4/stm32f4_hal_lowlevel.c ****       //busystatus = CRYP_GetFlagStatus(CRYP_FLAG_BUSY);
1484:/home/reo/Documents/Repository/chipwhisperer/firmware/mcu/hal/chipwhisperer-fw-extra/stm32f4/stm32f4_hal_lowlevel.c ****       //counter++;
1485:/home/reo/Documents/Repository/chipwhisperer/firmware/mcu/hal/chipwhisperer-fw-extra/stm32f4/stm32f4_hal_lowlevel.c ****     //}while ((counter != AESBUSY_TIMEOUT) && (busystatus != RESET));
1486:/home/reo/Documents/Repository/chipwhisperer/firmware/mcu/hal/chipwhisperer-fw-extra/stm32f4/stm32f4_hal_lowlevel.c **** 
1487:/home/reo/Documents/Repository/chipwhisperer/firmware/mcu/hal/chipwhisperer-fw-extra/stm32f4/stm32f4_hal_lowlevel.c ****     //if (busystatus != RESET)
1488:/home/reo/Documents/Repository/chipwhisperer/firmware/mcu/hal/chipwhisperer-fw-extra/stm32f4/stm32f4_hal_lowlevel.c ****    //{
1489:/home/reo/Documents/Repository/chipwhisperer/firmware/mcu/hal/chipwhisperer-fw-extra/stm32f4/stm32f4_hal_lowlevel.c ****        //status = ERROR;
1490:/home/reo/Documents/Repository/chipwhisperer/firmware/mcu/hal/chipwhisperer-fw-extra/stm32f4/stm32f4_hal_lowlevel.c ****     //}
1491:/home/reo/Documents/Repository/chipwhisperer/firmware/mcu/hal/chipwhisperer-fw-extra/stm32f4/stm32f4_hal_lowlevel.c ****     //else
1492:/home/reo/Documents/Repository/chipwhisperer/firmware/mcu/hal/chipwhisperer-fw-extra/stm32f4/stm32f4_hal_lowlevel.c ****     //{
1493:/home/reo/Documents/Repository/chipwhisperer/firmware/mcu/hal/chipwhisperer-fw-extra/stm32f4/stm32f4_hal_lowlevel.c **** 
1494:/home/reo/Documents/Repository/chipwhisperer/firmware/mcu/hal/chipwhisperer-fw-extra/stm32f4/stm32f4_hal_lowlevel.c ****       ///* Read the Output block from the Output FIFO */
1495:/home/reo/Documents/Repository/chipwhisperer/firmware/mcu/hal/chipwhisperer-fw-extra/stm32f4/stm32f4_hal_lowlevel.c ****       //*(uint32_t*)(outputaddr) = CRYP_DataOut();
1496:/home/reo/Documents/Repository/chipwhisperer/firmware/mcu/hal/chipwhisperer-fw-extra/stm32f4/stm32f4_hal_lowlevel.c ****       //outputaddr+=4;
1497:/home/reo/Documents/Repository/chipwhisperer/firmware/mcu/hal/chipwhisperer-fw-extra/stm32f4/stm32f4_hal_lowlevel.c ****       //*(uint32_t*)(outputaddr) = CRYP_DataOut();
1498:/home/reo/Documents/Repository/chipwhisperer/firmware/mcu/hal/chipwhisperer-fw-extra/stm32f4/stm32f4_hal_lowlevel.c ****       //outputaddr+=4;
1499:/home/reo/Documents/Repository/chipwhisperer/firmware/mcu/hal/chipwhisperer-fw-extra/stm32f4/stm32f4_hal_lowlevel.c ****       //*(uint32_t*)(outputaddr) = CRYP_DataOut();
1500:/home/reo/Documents/Repository/chipwhisperer/firmware/mcu/hal/chipwhisperer-fw-extra/stm32f4/stm32f4_hal_lowlevel.c ****       //outputaddr+=4;
1501:/home/reo/Documents/Repository/chipwhisperer/firmware/mcu/hal/chipwhisperer-fw-extra/stm32f4/stm32f4_hal_lowlevel.c ****       //*(uint32_t*)(outputaddr) = CRYP_DataOut(); 
1502:/home/reo/Documents/Repository/chipwhisperer/firmware/mcu/hal/chipwhisperer-fw-extra/stm32f4/stm32f4_hal_lowlevel.c ****       //outputaddr+=4;
1503:/home/reo/Documents/Repository/chipwhisperer/firmware/mcu/hal/chipwhisperer-fw-extra/stm32f4/stm32f4_hal_lowlevel.c ****     //}
1504:/home/reo/Documents/Repository/chipwhisperer/firmware/mcu/hal/chipwhisperer-fw-extra/stm32f4/stm32f4_hal_lowlevel.c ****   //}
1505:/home/reo/Documents/Repository/chipwhisperer/firmware/mcu/hal/chipwhisperer-fw-extra/stm32f4/stm32f4_hal_lowlevel.c **** 
1506:/home/reo/Documents/Repository/chipwhisperer/firmware/mcu/hal/chipwhisperer-fw-extra/stm32f4/stm32f4_hal_lowlevel.c ****   ///* Disable Crypto */
1507:/home/reo/Documents/Repository/chipwhisperer/firmware/mcu/hal/chipwhisperer-fw-extra/stm32f4/stm32f4_hal_lowlevel.c ****   //CRYP_Cmd(DISABLE);
1508:/home/reo/Documents/Repository/chipwhisperer/firmware/mcu/hal/chipwhisperer-fw-extra/stm32f4/stm32f4_hal_lowlevel.c **** 
1509:/home/reo/Documents/Repository/chipwhisperer/firmware/mcu/hal/chipwhisperer-fw-extra/stm32f4/stm32f4_hal_lowlevel.c ****   //return status; 
1510:/home/reo/Documents/Repository/chipwhisperer/firmware/mcu/hal/chipwhisperer-fw-extra/stm32f4/stm32f4_hal_lowlevel.c **** //}
1511:/home/reo/Documents/Repository/chipwhisperer/firmware/mcu/hal/chipwhisperer-fw-extra/stm32f4/stm32f4_hal_lowlevel.c **** 
1512:/home/reo/Documents/Repository/chipwhisperer/firmware/mcu/hal/chipwhisperer-fw-extra/stm32f4/stm32f4_hal_lowlevel.c **** /**
1513:/home/reo/Documents/Repository/chipwhisperer/firmware/mcu/hal/chipwhisperer-fw-extra/stm32f4/stm32f4_hal_lowlevel.c ****   * @brief  Writes the Key in Key registers. 
1514:/home/reo/Documents/Repository/chipwhisperer/firmware/mcu/hal/chipwhisperer-fw-extra/stm32f4/stm32f4_hal_lowlevel.c ****   * @param  hcryp pointer to a CRYP_HandleTypeDef structure that contains
1515:/home/reo/Documents/Repository/chipwhisperer/firmware/mcu/hal/chipwhisperer-fw-extra/stm32f4/stm32f4_hal_lowlevel.c ****   *         the configuration information for CRYP module
1516:/home/reo/Documents/Repository/chipwhisperer/firmware/mcu/hal/chipwhisperer-fw-extra/stm32f4/stm32f4_hal_lowlevel.c ****   * @param  Key Pointer to Key buffer
1517:/home/reo/Documents/Repository/chipwhisperer/firmware/mcu/hal/chipwhisperer-fw-extra/stm32f4/stm32f4_hal_lowlevel.c ****   * @param  KeySize Size of Key
1518:/home/reo/Documents/Repository/chipwhisperer/firmware/mcu/hal/chipwhisperer-fw-extra/stm32f4/stm32f4_hal_lowlevel.c ****   * @retval None
1519:/home/reo/Documents/Repository/chipwhisperer/firmware/mcu/hal/chipwhisperer-fw-extra/stm32f4/stm32f4_hal_lowlevel.c ****   */
1520:/home/reo/Documents/Repository/chipwhisperer/firmware/mcu/hal/chipwhisperer-fw-extra/stm32f4/stm32f4_hal_lowlevel.c **** static void CRYP_SetKey(CRYP_HandleTypeDef *hcryp, uint8_t *Key, uint32_t KeySize)
1521:/home/reo/Documents/Repository/chipwhisperer/firmware/mcu/hal/chipwhisperer-fw-extra/stm32f4/stm32f4_hal_lowlevel.c **** {
1522:/home/reo/Documents/Repository/chipwhisperer/firmware/mcu/hal/chipwhisperer-fw-extra/stm32f4/stm32f4_hal_lowlevel.c ****   uint32_t keyaddr = (uint32_t)Key;
1523:/home/reo/Documents/Repository/chipwhisperer/firmware/mcu/hal/chipwhisperer-fw-extra/stm32f4/stm32f4_hal_lowlevel.c ****   
1524:/home/reo/Documents/Repository/chipwhisperer/firmware/mcu/hal/chipwhisperer-fw-extra/stm32f4/stm32f4_hal_lowlevel.c ****   switch(KeySize)
1525:/home/reo/Documents/Repository/chipwhisperer/firmware/mcu/hal/chipwhisperer-fw-extra/stm32f4/stm32f4_hal_lowlevel.c ****   {
1526:/home/reo/Documents/Repository/chipwhisperer/firmware/mcu/hal/chipwhisperer-fw-extra/stm32f4/stm32f4_hal_lowlevel.c ****   case CRYP_KEYSIZE_256B:
1527:/home/reo/Documents/Repository/chipwhisperer/firmware/mcu/hal/chipwhisperer-fw-extra/stm32f4/stm32f4_hal_lowlevel.c ****     /* Key Initialisation */
1528:/home/reo/Documents/Repository/chipwhisperer/firmware/mcu/hal/chipwhisperer-fw-extra/stm32f4/stm32f4_hal_lowlevel.c ****     hcryp->Instance->K0LR = __REV(*(uint32_t*)(keyaddr));
1529:/home/reo/Documents/Repository/chipwhisperer/firmware/mcu/hal/chipwhisperer-fw-extra/stm32f4/stm32f4_hal_lowlevel.c ****     keyaddr+=4U;
1530:/home/reo/Documents/Repository/chipwhisperer/firmware/mcu/hal/chipwhisperer-fw-extra/stm32f4/stm32f4_hal_lowlevel.c ****     hcryp->Instance->K0RR = __REV(*(uint32_t*)(keyaddr));
1531:/home/reo/Documents/Repository/chipwhisperer/firmware/mcu/hal/chipwhisperer-fw-extra/stm32f4/stm32f4_hal_lowlevel.c ****     keyaddr+=4U;
1532:/home/reo/Documents/Repository/chipwhisperer/firmware/mcu/hal/chipwhisperer-fw-extra/stm32f4/stm32f4_hal_lowlevel.c ****     hcryp->Instance->K1LR = __REV(*(uint32_t*)(keyaddr));
1533:/home/reo/Documents/Repository/chipwhisperer/firmware/mcu/hal/chipwhisperer-fw-extra/stm32f4/stm32f4_hal_lowlevel.c ****     keyaddr+=4U;
1534:/home/reo/Documents/Repository/chipwhisperer/firmware/mcu/hal/chipwhisperer-fw-extra/stm32f4/stm32f4_hal_lowlevel.c ****     hcryp->Instance->K1RR = __REV(*(uint32_t*)(keyaddr));
1535:/home/reo/Documents/Repository/chipwhisperer/firmware/mcu/hal/chipwhisperer-fw-extra/stm32f4/stm32f4_hal_lowlevel.c ****     keyaddr+=4U;
1536:/home/reo/Documents/Repository/chipwhisperer/firmware/mcu/hal/chipwhisperer-fw-extra/stm32f4/stm32f4_hal_lowlevel.c ****     hcryp->Instance->K2LR = __REV(*(uint32_t*)(keyaddr));
1537:/home/reo/Documents/Repository/chipwhisperer/firmware/mcu/hal/chipwhisperer-fw-extra/stm32f4/stm32f4_hal_lowlevel.c ****     keyaddr+=4U;
1538:/home/reo/Documents/Repository/chipwhisperer/firmware/mcu/hal/chipwhisperer-fw-extra/stm32f4/stm32f4_hal_lowlevel.c ****     hcryp->Instance->K2RR = __REV(*(uint32_t*)(keyaddr));
1539:/home/reo/Documents/Repository/chipwhisperer/firmware/mcu/hal/chipwhisperer-fw-extra/stm32f4/stm32f4_hal_lowlevel.c ****     keyaddr+=4U;
1540:/home/reo/Documents/Repository/chipwhisperer/firmware/mcu/hal/chipwhisperer-fw-extra/stm32f4/stm32f4_hal_lowlevel.c ****     hcryp->Instance->K3LR = __REV(*(uint32_t*)(keyaddr));
1541:/home/reo/Documents/Repository/chipwhisperer/firmware/mcu/hal/chipwhisperer-fw-extra/stm32f4/stm32f4_hal_lowlevel.c ****     keyaddr+=4U;
1542:/home/reo/Documents/Repository/chipwhisperer/firmware/mcu/hal/chipwhisperer-fw-extra/stm32f4/stm32f4_hal_lowlevel.c ****     hcryp->Instance->K3RR = __REV(*(uint32_t*)(keyaddr));
1543:/home/reo/Documents/Repository/chipwhisperer/firmware/mcu/hal/chipwhisperer-fw-extra/stm32f4/stm32f4_hal_lowlevel.c ****     break;
1544:/home/reo/Documents/Repository/chipwhisperer/firmware/mcu/hal/chipwhisperer-fw-extra/stm32f4/stm32f4_hal_lowlevel.c ****   case CRYP_KEYSIZE_192B:
1545:/home/reo/Documents/Repository/chipwhisperer/firmware/mcu/hal/chipwhisperer-fw-extra/stm32f4/stm32f4_hal_lowlevel.c ****     hcryp->Instance->K1LR = __REV(*(uint32_t*)(keyaddr));
1546:/home/reo/Documents/Repository/chipwhisperer/firmware/mcu/hal/chipwhisperer-fw-extra/stm32f4/stm32f4_hal_lowlevel.c ****     keyaddr+=4U;
1547:/home/reo/Documents/Repository/chipwhisperer/firmware/mcu/hal/chipwhisperer-fw-extra/stm32f4/stm32f4_hal_lowlevel.c ****     hcryp->Instance->K1RR = __REV(*(uint32_t*)(keyaddr));
1548:/home/reo/Documents/Repository/chipwhisperer/firmware/mcu/hal/chipwhisperer-fw-extra/stm32f4/stm32f4_hal_lowlevel.c ****     keyaddr+=4U;
1549:/home/reo/Documents/Repository/chipwhisperer/firmware/mcu/hal/chipwhisperer-fw-extra/stm32f4/stm32f4_hal_lowlevel.c ****     hcryp->Instance->K2LR = __REV(*(uint32_t*)(keyaddr));
1550:/home/reo/Documents/Repository/chipwhisperer/firmware/mcu/hal/chipwhisperer-fw-extra/stm32f4/stm32f4_hal_lowlevel.c ****     keyaddr+=4U;
1551:/home/reo/Documents/Repository/chipwhisperer/firmware/mcu/hal/chipwhisperer-fw-extra/stm32f4/stm32f4_hal_lowlevel.c ****     hcryp->Instance->K2RR = __REV(*(uint32_t*)(keyaddr));
1552:/home/reo/Documents/Repository/chipwhisperer/firmware/mcu/hal/chipwhisperer-fw-extra/stm32f4/stm32f4_hal_lowlevel.c ****     keyaddr+=4U;
1553:/home/reo/Documents/Repository/chipwhisperer/firmware/mcu/hal/chipwhisperer-fw-extra/stm32f4/stm32f4_hal_lowlevel.c ****     hcryp->Instance->K3LR = __REV(*(uint32_t*)(keyaddr));
1554:/home/reo/Documents/Repository/chipwhisperer/firmware/mcu/hal/chipwhisperer-fw-extra/stm32f4/stm32f4_hal_lowlevel.c ****     keyaddr+=4U;
1555:/home/reo/Documents/Repository/chipwhisperer/firmware/mcu/hal/chipwhisperer-fw-extra/stm32f4/stm32f4_hal_lowlevel.c ****     hcryp->Instance->K3RR = __REV(*(uint32_t*)(keyaddr));
1556:/home/reo/Documents/Repository/chipwhisperer/firmware/mcu/hal/chipwhisperer-fw-extra/stm32f4/stm32f4_hal_lowlevel.c ****     break;
1557:/home/reo/Documents/Repository/chipwhisperer/firmware/mcu/hal/chipwhisperer-fw-extra/stm32f4/stm32f4_hal_lowlevel.c ****   case CRYP_KEYSIZE_128B:       
1558:/home/reo/Documents/Repository/chipwhisperer/firmware/mcu/hal/chipwhisperer-fw-extra/stm32f4/stm32f4_hal_lowlevel.c ****     hcryp->Instance->K2LR = __REV(*(uint32_t*)(keyaddr));
1559:/home/reo/Documents/Repository/chipwhisperer/firmware/mcu/hal/chipwhisperer-fw-extra/stm32f4/stm32f4_hal_lowlevel.c ****     keyaddr+=4U;
1560:/home/reo/Documents/Repository/chipwhisperer/firmware/mcu/hal/chipwhisperer-fw-extra/stm32f4/stm32f4_hal_lowlevel.c ****     hcryp->Instance->K2RR = __REV(*(uint32_t*)(keyaddr));
1561:/home/reo/Documents/Repository/chipwhisperer/firmware/mcu/hal/chipwhisperer-fw-extra/stm32f4/stm32f4_hal_lowlevel.c ****     keyaddr+=4U;
1562:/home/reo/Documents/Repository/chipwhisperer/firmware/mcu/hal/chipwhisperer-fw-extra/stm32f4/stm32f4_hal_lowlevel.c ****     hcryp->Instance->K3LR = __REV(*(uint32_t*)(keyaddr));
1563:/home/reo/Documents/Repository/chipwhisperer/firmware/mcu/hal/chipwhisperer-fw-extra/stm32f4/stm32f4_hal_lowlevel.c ****     keyaddr+=4U;
1564:/home/reo/Documents/Repository/chipwhisperer/firmware/mcu/hal/chipwhisperer-fw-extra/stm32f4/stm32f4_hal_lowlevel.c ****     hcryp->Instance->K3RR = __REV(*(uint32_t*)(keyaddr));
1565:/home/reo/Documents/Repository/chipwhisperer/firmware/mcu/hal/chipwhisperer-fw-extra/stm32f4/stm32f4_hal_lowlevel.c ****     break;
1566:/home/reo/Documents/Repository/chipwhisperer/firmware/mcu/hal/chipwhisperer-fw-extra/stm32f4/stm32f4_hal_lowlevel.c ****   default:
1567:/home/reo/Documents/Repository/chipwhisperer/firmware/mcu/hal/chipwhisperer-fw-extra/stm32f4/stm32f4_hal_lowlevel.c ****     break;
1568:/home/reo/Documents/Repository/chipwhisperer/firmware/mcu/hal/chipwhisperer-fw-extra/stm32f4/stm32f4_hal_lowlevel.c ****   }
1569:/home/reo/Documents/Repository/chipwhisperer/firmware/mcu/hal/chipwhisperer-fw-extra/stm32f4/stm32f4_hal_lowlevel.c **** }
1570:/home/reo/Documents/Repository/chipwhisperer/firmware/mcu/hal/chipwhisperer-fw-extra/stm32f4/stm32f4_hal_lowlevel.c **** 
1571:/home/reo/Documents/Repository/chipwhisperer/firmware/mcu/hal/chipwhisperer-fw-extra/stm32f4/stm32f4_hal_lowlevel.c **** static HAL_StatusTypeDef CRYP_ProcessData(CRYP_HandleTypeDef *hcryp, uint8_t* Input, uint16_t Ileng
1572:/home/reo/Documents/Repository/chipwhisperer/firmware/mcu/hal/chipwhisperer-fw-extra/stm32f4/stm32f4_hal_lowlevel.c **** 
1573:/home/reo/Documents/Repository/chipwhisperer/firmware/mcu/hal/chipwhisperer-fw-extra/stm32f4/stm32f4_hal_lowlevel.c **** /**
1574:/home/reo/Documents/Repository/chipwhisperer/firmware/mcu/hal/chipwhisperer-fw-extra/stm32f4/stm32f4_hal_lowlevel.c ****   * @brief  Process Data: Writes Input data in polling mode and read the output data
1575:/home/reo/Documents/Repository/chipwhisperer/firmware/mcu/hal/chipwhisperer-fw-extra/stm32f4/stm32f4_hal_lowlevel.c ****   * @param  hcryp pointer to a CRYP_HandleTypeDef structure that contains
1576:/home/reo/Documents/Repository/chipwhisperer/firmware/mcu/hal/chipwhisperer-fw-extra/stm32f4/stm32f4_hal_lowlevel.c ****   *         the configuration information for CRYP module
1577:/home/reo/Documents/Repository/chipwhisperer/firmware/mcu/hal/chipwhisperer-fw-extra/stm32f4/stm32f4_hal_lowlevel.c ****   * @param  Input Pointer to the Input buffer
1578:/home/reo/Documents/Repository/chipwhisperer/firmware/mcu/hal/chipwhisperer-fw-extra/stm32f4/stm32f4_hal_lowlevel.c ****   * @param  Ilength Length of the Input buffer, must be a multiple of 16.
1579:/home/reo/Documents/Repository/chipwhisperer/firmware/mcu/hal/chipwhisperer-fw-extra/stm32f4/stm32f4_hal_lowlevel.c ****   * @param  Output Pointer to the returned buffer
1580:/home/reo/Documents/Repository/chipwhisperer/firmware/mcu/hal/chipwhisperer-fw-extra/stm32f4/stm32f4_hal_lowlevel.c ****   * @param  Timeout Timeout value
1581:/home/reo/Documents/Repository/chipwhisperer/firmware/mcu/hal/chipwhisperer-fw-extra/stm32f4/stm32f4_hal_lowlevel.c ****   * @retval None
1582:/home/reo/Documents/Repository/chipwhisperer/firmware/mcu/hal/chipwhisperer-fw-extra/stm32f4/stm32f4_hal_lowlevel.c ****   */
1583:/home/reo/Documents/Repository/chipwhisperer/firmware/mcu/hal/chipwhisperer-fw-extra/stm32f4/stm32f4_hal_lowlevel.c **** static HAL_StatusTypeDef CRYP_ProcessData(CRYP_HandleTypeDef *hcryp, uint8_t* Input, uint16_t Ileng
1584:/home/reo/Documents/Repository/chipwhisperer/firmware/mcu/hal/chipwhisperer-fw-extra/stm32f4/stm32f4_hal_lowlevel.c **** {
  28              		.loc 1 1584 1 view -0
  29              		.cfi_startproc
  30              		@ args = 4, pretend = 0, frame = 0
  31              		@ frame_needed = 0, uses_anonymous_args = 0
  32              		.loc 1 1584 1 is_stmt 0 view .LVU1
  33 0000 2DE9F043 		push	{r4, r5, r6, r7, r8, r9, lr}
  34              	.LCFI0:
  35              		.cfi_def_cfa_offset 28
  36              		.cfi_offset 4, -28
  37              		.cfi_offset 5, -24
  38              		.cfi_offset 6, -20
  39              		.cfi_offset 7, -16
  40              		.cfi_offset 8, -12
  41              		.cfi_offset 9, -8
  42              		.cfi_offset 14, -4
  43              		.loc 1 1584 1 view .LVU2
  44 0004 079C     		ldr	r4, [sp, #28]
1585:/home/reo/Documents/Repository/chipwhisperer/firmware/mcu/hal/chipwhisperer-fw-extra/stm32f4/stm32f4_hal_lowlevel.c ****   uint32_t tickstart = 0U;
  45              		.loc 1 1585 3 is_stmt 1 view .LVU3
  46              	.LVL1:
1586:/home/reo/Documents/Repository/chipwhisperer/firmware/mcu/hal/chipwhisperer-fw-extra/stm32f4/stm32f4_hal_lowlevel.c ****   
1587:/home/reo/Documents/Repository/chipwhisperer/firmware/mcu/hal/chipwhisperer-fw-extra/stm32f4/stm32f4_hal_lowlevel.c ****   uint32_t i = 0U;
  47              		.loc 1 1587 3 view .LVU4
1588:/home/reo/Documents/Repository/chipwhisperer/firmware/mcu/hal/chipwhisperer-fw-extra/stm32f4/stm32f4_hal_lowlevel.c ****   uint32_t inputaddr  = (uint32_t)Input;
  48              		.loc 1 1588 3 view .LVU5
1589:/home/reo/Documents/Repository/chipwhisperer/firmware/mcu/hal/chipwhisperer-fw-extra/stm32f4/stm32f4_hal_lowlevel.c ****   uint32_t outputaddr = (uint32_t)Output;
  49              		.loc 1 1589 3 view .LVU6
1590:/home/reo/Documents/Repository/chipwhisperer/firmware/mcu/hal/chipwhisperer-fw-extra/stm32f4/stm32f4_hal_lowlevel.c ****   
1591:/home/reo/Documents/Repository/chipwhisperer/firmware/mcu/hal/chipwhisperer-fw-extra/stm32f4/stm32f4_hal_lowlevel.c ****   for(i=0U; (i < Ilength); i+=16U)
  50              		.loc 1 1591 3 view .LVU7
  51              		.loc 1 1591 13 view .LVU8
  52              		.loc 1 1591 3 is_stmt 0 view .LVU9
  53 0006 002A     		cmp	r2, #0
  54 0008 4ED0     		beq	.L11
  55 000a 0546     		mov	r5, r0
  56 000c DFF89C90 		ldr	r9, .L20
  57 0010 6FF00F00 		mvn	r0, #15
  58              	.LVL2:
  59              		.loc 1 1591 3 view .LVU10
  60 0014 03F1100E 		add	lr, r3, #16
  61 0018 401A     		subs	r0, r0, r1
  62 001a 01F1100C 		add	ip, r1, #16
  63 001e D9F80030 		ldr	r3, [r9]
  64              	.LVL3:
1592:/home/reo/Documents/Repository/chipwhisperer/firmware/mcu/hal/chipwhisperer-fw-extra/stm32f4/stm32f4_hal_lowlevel.c ****   {
1593:/home/reo/Documents/Repository/chipwhisperer/firmware/mcu/hal/chipwhisperer-fw-extra/stm32f4/stm32f4_hal_lowlevel.c ****     /* Write the Input block in the IN FIFO */
1594:/home/reo/Documents/Repository/chipwhisperer/firmware/mcu/hal/chipwhisperer-fw-extra/stm32f4/stm32f4_hal_lowlevel.c ****     hcryp->Instance->DR = *(uint32_t*)(inputaddr);
  65              		.loc 1 1594 10 view .LVU11
  66 0022 2968     		ldr	r1, [r5]
  67              	.LVL4:
  68              	.L10:
  69              		.loc 1 1594 5 is_stmt 1 view .LVU12
  70              		.loc 1 1594 25 is_stmt 0 view .LVU13
  71 0024 5CF8106C 		ldr	r6, [ip, #-16]
  72 0028 8E60     		str	r6, [r1, #8]
1595:/home/reo/Documents/Repository/chipwhisperer/firmware/mcu/hal/chipwhisperer-fw-extra/stm32f4/stm32f4_hal_lowlevel.c ****     inputaddr+=4U;
  73              		.loc 1 1595 5 is_stmt 1 view .LVU14
  74              	.LVL5:
1596:/home/reo/Documents/Repository/chipwhisperer/firmware/mcu/hal/chipwhisperer-fw-extra/stm32f4/stm32f4_hal_lowlevel.c ****     hcryp->Instance->DR = *(uint32_t*)(inputaddr);
  75              		.loc 1 1596 5 view .LVU15
  76              		.loc 1 1596 25 is_stmt 0 view .LVU16
  77 002a 5CF80C6C 		ldr	r6, [ip, #-12]
  78 002e 8E60     		str	r6, [r1, #8]
1597:/home/reo/Documents/Repository/chipwhisperer/firmware/mcu/hal/chipwhisperer-fw-extra/stm32f4/stm32f4_hal_lowlevel.c ****     inputaddr+=4U;
  79              		.loc 1 1597 5 is_stmt 1 view .LVU17
  80              	.LVL6:
1598:/home/reo/Documents/Repository/chipwhisperer/firmware/mcu/hal/chipwhisperer-fw-extra/stm32f4/stm32f4_hal_lowlevel.c ****     hcryp->Instance->DR  = *(uint32_t*)(inputaddr);
  81              		.loc 1 1598 5 view .LVU18
  82              		.loc 1 1598 26 is_stmt 0 view .LVU19
  83 0030 5CF8086C 		ldr	r6, [ip, #-8]
  84 0034 8E60     		str	r6, [r1, #8]
1599:/home/reo/Documents/Repository/chipwhisperer/firmware/mcu/hal/chipwhisperer-fw-extra/stm32f4/stm32f4_hal_lowlevel.c ****     inputaddr+=4U;
  85              		.loc 1 1599 5 is_stmt 1 view .LVU20
  86              	.LVL7:
1600:/home/reo/Documents/Repository/chipwhisperer/firmware/mcu/hal/chipwhisperer-fw-extra/stm32f4/stm32f4_hal_lowlevel.c ****     hcryp->Instance->DR = *(uint32_t*)(inputaddr);
  87              		.loc 1 1600 5 view .LVU21
  88              		.loc 1 1600 25 is_stmt 0 view .LVU22
  89 0036 5CF8046C 		ldr	r6, [ip, #-4]
  90 003a 8E60     		str	r6, [r1, #8]
1601:/home/reo/Documents/Repository/chipwhisperer/firmware/mcu/hal/chipwhisperer-fw-extra/stm32f4/stm32f4_hal_lowlevel.c ****     inputaddr+=4U;
  91              		.loc 1 1601 5 is_stmt 1 view .LVU23
  92              	.LVL8:
1602:/home/reo/Documents/Repository/chipwhisperer/firmware/mcu/hal/chipwhisperer-fw-extra/stm32f4/stm32f4_hal_lowlevel.c ****     
1603:/home/reo/Documents/Repository/chipwhisperer/firmware/mcu/hal/chipwhisperer-fw-extra/stm32f4/stm32f4_hal_lowlevel.c ****     /* Get tick */
1604:/home/reo/Documents/Repository/chipwhisperer/firmware/mcu/hal/chipwhisperer-fw-extra/stm32f4/stm32f4_hal_lowlevel.c ****     tickstart = HAL_GetTick();
  93              		.loc 1 1604 5 view .LVU24
  94              	.LBB176:
  95              	.LBI176:
  52:/home/reo/Documents/Repository/chipwhisperer/firmware/mcu/hal/chipwhisperer-fw-extra/stm32f4/stm32f4_hal_lowlevel.c **** {
  96              		.loc 1 52 10 view .LVU25
  97              	.LBB177:
  54:/home/reo/Documents/Repository/chipwhisperer/firmware/mcu/hal/chipwhisperer-fw-extra/stm32f4/stm32f4_hal_lowlevel.c **** 	return tick++;;
  98              		.loc 1 54 2 view .LVU26
  55:/home/reo/Documents/Repository/chipwhisperer/firmware/mcu/hal/chipwhisperer-fw-extra/stm32f4/stm32f4_hal_lowlevel.c **** }
  99              		.loc 1 55 2 view .LVU27
  55:/home/reo/Documents/Repository/chipwhisperer/firmware/mcu/hal/chipwhisperer-fw-extra/stm32f4/stm32f4_hal_lowlevel.c **** }
 100              		.loc 1 55 13 is_stmt 0 view .LVU28
 101 003c 5F1C     		adds	r7, r3, #1
  55:/home/reo/Documents/Repository/chipwhisperer/firmware/mcu/hal/chipwhisperer-fw-extra/stm32f4/stm32f4_hal_lowlevel.c **** }
 102              		.loc 1 55 16 is_stmt 1 view .LVU29
 103              	.LVL9:
  55:/home/reo/Documents/Repository/chipwhisperer/firmware/mcu/hal/chipwhisperer-fw-extra/stm32f4/stm32f4_hal_lowlevel.c **** }
 104              		.loc 1 55 16 is_stmt 0 view .LVU30
 105              	.LBE177:
 106              	.LBE176:
1605:/home/reo/Documents/Repository/chipwhisperer/firmware/mcu/hal/chipwhisperer-fw-extra/stm32f4/stm32f4_hal_lowlevel.c **** 
1606:/home/reo/Documents/Repository/chipwhisperer/firmware/mcu/hal/chipwhisperer-fw-extra/stm32f4/stm32f4_hal_lowlevel.c ****     while(HAL_IS_BIT_CLR(hcryp->Instance->SR, CRYP_FLAG_OFNE))
 107              		.loc 1 1606 5 is_stmt 1 view .LVU31
1607:/home/reo/Documents/Repository/chipwhisperer/firmware/mcu/hal/chipwhisperer-fw-extra/stm32f4/stm32f4_hal_lowlevel.c ****     {    
1608:/home/reo/Documents/Repository/chipwhisperer/firmware/mcu/hal/chipwhisperer-fw-extra/stm32f4/stm32f4_hal_lowlevel.c ****       /* Check for the Timeout */
1609:/home/reo/Documents/Repository/chipwhisperer/firmware/mcu/hal/chipwhisperer-fw-extra/stm32f4/stm32f4_hal_lowlevel.c ****       if(Timeout != HAL_MAX_DELAY)
1610:/home/reo/Documents/Repository/chipwhisperer/firmware/mcu/hal/chipwhisperer-fw-extra/stm32f4/stm32f4_hal_lowlevel.c ****       {
1611:/home/reo/Documents/Repository/chipwhisperer/firmware/mcu/hal/chipwhisperer-fw-extra/stm32f4/stm32f4_hal_lowlevel.c ****         if((Timeout == 0U)||((HAL_GetTick() - tickstart ) > Timeout))
 108              		.loc 1 1611 27 is_stmt 0 view .LVU32
 109 003e DB43     		mvns	r3, r3
 110              	.LVL10:
 111              	.L3:
 112              		.loc 1 1611 27 view .LVU33
 113 0040 661C     		adds	r6, r4, #1
 114 0042 18D1     		bne	.L6
 115              	.LVL11:
 116              	.L7:
1606:/home/reo/Documents/Repository/chipwhisperer/firmware/mcu/hal/chipwhisperer-fw-extra/stm32f4/stm32f4_hal_lowlevel.c ****     {    
 117              		.loc 1 1606 10 is_stmt 1 view .LVU34
1606:/home/reo/Documents/Repository/chipwhisperer/firmware/mcu/hal/chipwhisperer-fw-extra/stm32f4/stm32f4_hal_lowlevel.c ****     {    
 118              		.loc 1 1606 11 is_stmt 0 view .LVU35
 119 0044 4B68     		ldr	r3, [r1, #4]
1606:/home/reo/Documents/Repository/chipwhisperer/firmware/mcu/hal/chipwhisperer-fw-extra/stm32f4/stm32f4_hal_lowlevel.c ****     {    
 120              		.loc 1 1606 10 view .LVU36
 121 0046 5B07     		lsls	r3, r3, #29
 122 0048 FCD5     		bpl	.L7
 123              	.L8:
1612:/home/reo/Documents/Repository/chipwhisperer/firmware/mcu/hal/chipwhisperer-fw-extra/stm32f4/stm32f4_hal_lowlevel.c ****         {
1613:/home/reo/Documents/Repository/chipwhisperer/firmware/mcu/hal/chipwhisperer-fw-extra/stm32f4/stm32f4_hal_lowlevel.c ****           /* Change state */
1614:/home/reo/Documents/Repository/chipwhisperer/firmware/mcu/hal/chipwhisperer-fw-extra/stm32f4/stm32f4_hal_lowlevel.c ****           hcryp->State = HAL_CRYP_STATE_TIMEOUT;
1615:/home/reo/Documents/Repository/chipwhisperer/firmware/mcu/hal/chipwhisperer-fw-extra/stm32f4/stm32f4_hal_lowlevel.c ****           
1616:/home/reo/Documents/Repository/chipwhisperer/firmware/mcu/hal/chipwhisperer-fw-extra/stm32f4/stm32f4_hal_lowlevel.c ****           /* Process Unlocked */
1617:/home/reo/Documents/Repository/chipwhisperer/firmware/mcu/hal/chipwhisperer-fw-extra/stm32f4/stm32f4_hal_lowlevel.c ****           __HAL_UNLOCK(hcryp);
1618:/home/reo/Documents/Repository/chipwhisperer/firmware/mcu/hal/chipwhisperer-fw-extra/stm32f4/stm32f4_hal_lowlevel.c ****         
1619:/home/reo/Documents/Repository/chipwhisperer/firmware/mcu/hal/chipwhisperer-fw-extra/stm32f4/stm32f4_hal_lowlevel.c ****           return HAL_TIMEOUT;
1620:/home/reo/Documents/Repository/chipwhisperer/firmware/mcu/hal/chipwhisperer-fw-extra/stm32f4/stm32f4_hal_lowlevel.c ****         }
1621:/home/reo/Documents/Repository/chipwhisperer/firmware/mcu/hal/chipwhisperer-fw-extra/stm32f4/stm32f4_hal_lowlevel.c ****       }
1622:/home/reo/Documents/Repository/chipwhisperer/firmware/mcu/hal/chipwhisperer-fw-extra/stm32f4/stm32f4_hal_lowlevel.c ****     }
1623:/home/reo/Documents/Repository/chipwhisperer/firmware/mcu/hal/chipwhisperer-fw-extra/stm32f4/stm32f4_hal_lowlevel.c ****     /* Read the Output block from the Output FIFO */
1624:/home/reo/Documents/Repository/chipwhisperer/firmware/mcu/hal/chipwhisperer-fw-extra/stm32f4/stm32f4_hal_lowlevel.c ****     *(uint32_t*)(outputaddr) = hcryp->Instance->DOUT;
 124              		.loc 1 1624 5 is_stmt 1 discriminator 2 view .LVU37
 125              		.loc 1 1624 47 is_stmt 0 discriminator 2 view .LVU38
 126 004a CB68     		ldr	r3, [r1, #12]
 127              		.loc 1 1624 30 discriminator 2 view .LVU39
 128 004c 4EF8103C 		str	r3, [lr, #-16]
1625:/home/reo/Documents/Repository/chipwhisperer/firmware/mcu/hal/chipwhisperer-fw-extra/stm32f4/stm32f4_hal_lowlevel.c ****     outputaddr+=4U;
 129              		.loc 1 1625 5 is_stmt 1 discriminator 2 view .LVU40
 130              	.LVL12:
1626:/home/reo/Documents/Repository/chipwhisperer/firmware/mcu/hal/chipwhisperer-fw-extra/stm32f4/stm32f4_hal_lowlevel.c ****     *(uint32_t*)(outputaddr) = hcryp->Instance->DOUT;
 131              		.loc 1 1626 5 discriminator 2 view .LVU41
 132              		.loc 1 1626 47 is_stmt 0 discriminator 2 view .LVU42
 133 0050 CB68     		ldr	r3, [r1, #12]
 134              		.loc 1 1626 30 discriminator 2 view .LVU43
 135 0052 4EF80C3C 		str	r3, [lr, #-12]
1627:/home/reo/Documents/Repository/chipwhisperer/firmware/mcu/hal/chipwhisperer-fw-extra/stm32f4/stm32f4_hal_lowlevel.c ****     outputaddr+=4U;
 136              		.loc 1 1627 5 is_stmt 1 discriminator 2 view .LVU44
 137              	.LVL13:
1628:/home/reo/Documents/Repository/chipwhisperer/firmware/mcu/hal/chipwhisperer-fw-extra/stm32f4/stm32f4_hal_lowlevel.c ****     *(uint32_t*)(outputaddr) = hcryp->Instance->DOUT;
 138              		.loc 1 1628 5 discriminator 2 view .LVU45
 139              		.loc 1 1628 47 is_stmt 0 discriminator 2 view .LVU46
 140 0056 CB68     		ldr	r3, [r1, #12]
 141              		.loc 1 1628 30 discriminator 2 view .LVU47
 142 0058 4EF8083C 		str	r3, [lr, #-8]
1629:/home/reo/Documents/Repository/chipwhisperer/firmware/mcu/hal/chipwhisperer-fw-extra/stm32f4/stm32f4_hal_lowlevel.c ****     outputaddr+=4U;
 143              		.loc 1 1629 5 is_stmt 1 discriminator 2 view .LVU48
 144              	.LVL14:
1630:/home/reo/Documents/Repository/chipwhisperer/firmware/mcu/hal/chipwhisperer-fw-extra/stm32f4/stm32f4_hal_lowlevel.c ****     *(uint32_t*)(outputaddr) = hcryp->Instance->DOUT;
 145              		.loc 1 1630 5 discriminator 2 view .LVU49
1591:/home/reo/Documents/Repository/chipwhisperer/firmware/mcu/hal/chipwhisperer-fw-extra/stm32f4/stm32f4_hal_lowlevel.c ****   {
 146              		.loc 1 1591 3 is_stmt 0 discriminator 2 view .LVU50
 147 005c 0CF1100C 		add	ip, ip, #16
 148              	.LVL15:
1591:/home/reo/Documents/Repository/chipwhisperer/firmware/mcu/hal/chipwhisperer-fw-extra/stm32f4/stm32f4_hal_lowlevel.c ****   {
 149              		.loc 1 1591 3 discriminator 2 view .LVU51
 150 0060 00EB0C03 		add	r3, r0, ip
 151              		.loc 1 1630 47 discriminator 2 view .LVU52
 152 0064 CE68     		ldr	r6, [r1, #12]
 153              		.loc 1 1630 30 discriminator 2 view .LVU53
 154 0066 4EF8046C 		str	r6, [lr, #-4]
1631:/home/reo/Documents/Repository/chipwhisperer/firmware/mcu/hal/chipwhisperer-fw-extra/stm32f4/stm32f4_hal_lowlevel.c ****     outputaddr+=4U;
 155              		.loc 1 1631 5 is_stmt 1 discriminator 2 view .LVU54
 156              	.LVL16:
1591:/home/reo/Documents/Repository/chipwhisperer/firmware/mcu/hal/chipwhisperer-fw-extra/stm32f4/stm32f4_hal_lowlevel.c ****   {
 157              		.loc 1 1591 28 discriminator 2 view .LVU55
1591:/home/reo/Documents/Repository/chipwhisperer/firmware/mcu/hal/chipwhisperer-fw-extra/stm32f4/stm32f4_hal_lowlevel.c ****   {
 158              		.loc 1 1591 13 discriminator 2 view .LVU56
1591:/home/reo/Documents/Repository/chipwhisperer/firmware/mcu/hal/chipwhisperer-fw-extra/stm32f4/stm32f4_hal_lowlevel.c ****   {
 159              		.loc 1 1591 3 is_stmt 0 discriminator 2 view .LVU57
 160 006a 9A42     		cmp	r2, r3
 161 006c 0EF1100E 		add	lr, lr, #16
 162 0070 15D9     		bls	.L19
 163 0072 3B46     		mov	r3, r7
 164 0074 D6E7     		b	.L10
 165              	.LVL17:
 166              	.L6:
1609:/home/reo/Documents/Repository/chipwhisperer/firmware/mcu/hal/chipwhisperer-fw-extra/stm32f4/stm32f4_hal_lowlevel.c ****       {
 167              		.loc 1 1609 7 is_stmt 1 view .LVU58
1611:/home/reo/Documents/Repository/chipwhisperer/firmware/mcu/hal/chipwhisperer-fw-extra/stm32f4/stm32f4_hal_lowlevel.c ****         {
 168              		.loc 1 1611 9 view .LVU59
 169              	.LBB178:
 170              	.LBI178:
  52:/home/reo/Documents/Repository/chipwhisperer/firmware/mcu/hal/chipwhisperer-fw-extra/stm32f4/stm32f4_hal_lowlevel.c **** {
 171              		.loc 1 52 10 view .LVU60
 172              	.LBB179:
  54:/home/reo/Documents/Repository/chipwhisperer/firmware/mcu/hal/chipwhisperer-fw-extra/stm32f4/stm32f4_hal_lowlevel.c **** 	return tick++;;
 173              		.loc 1 54 2 view .LVU61
  55:/home/reo/Documents/Repository/chipwhisperer/firmware/mcu/hal/chipwhisperer-fw-extra/stm32f4/stm32f4_hal_lowlevel.c **** }
 174              		.loc 1 55 2 view .LVU62
 175              	.LBE179:
 176              	.LBE178:
1606:/home/reo/Documents/Repository/chipwhisperer/firmware/mcu/hal/chipwhisperer-fw-extra/stm32f4/stm32f4_hal_lowlevel.c ****     {    
 177              		.loc 1 1606 10 view .LVU63
1606:/home/reo/Documents/Repository/chipwhisperer/firmware/mcu/hal/chipwhisperer-fw-extra/stm32f4/stm32f4_hal_lowlevel.c ****     {    
 178              		.loc 1 1606 11 is_stmt 0 view .LVU64
 179 0076 4E68     		ldr	r6, [r1, #4]
1606:/home/reo/Documents/Repository/chipwhisperer/firmware/mcu/hal/chipwhisperer-fw-extra/stm32f4/stm32f4_hal_lowlevel.c ****     {    
 180              		.loc 1 1606 10 view .LVU65
 181 0078 7607     		lsls	r6, r6, #29
 182 007a E6D4     		bmi	.L8
1611:/home/reo/Documents/Repository/chipwhisperer/firmware/mcu/hal/chipwhisperer-fw-extra/stm32f4/stm32f4_hal_lowlevel.c ****         {
 183              		.loc 1 1611 11 view .LVU66
 184 007c 24B1     		cbz	r4, .L17
 185              	.LBB181:
 186              	.LBB180:
  55:/home/reo/Documents/Repository/chipwhisperer/firmware/mcu/hal/chipwhisperer-fw-extra/stm32f4/stm32f4_hal_lowlevel.c **** }
 187              		.loc 1 55 13 view .LVU67
 188 007e 0137     		adds	r7, r7, #1
  55:/home/reo/Documents/Repository/chipwhisperer/firmware/mcu/hal/chipwhisperer-fw-extra/stm32f4/stm32f4_hal_lowlevel.c **** }
 189              		.loc 1 55 16 is_stmt 1 view .LVU68
 190              	.LBE180:
 191              	.LBE181:
1611:/home/reo/Documents/Repository/chipwhisperer/firmware/mcu/hal/chipwhisperer-fw-extra/stm32f4/stm32f4_hal_lowlevel.c ****         {
 192              		.loc 1 1611 27 is_stmt 0 view .LVU69
 193 0080 03EB0708 		add	r8, r3, r7
 194 0084 4445     		cmp	r4, r8
 195 0086 DBD2     		bcs	.L3
 196              	.L17:
1614:/home/reo/Documents/Repository/chipwhisperer/firmware/mcu/hal/chipwhisperer-fw-extra/stm32f4/stm32f4_hal_lowlevel.c ****           
 197              		.loc 1 1614 24 view .LVU70
 198 0088 0322     		movs	r2, #3
 199              	.LVL18:
1617:/home/reo/Documents/Repository/chipwhisperer/firmware/mcu/hal/chipwhisperer-fw-extra/stm32f4/stm32f4_hal_lowlevel.c ****         
 200              		.loc 1 1617 11 view .LVU71
 201 008a 0023     		movs	r3, #0
 202              	.LVL19:
1617:/home/reo/Documents/Repository/chipwhisperer/firmware/mcu/hal/chipwhisperer-fw-extra/stm32f4/stm32f4_hal_lowlevel.c ****         
 203              		.loc 1 1617 11 view .LVU72
 204 008c C9F80070 		str	r7, [r9]
1614:/home/reo/Documents/Repository/chipwhisperer/firmware/mcu/hal/chipwhisperer-fw-extra/stm32f4/stm32f4_hal_lowlevel.c ****           
 205              		.loc 1 1614 11 is_stmt 1 view .LVU73
1614:/home/reo/Documents/Repository/chipwhisperer/firmware/mcu/hal/chipwhisperer-fw-extra/stm32f4/stm32f4_hal_lowlevel.c ****           
 206              		.loc 1 1614 24 is_stmt 0 view .LVU74
 207 0090 85F83D20 		strb	r2, [r5, #61]
1617:/home/reo/Documents/Repository/chipwhisperer/firmware/mcu/hal/chipwhisperer-fw-extra/stm32f4/stm32f4_hal_lowlevel.c ****         
 208              		.loc 1 1617 11 is_stmt 1 view .LVU75
1617:/home/reo/Documents/Repository/chipwhisperer/firmware/mcu/hal/chipwhisperer-fw-extra/stm32f4/stm32f4_hal_lowlevel.c ****         
 209              		.loc 1 1617 11 view .LVU76
 210 0094 85F83C30 		strb	r3, [r5, #60]
1617:/home/reo/Documents/Repository/chipwhisperer/firmware/mcu/hal/chipwhisperer-fw-extra/stm32f4/stm32f4_hal_lowlevel.c ****         
 211              		.loc 1 1617 11 view .LVU77
1619:/home/reo/Documents/Repository/chipwhisperer/firmware/mcu/hal/chipwhisperer-fw-extra/stm32f4/stm32f4_hal_lowlevel.c ****         }
 212              		.loc 1 1619 11 view .LVU78
1619:/home/reo/Documents/Repository/chipwhisperer/firmware/mcu/hal/chipwhisperer-fw-extra/stm32f4/stm32f4_hal_lowlevel.c ****         }
 213              		.loc 1 1619 18 is_stmt 0 view .LVU79
 214 0098 1046     		mov	r0, r2
 215              	.LVL20:
 216              	.L2:
1632:/home/reo/Documents/Repository/chipwhisperer/firmware/mcu/hal/chipwhisperer-fw-extra/stm32f4/stm32f4_hal_lowlevel.c ****   }
1633:/home/reo/Documents/Repository/chipwhisperer/firmware/mcu/hal/chipwhisperer-fw-extra/stm32f4/stm32f4_hal_lowlevel.c ****   /* Return function status */
1634:/home/reo/Documents/Repository/chipwhisperer/firmware/mcu/hal/chipwhisperer-fw-extra/stm32f4/stm32f4_hal_lowlevel.c ****   return HAL_OK;
1635:/home/reo/Documents/Repository/chipwhisperer/firmware/mcu/hal/chipwhisperer-fw-extra/stm32f4/stm32f4_hal_lowlevel.c **** }
 217              		.loc 1 1635 1 view .LVU80
 218 009a BDE8F083 		pop	{r4, r5, r6, r7, r8, r9, pc}
 219              	.LVL21:
 220              	.L19:
 221              		.loc 1 1635 1 view .LVU81
 222 009e C9F80070 		str	r7, [r9]
1634:/home/reo/Documents/Repository/chipwhisperer/firmware/mcu/hal/chipwhisperer-fw-extra/stm32f4/stm32f4_hal_lowlevel.c **** }
 223              		.loc 1 1634 10 view .LVU82
 224 00a2 0020     		movs	r0, #0
 225              		.loc 1 1635 1 view .LVU83
 226 00a4 BDE8F083 		pop	{r4, r5, r6, r7, r8, r9, pc}
 227              	.LVL22:
 228              	.L11:
1634:/home/reo/Documents/Repository/chipwhisperer/firmware/mcu/hal/chipwhisperer-fw-extra/stm32f4/stm32f4_hal_lowlevel.c **** }
 229              		.loc 1 1634 10 view .LVU84
 230 00a8 1046     		mov	r0, r2
 231              	.LVL23:
1634:/home/reo/Documents/Repository/chipwhisperer/firmware/mcu/hal/chipwhisperer-fw-extra/stm32f4/stm32f4_hal_lowlevel.c **** }
 232              		.loc 1 1634 10 view .LVU85
 233 00aa F6E7     		b	.L2
 234              	.L21:
 235              		.align	2
 236              	.L20:
 237 00ac 00000000 		.word	.LANCHOR0
 238              		.cfi_endproc
 239              	.LFE140:
 241              		.section	.text.CRYP_SetKey,"ax",%progbits
 242              		.align	1
 243              		.p2align 2,,3
 244              		.syntax unified
 245              		.thumb
 246              		.thumb_func
 247              		.fpu softvfp
 249              	CRYP_SetKey:
 250              	.LVL24:
 251              	.LFB139:
1521:/home/reo/Documents/Repository/chipwhisperer/firmware/mcu/hal/chipwhisperer-fw-extra/stm32f4/stm32f4_hal_lowlevel.c ****   uint32_t keyaddr = (uint32_t)Key;
 252              		.loc 1 1521 1 is_stmt 1 view -0
 253              		.cfi_startproc
 254              		@ args = 0, pretend = 0, frame = 0
 255              		@ frame_needed = 0, uses_anonymous_args = 0
 256              		@ link register save eliminated.
1522:/home/reo/Documents/Repository/chipwhisperer/firmware/mcu/hal/chipwhisperer-fw-extra/stm32f4/stm32f4_hal_lowlevel.c ****   
 257              		.loc 1 1522 3 view .LVU87
1524:/home/reo/Documents/Repository/chipwhisperer/firmware/mcu/hal/chipwhisperer-fw-extra/stm32f4/stm32f4_hal_lowlevel.c ****   {
 258              		.loc 1 1524 3 view .LVU88
 259 0000 B2F5807F 		cmp	r2, #256
 260 0004 04D0     		beq	.L23
 261 0006 B2F5007F 		cmp	r2, #512
 262 000a 23D0     		beq	.L24
 263 000c A2B1     		cbz	r2, .L27
1569:/home/reo/Documents/Repository/chipwhisperer/firmware/mcu/hal/chipwhisperer-fw-extra/stm32f4/stm32f4_hal_lowlevel.c **** 
 264              		.loc 1 1569 1 is_stmt 0 view .LVU89
 265 000e 7047     		bx	lr
 266              	.L23:
1545:/home/reo/Documents/Repository/chipwhisperer/firmware/mcu/hal/chipwhisperer-fw-extra/stm32f4/stm32f4_hal_lowlevel.c ****     keyaddr+=4U;
 267              		.loc 1 1545 5 is_stmt 1 view .LVU90
 268              	.LBB182:
 269              	.LBB183:
 270              		.file 2 "/home/reo/Documents/Repository/chipwhisperer/firmware/mcu/hal/chipwhisperer-fw-extra/stm3
   1:/home/reo/Documents/Repository/chipwhisperer/firmware/mcu/hal/chipwhisperer-fw-extra/stm32f4/CMSIS/core/cmsis_gcc.h **** /**************************************************************************//**
   2:/home/reo/Documents/Repository/chipwhisperer/firmware/mcu/hal/chipwhisperer-fw-extra/stm32f4/CMSIS/core/cmsis_gcc.h ****  * @file     cmsis_gcc.h
   3:/home/reo/Documents/Repository/chipwhisperer/firmware/mcu/hal/chipwhisperer-fw-extra/stm32f4/CMSIS/core/cmsis_gcc.h ****  * @brief    CMSIS Cortex-M Core Function/Instruction Header File
   4:/home/reo/Documents/Repository/chipwhisperer/firmware/mcu/hal/chipwhisperer-fw-extra/stm32f4/CMSIS/core/cmsis_gcc.h ****  * @version  V4.30
   5:/home/reo/Documents/Repository/chipwhisperer/firmware/mcu/hal/chipwhisperer-fw-extra/stm32f4/CMSIS/core/cmsis_gcc.h ****  * @date     20. October 2015
   6:/home/reo/Documents/Repository/chipwhisperer/firmware/mcu/hal/chipwhisperer-fw-extra/stm32f4/CMSIS/core/cmsis_gcc.h ****  ******************************************************************************/
   7:/home/reo/Documents/Repository/chipwhisperer/firmware/mcu/hal/chipwhisperer-fw-extra/stm32f4/CMSIS/core/cmsis_gcc.h **** /* Copyright (c) 2009 - 2015 ARM LIMITED
   8:/home/reo/Documents/Repository/chipwhisperer/firmware/mcu/hal/chipwhisperer-fw-extra/stm32f4/CMSIS/core/cmsis_gcc.h **** 
   9:/home/reo/Documents/Repository/chipwhisperer/firmware/mcu/hal/chipwhisperer-fw-extra/stm32f4/CMSIS/core/cmsis_gcc.h ****    All rights reserved.
  10:/home/reo/Documents/Repository/chipwhisperer/firmware/mcu/hal/chipwhisperer-fw-extra/stm32f4/CMSIS/core/cmsis_gcc.h ****    Redistribution and use in source and binary forms, with or without
  11:/home/reo/Documents/Repository/chipwhisperer/firmware/mcu/hal/chipwhisperer-fw-extra/stm32f4/CMSIS/core/cmsis_gcc.h ****    modification, are permitted provided that the following conditions are met:
  12:/home/reo/Documents/Repository/chipwhisperer/firmware/mcu/hal/chipwhisperer-fw-extra/stm32f4/CMSIS/core/cmsis_gcc.h ****    - Redistributions of source code must retain the above copyright
  13:/home/reo/Documents/Repository/chipwhisperer/firmware/mcu/hal/chipwhisperer-fw-extra/stm32f4/CMSIS/core/cmsis_gcc.h ****      notice, this list of conditions and the following disclaimer.
  14:/home/reo/Documents/Repository/chipwhisperer/firmware/mcu/hal/chipwhisperer-fw-extra/stm32f4/CMSIS/core/cmsis_gcc.h ****    - Redistributions in binary form must reproduce the above copyright
  15:/home/reo/Documents/Repository/chipwhisperer/firmware/mcu/hal/chipwhisperer-fw-extra/stm32f4/CMSIS/core/cmsis_gcc.h ****      notice, this list of conditions and the following disclaimer in the
  16:/home/reo/Documents/Repository/chipwhisperer/firmware/mcu/hal/chipwhisperer-fw-extra/stm32f4/CMSIS/core/cmsis_gcc.h ****      documentation and/or other materials provided with the distribution.
  17:/home/reo/Documents/Repository/chipwhisperer/firmware/mcu/hal/chipwhisperer-fw-extra/stm32f4/CMSIS/core/cmsis_gcc.h ****    - Neither the name of ARM nor the names of its contributors may be used
  18:/home/reo/Documents/Repository/chipwhisperer/firmware/mcu/hal/chipwhisperer-fw-extra/stm32f4/CMSIS/core/cmsis_gcc.h ****      to endorse or promote products derived from this software without
  19:/home/reo/Documents/Repository/chipwhisperer/firmware/mcu/hal/chipwhisperer-fw-extra/stm32f4/CMSIS/core/cmsis_gcc.h ****      specific prior written permission.
  20:/home/reo/Documents/Repository/chipwhisperer/firmware/mcu/hal/chipwhisperer-fw-extra/stm32f4/CMSIS/core/cmsis_gcc.h ****    *
  21:/home/reo/Documents/Repository/chipwhisperer/firmware/mcu/hal/chipwhisperer-fw-extra/stm32f4/CMSIS/core/cmsis_gcc.h ****    THIS SOFTWARE IS PROVIDED BY THE COPYRIGHT HOLDERS AND CONTRIBUTORS "AS IS"
  22:/home/reo/Documents/Repository/chipwhisperer/firmware/mcu/hal/chipwhisperer-fw-extra/stm32f4/CMSIS/core/cmsis_gcc.h ****    AND ANY EXPRESS OR IMPLIED WARRANTIES, INCLUDING, BUT NOT LIMITED TO, THE
  23:/home/reo/Documents/Repository/chipwhisperer/firmware/mcu/hal/chipwhisperer-fw-extra/stm32f4/CMSIS/core/cmsis_gcc.h ****    IMPLIED WARRANTIES OF MERCHANTABILITY AND FITNESS FOR A PARTICULAR PURPOSE
  24:/home/reo/Documents/Repository/chipwhisperer/firmware/mcu/hal/chipwhisperer-fw-extra/stm32f4/CMSIS/core/cmsis_gcc.h ****    ARE DISCLAIMED. IN NO EVENT SHALL COPYRIGHT HOLDERS AND CONTRIBUTORS BE
  25:/home/reo/Documents/Repository/chipwhisperer/firmware/mcu/hal/chipwhisperer-fw-extra/stm32f4/CMSIS/core/cmsis_gcc.h ****    LIABLE FOR ANY DIRECT, INDIRECT, INCIDENTAL, SPECIAL, EXEMPLARY, OR
  26:/home/reo/Documents/Repository/chipwhisperer/firmware/mcu/hal/chipwhisperer-fw-extra/stm32f4/CMSIS/core/cmsis_gcc.h ****    CONSEQUENTIAL DAMAGES (INCLUDING, BUT NOT LIMITED TO, PROCUREMENT OF
  27:/home/reo/Documents/Repository/chipwhisperer/firmware/mcu/hal/chipwhisperer-fw-extra/stm32f4/CMSIS/core/cmsis_gcc.h ****    SUBSTITUTE GOODS OR SERVICES; LOSS OF USE, DATA, OR PROFITS; OR BUSINESS
  28:/home/reo/Documents/Repository/chipwhisperer/firmware/mcu/hal/chipwhisperer-fw-extra/stm32f4/CMSIS/core/cmsis_gcc.h ****    INTERRUPTION) HOWEVER CAUSED AND ON ANY THEORY OF LIABILITY, WHETHER IN
  29:/home/reo/Documents/Repository/chipwhisperer/firmware/mcu/hal/chipwhisperer-fw-extra/stm32f4/CMSIS/core/cmsis_gcc.h ****    CONTRACT, STRICT LIABILITY, OR TORT (INCLUDING NEGLIGENCE OR OTHERWISE)
  30:/home/reo/Documents/Repository/chipwhisperer/firmware/mcu/hal/chipwhisperer-fw-extra/stm32f4/CMSIS/core/cmsis_gcc.h ****    ARISING IN ANY WAY OUT OF THE USE OF THIS SOFTWARE, EVEN IF ADVISED OF THE
  31:/home/reo/Documents/Repository/chipwhisperer/firmware/mcu/hal/chipwhisperer-fw-extra/stm32f4/CMSIS/core/cmsis_gcc.h ****    POSSIBILITY OF SUCH DAMAGE.
  32:/home/reo/Documents/Repository/chipwhisperer/firmware/mcu/hal/chipwhisperer-fw-extra/stm32f4/CMSIS/core/cmsis_gcc.h ****    ---------------------------------------------------------------------------*/
  33:/home/reo/Documents/Repository/chipwhisperer/firmware/mcu/hal/chipwhisperer-fw-extra/stm32f4/CMSIS/core/cmsis_gcc.h **** 
  34:/home/reo/Documents/Repository/chipwhisperer/firmware/mcu/hal/chipwhisperer-fw-extra/stm32f4/CMSIS/core/cmsis_gcc.h **** 
  35:/home/reo/Documents/Repository/chipwhisperer/firmware/mcu/hal/chipwhisperer-fw-extra/stm32f4/CMSIS/core/cmsis_gcc.h **** #ifndef __CMSIS_GCC_H
  36:/home/reo/Documents/Repository/chipwhisperer/firmware/mcu/hal/chipwhisperer-fw-extra/stm32f4/CMSIS/core/cmsis_gcc.h **** #define __CMSIS_GCC_H
  37:/home/reo/Documents/Repository/chipwhisperer/firmware/mcu/hal/chipwhisperer-fw-extra/stm32f4/CMSIS/core/cmsis_gcc.h **** 
  38:/home/reo/Documents/Repository/chipwhisperer/firmware/mcu/hal/chipwhisperer-fw-extra/stm32f4/CMSIS/core/cmsis_gcc.h **** /* ignore some GCC warnings */
  39:/home/reo/Documents/Repository/chipwhisperer/firmware/mcu/hal/chipwhisperer-fw-extra/stm32f4/CMSIS/core/cmsis_gcc.h **** #if defined ( __GNUC__ )
  40:/home/reo/Documents/Repository/chipwhisperer/firmware/mcu/hal/chipwhisperer-fw-extra/stm32f4/CMSIS/core/cmsis_gcc.h **** #pragma GCC diagnostic push
  41:/home/reo/Documents/Repository/chipwhisperer/firmware/mcu/hal/chipwhisperer-fw-extra/stm32f4/CMSIS/core/cmsis_gcc.h **** #pragma GCC diagnostic ignored "-Wsign-conversion"
  42:/home/reo/Documents/Repository/chipwhisperer/firmware/mcu/hal/chipwhisperer-fw-extra/stm32f4/CMSIS/core/cmsis_gcc.h **** #pragma GCC diagnostic ignored "-Wconversion"
  43:/home/reo/Documents/Repository/chipwhisperer/firmware/mcu/hal/chipwhisperer-fw-extra/stm32f4/CMSIS/core/cmsis_gcc.h **** #pragma GCC diagnostic ignored "-Wunused-parameter"
  44:/home/reo/Documents/Repository/chipwhisperer/firmware/mcu/hal/chipwhisperer-fw-extra/stm32f4/CMSIS/core/cmsis_gcc.h **** #endif
  45:/home/reo/Documents/Repository/chipwhisperer/firmware/mcu/hal/chipwhisperer-fw-extra/stm32f4/CMSIS/core/cmsis_gcc.h **** 
  46:/home/reo/Documents/Repository/chipwhisperer/firmware/mcu/hal/chipwhisperer-fw-extra/stm32f4/CMSIS/core/cmsis_gcc.h **** 
  47:/home/reo/Documents/Repository/chipwhisperer/firmware/mcu/hal/chipwhisperer-fw-extra/stm32f4/CMSIS/core/cmsis_gcc.h **** /* ###########################  Core Function Access  ########################### */
  48:/home/reo/Documents/Repository/chipwhisperer/firmware/mcu/hal/chipwhisperer-fw-extra/stm32f4/CMSIS/core/cmsis_gcc.h **** /** \ingroup  CMSIS_Core_FunctionInterface
  49:/home/reo/Documents/Repository/chipwhisperer/firmware/mcu/hal/chipwhisperer-fw-extra/stm32f4/CMSIS/core/cmsis_gcc.h ****     \defgroup CMSIS_Core_RegAccFunctions CMSIS Core Register Access Functions
  50:/home/reo/Documents/Repository/chipwhisperer/firmware/mcu/hal/chipwhisperer-fw-extra/stm32f4/CMSIS/core/cmsis_gcc.h ****   @{
  51:/home/reo/Documents/Repository/chipwhisperer/firmware/mcu/hal/chipwhisperer-fw-extra/stm32f4/CMSIS/core/cmsis_gcc.h ****  */
  52:/home/reo/Documents/Repository/chipwhisperer/firmware/mcu/hal/chipwhisperer-fw-extra/stm32f4/CMSIS/core/cmsis_gcc.h **** 
  53:/home/reo/Documents/Repository/chipwhisperer/firmware/mcu/hal/chipwhisperer-fw-extra/stm32f4/CMSIS/core/cmsis_gcc.h **** /**
  54:/home/reo/Documents/Repository/chipwhisperer/firmware/mcu/hal/chipwhisperer-fw-extra/stm32f4/CMSIS/core/cmsis_gcc.h ****   \brief   Enable IRQ Interrupts
  55:/home/reo/Documents/Repository/chipwhisperer/firmware/mcu/hal/chipwhisperer-fw-extra/stm32f4/CMSIS/core/cmsis_gcc.h ****   \details Enables IRQ interrupts by clearing the I-bit in the CPSR.
  56:/home/reo/Documents/Repository/chipwhisperer/firmware/mcu/hal/chipwhisperer-fw-extra/stm32f4/CMSIS/core/cmsis_gcc.h ****            Can only be executed in Privileged modes.
  57:/home/reo/Documents/Repository/chipwhisperer/firmware/mcu/hal/chipwhisperer-fw-extra/stm32f4/CMSIS/core/cmsis_gcc.h ****  */
  58:/home/reo/Documents/Repository/chipwhisperer/firmware/mcu/hal/chipwhisperer-fw-extra/stm32f4/CMSIS/core/cmsis_gcc.h **** __attribute__( ( always_inline ) ) __STATIC_INLINE void __enable_irq(void)
  59:/home/reo/Documents/Repository/chipwhisperer/firmware/mcu/hal/chipwhisperer-fw-extra/stm32f4/CMSIS/core/cmsis_gcc.h **** {
  60:/home/reo/Documents/Repository/chipwhisperer/firmware/mcu/hal/chipwhisperer-fw-extra/stm32f4/CMSIS/core/cmsis_gcc.h ****   __ASM volatile ("cpsie i" : : : "memory");
  61:/home/reo/Documents/Repository/chipwhisperer/firmware/mcu/hal/chipwhisperer-fw-extra/stm32f4/CMSIS/core/cmsis_gcc.h **** }
  62:/home/reo/Documents/Repository/chipwhisperer/firmware/mcu/hal/chipwhisperer-fw-extra/stm32f4/CMSIS/core/cmsis_gcc.h **** 
  63:/home/reo/Documents/Repository/chipwhisperer/firmware/mcu/hal/chipwhisperer-fw-extra/stm32f4/CMSIS/core/cmsis_gcc.h **** 
  64:/home/reo/Documents/Repository/chipwhisperer/firmware/mcu/hal/chipwhisperer-fw-extra/stm32f4/CMSIS/core/cmsis_gcc.h **** /**
  65:/home/reo/Documents/Repository/chipwhisperer/firmware/mcu/hal/chipwhisperer-fw-extra/stm32f4/CMSIS/core/cmsis_gcc.h ****   \brief   Disable IRQ Interrupts
  66:/home/reo/Documents/Repository/chipwhisperer/firmware/mcu/hal/chipwhisperer-fw-extra/stm32f4/CMSIS/core/cmsis_gcc.h ****   \details Disables IRQ interrupts by setting the I-bit in the CPSR.
  67:/home/reo/Documents/Repository/chipwhisperer/firmware/mcu/hal/chipwhisperer-fw-extra/stm32f4/CMSIS/core/cmsis_gcc.h ****   Can only be executed in Privileged modes.
  68:/home/reo/Documents/Repository/chipwhisperer/firmware/mcu/hal/chipwhisperer-fw-extra/stm32f4/CMSIS/core/cmsis_gcc.h ****  */
  69:/home/reo/Documents/Repository/chipwhisperer/firmware/mcu/hal/chipwhisperer-fw-extra/stm32f4/CMSIS/core/cmsis_gcc.h **** __attribute__( ( always_inline ) ) __STATIC_INLINE void __disable_irq(void)
  70:/home/reo/Documents/Repository/chipwhisperer/firmware/mcu/hal/chipwhisperer-fw-extra/stm32f4/CMSIS/core/cmsis_gcc.h **** {
  71:/home/reo/Documents/Repository/chipwhisperer/firmware/mcu/hal/chipwhisperer-fw-extra/stm32f4/CMSIS/core/cmsis_gcc.h ****   __ASM volatile ("cpsid i" : : : "memory");
  72:/home/reo/Documents/Repository/chipwhisperer/firmware/mcu/hal/chipwhisperer-fw-extra/stm32f4/CMSIS/core/cmsis_gcc.h **** }
  73:/home/reo/Documents/Repository/chipwhisperer/firmware/mcu/hal/chipwhisperer-fw-extra/stm32f4/CMSIS/core/cmsis_gcc.h **** 
  74:/home/reo/Documents/Repository/chipwhisperer/firmware/mcu/hal/chipwhisperer-fw-extra/stm32f4/CMSIS/core/cmsis_gcc.h **** 
  75:/home/reo/Documents/Repository/chipwhisperer/firmware/mcu/hal/chipwhisperer-fw-extra/stm32f4/CMSIS/core/cmsis_gcc.h **** /**
  76:/home/reo/Documents/Repository/chipwhisperer/firmware/mcu/hal/chipwhisperer-fw-extra/stm32f4/CMSIS/core/cmsis_gcc.h ****   \brief   Get Control Register
  77:/home/reo/Documents/Repository/chipwhisperer/firmware/mcu/hal/chipwhisperer-fw-extra/stm32f4/CMSIS/core/cmsis_gcc.h ****   \details Returns the content of the Control Register.
  78:/home/reo/Documents/Repository/chipwhisperer/firmware/mcu/hal/chipwhisperer-fw-extra/stm32f4/CMSIS/core/cmsis_gcc.h ****   \return               Control Register value
  79:/home/reo/Documents/Repository/chipwhisperer/firmware/mcu/hal/chipwhisperer-fw-extra/stm32f4/CMSIS/core/cmsis_gcc.h ****  */
  80:/home/reo/Documents/Repository/chipwhisperer/firmware/mcu/hal/chipwhisperer-fw-extra/stm32f4/CMSIS/core/cmsis_gcc.h **** __attribute__( ( always_inline ) ) __STATIC_INLINE uint32_t __get_CONTROL(void)
  81:/home/reo/Documents/Repository/chipwhisperer/firmware/mcu/hal/chipwhisperer-fw-extra/stm32f4/CMSIS/core/cmsis_gcc.h **** {
  82:/home/reo/Documents/Repository/chipwhisperer/firmware/mcu/hal/chipwhisperer-fw-extra/stm32f4/CMSIS/core/cmsis_gcc.h ****   uint32_t result;
  83:/home/reo/Documents/Repository/chipwhisperer/firmware/mcu/hal/chipwhisperer-fw-extra/stm32f4/CMSIS/core/cmsis_gcc.h **** 
  84:/home/reo/Documents/Repository/chipwhisperer/firmware/mcu/hal/chipwhisperer-fw-extra/stm32f4/CMSIS/core/cmsis_gcc.h ****   __ASM volatile ("MRS %0, control" : "=r" (result) );
  85:/home/reo/Documents/Repository/chipwhisperer/firmware/mcu/hal/chipwhisperer-fw-extra/stm32f4/CMSIS/core/cmsis_gcc.h ****   return(result);
  86:/home/reo/Documents/Repository/chipwhisperer/firmware/mcu/hal/chipwhisperer-fw-extra/stm32f4/CMSIS/core/cmsis_gcc.h **** }
  87:/home/reo/Documents/Repository/chipwhisperer/firmware/mcu/hal/chipwhisperer-fw-extra/stm32f4/CMSIS/core/cmsis_gcc.h **** 
  88:/home/reo/Documents/Repository/chipwhisperer/firmware/mcu/hal/chipwhisperer-fw-extra/stm32f4/CMSIS/core/cmsis_gcc.h **** 
  89:/home/reo/Documents/Repository/chipwhisperer/firmware/mcu/hal/chipwhisperer-fw-extra/stm32f4/CMSIS/core/cmsis_gcc.h **** /**
  90:/home/reo/Documents/Repository/chipwhisperer/firmware/mcu/hal/chipwhisperer-fw-extra/stm32f4/CMSIS/core/cmsis_gcc.h ****   \brief   Set Control Register
  91:/home/reo/Documents/Repository/chipwhisperer/firmware/mcu/hal/chipwhisperer-fw-extra/stm32f4/CMSIS/core/cmsis_gcc.h ****   \details Writes the given value to the Control Register.
  92:/home/reo/Documents/Repository/chipwhisperer/firmware/mcu/hal/chipwhisperer-fw-extra/stm32f4/CMSIS/core/cmsis_gcc.h ****   \param [in]    control  Control Register value to set
  93:/home/reo/Documents/Repository/chipwhisperer/firmware/mcu/hal/chipwhisperer-fw-extra/stm32f4/CMSIS/core/cmsis_gcc.h ****  */
  94:/home/reo/Documents/Repository/chipwhisperer/firmware/mcu/hal/chipwhisperer-fw-extra/stm32f4/CMSIS/core/cmsis_gcc.h **** __attribute__( ( always_inline ) ) __STATIC_INLINE void __set_CONTROL(uint32_t control)
  95:/home/reo/Documents/Repository/chipwhisperer/firmware/mcu/hal/chipwhisperer-fw-extra/stm32f4/CMSIS/core/cmsis_gcc.h **** {
  96:/home/reo/Documents/Repository/chipwhisperer/firmware/mcu/hal/chipwhisperer-fw-extra/stm32f4/CMSIS/core/cmsis_gcc.h ****   __ASM volatile ("MSR control, %0" : : "r" (control) : "memory");
  97:/home/reo/Documents/Repository/chipwhisperer/firmware/mcu/hal/chipwhisperer-fw-extra/stm32f4/CMSIS/core/cmsis_gcc.h **** }
  98:/home/reo/Documents/Repository/chipwhisperer/firmware/mcu/hal/chipwhisperer-fw-extra/stm32f4/CMSIS/core/cmsis_gcc.h **** 
  99:/home/reo/Documents/Repository/chipwhisperer/firmware/mcu/hal/chipwhisperer-fw-extra/stm32f4/CMSIS/core/cmsis_gcc.h **** 
 100:/home/reo/Documents/Repository/chipwhisperer/firmware/mcu/hal/chipwhisperer-fw-extra/stm32f4/CMSIS/core/cmsis_gcc.h **** /**
 101:/home/reo/Documents/Repository/chipwhisperer/firmware/mcu/hal/chipwhisperer-fw-extra/stm32f4/CMSIS/core/cmsis_gcc.h ****   \brief   Get IPSR Register
 102:/home/reo/Documents/Repository/chipwhisperer/firmware/mcu/hal/chipwhisperer-fw-extra/stm32f4/CMSIS/core/cmsis_gcc.h ****   \details Returns the content of the IPSR Register.
 103:/home/reo/Documents/Repository/chipwhisperer/firmware/mcu/hal/chipwhisperer-fw-extra/stm32f4/CMSIS/core/cmsis_gcc.h ****   \return               IPSR Register value
 104:/home/reo/Documents/Repository/chipwhisperer/firmware/mcu/hal/chipwhisperer-fw-extra/stm32f4/CMSIS/core/cmsis_gcc.h ****  */
 105:/home/reo/Documents/Repository/chipwhisperer/firmware/mcu/hal/chipwhisperer-fw-extra/stm32f4/CMSIS/core/cmsis_gcc.h **** __attribute__( ( always_inline ) ) __STATIC_INLINE uint32_t __get_IPSR(void)
 106:/home/reo/Documents/Repository/chipwhisperer/firmware/mcu/hal/chipwhisperer-fw-extra/stm32f4/CMSIS/core/cmsis_gcc.h **** {
 107:/home/reo/Documents/Repository/chipwhisperer/firmware/mcu/hal/chipwhisperer-fw-extra/stm32f4/CMSIS/core/cmsis_gcc.h ****   uint32_t result;
 108:/home/reo/Documents/Repository/chipwhisperer/firmware/mcu/hal/chipwhisperer-fw-extra/stm32f4/CMSIS/core/cmsis_gcc.h **** 
 109:/home/reo/Documents/Repository/chipwhisperer/firmware/mcu/hal/chipwhisperer-fw-extra/stm32f4/CMSIS/core/cmsis_gcc.h ****   __ASM volatile ("MRS %0, ipsr" : "=r" (result) );
 110:/home/reo/Documents/Repository/chipwhisperer/firmware/mcu/hal/chipwhisperer-fw-extra/stm32f4/CMSIS/core/cmsis_gcc.h ****   return(result);
 111:/home/reo/Documents/Repository/chipwhisperer/firmware/mcu/hal/chipwhisperer-fw-extra/stm32f4/CMSIS/core/cmsis_gcc.h **** }
 112:/home/reo/Documents/Repository/chipwhisperer/firmware/mcu/hal/chipwhisperer-fw-extra/stm32f4/CMSIS/core/cmsis_gcc.h **** 
 113:/home/reo/Documents/Repository/chipwhisperer/firmware/mcu/hal/chipwhisperer-fw-extra/stm32f4/CMSIS/core/cmsis_gcc.h **** 
 114:/home/reo/Documents/Repository/chipwhisperer/firmware/mcu/hal/chipwhisperer-fw-extra/stm32f4/CMSIS/core/cmsis_gcc.h **** /**
 115:/home/reo/Documents/Repository/chipwhisperer/firmware/mcu/hal/chipwhisperer-fw-extra/stm32f4/CMSIS/core/cmsis_gcc.h ****   \brief   Get APSR Register
 116:/home/reo/Documents/Repository/chipwhisperer/firmware/mcu/hal/chipwhisperer-fw-extra/stm32f4/CMSIS/core/cmsis_gcc.h ****   \details Returns the content of the APSR Register.
 117:/home/reo/Documents/Repository/chipwhisperer/firmware/mcu/hal/chipwhisperer-fw-extra/stm32f4/CMSIS/core/cmsis_gcc.h ****   \return               APSR Register value
 118:/home/reo/Documents/Repository/chipwhisperer/firmware/mcu/hal/chipwhisperer-fw-extra/stm32f4/CMSIS/core/cmsis_gcc.h ****  */
 119:/home/reo/Documents/Repository/chipwhisperer/firmware/mcu/hal/chipwhisperer-fw-extra/stm32f4/CMSIS/core/cmsis_gcc.h **** __attribute__( ( always_inline ) ) __STATIC_INLINE uint32_t __get_APSR(void)
 120:/home/reo/Documents/Repository/chipwhisperer/firmware/mcu/hal/chipwhisperer-fw-extra/stm32f4/CMSIS/core/cmsis_gcc.h **** {
 121:/home/reo/Documents/Repository/chipwhisperer/firmware/mcu/hal/chipwhisperer-fw-extra/stm32f4/CMSIS/core/cmsis_gcc.h ****   uint32_t result;
 122:/home/reo/Documents/Repository/chipwhisperer/firmware/mcu/hal/chipwhisperer-fw-extra/stm32f4/CMSIS/core/cmsis_gcc.h **** 
 123:/home/reo/Documents/Repository/chipwhisperer/firmware/mcu/hal/chipwhisperer-fw-extra/stm32f4/CMSIS/core/cmsis_gcc.h ****   __ASM volatile ("MRS %0, apsr" : "=r" (result) );
 124:/home/reo/Documents/Repository/chipwhisperer/firmware/mcu/hal/chipwhisperer-fw-extra/stm32f4/CMSIS/core/cmsis_gcc.h ****   return(result);
 125:/home/reo/Documents/Repository/chipwhisperer/firmware/mcu/hal/chipwhisperer-fw-extra/stm32f4/CMSIS/core/cmsis_gcc.h **** }
 126:/home/reo/Documents/Repository/chipwhisperer/firmware/mcu/hal/chipwhisperer-fw-extra/stm32f4/CMSIS/core/cmsis_gcc.h **** 
 127:/home/reo/Documents/Repository/chipwhisperer/firmware/mcu/hal/chipwhisperer-fw-extra/stm32f4/CMSIS/core/cmsis_gcc.h **** 
 128:/home/reo/Documents/Repository/chipwhisperer/firmware/mcu/hal/chipwhisperer-fw-extra/stm32f4/CMSIS/core/cmsis_gcc.h **** /**
 129:/home/reo/Documents/Repository/chipwhisperer/firmware/mcu/hal/chipwhisperer-fw-extra/stm32f4/CMSIS/core/cmsis_gcc.h ****   \brief   Get xPSR Register
 130:/home/reo/Documents/Repository/chipwhisperer/firmware/mcu/hal/chipwhisperer-fw-extra/stm32f4/CMSIS/core/cmsis_gcc.h ****   \details Returns the content of the xPSR Register.
 131:/home/reo/Documents/Repository/chipwhisperer/firmware/mcu/hal/chipwhisperer-fw-extra/stm32f4/CMSIS/core/cmsis_gcc.h **** 
 132:/home/reo/Documents/Repository/chipwhisperer/firmware/mcu/hal/chipwhisperer-fw-extra/stm32f4/CMSIS/core/cmsis_gcc.h ****     \return               xPSR Register value
 133:/home/reo/Documents/Repository/chipwhisperer/firmware/mcu/hal/chipwhisperer-fw-extra/stm32f4/CMSIS/core/cmsis_gcc.h ****  */
 134:/home/reo/Documents/Repository/chipwhisperer/firmware/mcu/hal/chipwhisperer-fw-extra/stm32f4/CMSIS/core/cmsis_gcc.h **** __attribute__( ( always_inline ) ) __STATIC_INLINE uint32_t __get_xPSR(void)
 135:/home/reo/Documents/Repository/chipwhisperer/firmware/mcu/hal/chipwhisperer-fw-extra/stm32f4/CMSIS/core/cmsis_gcc.h **** {
 136:/home/reo/Documents/Repository/chipwhisperer/firmware/mcu/hal/chipwhisperer-fw-extra/stm32f4/CMSIS/core/cmsis_gcc.h ****   uint32_t result;
 137:/home/reo/Documents/Repository/chipwhisperer/firmware/mcu/hal/chipwhisperer-fw-extra/stm32f4/CMSIS/core/cmsis_gcc.h **** 
 138:/home/reo/Documents/Repository/chipwhisperer/firmware/mcu/hal/chipwhisperer-fw-extra/stm32f4/CMSIS/core/cmsis_gcc.h ****   __ASM volatile ("MRS %0, xpsr" : "=r" (result) );
 139:/home/reo/Documents/Repository/chipwhisperer/firmware/mcu/hal/chipwhisperer-fw-extra/stm32f4/CMSIS/core/cmsis_gcc.h ****   return(result);
 140:/home/reo/Documents/Repository/chipwhisperer/firmware/mcu/hal/chipwhisperer-fw-extra/stm32f4/CMSIS/core/cmsis_gcc.h **** }
 141:/home/reo/Documents/Repository/chipwhisperer/firmware/mcu/hal/chipwhisperer-fw-extra/stm32f4/CMSIS/core/cmsis_gcc.h **** 
 142:/home/reo/Documents/Repository/chipwhisperer/firmware/mcu/hal/chipwhisperer-fw-extra/stm32f4/CMSIS/core/cmsis_gcc.h **** 
 143:/home/reo/Documents/Repository/chipwhisperer/firmware/mcu/hal/chipwhisperer-fw-extra/stm32f4/CMSIS/core/cmsis_gcc.h **** /**
 144:/home/reo/Documents/Repository/chipwhisperer/firmware/mcu/hal/chipwhisperer-fw-extra/stm32f4/CMSIS/core/cmsis_gcc.h ****   \brief   Get Process Stack Pointer
 145:/home/reo/Documents/Repository/chipwhisperer/firmware/mcu/hal/chipwhisperer-fw-extra/stm32f4/CMSIS/core/cmsis_gcc.h ****   \details Returns the current value of the Process Stack Pointer (PSP).
 146:/home/reo/Documents/Repository/chipwhisperer/firmware/mcu/hal/chipwhisperer-fw-extra/stm32f4/CMSIS/core/cmsis_gcc.h ****   \return               PSP Register value
 147:/home/reo/Documents/Repository/chipwhisperer/firmware/mcu/hal/chipwhisperer-fw-extra/stm32f4/CMSIS/core/cmsis_gcc.h ****  */
 148:/home/reo/Documents/Repository/chipwhisperer/firmware/mcu/hal/chipwhisperer-fw-extra/stm32f4/CMSIS/core/cmsis_gcc.h **** __attribute__( ( always_inline ) ) __STATIC_INLINE uint32_t __get_PSP(void)
 149:/home/reo/Documents/Repository/chipwhisperer/firmware/mcu/hal/chipwhisperer-fw-extra/stm32f4/CMSIS/core/cmsis_gcc.h **** {
 150:/home/reo/Documents/Repository/chipwhisperer/firmware/mcu/hal/chipwhisperer-fw-extra/stm32f4/CMSIS/core/cmsis_gcc.h ****   register uint32_t result;
 151:/home/reo/Documents/Repository/chipwhisperer/firmware/mcu/hal/chipwhisperer-fw-extra/stm32f4/CMSIS/core/cmsis_gcc.h **** 
 152:/home/reo/Documents/Repository/chipwhisperer/firmware/mcu/hal/chipwhisperer-fw-extra/stm32f4/CMSIS/core/cmsis_gcc.h ****   __ASM volatile ("MRS %0, psp\n"  : "=r" (result) );
 153:/home/reo/Documents/Repository/chipwhisperer/firmware/mcu/hal/chipwhisperer-fw-extra/stm32f4/CMSIS/core/cmsis_gcc.h ****   return(result);
 154:/home/reo/Documents/Repository/chipwhisperer/firmware/mcu/hal/chipwhisperer-fw-extra/stm32f4/CMSIS/core/cmsis_gcc.h **** }
 155:/home/reo/Documents/Repository/chipwhisperer/firmware/mcu/hal/chipwhisperer-fw-extra/stm32f4/CMSIS/core/cmsis_gcc.h **** 
 156:/home/reo/Documents/Repository/chipwhisperer/firmware/mcu/hal/chipwhisperer-fw-extra/stm32f4/CMSIS/core/cmsis_gcc.h **** 
 157:/home/reo/Documents/Repository/chipwhisperer/firmware/mcu/hal/chipwhisperer-fw-extra/stm32f4/CMSIS/core/cmsis_gcc.h **** /**
 158:/home/reo/Documents/Repository/chipwhisperer/firmware/mcu/hal/chipwhisperer-fw-extra/stm32f4/CMSIS/core/cmsis_gcc.h ****   \brief   Set Process Stack Pointer
 159:/home/reo/Documents/Repository/chipwhisperer/firmware/mcu/hal/chipwhisperer-fw-extra/stm32f4/CMSIS/core/cmsis_gcc.h ****   \details Assigns the given value to the Process Stack Pointer (PSP).
 160:/home/reo/Documents/Repository/chipwhisperer/firmware/mcu/hal/chipwhisperer-fw-extra/stm32f4/CMSIS/core/cmsis_gcc.h ****   \param [in]    topOfProcStack  Process Stack Pointer value to set
 161:/home/reo/Documents/Repository/chipwhisperer/firmware/mcu/hal/chipwhisperer-fw-extra/stm32f4/CMSIS/core/cmsis_gcc.h ****  */
 162:/home/reo/Documents/Repository/chipwhisperer/firmware/mcu/hal/chipwhisperer-fw-extra/stm32f4/CMSIS/core/cmsis_gcc.h **** __attribute__( ( always_inline ) ) __STATIC_INLINE void __set_PSP(uint32_t topOfProcStack)
 163:/home/reo/Documents/Repository/chipwhisperer/firmware/mcu/hal/chipwhisperer-fw-extra/stm32f4/CMSIS/core/cmsis_gcc.h **** {
 164:/home/reo/Documents/Repository/chipwhisperer/firmware/mcu/hal/chipwhisperer-fw-extra/stm32f4/CMSIS/core/cmsis_gcc.h ****   __ASM volatile ("MSR psp, %0\n" : : "r" (topOfProcStack) : "sp");
 165:/home/reo/Documents/Repository/chipwhisperer/firmware/mcu/hal/chipwhisperer-fw-extra/stm32f4/CMSIS/core/cmsis_gcc.h **** }
 166:/home/reo/Documents/Repository/chipwhisperer/firmware/mcu/hal/chipwhisperer-fw-extra/stm32f4/CMSIS/core/cmsis_gcc.h **** 
 167:/home/reo/Documents/Repository/chipwhisperer/firmware/mcu/hal/chipwhisperer-fw-extra/stm32f4/CMSIS/core/cmsis_gcc.h **** 
 168:/home/reo/Documents/Repository/chipwhisperer/firmware/mcu/hal/chipwhisperer-fw-extra/stm32f4/CMSIS/core/cmsis_gcc.h **** /**
 169:/home/reo/Documents/Repository/chipwhisperer/firmware/mcu/hal/chipwhisperer-fw-extra/stm32f4/CMSIS/core/cmsis_gcc.h ****   \brief   Get Main Stack Pointer
 170:/home/reo/Documents/Repository/chipwhisperer/firmware/mcu/hal/chipwhisperer-fw-extra/stm32f4/CMSIS/core/cmsis_gcc.h ****   \details Returns the current value of the Main Stack Pointer (MSP).
 171:/home/reo/Documents/Repository/chipwhisperer/firmware/mcu/hal/chipwhisperer-fw-extra/stm32f4/CMSIS/core/cmsis_gcc.h ****   \return               MSP Register value
 172:/home/reo/Documents/Repository/chipwhisperer/firmware/mcu/hal/chipwhisperer-fw-extra/stm32f4/CMSIS/core/cmsis_gcc.h ****  */
 173:/home/reo/Documents/Repository/chipwhisperer/firmware/mcu/hal/chipwhisperer-fw-extra/stm32f4/CMSIS/core/cmsis_gcc.h **** __attribute__( ( always_inline ) ) __STATIC_INLINE uint32_t __get_MSP(void)
 174:/home/reo/Documents/Repository/chipwhisperer/firmware/mcu/hal/chipwhisperer-fw-extra/stm32f4/CMSIS/core/cmsis_gcc.h **** {
 175:/home/reo/Documents/Repository/chipwhisperer/firmware/mcu/hal/chipwhisperer-fw-extra/stm32f4/CMSIS/core/cmsis_gcc.h ****   register uint32_t result;
 176:/home/reo/Documents/Repository/chipwhisperer/firmware/mcu/hal/chipwhisperer-fw-extra/stm32f4/CMSIS/core/cmsis_gcc.h **** 
 177:/home/reo/Documents/Repository/chipwhisperer/firmware/mcu/hal/chipwhisperer-fw-extra/stm32f4/CMSIS/core/cmsis_gcc.h ****   __ASM volatile ("MRS %0, msp\n" : "=r" (result) );
 178:/home/reo/Documents/Repository/chipwhisperer/firmware/mcu/hal/chipwhisperer-fw-extra/stm32f4/CMSIS/core/cmsis_gcc.h ****   return(result);
 179:/home/reo/Documents/Repository/chipwhisperer/firmware/mcu/hal/chipwhisperer-fw-extra/stm32f4/CMSIS/core/cmsis_gcc.h **** }
 180:/home/reo/Documents/Repository/chipwhisperer/firmware/mcu/hal/chipwhisperer-fw-extra/stm32f4/CMSIS/core/cmsis_gcc.h **** 
 181:/home/reo/Documents/Repository/chipwhisperer/firmware/mcu/hal/chipwhisperer-fw-extra/stm32f4/CMSIS/core/cmsis_gcc.h **** 
 182:/home/reo/Documents/Repository/chipwhisperer/firmware/mcu/hal/chipwhisperer-fw-extra/stm32f4/CMSIS/core/cmsis_gcc.h **** /**
 183:/home/reo/Documents/Repository/chipwhisperer/firmware/mcu/hal/chipwhisperer-fw-extra/stm32f4/CMSIS/core/cmsis_gcc.h ****   \brief   Set Main Stack Pointer
 184:/home/reo/Documents/Repository/chipwhisperer/firmware/mcu/hal/chipwhisperer-fw-extra/stm32f4/CMSIS/core/cmsis_gcc.h ****   \details Assigns the given value to the Main Stack Pointer (MSP).
 185:/home/reo/Documents/Repository/chipwhisperer/firmware/mcu/hal/chipwhisperer-fw-extra/stm32f4/CMSIS/core/cmsis_gcc.h **** 
 186:/home/reo/Documents/Repository/chipwhisperer/firmware/mcu/hal/chipwhisperer-fw-extra/stm32f4/CMSIS/core/cmsis_gcc.h ****     \param [in]    topOfMainStack  Main Stack Pointer value to set
 187:/home/reo/Documents/Repository/chipwhisperer/firmware/mcu/hal/chipwhisperer-fw-extra/stm32f4/CMSIS/core/cmsis_gcc.h ****  */
 188:/home/reo/Documents/Repository/chipwhisperer/firmware/mcu/hal/chipwhisperer-fw-extra/stm32f4/CMSIS/core/cmsis_gcc.h **** __attribute__( ( always_inline ) ) __STATIC_INLINE void __set_MSP(uint32_t topOfMainStack)
 189:/home/reo/Documents/Repository/chipwhisperer/firmware/mcu/hal/chipwhisperer-fw-extra/stm32f4/CMSIS/core/cmsis_gcc.h **** {
 190:/home/reo/Documents/Repository/chipwhisperer/firmware/mcu/hal/chipwhisperer-fw-extra/stm32f4/CMSIS/core/cmsis_gcc.h ****   __ASM volatile ("MSR msp, %0\n" : : "r" (topOfMainStack) : "sp");
 191:/home/reo/Documents/Repository/chipwhisperer/firmware/mcu/hal/chipwhisperer-fw-extra/stm32f4/CMSIS/core/cmsis_gcc.h **** }
 192:/home/reo/Documents/Repository/chipwhisperer/firmware/mcu/hal/chipwhisperer-fw-extra/stm32f4/CMSIS/core/cmsis_gcc.h **** 
 193:/home/reo/Documents/Repository/chipwhisperer/firmware/mcu/hal/chipwhisperer-fw-extra/stm32f4/CMSIS/core/cmsis_gcc.h **** 
 194:/home/reo/Documents/Repository/chipwhisperer/firmware/mcu/hal/chipwhisperer-fw-extra/stm32f4/CMSIS/core/cmsis_gcc.h **** /**
 195:/home/reo/Documents/Repository/chipwhisperer/firmware/mcu/hal/chipwhisperer-fw-extra/stm32f4/CMSIS/core/cmsis_gcc.h ****   \brief   Get Priority Mask
 196:/home/reo/Documents/Repository/chipwhisperer/firmware/mcu/hal/chipwhisperer-fw-extra/stm32f4/CMSIS/core/cmsis_gcc.h ****   \details Returns the current state of the priority mask bit from the Priority Mask Register.
 197:/home/reo/Documents/Repository/chipwhisperer/firmware/mcu/hal/chipwhisperer-fw-extra/stm32f4/CMSIS/core/cmsis_gcc.h ****   \return               Priority Mask value
 198:/home/reo/Documents/Repository/chipwhisperer/firmware/mcu/hal/chipwhisperer-fw-extra/stm32f4/CMSIS/core/cmsis_gcc.h ****  */
 199:/home/reo/Documents/Repository/chipwhisperer/firmware/mcu/hal/chipwhisperer-fw-extra/stm32f4/CMSIS/core/cmsis_gcc.h **** __attribute__( ( always_inline ) ) __STATIC_INLINE uint32_t __get_PRIMASK(void)
 200:/home/reo/Documents/Repository/chipwhisperer/firmware/mcu/hal/chipwhisperer-fw-extra/stm32f4/CMSIS/core/cmsis_gcc.h **** {
 201:/home/reo/Documents/Repository/chipwhisperer/firmware/mcu/hal/chipwhisperer-fw-extra/stm32f4/CMSIS/core/cmsis_gcc.h ****   uint32_t result;
 202:/home/reo/Documents/Repository/chipwhisperer/firmware/mcu/hal/chipwhisperer-fw-extra/stm32f4/CMSIS/core/cmsis_gcc.h **** 
 203:/home/reo/Documents/Repository/chipwhisperer/firmware/mcu/hal/chipwhisperer-fw-extra/stm32f4/CMSIS/core/cmsis_gcc.h ****   __ASM volatile ("MRS %0, primask" : "=r" (result) );
 204:/home/reo/Documents/Repository/chipwhisperer/firmware/mcu/hal/chipwhisperer-fw-extra/stm32f4/CMSIS/core/cmsis_gcc.h ****   return(result);
 205:/home/reo/Documents/Repository/chipwhisperer/firmware/mcu/hal/chipwhisperer-fw-extra/stm32f4/CMSIS/core/cmsis_gcc.h **** }
 206:/home/reo/Documents/Repository/chipwhisperer/firmware/mcu/hal/chipwhisperer-fw-extra/stm32f4/CMSIS/core/cmsis_gcc.h **** 
 207:/home/reo/Documents/Repository/chipwhisperer/firmware/mcu/hal/chipwhisperer-fw-extra/stm32f4/CMSIS/core/cmsis_gcc.h **** 
 208:/home/reo/Documents/Repository/chipwhisperer/firmware/mcu/hal/chipwhisperer-fw-extra/stm32f4/CMSIS/core/cmsis_gcc.h **** /**
 209:/home/reo/Documents/Repository/chipwhisperer/firmware/mcu/hal/chipwhisperer-fw-extra/stm32f4/CMSIS/core/cmsis_gcc.h ****   \brief   Set Priority Mask
 210:/home/reo/Documents/Repository/chipwhisperer/firmware/mcu/hal/chipwhisperer-fw-extra/stm32f4/CMSIS/core/cmsis_gcc.h ****   \details Assigns the given value to the Priority Mask Register.
 211:/home/reo/Documents/Repository/chipwhisperer/firmware/mcu/hal/chipwhisperer-fw-extra/stm32f4/CMSIS/core/cmsis_gcc.h ****   \param [in]    priMask  Priority Mask
 212:/home/reo/Documents/Repository/chipwhisperer/firmware/mcu/hal/chipwhisperer-fw-extra/stm32f4/CMSIS/core/cmsis_gcc.h ****  */
 213:/home/reo/Documents/Repository/chipwhisperer/firmware/mcu/hal/chipwhisperer-fw-extra/stm32f4/CMSIS/core/cmsis_gcc.h **** __attribute__( ( always_inline ) ) __STATIC_INLINE void __set_PRIMASK(uint32_t priMask)
 214:/home/reo/Documents/Repository/chipwhisperer/firmware/mcu/hal/chipwhisperer-fw-extra/stm32f4/CMSIS/core/cmsis_gcc.h **** {
 215:/home/reo/Documents/Repository/chipwhisperer/firmware/mcu/hal/chipwhisperer-fw-extra/stm32f4/CMSIS/core/cmsis_gcc.h ****   __ASM volatile ("MSR primask, %0" : : "r" (priMask) : "memory");
 216:/home/reo/Documents/Repository/chipwhisperer/firmware/mcu/hal/chipwhisperer-fw-extra/stm32f4/CMSIS/core/cmsis_gcc.h **** }
 217:/home/reo/Documents/Repository/chipwhisperer/firmware/mcu/hal/chipwhisperer-fw-extra/stm32f4/CMSIS/core/cmsis_gcc.h **** 
 218:/home/reo/Documents/Repository/chipwhisperer/firmware/mcu/hal/chipwhisperer-fw-extra/stm32f4/CMSIS/core/cmsis_gcc.h **** 
 219:/home/reo/Documents/Repository/chipwhisperer/firmware/mcu/hal/chipwhisperer-fw-extra/stm32f4/CMSIS/core/cmsis_gcc.h **** #if       (__CORTEX_M >= 0x03U)
 220:/home/reo/Documents/Repository/chipwhisperer/firmware/mcu/hal/chipwhisperer-fw-extra/stm32f4/CMSIS/core/cmsis_gcc.h **** 
 221:/home/reo/Documents/Repository/chipwhisperer/firmware/mcu/hal/chipwhisperer-fw-extra/stm32f4/CMSIS/core/cmsis_gcc.h **** /**
 222:/home/reo/Documents/Repository/chipwhisperer/firmware/mcu/hal/chipwhisperer-fw-extra/stm32f4/CMSIS/core/cmsis_gcc.h ****   \brief   Enable FIQ
 223:/home/reo/Documents/Repository/chipwhisperer/firmware/mcu/hal/chipwhisperer-fw-extra/stm32f4/CMSIS/core/cmsis_gcc.h ****   \details Enables FIQ interrupts by clearing the F-bit in the CPSR.
 224:/home/reo/Documents/Repository/chipwhisperer/firmware/mcu/hal/chipwhisperer-fw-extra/stm32f4/CMSIS/core/cmsis_gcc.h ****            Can only be executed in Privileged modes.
 225:/home/reo/Documents/Repository/chipwhisperer/firmware/mcu/hal/chipwhisperer-fw-extra/stm32f4/CMSIS/core/cmsis_gcc.h ****  */
 226:/home/reo/Documents/Repository/chipwhisperer/firmware/mcu/hal/chipwhisperer-fw-extra/stm32f4/CMSIS/core/cmsis_gcc.h **** __attribute__( ( always_inline ) ) __STATIC_INLINE void __enable_fault_irq(void)
 227:/home/reo/Documents/Repository/chipwhisperer/firmware/mcu/hal/chipwhisperer-fw-extra/stm32f4/CMSIS/core/cmsis_gcc.h **** {
 228:/home/reo/Documents/Repository/chipwhisperer/firmware/mcu/hal/chipwhisperer-fw-extra/stm32f4/CMSIS/core/cmsis_gcc.h ****   __ASM volatile ("cpsie f" : : : "memory");
 229:/home/reo/Documents/Repository/chipwhisperer/firmware/mcu/hal/chipwhisperer-fw-extra/stm32f4/CMSIS/core/cmsis_gcc.h **** }
 230:/home/reo/Documents/Repository/chipwhisperer/firmware/mcu/hal/chipwhisperer-fw-extra/stm32f4/CMSIS/core/cmsis_gcc.h **** 
 231:/home/reo/Documents/Repository/chipwhisperer/firmware/mcu/hal/chipwhisperer-fw-extra/stm32f4/CMSIS/core/cmsis_gcc.h **** 
 232:/home/reo/Documents/Repository/chipwhisperer/firmware/mcu/hal/chipwhisperer-fw-extra/stm32f4/CMSIS/core/cmsis_gcc.h **** /**
 233:/home/reo/Documents/Repository/chipwhisperer/firmware/mcu/hal/chipwhisperer-fw-extra/stm32f4/CMSIS/core/cmsis_gcc.h ****   \brief   Disable FIQ
 234:/home/reo/Documents/Repository/chipwhisperer/firmware/mcu/hal/chipwhisperer-fw-extra/stm32f4/CMSIS/core/cmsis_gcc.h ****   \details Disables FIQ interrupts by setting the F-bit in the CPSR.
 235:/home/reo/Documents/Repository/chipwhisperer/firmware/mcu/hal/chipwhisperer-fw-extra/stm32f4/CMSIS/core/cmsis_gcc.h ****            Can only be executed in Privileged modes.
 236:/home/reo/Documents/Repository/chipwhisperer/firmware/mcu/hal/chipwhisperer-fw-extra/stm32f4/CMSIS/core/cmsis_gcc.h ****  */
 237:/home/reo/Documents/Repository/chipwhisperer/firmware/mcu/hal/chipwhisperer-fw-extra/stm32f4/CMSIS/core/cmsis_gcc.h **** __attribute__( ( always_inline ) ) __STATIC_INLINE void __disable_fault_irq(void)
 238:/home/reo/Documents/Repository/chipwhisperer/firmware/mcu/hal/chipwhisperer-fw-extra/stm32f4/CMSIS/core/cmsis_gcc.h **** {
 239:/home/reo/Documents/Repository/chipwhisperer/firmware/mcu/hal/chipwhisperer-fw-extra/stm32f4/CMSIS/core/cmsis_gcc.h ****   __ASM volatile ("cpsid f" : : : "memory");
 240:/home/reo/Documents/Repository/chipwhisperer/firmware/mcu/hal/chipwhisperer-fw-extra/stm32f4/CMSIS/core/cmsis_gcc.h **** }
 241:/home/reo/Documents/Repository/chipwhisperer/firmware/mcu/hal/chipwhisperer-fw-extra/stm32f4/CMSIS/core/cmsis_gcc.h **** 
 242:/home/reo/Documents/Repository/chipwhisperer/firmware/mcu/hal/chipwhisperer-fw-extra/stm32f4/CMSIS/core/cmsis_gcc.h **** 
 243:/home/reo/Documents/Repository/chipwhisperer/firmware/mcu/hal/chipwhisperer-fw-extra/stm32f4/CMSIS/core/cmsis_gcc.h **** /**
 244:/home/reo/Documents/Repository/chipwhisperer/firmware/mcu/hal/chipwhisperer-fw-extra/stm32f4/CMSIS/core/cmsis_gcc.h ****   \brief   Get Base Priority
 245:/home/reo/Documents/Repository/chipwhisperer/firmware/mcu/hal/chipwhisperer-fw-extra/stm32f4/CMSIS/core/cmsis_gcc.h ****   \details Returns the current value of the Base Priority register.
 246:/home/reo/Documents/Repository/chipwhisperer/firmware/mcu/hal/chipwhisperer-fw-extra/stm32f4/CMSIS/core/cmsis_gcc.h ****   \return               Base Priority register value
 247:/home/reo/Documents/Repository/chipwhisperer/firmware/mcu/hal/chipwhisperer-fw-extra/stm32f4/CMSIS/core/cmsis_gcc.h ****  */
 248:/home/reo/Documents/Repository/chipwhisperer/firmware/mcu/hal/chipwhisperer-fw-extra/stm32f4/CMSIS/core/cmsis_gcc.h **** __attribute__( ( always_inline ) ) __STATIC_INLINE uint32_t __get_BASEPRI(void)
 249:/home/reo/Documents/Repository/chipwhisperer/firmware/mcu/hal/chipwhisperer-fw-extra/stm32f4/CMSIS/core/cmsis_gcc.h **** {
 250:/home/reo/Documents/Repository/chipwhisperer/firmware/mcu/hal/chipwhisperer-fw-extra/stm32f4/CMSIS/core/cmsis_gcc.h ****   uint32_t result;
 251:/home/reo/Documents/Repository/chipwhisperer/firmware/mcu/hal/chipwhisperer-fw-extra/stm32f4/CMSIS/core/cmsis_gcc.h **** 
 252:/home/reo/Documents/Repository/chipwhisperer/firmware/mcu/hal/chipwhisperer-fw-extra/stm32f4/CMSIS/core/cmsis_gcc.h ****   __ASM volatile ("MRS %0, basepri" : "=r" (result) );
 253:/home/reo/Documents/Repository/chipwhisperer/firmware/mcu/hal/chipwhisperer-fw-extra/stm32f4/CMSIS/core/cmsis_gcc.h ****   return(result);
 254:/home/reo/Documents/Repository/chipwhisperer/firmware/mcu/hal/chipwhisperer-fw-extra/stm32f4/CMSIS/core/cmsis_gcc.h **** }
 255:/home/reo/Documents/Repository/chipwhisperer/firmware/mcu/hal/chipwhisperer-fw-extra/stm32f4/CMSIS/core/cmsis_gcc.h **** 
 256:/home/reo/Documents/Repository/chipwhisperer/firmware/mcu/hal/chipwhisperer-fw-extra/stm32f4/CMSIS/core/cmsis_gcc.h **** 
 257:/home/reo/Documents/Repository/chipwhisperer/firmware/mcu/hal/chipwhisperer-fw-extra/stm32f4/CMSIS/core/cmsis_gcc.h **** /**
 258:/home/reo/Documents/Repository/chipwhisperer/firmware/mcu/hal/chipwhisperer-fw-extra/stm32f4/CMSIS/core/cmsis_gcc.h ****   \brief   Set Base Priority
 259:/home/reo/Documents/Repository/chipwhisperer/firmware/mcu/hal/chipwhisperer-fw-extra/stm32f4/CMSIS/core/cmsis_gcc.h ****   \details Assigns the given value to the Base Priority register.
 260:/home/reo/Documents/Repository/chipwhisperer/firmware/mcu/hal/chipwhisperer-fw-extra/stm32f4/CMSIS/core/cmsis_gcc.h ****   \param [in]    basePri  Base Priority value to set
 261:/home/reo/Documents/Repository/chipwhisperer/firmware/mcu/hal/chipwhisperer-fw-extra/stm32f4/CMSIS/core/cmsis_gcc.h ****  */
 262:/home/reo/Documents/Repository/chipwhisperer/firmware/mcu/hal/chipwhisperer-fw-extra/stm32f4/CMSIS/core/cmsis_gcc.h **** __attribute__( ( always_inline ) ) __STATIC_INLINE void __set_BASEPRI(uint32_t value)
 263:/home/reo/Documents/Repository/chipwhisperer/firmware/mcu/hal/chipwhisperer-fw-extra/stm32f4/CMSIS/core/cmsis_gcc.h **** {
 264:/home/reo/Documents/Repository/chipwhisperer/firmware/mcu/hal/chipwhisperer-fw-extra/stm32f4/CMSIS/core/cmsis_gcc.h ****   __ASM volatile ("MSR basepri, %0" : : "r" (value) : "memory");
 265:/home/reo/Documents/Repository/chipwhisperer/firmware/mcu/hal/chipwhisperer-fw-extra/stm32f4/CMSIS/core/cmsis_gcc.h **** }
 266:/home/reo/Documents/Repository/chipwhisperer/firmware/mcu/hal/chipwhisperer-fw-extra/stm32f4/CMSIS/core/cmsis_gcc.h **** 
 267:/home/reo/Documents/Repository/chipwhisperer/firmware/mcu/hal/chipwhisperer-fw-extra/stm32f4/CMSIS/core/cmsis_gcc.h **** 
 268:/home/reo/Documents/Repository/chipwhisperer/firmware/mcu/hal/chipwhisperer-fw-extra/stm32f4/CMSIS/core/cmsis_gcc.h **** /**
 269:/home/reo/Documents/Repository/chipwhisperer/firmware/mcu/hal/chipwhisperer-fw-extra/stm32f4/CMSIS/core/cmsis_gcc.h ****   \brief   Set Base Priority with condition
 270:/home/reo/Documents/Repository/chipwhisperer/firmware/mcu/hal/chipwhisperer-fw-extra/stm32f4/CMSIS/core/cmsis_gcc.h ****   \details Assigns the given value to the Base Priority register only if BASEPRI masking is disable
 271:/home/reo/Documents/Repository/chipwhisperer/firmware/mcu/hal/chipwhisperer-fw-extra/stm32f4/CMSIS/core/cmsis_gcc.h ****            or the new value increases the BASEPRI priority level.
 272:/home/reo/Documents/Repository/chipwhisperer/firmware/mcu/hal/chipwhisperer-fw-extra/stm32f4/CMSIS/core/cmsis_gcc.h ****   \param [in]    basePri  Base Priority value to set
 273:/home/reo/Documents/Repository/chipwhisperer/firmware/mcu/hal/chipwhisperer-fw-extra/stm32f4/CMSIS/core/cmsis_gcc.h ****  */
 274:/home/reo/Documents/Repository/chipwhisperer/firmware/mcu/hal/chipwhisperer-fw-extra/stm32f4/CMSIS/core/cmsis_gcc.h **** __attribute__( ( always_inline ) ) __STATIC_INLINE void __set_BASEPRI_MAX(uint32_t value)
 275:/home/reo/Documents/Repository/chipwhisperer/firmware/mcu/hal/chipwhisperer-fw-extra/stm32f4/CMSIS/core/cmsis_gcc.h **** {
 276:/home/reo/Documents/Repository/chipwhisperer/firmware/mcu/hal/chipwhisperer-fw-extra/stm32f4/CMSIS/core/cmsis_gcc.h ****   __ASM volatile ("MSR basepri_max, %0" : : "r" (value) : "memory");
 277:/home/reo/Documents/Repository/chipwhisperer/firmware/mcu/hal/chipwhisperer-fw-extra/stm32f4/CMSIS/core/cmsis_gcc.h **** }
 278:/home/reo/Documents/Repository/chipwhisperer/firmware/mcu/hal/chipwhisperer-fw-extra/stm32f4/CMSIS/core/cmsis_gcc.h **** 
 279:/home/reo/Documents/Repository/chipwhisperer/firmware/mcu/hal/chipwhisperer-fw-extra/stm32f4/CMSIS/core/cmsis_gcc.h **** 
 280:/home/reo/Documents/Repository/chipwhisperer/firmware/mcu/hal/chipwhisperer-fw-extra/stm32f4/CMSIS/core/cmsis_gcc.h **** /**
 281:/home/reo/Documents/Repository/chipwhisperer/firmware/mcu/hal/chipwhisperer-fw-extra/stm32f4/CMSIS/core/cmsis_gcc.h ****   \brief   Get Fault Mask
 282:/home/reo/Documents/Repository/chipwhisperer/firmware/mcu/hal/chipwhisperer-fw-extra/stm32f4/CMSIS/core/cmsis_gcc.h ****   \details Returns the current value of the Fault Mask register.
 283:/home/reo/Documents/Repository/chipwhisperer/firmware/mcu/hal/chipwhisperer-fw-extra/stm32f4/CMSIS/core/cmsis_gcc.h ****   \return               Fault Mask register value
 284:/home/reo/Documents/Repository/chipwhisperer/firmware/mcu/hal/chipwhisperer-fw-extra/stm32f4/CMSIS/core/cmsis_gcc.h ****  */
 285:/home/reo/Documents/Repository/chipwhisperer/firmware/mcu/hal/chipwhisperer-fw-extra/stm32f4/CMSIS/core/cmsis_gcc.h **** __attribute__( ( always_inline ) ) __STATIC_INLINE uint32_t __get_FAULTMASK(void)
 286:/home/reo/Documents/Repository/chipwhisperer/firmware/mcu/hal/chipwhisperer-fw-extra/stm32f4/CMSIS/core/cmsis_gcc.h **** {
 287:/home/reo/Documents/Repository/chipwhisperer/firmware/mcu/hal/chipwhisperer-fw-extra/stm32f4/CMSIS/core/cmsis_gcc.h ****   uint32_t result;
 288:/home/reo/Documents/Repository/chipwhisperer/firmware/mcu/hal/chipwhisperer-fw-extra/stm32f4/CMSIS/core/cmsis_gcc.h **** 
 289:/home/reo/Documents/Repository/chipwhisperer/firmware/mcu/hal/chipwhisperer-fw-extra/stm32f4/CMSIS/core/cmsis_gcc.h ****   __ASM volatile ("MRS %0, faultmask" : "=r" (result) );
 290:/home/reo/Documents/Repository/chipwhisperer/firmware/mcu/hal/chipwhisperer-fw-extra/stm32f4/CMSIS/core/cmsis_gcc.h ****   return(result);
 291:/home/reo/Documents/Repository/chipwhisperer/firmware/mcu/hal/chipwhisperer-fw-extra/stm32f4/CMSIS/core/cmsis_gcc.h **** }
 292:/home/reo/Documents/Repository/chipwhisperer/firmware/mcu/hal/chipwhisperer-fw-extra/stm32f4/CMSIS/core/cmsis_gcc.h **** 
 293:/home/reo/Documents/Repository/chipwhisperer/firmware/mcu/hal/chipwhisperer-fw-extra/stm32f4/CMSIS/core/cmsis_gcc.h **** 
 294:/home/reo/Documents/Repository/chipwhisperer/firmware/mcu/hal/chipwhisperer-fw-extra/stm32f4/CMSIS/core/cmsis_gcc.h **** /**
 295:/home/reo/Documents/Repository/chipwhisperer/firmware/mcu/hal/chipwhisperer-fw-extra/stm32f4/CMSIS/core/cmsis_gcc.h ****   \brief   Set Fault Mask
 296:/home/reo/Documents/Repository/chipwhisperer/firmware/mcu/hal/chipwhisperer-fw-extra/stm32f4/CMSIS/core/cmsis_gcc.h ****   \details Assigns the given value to the Fault Mask register.
 297:/home/reo/Documents/Repository/chipwhisperer/firmware/mcu/hal/chipwhisperer-fw-extra/stm32f4/CMSIS/core/cmsis_gcc.h ****   \param [in]    faultMask  Fault Mask value to set
 298:/home/reo/Documents/Repository/chipwhisperer/firmware/mcu/hal/chipwhisperer-fw-extra/stm32f4/CMSIS/core/cmsis_gcc.h ****  */
 299:/home/reo/Documents/Repository/chipwhisperer/firmware/mcu/hal/chipwhisperer-fw-extra/stm32f4/CMSIS/core/cmsis_gcc.h **** __attribute__( ( always_inline ) ) __STATIC_INLINE void __set_FAULTMASK(uint32_t faultMask)
 300:/home/reo/Documents/Repository/chipwhisperer/firmware/mcu/hal/chipwhisperer-fw-extra/stm32f4/CMSIS/core/cmsis_gcc.h **** {
 301:/home/reo/Documents/Repository/chipwhisperer/firmware/mcu/hal/chipwhisperer-fw-extra/stm32f4/CMSIS/core/cmsis_gcc.h ****   __ASM volatile ("MSR faultmask, %0" : : "r" (faultMask) : "memory");
 302:/home/reo/Documents/Repository/chipwhisperer/firmware/mcu/hal/chipwhisperer-fw-extra/stm32f4/CMSIS/core/cmsis_gcc.h **** }
 303:/home/reo/Documents/Repository/chipwhisperer/firmware/mcu/hal/chipwhisperer-fw-extra/stm32f4/CMSIS/core/cmsis_gcc.h **** 
 304:/home/reo/Documents/Repository/chipwhisperer/firmware/mcu/hal/chipwhisperer-fw-extra/stm32f4/CMSIS/core/cmsis_gcc.h **** #endif /* (__CORTEX_M >= 0x03U) */
 305:/home/reo/Documents/Repository/chipwhisperer/firmware/mcu/hal/chipwhisperer-fw-extra/stm32f4/CMSIS/core/cmsis_gcc.h **** 
 306:/home/reo/Documents/Repository/chipwhisperer/firmware/mcu/hal/chipwhisperer-fw-extra/stm32f4/CMSIS/core/cmsis_gcc.h **** 
 307:/home/reo/Documents/Repository/chipwhisperer/firmware/mcu/hal/chipwhisperer-fw-extra/stm32f4/CMSIS/core/cmsis_gcc.h **** #if       (__CORTEX_M == 0x04U) || (__CORTEX_M == 0x07U)
 308:/home/reo/Documents/Repository/chipwhisperer/firmware/mcu/hal/chipwhisperer-fw-extra/stm32f4/CMSIS/core/cmsis_gcc.h **** 
 309:/home/reo/Documents/Repository/chipwhisperer/firmware/mcu/hal/chipwhisperer-fw-extra/stm32f4/CMSIS/core/cmsis_gcc.h **** /**
 310:/home/reo/Documents/Repository/chipwhisperer/firmware/mcu/hal/chipwhisperer-fw-extra/stm32f4/CMSIS/core/cmsis_gcc.h ****   \brief   Get FPSCR
 311:/home/reo/Documents/Repository/chipwhisperer/firmware/mcu/hal/chipwhisperer-fw-extra/stm32f4/CMSIS/core/cmsis_gcc.h ****   \details Returns the current value of the Floating Point Status/Control register.
 312:/home/reo/Documents/Repository/chipwhisperer/firmware/mcu/hal/chipwhisperer-fw-extra/stm32f4/CMSIS/core/cmsis_gcc.h ****   \return               Floating Point Status/Control register value
 313:/home/reo/Documents/Repository/chipwhisperer/firmware/mcu/hal/chipwhisperer-fw-extra/stm32f4/CMSIS/core/cmsis_gcc.h ****  */
 314:/home/reo/Documents/Repository/chipwhisperer/firmware/mcu/hal/chipwhisperer-fw-extra/stm32f4/CMSIS/core/cmsis_gcc.h **** __attribute__( ( always_inline ) ) __STATIC_INLINE uint32_t __get_FPSCR(void)
 315:/home/reo/Documents/Repository/chipwhisperer/firmware/mcu/hal/chipwhisperer-fw-extra/stm32f4/CMSIS/core/cmsis_gcc.h **** {
 316:/home/reo/Documents/Repository/chipwhisperer/firmware/mcu/hal/chipwhisperer-fw-extra/stm32f4/CMSIS/core/cmsis_gcc.h **** #if (__FPU_PRESENT == 1U) && (__FPU_USED == 1U)
 317:/home/reo/Documents/Repository/chipwhisperer/firmware/mcu/hal/chipwhisperer-fw-extra/stm32f4/CMSIS/core/cmsis_gcc.h ****   uint32_t result;
 318:/home/reo/Documents/Repository/chipwhisperer/firmware/mcu/hal/chipwhisperer-fw-extra/stm32f4/CMSIS/core/cmsis_gcc.h **** 
 319:/home/reo/Documents/Repository/chipwhisperer/firmware/mcu/hal/chipwhisperer-fw-extra/stm32f4/CMSIS/core/cmsis_gcc.h ****   /* Empty asm statement works as a scheduling barrier */
 320:/home/reo/Documents/Repository/chipwhisperer/firmware/mcu/hal/chipwhisperer-fw-extra/stm32f4/CMSIS/core/cmsis_gcc.h ****   __ASM volatile ("");
 321:/home/reo/Documents/Repository/chipwhisperer/firmware/mcu/hal/chipwhisperer-fw-extra/stm32f4/CMSIS/core/cmsis_gcc.h ****   __ASM volatile ("VMRS %0, fpscr" : "=r" (result) );
 322:/home/reo/Documents/Repository/chipwhisperer/firmware/mcu/hal/chipwhisperer-fw-extra/stm32f4/CMSIS/core/cmsis_gcc.h ****   __ASM volatile ("");
 323:/home/reo/Documents/Repository/chipwhisperer/firmware/mcu/hal/chipwhisperer-fw-extra/stm32f4/CMSIS/core/cmsis_gcc.h ****   return(result);
 324:/home/reo/Documents/Repository/chipwhisperer/firmware/mcu/hal/chipwhisperer-fw-extra/stm32f4/CMSIS/core/cmsis_gcc.h **** #else
 325:/home/reo/Documents/Repository/chipwhisperer/firmware/mcu/hal/chipwhisperer-fw-extra/stm32f4/CMSIS/core/cmsis_gcc.h ****    return(0);
 326:/home/reo/Documents/Repository/chipwhisperer/firmware/mcu/hal/chipwhisperer-fw-extra/stm32f4/CMSIS/core/cmsis_gcc.h **** #endif
 327:/home/reo/Documents/Repository/chipwhisperer/firmware/mcu/hal/chipwhisperer-fw-extra/stm32f4/CMSIS/core/cmsis_gcc.h **** }
 328:/home/reo/Documents/Repository/chipwhisperer/firmware/mcu/hal/chipwhisperer-fw-extra/stm32f4/CMSIS/core/cmsis_gcc.h **** 
 329:/home/reo/Documents/Repository/chipwhisperer/firmware/mcu/hal/chipwhisperer-fw-extra/stm32f4/CMSIS/core/cmsis_gcc.h **** 
 330:/home/reo/Documents/Repository/chipwhisperer/firmware/mcu/hal/chipwhisperer-fw-extra/stm32f4/CMSIS/core/cmsis_gcc.h **** /**
 331:/home/reo/Documents/Repository/chipwhisperer/firmware/mcu/hal/chipwhisperer-fw-extra/stm32f4/CMSIS/core/cmsis_gcc.h ****   \brief   Set FPSCR
 332:/home/reo/Documents/Repository/chipwhisperer/firmware/mcu/hal/chipwhisperer-fw-extra/stm32f4/CMSIS/core/cmsis_gcc.h ****   \details Assigns the given value to the Floating Point Status/Control register.
 333:/home/reo/Documents/Repository/chipwhisperer/firmware/mcu/hal/chipwhisperer-fw-extra/stm32f4/CMSIS/core/cmsis_gcc.h ****   \param [in]    fpscr  Floating Point Status/Control value to set
 334:/home/reo/Documents/Repository/chipwhisperer/firmware/mcu/hal/chipwhisperer-fw-extra/stm32f4/CMSIS/core/cmsis_gcc.h ****  */
 335:/home/reo/Documents/Repository/chipwhisperer/firmware/mcu/hal/chipwhisperer-fw-extra/stm32f4/CMSIS/core/cmsis_gcc.h **** __attribute__( ( always_inline ) ) __STATIC_INLINE void __set_FPSCR(uint32_t fpscr)
 336:/home/reo/Documents/Repository/chipwhisperer/firmware/mcu/hal/chipwhisperer-fw-extra/stm32f4/CMSIS/core/cmsis_gcc.h **** {
 337:/home/reo/Documents/Repository/chipwhisperer/firmware/mcu/hal/chipwhisperer-fw-extra/stm32f4/CMSIS/core/cmsis_gcc.h **** #if (__FPU_PRESENT == 1U) && (__FPU_USED == 1U)
 338:/home/reo/Documents/Repository/chipwhisperer/firmware/mcu/hal/chipwhisperer-fw-extra/stm32f4/CMSIS/core/cmsis_gcc.h ****   /* Empty asm statement works as a scheduling barrier */
 339:/home/reo/Documents/Repository/chipwhisperer/firmware/mcu/hal/chipwhisperer-fw-extra/stm32f4/CMSIS/core/cmsis_gcc.h ****   __ASM volatile ("");
 340:/home/reo/Documents/Repository/chipwhisperer/firmware/mcu/hal/chipwhisperer-fw-extra/stm32f4/CMSIS/core/cmsis_gcc.h ****   __ASM volatile ("VMSR fpscr, %0" : : "r" (fpscr) : "vfpcc");
 341:/home/reo/Documents/Repository/chipwhisperer/firmware/mcu/hal/chipwhisperer-fw-extra/stm32f4/CMSIS/core/cmsis_gcc.h ****   __ASM volatile ("");
 342:/home/reo/Documents/Repository/chipwhisperer/firmware/mcu/hal/chipwhisperer-fw-extra/stm32f4/CMSIS/core/cmsis_gcc.h **** #endif
 343:/home/reo/Documents/Repository/chipwhisperer/firmware/mcu/hal/chipwhisperer-fw-extra/stm32f4/CMSIS/core/cmsis_gcc.h **** }
 344:/home/reo/Documents/Repository/chipwhisperer/firmware/mcu/hal/chipwhisperer-fw-extra/stm32f4/CMSIS/core/cmsis_gcc.h **** 
 345:/home/reo/Documents/Repository/chipwhisperer/firmware/mcu/hal/chipwhisperer-fw-extra/stm32f4/CMSIS/core/cmsis_gcc.h **** #endif /* (__CORTEX_M == 0x04U) || (__CORTEX_M == 0x07U) */
 346:/home/reo/Documents/Repository/chipwhisperer/firmware/mcu/hal/chipwhisperer-fw-extra/stm32f4/CMSIS/core/cmsis_gcc.h **** 
 347:/home/reo/Documents/Repository/chipwhisperer/firmware/mcu/hal/chipwhisperer-fw-extra/stm32f4/CMSIS/core/cmsis_gcc.h **** 
 348:/home/reo/Documents/Repository/chipwhisperer/firmware/mcu/hal/chipwhisperer-fw-extra/stm32f4/CMSIS/core/cmsis_gcc.h **** 
 349:/home/reo/Documents/Repository/chipwhisperer/firmware/mcu/hal/chipwhisperer-fw-extra/stm32f4/CMSIS/core/cmsis_gcc.h **** /*@} end of CMSIS_Core_RegAccFunctions */
 350:/home/reo/Documents/Repository/chipwhisperer/firmware/mcu/hal/chipwhisperer-fw-extra/stm32f4/CMSIS/core/cmsis_gcc.h **** 
 351:/home/reo/Documents/Repository/chipwhisperer/firmware/mcu/hal/chipwhisperer-fw-extra/stm32f4/CMSIS/core/cmsis_gcc.h **** 
 352:/home/reo/Documents/Repository/chipwhisperer/firmware/mcu/hal/chipwhisperer-fw-extra/stm32f4/CMSIS/core/cmsis_gcc.h **** /* ##########################  Core Instruction Access  ######################### */
 353:/home/reo/Documents/Repository/chipwhisperer/firmware/mcu/hal/chipwhisperer-fw-extra/stm32f4/CMSIS/core/cmsis_gcc.h **** /** \defgroup CMSIS_Core_InstructionInterface CMSIS Core Instruction Interface
 354:/home/reo/Documents/Repository/chipwhisperer/firmware/mcu/hal/chipwhisperer-fw-extra/stm32f4/CMSIS/core/cmsis_gcc.h ****   Access to dedicated instructions
 355:/home/reo/Documents/Repository/chipwhisperer/firmware/mcu/hal/chipwhisperer-fw-extra/stm32f4/CMSIS/core/cmsis_gcc.h ****   @{
 356:/home/reo/Documents/Repository/chipwhisperer/firmware/mcu/hal/chipwhisperer-fw-extra/stm32f4/CMSIS/core/cmsis_gcc.h **** */
 357:/home/reo/Documents/Repository/chipwhisperer/firmware/mcu/hal/chipwhisperer-fw-extra/stm32f4/CMSIS/core/cmsis_gcc.h **** 
 358:/home/reo/Documents/Repository/chipwhisperer/firmware/mcu/hal/chipwhisperer-fw-extra/stm32f4/CMSIS/core/cmsis_gcc.h **** /* Define macros for porting to both thumb1 and thumb2.
 359:/home/reo/Documents/Repository/chipwhisperer/firmware/mcu/hal/chipwhisperer-fw-extra/stm32f4/CMSIS/core/cmsis_gcc.h ****  * For thumb1, use low register (r0-r7), specified by constraint "l"
 360:/home/reo/Documents/Repository/chipwhisperer/firmware/mcu/hal/chipwhisperer-fw-extra/stm32f4/CMSIS/core/cmsis_gcc.h ****  * Otherwise, use general registers, specified by constraint "r" */
 361:/home/reo/Documents/Repository/chipwhisperer/firmware/mcu/hal/chipwhisperer-fw-extra/stm32f4/CMSIS/core/cmsis_gcc.h **** #if defined (__thumb__) && !defined (__thumb2__)
 362:/home/reo/Documents/Repository/chipwhisperer/firmware/mcu/hal/chipwhisperer-fw-extra/stm32f4/CMSIS/core/cmsis_gcc.h **** #define __CMSIS_GCC_OUT_REG(r) "=l" (r)
 363:/home/reo/Documents/Repository/chipwhisperer/firmware/mcu/hal/chipwhisperer-fw-extra/stm32f4/CMSIS/core/cmsis_gcc.h **** #define __CMSIS_GCC_USE_REG(r) "l" (r)
 364:/home/reo/Documents/Repository/chipwhisperer/firmware/mcu/hal/chipwhisperer-fw-extra/stm32f4/CMSIS/core/cmsis_gcc.h **** #else
 365:/home/reo/Documents/Repository/chipwhisperer/firmware/mcu/hal/chipwhisperer-fw-extra/stm32f4/CMSIS/core/cmsis_gcc.h **** #define __CMSIS_GCC_OUT_REG(r) "=r" (r)
 366:/home/reo/Documents/Repository/chipwhisperer/firmware/mcu/hal/chipwhisperer-fw-extra/stm32f4/CMSIS/core/cmsis_gcc.h **** #define __CMSIS_GCC_USE_REG(r) "r" (r)
 367:/home/reo/Documents/Repository/chipwhisperer/firmware/mcu/hal/chipwhisperer-fw-extra/stm32f4/CMSIS/core/cmsis_gcc.h **** #endif
 368:/home/reo/Documents/Repository/chipwhisperer/firmware/mcu/hal/chipwhisperer-fw-extra/stm32f4/CMSIS/core/cmsis_gcc.h **** 
 369:/home/reo/Documents/Repository/chipwhisperer/firmware/mcu/hal/chipwhisperer-fw-extra/stm32f4/CMSIS/core/cmsis_gcc.h **** /**
 370:/home/reo/Documents/Repository/chipwhisperer/firmware/mcu/hal/chipwhisperer-fw-extra/stm32f4/CMSIS/core/cmsis_gcc.h ****   \brief   No Operation
 371:/home/reo/Documents/Repository/chipwhisperer/firmware/mcu/hal/chipwhisperer-fw-extra/stm32f4/CMSIS/core/cmsis_gcc.h ****   \details No Operation does nothing. This instruction can be used for code alignment purposes.
 372:/home/reo/Documents/Repository/chipwhisperer/firmware/mcu/hal/chipwhisperer-fw-extra/stm32f4/CMSIS/core/cmsis_gcc.h ****  */
 373:/home/reo/Documents/Repository/chipwhisperer/firmware/mcu/hal/chipwhisperer-fw-extra/stm32f4/CMSIS/core/cmsis_gcc.h **** __attribute__((always_inline)) __STATIC_INLINE void __NOP(void)
 374:/home/reo/Documents/Repository/chipwhisperer/firmware/mcu/hal/chipwhisperer-fw-extra/stm32f4/CMSIS/core/cmsis_gcc.h **** {
 375:/home/reo/Documents/Repository/chipwhisperer/firmware/mcu/hal/chipwhisperer-fw-extra/stm32f4/CMSIS/core/cmsis_gcc.h ****   __ASM volatile ("nop");
 376:/home/reo/Documents/Repository/chipwhisperer/firmware/mcu/hal/chipwhisperer-fw-extra/stm32f4/CMSIS/core/cmsis_gcc.h **** }
 377:/home/reo/Documents/Repository/chipwhisperer/firmware/mcu/hal/chipwhisperer-fw-extra/stm32f4/CMSIS/core/cmsis_gcc.h **** 
 378:/home/reo/Documents/Repository/chipwhisperer/firmware/mcu/hal/chipwhisperer-fw-extra/stm32f4/CMSIS/core/cmsis_gcc.h **** 
 379:/home/reo/Documents/Repository/chipwhisperer/firmware/mcu/hal/chipwhisperer-fw-extra/stm32f4/CMSIS/core/cmsis_gcc.h **** /**
 380:/home/reo/Documents/Repository/chipwhisperer/firmware/mcu/hal/chipwhisperer-fw-extra/stm32f4/CMSIS/core/cmsis_gcc.h ****   \brief   Wait For Interrupt
 381:/home/reo/Documents/Repository/chipwhisperer/firmware/mcu/hal/chipwhisperer-fw-extra/stm32f4/CMSIS/core/cmsis_gcc.h ****   \details Wait For Interrupt is a hint instruction that suspends execution until one of a number o
 382:/home/reo/Documents/Repository/chipwhisperer/firmware/mcu/hal/chipwhisperer-fw-extra/stm32f4/CMSIS/core/cmsis_gcc.h ****  */
 383:/home/reo/Documents/Repository/chipwhisperer/firmware/mcu/hal/chipwhisperer-fw-extra/stm32f4/CMSIS/core/cmsis_gcc.h **** __attribute__((always_inline)) __STATIC_INLINE void __WFI(void)
 384:/home/reo/Documents/Repository/chipwhisperer/firmware/mcu/hal/chipwhisperer-fw-extra/stm32f4/CMSIS/core/cmsis_gcc.h **** {
 385:/home/reo/Documents/Repository/chipwhisperer/firmware/mcu/hal/chipwhisperer-fw-extra/stm32f4/CMSIS/core/cmsis_gcc.h ****   __ASM volatile ("wfi");
 386:/home/reo/Documents/Repository/chipwhisperer/firmware/mcu/hal/chipwhisperer-fw-extra/stm32f4/CMSIS/core/cmsis_gcc.h **** }
 387:/home/reo/Documents/Repository/chipwhisperer/firmware/mcu/hal/chipwhisperer-fw-extra/stm32f4/CMSIS/core/cmsis_gcc.h **** 
 388:/home/reo/Documents/Repository/chipwhisperer/firmware/mcu/hal/chipwhisperer-fw-extra/stm32f4/CMSIS/core/cmsis_gcc.h **** 
 389:/home/reo/Documents/Repository/chipwhisperer/firmware/mcu/hal/chipwhisperer-fw-extra/stm32f4/CMSIS/core/cmsis_gcc.h **** /**
 390:/home/reo/Documents/Repository/chipwhisperer/firmware/mcu/hal/chipwhisperer-fw-extra/stm32f4/CMSIS/core/cmsis_gcc.h ****   \brief   Wait For Event
 391:/home/reo/Documents/Repository/chipwhisperer/firmware/mcu/hal/chipwhisperer-fw-extra/stm32f4/CMSIS/core/cmsis_gcc.h ****   \details Wait For Event is a hint instruction that permits the processor to enter
 392:/home/reo/Documents/Repository/chipwhisperer/firmware/mcu/hal/chipwhisperer-fw-extra/stm32f4/CMSIS/core/cmsis_gcc.h ****     a low-power state until one of a number of events occurs.
 393:/home/reo/Documents/Repository/chipwhisperer/firmware/mcu/hal/chipwhisperer-fw-extra/stm32f4/CMSIS/core/cmsis_gcc.h ****  */
 394:/home/reo/Documents/Repository/chipwhisperer/firmware/mcu/hal/chipwhisperer-fw-extra/stm32f4/CMSIS/core/cmsis_gcc.h **** __attribute__((always_inline)) __STATIC_INLINE void __WFE(void)
 395:/home/reo/Documents/Repository/chipwhisperer/firmware/mcu/hal/chipwhisperer-fw-extra/stm32f4/CMSIS/core/cmsis_gcc.h **** {
 396:/home/reo/Documents/Repository/chipwhisperer/firmware/mcu/hal/chipwhisperer-fw-extra/stm32f4/CMSIS/core/cmsis_gcc.h ****   __ASM volatile ("wfe");
 397:/home/reo/Documents/Repository/chipwhisperer/firmware/mcu/hal/chipwhisperer-fw-extra/stm32f4/CMSIS/core/cmsis_gcc.h **** }
 398:/home/reo/Documents/Repository/chipwhisperer/firmware/mcu/hal/chipwhisperer-fw-extra/stm32f4/CMSIS/core/cmsis_gcc.h **** 
 399:/home/reo/Documents/Repository/chipwhisperer/firmware/mcu/hal/chipwhisperer-fw-extra/stm32f4/CMSIS/core/cmsis_gcc.h **** 
 400:/home/reo/Documents/Repository/chipwhisperer/firmware/mcu/hal/chipwhisperer-fw-extra/stm32f4/CMSIS/core/cmsis_gcc.h **** /**
 401:/home/reo/Documents/Repository/chipwhisperer/firmware/mcu/hal/chipwhisperer-fw-extra/stm32f4/CMSIS/core/cmsis_gcc.h ****   \brief   Send Event
 402:/home/reo/Documents/Repository/chipwhisperer/firmware/mcu/hal/chipwhisperer-fw-extra/stm32f4/CMSIS/core/cmsis_gcc.h ****   \details Send Event is a hint instruction. It causes an event to be signaled to the CPU.
 403:/home/reo/Documents/Repository/chipwhisperer/firmware/mcu/hal/chipwhisperer-fw-extra/stm32f4/CMSIS/core/cmsis_gcc.h ****  */
 404:/home/reo/Documents/Repository/chipwhisperer/firmware/mcu/hal/chipwhisperer-fw-extra/stm32f4/CMSIS/core/cmsis_gcc.h **** __attribute__((always_inline)) __STATIC_INLINE void __SEV(void)
 405:/home/reo/Documents/Repository/chipwhisperer/firmware/mcu/hal/chipwhisperer-fw-extra/stm32f4/CMSIS/core/cmsis_gcc.h **** {
 406:/home/reo/Documents/Repository/chipwhisperer/firmware/mcu/hal/chipwhisperer-fw-extra/stm32f4/CMSIS/core/cmsis_gcc.h ****   __ASM volatile ("sev");
 407:/home/reo/Documents/Repository/chipwhisperer/firmware/mcu/hal/chipwhisperer-fw-extra/stm32f4/CMSIS/core/cmsis_gcc.h **** }
 408:/home/reo/Documents/Repository/chipwhisperer/firmware/mcu/hal/chipwhisperer-fw-extra/stm32f4/CMSIS/core/cmsis_gcc.h **** 
 409:/home/reo/Documents/Repository/chipwhisperer/firmware/mcu/hal/chipwhisperer-fw-extra/stm32f4/CMSIS/core/cmsis_gcc.h **** 
 410:/home/reo/Documents/Repository/chipwhisperer/firmware/mcu/hal/chipwhisperer-fw-extra/stm32f4/CMSIS/core/cmsis_gcc.h **** /**
 411:/home/reo/Documents/Repository/chipwhisperer/firmware/mcu/hal/chipwhisperer-fw-extra/stm32f4/CMSIS/core/cmsis_gcc.h ****   \brief   Instruction Synchronization Barrier
 412:/home/reo/Documents/Repository/chipwhisperer/firmware/mcu/hal/chipwhisperer-fw-extra/stm32f4/CMSIS/core/cmsis_gcc.h ****   \details Instruction Synchronization Barrier flushes the pipeline in the processor,
 413:/home/reo/Documents/Repository/chipwhisperer/firmware/mcu/hal/chipwhisperer-fw-extra/stm32f4/CMSIS/core/cmsis_gcc.h ****            so that all instructions following the ISB are fetched from cache or memory,
 414:/home/reo/Documents/Repository/chipwhisperer/firmware/mcu/hal/chipwhisperer-fw-extra/stm32f4/CMSIS/core/cmsis_gcc.h ****            after the instruction has been completed.
 415:/home/reo/Documents/Repository/chipwhisperer/firmware/mcu/hal/chipwhisperer-fw-extra/stm32f4/CMSIS/core/cmsis_gcc.h ****  */
 416:/home/reo/Documents/Repository/chipwhisperer/firmware/mcu/hal/chipwhisperer-fw-extra/stm32f4/CMSIS/core/cmsis_gcc.h **** __attribute__((always_inline)) __STATIC_INLINE void __ISB(void)
 417:/home/reo/Documents/Repository/chipwhisperer/firmware/mcu/hal/chipwhisperer-fw-extra/stm32f4/CMSIS/core/cmsis_gcc.h **** {
 418:/home/reo/Documents/Repository/chipwhisperer/firmware/mcu/hal/chipwhisperer-fw-extra/stm32f4/CMSIS/core/cmsis_gcc.h ****   __ASM volatile ("isb 0xF":::"memory");
 419:/home/reo/Documents/Repository/chipwhisperer/firmware/mcu/hal/chipwhisperer-fw-extra/stm32f4/CMSIS/core/cmsis_gcc.h **** }
 420:/home/reo/Documents/Repository/chipwhisperer/firmware/mcu/hal/chipwhisperer-fw-extra/stm32f4/CMSIS/core/cmsis_gcc.h **** 
 421:/home/reo/Documents/Repository/chipwhisperer/firmware/mcu/hal/chipwhisperer-fw-extra/stm32f4/CMSIS/core/cmsis_gcc.h **** 
 422:/home/reo/Documents/Repository/chipwhisperer/firmware/mcu/hal/chipwhisperer-fw-extra/stm32f4/CMSIS/core/cmsis_gcc.h **** /**
 423:/home/reo/Documents/Repository/chipwhisperer/firmware/mcu/hal/chipwhisperer-fw-extra/stm32f4/CMSIS/core/cmsis_gcc.h ****   \brief   Data Synchronization Barrier
 424:/home/reo/Documents/Repository/chipwhisperer/firmware/mcu/hal/chipwhisperer-fw-extra/stm32f4/CMSIS/core/cmsis_gcc.h ****   \details Acts as a special kind of Data Memory Barrier.
 425:/home/reo/Documents/Repository/chipwhisperer/firmware/mcu/hal/chipwhisperer-fw-extra/stm32f4/CMSIS/core/cmsis_gcc.h ****            It completes when all explicit memory accesses before this instruction complete.
 426:/home/reo/Documents/Repository/chipwhisperer/firmware/mcu/hal/chipwhisperer-fw-extra/stm32f4/CMSIS/core/cmsis_gcc.h ****  */
 427:/home/reo/Documents/Repository/chipwhisperer/firmware/mcu/hal/chipwhisperer-fw-extra/stm32f4/CMSIS/core/cmsis_gcc.h **** __attribute__((always_inline)) __STATIC_INLINE void __DSB(void)
 428:/home/reo/Documents/Repository/chipwhisperer/firmware/mcu/hal/chipwhisperer-fw-extra/stm32f4/CMSIS/core/cmsis_gcc.h **** {
 429:/home/reo/Documents/Repository/chipwhisperer/firmware/mcu/hal/chipwhisperer-fw-extra/stm32f4/CMSIS/core/cmsis_gcc.h ****   __ASM volatile ("dsb 0xF":::"memory");
 430:/home/reo/Documents/Repository/chipwhisperer/firmware/mcu/hal/chipwhisperer-fw-extra/stm32f4/CMSIS/core/cmsis_gcc.h **** }
 431:/home/reo/Documents/Repository/chipwhisperer/firmware/mcu/hal/chipwhisperer-fw-extra/stm32f4/CMSIS/core/cmsis_gcc.h **** 
 432:/home/reo/Documents/Repository/chipwhisperer/firmware/mcu/hal/chipwhisperer-fw-extra/stm32f4/CMSIS/core/cmsis_gcc.h **** 
 433:/home/reo/Documents/Repository/chipwhisperer/firmware/mcu/hal/chipwhisperer-fw-extra/stm32f4/CMSIS/core/cmsis_gcc.h **** /**
 434:/home/reo/Documents/Repository/chipwhisperer/firmware/mcu/hal/chipwhisperer-fw-extra/stm32f4/CMSIS/core/cmsis_gcc.h ****   \brief   Data Memory Barrier
 435:/home/reo/Documents/Repository/chipwhisperer/firmware/mcu/hal/chipwhisperer-fw-extra/stm32f4/CMSIS/core/cmsis_gcc.h ****   \details Ensures the apparent order of the explicit memory operations before
 436:/home/reo/Documents/Repository/chipwhisperer/firmware/mcu/hal/chipwhisperer-fw-extra/stm32f4/CMSIS/core/cmsis_gcc.h ****            and after the instruction, without ensuring their completion.
 437:/home/reo/Documents/Repository/chipwhisperer/firmware/mcu/hal/chipwhisperer-fw-extra/stm32f4/CMSIS/core/cmsis_gcc.h ****  */
 438:/home/reo/Documents/Repository/chipwhisperer/firmware/mcu/hal/chipwhisperer-fw-extra/stm32f4/CMSIS/core/cmsis_gcc.h **** __attribute__((always_inline)) __STATIC_INLINE void __DMB(void)
 439:/home/reo/Documents/Repository/chipwhisperer/firmware/mcu/hal/chipwhisperer-fw-extra/stm32f4/CMSIS/core/cmsis_gcc.h **** {
 440:/home/reo/Documents/Repository/chipwhisperer/firmware/mcu/hal/chipwhisperer-fw-extra/stm32f4/CMSIS/core/cmsis_gcc.h ****   __ASM volatile ("dmb 0xF":::"memory");
 441:/home/reo/Documents/Repository/chipwhisperer/firmware/mcu/hal/chipwhisperer-fw-extra/stm32f4/CMSIS/core/cmsis_gcc.h **** }
 442:/home/reo/Documents/Repository/chipwhisperer/firmware/mcu/hal/chipwhisperer-fw-extra/stm32f4/CMSIS/core/cmsis_gcc.h **** 
 443:/home/reo/Documents/Repository/chipwhisperer/firmware/mcu/hal/chipwhisperer-fw-extra/stm32f4/CMSIS/core/cmsis_gcc.h **** 
 444:/home/reo/Documents/Repository/chipwhisperer/firmware/mcu/hal/chipwhisperer-fw-extra/stm32f4/CMSIS/core/cmsis_gcc.h **** /**
 445:/home/reo/Documents/Repository/chipwhisperer/firmware/mcu/hal/chipwhisperer-fw-extra/stm32f4/CMSIS/core/cmsis_gcc.h ****   \brief   Reverse byte order (32 bit)
 446:/home/reo/Documents/Repository/chipwhisperer/firmware/mcu/hal/chipwhisperer-fw-extra/stm32f4/CMSIS/core/cmsis_gcc.h ****   \details Reverses the byte order in integer value.
 447:/home/reo/Documents/Repository/chipwhisperer/firmware/mcu/hal/chipwhisperer-fw-extra/stm32f4/CMSIS/core/cmsis_gcc.h ****   \param [in]    value  Value to reverse
 448:/home/reo/Documents/Repository/chipwhisperer/firmware/mcu/hal/chipwhisperer-fw-extra/stm32f4/CMSIS/core/cmsis_gcc.h ****   \return               Reversed value
 449:/home/reo/Documents/Repository/chipwhisperer/firmware/mcu/hal/chipwhisperer-fw-extra/stm32f4/CMSIS/core/cmsis_gcc.h ****  */
 450:/home/reo/Documents/Repository/chipwhisperer/firmware/mcu/hal/chipwhisperer-fw-extra/stm32f4/CMSIS/core/cmsis_gcc.h **** __attribute__((always_inline)) __STATIC_INLINE uint32_t __REV(uint32_t value)
 451:/home/reo/Documents/Repository/chipwhisperer/firmware/mcu/hal/chipwhisperer-fw-extra/stm32f4/CMSIS/core/cmsis_gcc.h **** {
 452:/home/reo/Documents/Repository/chipwhisperer/firmware/mcu/hal/chipwhisperer-fw-extra/stm32f4/CMSIS/core/cmsis_gcc.h **** #if (__GNUC__ > 4) || (__GNUC__ == 4 && __GNUC_MINOR__ >= 5)
 453:/home/reo/Documents/Repository/chipwhisperer/firmware/mcu/hal/chipwhisperer-fw-extra/stm32f4/CMSIS/core/cmsis_gcc.h ****   return __builtin_bswap32(value);
 271              		.loc 2 453 10 is_stmt 0 view .LVU91
 272 0010 0A68     		ldr	r2, [r1]
 273              	.LVL25:
 274              		.loc 2 453 10 view .LVU92
 275              	.LBE183:
 276              	.LBE182:
1545:/home/reo/Documents/Repository/chipwhisperer/firmware/mcu/hal/chipwhisperer-fw-extra/stm32f4/stm32f4_hal_lowlevel.c ****     keyaddr+=4U;
 277              		.loc 1 1545 10 view .LVU93
 278 0012 0368     		ldr	r3, [r0]
 279              	.LVL26:
 280              	.LBB185:
 281              	.LBI182:
 450:/home/reo/Documents/Repository/chipwhisperer/firmware/mcu/hal/chipwhisperer-fw-extra/stm32f4/CMSIS/core/cmsis_gcc.h **** {
 282              		.loc 2 450 57 is_stmt 1 view .LVU94
 283              	.LBB184:
 284              		.loc 2 453 3 view .LVU95
 285              		.loc 2 453 10 is_stmt 0 view .LVU96
 286 0014 12BA     		rev	r2, r2
 287              	.LVL27:
 288              		.loc 2 453 10 view .LVU97
 289              	.LBE184:
 290              	.LBE185:
1545:/home/reo/Documents/Repository/chipwhisperer/firmware/mcu/hal/chipwhisperer-fw-extra/stm32f4/stm32f4_hal_lowlevel.c ****     keyaddr+=4U;
 291              		.loc 1 1545 27 view .LVU98
 292 0016 9A62     		str	r2, [r3, #40]
1546:/home/reo/Documents/Repository/chipwhisperer/firmware/mcu/hal/chipwhisperer-fw-extra/stm32f4/stm32f4_hal_lowlevel.c ****     hcryp->Instance->K1RR = __REV(*(uint32_t*)(keyaddr));
 293              		.loc 1 1546 5 is_stmt 1 view .LVU99
 294              	.LVL28:
1547:/home/reo/Documents/Repository/chipwhisperer/firmware/mcu/hal/chipwhisperer-fw-extra/stm32f4/stm32f4_hal_lowlevel.c ****     keyaddr+=4U;
 295              		.loc 1 1547 5 view .LVU100
 296              	.LBB186:
 297              	.LBI186:
 450:/home/reo/Documents/Repository/chipwhisperer/firmware/mcu/hal/chipwhisperer-fw-extra/stm32f4/CMSIS/core/cmsis_gcc.h **** {
 298              		.loc 2 450 57 view .LVU101
 299              	.LBB187:
 300              		.loc 2 453 3 view .LVU102
 301              		.loc 2 453 10 is_stmt 0 view .LVU103
 302 0018 4A68     		ldr	r2, [r1, #4]
 303 001a 12BA     		rev	r2, r2
 304              	.LVL29:
 305              		.loc 2 453 10 view .LVU104
 306              	.LBE187:
 307              	.LBE186:
1547:/home/reo/Documents/Repository/chipwhisperer/firmware/mcu/hal/chipwhisperer-fw-extra/stm32f4/stm32f4_hal_lowlevel.c ****     keyaddr+=4U;
 308              		.loc 1 1547 27 view .LVU105
 309 001c DA62     		str	r2, [r3, #44]
1548:/home/reo/Documents/Repository/chipwhisperer/firmware/mcu/hal/chipwhisperer-fw-extra/stm32f4/stm32f4_hal_lowlevel.c ****     hcryp->Instance->K2LR = __REV(*(uint32_t*)(keyaddr));
 310              		.loc 1 1548 5 is_stmt 1 view .LVU106
 311              	.LVL30:
1549:/home/reo/Documents/Repository/chipwhisperer/firmware/mcu/hal/chipwhisperer-fw-extra/stm32f4/stm32f4_hal_lowlevel.c ****     keyaddr+=4U;
 312              		.loc 1 1549 5 view .LVU107
 313              	.LBB188:
 314              	.LBI188:
 450:/home/reo/Documents/Repository/chipwhisperer/firmware/mcu/hal/chipwhisperer-fw-extra/stm32f4/CMSIS/core/cmsis_gcc.h **** {
 315              		.loc 2 450 57 view .LVU108
 316              	.LBB189:
 317              		.loc 2 453 3 view .LVU109
 318              		.loc 2 453 10 is_stmt 0 view .LVU110
 319 001e 8A68     		ldr	r2, [r1, #8]
 320 0020 12BA     		rev	r2, r2
 321              	.LVL31:
 322              		.loc 2 453 10 view .LVU111
 323              	.LBE189:
 324              	.LBE188:
1549:/home/reo/Documents/Repository/chipwhisperer/firmware/mcu/hal/chipwhisperer-fw-extra/stm32f4/stm32f4_hal_lowlevel.c ****     keyaddr+=4U;
 325              		.loc 1 1549 27 view .LVU112
 326 0022 1A63     		str	r2, [r3, #48]
1550:/home/reo/Documents/Repository/chipwhisperer/firmware/mcu/hal/chipwhisperer-fw-extra/stm32f4/stm32f4_hal_lowlevel.c ****     hcryp->Instance->K2RR = __REV(*(uint32_t*)(keyaddr));
 327              		.loc 1 1550 5 is_stmt 1 view .LVU113
 328              	.LVL32:
1551:/home/reo/Documents/Repository/chipwhisperer/firmware/mcu/hal/chipwhisperer-fw-extra/stm32f4/stm32f4_hal_lowlevel.c ****     keyaddr+=4U;
 329              		.loc 1 1551 5 view .LVU114
 330              	.LBB190:
 331              	.LBI190:
 450:/home/reo/Documents/Repository/chipwhisperer/firmware/mcu/hal/chipwhisperer-fw-extra/stm32f4/CMSIS/core/cmsis_gcc.h **** {
 332              		.loc 2 450 57 view .LVU115
 333              	.LBB191:
 334              		.loc 2 453 3 view .LVU116
 335              		.loc 2 453 10 is_stmt 0 view .LVU117
 336 0024 CA68     		ldr	r2, [r1, #12]
 337 0026 12BA     		rev	r2, r2
 338              	.LVL33:
 339              		.loc 2 453 10 view .LVU118
 340              	.LBE191:
 341              	.LBE190:
1551:/home/reo/Documents/Repository/chipwhisperer/firmware/mcu/hal/chipwhisperer-fw-extra/stm32f4/stm32f4_hal_lowlevel.c ****     keyaddr+=4U;
 342              		.loc 1 1551 27 view .LVU119
 343 0028 5A63     		str	r2, [r3, #52]
1552:/home/reo/Documents/Repository/chipwhisperer/firmware/mcu/hal/chipwhisperer-fw-extra/stm32f4/stm32f4_hal_lowlevel.c ****     hcryp->Instance->K3LR = __REV(*(uint32_t*)(keyaddr));
 344              		.loc 1 1552 5 is_stmt 1 view .LVU120
 345              	.LVL34:
1553:/home/reo/Documents/Repository/chipwhisperer/firmware/mcu/hal/chipwhisperer-fw-extra/stm32f4/stm32f4_hal_lowlevel.c ****     keyaddr+=4U;
 346              		.loc 1 1553 5 view .LVU121
 347              	.LBB192:
 348              	.LBI192:
 450:/home/reo/Documents/Repository/chipwhisperer/firmware/mcu/hal/chipwhisperer-fw-extra/stm32f4/CMSIS/core/cmsis_gcc.h **** {
 349              		.loc 2 450 57 view .LVU122
 350              	.LBB193:
 351              		.loc 2 453 3 view .LVU123
 352              		.loc 2 453 10 is_stmt 0 view .LVU124
 353 002a 0A69     		ldr	r2, [r1, #16]
 354 002c 12BA     		rev	r2, r2
 355              	.LVL35:
 356              		.loc 2 453 10 view .LVU125
 357              	.LBE193:
 358              	.LBE192:
1553:/home/reo/Documents/Repository/chipwhisperer/firmware/mcu/hal/chipwhisperer-fw-extra/stm32f4/stm32f4_hal_lowlevel.c ****     keyaddr+=4U;
 359              		.loc 1 1553 27 view .LVU126
 360 002e 9A63     		str	r2, [r3, #56]
1554:/home/reo/Documents/Repository/chipwhisperer/firmware/mcu/hal/chipwhisperer-fw-extra/stm32f4/stm32f4_hal_lowlevel.c ****     hcryp->Instance->K3RR = __REV(*(uint32_t*)(keyaddr));
 361              		.loc 1 1554 5 is_stmt 1 view .LVU127
 362              	.LVL36:
1555:/home/reo/Documents/Repository/chipwhisperer/firmware/mcu/hal/chipwhisperer-fw-extra/stm32f4/stm32f4_hal_lowlevel.c ****     break;
 363              		.loc 1 1555 5 view .LVU128
 364              	.LBB194:
 365              	.LBI194:
 450:/home/reo/Documents/Repository/chipwhisperer/firmware/mcu/hal/chipwhisperer-fw-extra/stm32f4/CMSIS/core/cmsis_gcc.h **** {
 366              		.loc 2 450 57 view .LVU129
 367              	.LBB195:
 368              		.loc 2 453 3 view .LVU130
 369              		.loc 2 453 10 is_stmt 0 view .LVU131
 370 0030 4A69     		ldr	r2, [r1, #20]
 371 0032 12BA     		rev	r2, r2
 372              	.LVL37:
 373              		.loc 2 453 10 view .LVU132
 374              	.LBE195:
 375              	.LBE194:
1555:/home/reo/Documents/Repository/chipwhisperer/firmware/mcu/hal/chipwhisperer-fw-extra/stm32f4/stm32f4_hal_lowlevel.c ****     break;
 376              		.loc 1 1555 27 view .LVU133
 377 0034 DA63     		str	r2, [r3, #60]
1556:/home/reo/Documents/Repository/chipwhisperer/firmware/mcu/hal/chipwhisperer-fw-extra/stm32f4/stm32f4_hal_lowlevel.c ****   case CRYP_KEYSIZE_128B:       
 378              		.loc 1 1556 5 is_stmt 1 view .LVU134
 379 0036 7047     		bx	lr
 380              	.LVL38:
 381              	.L27:
1558:/home/reo/Documents/Repository/chipwhisperer/firmware/mcu/hal/chipwhisperer-fw-extra/stm32f4/stm32f4_hal_lowlevel.c ****     keyaddr+=4U;
 382              		.loc 1 1558 5 view .LVU135
 383              	.LBB196:
 384              	.LBB197:
 385              		.loc 2 453 10 is_stmt 0 view .LVU136
 386 0038 0A68     		ldr	r2, [r1]
 387              	.LVL39:
 388              		.loc 2 453 10 view .LVU137
 389              	.LBE197:
 390              	.LBE196:
1558:/home/reo/Documents/Repository/chipwhisperer/firmware/mcu/hal/chipwhisperer-fw-extra/stm32f4/stm32f4_hal_lowlevel.c ****     keyaddr+=4U;
 391              		.loc 1 1558 10 view .LVU138
 392 003a 0368     		ldr	r3, [r0]
 393              	.LVL40:
 394              	.LBB199:
 395              	.LBI196:
 450:/home/reo/Documents/Repository/chipwhisperer/firmware/mcu/hal/chipwhisperer-fw-extra/stm32f4/CMSIS/core/cmsis_gcc.h **** {
 396              		.loc 2 450 57 is_stmt 1 view .LVU139
 397              	.LBB198:
 398              		.loc 2 453 3 view .LVU140
 399              		.loc 2 453 10 is_stmt 0 view .LVU141
 400 003c 12BA     		rev	r2, r2
 401              	.LVL41:
 402              		.loc 2 453 10 view .LVU142
 403              	.LBE198:
 404              	.LBE199:
1558:/home/reo/Documents/Repository/chipwhisperer/firmware/mcu/hal/chipwhisperer-fw-extra/stm32f4/stm32f4_hal_lowlevel.c ****     keyaddr+=4U;
 405              		.loc 1 1558 27 view .LVU143
 406 003e 1A63     		str	r2, [r3, #48]
1559:/home/reo/Documents/Repository/chipwhisperer/firmware/mcu/hal/chipwhisperer-fw-extra/stm32f4/stm32f4_hal_lowlevel.c ****     hcryp->Instance->K2RR = __REV(*(uint32_t*)(keyaddr));
 407              		.loc 1 1559 5 is_stmt 1 view .LVU144
 408              	.LVL42:
1560:/home/reo/Documents/Repository/chipwhisperer/firmware/mcu/hal/chipwhisperer-fw-extra/stm32f4/stm32f4_hal_lowlevel.c ****     keyaddr+=4U;
 409              		.loc 1 1560 5 view .LVU145
 410              	.LBB200:
 411              	.LBI200:
 450:/home/reo/Documents/Repository/chipwhisperer/firmware/mcu/hal/chipwhisperer-fw-extra/stm32f4/CMSIS/core/cmsis_gcc.h **** {
 412              		.loc 2 450 57 view .LVU146
 413              	.LBB201:
 414              		.loc 2 453 3 view .LVU147
 415              		.loc 2 453 10 is_stmt 0 view .LVU148
 416 0040 4A68     		ldr	r2, [r1, #4]
 417 0042 12BA     		rev	r2, r2
 418              	.LVL43:
 419              		.loc 2 453 10 view .LVU149
 420              	.LBE201:
 421              	.LBE200:
1560:/home/reo/Documents/Repository/chipwhisperer/firmware/mcu/hal/chipwhisperer-fw-extra/stm32f4/stm32f4_hal_lowlevel.c ****     keyaddr+=4U;
 422              		.loc 1 1560 27 view .LVU150
 423 0044 5A63     		str	r2, [r3, #52]
1561:/home/reo/Documents/Repository/chipwhisperer/firmware/mcu/hal/chipwhisperer-fw-extra/stm32f4/stm32f4_hal_lowlevel.c ****     hcryp->Instance->K3LR = __REV(*(uint32_t*)(keyaddr));
 424              		.loc 1 1561 5 is_stmt 1 view .LVU151
 425              	.LVL44:
1562:/home/reo/Documents/Repository/chipwhisperer/firmware/mcu/hal/chipwhisperer-fw-extra/stm32f4/stm32f4_hal_lowlevel.c ****     keyaddr+=4U;
 426              		.loc 1 1562 5 view .LVU152
 427              	.LBB202:
 428              	.LBI202:
 450:/home/reo/Documents/Repository/chipwhisperer/firmware/mcu/hal/chipwhisperer-fw-extra/stm32f4/CMSIS/core/cmsis_gcc.h **** {
 429              		.loc 2 450 57 view .LVU153
 430              	.LBB203:
 431              		.loc 2 453 3 view .LVU154
 432              		.loc 2 453 10 is_stmt 0 view .LVU155
 433 0046 8A68     		ldr	r2, [r1, #8]
 434 0048 12BA     		rev	r2, r2
 435              	.LVL45:
 436              		.loc 2 453 10 view .LVU156
 437              	.LBE203:
 438              	.LBE202:
1562:/home/reo/Documents/Repository/chipwhisperer/firmware/mcu/hal/chipwhisperer-fw-extra/stm32f4/stm32f4_hal_lowlevel.c ****     keyaddr+=4U;
 439              		.loc 1 1562 27 view .LVU157
 440 004a 9A63     		str	r2, [r3, #56]
1563:/home/reo/Documents/Repository/chipwhisperer/firmware/mcu/hal/chipwhisperer-fw-extra/stm32f4/stm32f4_hal_lowlevel.c ****     hcryp->Instance->K3RR = __REV(*(uint32_t*)(keyaddr));
 441              		.loc 1 1563 5 is_stmt 1 view .LVU158
 442              	.LVL46:
1564:/home/reo/Documents/Repository/chipwhisperer/firmware/mcu/hal/chipwhisperer-fw-extra/stm32f4/stm32f4_hal_lowlevel.c ****     break;
 443              		.loc 1 1564 5 view .LVU159
 444              	.LBB204:
 445              	.LBI204:
 450:/home/reo/Documents/Repository/chipwhisperer/firmware/mcu/hal/chipwhisperer-fw-extra/stm32f4/CMSIS/core/cmsis_gcc.h **** {
 446              		.loc 2 450 57 view .LVU160
 447              	.LBB205:
 448              		.loc 2 453 3 view .LVU161
 449              		.loc 2 453 10 is_stmt 0 view .LVU162
 450 004c CA68     		ldr	r2, [r1, #12]
 451 004e 12BA     		rev	r2, r2
 452              	.LVL47:
 453              		.loc 2 453 10 view .LVU163
 454              	.LBE205:
 455              	.LBE204:
1564:/home/reo/Documents/Repository/chipwhisperer/firmware/mcu/hal/chipwhisperer-fw-extra/stm32f4/stm32f4_hal_lowlevel.c ****     break;
 456              		.loc 1 1564 27 view .LVU164
 457 0050 DA63     		str	r2, [r3, #60]
1565:/home/reo/Documents/Repository/chipwhisperer/firmware/mcu/hal/chipwhisperer-fw-extra/stm32f4/stm32f4_hal_lowlevel.c ****   default:
 458              		.loc 1 1565 5 is_stmt 1 view .LVU165
1569:/home/reo/Documents/Repository/chipwhisperer/firmware/mcu/hal/chipwhisperer-fw-extra/stm32f4/stm32f4_hal_lowlevel.c **** 
 459              		.loc 1 1569 1 is_stmt 0 view .LVU166
 460 0052 7047     		bx	lr
 461              	.LVL48:
 462              	.L24:
1528:/home/reo/Documents/Repository/chipwhisperer/firmware/mcu/hal/chipwhisperer-fw-extra/stm32f4/stm32f4_hal_lowlevel.c ****     keyaddr+=4U;
 463              		.loc 1 1528 5 is_stmt 1 view .LVU167
 464              	.LBB206:
 465              	.LBB207:
 466              		.loc 2 453 10 is_stmt 0 view .LVU168
 467 0054 0A68     		ldr	r2, [r1]
 468              	.LVL49:
 469              		.loc 2 453 10 view .LVU169
 470              	.LBE207:
 471              	.LBE206:
1528:/home/reo/Documents/Repository/chipwhisperer/firmware/mcu/hal/chipwhisperer-fw-extra/stm32f4/stm32f4_hal_lowlevel.c ****     keyaddr+=4U;
 472              		.loc 1 1528 10 view .LVU170
 473 0056 0368     		ldr	r3, [r0]
 474              	.LVL50:
 475              	.LBB209:
 476              	.LBI206:
 450:/home/reo/Documents/Repository/chipwhisperer/firmware/mcu/hal/chipwhisperer-fw-extra/stm32f4/CMSIS/core/cmsis_gcc.h **** {
 477              		.loc 2 450 57 is_stmt 1 view .LVU171
 478              	.LBB208:
 479              		.loc 2 453 3 view .LVU172
 480              		.loc 2 453 10 is_stmt 0 view .LVU173
 481 0058 12BA     		rev	r2, r2
 482              	.LVL51:
 483              		.loc 2 453 10 view .LVU174
 484              	.LBE208:
 485              	.LBE209:
1528:/home/reo/Documents/Repository/chipwhisperer/firmware/mcu/hal/chipwhisperer-fw-extra/stm32f4/stm32f4_hal_lowlevel.c ****     keyaddr+=4U;
 486              		.loc 1 1528 27 view .LVU175
 487 005a 1A62     		str	r2, [r3, #32]
1529:/home/reo/Documents/Repository/chipwhisperer/firmware/mcu/hal/chipwhisperer-fw-extra/stm32f4/stm32f4_hal_lowlevel.c ****     hcryp->Instance->K0RR = __REV(*(uint32_t*)(keyaddr));
 488              		.loc 1 1529 5 is_stmt 1 view .LVU176
 489              	.LVL52:
1530:/home/reo/Documents/Repository/chipwhisperer/firmware/mcu/hal/chipwhisperer-fw-extra/stm32f4/stm32f4_hal_lowlevel.c ****     keyaddr+=4U;
 490              		.loc 1 1530 5 view .LVU177
 491              	.LBB210:
 492              	.LBI210:
 450:/home/reo/Documents/Repository/chipwhisperer/firmware/mcu/hal/chipwhisperer-fw-extra/stm32f4/CMSIS/core/cmsis_gcc.h **** {
 493              		.loc 2 450 57 view .LVU178
 494              	.LBB211:
 495              		.loc 2 453 3 view .LVU179
 496              		.loc 2 453 10 is_stmt 0 view .LVU180
 497 005c 4A68     		ldr	r2, [r1, #4]
 498 005e 12BA     		rev	r2, r2
 499              	.LVL53:
 500              		.loc 2 453 10 view .LVU181
 501              	.LBE211:
 502              	.LBE210:
1530:/home/reo/Documents/Repository/chipwhisperer/firmware/mcu/hal/chipwhisperer-fw-extra/stm32f4/stm32f4_hal_lowlevel.c ****     keyaddr+=4U;
 503              		.loc 1 1530 27 view .LVU182
 504 0060 5A62     		str	r2, [r3, #36]
1531:/home/reo/Documents/Repository/chipwhisperer/firmware/mcu/hal/chipwhisperer-fw-extra/stm32f4/stm32f4_hal_lowlevel.c ****     hcryp->Instance->K1LR = __REV(*(uint32_t*)(keyaddr));
 505              		.loc 1 1531 5 is_stmt 1 view .LVU183
 506              	.LVL54:
1532:/home/reo/Documents/Repository/chipwhisperer/firmware/mcu/hal/chipwhisperer-fw-extra/stm32f4/stm32f4_hal_lowlevel.c ****     keyaddr+=4U;
 507              		.loc 1 1532 5 view .LVU184
 508              	.LBB212:
 509              	.LBI212:
 450:/home/reo/Documents/Repository/chipwhisperer/firmware/mcu/hal/chipwhisperer-fw-extra/stm32f4/CMSIS/core/cmsis_gcc.h **** {
 510              		.loc 2 450 57 view .LVU185
 511              	.LBB213:
 512              		.loc 2 453 3 view .LVU186
 513              		.loc 2 453 10 is_stmt 0 view .LVU187
 514 0062 8A68     		ldr	r2, [r1, #8]
 515 0064 12BA     		rev	r2, r2
 516              	.LVL55:
 517              		.loc 2 453 10 view .LVU188
 518              	.LBE213:
 519              	.LBE212:
1532:/home/reo/Documents/Repository/chipwhisperer/firmware/mcu/hal/chipwhisperer-fw-extra/stm32f4/stm32f4_hal_lowlevel.c ****     keyaddr+=4U;
 520              		.loc 1 1532 27 view .LVU189
 521 0066 9A62     		str	r2, [r3, #40]
1533:/home/reo/Documents/Repository/chipwhisperer/firmware/mcu/hal/chipwhisperer-fw-extra/stm32f4/stm32f4_hal_lowlevel.c ****     hcryp->Instance->K1RR = __REV(*(uint32_t*)(keyaddr));
 522              		.loc 1 1533 5 is_stmt 1 view .LVU190
 523              	.LVL56:
1534:/home/reo/Documents/Repository/chipwhisperer/firmware/mcu/hal/chipwhisperer-fw-extra/stm32f4/stm32f4_hal_lowlevel.c ****     keyaddr+=4U;
 524              		.loc 1 1534 5 view .LVU191
 525              	.LBB214:
 526              	.LBI214:
 450:/home/reo/Documents/Repository/chipwhisperer/firmware/mcu/hal/chipwhisperer-fw-extra/stm32f4/CMSIS/core/cmsis_gcc.h **** {
 527              		.loc 2 450 57 view .LVU192
 528              	.LBB215:
 529              		.loc 2 453 3 view .LVU193
 530              		.loc 2 453 10 is_stmt 0 view .LVU194
 531 0068 CA68     		ldr	r2, [r1, #12]
 532 006a 12BA     		rev	r2, r2
 533              	.LVL57:
 534              		.loc 2 453 10 view .LVU195
 535              	.LBE215:
 536              	.LBE214:
1534:/home/reo/Documents/Repository/chipwhisperer/firmware/mcu/hal/chipwhisperer-fw-extra/stm32f4/stm32f4_hal_lowlevel.c ****     keyaddr+=4U;
 537              		.loc 1 1534 27 view .LVU196
 538 006c DA62     		str	r2, [r3, #44]
1535:/home/reo/Documents/Repository/chipwhisperer/firmware/mcu/hal/chipwhisperer-fw-extra/stm32f4/stm32f4_hal_lowlevel.c ****     hcryp->Instance->K2LR = __REV(*(uint32_t*)(keyaddr));
 539              		.loc 1 1535 5 is_stmt 1 view .LVU197
 540              	.LVL58:
1536:/home/reo/Documents/Repository/chipwhisperer/firmware/mcu/hal/chipwhisperer-fw-extra/stm32f4/stm32f4_hal_lowlevel.c ****     keyaddr+=4U;
 541              		.loc 1 1536 5 view .LVU198
 542              	.LBB216:
 543              	.LBI216:
 450:/home/reo/Documents/Repository/chipwhisperer/firmware/mcu/hal/chipwhisperer-fw-extra/stm32f4/CMSIS/core/cmsis_gcc.h **** {
 544              		.loc 2 450 57 view .LVU199
 545              	.LBB217:
 546              		.loc 2 453 3 view .LVU200
 547              		.loc 2 453 10 is_stmt 0 view .LVU201
 548 006e 0A69     		ldr	r2, [r1, #16]
 549 0070 12BA     		rev	r2, r2
 550              	.LVL59:
 551              		.loc 2 453 10 view .LVU202
 552              	.LBE217:
 553              	.LBE216:
1536:/home/reo/Documents/Repository/chipwhisperer/firmware/mcu/hal/chipwhisperer-fw-extra/stm32f4/stm32f4_hal_lowlevel.c ****     keyaddr+=4U;
 554              		.loc 1 1536 27 view .LVU203
 555 0072 1A63     		str	r2, [r3, #48]
1537:/home/reo/Documents/Repository/chipwhisperer/firmware/mcu/hal/chipwhisperer-fw-extra/stm32f4/stm32f4_hal_lowlevel.c ****     hcryp->Instance->K2RR = __REV(*(uint32_t*)(keyaddr));
 556              		.loc 1 1537 5 is_stmt 1 view .LVU204
 557              	.LVL60:
1538:/home/reo/Documents/Repository/chipwhisperer/firmware/mcu/hal/chipwhisperer-fw-extra/stm32f4/stm32f4_hal_lowlevel.c ****     keyaddr+=4U;
 558              		.loc 1 1538 5 view .LVU205
 559              	.LBB218:
 560              	.LBI218:
 450:/home/reo/Documents/Repository/chipwhisperer/firmware/mcu/hal/chipwhisperer-fw-extra/stm32f4/CMSIS/core/cmsis_gcc.h **** {
 561              		.loc 2 450 57 view .LVU206
 562              	.LBB219:
 563              		.loc 2 453 3 view .LVU207
 564              		.loc 2 453 10 is_stmt 0 view .LVU208
 565 0074 4A69     		ldr	r2, [r1, #20]
 566 0076 12BA     		rev	r2, r2
 567              	.LVL61:
 568              		.loc 2 453 10 view .LVU209
 569              	.LBE219:
 570              	.LBE218:
1538:/home/reo/Documents/Repository/chipwhisperer/firmware/mcu/hal/chipwhisperer-fw-extra/stm32f4/stm32f4_hal_lowlevel.c ****     keyaddr+=4U;
 571              		.loc 1 1538 27 view .LVU210
 572 0078 5A63     		str	r2, [r3, #52]
1539:/home/reo/Documents/Repository/chipwhisperer/firmware/mcu/hal/chipwhisperer-fw-extra/stm32f4/stm32f4_hal_lowlevel.c ****     hcryp->Instance->K3LR = __REV(*(uint32_t*)(keyaddr));
 573              		.loc 1 1539 5 is_stmt 1 view .LVU211
 574              	.LVL62:
1540:/home/reo/Documents/Repository/chipwhisperer/firmware/mcu/hal/chipwhisperer-fw-extra/stm32f4/stm32f4_hal_lowlevel.c ****     keyaddr+=4U;
 575              		.loc 1 1540 5 view .LVU212
 576              	.LBB220:
 577              	.LBI220:
 450:/home/reo/Documents/Repository/chipwhisperer/firmware/mcu/hal/chipwhisperer-fw-extra/stm32f4/CMSIS/core/cmsis_gcc.h **** {
 578              		.loc 2 450 57 view .LVU213
 579              	.LBB221:
 580              		.loc 2 453 3 view .LVU214
 581              		.loc 2 453 10 is_stmt 0 view .LVU215
 582 007a 8A69     		ldr	r2, [r1, #24]
 583 007c 12BA     		rev	r2, r2
 584              	.LVL63:
 585              		.loc 2 453 10 view .LVU216
 586              	.LBE221:
 587              	.LBE220:
1540:/home/reo/Documents/Repository/chipwhisperer/firmware/mcu/hal/chipwhisperer-fw-extra/stm32f4/stm32f4_hal_lowlevel.c ****     keyaddr+=4U;
 588              		.loc 1 1540 27 view .LVU217
 589 007e 9A63     		str	r2, [r3, #56]
1541:/home/reo/Documents/Repository/chipwhisperer/firmware/mcu/hal/chipwhisperer-fw-extra/stm32f4/stm32f4_hal_lowlevel.c ****     hcryp->Instance->K3RR = __REV(*(uint32_t*)(keyaddr));
 590              		.loc 1 1541 5 is_stmt 1 view .LVU218
 591              	.LVL64:
1542:/home/reo/Documents/Repository/chipwhisperer/firmware/mcu/hal/chipwhisperer-fw-extra/stm32f4/stm32f4_hal_lowlevel.c ****     break;
 592              		.loc 1 1542 5 view .LVU219
 593              	.LBB222:
 594              	.LBI222:
 450:/home/reo/Documents/Repository/chipwhisperer/firmware/mcu/hal/chipwhisperer-fw-extra/stm32f4/CMSIS/core/cmsis_gcc.h **** {
 595              		.loc 2 450 57 view .LVU220
 596              	.LBB223:
 597              		.loc 2 453 3 view .LVU221
 598              		.loc 2 453 10 is_stmt 0 view .LVU222
 599 0080 CA69     		ldr	r2, [r1, #28]
 600 0082 12BA     		rev	r2, r2
 601              	.LVL65:
 602              		.loc 2 453 10 view .LVU223
 603              	.LBE223:
 604              	.LBE222:
1542:/home/reo/Documents/Repository/chipwhisperer/firmware/mcu/hal/chipwhisperer-fw-extra/stm32f4/stm32f4_hal_lowlevel.c ****     break;
 605              		.loc 1 1542 27 view .LVU224
 606 0084 DA63     		str	r2, [r3, #60]
1543:/home/reo/Documents/Repository/chipwhisperer/firmware/mcu/hal/chipwhisperer-fw-extra/stm32f4/stm32f4_hal_lowlevel.c ****   case CRYP_KEYSIZE_192B:
 607              		.loc 1 1543 5 is_stmt 1 view .LVU225
 608 0086 7047     		bx	lr
 609              		.cfi_endproc
 610              	.LFE139:
 612              		.section	.text.HAL_GetTick,"ax",%progbits
 613              		.align	1
 614              		.p2align 2,,3
 615              		.global	HAL_GetTick
 616              		.syntax unified
 617              		.thumb
 618              		.thumb_func
 619              		.fpu softvfp
 621              	HAL_GetTick:
 622              	.LFB126:
  53:/home/reo/Documents/Repository/chipwhisperer/firmware/mcu/hal/chipwhisperer-fw-extra/stm32f4/stm32f4_hal_lowlevel.c **** 	static uint32_t tick;
 623              		.loc 1 53 1 view -0
 624              		.cfi_startproc
 625              		@ args = 0, pretend = 0, frame = 0
 626              		@ frame_needed = 0, uses_anonymous_args = 0
 627              		@ link register save eliminated.
  54:/home/reo/Documents/Repository/chipwhisperer/firmware/mcu/hal/chipwhisperer-fw-extra/stm32f4/stm32f4_hal_lowlevel.c **** 	return tick++;;
 628              		.loc 1 54 2 view .LVU227
  55:/home/reo/Documents/Repository/chipwhisperer/firmware/mcu/hal/chipwhisperer-fw-extra/stm32f4/stm32f4_hal_lowlevel.c **** }
 629              		.loc 1 55 2 view .LVU228
  55:/home/reo/Documents/Repository/chipwhisperer/firmware/mcu/hal/chipwhisperer-fw-extra/stm32f4/stm32f4_hal_lowlevel.c **** }
 630              		.loc 1 55 13 is_stmt 0 view .LVU229
 631 0000 024B     		ldr	r3, .L29
 632 0002 1868     		ldr	r0, [r3]
 633 0004 421C     		adds	r2, r0, #1
 634 0006 1A60     		str	r2, [r3]
  55:/home/reo/Documents/Repository/chipwhisperer/firmware/mcu/hal/chipwhisperer-fw-extra/stm32f4/stm32f4_hal_lowlevel.c **** }
 635              		.loc 1 55 16 is_stmt 1 view .LVU230
  56:/home/reo/Documents/Repository/chipwhisperer/firmware/mcu/hal/chipwhisperer-fw-extra/stm32f4/stm32f4_hal_lowlevel.c **** 
 636              		.loc 1 56 1 is_stmt 0 view .LVU231
 637 0008 7047     		bx	lr
 638              	.L30:
 639 000a 00BF     		.align	2
 640              	.L29:
 641 000c 00000000 		.word	.LANCHOR0
 642              		.cfi_endproc
 643              	.LFE126:
 645              		.section	.text.RCC_AHB2PeriphClockCmd,"ax",%progbits
 646              		.align	1
 647              		.p2align 2,,3
 648              		.global	RCC_AHB2PeriphClockCmd
 649              		.syntax unified
 650              		.thumb
 651              		.thumb_func
 652              		.fpu softvfp
 654              	RCC_AHB2PeriphClockCmd:
 655              	.LVL66:
 656              	.LFB127:
  75:/home/reo/Documents/Repository/chipwhisperer/firmware/mcu/hal/chipwhisperer-fw-extra/stm32f4/stm32f4_hal_lowlevel.c ****   /* Check the parameters */
 657              		.loc 1 75 1 is_stmt 1 view -0
 658              		.cfi_startproc
 659              		@ args = 0, pretend = 0, frame = 0
 660              		@ frame_needed = 0, uses_anonymous_args = 0
 661              		@ link register save eliminated.
  77:/home/reo/Documents/Repository/chipwhisperer/firmware/mcu/hal/chipwhisperer-fw-extra/stm32f4/stm32f4_hal_lowlevel.c ****   assert_param(IS_FUNCTIONAL_STATE(NewState));
 662              		.loc 1 77 3 view .LVU233
  78:/home/reo/Documents/Repository/chipwhisperer/firmware/mcu/hal/chipwhisperer-fw-extra/stm32f4/stm32f4_hal_lowlevel.c **** 
 663              		.loc 1 78 3 view .LVU234
  80:/home/reo/Documents/Repository/chipwhisperer/firmware/mcu/hal/chipwhisperer-fw-extra/stm32f4/stm32f4_hal_lowlevel.c ****   {
 664              		.loc 1 80 3 view .LVU235
  82:/home/reo/Documents/Repository/chipwhisperer/firmware/mcu/hal/chipwhisperer-fw-extra/stm32f4/stm32f4_hal_lowlevel.c ****   }
 665              		.loc 1 82 18 is_stmt 0 view .LVU236
 666 0000 044A     		ldr	r2, .L34
 667 0002 536B     		ldr	r3, [r2, #52]
  80:/home/reo/Documents/Repository/chipwhisperer/firmware/mcu/hal/chipwhisperer-fw-extra/stm32f4/stm32f4_hal_lowlevel.c ****   {
 668              		.loc 1 80 6 view .LVU237
 669 0004 11B1     		cbz	r1, .L32
  82:/home/reo/Documents/Repository/chipwhisperer/firmware/mcu/hal/chipwhisperer-fw-extra/stm32f4/stm32f4_hal_lowlevel.c ****   }
 670              		.loc 1 82 5 is_stmt 1 view .LVU238
  82:/home/reo/Documents/Repository/chipwhisperer/firmware/mcu/hal/chipwhisperer-fw-extra/stm32f4/stm32f4_hal_lowlevel.c ****   }
 671              		.loc 1 82 18 is_stmt 0 view .LVU239
 672 0006 1843     		orrs	r0, r0, r3
 673              	.LVL67:
  82:/home/reo/Documents/Repository/chipwhisperer/firmware/mcu/hal/chipwhisperer-fw-extra/stm32f4/stm32f4_hal_lowlevel.c ****   }
 674              		.loc 1 82 18 view .LVU240
 675 0008 5063     		str	r0, [r2, #52]
 676 000a 7047     		bx	lr
 677              	.LVL68:
 678              	.L32:
  86:/home/reo/Documents/Repository/chipwhisperer/firmware/mcu/hal/chipwhisperer-fw-extra/stm32f4/stm32f4_hal_lowlevel.c ****   }
 679              		.loc 1 86 5 is_stmt 1 view .LVU241
  86:/home/reo/Documents/Repository/chipwhisperer/firmware/mcu/hal/chipwhisperer-fw-extra/stm32f4/stm32f4_hal_lowlevel.c ****   }
 680              		.loc 1 86 18 is_stmt 0 view .LVU242
 681 000c 23EA0000 		bic	r0, r3, r0
 682              	.LVL69:
  86:/home/reo/Documents/Repository/chipwhisperer/firmware/mcu/hal/chipwhisperer-fw-extra/stm32f4/stm32f4_hal_lowlevel.c ****   }
 683              		.loc 1 86 18 view .LVU243
 684 0010 5063     		str	r0, [r2, #52]
  88:/home/reo/Documents/Repository/chipwhisperer/firmware/mcu/hal/chipwhisperer-fw-extra/stm32f4/stm32f4_hal_lowlevel.c **** 
 685              		.loc 1 88 1 view .LVU244
 686 0012 7047     		bx	lr
 687              	.L35:
 688              		.align	2
 689              	.L34:
 690 0014 00380240 		.word	1073887232
 691              		.cfi_endproc
 692              	.LFE127:
 694              		.section	.text.HAL_RCC_OscConfig,"ax",%progbits
 695              		.align	1
 696              		.p2align 2,,3
 697              		.global	HAL_RCC_OscConfig
 698              		.syntax unified
 699              		.thumb
 700              		.thumb_func
 701              		.fpu softvfp
 703              	HAL_RCC_OscConfig:
 704              	.LVL70:
 705              	.LFB128:
 105:/home/reo/Documents/Repository/chipwhisperer/firmware/mcu/hal/chipwhisperer-fw-extra/stm32f4/stm32f4_hal_lowlevel.c ****   uint32_t tickstart = 0U;
 706              		.loc 1 105 1 is_stmt 1 view -0
 707              		.cfi_startproc
 708              		@ args = 0, pretend = 0, frame = 8
 709              		@ frame_needed = 0, uses_anonymous_args = 0
 710              		@ link register save eliminated.
 106:/home/reo/Documents/Repository/chipwhisperer/firmware/mcu/hal/chipwhisperer-fw-extra/stm32f4/stm32f4_hal_lowlevel.c **** 
 711              		.loc 1 106 3 view .LVU246
 109:/home/reo/Documents/Repository/chipwhisperer/firmware/mcu/hal/chipwhisperer-fw-extra/stm32f4/stm32f4_hal_lowlevel.c ****   /*------------------------------- HSE Configuration ------------------------*/
 712              		.loc 1 109 3 view .LVU247
 111:/home/reo/Documents/Repository/chipwhisperer/firmware/mcu/hal/chipwhisperer-fw-extra/stm32f4/stm32f4_hal_lowlevel.c ****   {
 713              		.loc 1 111 3 view .LVU248
 105:/home/reo/Documents/Repository/chipwhisperer/firmware/mcu/hal/chipwhisperer-fw-extra/stm32f4/stm32f4_hal_lowlevel.c ****   uint32_t tickstart = 0U;
 714              		.loc 1 105 1 is_stmt 0 view .LVU249
 715 0000 F0B4     		push	{r4, r5, r6, r7}
 716              	.LCFI1:
 717              		.cfi_def_cfa_offset 16
 718              		.cfi_offset 4, -16
 719              		.cfi_offset 5, -12
 720              		.cfi_offset 6, -8
 721              		.cfi_offset 7, -4
 111:/home/reo/Documents/Repository/chipwhisperer/firmware/mcu/hal/chipwhisperer-fw-extra/stm32f4/stm32f4_hal_lowlevel.c ****   {
 722              		.loc 1 111 25 view .LVU250
 723 0002 0168     		ldr	r1, [r0]
 111:/home/reo/Documents/Repository/chipwhisperer/firmware/mcu/hal/chipwhisperer-fw-extra/stm32f4/stm32f4_hal_lowlevel.c ****   {
 724              		.loc 1 111 5 view .LVU251
 725 0004 CF07     		lsls	r7, r1, #31
 105:/home/reo/Documents/Repository/chipwhisperer/firmware/mcu/hal/chipwhisperer-fw-extra/stm32f4/stm32f4_hal_lowlevel.c ****   uint32_t tickstart = 0U;
 726              		.loc 1 105 1 view .LVU252
 727 0006 82B0     		sub	sp, sp, #8
 728              	.LCFI2:
 729              		.cfi_def_cfa_offset 24
 111:/home/reo/Documents/Repository/chipwhisperer/firmware/mcu/hal/chipwhisperer-fw-extra/stm32f4/stm32f4_hal_lowlevel.c ****   {
 730              		.loc 1 111 5 view .LVU253
 731 0008 32D5     		bpl	.L38
 114:/home/reo/Documents/Repository/chipwhisperer/firmware/mcu/hal/chipwhisperer-fw-extra/stm32f4/stm32f4_hal_lowlevel.c ****     /* When the HSE is used as system clock or clock source for PLL in these cases HSE will not dis
 732              		.loc 1 114 5 is_stmt 1 view .LVU254
 116:/home/reo/Documents/Repository/chipwhisperer/firmware/mcu/hal/chipwhisperer-fw-extra/stm32f4/stm32f4_hal_lowlevel.c ****       ((__HAL_RCC_GET_SYSCLK_SOURCE() == RCC_CFGR_SWS_PLL) && ((RCC->PLLCFGR & RCC_PLLCFGR_PLLSRC) 
 733              		.loc 1 116 5 view .LVU255
 116:/home/reo/Documents/Repository/chipwhisperer/firmware/mcu/hal/chipwhisperer-fw-extra/stm32f4/stm32f4_hal_lowlevel.c ****       ((__HAL_RCC_GET_SYSCLK_SOURCE() == RCC_CFGR_SWS_PLL) && ((RCC->PLLCFGR & RCC_PLLCFGR_PLLSRC) 
 734              		.loc 1 116 9 is_stmt 0 view .LVU256
 735 000a 944A     		ldr	r2, .L171
 736 000c 9368     		ldr	r3, [r2, #8]
 737 000e 03F00C03 		and	r3, r3, #12
 116:/home/reo/Documents/Repository/chipwhisperer/firmware/mcu/hal/chipwhisperer-fw-extra/stm32f4/stm32f4_hal_lowlevel.c ****       ((__HAL_RCC_GET_SYSCLK_SOURCE() == RCC_CFGR_SWS_PLL) && ((RCC->PLLCFGR & RCC_PLLCFGR_PLLSRC) 
 738              		.loc 1 116 7 view .LVU257
 739 0012 042B     		cmp	r3, #4
 740 0014 00F00881 		beq	.L39
 117:/home/reo/Documents/Repository/chipwhisperer/firmware/mcu/hal/chipwhisperer-fw-extra/stm32f4/stm32f4_hal_lowlevel.c ****     {
 741              		.loc 1 117 9 discriminator 1 view .LVU258
 742 0018 9368     		ldr	r3, [r2, #8]
 743 001a 03F00C03 		and	r3, r3, #12
 116:/home/reo/Documents/Repository/chipwhisperer/firmware/mcu/hal/chipwhisperer-fw-extra/stm32f4/stm32f4_hal_lowlevel.c ****       ((__HAL_RCC_GET_SYSCLK_SOURCE() == RCC_CFGR_SWS_PLL) && ((RCC->PLLCFGR & RCC_PLLCFGR_PLLSRC) 
 744              		.loc 1 116 60 discriminator 1 view .LVU259
 745 001e 082B     		cmp	r3, #8
 746 0020 00F0FE80 		beq	.L161
 747              	.L40:
 127:/home/reo/Documents/Repository/chipwhisperer/firmware/mcu/hal/chipwhisperer-fw-extra/stm32f4/stm32f4_hal_lowlevel.c **** 
 748              		.loc 1 127 7 is_stmt 1 view .LVU260
 127:/home/reo/Documents/Repository/chipwhisperer/firmware/mcu/hal/chipwhisperer-fw-extra/stm32f4/stm32f4_hal_lowlevel.c **** 
 749              		.loc 1 127 7 view .LVU261
 750 0024 4568     		ldr	r5, [r0, #4]
 751 0026 B5F5803F 		cmp	r5, #65536
 752 002a 00F03281 		beq	.L162
 127:/home/reo/Documents/Repository/chipwhisperer/firmware/mcu/hal/chipwhisperer-fw-extra/stm32f4/stm32f4_hal_lowlevel.c **** 
 753              		.loc 1 127 7 discriminator 2 view .LVU262
 754 002e B5F5A02F 		cmp	r5, #327680
 755 0032 00F08781 		beq	.L163
 127:/home/reo/Documents/Repository/chipwhisperer/firmware/mcu/hal/chipwhisperer-fw-extra/stm32f4/stm32f4_hal_lowlevel.c **** 
 756              		.loc 1 127 7 discriminator 5 view .LVU263
 757 0036 894E     		ldr	r6, .L171
 758 0038 3368     		ldr	r3, [r6]
 759 003a 23F48033 		bic	r3, r3, #65536
 760 003e 3360     		str	r3, [r6]
 127:/home/reo/Documents/Repository/chipwhisperer/firmware/mcu/hal/chipwhisperer-fw-extra/stm32f4/stm32f4_hal_lowlevel.c **** 
 761              		.loc 1 127 7 discriminator 5 view .LVU264
 762 0040 3368     		ldr	r3, [r6]
 763 0042 23F48023 		bic	r3, r3, #262144
 764 0046 3360     		str	r3, [r6]
 127:/home/reo/Documents/Repository/chipwhisperer/firmware/mcu/hal/chipwhisperer-fw-extra/stm32f4/stm32f4_hal_lowlevel.c **** 
 765              		.loc 1 127 7 discriminator 5 view .LVU265
 130:/home/reo/Documents/Repository/chipwhisperer/firmware/mcu/hal/chipwhisperer-fw-extra/stm32f4/stm32f4_hal_lowlevel.c ****       {
 766              		.loc 1 130 7 discriminator 5 view .LVU266
 130:/home/reo/Documents/Repository/chipwhisperer/firmware/mcu/hal/chipwhisperer-fw-extra/stm32f4/stm32f4_hal_lowlevel.c ****       {
 767              		.loc 1 130 9 is_stmt 0 discriminator 5 view .LVU267
 768 0048 002D     		cmp	r5, #0
 769 004a 40F02781 		bne	.L44
 147:/home/reo/Documents/Repository/chipwhisperer/firmware/mcu/hal/chipwhisperer-fw-extra/stm32f4/stm32f4_hal_lowlevel.c **** 
 770              		.loc 1 147 9 is_stmt 1 view .LVU268
 771              	.LBB224:
 772              	.LBI224:
  52:/home/reo/Documents/Repository/chipwhisperer/firmware/mcu/hal/chipwhisperer-fw-extra/stm32f4/stm32f4_hal_lowlevel.c **** {
 773              		.loc 1 52 10 view .LVU269
 774              	.LBB225:
  54:/home/reo/Documents/Repository/chipwhisperer/firmware/mcu/hal/chipwhisperer-fw-extra/stm32f4/stm32f4_hal_lowlevel.c **** 	return tick++;;
 775              		.loc 1 54 2 view .LVU270
  55:/home/reo/Documents/Repository/chipwhisperer/firmware/mcu/hal/chipwhisperer-fw-extra/stm32f4/stm32f4_hal_lowlevel.c **** }
 776              		.loc 1 55 2 view .LVU271
  55:/home/reo/Documents/Repository/chipwhisperer/firmware/mcu/hal/chipwhisperer-fw-extra/stm32f4/stm32f4_hal_lowlevel.c **** }
 777              		.loc 1 55 13 is_stmt 0 view .LVU272
 778 004e 844B     		ldr	r3, .L171+4
 779 0050 844F     		ldr	r7, .L171+8
 780 0052 1A68     		ldr	r2, [r3]
 781 0054 1744     		add	r7, r7, r2
 782 0056 0132     		adds	r2, r2, #1
 783 0058 1A60     		str	r2, [r3]
  55:/home/reo/Documents/Repository/chipwhisperer/firmware/mcu/hal/chipwhisperer-fw-extra/stm32f4/stm32f4_hal_lowlevel.c **** }
 784              		.loc 1 55 16 is_stmt 1 view .LVU273
 785              	.LVL71:
  55:/home/reo/Documents/Repository/chipwhisperer/firmware/mcu/hal/chipwhisperer-fw-extra/stm32f4/stm32f4_hal_lowlevel.c **** }
 786              		.loc 1 55 16 is_stmt 0 view .LVU274
 787              	.LBE225:
 788              	.LBE224:
 150:/home/reo/Documents/Repository/chipwhisperer/firmware/mcu/hal/chipwhisperer-fw-extra/stm32f4/stm32f4_hal_lowlevel.c ****         {
 789              		.loc 1 150 9 is_stmt 1 view .LVU275
 150:/home/reo/Documents/Repository/chipwhisperer/firmware/mcu/hal/chipwhisperer-fw-extra/stm32f4/stm32f4_hal_lowlevel.c ****         {
 790              		.loc 1 150 14 is_stmt 0 view .LVU276
 791 005a 04E0     		b	.L49
 792              	.LVL72:
 793              	.L50:
 794              	.LBB226:
 795              	.LBB227:
  55:/home/reo/Documents/Repository/chipwhisperer/firmware/mcu/hal/chipwhisperer-fw-extra/stm32f4/stm32f4_hal_lowlevel.c **** }
 796              		.loc 1 55 13 view .LVU277
 797 005c 0132     		adds	r2, r2, #1
  55:/home/reo/Documents/Repository/chipwhisperer/firmware/mcu/hal/chipwhisperer-fw-extra/stm32f4/stm32f4_hal_lowlevel.c **** }
 798              		.loc 1 55 16 is_stmt 1 view .LVU278
 799              	.LBE227:
 800              	.LBE226:
 152:/home/reo/Documents/Repository/chipwhisperer/firmware/mcu/hal/chipwhisperer-fw-extra/stm32f4/stm32f4_hal_lowlevel.c ****           {
 801              		.loc 1 152 13 is_stmt 0 view .LVU279
 802 005e BA42     		cmp	r2, r7
 803 0060 4FF00105 		mov	r5, #1
 804 0064 55D0     		beq	.L159
 805              	.L49:
 152:/home/reo/Documents/Repository/chipwhisperer/firmware/mcu/hal/chipwhisperer-fw-extra/stm32f4/stm32f4_hal_lowlevel.c ****           {
 806              		.loc 1 152 11 is_stmt 1 view .LVU280
 807              	.LBB229:
 808              	.LBI226:
  52:/home/reo/Documents/Repository/chipwhisperer/firmware/mcu/hal/chipwhisperer-fw-extra/stm32f4/stm32f4_hal_lowlevel.c **** {
 809              		.loc 1 52 10 view .LVU281
 810              	.LBB228:
  54:/home/reo/Documents/Repository/chipwhisperer/firmware/mcu/hal/chipwhisperer-fw-extra/stm32f4/stm32f4_hal_lowlevel.c **** 	return tick++;;
 811              		.loc 1 54 2 view .LVU282
  55:/home/reo/Documents/Repository/chipwhisperer/firmware/mcu/hal/chipwhisperer-fw-extra/stm32f4/stm32f4_hal_lowlevel.c **** }
 812              		.loc 1 55 2 view .LVU283
 813              	.LBE228:
 814              	.LBE229:
 150:/home/reo/Documents/Repository/chipwhisperer/firmware/mcu/hal/chipwhisperer-fw-extra/stm32f4/stm32f4_hal_lowlevel.c ****         {
 815              		.loc 1 150 14 view .LVU284
 150:/home/reo/Documents/Repository/chipwhisperer/firmware/mcu/hal/chipwhisperer-fw-extra/stm32f4/stm32f4_hal_lowlevel.c ****         {
 816              		.loc 1 150 15 is_stmt 0 view .LVU285
 817 0066 3468     		ldr	r4, [r6]
 150:/home/reo/Documents/Repository/chipwhisperer/firmware/mcu/hal/chipwhisperer-fw-extra/stm32f4/stm32f4_hal_lowlevel.c ****         {
 818              		.loc 1 150 14 view .LVU286
 819 0068 A403     		lsls	r4, r4, #14
 820 006a F7D4     		bmi	.L50
 821 006c 05B1     		cbz	r5, .L38
 822              	.LVL73:
 823              	.L156:
 150:/home/reo/Documents/Repository/chipwhisperer/firmware/mcu/hal/chipwhisperer-fw-extra/stm32f4/stm32f4_hal_lowlevel.c ****         {
 824              		.loc 1 150 14 view .LVU287
 825 006e 1A60     		str	r2, [r3]
 826              	.L38:
 161:/home/reo/Documents/Repository/chipwhisperer/firmware/mcu/hal/chipwhisperer-fw-extra/stm32f4/stm32f4_hal_lowlevel.c ****   {
 827              		.loc 1 161 3 is_stmt 1 view .LVU288
 161:/home/reo/Documents/Repository/chipwhisperer/firmware/mcu/hal/chipwhisperer-fw-extra/stm32f4/stm32f4_hal_lowlevel.c ****   {
 828              		.loc 1 161 5 is_stmt 0 view .LVU289
 829 0070 8A07     		lsls	r2, r1, #30
 830 0072 33D5     		bpl	.L51
 164:/home/reo/Documents/Repository/chipwhisperer/firmware/mcu/hal/chipwhisperer-fw-extra/stm32f4/stm32f4_hal_lowlevel.c ****     assert_param(IS_RCC_CALIBRATION_VALUE(RCC_OscInitStruct->HSICalibrationValue));
 831              		.loc 1 164 5 is_stmt 1 view .LVU290
 165:/home/reo/Documents/Repository/chipwhisperer/firmware/mcu/hal/chipwhisperer-fw-extra/stm32f4/stm32f4_hal_lowlevel.c **** 
 832              		.loc 1 165 5 view .LVU291
 168:/home/reo/Documents/Repository/chipwhisperer/firmware/mcu/hal/chipwhisperer-fw-extra/stm32f4/stm32f4_hal_lowlevel.c ****       ((__HAL_RCC_GET_SYSCLK_SOURCE() == RCC_CFGR_SWS_PLL) && ((RCC->PLLCFGR & RCC_PLLCFGR_PLLSRC) 
 833              		.loc 1 168 5 view .LVU292
 168:/home/reo/Documents/Repository/chipwhisperer/firmware/mcu/hal/chipwhisperer-fw-extra/stm32f4/stm32f4_hal_lowlevel.c ****       ((__HAL_RCC_GET_SYSCLK_SOURCE() == RCC_CFGR_SWS_PLL) && ((RCC->PLLCFGR & RCC_PLLCFGR_PLLSRC) 
 834              		.loc 1 168 9 is_stmt 0 view .LVU293
 835 0074 794B     		ldr	r3, .L171
 836 0076 9A68     		ldr	r2, [r3, #8]
 168:/home/reo/Documents/Repository/chipwhisperer/firmware/mcu/hal/chipwhisperer-fw-extra/stm32f4/stm32f4_hal_lowlevel.c ****       ((__HAL_RCC_GET_SYSCLK_SOURCE() == RCC_CFGR_SWS_PLL) && ((RCC->PLLCFGR & RCC_PLLCFGR_PLLSRC) 
 837              		.loc 1 168 7 view .LVU294
 838 0078 12F00C0F 		tst	r2, #12
 839 007c 00F0E280 		beq	.L52
 169:/home/reo/Documents/Repository/chipwhisperer/firmware/mcu/hal/chipwhisperer-fw-extra/stm32f4/stm32f4_hal_lowlevel.c ****     {
 840              		.loc 1 169 9 discriminator 1 view .LVU295
 841 0080 9A68     		ldr	r2, [r3, #8]
 842 0082 02F00C02 		and	r2, r2, #12
 168:/home/reo/Documents/Repository/chipwhisperer/firmware/mcu/hal/chipwhisperer-fw-extra/stm32f4/stm32f4_hal_lowlevel.c ****       ((__HAL_RCC_GET_SYSCLK_SOURCE() == RCC_CFGR_SWS_PLL) && ((RCC->PLLCFGR & RCC_PLLCFGR_PLLSRC) 
 843              		.loc 1 168 60 discriminator 1 view .LVU296
 844 0086 082A     		cmp	r2, #8
 845 0088 00F0D880 		beq	.L164
 846              	.L53:
 186:/home/reo/Documents/Repository/chipwhisperer/firmware/mcu/hal/chipwhisperer-fw-extra/stm32f4/stm32f4_hal_lowlevel.c ****       {
 847              		.loc 1 186 7 is_stmt 1 view .LVU297
 186:/home/reo/Documents/Repository/chipwhisperer/firmware/mcu/hal/chipwhisperer-fw-extra/stm32f4/stm32f4_hal_lowlevel.c ****       {
 848              		.loc 1 186 9 is_stmt 0 view .LVU298
 849 008c C268     		ldr	r2, [r0, #12]
 850 008e 002A     		cmp	r2, #0
 851 0090 00F04081 		beq	.L56
 189:/home/reo/Documents/Repository/chipwhisperer/firmware/mcu/hal/chipwhisperer-fw-extra/stm32f4/stm32f4_hal_lowlevel.c **** 
 852              		.loc 1 189 9 is_stmt 1 view .LVU299
 853 0094 744A     		ldr	r2, .L171+12
 854              	.LBB230:
 855              	.LBB231:
  55:/home/reo/Documents/Repository/chipwhisperer/firmware/mcu/hal/chipwhisperer-fw-extra/stm32f4/stm32f4_hal_lowlevel.c **** }
 856              		.loc 1 55 13 is_stmt 0 view .LVU300
 857 0096 724B     		ldr	r3, .L171+4
 858              	.LBE231:
 859              	.LBE230:
 189:/home/reo/Documents/Repository/chipwhisperer/firmware/mcu/hal/chipwhisperer-fw-extra/stm32f4/stm32f4_hal_lowlevel.c **** 
 860              		.loc 1 189 9 view .LVU301
 861 0098 0121     		movs	r1, #1
 862 009a 1160     		str	r1, [r2]
 192:/home/reo/Documents/Repository/chipwhisperer/firmware/mcu/hal/chipwhisperer-fw-extra/stm32f4/stm32f4_hal_lowlevel.c **** 
 863              		.loc 1 192 9 is_stmt 1 view .LVU302
 864              	.LBB234:
 865              	.LBI230:
  52:/home/reo/Documents/Repository/chipwhisperer/firmware/mcu/hal/chipwhisperer-fw-extra/stm32f4/stm32f4_hal_lowlevel.c **** {
 866              		.loc 1 52 10 view .LVU303
 867              	.LBB232:
  54:/home/reo/Documents/Repository/chipwhisperer/firmware/mcu/hal/chipwhisperer-fw-extra/stm32f4/stm32f4_hal_lowlevel.c **** 	return tick++;;
 868              		.loc 1 54 2 view .LVU304
  55:/home/reo/Documents/Repository/chipwhisperer/firmware/mcu/hal/chipwhisperer-fw-extra/stm32f4/stm32f4_hal_lowlevel.c **** }
 869              		.loc 1 55 2 view .LVU305
  55:/home/reo/Documents/Repository/chipwhisperer/firmware/mcu/hal/chipwhisperer-fw-extra/stm32f4/stm32f4_hal_lowlevel.c **** }
 870              		.loc 1 55 13 is_stmt 0 view .LVU306
 871 009c 1A68     		ldr	r2, [r3]
 872              	.LBE232:
 873              	.LBE234:
 195:/home/reo/Documents/Repository/chipwhisperer/firmware/mcu/hal/chipwhisperer-fw-extra/stm32f4/stm32f4_hal_lowlevel.c ****         {
 874              		.loc 1 195 15 view .LVU307
 875 009e 6F49     		ldr	r1, .L171
 876              	.LBB235:
 877              	.LBB233:
  55:/home/reo/Documents/Repository/chipwhisperer/firmware/mcu/hal/chipwhisperer-fw-extra/stm32f4/stm32f4_hal_lowlevel.c **** }
 878              		.loc 1 55 13 view .LVU308
 879 00a0 541C     		adds	r4, r2, #1
 880 00a2 1C60     		str	r4, [r3]
  55:/home/reo/Documents/Repository/chipwhisperer/firmware/mcu/hal/chipwhisperer-fw-extra/stm32f4/stm32f4_hal_lowlevel.c **** }
 881              		.loc 1 55 16 is_stmt 1 view .LVU309
 882              	.LVL74:
  55:/home/reo/Documents/Repository/chipwhisperer/firmware/mcu/hal/chipwhisperer-fw-extra/stm32f4/stm32f4_hal_lowlevel.c **** }
 883              		.loc 1 55 16 is_stmt 0 view .LVU310
 884              	.LBE233:
 885              	.LBE235:
 195:/home/reo/Documents/Repository/chipwhisperer/firmware/mcu/hal/chipwhisperer-fw-extra/stm32f4/stm32f4_hal_lowlevel.c ****         {
 886              		.loc 1 195 9 is_stmt 1 view .LVU311
 195:/home/reo/Documents/Repository/chipwhisperer/firmware/mcu/hal/chipwhisperer-fw-extra/stm32f4/stm32f4_hal_lowlevel.c ****         {
 887              		.loc 1 195 14 view .LVU312
 195:/home/reo/Documents/Repository/chipwhisperer/firmware/mcu/hal/chipwhisperer-fw-extra/stm32f4/stm32f4_hal_lowlevel.c ****         {
 888              		.loc 1 195 15 is_stmt 0 view .LVU313
 889 00a4 0C68     		ldr	r4, [r1]
 195:/home/reo/Documents/Repository/chipwhisperer/firmware/mcu/hal/chipwhisperer-fw-extra/stm32f4/stm32f4_hal_lowlevel.c ****         {
 890              		.loc 1 195 14 view .LVU314
 891 00a6 A607     		lsls	r6, r4, #30
 892 00a8 0AD4     		bmi	.L57
 197:/home/reo/Documents/Repository/chipwhisperer/firmware/mcu/hal/chipwhisperer-fw-extra/stm32f4/stm32f4_hal_lowlevel.c ****           {
 893              		.loc 1 197 11 is_stmt 1 view .LVU315
 894              	.LBB236:
 895              	.LBI236:
  52:/home/reo/Documents/Repository/chipwhisperer/firmware/mcu/hal/chipwhisperer-fw-extra/stm32f4/stm32f4_hal_lowlevel.c **** {
 896              		.loc 1 52 10 view .LVU316
 897              	.LBB237:
  54:/home/reo/Documents/Repository/chipwhisperer/firmware/mcu/hal/chipwhisperer-fw-extra/stm32f4/stm32f4_hal_lowlevel.c **** 	return tick++;;
 898              		.loc 1 54 2 view .LVU317
  55:/home/reo/Documents/Repository/chipwhisperer/firmware/mcu/hal/chipwhisperer-fw-extra/stm32f4/stm32f4_hal_lowlevel.c **** }
 899              		.loc 1 55 2 view .LVU318
 900              	.LBE237:
 901              	.LBE236:
 195:/home/reo/Documents/Repository/chipwhisperer/firmware/mcu/hal/chipwhisperer-fw-extra/stm32f4/stm32f4_hal_lowlevel.c ****         {
 902              		.loc 1 195 15 is_stmt 0 view .LVU319
 903 00aa 0D68     		ldr	r5, [r1]
 195:/home/reo/Documents/Repository/chipwhisperer/firmware/mcu/hal/chipwhisperer-fw-extra/stm32f4/stm32f4_hal_lowlevel.c ****         {
 904              		.loc 1 195 14 view .LVU320
 905 00ac AD07     		lsls	r5, r5, #30
 906              	.LBB242:
 907              	.LBB238:
  55:/home/reo/Documents/Repository/chipwhisperer/firmware/mcu/hal/chipwhisperer-fw-extra/stm32f4/stm32f4_hal_lowlevel.c **** }
 908              		.loc 1 55 13 view .LVU321
 909 00ae 02F10204 		add	r4, r2, #2
  55:/home/reo/Documents/Repository/chipwhisperer/firmware/mcu/hal/chipwhisperer-fw-extra/stm32f4/stm32f4_hal_lowlevel.c **** }
 910              		.loc 1 55 16 is_stmt 1 view .LVU322
 911              	.LBE238:
 912              	.LBE242:
 195:/home/reo/Documents/Repository/chipwhisperer/firmware/mcu/hal/chipwhisperer-fw-extra/stm32f4/stm32f4_hal_lowlevel.c ****         {
 913              		.loc 1 195 14 view .LVU323
 914 00b2 04D4     		bmi	.L58
 197:/home/reo/Documents/Repository/chipwhisperer/firmware/mcu/hal/chipwhisperer-fw-extra/stm32f4/stm32f4_hal_lowlevel.c ****           {
 915              		.loc 1 197 11 view .LVU324
 916              	.LBB243:
  52:/home/reo/Documents/Repository/chipwhisperer/firmware/mcu/hal/chipwhisperer-fw-extra/stm32f4/stm32f4_hal_lowlevel.c **** {
 917              		.loc 1 52 10 view .LVU325
 918              	.LBB239:
  54:/home/reo/Documents/Repository/chipwhisperer/firmware/mcu/hal/chipwhisperer-fw-extra/stm32f4/stm32f4_hal_lowlevel.c **** 	return tick++;;
 919              		.loc 1 54 2 view .LVU326
  55:/home/reo/Documents/Repository/chipwhisperer/firmware/mcu/hal/chipwhisperer-fw-extra/stm32f4/stm32f4_hal_lowlevel.c **** }
 920              		.loc 1 55 2 view .LVU327
 921              	.LBE239:
 922              	.LBE243:
 195:/home/reo/Documents/Repository/chipwhisperer/firmware/mcu/hal/chipwhisperer-fw-extra/stm32f4/stm32f4_hal_lowlevel.c ****         {
 923              		.loc 1 195 15 is_stmt 0 view .LVU328
 924 00b4 0968     		ldr	r1, [r1]
 195:/home/reo/Documents/Repository/chipwhisperer/firmware/mcu/hal/chipwhisperer-fw-extra/stm32f4/stm32f4_hal_lowlevel.c ****         {
 925              		.loc 1 195 14 view .LVU329
 926 00b6 8F07     		lsls	r7, r1, #30
 927              	.LBB244:
 928              	.LBB240:
  55:/home/reo/Documents/Repository/chipwhisperer/firmware/mcu/hal/chipwhisperer-fw-extra/stm32f4/stm32f4_hal_lowlevel.c **** }
 929              		.loc 1 55 13 view .LVU330
 930 00b8 02F10304 		add	r4, r2, #3
  55:/home/reo/Documents/Repository/chipwhisperer/firmware/mcu/hal/chipwhisperer-fw-extra/stm32f4/stm32f4_hal_lowlevel.c **** }
 931              		.loc 1 55 16 is_stmt 1 view .LVU331
 932              	.LBE240:
 933              	.LBE244:
 195:/home/reo/Documents/Repository/chipwhisperer/firmware/mcu/hal/chipwhisperer-fw-extra/stm32f4/stm32f4_hal_lowlevel.c ****         {
 934              		.loc 1 195 14 view .LVU332
 935 00bc 28D5     		bpl	.L160
 936              	.L58:
 937 00be 1C60     		str	r4, [r3]
 938              	.L57:
 204:/home/reo/Documents/Repository/chipwhisperer/firmware/mcu/hal/chipwhisperer-fw-extra/stm32f4/stm32f4_hal_lowlevel.c ****       }
 939              		.loc 1 204 9 view .LVU333
 940 00c0 664C     		ldr	r4, .L171
 941              	.LBB245:
 942              	.LBB246:
 454:/home/reo/Documents/Repository/chipwhisperer/firmware/mcu/hal/chipwhisperer-fw-extra/stm32f4/CMSIS/core/cmsis_gcc.h **** #else
 455:/home/reo/Documents/Repository/chipwhisperer/firmware/mcu/hal/chipwhisperer-fw-extra/stm32f4/CMSIS/core/cmsis_gcc.h ****   uint32_t result;
 456:/home/reo/Documents/Repository/chipwhisperer/firmware/mcu/hal/chipwhisperer-fw-extra/stm32f4/CMSIS/core/cmsis_gcc.h **** 
 457:/home/reo/Documents/Repository/chipwhisperer/firmware/mcu/hal/chipwhisperer-fw-extra/stm32f4/CMSIS/core/cmsis_gcc.h ****   __ASM volatile ("rev %0, %1" : __CMSIS_GCC_OUT_REG (result) : __CMSIS_GCC_USE_REG (value) );
 458:/home/reo/Documents/Repository/chipwhisperer/firmware/mcu/hal/chipwhisperer-fw-extra/stm32f4/CMSIS/core/cmsis_gcc.h ****   return(result);
 459:/home/reo/Documents/Repository/chipwhisperer/firmware/mcu/hal/chipwhisperer-fw-extra/stm32f4/CMSIS/core/cmsis_gcc.h **** #endif
 460:/home/reo/Documents/Repository/chipwhisperer/firmware/mcu/hal/chipwhisperer-fw-extra/stm32f4/CMSIS/core/cmsis_gcc.h **** }
 461:/home/reo/Documents/Repository/chipwhisperer/firmware/mcu/hal/chipwhisperer-fw-extra/stm32f4/CMSIS/core/cmsis_gcc.h **** 
 462:/home/reo/Documents/Repository/chipwhisperer/firmware/mcu/hal/chipwhisperer-fw-extra/stm32f4/CMSIS/core/cmsis_gcc.h **** 
 463:/home/reo/Documents/Repository/chipwhisperer/firmware/mcu/hal/chipwhisperer-fw-extra/stm32f4/CMSIS/core/cmsis_gcc.h **** /**
 464:/home/reo/Documents/Repository/chipwhisperer/firmware/mcu/hal/chipwhisperer-fw-extra/stm32f4/CMSIS/core/cmsis_gcc.h ****   \brief   Reverse byte order (16 bit)
 465:/home/reo/Documents/Repository/chipwhisperer/firmware/mcu/hal/chipwhisperer-fw-extra/stm32f4/CMSIS/core/cmsis_gcc.h ****   \details Reverses the byte order in two unsigned short values.
 466:/home/reo/Documents/Repository/chipwhisperer/firmware/mcu/hal/chipwhisperer-fw-extra/stm32f4/CMSIS/core/cmsis_gcc.h ****   \param [in]    value  Value to reverse
 467:/home/reo/Documents/Repository/chipwhisperer/firmware/mcu/hal/chipwhisperer-fw-extra/stm32f4/CMSIS/core/cmsis_gcc.h ****   \return               Reversed value
 468:/home/reo/Documents/Repository/chipwhisperer/firmware/mcu/hal/chipwhisperer-fw-extra/stm32f4/CMSIS/core/cmsis_gcc.h ****  */
 469:/home/reo/Documents/Repository/chipwhisperer/firmware/mcu/hal/chipwhisperer-fw-extra/stm32f4/CMSIS/core/cmsis_gcc.h **** __attribute__((always_inline)) __STATIC_INLINE uint32_t __REV16(uint32_t value)
 470:/home/reo/Documents/Repository/chipwhisperer/firmware/mcu/hal/chipwhisperer-fw-extra/stm32f4/CMSIS/core/cmsis_gcc.h **** {
 471:/home/reo/Documents/Repository/chipwhisperer/firmware/mcu/hal/chipwhisperer-fw-extra/stm32f4/CMSIS/core/cmsis_gcc.h ****   uint32_t result;
 472:/home/reo/Documents/Repository/chipwhisperer/firmware/mcu/hal/chipwhisperer-fw-extra/stm32f4/CMSIS/core/cmsis_gcc.h **** 
 473:/home/reo/Documents/Repository/chipwhisperer/firmware/mcu/hal/chipwhisperer-fw-extra/stm32f4/CMSIS/core/cmsis_gcc.h ****   __ASM volatile ("rev16 %0, %1" : __CMSIS_GCC_OUT_REG (result) : __CMSIS_GCC_USE_REG (value) );
 474:/home/reo/Documents/Repository/chipwhisperer/firmware/mcu/hal/chipwhisperer-fw-extra/stm32f4/CMSIS/core/cmsis_gcc.h ****   return(result);
 475:/home/reo/Documents/Repository/chipwhisperer/firmware/mcu/hal/chipwhisperer-fw-extra/stm32f4/CMSIS/core/cmsis_gcc.h **** }
 476:/home/reo/Documents/Repository/chipwhisperer/firmware/mcu/hal/chipwhisperer-fw-extra/stm32f4/CMSIS/core/cmsis_gcc.h **** 
 477:/home/reo/Documents/Repository/chipwhisperer/firmware/mcu/hal/chipwhisperer-fw-extra/stm32f4/CMSIS/core/cmsis_gcc.h **** 
 478:/home/reo/Documents/Repository/chipwhisperer/firmware/mcu/hal/chipwhisperer-fw-extra/stm32f4/CMSIS/core/cmsis_gcc.h **** /**
 479:/home/reo/Documents/Repository/chipwhisperer/firmware/mcu/hal/chipwhisperer-fw-extra/stm32f4/CMSIS/core/cmsis_gcc.h ****   \brief   Reverse byte order in signed short value
 480:/home/reo/Documents/Repository/chipwhisperer/firmware/mcu/hal/chipwhisperer-fw-extra/stm32f4/CMSIS/core/cmsis_gcc.h ****   \details Reverses the byte order in a signed short value with sign extension to integer.
 481:/home/reo/Documents/Repository/chipwhisperer/firmware/mcu/hal/chipwhisperer-fw-extra/stm32f4/CMSIS/core/cmsis_gcc.h ****   \param [in]    value  Value to reverse
 482:/home/reo/Documents/Repository/chipwhisperer/firmware/mcu/hal/chipwhisperer-fw-extra/stm32f4/CMSIS/core/cmsis_gcc.h ****   \return               Reversed value
 483:/home/reo/Documents/Repository/chipwhisperer/firmware/mcu/hal/chipwhisperer-fw-extra/stm32f4/CMSIS/core/cmsis_gcc.h ****  */
 484:/home/reo/Documents/Repository/chipwhisperer/firmware/mcu/hal/chipwhisperer-fw-extra/stm32f4/CMSIS/core/cmsis_gcc.h **** __attribute__((always_inline)) __STATIC_INLINE int32_t __REVSH(int32_t value)
 485:/home/reo/Documents/Repository/chipwhisperer/firmware/mcu/hal/chipwhisperer-fw-extra/stm32f4/CMSIS/core/cmsis_gcc.h **** {
 486:/home/reo/Documents/Repository/chipwhisperer/firmware/mcu/hal/chipwhisperer-fw-extra/stm32f4/CMSIS/core/cmsis_gcc.h **** #if (__GNUC__ > 4) || (__GNUC__ == 4 && __GNUC_MINOR__ >= 8)
 487:/home/reo/Documents/Repository/chipwhisperer/firmware/mcu/hal/chipwhisperer-fw-extra/stm32f4/CMSIS/core/cmsis_gcc.h ****   return (short)__builtin_bswap16(value);
 488:/home/reo/Documents/Repository/chipwhisperer/firmware/mcu/hal/chipwhisperer-fw-extra/stm32f4/CMSIS/core/cmsis_gcc.h **** #else
 489:/home/reo/Documents/Repository/chipwhisperer/firmware/mcu/hal/chipwhisperer-fw-extra/stm32f4/CMSIS/core/cmsis_gcc.h ****   int32_t result;
 490:/home/reo/Documents/Repository/chipwhisperer/firmware/mcu/hal/chipwhisperer-fw-extra/stm32f4/CMSIS/core/cmsis_gcc.h **** 
 491:/home/reo/Documents/Repository/chipwhisperer/firmware/mcu/hal/chipwhisperer-fw-extra/stm32f4/CMSIS/core/cmsis_gcc.h ****   __ASM volatile ("revsh %0, %1" : __CMSIS_GCC_OUT_REG (result) : __CMSIS_GCC_USE_REG (value) );
 492:/home/reo/Documents/Repository/chipwhisperer/firmware/mcu/hal/chipwhisperer-fw-extra/stm32f4/CMSIS/core/cmsis_gcc.h ****   return(result);
 493:/home/reo/Documents/Repository/chipwhisperer/firmware/mcu/hal/chipwhisperer-fw-extra/stm32f4/CMSIS/core/cmsis_gcc.h **** #endif
 494:/home/reo/Documents/Repository/chipwhisperer/firmware/mcu/hal/chipwhisperer-fw-extra/stm32f4/CMSIS/core/cmsis_gcc.h **** }
 495:/home/reo/Documents/Repository/chipwhisperer/firmware/mcu/hal/chipwhisperer-fw-extra/stm32f4/CMSIS/core/cmsis_gcc.h **** 
 496:/home/reo/Documents/Repository/chipwhisperer/firmware/mcu/hal/chipwhisperer-fw-extra/stm32f4/CMSIS/core/cmsis_gcc.h **** 
 497:/home/reo/Documents/Repository/chipwhisperer/firmware/mcu/hal/chipwhisperer-fw-extra/stm32f4/CMSIS/core/cmsis_gcc.h **** /**
 498:/home/reo/Documents/Repository/chipwhisperer/firmware/mcu/hal/chipwhisperer-fw-extra/stm32f4/CMSIS/core/cmsis_gcc.h ****   \brief   Rotate Right in unsigned value (32 bit)
 499:/home/reo/Documents/Repository/chipwhisperer/firmware/mcu/hal/chipwhisperer-fw-extra/stm32f4/CMSIS/core/cmsis_gcc.h ****   \details Rotate Right (immediate) provides the value of the contents of a register rotated by a v
 500:/home/reo/Documents/Repository/chipwhisperer/firmware/mcu/hal/chipwhisperer-fw-extra/stm32f4/CMSIS/core/cmsis_gcc.h ****   \param [in]    value  Value to rotate
 501:/home/reo/Documents/Repository/chipwhisperer/firmware/mcu/hal/chipwhisperer-fw-extra/stm32f4/CMSIS/core/cmsis_gcc.h ****   \param [in]    value  Number of Bits to rotate
 502:/home/reo/Documents/Repository/chipwhisperer/firmware/mcu/hal/chipwhisperer-fw-extra/stm32f4/CMSIS/core/cmsis_gcc.h ****   \return               Rotated value
 503:/home/reo/Documents/Repository/chipwhisperer/firmware/mcu/hal/chipwhisperer-fw-extra/stm32f4/CMSIS/core/cmsis_gcc.h ****  */
 504:/home/reo/Documents/Repository/chipwhisperer/firmware/mcu/hal/chipwhisperer-fw-extra/stm32f4/CMSIS/core/cmsis_gcc.h **** __attribute__((always_inline)) __STATIC_INLINE uint32_t __ROR(uint32_t op1, uint32_t op2)
 505:/home/reo/Documents/Repository/chipwhisperer/firmware/mcu/hal/chipwhisperer-fw-extra/stm32f4/CMSIS/core/cmsis_gcc.h **** {
 506:/home/reo/Documents/Repository/chipwhisperer/firmware/mcu/hal/chipwhisperer-fw-extra/stm32f4/CMSIS/core/cmsis_gcc.h ****   return (op1 >> op2) | (op1 << (32U - op2));
 507:/home/reo/Documents/Repository/chipwhisperer/firmware/mcu/hal/chipwhisperer-fw-extra/stm32f4/CMSIS/core/cmsis_gcc.h **** }
 508:/home/reo/Documents/Repository/chipwhisperer/firmware/mcu/hal/chipwhisperer-fw-extra/stm32f4/CMSIS/core/cmsis_gcc.h **** 
 509:/home/reo/Documents/Repository/chipwhisperer/firmware/mcu/hal/chipwhisperer-fw-extra/stm32f4/CMSIS/core/cmsis_gcc.h **** 
 510:/home/reo/Documents/Repository/chipwhisperer/firmware/mcu/hal/chipwhisperer-fw-extra/stm32f4/CMSIS/core/cmsis_gcc.h **** /**
 511:/home/reo/Documents/Repository/chipwhisperer/firmware/mcu/hal/chipwhisperer-fw-extra/stm32f4/CMSIS/core/cmsis_gcc.h ****   \brief   Breakpoint
 512:/home/reo/Documents/Repository/chipwhisperer/firmware/mcu/hal/chipwhisperer-fw-extra/stm32f4/CMSIS/core/cmsis_gcc.h ****   \details Causes the processor to enter Debug state.
 513:/home/reo/Documents/Repository/chipwhisperer/firmware/mcu/hal/chipwhisperer-fw-extra/stm32f4/CMSIS/core/cmsis_gcc.h ****            Debug tools can use this to investigate system state when the instruction at a particula
 514:/home/reo/Documents/Repository/chipwhisperer/firmware/mcu/hal/chipwhisperer-fw-extra/stm32f4/CMSIS/core/cmsis_gcc.h ****   \param [in]    value  is ignored by the processor.
 515:/home/reo/Documents/Repository/chipwhisperer/firmware/mcu/hal/chipwhisperer-fw-extra/stm32f4/CMSIS/core/cmsis_gcc.h ****                  If required, a debugger can use it to store additional information about the break
 516:/home/reo/Documents/Repository/chipwhisperer/firmware/mcu/hal/chipwhisperer-fw-extra/stm32f4/CMSIS/core/cmsis_gcc.h ****  */
 517:/home/reo/Documents/Repository/chipwhisperer/firmware/mcu/hal/chipwhisperer-fw-extra/stm32f4/CMSIS/core/cmsis_gcc.h **** #define __BKPT(value)                       __ASM volatile ("bkpt "#value)
 518:/home/reo/Documents/Repository/chipwhisperer/firmware/mcu/hal/chipwhisperer-fw-extra/stm32f4/CMSIS/core/cmsis_gcc.h **** 
 519:/home/reo/Documents/Repository/chipwhisperer/firmware/mcu/hal/chipwhisperer-fw-extra/stm32f4/CMSIS/core/cmsis_gcc.h **** 
 520:/home/reo/Documents/Repository/chipwhisperer/firmware/mcu/hal/chipwhisperer-fw-extra/stm32f4/CMSIS/core/cmsis_gcc.h **** /**
 521:/home/reo/Documents/Repository/chipwhisperer/firmware/mcu/hal/chipwhisperer-fw-extra/stm32f4/CMSIS/core/cmsis_gcc.h ****   \brief   Reverse bit order of value
 522:/home/reo/Documents/Repository/chipwhisperer/firmware/mcu/hal/chipwhisperer-fw-extra/stm32f4/CMSIS/core/cmsis_gcc.h ****   \details Reverses the bit order of the given value.
 523:/home/reo/Documents/Repository/chipwhisperer/firmware/mcu/hal/chipwhisperer-fw-extra/stm32f4/CMSIS/core/cmsis_gcc.h ****   \param [in]    value  Value to reverse
 524:/home/reo/Documents/Repository/chipwhisperer/firmware/mcu/hal/chipwhisperer-fw-extra/stm32f4/CMSIS/core/cmsis_gcc.h ****   \return               Reversed value
 525:/home/reo/Documents/Repository/chipwhisperer/firmware/mcu/hal/chipwhisperer-fw-extra/stm32f4/CMSIS/core/cmsis_gcc.h ****  */
 526:/home/reo/Documents/Repository/chipwhisperer/firmware/mcu/hal/chipwhisperer-fw-extra/stm32f4/CMSIS/core/cmsis_gcc.h **** __attribute__((always_inline)) __STATIC_INLINE uint32_t __RBIT(uint32_t value)
 527:/home/reo/Documents/Repository/chipwhisperer/firmware/mcu/hal/chipwhisperer-fw-extra/stm32f4/CMSIS/core/cmsis_gcc.h **** {
 528:/home/reo/Documents/Repository/chipwhisperer/firmware/mcu/hal/chipwhisperer-fw-extra/stm32f4/CMSIS/core/cmsis_gcc.h ****   uint32_t result;
 529:/home/reo/Documents/Repository/chipwhisperer/firmware/mcu/hal/chipwhisperer-fw-extra/stm32f4/CMSIS/core/cmsis_gcc.h **** 
 530:/home/reo/Documents/Repository/chipwhisperer/firmware/mcu/hal/chipwhisperer-fw-extra/stm32f4/CMSIS/core/cmsis_gcc.h **** #if       (__CORTEX_M >= 0x03U) || (__CORTEX_SC >= 300U)
 531:/home/reo/Documents/Repository/chipwhisperer/firmware/mcu/hal/chipwhisperer-fw-extra/stm32f4/CMSIS/core/cmsis_gcc.h ****    __ASM volatile ("rbit %0, %1" : "=r" (result) : "r" (value) );
 943              		.loc 2 531 4 is_stmt 0 view .LVU334
 944 00c2 F822     		movs	r2, #248
 945              	.LVL75:
 946              		.loc 2 531 4 view .LVU335
 947              	.LBE246:
 948              	.LBE245:
 204:/home/reo/Documents/Repository/chipwhisperer/firmware/mcu/hal/chipwhisperer-fw-extra/stm32f4/stm32f4_hal_lowlevel.c ****       }
 949              		.loc 1 204 9 view .LVU336
 950 00c4 2168     		ldr	r1, [r4]
 951              	.LVL76:
 952              	.LBB248:
 953              	.LBI245:
 526:/home/reo/Documents/Repository/chipwhisperer/firmware/mcu/hal/chipwhisperer-fw-extra/stm32f4/CMSIS/core/cmsis_gcc.h **** {
 954              		.loc 2 526 57 is_stmt 1 view .LVU337
 955              	.LBB247:
 528:/home/reo/Documents/Repository/chipwhisperer/firmware/mcu/hal/chipwhisperer-fw-extra/stm32f4/CMSIS/core/cmsis_gcc.h **** 
 956              		.loc 2 528 3 view .LVU338
 957              		.loc 2 531 4 view .LVU339
 958              		.syntax unified
 959              	@ 531 "/home/reo/Documents/Repository/chipwhisperer/firmware/mcu/hal/chipwhisperer-fw-extra/stm32f4
 960 00c6 92FAA2F2 		rbit r2, r2
 961              	@ 0 "" 2
 962              	.LVL77:
 532:/home/reo/Documents/Repository/chipwhisperer/firmware/mcu/hal/chipwhisperer-fw-extra/stm32f4/CMSIS/core/cmsis_gcc.h **** #else
 533:/home/reo/Documents/Repository/chipwhisperer/firmware/mcu/hal/chipwhisperer-fw-extra/stm32f4/CMSIS/core/cmsis_gcc.h ****   int32_t s = 4 /*sizeof(v)*/ * 8 - 1; /* extra shift needed at end */
 534:/home/reo/Documents/Repository/chipwhisperer/firmware/mcu/hal/chipwhisperer-fw-extra/stm32f4/CMSIS/core/cmsis_gcc.h **** 
 535:/home/reo/Documents/Repository/chipwhisperer/firmware/mcu/hal/chipwhisperer-fw-extra/stm32f4/CMSIS/core/cmsis_gcc.h ****   result = value;                      /* r will be reversed bits of v; first get LSB of v */
 536:/home/reo/Documents/Repository/chipwhisperer/firmware/mcu/hal/chipwhisperer-fw-extra/stm32f4/CMSIS/core/cmsis_gcc.h ****   for (value >>= 1U; value; value >>= 1U)
 537:/home/reo/Documents/Repository/chipwhisperer/firmware/mcu/hal/chipwhisperer-fw-extra/stm32f4/CMSIS/core/cmsis_gcc.h ****   {
 538:/home/reo/Documents/Repository/chipwhisperer/firmware/mcu/hal/chipwhisperer-fw-extra/stm32f4/CMSIS/core/cmsis_gcc.h ****     result <<= 1U;
 539:/home/reo/Documents/Repository/chipwhisperer/firmware/mcu/hal/chipwhisperer-fw-extra/stm32f4/CMSIS/core/cmsis_gcc.h ****     result |= value & 1U;
 540:/home/reo/Documents/Repository/chipwhisperer/firmware/mcu/hal/chipwhisperer-fw-extra/stm32f4/CMSIS/core/cmsis_gcc.h ****     s--;
 541:/home/reo/Documents/Repository/chipwhisperer/firmware/mcu/hal/chipwhisperer-fw-extra/stm32f4/CMSIS/core/cmsis_gcc.h ****   }
 542:/home/reo/Documents/Repository/chipwhisperer/firmware/mcu/hal/chipwhisperer-fw-extra/stm32f4/CMSIS/core/cmsis_gcc.h ****   result <<= s;                        /* shift when v's highest bits are zero */
 543:/home/reo/Documents/Repository/chipwhisperer/firmware/mcu/hal/chipwhisperer-fw-extra/stm32f4/CMSIS/core/cmsis_gcc.h **** #endif
 544:/home/reo/Documents/Repository/chipwhisperer/firmware/mcu/hal/chipwhisperer-fw-extra/stm32f4/CMSIS/core/cmsis_gcc.h ****   return(result);
 963              		.loc 2 544 3 view .LVU340
 964              		.loc 2 544 3 is_stmt 0 view .LVU341
 965              		.thumb
 966              		.syntax unified
 967              	.LBE247:
 968              	.LBE248:
 204:/home/reo/Documents/Repository/chipwhisperer/firmware/mcu/hal/chipwhisperer-fw-extra/stm32f4/stm32f4_hal_lowlevel.c ****       }
 969              		.loc 1 204 9 view .LVU342
 970 00ca 0369     		ldr	r3, [r0, #16]
 971 00cc B2FA82F2 		clz	r2, r2
 972 00d0 9340     		lsls	r3, r3, r2
 973 00d2 21F0F802 		bic	r2, r1, #248
 974 00d6 1343     		orrs	r3, r3, r2
 975 00d8 2360     		str	r3, [r4]
 226:/home/reo/Documents/Repository/chipwhisperer/firmware/mcu/hal/chipwhisperer-fw-extra/stm32f4/stm32f4_hal_lowlevel.c ****   {
 976              		.loc 1 226 25 view .LVU343
 977 00da 0168     		ldr	r1, [r0]
 978              	.L51:
 226:/home/reo/Documents/Repository/chipwhisperer/firmware/mcu/hal/chipwhisperer-fw-extra/stm32f4/stm32f4_hal_lowlevel.c ****   {
 979              		.loc 1 226 3 is_stmt 1 view .LVU344
 226:/home/reo/Documents/Repository/chipwhisperer/firmware/mcu/hal/chipwhisperer-fw-extra/stm32f4/stm32f4_hal_lowlevel.c ****   {
 980              		.loc 1 226 5 is_stmt 0 view .LVU345
 981 00dc 0F07     		lsls	r7, r1, #28
 982 00de 36D5     		bpl	.L61
 983              	.L167:
 229:/home/reo/Documents/Repository/chipwhisperer/firmware/mcu/hal/chipwhisperer-fw-extra/stm32f4/stm32f4_hal_lowlevel.c **** 
 984              		.loc 1 229 5 is_stmt 1 view .LVU346
 232:/home/reo/Documents/Repository/chipwhisperer/firmware/mcu/hal/chipwhisperer-fw-extra/stm32f4/stm32f4_hal_lowlevel.c ****     {
 985              		.loc 1 232 5 view .LVU347
 232:/home/reo/Documents/Repository/chipwhisperer/firmware/mcu/hal/chipwhisperer-fw-extra/stm32f4/stm32f4_hal_lowlevel.c ****     {
 986              		.loc 1 232 7 is_stmt 0 view .LVU348
 987 00e0 4269     		ldr	r2, [r0, #20]
 988 00e2 DAB9     		cbnz	r2, .L165
 252:/home/reo/Documents/Repository/chipwhisperer/firmware/mcu/hal/chipwhisperer-fw-extra/stm32f4/stm32f4_hal_lowlevel.c **** 
 989              		.loc 1 252 7 is_stmt 1 view .LVU349
 990 00e4 6049     		ldr	r1, .L171+12
 991              	.LBB249:
 992              	.LBB250:
  55:/home/reo/Documents/Repository/chipwhisperer/firmware/mcu/hal/chipwhisperer-fw-extra/stm32f4/stm32f4_hal_lowlevel.c **** }
 993              		.loc 1 55 13 is_stmt 0 view .LVU350
 994 00e6 5E4B     		ldr	r3, .L171+4
 995              	.LBE250:
 996              	.LBE249:
 252:/home/reo/Documents/Repository/chipwhisperer/firmware/mcu/hal/chipwhisperer-fw-extra/stm32f4/stm32f4_hal_lowlevel.c **** 
 997              		.loc 1 252 7 view .LVU351
 998 00e8 C1F8802E 		str	r2, [r1, #3712]
 255:/home/reo/Documents/Repository/chipwhisperer/firmware/mcu/hal/chipwhisperer-fw-extra/stm32f4/stm32f4_hal_lowlevel.c **** 
 999              		.loc 1 255 7 is_stmt 1 view .LVU352
 1000              	.LBB253:
 1001              	.LBI249:
  52:/home/reo/Documents/Repository/chipwhisperer/firmware/mcu/hal/chipwhisperer-fw-extra/stm32f4/stm32f4_hal_lowlevel.c **** {
 1002              		.loc 1 52 10 view .LVU353
 1003              	.LBB251:
  54:/home/reo/Documents/Repository/chipwhisperer/firmware/mcu/hal/chipwhisperer-fw-extra/stm32f4/stm32f4_hal_lowlevel.c **** 	return tick++;;
 1004              		.loc 1 54 2 view .LVU354
  55:/home/reo/Documents/Repository/chipwhisperer/firmware/mcu/hal/chipwhisperer-fw-extra/stm32f4/stm32f4_hal_lowlevel.c **** }
 1005              		.loc 1 55 2 view .LVU355
  55:/home/reo/Documents/Repository/chipwhisperer/firmware/mcu/hal/chipwhisperer-fw-extra/stm32f4/stm32f4_hal_lowlevel.c **** }
 1006              		.loc 1 55 13 is_stmt 0 view .LVU356
 1007 00ec 1A68     		ldr	r2, [r3]
 1008              	.LBE251:
 1009              	.LBE253:
 258:/home/reo/Documents/Repository/chipwhisperer/firmware/mcu/hal/chipwhisperer-fw-extra/stm32f4/stm32f4_hal_lowlevel.c ****       {
 1010              		.loc 1 258 13 view .LVU357
 1011 00ee 5B49     		ldr	r1, .L171
 1012              	.LBB254:
 1013              	.LBB252:
  55:/home/reo/Documents/Repository/chipwhisperer/firmware/mcu/hal/chipwhisperer-fw-extra/stm32f4/stm32f4_hal_lowlevel.c **** }
 1014              		.loc 1 55 13 view .LVU358
 1015 00f0 541C     		adds	r4, r2, #1
 1016 00f2 1C60     		str	r4, [r3]
  55:/home/reo/Documents/Repository/chipwhisperer/firmware/mcu/hal/chipwhisperer-fw-extra/stm32f4/stm32f4_hal_lowlevel.c **** }
 1017              		.loc 1 55 16 is_stmt 1 view .LVU359
 1018              	.LVL78:
  55:/home/reo/Documents/Repository/chipwhisperer/firmware/mcu/hal/chipwhisperer-fw-extra/stm32f4/stm32f4_hal_lowlevel.c **** }
 1019              		.loc 1 55 16 is_stmt 0 view .LVU360
 1020              	.LBE252:
 1021              	.LBE254:
 258:/home/reo/Documents/Repository/chipwhisperer/firmware/mcu/hal/chipwhisperer-fw-extra/stm32f4/stm32f4_hal_lowlevel.c ****       {
 1022              		.loc 1 258 7 is_stmt 1 view .LVU361
 258:/home/reo/Documents/Repository/chipwhisperer/firmware/mcu/hal/chipwhisperer-fw-extra/stm32f4/stm32f4_hal_lowlevel.c ****       {
 1023              		.loc 1 258 12 view .LVU362
 258:/home/reo/Documents/Repository/chipwhisperer/firmware/mcu/hal/chipwhisperer-fw-extra/stm32f4/stm32f4_hal_lowlevel.c ****       {
 1024              		.loc 1 258 13 is_stmt 0 view .LVU363
 1025 00f4 4C6F     		ldr	r4, [r1, #116]
 258:/home/reo/Documents/Repository/chipwhisperer/firmware/mcu/hal/chipwhisperer-fw-extra/stm32f4/stm32f4_hal_lowlevel.c ****       {
 1026              		.loc 1 258 12 view .LVU364
 1027 00f6 A607     		lsls	r6, r4, #30
 1028 00f8 40F12E81 		bpl	.L65
 260:/home/reo/Documents/Repository/chipwhisperer/firmware/mcu/hal/chipwhisperer-fw-extra/stm32f4/stm32f4_hal_lowlevel.c ****         {
 1029              		.loc 1 260 9 is_stmt 1 view .LVU365
 1030              	.LBB255:
 1031              	.LBI255:
  52:/home/reo/Documents/Repository/chipwhisperer/firmware/mcu/hal/chipwhisperer-fw-extra/stm32f4/stm32f4_hal_lowlevel.c **** {
 1032              		.loc 1 52 10 view .LVU366
 1033              	.LBB256:
  54:/home/reo/Documents/Repository/chipwhisperer/firmware/mcu/hal/chipwhisperer-fw-extra/stm32f4/stm32f4_hal_lowlevel.c **** 	return tick++;;
 1034              		.loc 1 54 2 view .LVU367
  55:/home/reo/Documents/Repository/chipwhisperer/firmware/mcu/hal/chipwhisperer-fw-extra/stm32f4/stm32f4_hal_lowlevel.c **** }
 1035              		.loc 1 55 2 view .LVU368
 1036              	.LBE256:
 1037              	.LBE255:
 258:/home/reo/Documents/Repository/chipwhisperer/firmware/mcu/hal/chipwhisperer-fw-extra/stm32f4/stm32f4_hal_lowlevel.c ****       {
 1038              		.loc 1 258 13 is_stmt 0 view .LVU369
 1039 00fc 4D6F     		ldr	r5, [r1, #116]
 258:/home/reo/Documents/Repository/chipwhisperer/firmware/mcu/hal/chipwhisperer-fw-extra/stm32f4/stm32f4_hal_lowlevel.c ****       {
 1040              		.loc 1 258 12 view .LVU370
 1041 00fe AD07     		lsls	r5, r5, #30
 1042              	.LBB260:
 1043              	.LBB257:
  55:/home/reo/Documents/Repository/chipwhisperer/firmware/mcu/hal/chipwhisperer-fw-extra/stm32f4/stm32f4_hal_lowlevel.c **** }
 1044              		.loc 1 55 13 view .LVU371
 1045 0100 02F10204 		add	r4, r2, #2
  55:/home/reo/Documents/Repository/chipwhisperer/firmware/mcu/hal/chipwhisperer-fw-extra/stm32f4/stm32f4_hal_lowlevel.c **** }
 1046              		.loc 1 55 16 is_stmt 1 view .LVU372
 1047              	.LBE257:
 1048              	.LBE260:
 258:/home/reo/Documents/Repository/chipwhisperer/firmware/mcu/hal/chipwhisperer-fw-extra/stm32f4/stm32f4_hal_lowlevel.c ****       {
 1049              		.loc 1 258 12 view .LVU373
 1050 0104 21D5     		bpl	.L66
 260:/home/reo/Documents/Repository/chipwhisperer/firmware/mcu/hal/chipwhisperer-fw-extra/stm32f4/stm32f4_hal_lowlevel.c ****         {
 1051              		.loc 1 260 9 view .LVU374
 1052              	.LBB261:
  52:/home/reo/Documents/Repository/chipwhisperer/firmware/mcu/hal/chipwhisperer-fw-extra/stm32f4/stm32f4_hal_lowlevel.c **** {
 1053              		.loc 1 52 10 view .LVU375
 1054              	.LBB258:
  54:/home/reo/Documents/Repository/chipwhisperer/firmware/mcu/hal/chipwhisperer-fw-extra/stm32f4/stm32f4_hal_lowlevel.c **** 	return tick++;;
 1055              		.loc 1 54 2 view .LVU376
  55:/home/reo/Documents/Repository/chipwhisperer/firmware/mcu/hal/chipwhisperer-fw-extra/stm32f4/stm32f4_hal_lowlevel.c **** }
 1056              		.loc 1 55 2 view .LVU377
 1057              	.LBE258:
 1058              	.LBE261:
 258:/home/reo/Documents/Repository/chipwhisperer/firmware/mcu/hal/chipwhisperer-fw-extra/stm32f4/stm32f4_hal_lowlevel.c ****       {
 1059              		.loc 1 258 13 is_stmt 0 view .LVU378
 1060 0106 496F     		ldr	r1, [r1, #116]
 258:/home/reo/Documents/Repository/chipwhisperer/firmware/mcu/hal/chipwhisperer-fw-extra/stm32f4/stm32f4_hal_lowlevel.c ****       {
 1061              		.loc 1 258 12 view .LVU379
 1062 0108 8907     		lsls	r1, r1, #30
 1063              	.LBB262:
 1064              	.LBB259:
  55:/home/reo/Documents/Repository/chipwhisperer/firmware/mcu/hal/chipwhisperer-fw-extra/stm32f4/stm32f4_hal_lowlevel.c **** }
 1065              		.loc 1 55 13 view .LVU380
 1066 010a 02F10304 		add	r4, r2, #3
  55:/home/reo/Documents/Repository/chipwhisperer/firmware/mcu/hal/chipwhisperer-fw-extra/stm32f4/stm32f4_hal_lowlevel.c **** }
 1067              		.loc 1 55 16 is_stmt 1 view .LVU381
 1068              	.LBE259:
 1069              	.LBE262:
 258:/home/reo/Documents/Repository/chipwhisperer/firmware/mcu/hal/chipwhisperer-fw-extra/stm32f4/stm32f4_hal_lowlevel.c ****       {
 1070              		.loc 1 258 12 view .LVU382
 1071 010e 1CD5     		bpl	.L66
 1072              	.L160:
 197:/home/reo/Documents/Repository/chipwhisperer/firmware/mcu/hal/chipwhisperer-fw-extra/stm32f4/stm32f4_hal_lowlevel.c ****           {
 1073              		.loc 1 197 11 view .LVU383
 1074              	.LBB263:
  52:/home/reo/Documents/Repository/chipwhisperer/firmware/mcu/hal/chipwhisperer-fw-extra/stm32f4/stm32f4_hal_lowlevel.c **** {
 1075              		.loc 1 52 10 view .LVU384
 1076              	.LBB241:
  54:/home/reo/Documents/Repository/chipwhisperer/firmware/mcu/hal/chipwhisperer-fw-extra/stm32f4/stm32f4_hal_lowlevel.c **** 	return tick++;;
 1077              		.loc 1 54 2 view .LVU385
  55:/home/reo/Documents/Repository/chipwhisperer/firmware/mcu/hal/chipwhisperer-fw-extra/stm32f4/stm32f4_hal_lowlevel.c **** }
 1078              		.loc 1 55 2 view .LVU386
  55:/home/reo/Documents/Repository/chipwhisperer/firmware/mcu/hal/chipwhisperer-fw-extra/stm32f4/stm32f4_hal_lowlevel.c **** }
 1079              		.loc 1 55 16 view .LVU387
  55:/home/reo/Documents/Repository/chipwhisperer/firmware/mcu/hal/chipwhisperer-fw-extra/stm32f4/stm32f4_hal_lowlevel.c **** }
 1080              		.loc 1 55 13 is_stmt 0 view .LVU388
 1081 0110 0432     		adds	r2, r2, #4
 1082              	.LVL79:
 1083              	.L159:
  55:/home/reo/Documents/Repository/chipwhisperer/firmware/mcu/hal/chipwhisperer-fw-extra/stm32f4/stm32f4_hal_lowlevel.c **** }
 1084              		.loc 1 55 13 view .LVU389
 1085              	.LBE241:
 1086              	.LBE263:
 199:/home/reo/Documents/Repository/chipwhisperer/firmware/mcu/hal/chipwhisperer-fw-extra/stm32f4/stm32f4_hal_lowlevel.c ****           }
 1087              		.loc 1 199 20 view .LVU390
 1088 0112 0320     		movs	r0, #3
 1089 0114 1A60     		str	r2, [r3]
 399:/home/reo/Documents/Repository/chipwhisperer/firmware/mcu/hal/chipwhisperer-fw-extra/stm32f4/stm32f4_hal_lowlevel.c **** 
 1090              		.loc 1 399 1 view .LVU391
 1091 0116 02B0     		add	sp, sp, #8
 1092              	.LCFI3:
 1093              		.cfi_remember_state
 1094              		.cfi_def_cfa_offset 16
 1095              		@ sp needed
 1096 0118 F0BC     		pop	{r4, r5, r6, r7}
 1097              	.LCFI4:
 1098              		.cfi_restore 7
 1099              		.cfi_restore 6
 1100              		.cfi_restore 5
 1101              		.cfi_restore 4
 1102              		.cfi_def_cfa_offset 0
 1103 011a 7047     		bx	lr
 1104              	.LVL80:
 1105              	.L165:
 1106              	.LCFI5:
 1107              		.cfi_restore_state
 235:/home/reo/Documents/Repository/chipwhisperer/firmware/mcu/hal/chipwhisperer-fw-extra/stm32f4/stm32f4_hal_lowlevel.c **** 
 1108              		.loc 1 235 7 is_stmt 1 view .LVU392
 1109 011c 524A     		ldr	r2, .L171+12
 1110              	.LBB264:
 1111              	.LBB265:
  55:/home/reo/Documents/Repository/chipwhisperer/firmware/mcu/hal/chipwhisperer-fw-extra/stm32f4/stm32f4_hal_lowlevel.c **** }
 1112              		.loc 1 55 13 is_stmt 0 view .LVU393
 1113 011e 504B     		ldr	r3, .L171+4
 1114              	.LBE265:
 1115              	.LBE264:
 235:/home/reo/Documents/Repository/chipwhisperer/firmware/mcu/hal/chipwhisperer-fw-extra/stm32f4/stm32f4_hal_lowlevel.c **** 
 1116              		.loc 1 235 7 view .LVU394
 1117 0120 0121     		movs	r1, #1
 1118 0122 C2F8801E 		str	r1, [r2, #3712]
 238:/home/reo/Documents/Repository/chipwhisperer/firmware/mcu/hal/chipwhisperer-fw-extra/stm32f4/stm32f4_hal_lowlevel.c **** 
 1119              		.loc 1 238 7 is_stmt 1 view .LVU395
 1120              	.LBB268:
 1121              	.LBI264:
  52:/home/reo/Documents/Repository/chipwhisperer/firmware/mcu/hal/chipwhisperer-fw-extra/stm32f4/stm32f4_hal_lowlevel.c **** {
 1122              		.loc 1 52 10 view .LVU396
 1123              	.LBB266:
  54:/home/reo/Documents/Repository/chipwhisperer/firmware/mcu/hal/chipwhisperer-fw-extra/stm32f4/stm32f4_hal_lowlevel.c **** 	return tick++;;
 1124              		.loc 1 54 2 view .LVU397
  55:/home/reo/Documents/Repository/chipwhisperer/firmware/mcu/hal/chipwhisperer-fw-extra/stm32f4/stm32f4_hal_lowlevel.c **** }
 1125              		.loc 1 55 2 view .LVU398
  55:/home/reo/Documents/Repository/chipwhisperer/firmware/mcu/hal/chipwhisperer-fw-extra/stm32f4/stm32f4_hal_lowlevel.c **** }
 1126              		.loc 1 55 13 is_stmt 0 view .LVU399
 1127 0126 1A68     		ldr	r2, [r3]
 1128              	.LBE266:
 1129              	.LBE268:
 241:/home/reo/Documents/Repository/chipwhisperer/firmware/mcu/hal/chipwhisperer-fw-extra/stm32f4/stm32f4_hal_lowlevel.c ****       {
 1130              		.loc 1 241 13 view .LVU400
 1131 0128 4C49     		ldr	r1, .L171
 1132              	.LBB269:
 1133              	.LBB267:
  55:/home/reo/Documents/Repository/chipwhisperer/firmware/mcu/hal/chipwhisperer-fw-extra/stm32f4/stm32f4_hal_lowlevel.c **** }
 1134              		.loc 1 55 13 view .LVU401
 1135 012a 541C     		adds	r4, r2, #1
 1136 012c 1C60     		str	r4, [r3]
  55:/home/reo/Documents/Repository/chipwhisperer/firmware/mcu/hal/chipwhisperer-fw-extra/stm32f4/stm32f4_hal_lowlevel.c **** }
 1137              		.loc 1 55 16 is_stmt 1 view .LVU402
 1138              	.LVL81:
  55:/home/reo/Documents/Repository/chipwhisperer/firmware/mcu/hal/chipwhisperer-fw-extra/stm32f4/stm32f4_hal_lowlevel.c **** }
 1139              		.loc 1 55 16 is_stmt 0 view .LVU403
 1140              	.LBE267:
 1141              	.LBE269:
 241:/home/reo/Documents/Repository/chipwhisperer/firmware/mcu/hal/chipwhisperer-fw-extra/stm32f4/stm32f4_hal_lowlevel.c ****       {
 1142              		.loc 1 241 7 is_stmt 1 view .LVU404
 241:/home/reo/Documents/Repository/chipwhisperer/firmware/mcu/hal/chipwhisperer-fw-extra/stm32f4/stm32f4_hal_lowlevel.c ****       {
 1143              		.loc 1 241 12 view .LVU405
 241:/home/reo/Documents/Repository/chipwhisperer/firmware/mcu/hal/chipwhisperer-fw-extra/stm32f4/stm32f4_hal_lowlevel.c ****       {
 1144              		.loc 1 241 13 is_stmt 0 view .LVU406
 1145 012e 4C6F     		ldr	r4, [r1, #116]
 241:/home/reo/Documents/Repository/chipwhisperer/firmware/mcu/hal/chipwhisperer-fw-extra/stm32f4/stm32f4_hal_lowlevel.c ****       {
 1146              		.loc 1 241 12 view .LVU407
 1147 0130 A607     		lsls	r6, r4, #30
 1148 0132 00F11181 		bmi	.L65
 243:/home/reo/Documents/Repository/chipwhisperer/firmware/mcu/hal/chipwhisperer-fw-extra/stm32f4/stm32f4_hal_lowlevel.c ****         {
 1149              		.loc 1 243 9 is_stmt 1 view .LVU408
 1150              	.LBB270:
 1151              	.LBI270:
  52:/home/reo/Documents/Repository/chipwhisperer/firmware/mcu/hal/chipwhisperer-fw-extra/stm32f4/stm32f4_hal_lowlevel.c **** {
 1152              		.loc 1 52 10 view .LVU409
 1153              	.LBB271:
  54:/home/reo/Documents/Repository/chipwhisperer/firmware/mcu/hal/chipwhisperer-fw-extra/stm32f4/stm32f4_hal_lowlevel.c **** 	return tick++;;
 1154              		.loc 1 54 2 view .LVU410
  55:/home/reo/Documents/Repository/chipwhisperer/firmware/mcu/hal/chipwhisperer-fw-extra/stm32f4/stm32f4_hal_lowlevel.c **** }
 1155              		.loc 1 55 2 view .LVU411
 1156              	.LBE271:
 1157              	.LBE270:
 241:/home/reo/Documents/Repository/chipwhisperer/firmware/mcu/hal/chipwhisperer-fw-extra/stm32f4/stm32f4_hal_lowlevel.c ****       {
 1158              		.loc 1 241 13 is_stmt 0 view .LVU412
 1159 0136 4D6F     		ldr	r5, [r1, #116]
 241:/home/reo/Documents/Repository/chipwhisperer/firmware/mcu/hal/chipwhisperer-fw-extra/stm32f4/stm32f4_hal_lowlevel.c ****       {
 1160              		.loc 1 241 12 view .LVU413
 1161 0138 AD07     		lsls	r5, r5, #30
 1162              	.LBB275:
 1163              	.LBB272:
  55:/home/reo/Documents/Repository/chipwhisperer/firmware/mcu/hal/chipwhisperer-fw-extra/stm32f4/stm32f4_hal_lowlevel.c **** }
 1164              		.loc 1 55 13 view .LVU414
 1165 013a 02F10204 		add	r4, r2, #2
  55:/home/reo/Documents/Repository/chipwhisperer/firmware/mcu/hal/chipwhisperer-fw-extra/stm32f4/stm32f4_hal_lowlevel.c **** }
 1166              		.loc 1 55 16 is_stmt 1 view .LVU415
 1167              	.LBE272:
 1168              	.LBE275:
 241:/home/reo/Documents/Repository/chipwhisperer/firmware/mcu/hal/chipwhisperer-fw-extra/stm32f4/stm32f4_hal_lowlevel.c ****       {
 1169              		.loc 1 241 12 view .LVU416
 1170 013e 04D4     		bmi	.L66
 243:/home/reo/Documents/Repository/chipwhisperer/firmware/mcu/hal/chipwhisperer-fw-extra/stm32f4/stm32f4_hal_lowlevel.c ****         {
 1171              		.loc 1 243 9 view .LVU417
 1172              	.LBB276:
  52:/home/reo/Documents/Repository/chipwhisperer/firmware/mcu/hal/chipwhisperer-fw-extra/stm32f4/stm32f4_hal_lowlevel.c **** {
 1173              		.loc 1 52 10 view .LVU418
 1174              	.LBB273:
  54:/home/reo/Documents/Repository/chipwhisperer/firmware/mcu/hal/chipwhisperer-fw-extra/stm32f4/stm32f4_hal_lowlevel.c **** 	return tick++;;
 1175              		.loc 1 54 2 view .LVU419
  55:/home/reo/Documents/Repository/chipwhisperer/firmware/mcu/hal/chipwhisperer-fw-extra/stm32f4/stm32f4_hal_lowlevel.c **** }
 1176              		.loc 1 55 2 view .LVU420
 1177              	.LBE273:
 1178              	.LBE276:
 241:/home/reo/Documents/Repository/chipwhisperer/firmware/mcu/hal/chipwhisperer-fw-extra/stm32f4/stm32f4_hal_lowlevel.c ****       {
 1179              		.loc 1 241 13 is_stmt 0 view .LVU421
 1180 0140 496F     		ldr	r1, [r1, #116]
 241:/home/reo/Documents/Repository/chipwhisperer/firmware/mcu/hal/chipwhisperer-fw-extra/stm32f4/stm32f4_hal_lowlevel.c ****       {
 1181              		.loc 1 241 12 view .LVU422
 1182 0142 8F07     		lsls	r7, r1, #30
 1183              	.LBB277:
 1184              	.LBB274:
  55:/home/reo/Documents/Repository/chipwhisperer/firmware/mcu/hal/chipwhisperer-fw-extra/stm32f4/stm32f4_hal_lowlevel.c **** }
 1185              		.loc 1 55 13 view .LVU423
 1186 0144 02F10304 		add	r4, r2, #3
  55:/home/reo/Documents/Repository/chipwhisperer/firmware/mcu/hal/chipwhisperer-fw-extra/stm32f4/stm32f4_hal_lowlevel.c **** }
 1187              		.loc 1 55 16 is_stmt 1 view .LVU424
 1188              	.LBE274:
 1189              	.LBE277:
 241:/home/reo/Documents/Repository/chipwhisperer/firmware/mcu/hal/chipwhisperer-fw-extra/stm32f4/stm32f4_hal_lowlevel.c ****       {
 1190              		.loc 1 241 12 view .LVU425
 1191 0148 E2D5     		bpl	.L160
 1192              	.L66:
 268:/home/reo/Documents/Repository/chipwhisperer/firmware/mcu/hal/chipwhisperer-fw-extra/stm32f4/stm32f4_hal_lowlevel.c ****   {
 1193              		.loc 1 268 25 is_stmt 0 view .LVU426
 1194 014a 0168     		ldr	r1, [r0]
 1195 014c 1C60     		str	r4, [r3]
 1196              	.LVL82:
 1197              	.L61:
 268:/home/reo/Documents/Repository/chipwhisperer/firmware/mcu/hal/chipwhisperer-fw-extra/stm32f4/stm32f4_hal_lowlevel.c ****   {
 1198              		.loc 1 268 3 is_stmt 1 view .LVU427
 268:/home/reo/Documents/Repository/chipwhisperer/firmware/mcu/hal/chipwhisperer-fw-extra/stm32f4/stm32f4_hal_lowlevel.c ****   {
 1199              		.loc 1 268 5 is_stmt 0 view .LVU428
 1200 014e 4F07     		lsls	r7, r1, #29
 1201 0150 41D5     		bpl	.L68
 271:/home/reo/Documents/Repository/chipwhisperer/firmware/mcu/hal/chipwhisperer-fw-extra/stm32f4/stm32f4_hal_lowlevel.c **** 
 1202              		.loc 1 271 5 is_stmt 1 view .LVU429
 274:/home/reo/Documents/Repository/chipwhisperer/firmware/mcu/hal/chipwhisperer-fw-extra/stm32f4/stm32f4_hal_lowlevel.c **** 
 1203              		.loc 1 274 5 view .LVU430
 1204              	.LBB278:
 274:/home/reo/Documents/Repository/chipwhisperer/firmware/mcu/hal/chipwhisperer-fw-extra/stm32f4/stm32f4_hal_lowlevel.c **** 
 1205              		.loc 1 274 5 view .LVU431
 1206 0152 424B     		ldr	r3, .L171
 1207              	.LBE278:
 277:/home/reo/Documents/Repository/chipwhisperer/firmware/mcu/hal/chipwhisperer-fw-extra/stm32f4/stm32f4_hal_lowlevel.c **** 
 1208              		.loc 1 277 13 is_stmt 0 view .LVU432
 1209 0154 454C     		ldr	r4, .L171+16
 1210              	.LBB279:
 274:/home/reo/Documents/Repository/chipwhisperer/firmware/mcu/hal/chipwhisperer-fw-extra/stm32f4/stm32f4_hal_lowlevel.c **** 
 1211              		.loc 1 274 5 view .LVU433
 1212 0156 0022     		movs	r2, #0
 1213 0158 0192     		str	r2, [sp, #4]
 274:/home/reo/Documents/Repository/chipwhisperer/firmware/mcu/hal/chipwhisperer-fw-extra/stm32f4/stm32f4_hal_lowlevel.c **** 
 1214              		.loc 1 274 5 is_stmt 1 view .LVU434
 1215 015a 1A6C     		ldr	r2, [r3, #64]
 1216 015c 42F08052 		orr	r2, r2, #268435456
 1217 0160 1A64     		str	r2, [r3, #64]
 274:/home/reo/Documents/Repository/chipwhisperer/firmware/mcu/hal/chipwhisperer-fw-extra/stm32f4/stm32f4_hal_lowlevel.c **** 
 1218              		.loc 1 274 5 view .LVU435
 1219 0162 1B6C     		ldr	r3, [r3, #64]
 1220 0164 03F08053 		and	r3, r3, #268435456
 1221 0168 0193     		str	r3, [sp, #4]
 274:/home/reo/Documents/Repository/chipwhisperer/firmware/mcu/hal/chipwhisperer-fw-extra/stm32f4/stm32f4_hal_lowlevel.c **** 
 1222              		.loc 1 274 5 view .LVU436
 1223 016a 019B     		ldr	r3, [sp, #4]
 1224              	.LBE279:
 274:/home/reo/Documents/Repository/chipwhisperer/firmware/mcu/hal/chipwhisperer-fw-extra/stm32f4/stm32f4_hal_lowlevel.c **** 
 1225              		.loc 1 274 5 view .LVU437
 277:/home/reo/Documents/Repository/chipwhisperer/firmware/mcu/hal/chipwhisperer-fw-extra/stm32f4/stm32f4_hal_lowlevel.c **** 
 1226              		.loc 1 277 5 view .LVU438
 277:/home/reo/Documents/Repository/chipwhisperer/firmware/mcu/hal/chipwhisperer-fw-extra/stm32f4/stm32f4_hal_lowlevel.c **** 
 1227              		.loc 1 277 13 is_stmt 0 view .LVU439
 1228 016c 2268     		ldr	r2, [r4]
 1229              	.LBB280:
 1230              	.LBB281:
  55:/home/reo/Documents/Repository/chipwhisperer/firmware/mcu/hal/chipwhisperer-fw-extra/stm32f4/stm32f4_hal_lowlevel.c **** }
 1231              		.loc 1 55 13 view .LVU440
 1232 016e 3C4B     		ldr	r3, .L171+4
 1233              	.LBE281:
 1234              	.LBE280:
 277:/home/reo/Documents/Repository/chipwhisperer/firmware/mcu/hal/chipwhisperer-fw-extra/stm32f4/stm32f4_hal_lowlevel.c **** 
 1235              		.loc 1 277 13 view .LVU441
 1236 0170 42F48072 		orr	r2, r2, #256
 1237 0174 2260     		str	r2, [r4]
 280:/home/reo/Documents/Repository/chipwhisperer/firmware/mcu/hal/chipwhisperer-fw-extra/stm32f4/stm32f4_hal_lowlevel.c **** 
 1238              		.loc 1 280 5 is_stmt 1 view .LVU442
 1239              	.LBB283:
 1240              	.LBI280:
  52:/home/reo/Documents/Repository/chipwhisperer/firmware/mcu/hal/chipwhisperer-fw-extra/stm32f4/stm32f4_hal_lowlevel.c **** {
 1241              		.loc 1 52 10 view .LVU443
 1242              	.LBB282:
  54:/home/reo/Documents/Repository/chipwhisperer/firmware/mcu/hal/chipwhisperer-fw-extra/stm32f4/stm32f4_hal_lowlevel.c **** 	return tick++;;
 1243              		.loc 1 54 2 view .LVU444
  55:/home/reo/Documents/Repository/chipwhisperer/firmware/mcu/hal/chipwhisperer-fw-extra/stm32f4/stm32f4_hal_lowlevel.c **** }
 1244              		.loc 1 55 2 view .LVU445
  55:/home/reo/Documents/Repository/chipwhisperer/firmware/mcu/hal/chipwhisperer-fw-extra/stm32f4/stm32f4_hal_lowlevel.c **** }
 1245              		.loc 1 55 13 is_stmt 0 view .LVU446
 1246 0176 1968     		ldr	r1, [r3]
 1247 0178 4A1C     		adds	r2, r1, #1
 1248 017a 1A60     		str	r2, [r3]
  55:/home/reo/Documents/Repository/chipwhisperer/firmware/mcu/hal/chipwhisperer-fw-extra/stm32f4/stm32f4_hal_lowlevel.c **** }
 1249              		.loc 1 55 16 is_stmt 1 view .LVU447
 1250              	.LVL83:
  55:/home/reo/Documents/Repository/chipwhisperer/firmware/mcu/hal/chipwhisperer-fw-extra/stm32f4/stm32f4_hal_lowlevel.c **** }
 1251              		.loc 1 55 16 is_stmt 0 view .LVU448
 1252              	.LBE282:
 1253              	.LBE283:
 282:/home/reo/Documents/Repository/chipwhisperer/firmware/mcu/hal/chipwhisperer-fw-extra/stm32f4/stm32f4_hal_lowlevel.c ****     {
 1254              		.loc 1 282 5 is_stmt 1 view .LVU449
 282:/home/reo/Documents/Repository/chipwhisperer/firmware/mcu/hal/chipwhisperer-fw-extra/stm32f4/stm32f4_hal_lowlevel.c ****     {
 1255              		.loc 1 282 10 view .LVU450
 282:/home/reo/Documents/Repository/chipwhisperer/firmware/mcu/hal/chipwhisperer-fw-extra/stm32f4/stm32f4_hal_lowlevel.c ****     {
 1256              		.loc 1 282 15 is_stmt 0 view .LVU451
 1257 017c 2568     		ldr	r5, [r4]
 282:/home/reo/Documents/Repository/chipwhisperer/firmware/mcu/hal/chipwhisperer-fw-extra/stm32f4/stm32f4_hal_lowlevel.c ****     {
 1258              		.loc 1 282 10 view .LVU452
 1259 017e EE05     		lsls	r6, r5, #23
 1260 0180 00F1A380 		bmi	.L69
 284:/home/reo/Documents/Repository/chipwhisperer/firmware/mcu/hal/chipwhisperer-fw-extra/stm32f4/stm32f4_hal_lowlevel.c ****       {
 1261              		.loc 1 284 7 is_stmt 1 view .LVU453
 1262              	.LBB284:
 1263              	.LBI284:
  52:/home/reo/Documents/Repository/chipwhisperer/firmware/mcu/hal/chipwhisperer-fw-extra/stm32f4/stm32f4_hal_lowlevel.c **** {
 1264              		.loc 1 52 10 view .LVU454
 1265              	.LBB285:
  54:/home/reo/Documents/Repository/chipwhisperer/firmware/mcu/hal/chipwhisperer-fw-extra/stm32f4/stm32f4_hal_lowlevel.c **** 	return tick++;;
 1266              		.loc 1 54 2 view .LVU455
  55:/home/reo/Documents/Repository/chipwhisperer/firmware/mcu/hal/chipwhisperer-fw-extra/stm32f4/stm32f4_hal_lowlevel.c **** }
 1267              		.loc 1 55 2 view .LVU456
 1268              	.LBE285:
 1269              	.LBE284:
 282:/home/reo/Documents/Repository/chipwhisperer/firmware/mcu/hal/chipwhisperer-fw-extra/stm32f4/stm32f4_hal_lowlevel.c ****     {
 1270              		.loc 1 282 15 is_stmt 0 view .LVU457
 1271 0184 2568     		ldr	r5, [r4]
 282:/home/reo/Documents/Repository/chipwhisperer/firmware/mcu/hal/chipwhisperer-fw-extra/stm32f4/stm32f4_hal_lowlevel.c ****     {
 1272              		.loc 1 282 10 view .LVU458
 1273 0186 ED05     		lsls	r5, r5, #23
 1274              	.LBB290:
 1275              	.LBB286:
  55:/home/reo/Documents/Repository/chipwhisperer/firmware/mcu/hal/chipwhisperer-fw-extra/stm32f4/stm32f4_hal_lowlevel.c **** }
 1276              		.loc 1 55 13 view .LVU459
 1277 0188 01F10202 		add	r2, r1, #2
  55:/home/reo/Documents/Repository/chipwhisperer/firmware/mcu/hal/chipwhisperer-fw-extra/stm32f4/stm32f4_hal_lowlevel.c **** }
 1278              		.loc 1 55 16 is_stmt 1 view .LVU460
 1279              	.LBE286:
 1280              	.LBE290:
 282:/home/reo/Documents/Repository/chipwhisperer/firmware/mcu/hal/chipwhisperer-fw-extra/stm32f4/stm32f4_hal_lowlevel.c ****     {
 1281              		.loc 1 282 10 view .LVU461
 1282 018c 00F19C80 		bmi	.L70
 284:/home/reo/Documents/Repository/chipwhisperer/firmware/mcu/hal/chipwhisperer-fw-extra/stm32f4/stm32f4_hal_lowlevel.c ****       {
 1283              		.loc 1 284 7 view .LVU462
 1284              	.LBB291:
  52:/home/reo/Documents/Repository/chipwhisperer/firmware/mcu/hal/chipwhisperer-fw-extra/stm32f4/stm32f4_hal_lowlevel.c **** {
 1285              		.loc 1 52 10 view .LVU463
 1286              	.LBB287:
  54:/home/reo/Documents/Repository/chipwhisperer/firmware/mcu/hal/chipwhisperer-fw-extra/stm32f4/stm32f4_hal_lowlevel.c **** 	return tick++;;
 1287              		.loc 1 54 2 view .LVU464
  55:/home/reo/Documents/Repository/chipwhisperer/firmware/mcu/hal/chipwhisperer-fw-extra/stm32f4/stm32f4_hal_lowlevel.c **** }
 1288              		.loc 1 55 2 view .LVU465
 1289              	.LBE287:
 1290              	.LBE291:
 282:/home/reo/Documents/Repository/chipwhisperer/firmware/mcu/hal/chipwhisperer-fw-extra/stm32f4/stm32f4_hal_lowlevel.c ****     {
 1291              		.loc 1 282 15 is_stmt 0 view .LVU466
 1292 0190 2468     		ldr	r4, [r4]
 282:/home/reo/Documents/Repository/chipwhisperer/firmware/mcu/hal/chipwhisperer-fw-extra/stm32f4/stm32f4_hal_lowlevel.c ****     {
 1293              		.loc 1 282 10 view .LVU467
 1294 0192 E405     		lsls	r4, r4, #23
 1295              	.LBB292:
 1296              	.LBB288:
  55:/home/reo/Documents/Repository/chipwhisperer/firmware/mcu/hal/chipwhisperer-fw-extra/stm32f4/stm32f4_hal_lowlevel.c **** }
 1297              		.loc 1 55 13 view .LVU468
 1298 0194 01F10302 		add	r2, r1, #3
  55:/home/reo/Documents/Repository/chipwhisperer/firmware/mcu/hal/chipwhisperer-fw-extra/stm32f4/stm32f4_hal_lowlevel.c **** }
 1299              		.loc 1 55 16 is_stmt 1 view .LVU469
 1300              	.LBE288:
 1301              	.LBE292:
 282:/home/reo/Documents/Repository/chipwhisperer/firmware/mcu/hal/chipwhisperer-fw-extra/stm32f4/stm32f4_hal_lowlevel.c ****     {
 1302              		.loc 1 282 10 view .LVU470
 1303 0198 00F19680 		bmi	.L70
 284:/home/reo/Documents/Repository/chipwhisperer/firmware/mcu/hal/chipwhisperer-fw-extra/stm32f4/stm32f4_hal_lowlevel.c ****       {
 1304              		.loc 1 284 7 view .LVU471
 1305              	.LBB293:
  52:/home/reo/Documents/Repository/chipwhisperer/firmware/mcu/hal/chipwhisperer-fw-extra/stm32f4/stm32f4_hal_lowlevel.c **** {
 1306              		.loc 1 52 10 view .LVU472
 1307              	.LBB289:
  54:/home/reo/Documents/Repository/chipwhisperer/firmware/mcu/hal/chipwhisperer-fw-extra/stm32f4/stm32f4_hal_lowlevel.c **** 	return tick++;;
 1308              		.loc 1 54 2 view .LVU473
  55:/home/reo/Documents/Repository/chipwhisperer/firmware/mcu/hal/chipwhisperer-fw-extra/stm32f4/stm32f4_hal_lowlevel.c **** }
 1309              		.loc 1 55 2 view .LVU474
  55:/home/reo/Documents/Repository/chipwhisperer/firmware/mcu/hal/chipwhisperer-fw-extra/stm32f4/stm32f4_hal_lowlevel.c **** }
 1310              		.loc 1 55 16 view .LVU475
  55:/home/reo/Documents/Repository/chipwhisperer/firmware/mcu/hal/chipwhisperer-fw-extra/stm32f4/stm32f4_hal_lowlevel.c **** }
 1311              		.loc 1 55 13 is_stmt 0 view .LVU476
 1312 019c 0431     		adds	r1, r1, #4
 1313              	.LVL84:
  55:/home/reo/Documents/Repository/chipwhisperer/firmware/mcu/hal/chipwhisperer-fw-extra/stm32f4/stm32f4_hal_lowlevel.c **** }
 1314              		.loc 1 55 13 view .LVU477
 1315 019e 1960     		str	r1, [r3]
 1316              	.LBE289:
 1317              	.LBE293:
 286:/home/reo/Documents/Repository/chipwhisperer/firmware/mcu/hal/chipwhisperer-fw-extra/stm32f4/stm32f4_hal_lowlevel.c ****       }
 1318              		.loc 1 286 16 view .LVU478
 1319 01a0 0320     		movs	r0, #3
 1320              	.LVL85:
 1321              	.L42:
 399:/home/reo/Documents/Repository/chipwhisperer/firmware/mcu/hal/chipwhisperer-fw-extra/stm32f4/stm32f4_hal_lowlevel.c **** 
 1322              		.loc 1 399 1 view .LVU479
 1323 01a2 02B0     		add	sp, sp, #8
 1324              	.LCFI6:
 1325              		.cfi_remember_state
 1326              		.cfi_def_cfa_offset 16
 1327              		@ sp needed
 1328 01a4 F0BC     		pop	{r4, r5, r6, r7}
 1329              	.LCFI7:
 1330              		.cfi_restore 7
 1331              		.cfi_restore 6
 1332              		.cfi_restore 5
 1333              		.cfi_restore 4
 1334              		.cfi_def_cfa_offset 0
 1335 01a6 7047     		bx	lr
 1336              	.LVL86:
 1337              	.L168:
 1338              	.LCFI8:
 1339              		.cfi_restore_state
 291:/home/reo/Documents/Repository/chipwhisperer/firmware/mcu/hal/chipwhisperer-fw-extra/stm32f4/stm32f4_hal_lowlevel.c ****     /* Check the LSE State */
 1340              		.loc 1 291 5 is_stmt 1 discriminator 1 view .LVU480
 1341 01a8 2C4C     		ldr	r4, .L171
 1342 01aa 216F     		ldr	r1, [r4, #112]
 1343              	.LVL87:
 291:/home/reo/Documents/Repository/chipwhisperer/firmware/mcu/hal/chipwhisperer-fw-extra/stm32f4/stm32f4_hal_lowlevel.c ****     /* Check the LSE State */
 1344              		.loc 1 291 5 is_stmt 0 discriminator 1 view .LVU481
 1345 01ac 41F00101 		orr	r1, r1, #1
 1346 01b0 2167     		str	r1, [r4, #112]
 291:/home/reo/Documents/Repository/chipwhisperer/firmware/mcu/hal/chipwhisperer-fw-extra/stm32f4/stm32f4_hal_lowlevel.c ****     /* Check the LSE State */
 1347              		.loc 1 291 5 is_stmt 1 discriminator 1 view .LVU482
 293:/home/reo/Documents/Repository/chipwhisperer/firmware/mcu/hal/chipwhisperer-fw-extra/stm32f4/stm32f4_hal_lowlevel.c ****     {
 1348              		.loc 1 293 5 discriminator 1 view .LVU483
 1349              	.L72:
 296:/home/reo/Documents/Repository/chipwhisperer/firmware/mcu/hal/chipwhisperer-fw-extra/stm32f4/stm32f4_hal_lowlevel.c **** 
 1350              		.loc 1 296 7 view .LVU484
 1351              	.LBB294:
 1352              	.LBI294:
  52:/home/reo/Documents/Repository/chipwhisperer/firmware/mcu/hal/chipwhisperer-fw-extra/stm32f4/stm32f4_hal_lowlevel.c **** {
 1353              		.loc 1 52 10 view .LVU485
 1354              	.LBB295:
  54:/home/reo/Documents/Repository/chipwhisperer/firmware/mcu/hal/chipwhisperer-fw-extra/stm32f4/stm32f4_hal_lowlevel.c **** 	return tick++;;
 1355              		.loc 1 54 2 view .LVU486
  55:/home/reo/Documents/Repository/chipwhisperer/firmware/mcu/hal/chipwhisperer-fw-extra/stm32f4/stm32f4_hal_lowlevel.c **** }
 1356              		.loc 1 55 2 view .LVU487
  55:/home/reo/Documents/Repository/chipwhisperer/firmware/mcu/hal/chipwhisperer-fw-extra/stm32f4/stm32f4_hal_lowlevel.c **** }
 1357              		.loc 1 55 13 is_stmt 0 view .LVU488
 1358 01b2 511C     		adds	r1, r2, #1
 1359 01b4 02F59C52 		add	r2, r2, #4992
 1360              	.LBE295:
 1361              	.LBE294:
 299:/home/reo/Documents/Repository/chipwhisperer/firmware/mcu/hal/chipwhisperer-fw-extra/stm32f4/stm32f4_hal_lowlevel.c ****       {
 1362              		.loc 1 299 13 view .LVU489
 1363 01b8 284D     		ldr	r5, .L171
 1364              	.LBB297:
 1365              	.LBB296:
  55:/home/reo/Documents/Repository/chipwhisperer/firmware/mcu/hal/chipwhisperer-fw-extra/stm32f4/stm32f4_hal_lowlevel.c **** }
 1366              		.loc 1 55 13 view .LVU490
 1367 01ba 1960     		str	r1, [r3]
  55:/home/reo/Documents/Repository/chipwhisperer/firmware/mcu/hal/chipwhisperer-fw-extra/stm32f4/stm32f4_hal_lowlevel.c **** }
 1368              		.loc 1 55 16 is_stmt 1 view .LVU491
  55:/home/reo/Documents/Repository/chipwhisperer/firmware/mcu/hal/chipwhisperer-fw-extra/stm32f4/stm32f4_hal_lowlevel.c **** }
 1369              		.loc 1 55 16 is_stmt 0 view .LVU492
 1370              	.LBE296:
 1371              	.LBE297:
 299:/home/reo/Documents/Repository/chipwhisperer/firmware/mcu/hal/chipwhisperer-fw-extra/stm32f4/stm32f4_hal_lowlevel.c ****       {
 1372              		.loc 1 299 7 is_stmt 1 view .LVU493
 1373 01bc 0A32     		adds	r2, r2, #10
 299:/home/reo/Documents/Repository/chipwhisperer/firmware/mcu/hal/chipwhisperer-fw-extra/stm32f4/stm32f4_hal_lowlevel.c ****       {
 1374              		.loc 1 299 12 is_stmt 0 view .LVU494
 1375 01be 0026     		movs	r6, #0
 1376 01c0 04E0     		b	.L75
 1377              	.L76:
 1378              	.LBB298:
 1379              	.LBB299:
  55:/home/reo/Documents/Repository/chipwhisperer/firmware/mcu/hal/chipwhisperer-fw-extra/stm32f4/stm32f4_hal_lowlevel.c **** }
 1380              		.loc 1 55 13 view .LVU495
 1381 01c2 0131     		adds	r1, r1, #1
  55:/home/reo/Documents/Repository/chipwhisperer/firmware/mcu/hal/chipwhisperer-fw-extra/stm32f4/stm32f4_hal_lowlevel.c **** }
 1382              		.loc 1 55 16 is_stmt 1 view .LVU496
 1383              	.LBE299:
 1384              	.LBE298:
 301:/home/reo/Documents/Repository/chipwhisperer/firmware/mcu/hal/chipwhisperer-fw-extra/stm32f4/stm32f4_hal_lowlevel.c ****         {
 1385              		.loc 1 301 11 is_stmt 0 view .LVU497
 1386 01c4 8A42     		cmp	r2, r1
 1387 01c6 4FF00106 		mov	r6, #1
 1388 01ca A2D0     		beq	.L159
 1389              	.L75:
 301:/home/reo/Documents/Repository/chipwhisperer/firmware/mcu/hal/chipwhisperer-fw-extra/stm32f4/stm32f4_hal_lowlevel.c ****         {
 1390              		.loc 1 301 9 is_stmt 1 view .LVU498
 1391              	.LBB301:
 1392              	.LBI298:
  52:/home/reo/Documents/Repository/chipwhisperer/firmware/mcu/hal/chipwhisperer-fw-extra/stm32f4/stm32f4_hal_lowlevel.c **** {
 1393              		.loc 1 52 10 view .LVU499
 1394              	.LBB300:
  54:/home/reo/Documents/Repository/chipwhisperer/firmware/mcu/hal/chipwhisperer-fw-extra/stm32f4/stm32f4_hal_lowlevel.c **** 	return tick++;;
 1395              		.loc 1 54 2 view .LVU500
  55:/home/reo/Documents/Repository/chipwhisperer/firmware/mcu/hal/chipwhisperer-fw-extra/stm32f4/stm32f4_hal_lowlevel.c **** }
 1396              		.loc 1 55 2 view .LVU501
 1397              	.LBE300:
 1398              	.LBE301:
 299:/home/reo/Documents/Repository/chipwhisperer/firmware/mcu/hal/chipwhisperer-fw-extra/stm32f4/stm32f4_hal_lowlevel.c ****       {
 1399              		.loc 1 299 12 view .LVU502
 299:/home/reo/Documents/Repository/chipwhisperer/firmware/mcu/hal/chipwhisperer-fw-extra/stm32f4/stm32f4_hal_lowlevel.c ****       {
 1400              		.loc 1 299 13 is_stmt 0 view .LVU503
 1401 01cc 2C6F     		ldr	r4, [r5, #112]
 299:/home/reo/Documents/Repository/chipwhisperer/firmware/mcu/hal/chipwhisperer-fw-extra/stm32f4/stm32f4_hal_lowlevel.c ****       {
 1402              		.loc 1 299 12 view .LVU504
 1403 01ce A707     		lsls	r7, r4, #30
 1404 01d0 F7D5     		bpl	.L76
 1405 01d2 06B1     		cbz	r6, .L68
 1406              	.L157:
 299:/home/reo/Documents/Repository/chipwhisperer/firmware/mcu/hal/chipwhisperer-fw-extra/stm32f4/stm32f4_hal_lowlevel.c ****       {
 1407              		.loc 1 299 12 view .LVU505
 1408 01d4 1960     		str	r1, [r3]
 1409              	.L68:
 324:/home/reo/Documents/Repository/chipwhisperer/firmware/mcu/hal/chipwhisperer-fw-extra/stm32f4/stm32f4_hal_lowlevel.c ****   if ((RCC_OscInitStruct->PLL.PLLState) != RCC_PLL_NONE)
 1410              		.loc 1 324 3 is_stmt 1 view .LVU506
 325:/home/reo/Documents/Repository/chipwhisperer/firmware/mcu/hal/chipwhisperer-fw-extra/stm32f4/stm32f4_hal_lowlevel.c ****   {
 1411              		.loc 1 325 3 view .LVU507
 325:/home/reo/Documents/Repository/chipwhisperer/firmware/mcu/hal/chipwhisperer-fw-extra/stm32f4/stm32f4_hal_lowlevel.c ****   {
 1412              		.loc 1 325 30 is_stmt 0 view .LVU508
 1413 01d6 8369     		ldr	r3, [r0, #24]
 325:/home/reo/Documents/Repository/chipwhisperer/firmware/mcu/hal/chipwhisperer-fw-extra/stm32f4/stm32f4_hal_lowlevel.c ****   {
 1414              		.loc 1 325 6 view .LVU509
 1415 01d8 F3B1     		cbz	r3, .L80
 328:/home/reo/Documents/Repository/chipwhisperer/firmware/mcu/hal/chipwhisperer-fw-extra/stm32f4/stm32f4_hal_lowlevel.c ****     {
 1416              		.loc 1 328 5 is_stmt 1 view .LVU510
 328:/home/reo/Documents/Repository/chipwhisperer/firmware/mcu/hal/chipwhisperer-fw-extra/stm32f4/stm32f4_hal_lowlevel.c ****     {
 1417              		.loc 1 328 8 is_stmt 0 view .LVU511
 1418 01da 204D     		ldr	r5, .L171
 1419 01dc AA68     		ldr	r2, [r5, #8]
 1420 01de 02F00C02 		and	r2, r2, #12
 328:/home/reo/Documents/Repository/chipwhisperer/firmware/mcu/hal/chipwhisperer-fw-extra/stm32f4/stm32f4_hal_lowlevel.c ****     {
 1421              		.loc 1 328 7 view .LVU512
 1422 01e2 082A     		cmp	r2, #8
 1423 01e4 35D0     		beq	.L55
 330:/home/reo/Documents/Repository/chipwhisperer/firmware/mcu/hal/chipwhisperer-fw-extra/stm32f4/stm32f4_hal_lowlevel.c ****       {
 1424              		.loc 1 330 7 is_stmt 1 view .LVU513
 330:/home/reo/Documents/Repository/chipwhisperer/firmware/mcu/hal/chipwhisperer-fw-extra/stm32f4/stm32f4_hal_lowlevel.c ****       {
 1425              		.loc 1 330 9 is_stmt 0 view .LVU514
 1426 01e6 022B     		cmp	r3, #2
 340:/home/reo/Documents/Repository/chipwhisperer/firmware/mcu/hal/chipwhisperer-fw-extra/stm32f4/stm32f4_hal_lowlevel.c **** 
 1427              		.loc 1 340 9 view .LVU515
 1428 01e8 1F4A     		ldr	r2, .L171+12
 1429              	.LBB302:
 1430              	.LBB303:
  55:/home/reo/Documents/Repository/chipwhisperer/firmware/mcu/hal/chipwhisperer-fw-extra/stm32f4/stm32f4_hal_lowlevel.c **** }
 1431              		.loc 1 55 13 view .LVU516
 1432 01ea 1D4B     		ldr	r3, .L171+4
 1433              	.LBE303:
 1434              	.LBE302:
 330:/home/reo/Documents/Repository/chipwhisperer/firmware/mcu/hal/chipwhisperer-fw-extra/stm32f4/stm32f4_hal_lowlevel.c ****       {
 1435              		.loc 1 330 9 view .LVU517
 1436 01ec 00F0B680 		beq	.L166
 378:/home/reo/Documents/Repository/chipwhisperer/firmware/mcu/hal/chipwhisperer-fw-extra/stm32f4/stm32f4_hal_lowlevel.c **** 
 1437              		.loc 1 378 9 is_stmt 1 view .LVU518
 1438 01f0 0024     		movs	r4, #0
 1439 01f2 1466     		str	r4, [r2, #96]
 381:/home/reo/Documents/Repository/chipwhisperer/firmware/mcu/hal/chipwhisperer-fw-extra/stm32f4/stm32f4_hal_lowlevel.c **** 
 1440              		.loc 1 381 9 view .LVU519
 1441              	.LBB305:
 1442              	.LBI305:
  52:/home/reo/Documents/Repository/chipwhisperer/firmware/mcu/hal/chipwhisperer-fw-extra/stm32f4/stm32f4_hal_lowlevel.c **** {
 1443              		.loc 1 52 10 view .LVU520
 1444              	.LBB306:
  54:/home/reo/Documents/Repository/chipwhisperer/firmware/mcu/hal/chipwhisperer-fw-extra/stm32f4/stm32f4_hal_lowlevel.c **** 	return tick++;;
 1445              		.loc 1 54 2 view .LVU521
  55:/home/reo/Documents/Repository/chipwhisperer/firmware/mcu/hal/chipwhisperer-fw-extra/stm32f4/stm32f4_hal_lowlevel.c **** }
 1446              		.loc 1 55 2 view .LVU522
  55:/home/reo/Documents/Repository/chipwhisperer/firmware/mcu/hal/chipwhisperer-fw-extra/stm32f4/stm32f4_hal_lowlevel.c **** }
 1447              		.loc 1 55 13 is_stmt 0 view .LVU523
 1448 01f4 1868     		ldr	r0, [r3]
 1449              	.LVL88:
  55:/home/reo/Documents/Repository/chipwhisperer/firmware/mcu/hal/chipwhisperer-fw-extra/stm32f4/stm32f4_hal_lowlevel.c **** }
 1450              		.loc 1 55 13 view .LVU524
 1451 01f6 421C     		adds	r2, r0, #1
 1452 01f8 00F5F410 		add	r0, r0, #1998848
 1453 01fc 1A60     		str	r2, [r3]
  55:/home/reo/Documents/Repository/chipwhisperer/firmware/mcu/hal/chipwhisperer-fw-extra/stm32f4/stm32f4_hal_lowlevel.c **** }
 1454              		.loc 1 55 16 is_stmt 1 view .LVU525
 1455              	.LVL89:
  55:/home/reo/Documents/Repository/chipwhisperer/firmware/mcu/hal/chipwhisperer-fw-extra/stm32f4/stm32f4_hal_lowlevel.c **** }
 1456              		.loc 1 55 16 is_stmt 0 view .LVU526
 1457              	.LBE306:
 1458              	.LBE305:
 384:/home/reo/Documents/Repository/chipwhisperer/firmware/mcu/hal/chipwhisperer-fw-extra/stm32f4/stm32f4_hal_lowlevel.c ****         {
 1459              		.loc 1 384 9 is_stmt 1 view .LVU527
 1460 01fe 00F28240 		addw	r0, r0, #1154
 1461              	.LVL90:
 384:/home/reo/Documents/Repository/chipwhisperer/firmware/mcu/hal/chipwhisperer-fw-extra/stm32f4/stm32f4_hal_lowlevel.c ****         {
 1462              		.loc 1 384 14 is_stmt 0 view .LVU528
 1463 0202 04E0     		b	.L88
 1464              	.L89:
 1465              	.LBB307:
 1466              	.LBB308:
  55:/home/reo/Documents/Repository/chipwhisperer/firmware/mcu/hal/chipwhisperer-fw-extra/stm32f4/stm32f4_hal_lowlevel.c **** }
 1467              		.loc 1 55 13 view .LVU529
 1468 0204 0132     		adds	r2, r2, #1
  55:/home/reo/Documents/Repository/chipwhisperer/firmware/mcu/hal/chipwhisperer-fw-extra/stm32f4/stm32f4_hal_lowlevel.c **** }
 1469              		.loc 1 55 16 is_stmt 1 view .LVU530
 1470              	.LBE308:
 1471              	.LBE307:
 386:/home/reo/Documents/Repository/chipwhisperer/firmware/mcu/hal/chipwhisperer-fw-extra/stm32f4/stm32f4_hal_lowlevel.c ****           {
 1472              		.loc 1 386 13 is_stmt 0 view .LVU531
 1473 0206 8242     		cmp	r2, r0
 1474 0208 4FF00104 		mov	r4, #1
 1475 020c 81D0     		beq	.L159
 1476              	.L88:
 386:/home/reo/Documents/Repository/chipwhisperer/firmware/mcu/hal/chipwhisperer-fw-extra/stm32f4/stm32f4_hal_lowlevel.c ****           {
 1477              		.loc 1 386 11 is_stmt 1 view .LVU532
 1478              	.LBB310:
 1479              	.LBI307:
  52:/home/reo/Documents/Repository/chipwhisperer/firmware/mcu/hal/chipwhisperer-fw-extra/stm32f4/stm32f4_hal_lowlevel.c **** {
 1480              		.loc 1 52 10 view .LVU533
 1481              	.LBB309:
  54:/home/reo/Documents/Repository/chipwhisperer/firmware/mcu/hal/chipwhisperer-fw-extra/stm32f4/stm32f4_hal_lowlevel.c **** 	return tick++;;
 1482              		.loc 1 54 2 view .LVU534
  55:/home/reo/Documents/Repository/chipwhisperer/firmware/mcu/hal/chipwhisperer-fw-extra/stm32f4/stm32f4_hal_lowlevel.c **** }
 1483              		.loc 1 55 2 view .LVU535
 1484              	.LBE309:
 1485              	.LBE310:
 384:/home/reo/Documents/Repository/chipwhisperer/firmware/mcu/hal/chipwhisperer-fw-extra/stm32f4/stm32f4_hal_lowlevel.c ****         {
 1486              		.loc 1 384 14 view .LVU536
 384:/home/reo/Documents/Repository/chipwhisperer/firmware/mcu/hal/chipwhisperer-fw-extra/stm32f4/stm32f4_hal_lowlevel.c ****         {
 1487              		.loc 1 384 15 is_stmt 0 view .LVU537
 1488 020e 2968     		ldr	r1, [r5]
 384:/home/reo/Documents/Repository/chipwhisperer/firmware/mcu/hal/chipwhisperer-fw-extra/stm32f4/stm32f4_hal_lowlevel.c ****         {
 1489              		.loc 1 384 14 view .LVU538
 1490 0210 8901     		lsls	r1, r1, #6
 1491 0212 F7D4     		bmi	.L89
 1492 0214 04B1     		cbz	r4, .L80
 1493              	.LVL91:
 1494              	.L158:
 384:/home/reo/Documents/Repository/chipwhisperer/firmware/mcu/hal/chipwhisperer-fw-extra/stm32f4/stm32f4_hal_lowlevel.c ****         {
 1495              		.loc 1 384 14 view .LVU539
 1496 0216 1A60     		str	r2, [r3]
 1497              	.L80:
 398:/home/reo/Documents/Repository/chipwhisperer/firmware/mcu/hal/chipwhisperer-fw-extra/stm32f4/stm32f4_hal_lowlevel.c **** }
 1498              		.loc 1 398 10 view .LVU540
 1499 0218 0020     		movs	r0, #0
 399:/home/reo/Documents/Repository/chipwhisperer/firmware/mcu/hal/chipwhisperer-fw-extra/stm32f4/stm32f4_hal_lowlevel.c **** 
 1500              		.loc 1 399 1 view .LVU541
 1501 021a 02B0     		add	sp, sp, #8
 1502              	.LCFI9:
 1503              		.cfi_remember_state
 1504              		.cfi_def_cfa_offset 16
 1505              		@ sp needed
 1506 021c F0BC     		pop	{r4, r5, r6, r7}
 1507              	.LCFI10:
 1508              		.cfi_restore 7
 1509              		.cfi_restore 6
 1510              		.cfi_restore 5
 1511              		.cfi_restore 4
 1512              		.cfi_def_cfa_offset 0
 1513 021e 7047     		bx	lr
 1514              	.LVL92:
 1515              	.L161:
 1516              	.LCFI11:
 1517              		.cfi_restore_state
 117:/home/reo/Documents/Repository/chipwhisperer/firmware/mcu/hal/chipwhisperer-fw-extra/stm32f4/stm32f4_hal_lowlevel.c ****     {
 1518              		.loc 1 117 68 view .LVU542
 1519 0220 5368     		ldr	r3, [r2, #4]
 117:/home/reo/Documents/Repository/chipwhisperer/firmware/mcu/hal/chipwhisperer-fw-extra/stm32f4/stm32f4_hal_lowlevel.c ****     {
 1520              		.loc 1 117 60 view .LVU543
 1521 0222 5E02     		lsls	r6, r3, #9
 1522 0224 7FF5FEAE 		bpl	.L40
 1523              	.L39:
 119:/home/reo/Documents/Repository/chipwhisperer/firmware/mcu/hal/chipwhisperer-fw-extra/stm32f4/stm32f4_hal_lowlevel.c ****       {
 1524              		.loc 1 119 7 is_stmt 1 view .LVU544
 119:/home/reo/Documents/Repository/chipwhisperer/firmware/mcu/hal/chipwhisperer-fw-extra/stm32f4/stm32f4_hal_lowlevel.c ****       {
 1525              		.loc 1 119 11 is_stmt 0 view .LVU545
 1526 0228 0C4B     		ldr	r3, .L171
 1527 022a 1B68     		ldr	r3, [r3]
 119:/home/reo/Documents/Repository/chipwhisperer/firmware/mcu/hal/chipwhisperer-fw-extra/stm32f4/stm32f4_hal_lowlevel.c ****       {
 1528              		.loc 1 119 9 view .LVU546
 1529 022c 9D03     		lsls	r5, r3, #14
 1530 022e 7FF51FAF 		bpl	.L38
 119:/home/reo/Documents/Repository/chipwhisperer/firmware/mcu/hal/chipwhisperer-fw-extra/stm32f4/stm32f4_hal_lowlevel.c ****       {
 1531              		.loc 1 119 57 discriminator 1 view .LVU547
 1532 0232 4368     		ldr	r3, [r0, #4]
 1533 0234 002B     		cmp	r3, #0
 1534 0236 7FF41BAF 		bne	.L38
 1535 023a 0AE0     		b	.L55
 1536              	.LVL93:
 1537              	.L164:
 169:/home/reo/Documents/Repository/chipwhisperer/firmware/mcu/hal/chipwhisperer-fw-extra/stm32f4/stm32f4_hal_lowlevel.c ****     {
 1538              		.loc 1 169 68 view .LVU548
 1539 023c 5B68     		ldr	r3, [r3, #4]
 169:/home/reo/Documents/Repository/chipwhisperer/firmware/mcu/hal/chipwhisperer-fw-extra/stm32f4/stm32f4_hal_lowlevel.c ****     {
 1540              		.loc 1 169 60 view .LVU549
 1541 023e 5B02     		lsls	r3, r3, #9
 1542 0240 3FF524AF 		bmi	.L53
 1543              	.L52:
 172:/home/reo/Documents/Repository/chipwhisperer/firmware/mcu/hal/chipwhisperer-fw-extra/stm32f4/stm32f4_hal_lowlevel.c ****       {
 1544              		.loc 1 172 7 is_stmt 1 view .LVU550
 172:/home/reo/Documents/Repository/chipwhisperer/firmware/mcu/hal/chipwhisperer-fw-extra/stm32f4/stm32f4_hal_lowlevel.c ****       {
 1545              		.loc 1 172 11 is_stmt 0 view .LVU551
 1546 0244 054B     		ldr	r3, .L171
 1547 0246 1B68     		ldr	r3, [r3]
 172:/home/reo/Documents/Repository/chipwhisperer/firmware/mcu/hal/chipwhisperer-fw-extra/stm32f4/stm32f4_hal_lowlevel.c ****       {
 1548              		.loc 1 172 9 view .LVU552
 1549 0248 9F07     		lsls	r7, r3, #30
 1550 024a 11D5     		bpl	.L54
 172:/home/reo/Documents/Repository/chipwhisperer/firmware/mcu/hal/chipwhisperer-fw-extra/stm32f4/stm32f4_hal_lowlevel.c ****       {
 1551              		.loc 1 172 57 discriminator 1 view .LVU553
 1552 024c C368     		ldr	r3, [r0, #12]
 1553 024e 012B     		cmp	r3, #1
 1554 0250 0ED0     		beq	.L54
 1555              	.L55:
 121:/home/reo/Documents/Repository/chipwhisperer/firmware/mcu/hal/chipwhisperer-fw-extra/stm32f4/stm32f4_hal_lowlevel.c ****       }
 1556              		.loc 1 121 16 view .LVU554
 1557 0252 0120     		movs	r0, #1
 1558              	.LVL94:
 399:/home/reo/Documents/Repository/chipwhisperer/firmware/mcu/hal/chipwhisperer-fw-extra/stm32f4/stm32f4_hal_lowlevel.c **** 
 1559              		.loc 1 399 1 view .LVU555
 1560 0254 02B0     		add	sp, sp, #8
 1561              	.LCFI12:
 1562              		.cfi_remember_state
 1563              		.cfi_def_cfa_offset 16
 1564              		@ sp needed
 1565 0256 F0BC     		pop	{r4, r5, r6, r7}
 1566              	.LCFI13:
 1567              		.cfi_restore 7
 1568              		.cfi_restore 6
 1569              		.cfi_restore 5
 1570              		.cfi_restore 4
 1571              		.cfi_def_cfa_offset 0
 1572 0258 7047     		bx	lr
 1573              	.L172:
 1574 025a 00BF     		.align	2
 1575              	.L171:
 1576 025c 00380240 		.word	1073887232
 1577 0260 00000000 		.word	.LANCHOR0
 1578 0264 02E1F505 		.word	100000002
 1579 0268 00004742 		.word	1111949312
 1580 026c 00700040 		.word	1073770496
 1581              	.LVL95:
 1582              	.L54:
 1583              	.LCFI14:
 1584              		.cfi_restore_state
 180:/home/reo/Documents/Repository/chipwhisperer/firmware/mcu/hal/chipwhisperer-fw-extra/stm32f4/stm32f4_hal_lowlevel.c ****       }
 1585              		.loc 1 180 9 is_stmt 1 view .LVU556
 1586 0270 6B4D     		ldr	r5, .L173
 1587              	.LBB311:
 1588              	.LBB312:
 531:/home/reo/Documents/Repository/chipwhisperer/firmware/mcu/hal/chipwhisperer-fw-extra/stm32f4/CMSIS/core/cmsis_gcc.h **** #else
 1589              		.loc 2 531 4 is_stmt 0 view .LVU557
 1590 0272 F823     		movs	r3, #248
 1591              	.LBE312:
 1592              	.LBE311:
 180:/home/reo/Documents/Repository/chipwhisperer/firmware/mcu/hal/chipwhisperer-fw-extra/stm32f4/stm32f4_hal_lowlevel.c ****       }
 1593              		.loc 1 180 9 view .LVU558
 1594 0274 2C68     		ldr	r4, [r5]
 1595              	.LVL96:
 1596              	.LBB314:
 1597              	.LBI311:
 526:/home/reo/Documents/Repository/chipwhisperer/firmware/mcu/hal/chipwhisperer-fw-extra/stm32f4/CMSIS/core/cmsis_gcc.h **** {
 1598              		.loc 2 526 57 is_stmt 1 view .LVU559
 1599              	.LBB313:
 528:/home/reo/Documents/Repository/chipwhisperer/firmware/mcu/hal/chipwhisperer-fw-extra/stm32f4/CMSIS/core/cmsis_gcc.h **** 
 1600              		.loc 2 528 3 view .LVU560
 531:/home/reo/Documents/Repository/chipwhisperer/firmware/mcu/hal/chipwhisperer-fw-extra/stm32f4/CMSIS/core/cmsis_gcc.h **** #else
 1601              		.loc 2 531 4 view .LVU561
 1602              		.syntax unified
 1603              	@ 531 "/home/reo/Documents/Repository/chipwhisperer/firmware/mcu/hal/chipwhisperer-fw-extra/stm32f4
 1604 0276 93FAA3F3 		rbit r3, r3
 1605              	@ 0 "" 2
 1606              	.LVL97:
 1607              		.loc 2 544 3 view .LVU562
 1608              		.loc 2 544 3 is_stmt 0 view .LVU563
 1609              		.thumb
 1610              		.syntax unified
 1611              	.LBE313:
 1612              	.LBE314:
 180:/home/reo/Documents/Repository/chipwhisperer/firmware/mcu/hal/chipwhisperer-fw-extra/stm32f4/stm32f4_hal_lowlevel.c ****       }
 1613              		.loc 1 180 9 view .LVU564
 1614 027a B3FA83F2 		clz	r2, r3
 1615 027e 0369     		ldr	r3, [r0, #16]
 1616 0280 24F0F804 		bic	r4, r4, #248
 1617 0284 9340     		lsls	r3, r3, r2
 1618 0286 2343     		orrs	r3, r3, r4
 226:/home/reo/Documents/Repository/chipwhisperer/firmware/mcu/hal/chipwhisperer-fw-extra/stm32f4/stm32f4_hal_lowlevel.c ****   {
 1619              		.loc 1 226 5 view .LVU565
 1620 0288 0F07     		lsls	r7, r1, #28
 180:/home/reo/Documents/Repository/chipwhisperer/firmware/mcu/hal/chipwhisperer-fw-extra/stm32f4/stm32f4_hal_lowlevel.c ****       }
 1621              		.loc 1 180 9 view .LVU566
 1622 028a 2B60     		str	r3, [r5]
 226:/home/reo/Documents/Repository/chipwhisperer/firmware/mcu/hal/chipwhisperer-fw-extra/stm32f4/stm32f4_hal_lowlevel.c ****   {
 1623              		.loc 1 226 3 is_stmt 1 view .LVU567
 226:/home/reo/Documents/Repository/chipwhisperer/firmware/mcu/hal/chipwhisperer-fw-extra/stm32f4/stm32f4_hal_lowlevel.c ****   {
 1624              		.loc 1 226 5 is_stmt 0 view .LVU568
 1625 028c 7FF55FAF 		bpl	.L61
 1626 0290 26E7     		b	.L167
 1627              	.LVL98:
 1628              	.L162:
 127:/home/reo/Documents/Repository/chipwhisperer/firmware/mcu/hal/chipwhisperer-fw-extra/stm32f4/stm32f4_hal_lowlevel.c **** 
 1629              		.loc 1 127 7 is_stmt 1 discriminator 1 view .LVU569
 1630 0292 634A     		ldr	r2, .L173
 1631 0294 1368     		ldr	r3, [r2]
 1632 0296 43F48033 		orr	r3, r3, #65536
 1633 029a 1360     		str	r3, [r2]
 127:/home/reo/Documents/Repository/chipwhisperer/firmware/mcu/hal/chipwhisperer-fw-extra/stm32f4/stm32f4_hal_lowlevel.c **** 
 1634              		.loc 1 127 7 discriminator 1 view .LVU570
 130:/home/reo/Documents/Repository/chipwhisperer/firmware/mcu/hal/chipwhisperer-fw-extra/stm32f4/stm32f4_hal_lowlevel.c ****       {
 1635              		.loc 1 130 7 discriminator 1 view .LVU571
 1636              	.L44:
 133:/home/reo/Documents/Repository/chipwhisperer/firmware/mcu/hal/chipwhisperer-fw-extra/stm32f4/stm32f4_hal_lowlevel.c **** 
 1637              		.loc 1 133 9 view .LVU572
 1638              	.LBB315:
 1639              	.LBI315:
  52:/home/reo/Documents/Repository/chipwhisperer/firmware/mcu/hal/chipwhisperer-fw-extra/stm32f4/stm32f4_hal_lowlevel.c **** {
 1640              		.loc 1 52 10 view .LVU573
 1641              	.LBB316:
  54:/home/reo/Documents/Repository/chipwhisperer/firmware/mcu/hal/chipwhisperer-fw-extra/stm32f4/stm32f4_hal_lowlevel.c **** 	return tick++;;
 1642              		.loc 1 54 2 view .LVU574
  55:/home/reo/Documents/Repository/chipwhisperer/firmware/mcu/hal/chipwhisperer-fw-extra/stm32f4/stm32f4_hal_lowlevel.c **** }
 1643              		.loc 1 55 2 view .LVU575
  55:/home/reo/Documents/Repository/chipwhisperer/firmware/mcu/hal/chipwhisperer-fw-extra/stm32f4/stm32f4_hal_lowlevel.c **** }
 1644              		.loc 1 55 13 is_stmt 0 view .LVU576
 1645 029c 614B     		ldr	r3, .L173+4
 1646 029e 624D     		ldr	r5, .L173+8
 1647 02a0 1C68     		ldr	r4, [r3]
 1648              	.LBE316:
 1649              	.LBE315:
 136:/home/reo/Documents/Repository/chipwhisperer/firmware/mcu/hal/chipwhisperer-fw-extra/stm32f4/stm32f4_hal_lowlevel.c ****         {
 1650              		.loc 1 136 15 view .LVU577
 1651 02a2 5F4F     		ldr	r7, .L173
 1652              	.LBB318:
 1653              	.LBB317:
  55:/home/reo/Documents/Repository/chipwhisperer/firmware/mcu/hal/chipwhisperer-fw-extra/stm32f4/stm32f4_hal_lowlevel.c **** }
 1654              		.loc 1 55 13 view .LVU578
 1655 02a4 621C     		adds	r2, r4, #1
 1656 02a6 1A60     		str	r2, [r3]
  55:/home/reo/Documents/Repository/chipwhisperer/firmware/mcu/hal/chipwhisperer-fw-extra/stm32f4/stm32f4_hal_lowlevel.c **** }
 1657              		.loc 1 55 16 is_stmt 1 view .LVU579
 1658              	.LVL99:
  55:/home/reo/Documents/Repository/chipwhisperer/firmware/mcu/hal/chipwhisperer-fw-extra/stm32f4/stm32f4_hal_lowlevel.c **** }
 1659              		.loc 1 55 16 is_stmt 0 view .LVU580
 1660              	.LBE317:
 1661              	.LBE318:
 136:/home/reo/Documents/Repository/chipwhisperer/firmware/mcu/hal/chipwhisperer-fw-extra/stm32f4/stm32f4_hal_lowlevel.c ****         {
 1662              		.loc 1 136 9 is_stmt 1 view .LVU581
 1663 02a8 2544     		add	r5, r5, r4
 136:/home/reo/Documents/Repository/chipwhisperer/firmware/mcu/hal/chipwhisperer-fw-extra/stm32f4/stm32f4_hal_lowlevel.c ****         {
 1664              		.loc 1 136 14 is_stmt 0 view .LVU582
 1665 02aa 0026     		movs	r6, #0
 1666 02ac 05E0     		b	.L47
 1667              	.LVL100:
 1668              	.L48:
 1669              	.LBB319:
 1670              	.LBB320:
  55:/home/reo/Documents/Repository/chipwhisperer/firmware/mcu/hal/chipwhisperer-fw-extra/stm32f4/stm32f4_hal_lowlevel.c **** }
 1671              		.loc 1 55 13 view .LVU583
 1672 02ae 0132     		adds	r2, r2, #1
  55:/home/reo/Documents/Repository/chipwhisperer/firmware/mcu/hal/chipwhisperer-fw-extra/stm32f4/stm32f4_hal_lowlevel.c **** }
 1673              		.loc 1 55 16 is_stmt 1 view .LVU584
 1674              	.LBE320:
 1675              	.LBE319:
 138:/home/reo/Documents/Repository/chipwhisperer/firmware/mcu/hal/chipwhisperer-fw-extra/stm32f4/stm32f4_hal_lowlevel.c ****           {
 1676              		.loc 1 138 13 is_stmt 0 view .LVU585
 1677 02b0 AA42     		cmp	r2, r5
 1678 02b2 4FF00106 		mov	r6, #1
 1679 02b6 3FF42CAF 		beq	.L159
 1680              	.L47:
 138:/home/reo/Documents/Repository/chipwhisperer/firmware/mcu/hal/chipwhisperer-fw-extra/stm32f4/stm32f4_hal_lowlevel.c ****           {
 1681              		.loc 1 138 11 is_stmt 1 view .LVU586
 1682              	.LBB322:
 1683              	.LBI319:
  52:/home/reo/Documents/Repository/chipwhisperer/firmware/mcu/hal/chipwhisperer-fw-extra/stm32f4/stm32f4_hal_lowlevel.c **** {
 1684              		.loc 1 52 10 view .LVU587
 1685              	.LBB321:
  54:/home/reo/Documents/Repository/chipwhisperer/firmware/mcu/hal/chipwhisperer-fw-extra/stm32f4/stm32f4_hal_lowlevel.c **** 	return tick++;;
 1686              		.loc 1 54 2 view .LVU588
  55:/home/reo/Documents/Repository/chipwhisperer/firmware/mcu/hal/chipwhisperer-fw-extra/stm32f4/stm32f4_hal_lowlevel.c **** }
 1687              		.loc 1 55 2 view .LVU589
 1688              	.LBE321:
 1689              	.LBE322:
 136:/home/reo/Documents/Repository/chipwhisperer/firmware/mcu/hal/chipwhisperer-fw-extra/stm32f4/stm32f4_hal_lowlevel.c ****         {
 1690              		.loc 1 136 14 view .LVU590
 136:/home/reo/Documents/Repository/chipwhisperer/firmware/mcu/hal/chipwhisperer-fw-extra/stm32f4/stm32f4_hal_lowlevel.c ****         {
 1691              		.loc 1 136 15 is_stmt 0 view .LVU591
 1692 02ba 3C68     		ldr	r4, [r7]
 136:/home/reo/Documents/Repository/chipwhisperer/firmware/mcu/hal/chipwhisperer-fw-extra/stm32f4/stm32f4_hal_lowlevel.c ****         {
 1693              		.loc 1 136 14 view .LVU592
 1694 02bc A403     		lsls	r4, r4, #14
 1695 02be F6D5     		bpl	.L48
 1696 02c0 002E     		cmp	r6, #0
 1697 02c2 7FF4D4AE 		bne	.L156
 1698 02c6 D3E6     		b	.L38
 1699              	.LVL101:
 1700              	.L70:
 136:/home/reo/Documents/Repository/chipwhisperer/firmware/mcu/hal/chipwhisperer-fw-extra/stm32f4/stm32f4_hal_lowlevel.c ****         {
 1701              		.loc 1 136 14 view .LVU593
 1702 02c8 1A60     		str	r2, [r3]
 1703              	.L69:
 291:/home/reo/Documents/Repository/chipwhisperer/firmware/mcu/hal/chipwhisperer-fw-extra/stm32f4/stm32f4_hal_lowlevel.c ****     /* Check the LSE State */
 1704              		.loc 1 291 5 is_stmt 1 view .LVU594
 291:/home/reo/Documents/Repository/chipwhisperer/firmware/mcu/hal/chipwhisperer-fw-extra/stm32f4/stm32f4_hal_lowlevel.c ****     /* Check the LSE State */
 1705              		.loc 1 291 5 view .LVU595
 1706 02ca 8568     		ldr	r5, [r0, #8]
 1707 02cc 012D     		cmp	r5, #1
 1708 02ce 3FF46BAF 		beq	.L168
 291:/home/reo/Documents/Repository/chipwhisperer/firmware/mcu/hal/chipwhisperer-fw-extra/stm32f4/stm32f4_hal_lowlevel.c ****     /* Check the LSE State */
 1709              		.loc 1 291 5 discriminator 2 view .LVU596
 1710 02d2 052D     		cmp	r5, #5
 1711 02d4 00F09780 		beq	.L169
 291:/home/reo/Documents/Repository/chipwhisperer/firmware/mcu/hal/chipwhisperer-fw-extra/stm32f4/stm32f4_hal_lowlevel.c ****     /* Check the LSE State */
 1712              		.loc 1 291 5 discriminator 5 view .LVU597
 1713 02d8 514E     		ldr	r6, .L173
 1714 02da 316F     		ldr	r1, [r6, #112]
 1715              	.LVL102:
 291:/home/reo/Documents/Repository/chipwhisperer/firmware/mcu/hal/chipwhisperer-fw-extra/stm32f4/stm32f4_hal_lowlevel.c ****     /* Check the LSE State */
 1716              		.loc 1 291 5 is_stmt 0 discriminator 5 view .LVU598
 1717 02dc 21F00101 		bic	r1, r1, #1
 1718 02e0 3167     		str	r1, [r6, #112]
 291:/home/reo/Documents/Repository/chipwhisperer/firmware/mcu/hal/chipwhisperer-fw-extra/stm32f4/stm32f4_hal_lowlevel.c ****     /* Check the LSE State */
 1719              		.loc 1 291 5 is_stmt 1 discriminator 5 view .LVU599
 1720 02e2 316F     		ldr	r1, [r6, #112]
 1721 02e4 21F00401 		bic	r1, r1, #4
 1722 02e8 3167     		str	r1, [r6, #112]
 291:/home/reo/Documents/Repository/chipwhisperer/firmware/mcu/hal/chipwhisperer-fw-extra/stm32f4/stm32f4_hal_lowlevel.c ****     /* Check the LSE State */
 1723              		.loc 1 291 5 discriminator 5 view .LVU600
 293:/home/reo/Documents/Repository/chipwhisperer/firmware/mcu/hal/chipwhisperer-fw-extra/stm32f4/stm32f4_hal_lowlevel.c ****     {
 1724              		.loc 1 293 5 discriminator 5 view .LVU601
 293:/home/reo/Documents/Repository/chipwhisperer/firmware/mcu/hal/chipwhisperer-fw-extra/stm32f4/stm32f4_hal_lowlevel.c ****     {
 1725              		.loc 1 293 7 is_stmt 0 discriminator 5 view .LVU602
 1726 02ea 002D     		cmp	r5, #0
 1727 02ec 7FF461AF 		bne	.L72
 310:/home/reo/Documents/Repository/chipwhisperer/firmware/mcu/hal/chipwhisperer-fw-extra/stm32f4/stm32f4_hal_lowlevel.c **** 
 1728              		.loc 1 310 7 is_stmt 1 view .LVU603
 1729              	.LBB323:
 1730              	.LBI323:
  52:/home/reo/Documents/Repository/chipwhisperer/firmware/mcu/hal/chipwhisperer-fw-extra/stm32f4/stm32f4_hal_lowlevel.c **** {
 1731              		.loc 1 52 10 view .LVU604
 1732              	.LBB324:
  54:/home/reo/Documents/Repository/chipwhisperer/firmware/mcu/hal/chipwhisperer-fw-extra/stm32f4/stm32f4_hal_lowlevel.c **** 	return tick++;;
 1733              		.loc 1 54 2 view .LVU605
  55:/home/reo/Documents/Repository/chipwhisperer/firmware/mcu/hal/chipwhisperer-fw-extra/stm32f4/stm32f4_hal_lowlevel.c **** }
 1734              		.loc 1 55 2 view .LVU606
  55:/home/reo/Documents/Repository/chipwhisperer/firmware/mcu/hal/chipwhisperer-fw-extra/stm32f4/stm32f4_hal_lowlevel.c **** }
 1735              		.loc 1 55 13 is_stmt 0 view .LVU607
 1736 02f0 511C     		adds	r1, r2, #1
 1737 02f2 02F59C52 		add	r2, r2, #4992
 1738 02f6 1960     		str	r1, [r3]
  55:/home/reo/Documents/Repository/chipwhisperer/firmware/mcu/hal/chipwhisperer-fw-extra/stm32f4/stm32f4_hal_lowlevel.c **** }
 1739              		.loc 1 55 16 is_stmt 1 view .LVU608
  55:/home/reo/Documents/Repository/chipwhisperer/firmware/mcu/hal/chipwhisperer-fw-extra/stm32f4/stm32f4_hal_lowlevel.c **** }
 1740              		.loc 1 55 16 is_stmt 0 view .LVU609
 1741              	.LBE324:
 1742              	.LBE323:
 313:/home/reo/Documents/Repository/chipwhisperer/firmware/mcu/hal/chipwhisperer-fw-extra/stm32f4/stm32f4_hal_lowlevel.c ****       {
 1743              		.loc 1 313 7 is_stmt 1 view .LVU610
 1744 02f8 0A32     		adds	r2, r2, #10
 313:/home/reo/Documents/Repository/chipwhisperer/firmware/mcu/hal/chipwhisperer-fw-extra/stm32f4/stm32f4_hal_lowlevel.c ****       {
 1745              		.loc 1 313 12 is_stmt 0 view .LVU611
 1746 02fa 04E0     		b	.L78
 1747              	.L79:
 1748              	.LBB325:
 1749              	.LBB326:
  55:/home/reo/Documents/Repository/chipwhisperer/firmware/mcu/hal/chipwhisperer-fw-extra/stm32f4/stm32f4_hal_lowlevel.c **** }
 1750              		.loc 1 55 13 view .LVU612
 1751 02fc 0131     		adds	r1, r1, #1
  55:/home/reo/Documents/Repository/chipwhisperer/firmware/mcu/hal/chipwhisperer-fw-extra/stm32f4/stm32f4_hal_lowlevel.c **** }
 1752              		.loc 1 55 16 is_stmt 1 view .LVU613
 1753              	.LBE326:
 1754              	.LBE325:
 315:/home/reo/Documents/Repository/chipwhisperer/firmware/mcu/hal/chipwhisperer-fw-extra/stm32f4/stm32f4_hal_lowlevel.c ****         {
 1755              		.loc 1 315 11 is_stmt 0 view .LVU614
 1756 02fe 9142     		cmp	r1, r2
 1757 0300 4FF00105 		mov	r5, #1
 1758 0304 7CD0     		beq	.L170
 1759              	.L78:
 315:/home/reo/Documents/Repository/chipwhisperer/firmware/mcu/hal/chipwhisperer-fw-extra/stm32f4/stm32f4_hal_lowlevel.c ****         {
 1760              		.loc 1 315 9 is_stmt 1 view .LVU615
 1761              	.LBB328:
 1762              	.LBI325:
  52:/home/reo/Documents/Repository/chipwhisperer/firmware/mcu/hal/chipwhisperer-fw-extra/stm32f4/stm32f4_hal_lowlevel.c **** {
 1763              		.loc 1 52 10 view .LVU616
 1764              	.LBB327:
  54:/home/reo/Documents/Repository/chipwhisperer/firmware/mcu/hal/chipwhisperer-fw-extra/stm32f4/stm32f4_hal_lowlevel.c **** 	return tick++;;
 1765              		.loc 1 54 2 view .LVU617
  55:/home/reo/Documents/Repository/chipwhisperer/firmware/mcu/hal/chipwhisperer-fw-extra/stm32f4/stm32f4_hal_lowlevel.c **** }
 1766              		.loc 1 55 2 view .LVU618
 1767              	.LBE327:
 1768              	.LBE328:
 313:/home/reo/Documents/Repository/chipwhisperer/firmware/mcu/hal/chipwhisperer-fw-extra/stm32f4/stm32f4_hal_lowlevel.c ****       {
 1769              		.loc 1 313 12 view .LVU619
 313:/home/reo/Documents/Repository/chipwhisperer/firmware/mcu/hal/chipwhisperer-fw-extra/stm32f4/stm32f4_hal_lowlevel.c ****       {
 1770              		.loc 1 313 13 is_stmt 0 view .LVU620
 1771 0306 346F     		ldr	r4, [r6, #112]
 313:/home/reo/Documents/Repository/chipwhisperer/firmware/mcu/hal/chipwhisperer-fw-extra/stm32f4/stm32f4_hal_lowlevel.c ****       {
 1772              		.loc 1 313 12 view .LVU621
 1773 0308 A407     		lsls	r4, r4, #30
 1774 030a F7D4     		bmi	.L79
 1775 030c 002D     		cmp	r5, #0
 1776 030e 7FF461AF 		bne	.L157
 1777 0312 60E7     		b	.L68
 1778              	.L56:
 209:/home/reo/Documents/Repository/chipwhisperer/firmware/mcu/hal/chipwhisperer-fw-extra/stm32f4/stm32f4_hal_lowlevel.c **** 
 1779              		.loc 1 209 9 is_stmt 1 view .LVU622
 1780 0314 4549     		ldr	r1, .L173+12
 1781              	.LBB329:
 1782              	.LBB330:
  55:/home/reo/Documents/Repository/chipwhisperer/firmware/mcu/hal/chipwhisperer-fw-extra/stm32f4/stm32f4_hal_lowlevel.c **** }
 1783              		.loc 1 55 13 is_stmt 0 view .LVU623
 1784 0316 434B     		ldr	r3, .L173+4
 1785              	.LBE330:
 1786              	.LBE329:
 209:/home/reo/Documents/Repository/chipwhisperer/firmware/mcu/hal/chipwhisperer-fw-extra/stm32f4/stm32f4_hal_lowlevel.c **** 
 1787              		.loc 1 209 9 view .LVU624
 1788 0318 0A60     		str	r2, [r1]
 212:/home/reo/Documents/Repository/chipwhisperer/firmware/mcu/hal/chipwhisperer-fw-extra/stm32f4/stm32f4_hal_lowlevel.c **** 
 1789              		.loc 1 212 9 is_stmt 1 view .LVU625
 1790              	.LBB333:
 1791              	.LBI329:
  52:/home/reo/Documents/Repository/chipwhisperer/firmware/mcu/hal/chipwhisperer-fw-extra/stm32f4/stm32f4_hal_lowlevel.c **** {
 1792              		.loc 1 52 10 view .LVU626
 1793              	.LBB331:
  54:/home/reo/Documents/Repository/chipwhisperer/firmware/mcu/hal/chipwhisperer-fw-extra/stm32f4/stm32f4_hal_lowlevel.c **** 	return tick++;;
 1794              		.loc 1 54 2 view .LVU627
  55:/home/reo/Documents/Repository/chipwhisperer/firmware/mcu/hal/chipwhisperer-fw-extra/stm32f4/stm32f4_hal_lowlevel.c **** }
 1795              		.loc 1 55 2 view .LVU628
  55:/home/reo/Documents/Repository/chipwhisperer/firmware/mcu/hal/chipwhisperer-fw-extra/stm32f4/stm32f4_hal_lowlevel.c **** }
 1796              		.loc 1 55 13 is_stmt 0 view .LVU629
 1797 031a 1A68     		ldr	r2, [r3]
 1798              	.LBE331:
 1799              	.LBE333:
 215:/home/reo/Documents/Repository/chipwhisperer/firmware/mcu/hal/chipwhisperer-fw-extra/stm32f4/stm32f4_hal_lowlevel.c ****         {
 1800              		.loc 1 215 15 view .LVU630
 1801 031c 4049     		ldr	r1, .L173
 1802              	.LBB334:
 1803              	.LBB332:
  55:/home/reo/Documents/Repository/chipwhisperer/firmware/mcu/hal/chipwhisperer-fw-extra/stm32f4/stm32f4_hal_lowlevel.c **** }
 1804              		.loc 1 55 13 view .LVU631
 1805 031e 541C     		adds	r4, r2, #1
 1806 0320 1C60     		str	r4, [r3]
  55:/home/reo/Documents/Repository/chipwhisperer/firmware/mcu/hal/chipwhisperer-fw-extra/stm32f4/stm32f4_hal_lowlevel.c **** }
 1807              		.loc 1 55 16 is_stmt 1 view .LVU632
 1808              	.LVL103:
  55:/home/reo/Documents/Repository/chipwhisperer/firmware/mcu/hal/chipwhisperer-fw-extra/stm32f4/stm32f4_hal_lowlevel.c **** }
 1809              		.loc 1 55 16 is_stmt 0 view .LVU633
 1810              	.LBE332:
 1811              	.LBE334:
 215:/home/reo/Documents/Repository/chipwhisperer/firmware/mcu/hal/chipwhisperer-fw-extra/stm32f4/stm32f4_hal_lowlevel.c ****         {
 1812              		.loc 1 215 9 is_stmt 1 view .LVU634
 215:/home/reo/Documents/Repository/chipwhisperer/firmware/mcu/hal/chipwhisperer-fw-extra/stm32f4/stm32f4_hal_lowlevel.c ****         {
 1813              		.loc 1 215 14 view .LVU635
 215:/home/reo/Documents/Repository/chipwhisperer/firmware/mcu/hal/chipwhisperer-fw-extra/stm32f4/stm32f4_hal_lowlevel.c ****         {
 1814              		.loc 1 215 15 is_stmt 0 view .LVU636
 1815 0322 0C68     		ldr	r4, [r1]
 215:/home/reo/Documents/Repository/chipwhisperer/firmware/mcu/hal/chipwhisperer-fw-extra/stm32f4/stm32f4_hal_lowlevel.c ****         {
 1816              		.loc 1 215 14 view .LVU637
 1817 0324 A607     		lsls	r6, r4, #30
 1818 0326 78D5     		bpl	.L59
 217:/home/reo/Documents/Repository/chipwhisperer/firmware/mcu/hal/chipwhisperer-fw-extra/stm32f4/stm32f4_hal_lowlevel.c ****           {
 1819              		.loc 1 217 11 is_stmt 1 view .LVU638
 1820              	.LBB335:
 1821              	.LBI335:
  52:/home/reo/Documents/Repository/chipwhisperer/firmware/mcu/hal/chipwhisperer-fw-extra/stm32f4/stm32f4_hal_lowlevel.c **** {
 1822              		.loc 1 52 10 view .LVU639
 1823              	.LBB336:
  54:/home/reo/Documents/Repository/chipwhisperer/firmware/mcu/hal/chipwhisperer-fw-extra/stm32f4/stm32f4_hal_lowlevel.c **** 	return tick++;;
 1824              		.loc 1 54 2 view .LVU640
  55:/home/reo/Documents/Repository/chipwhisperer/firmware/mcu/hal/chipwhisperer-fw-extra/stm32f4/stm32f4_hal_lowlevel.c **** }
 1825              		.loc 1 55 2 view .LVU641
 1826              	.LBE336:
 1827              	.LBE335:
 215:/home/reo/Documents/Repository/chipwhisperer/firmware/mcu/hal/chipwhisperer-fw-extra/stm32f4/stm32f4_hal_lowlevel.c ****         {
 1828              		.loc 1 215 15 is_stmt 0 view .LVU642
 1829 0328 0D68     		ldr	r5, [r1]
 215:/home/reo/Documents/Repository/chipwhisperer/firmware/mcu/hal/chipwhisperer-fw-extra/stm32f4/stm32f4_hal_lowlevel.c ****         {
 1830              		.loc 1 215 14 view .LVU643
 1831 032a AD07     		lsls	r5, r5, #30
 1832              	.LBB340:
 1833              	.LBB337:
  55:/home/reo/Documents/Repository/chipwhisperer/firmware/mcu/hal/chipwhisperer-fw-extra/stm32f4/stm32f4_hal_lowlevel.c **** }
 1834              		.loc 1 55 13 view .LVU644
 1835 032c 02F10204 		add	r4, r2, #2
  55:/home/reo/Documents/Repository/chipwhisperer/firmware/mcu/hal/chipwhisperer-fw-extra/stm32f4/stm32f4_hal_lowlevel.c **** }
 1836              		.loc 1 55 16 is_stmt 1 view .LVU645
 1837              	.LBE337:
 1838              	.LBE340:
 215:/home/reo/Documents/Repository/chipwhisperer/firmware/mcu/hal/chipwhisperer-fw-extra/stm32f4/stm32f4_hal_lowlevel.c ****         {
 1839              		.loc 1 215 14 view .LVU646
 1840 0330 05D5     		bpl	.L60
 217:/home/reo/Documents/Repository/chipwhisperer/firmware/mcu/hal/chipwhisperer-fw-extra/stm32f4/stm32f4_hal_lowlevel.c ****           {
 1841              		.loc 1 217 11 view .LVU647
 1842              	.LBB341:
  52:/home/reo/Documents/Repository/chipwhisperer/firmware/mcu/hal/chipwhisperer-fw-extra/stm32f4/stm32f4_hal_lowlevel.c **** {
 1843              		.loc 1 52 10 view .LVU648
 1844              	.LBB338:
  54:/home/reo/Documents/Repository/chipwhisperer/firmware/mcu/hal/chipwhisperer-fw-extra/stm32f4/stm32f4_hal_lowlevel.c **** 	return tick++;;
 1845              		.loc 1 54 2 view .LVU649
  55:/home/reo/Documents/Repository/chipwhisperer/firmware/mcu/hal/chipwhisperer-fw-extra/stm32f4/stm32f4_hal_lowlevel.c **** }
 1846              		.loc 1 55 2 view .LVU650
 1847              	.LBE338:
 1848              	.LBE341:
 215:/home/reo/Documents/Repository/chipwhisperer/firmware/mcu/hal/chipwhisperer-fw-extra/stm32f4/stm32f4_hal_lowlevel.c ****         {
 1849              		.loc 1 215 15 is_stmt 0 view .LVU651
 1850 0332 0968     		ldr	r1, [r1]
 215:/home/reo/Documents/Repository/chipwhisperer/firmware/mcu/hal/chipwhisperer-fw-extra/stm32f4/stm32f4_hal_lowlevel.c ****         {
 1851              		.loc 1 215 14 view .LVU652
 1852 0334 8907     		lsls	r1, r1, #30
 1853              	.LBB342:
 1854              	.LBB339:
  55:/home/reo/Documents/Repository/chipwhisperer/firmware/mcu/hal/chipwhisperer-fw-extra/stm32f4/stm32f4_hal_lowlevel.c **** }
 1855              		.loc 1 55 13 view .LVU653
 1856 0336 02F10304 		add	r4, r2, #3
  55:/home/reo/Documents/Repository/chipwhisperer/firmware/mcu/hal/chipwhisperer-fw-extra/stm32f4/stm32f4_hal_lowlevel.c **** }
 1857              		.loc 1 55 16 is_stmt 1 view .LVU654
 1858              	.LBE339:
 1859              	.LBE342:
 215:/home/reo/Documents/Repository/chipwhisperer/firmware/mcu/hal/chipwhisperer-fw-extra/stm32f4/stm32f4_hal_lowlevel.c ****         {
 1860              		.loc 1 215 14 view .LVU655
 1861 033a 3FF5E9AE 		bmi	.L160
 1862              	.L60:
 226:/home/reo/Documents/Repository/chipwhisperer/firmware/mcu/hal/chipwhisperer-fw-extra/stm32f4/stm32f4_hal_lowlevel.c ****   {
 1863              		.loc 1 226 25 is_stmt 0 view .LVU656
 1864 033e 0168     		ldr	r1, [r0]
 1865 0340 1C60     		str	r4, [r3]
 1866 0342 CBE6     		b	.L51
 1867              	.LVL104:
 1868              	.L163:
 127:/home/reo/Documents/Repository/chipwhisperer/firmware/mcu/hal/chipwhisperer-fw-extra/stm32f4/stm32f4_hal_lowlevel.c **** 
 1869              		.loc 1 127 7 is_stmt 1 discriminator 4 view .LVU657
 1870 0344 364B     		ldr	r3, .L173
 1871 0346 1A68     		ldr	r2, [r3]
 1872 0348 42F48022 		orr	r2, r2, #262144
 1873 034c 1A60     		str	r2, [r3]
 127:/home/reo/Documents/Repository/chipwhisperer/firmware/mcu/hal/chipwhisperer-fw-extra/stm32f4/stm32f4_hal_lowlevel.c **** 
 1874              		.loc 1 127 7 discriminator 4 view .LVU658
 1875 034e 1A68     		ldr	r2, [r3]
 1876 0350 42F48032 		orr	r2, r2, #65536
 1877 0354 1A60     		str	r2, [r3]
 127:/home/reo/Documents/Repository/chipwhisperer/firmware/mcu/hal/chipwhisperer-fw-extra/stm32f4/stm32f4_hal_lowlevel.c **** 
 1878              		.loc 1 127 7 discriminator 4 view .LVU659
 130:/home/reo/Documents/Repository/chipwhisperer/firmware/mcu/hal/chipwhisperer-fw-extra/stm32f4/stm32f4_hal_lowlevel.c ****       {
 1879              		.loc 1 130 7 discriminator 4 view .LVU660
 1880 0356 A1E7     		b	.L44
 1881              	.LVL105:
 1882              	.L65:
 268:/home/reo/Documents/Repository/chipwhisperer/firmware/mcu/hal/chipwhisperer-fw-extra/stm32f4/stm32f4_hal_lowlevel.c ****   {
 1883              		.loc 1 268 25 is_stmt 0 view .LVU661
 1884 0358 0168     		ldr	r1, [r0]
 1885 035a F8E6     		b	.L61
 1886              	.LVL106:
 1887              	.L166:
 333:/home/reo/Documents/Repository/chipwhisperer/firmware/mcu/hal/chipwhisperer-fw-extra/stm32f4/stm32f4_hal_lowlevel.c ****         assert_param(IS_RCC_PLLM_VALUE(RCC_OscInitStruct->PLL.PLLM));
 1888              		.loc 1 333 9 is_stmt 1 view .LVU662
 334:/home/reo/Documents/Repository/chipwhisperer/firmware/mcu/hal/chipwhisperer-fw-extra/stm32f4/stm32f4_hal_lowlevel.c ****         assert_param(IS_RCC_PLLN_VALUE(RCC_OscInitStruct->PLL.PLLN));
 1889              		.loc 1 334 9 view .LVU663
 335:/home/reo/Documents/Repository/chipwhisperer/firmware/mcu/hal/chipwhisperer-fw-extra/stm32f4/stm32f4_hal_lowlevel.c ****         assert_param(IS_RCC_PLLP_VALUE(RCC_OscInitStruct->PLL.PLLP));
 1890              		.loc 1 335 9 view .LVU664
 336:/home/reo/Documents/Repository/chipwhisperer/firmware/mcu/hal/chipwhisperer-fw-extra/stm32f4/stm32f4_hal_lowlevel.c ****         assert_param(IS_RCC_PLLQ_VALUE(RCC_OscInitStruct->PLL.PLLQ));
 1891              		.loc 1 336 9 view .LVU665
 337:/home/reo/Documents/Repository/chipwhisperer/firmware/mcu/hal/chipwhisperer-fw-extra/stm32f4/stm32f4_hal_lowlevel.c **** 
 1892              		.loc 1 337 9 view .LVU666
 340:/home/reo/Documents/Repository/chipwhisperer/firmware/mcu/hal/chipwhisperer-fw-extra/stm32f4/stm32f4_hal_lowlevel.c **** 
 1893              		.loc 1 340 9 view .LVU667
 1894 035c 0026     		movs	r6, #0
 1895 035e 1666     		str	r6, [r2, #96]
 343:/home/reo/Documents/Repository/chipwhisperer/firmware/mcu/hal/chipwhisperer-fw-extra/stm32f4/stm32f4_hal_lowlevel.c **** 
 1896              		.loc 1 343 9 view .LVU668
 1897              	.LBB343:
 1898              	.LBI302:
  52:/home/reo/Documents/Repository/chipwhisperer/firmware/mcu/hal/chipwhisperer-fw-extra/stm32f4/stm32f4_hal_lowlevel.c **** {
 1899              		.loc 1 52 10 view .LVU669
 1900              	.LBB304:
  54:/home/reo/Documents/Repository/chipwhisperer/firmware/mcu/hal/chipwhisperer-fw-extra/stm32f4/stm32f4_hal_lowlevel.c **** 	return tick++;;
 1901              		.loc 1 54 2 view .LVU670
  55:/home/reo/Documents/Repository/chipwhisperer/firmware/mcu/hal/chipwhisperer-fw-extra/stm32f4/stm32f4_hal_lowlevel.c **** }
 1902              		.loc 1 55 2 view .LVU671
  55:/home/reo/Documents/Repository/chipwhisperer/firmware/mcu/hal/chipwhisperer-fw-extra/stm32f4/stm32f4_hal_lowlevel.c **** }
 1903              		.loc 1 55 13 is_stmt 0 view .LVU672
 1904 0360 1C68     		ldr	r4, [r3]
 1905 0362 621C     		adds	r2, r4, #1
 1906 0364 04F5F414 		add	r4, r4, #1998848
 1907 0368 1A60     		str	r2, [r3]
  55:/home/reo/Documents/Repository/chipwhisperer/firmware/mcu/hal/chipwhisperer-fw-extra/stm32f4/stm32f4_hal_lowlevel.c **** }
 1908              		.loc 1 55 16 is_stmt 1 view .LVU673
 1909              	.LVL107:
  55:/home/reo/Documents/Repository/chipwhisperer/firmware/mcu/hal/chipwhisperer-fw-extra/stm32f4/stm32f4_hal_lowlevel.c **** }
 1910              		.loc 1 55 16 is_stmt 0 view .LVU674
 1911              	.LBE304:
 1912              	.LBE343:
 346:/home/reo/Documents/Repository/chipwhisperer/firmware/mcu/hal/chipwhisperer-fw-extra/stm32f4/stm32f4_hal_lowlevel.c ****         {
 1913              		.loc 1 346 9 is_stmt 1 view .LVU675
 1914 036a 04F28244 		addw	r4, r4, #1154
 1915              	.LVL108:
 346:/home/reo/Documents/Repository/chipwhisperer/firmware/mcu/hal/chipwhisperer-fw-extra/stm32f4/stm32f4_hal_lowlevel.c ****         {
 1916              		.loc 1 346 14 is_stmt 0 view .LVU676
 1917 036e 05E0     		b	.L82
 1918              	.L83:
 1919              	.LBB344:
 1920              	.LBB345:
  55:/home/reo/Documents/Repository/chipwhisperer/firmware/mcu/hal/chipwhisperer-fw-extra/stm32f4/stm32f4_hal_lowlevel.c **** }
 1921              		.loc 1 55 13 view .LVU677
 1922 0370 0132     		adds	r2, r2, #1
  55:/home/reo/Documents/Repository/chipwhisperer/firmware/mcu/hal/chipwhisperer-fw-extra/stm32f4/stm32f4_hal_lowlevel.c **** }
 1923              		.loc 1 55 16 is_stmt 1 view .LVU678
 1924              	.LBE345:
 1925              	.LBE344:
 348:/home/reo/Documents/Repository/chipwhisperer/firmware/mcu/hal/chipwhisperer-fw-extra/stm32f4/stm32f4_hal_lowlevel.c ****           {
 1926              		.loc 1 348 13 is_stmt 0 view .LVU679
 1927 0372 A242     		cmp	r2, r4
 1928 0374 4FF00106 		mov	r6, #1
 1929 0378 3FF4CBAE 		beq	.L159
 1930              	.L82:
 348:/home/reo/Documents/Repository/chipwhisperer/firmware/mcu/hal/chipwhisperer-fw-extra/stm32f4/stm32f4_hal_lowlevel.c ****           {
 1931              		.loc 1 348 11 is_stmt 1 view .LVU680
 1932              	.LBB347:
 1933              	.LBI344:
  52:/home/reo/Documents/Repository/chipwhisperer/firmware/mcu/hal/chipwhisperer-fw-extra/stm32f4/stm32f4_hal_lowlevel.c **** {
 1934              		.loc 1 52 10 view .LVU681
 1935              	.LBB346:
  54:/home/reo/Documents/Repository/chipwhisperer/firmware/mcu/hal/chipwhisperer-fw-extra/stm32f4/stm32f4_hal_lowlevel.c **** 	return tick++;;
 1936              		.loc 1 54 2 view .LVU682
  55:/home/reo/Documents/Repository/chipwhisperer/firmware/mcu/hal/chipwhisperer-fw-extra/stm32f4/stm32f4_hal_lowlevel.c **** }
 1937              		.loc 1 55 2 view .LVU683
 1938              	.LBE346:
 1939              	.LBE347:
 346:/home/reo/Documents/Repository/chipwhisperer/firmware/mcu/hal/chipwhisperer-fw-extra/stm32f4/stm32f4_hal_lowlevel.c ****         {
 1940              		.loc 1 346 14 view .LVU684
 346:/home/reo/Documents/Repository/chipwhisperer/firmware/mcu/hal/chipwhisperer-fw-extra/stm32f4/stm32f4_hal_lowlevel.c ****         {
 1941              		.loc 1 346 15 is_stmt 0 view .LVU685
 1942 037c 2968     		ldr	r1, [r5]
 346:/home/reo/Documents/Repository/chipwhisperer/firmware/mcu/hal/chipwhisperer-fw-extra/stm32f4/stm32f4_hal_lowlevel.c ****         {
 1943              		.loc 1 346 14 view .LVU686
 1944 037e 8F01     		lsls	r7, r1, #6
 1945 0380 F6D4     		bmi	.L83
 1946 0382 06B1     		cbz	r6, .L84
 1947 0384 1A60     		str	r2, [r3]
 1948              	.L84:
 355:/home/reo/Documents/Repository/chipwhisperer/firmware/mcu/hal/chipwhisperer-fw-extra/stm32f4/stm32f4_hal_lowlevel.c ****                                  RCC_OscInitStruct->PLL.PLLM                                       
 1949              		.loc 1 355 9 is_stmt 1 view .LVU687
 1950              	.LVL109:
 1951              	.LBB348:
 1952              	.LBI348:
 526:/home/reo/Documents/Repository/chipwhisperer/firmware/mcu/hal/chipwhisperer-fw-extra/stm32f4/CMSIS/core/cmsis_gcc.h **** {
 1953              		.loc 2 526 57 view .LVU688
 1954              	.LBB349:
 528:/home/reo/Documents/Repository/chipwhisperer/firmware/mcu/hal/chipwhisperer-fw-extra/stm32f4/CMSIS/core/cmsis_gcc.h **** 
 1955              		.loc 2 528 3 view .LVU689
 531:/home/reo/Documents/Repository/chipwhisperer/firmware/mcu/hal/chipwhisperer-fw-extra/stm32f4/CMSIS/core/cmsis_gcc.h **** #else
 1956              		.loc 2 531 4 view .LVU690
 1957 0386 47F6C075 		movw	r5, #32704
 1958              		.syntax unified
 1959              	@ 531 "/home/reo/Documents/Repository/chipwhisperer/firmware/mcu/hal/chipwhisperer-fw-extra/stm32f4
 1960 038a 95FAA5F5 		rbit r5, r5
 1961              	@ 0 "" 2
 1962              	.LVL110:
 1963              		.loc 2 544 3 view .LVU691
 1964              		.loc 2 544 3 is_stmt 0 view .LVU692
 1965              		.thumb
 1966              		.syntax unified
 1967              	.LBE349:
 1968              	.LBE348:
 1969              	.LBB350:
 1970              	.LBB351:
 531:/home/reo/Documents/Repository/chipwhisperer/firmware/mcu/hal/chipwhisperer-fw-extra/stm32f4/CMSIS/core/cmsis_gcc.h **** #else
 1971              		.loc 2 531 4 view .LVU693
 1972 038e 4FF44031 		mov	r1, #196608
 1973              	.LBE351:
 1974              	.LBE350:
 355:/home/reo/Documents/Repository/chipwhisperer/firmware/mcu/hal/chipwhisperer-fw-extra/stm32f4/stm32f4_hal_lowlevel.c ****                                  RCC_OscInitStruct->PLL.PLLM                                       
 1975              		.loc 1 355 9 view .LVU694
 1976 0392 B5FA85F5 		clz	r5, r5
 1977              	.LVL111:
 1978              	.LBB353:
 1979              	.LBI350:
 526:/home/reo/Documents/Repository/chipwhisperer/firmware/mcu/hal/chipwhisperer-fw-extra/stm32f4/CMSIS/core/cmsis_gcc.h **** {
 1980              		.loc 2 526 57 is_stmt 1 view .LVU695
 1981              	.LBB352:
 528:/home/reo/Documents/Repository/chipwhisperer/firmware/mcu/hal/chipwhisperer-fw-extra/stm32f4/CMSIS/core/cmsis_gcc.h **** 
 1982              		.loc 2 528 3 view .LVU696
 531:/home/reo/Documents/Repository/chipwhisperer/firmware/mcu/hal/chipwhisperer-fw-extra/stm32f4/CMSIS/core/cmsis_gcc.h **** #else
 1983              		.loc 2 531 4 view .LVU697
 1984              		.syntax unified
 1985              	@ 531 "/home/reo/Documents/Repository/chipwhisperer/firmware/mcu/hal/chipwhisperer-fw-extra/stm32f4
 1986 0396 91FAA1F1 		rbit r1, r1
 1987              	@ 0 "" 2
 1988              	.LVL112:
 1989              		.loc 2 544 3 view .LVU698
 1990              		.loc 2 544 3 is_stmt 0 view .LVU699
 1991              		.thumb
 1992              		.syntax unified
 1993              	.LBE352:
 1994              	.LBE353:
 1995              	.LBB354:
 1996              	.LBB355:
 531:/home/reo/Documents/Repository/chipwhisperer/firmware/mcu/hal/chipwhisperer-fw-extra/stm32f4/CMSIS/core/cmsis_gcc.h **** #else
 1997              		.loc 2 531 4 view .LVU700
 1998 039a 4FF07064 		mov	r4, #251658240
 1999              	.LVL113:
 531:/home/reo/Documents/Repository/chipwhisperer/firmware/mcu/hal/chipwhisperer-fw-extra/stm32f4/CMSIS/core/cmsis_gcc.h **** #else
 2000              		.loc 2 531 4 view .LVU701
 2001              	.LBE355:
 2002              	.LBE354:
 355:/home/reo/Documents/Repository/chipwhisperer/firmware/mcu/hal/chipwhisperer-fw-extra/stm32f4/stm32f4_hal_lowlevel.c ****                                  RCC_OscInitStruct->PLL.PLLM                                       
 2003              		.loc 1 355 9 view .LVU702
 2004 039e B1FA81F1 		clz	r1, r1
 2005              	.LVL114:
 2006              	.LBB357:
 2007              	.LBI354:
 526:/home/reo/Documents/Repository/chipwhisperer/firmware/mcu/hal/chipwhisperer-fw-extra/stm32f4/CMSIS/core/cmsis_gcc.h **** {
 2008              		.loc 2 526 57 is_stmt 1 view .LVU703
 2009              	.LBB356:
 528:/home/reo/Documents/Repository/chipwhisperer/firmware/mcu/hal/chipwhisperer-fw-extra/stm32f4/CMSIS/core/cmsis_gcc.h **** 
 2010              		.loc 2 528 3 view .LVU704
 531:/home/reo/Documents/Repository/chipwhisperer/firmware/mcu/hal/chipwhisperer-fw-extra/stm32f4/CMSIS/core/cmsis_gcc.h **** #else
 2011              		.loc 2 531 4 view .LVU705
 2012              		.syntax unified
 2013              	@ 531 "/home/reo/Documents/Repository/chipwhisperer/firmware/mcu/hal/chipwhisperer-fw-extra/stm32f4
 2014 03a2 94FAA4F4 		rbit r4, r4
 2015              	@ 0 "" 2
 2016              	.LVL115:
 2017              		.loc 2 544 3 view .LVU706
 2018              		.loc 2 544 3 is_stmt 0 view .LVU707
 2019              		.thumb
 2020              		.syntax unified
 2021              	.LBE356:
 2022              	.LBE357:
 355:/home/reo/Documents/Repository/chipwhisperer/firmware/mcu/hal/chipwhisperer-fw-extra/stm32f4/stm32f4_hal_lowlevel.c ****                                  RCC_OscInitStruct->PLL.PLLM                                       
 2023              		.loc 1 355 9 view .LVU708
 2024 03a6 826A     		ldr	r2, [r0, #40]
 2025 03a8 5208     		lsrs	r2, r2, #1
 2026 03aa 013A     		subs	r2, r2, #1
 2027 03ac 02FA01F1 		lsl	r1, r2, r1
 2028 03b0 D0E90726 		ldrd	r2, r6, [r0, #28]
 2029 03b4 3243     		orrs	r2, r2, r6
 2030 03b6 466A     		ldr	r6, [r0, #36]
 2031 03b8 C06A     		ldr	r0, [r0, #44]
 2032              	.LVL116:
 355:/home/reo/Documents/Repository/chipwhisperer/firmware/mcu/hal/chipwhisperer-fw-extra/stm32f4/stm32f4_hal_lowlevel.c ****                                  RCC_OscInitStruct->PLL.PLLM                                       
 2033              		.loc 1 355 9 view .LVU709
 2034 03ba 06FA05F5 		lsl	r5, r6, r5
 2035 03be B4FA84F4 		clz	r4, r4
 2036 03c2 2A43     		orrs	r2, r2, r5
 2037 03c4 A040     		lsls	r0, r0, r4
 2038 03c6 0A43     		orrs	r2, r2, r1
 2039 03c8 154C     		ldr	r4, .L173
 361:/home/reo/Documents/Repository/chipwhisperer/firmware/mcu/hal/chipwhisperer-fw-extra/stm32f4/stm32f4_hal_lowlevel.c **** 
 2040              		.loc 1 361 9 view .LVU710
 2041 03ca 1849     		ldr	r1, .L173+12
 355:/home/reo/Documents/Repository/chipwhisperer/firmware/mcu/hal/chipwhisperer-fw-extra/stm32f4/stm32f4_hal_lowlevel.c ****                                  RCC_OscInitStruct->PLL.PLLM                                       
 2042              		.loc 1 355 9 view .LVU711
 2043 03cc 0243     		orrs	r2, r2, r0
 361:/home/reo/Documents/Repository/chipwhisperer/firmware/mcu/hal/chipwhisperer-fw-extra/stm32f4/stm32f4_hal_lowlevel.c **** 
 2044              		.loc 1 361 9 view .LVU712
 2045 03ce 0120     		movs	r0, #1
 355:/home/reo/Documents/Repository/chipwhisperer/firmware/mcu/hal/chipwhisperer-fw-extra/stm32f4/stm32f4_hal_lowlevel.c ****                                  RCC_OscInitStruct->PLL.PLLM                                       
 2046              		.loc 1 355 9 view .LVU713
 2047 03d0 6260     		str	r2, [r4, #4]
 361:/home/reo/Documents/Repository/chipwhisperer/firmware/mcu/hal/chipwhisperer-fw-extra/stm32f4/stm32f4_hal_lowlevel.c **** 
 2048              		.loc 1 361 9 is_stmt 1 view .LVU714
 2049 03d2 0866     		str	r0, [r1, #96]
 364:/home/reo/Documents/Repository/chipwhisperer/firmware/mcu/hal/chipwhisperer-fw-extra/stm32f4/stm32f4_hal_lowlevel.c **** 
 2050              		.loc 1 364 9 view .LVU715
 2051              	.LBB358:
 2052              	.LBI358:
  52:/home/reo/Documents/Repository/chipwhisperer/firmware/mcu/hal/chipwhisperer-fw-extra/stm32f4/stm32f4_hal_lowlevel.c **** {
 2053              		.loc 1 52 10 view .LVU716
 2054              	.LBB359:
  54:/home/reo/Documents/Repository/chipwhisperer/firmware/mcu/hal/chipwhisperer-fw-extra/stm32f4/stm32f4_hal_lowlevel.c **** 	return tick++;;
 2055              		.loc 1 54 2 view .LVU717
  55:/home/reo/Documents/Repository/chipwhisperer/firmware/mcu/hal/chipwhisperer-fw-extra/stm32f4/stm32f4_hal_lowlevel.c **** }
 2056              		.loc 1 55 2 view .LVU718
  55:/home/reo/Documents/Repository/chipwhisperer/firmware/mcu/hal/chipwhisperer-fw-extra/stm32f4/stm32f4_hal_lowlevel.c **** }
 2057              		.loc 1 55 13 is_stmt 0 view .LVU719
 2058 03d4 1868     		ldr	r0, [r3]
 2059 03d6 421C     		adds	r2, r0, #1
 2060 03d8 00F5F410 		add	r0, r0, #1998848
 2061 03dc 1A60     		str	r2, [r3]
  55:/home/reo/Documents/Repository/chipwhisperer/firmware/mcu/hal/chipwhisperer-fw-extra/stm32f4/stm32f4_hal_lowlevel.c **** }
 2062              		.loc 1 55 16 is_stmt 1 view .LVU720
 2063              	.LVL117:
  55:/home/reo/Documents/Repository/chipwhisperer/firmware/mcu/hal/chipwhisperer-fw-extra/stm32f4/stm32f4_hal_lowlevel.c **** }
 2064              		.loc 1 55 16 is_stmt 0 view .LVU721
 2065              	.LBE359:
 2066              	.LBE358:
 367:/home/reo/Documents/Repository/chipwhisperer/firmware/mcu/hal/chipwhisperer-fw-extra/stm32f4/stm32f4_hal_lowlevel.c ****         {
 2067              		.loc 1 367 9 is_stmt 1 view .LVU722
 2068 03de 00F28240 		addw	r0, r0, #1154
 2069              	.LVL118:
 367:/home/reo/Documents/Repository/chipwhisperer/firmware/mcu/hal/chipwhisperer-fw-extra/stm32f4/stm32f4_hal_lowlevel.c ****         {
 2070              		.loc 1 367 14 is_stmt 0 view .LVU723
 2071 03e2 0025     		movs	r5, #0
 2072 03e4 05E0     		b	.L85
 2073              	.L86:
 2074              	.LBB360:
 2075              	.LBB361:
  55:/home/reo/Documents/Repository/chipwhisperer/firmware/mcu/hal/chipwhisperer-fw-extra/stm32f4/stm32f4_hal_lowlevel.c **** }
 2076              		.loc 1 55 13 view .LVU724
 2077 03e6 0132     		adds	r2, r2, #1
  55:/home/reo/Documents/Repository/chipwhisperer/firmware/mcu/hal/chipwhisperer-fw-extra/stm32f4/stm32f4_hal_lowlevel.c **** }
 2078              		.loc 1 55 16 is_stmt 1 view .LVU725
 2079              	.LBE361:
 2080              	.LBE360:
 369:/home/reo/Documents/Repository/chipwhisperer/firmware/mcu/hal/chipwhisperer-fw-extra/stm32f4/stm32f4_hal_lowlevel.c ****           {
 2081              		.loc 1 369 13 is_stmt 0 view .LVU726
 2082 03e8 8242     		cmp	r2, r0
 2083 03ea 4FF00105 		mov	r5, #1
 2084 03ee 3FF490AE 		beq	.L159
 2085              	.L85:
 369:/home/reo/Documents/Repository/chipwhisperer/firmware/mcu/hal/chipwhisperer-fw-extra/stm32f4/stm32f4_hal_lowlevel.c ****           {
 2086              		.loc 1 369 11 is_stmt 1 view .LVU727
 2087              	.LBB363:
 2088              	.LBI360:
  52:/home/reo/Documents/Repository/chipwhisperer/firmware/mcu/hal/chipwhisperer-fw-extra/stm32f4/stm32f4_hal_lowlevel.c **** {
 2089              		.loc 1 52 10 view .LVU728
 2090              	.LBB362:
  54:/home/reo/Documents/Repository/chipwhisperer/firmware/mcu/hal/chipwhisperer-fw-extra/stm32f4/stm32f4_hal_lowlevel.c **** 	return tick++;;
 2091              		.loc 1 54 2 view .LVU729
  55:/home/reo/Documents/Repository/chipwhisperer/firmware/mcu/hal/chipwhisperer-fw-extra/stm32f4/stm32f4_hal_lowlevel.c **** }
 2092              		.loc 1 55 2 view .LVU730
 2093              	.LBE362:
 2094              	.LBE363:
 367:/home/reo/Documents/Repository/chipwhisperer/firmware/mcu/hal/chipwhisperer-fw-extra/stm32f4/stm32f4_hal_lowlevel.c ****         {
 2095              		.loc 1 367 14 view .LVU731
 367:/home/reo/Documents/Repository/chipwhisperer/firmware/mcu/hal/chipwhisperer-fw-extra/stm32f4/stm32f4_hal_lowlevel.c ****         {
 2096              		.loc 1 367 15 is_stmt 0 view .LVU732
 2097 03f2 2168     		ldr	r1, [r4]
 367:/home/reo/Documents/Repository/chipwhisperer/firmware/mcu/hal/chipwhisperer-fw-extra/stm32f4/stm32f4_hal_lowlevel.c ****         {
 2098              		.loc 1 367 14 view .LVU733
 2099 03f4 8E01     		lsls	r6, r1, #6
 2100 03f6 F6D5     		bpl	.L86
 2101 03f8 002D     		cmp	r5, #0
 2102 03fa 7FF40CAF 		bne	.L158
 2103 03fe 0BE7     		b	.L80
 2104              	.LVL119:
 2105              	.L170:
 367:/home/reo/Documents/Repository/chipwhisperer/firmware/mcu/hal/chipwhisperer-fw-extra/stm32f4/stm32f4_hal_lowlevel.c ****         {
 2106              		.loc 1 367 14 view .LVU734
 2107 0400 1960     		str	r1, [r3]
 317:/home/reo/Documents/Repository/chipwhisperer/firmware/mcu/hal/chipwhisperer-fw-extra/stm32f4/stm32f4_hal_lowlevel.c ****         }
 2108              		.loc 1 317 18 view .LVU735
 2109 0402 0320     		movs	r0, #3
 2110              	.LVL120:
 317:/home/reo/Documents/Repository/chipwhisperer/firmware/mcu/hal/chipwhisperer-fw-extra/stm32f4/stm32f4_hal_lowlevel.c ****         }
 2111              		.loc 1 317 18 view .LVU736
 2112 0404 CDE6     		b	.L42
 2113              	.LVL121:
 2114              	.L169:
 291:/home/reo/Documents/Repository/chipwhisperer/firmware/mcu/hal/chipwhisperer-fw-extra/stm32f4/stm32f4_hal_lowlevel.c ****     /* Check the LSE State */
 2115              		.loc 1 291 5 is_stmt 1 discriminator 4 view .LVU737
 2116 0406 0649     		ldr	r1, .L173
 2117              	.LVL122:
 291:/home/reo/Documents/Repository/chipwhisperer/firmware/mcu/hal/chipwhisperer-fw-extra/stm32f4/stm32f4_hal_lowlevel.c ****     /* Check the LSE State */
 2118              		.loc 1 291 5 is_stmt 0 discriminator 4 view .LVU738
 2119 0408 0C6F     		ldr	r4, [r1, #112]
 2120 040a 44F00404 		orr	r4, r4, #4
 2121 040e 0C67     		str	r4, [r1, #112]
 291:/home/reo/Documents/Repository/chipwhisperer/firmware/mcu/hal/chipwhisperer-fw-extra/stm32f4/stm32f4_hal_lowlevel.c ****     /* Check the LSE State */
 2122              		.loc 1 291 5 is_stmt 1 discriminator 4 view .LVU739
 2123 0410 0C6F     		ldr	r4, [r1, #112]
 2124 0412 44F00104 		orr	r4, r4, #1
 2125 0416 0C67     		str	r4, [r1, #112]
 291:/home/reo/Documents/Repository/chipwhisperer/firmware/mcu/hal/chipwhisperer-fw-extra/stm32f4/stm32f4_hal_lowlevel.c ****     /* Check the LSE State */
 2126              		.loc 1 291 5 discriminator 4 view .LVU740
 293:/home/reo/Documents/Repository/chipwhisperer/firmware/mcu/hal/chipwhisperer-fw-extra/stm32f4/stm32f4_hal_lowlevel.c ****     {
 2127              		.loc 1 293 5 discriminator 4 view .LVU741
 2128 0418 CBE6     		b	.L72
 2129              	.LVL123:
 2130              	.L59:
 226:/home/reo/Documents/Repository/chipwhisperer/firmware/mcu/hal/chipwhisperer-fw-extra/stm32f4/stm32f4_hal_lowlevel.c ****   {
 2131              		.loc 1 226 25 is_stmt 0 view .LVU742
 2132 041a 0168     		ldr	r1, [r0]
 2133 041c 5EE6     		b	.L51
 2134              	.L174:
 2135 041e 00BF     		.align	2
 2136              	.L173:
 2137 0420 00380240 		.word	1073887232
 2138 0424 00000000 		.word	.LANCHOR0
 2139 0428 02E1F505 		.word	100000002
 2140 042c 00004742 		.word	1111949312
 2141              		.cfi_endproc
 2142              	.LFE128:
 2144              		.section	.text.HAL_RCC_ClockConfig,"ax",%progbits
 2145              		.align	1
 2146              		.p2align 2,,3
 2147              		.global	HAL_RCC_ClockConfig
 2148              		.syntax unified
 2149              		.thumb
 2150              		.thumb_func
 2151              		.fpu softvfp
 2153              	HAL_RCC_ClockConfig:
 2154              	.LVL124:
 2155              	.LFB129:
 427:/home/reo/Documents/Repository/chipwhisperer/firmware/mcu/hal/chipwhisperer-fw-extra/stm32f4/stm32f4_hal_lowlevel.c ****   uint32_t tickstart = 0U;
 2156              		.loc 1 427 1 is_stmt 1 view -0
 2157              		.cfi_startproc
 2158              		@ args = 0, pretend = 0, frame = 0
 2159              		@ frame_needed = 0, uses_anonymous_args = 0
 428:/home/reo/Documents/Repository/chipwhisperer/firmware/mcu/hal/chipwhisperer-fw-extra/stm32f4/stm32f4_hal_lowlevel.c **** 
 2160              		.loc 1 428 3 view .LVU744
 431:/home/reo/Documents/Repository/chipwhisperer/firmware/mcu/hal/chipwhisperer-fw-extra/stm32f4/stm32f4_hal_lowlevel.c ****   assert_param(IS_FLASH_LATENCY(FLatency));
 2161              		.loc 1 431 3 view .LVU745
 432:/home/reo/Documents/Repository/chipwhisperer/firmware/mcu/hal/chipwhisperer-fw-extra/stm32f4/stm32f4_hal_lowlevel.c **** 
 2162              		.loc 1 432 3 view .LVU746
 439:/home/reo/Documents/Repository/chipwhisperer/firmware/mcu/hal/chipwhisperer-fw-extra/stm32f4/stm32f4_hal_lowlevel.c ****   {
 2163              		.loc 1 439 3 view .LVU747
 439:/home/reo/Documents/Repository/chipwhisperer/firmware/mcu/hal/chipwhisperer-fw-extra/stm32f4/stm32f4_hal_lowlevel.c ****   {
 2164              		.loc 1 439 23 is_stmt 0 view .LVU748
 2165 0000 634A     		ldr	r2, .L248
 2166 0002 1368     		ldr	r3, [r2]
 439:/home/reo/Documents/Repository/chipwhisperer/firmware/mcu/hal/chipwhisperer-fw-extra/stm32f4/stm32f4_hal_lowlevel.c ****   {
 2167              		.loc 1 439 29 view .LVU749
 2168 0004 03F00F03 		and	r3, r3, #15
 439:/home/reo/Documents/Repository/chipwhisperer/firmware/mcu/hal/chipwhisperer-fw-extra/stm32f4/stm32f4_hal_lowlevel.c ****   {
 2169              		.loc 1 439 5 view .LVU750
 2170 0008 8B42     		cmp	r3, r1
 2171 000a 08D2     		bcs	.L179
 442:/home/reo/Documents/Repository/chipwhisperer/firmware/mcu/hal/chipwhisperer-fw-extra/stm32f4/stm32f4_hal_lowlevel.c **** 
 2172              		.loc 1 442 5 is_stmt 1 view .LVU751
 2173 000c CBB2     		uxtb	r3, r1
 2174 000e 1370     		strb	r3, [r2]
 446:/home/reo/Documents/Repository/chipwhisperer/firmware/mcu/hal/chipwhisperer-fw-extra/stm32f4/stm32f4_hal_lowlevel.c ****     {
 2175              		.loc 1 446 5 view .LVU752
 446:/home/reo/Documents/Repository/chipwhisperer/firmware/mcu/hal/chipwhisperer-fw-extra/stm32f4/stm32f4_hal_lowlevel.c ****     {
 2176              		.loc 1 446 14 is_stmt 0 view .LVU753
 2177 0010 1368     		ldr	r3, [r2]
 446:/home/reo/Documents/Repository/chipwhisperer/firmware/mcu/hal/chipwhisperer-fw-extra/stm32f4/stm32f4_hal_lowlevel.c ****     {
 2178              		.loc 1 446 20 view .LVU754
 2179 0012 03F00F03 		and	r3, r3, #15
 446:/home/reo/Documents/Repository/chipwhisperer/firmware/mcu/hal/chipwhisperer-fw-extra/stm32f4/stm32f4_hal_lowlevel.c ****     {
 2180              		.loc 1 446 7 view .LVU755
 2181 0016 8B42     		cmp	r3, r1
 2182 0018 01D0     		beq	.L179
 448:/home/reo/Documents/Repository/chipwhisperer/firmware/mcu/hal/chipwhisperer-fw-extra/stm32f4/stm32f4_hal_lowlevel.c ****     }
 2183              		.loc 1 448 14 view .LVU756
 2184 001a 0120     		movs	r0, #1
 2185              	.LVL125:
 574:/home/reo/Documents/Repository/chipwhisperer/firmware/mcu/hal/chipwhisperer-fw-extra/stm32f4/stm32f4_hal_lowlevel.c **** 
 2186              		.loc 1 574 1 view .LVU757
 2187 001c 7047     		bx	lr
 2188              	.LVL126:
 2189              	.L179:
 453:/home/reo/Documents/Repository/chipwhisperer/firmware/mcu/hal/chipwhisperer-fw-extra/stm32f4/stm32f4_hal_lowlevel.c ****   {
 2190              		.loc 1 453 3 is_stmt 1 view .LVU758
 453:/home/reo/Documents/Repository/chipwhisperer/firmware/mcu/hal/chipwhisperer-fw-extra/stm32f4/stm32f4_hal_lowlevel.c ****   {
 2191              		.loc 1 453 25 is_stmt 0 view .LVU759
 2192 001e 0368     		ldr	r3, [r0]
 427:/home/reo/Documents/Repository/chipwhisperer/firmware/mcu/hal/chipwhisperer-fw-extra/stm32f4/stm32f4_hal_lowlevel.c ****   uint32_t tickstart = 0U;
 2193              		.loc 1 427 1 view .LVU760
 2194 0020 F0B5     		push	{r4, r5, r6, r7, lr}
 2195              	.LCFI15:
 2196              		.cfi_def_cfa_offset 20
 2197              		.cfi_offset 4, -20
 2198              		.cfi_offset 5, -16
 2199              		.cfi_offset 6, -12
 2200              		.cfi_offset 7, -8
 2201              		.cfi_offset 14, -4
 453:/home/reo/Documents/Repository/chipwhisperer/firmware/mcu/hal/chipwhisperer-fw-extra/stm32f4/stm32f4_hal_lowlevel.c ****   {
 2202              		.loc 1 453 5 view .LVU761
 2203 0022 9E07     		lsls	r6, r3, #30
 2204 0024 06D5     		bpl	.L178
 455:/home/reo/Documents/Repository/chipwhisperer/firmware/mcu/hal/chipwhisperer-fw-extra/stm32f4/stm32f4_hal_lowlevel.c ****     MODIFY_REG(RCC->CFGR, RCC_CFGR_HPRE, RCC_ClkInitStruct->AHBCLKDivider);
 2205              		.loc 1 455 5 is_stmt 1 view .LVU762
 456:/home/reo/Documents/Repository/chipwhisperer/firmware/mcu/hal/chipwhisperer-fw-extra/stm32f4/stm32f4_hal_lowlevel.c ****   }
 2206              		.loc 1 456 5 view .LVU763
 2207 0026 5B4C     		ldr	r4, .L248+4
 2208 0028 8568     		ldr	r5, [r0, #8]
 2209 002a A268     		ldr	r2, [r4, #8]
 2210 002c 22F0F002 		bic	r2, r2, #240
 2211 0030 2A43     		orrs	r2, r2, r5
 2212 0032 A260     		str	r2, [r4, #8]
 2213              	.L178:
 460:/home/reo/Documents/Repository/chipwhisperer/firmware/mcu/hal/chipwhisperer-fw-extra/stm32f4/stm32f4_hal_lowlevel.c ****   {
 2214              		.loc 1 460 3 view .LVU764
 460:/home/reo/Documents/Repository/chipwhisperer/firmware/mcu/hal/chipwhisperer-fw-extra/stm32f4/stm32f4_hal_lowlevel.c ****   {
 2215              		.loc 1 460 5 is_stmt 0 view .LVU765
 2216 0034 DD07     		lsls	r5, r3, #31
 2217 0036 27D5     		bpl	.L182
 462:/home/reo/Documents/Repository/chipwhisperer/firmware/mcu/hal/chipwhisperer-fw-extra/stm32f4/stm32f4_hal_lowlevel.c **** 
 2218              		.loc 1 462 5 is_stmt 1 view .LVU766
 465:/home/reo/Documents/Repository/chipwhisperer/firmware/mcu/hal/chipwhisperer-fw-extra/stm32f4/stm32f4_hal_lowlevel.c ****     {
 2219              		.loc 1 465 5 view .LVU767
 465:/home/reo/Documents/Repository/chipwhisperer/firmware/mcu/hal/chipwhisperer-fw-extra/stm32f4/stm32f4_hal_lowlevel.c ****     {
 2220              		.loc 1 465 25 is_stmt 0 view .LVU768
 2221 0038 4468     		ldr	r4, [r0, #4]
 465:/home/reo/Documents/Repository/chipwhisperer/firmware/mcu/hal/chipwhisperer-fw-extra/stm32f4/stm32f4_hal_lowlevel.c ****     {
 2222              		.loc 1 465 7 view .LVU769
 2223 003a 012C     		cmp	r4, #1
 2224 003c 6DD0     		beq	.L243
 474:/home/reo/Documents/Repository/chipwhisperer/firmware/mcu/hal/chipwhisperer-fw-extra/stm32f4/stm32f4_hal_lowlevel.c ****             (RCC_ClkInitStruct->SYSCLKSource == RCC_SYSCLKSOURCE_PLLRCLK))
 2225              		.loc 1 474 10 is_stmt 1 view .LVU770
 474:/home/reo/Documents/Repository/chipwhisperer/firmware/mcu/hal/chipwhisperer-fw-extra/stm32f4/stm32f4_hal_lowlevel.c ****             (RCC_ClkInitStruct->SYSCLKSource == RCC_SYSCLKSOURCE_PLLRCLK))
 2226              		.loc 1 474 76 is_stmt 0 view .LVU771
 2227 003e A21E     		subs	r2, r4, #2
 474:/home/reo/Documents/Repository/chipwhisperer/firmware/mcu/hal/chipwhisperer-fw-extra/stm32f4/stm32f4_hal_lowlevel.c ****             (RCC_ClkInitStruct->SYSCLKSource == RCC_SYSCLKSOURCE_PLLRCLK))
 2228              		.loc 1 474 12 view .LVU772
 2229 0040 012A     		cmp	r2, #1
 2230 0042 49D9     		bls	.L244
 487:/home/reo/Documents/Repository/chipwhisperer/firmware/mcu/hal/chipwhisperer-fw-extra/stm32f4/stm32f4_hal_lowlevel.c ****       {
 2231              		.loc 1 487 7 is_stmt 1 view .LVU773
 487:/home/reo/Documents/Repository/chipwhisperer/firmware/mcu/hal/chipwhisperer-fw-extra/stm32f4/stm32f4_hal_lowlevel.c ****       {
 2232              		.loc 1 487 10 is_stmt 0 view .LVU774
 2233 0044 534D     		ldr	r5, .L248+4
 2234 0046 2A68     		ldr	r2, [r5]
 487:/home/reo/Documents/Repository/chipwhisperer/firmware/mcu/hal/chipwhisperer-fw-extra/stm32f4/stm32f4_hal_lowlevel.c ****       {
 2235              		.loc 1 487 9 view .LVU775
 2236 0048 9607     		lsls	r6, r2, #30
 2237 004a 2AD5     		bpl	.L184
 493:/home/reo/Documents/Repository/chipwhisperer/firmware/mcu/hal/chipwhisperer-fw-extra/stm32f4/stm32f4_hal_lowlevel.c ****     /* Get Start Tick*/
 2238              		.loc 1 493 5 is_stmt 1 view .LVU776
 2239 004c AA68     		ldr	r2, [r5, #8]
 2240              	.LBB364:
 2241              	.LBB365:
  55:/home/reo/Documents/Repository/chipwhisperer/firmware/mcu/hal/chipwhisperer-fw-extra/stm32f4/stm32f4_hal_lowlevel.c **** }
 2242              		.loc 1 55 13 is_stmt 0 view .LVU777
 2243 004e 524E     		ldr	r6, .L248+8
 2244              	.LBE365:
 2245              	.LBE364:
 493:/home/reo/Documents/Repository/chipwhisperer/firmware/mcu/hal/chipwhisperer-fw-extra/stm32f4/stm32f4_hal_lowlevel.c ****     /* Get Start Tick*/
 2246              		.loc 1 493 5 view .LVU778
 2247 0050 22F00302 		bic	r2, r2, #3
 2248 0054 1443     		orrs	r4, r4, r2
 2249 0056 AC60     		str	r4, [r5, #8]
 495:/home/reo/Documents/Repository/chipwhisperer/firmware/mcu/hal/chipwhisperer-fw-extra/stm32f4/stm32f4_hal_lowlevel.c **** 
 2250              		.loc 1 495 5 is_stmt 1 view .LVU779
 2251              	.LBB373:
 2252              	.LBI364:
  52:/home/reo/Documents/Repository/chipwhisperer/firmware/mcu/hal/chipwhisperer-fw-extra/stm32f4/stm32f4_hal_lowlevel.c **** {
 2253              		.loc 1 52 10 view .LVU780
 2254              	.LBB366:
  54:/home/reo/Documents/Repository/chipwhisperer/firmware/mcu/hal/chipwhisperer-fw-extra/stm32f4/stm32f4_hal_lowlevel.c **** 	return tick++;;
 2255              		.loc 1 54 2 view .LVU781
  55:/home/reo/Documents/Repository/chipwhisperer/firmware/mcu/hal/chipwhisperer-fw-extra/stm32f4/stm32f4_hal_lowlevel.c **** }
 2256              		.loc 1 55 2 view .LVU782
  55:/home/reo/Documents/Repository/chipwhisperer/firmware/mcu/hal/chipwhisperer-fw-extra/stm32f4/stm32f4_hal_lowlevel.c **** }
 2257              		.loc 1 55 13 is_stmt 0 view .LVU783
 2258 0058 3768     		ldr	r7, [r6]
 2259 005a 7A1C     		adds	r2, r7, #1
 2260 005c 4FF0000C 		mov	ip, #0
 2261              	.LBE366:
 2262              	.LBE373:
 531:/home/reo/Documents/Repository/chipwhisperer/firmware/mcu/hal/chipwhisperer-fw-extra/stm32f4/stm32f4_hal_lowlevel.c ****         {
 2263              		.loc 1 531 11 view .LVU784
 2264 0060 41F2883E 		movw	lr, #5000
 2265              	.LBB374:
 2266              	.LBB367:
  55:/home/reo/Documents/Repository/chipwhisperer/firmware/mcu/hal/chipwhisperer-fw-extra/stm32f4/stm32f4_hal_lowlevel.c **** }
 2267              		.loc 1 55 13 view .LVU785
 2268 0064 3260     		str	r2, [r6]
  55:/home/reo/Documents/Repository/chipwhisperer/firmware/mcu/hal/chipwhisperer-fw-extra/stm32f4/stm32f4_hal_lowlevel.c **** }
 2269              		.loc 1 55 16 is_stmt 1 view .LVU786
 2270              	.LVL127:
  55:/home/reo/Documents/Repository/chipwhisperer/firmware/mcu/hal/chipwhisperer-fw-extra/stm32f4/stm32f4_hal_lowlevel.c **** }
 2271              		.loc 1 55 16 is_stmt 0 view .LVU787
 2272              	.LBE367:
 2273              	.LBE374:
 497:/home/reo/Documents/Repository/chipwhisperer/firmware/mcu/hal/chipwhisperer-fw-extra/stm32f4/stm32f4_hal_lowlevel.c ****     {
 2274              		.loc 1 497 5 is_stmt 1 view .LVU788
 507:/home/reo/Documents/Repository/chipwhisperer/firmware/mcu/hal/chipwhisperer-fw-extra/stm32f4/stm32f4_hal_lowlevel.c ****     {
 2275              		.loc 1 507 10 view .LVU789
 531:/home/reo/Documents/Repository/chipwhisperer/firmware/mcu/hal/chipwhisperer-fw-extra/stm32f4/stm32f4_hal_lowlevel.c ****         {
 2276              		.loc 1 531 11 is_stmt 0 view .LVU790
 2277 0066 FF43     		mvns	r7, r7
 2278              	.LVL128:
 531:/home/reo/Documents/Repository/chipwhisperer/firmware/mcu/hal/chipwhisperer-fw-extra/stm32f4/stm32f4_hal_lowlevel.c ****         {
 2279              		.loc 1 531 11 view .LVU791
 2280 0068 06E0     		b	.L196
 2281              	.L197:
 2282              	.LBB375:
 2283              	.LBB376:
  55:/home/reo/Documents/Repository/chipwhisperer/firmware/mcu/hal/chipwhisperer-fw-extra/stm32f4/stm32f4_hal_lowlevel.c **** }
 2284              		.loc 1 55 13 view .LVU792
 2285 006a 0132     		adds	r2, r2, #1
  55:/home/reo/Documents/Repository/chipwhisperer/firmware/mcu/hal/chipwhisperer-fw-extra/stm32f4/stm32f4_hal_lowlevel.c **** }
 2286              		.loc 1 55 16 is_stmt 1 view .LVU793
 2287              	.LBE376:
 2288              	.LBE375:
 531:/home/reo/Documents/Repository/chipwhisperer/firmware/mcu/hal/chipwhisperer-fw-extra/stm32f4/stm32f4_hal_lowlevel.c ****         {
 2289              		.loc 1 531 11 is_stmt 0 view .LVU794
 2290 006c BC18     		adds	r4, r7, r2
 2291 006e 7445     		cmp	r4, lr
 2292 0070 4FF0010C 		mov	ip, #1
 2293 0074 00F28880 		bhi	.L245
 2294              	.L196:
 531:/home/reo/Documents/Repository/chipwhisperer/firmware/mcu/hal/chipwhisperer-fw-extra/stm32f4/stm32f4_hal_lowlevel.c ****         {
 2295              		.loc 1 531 9 is_stmt 1 view .LVU795
 2296              	.LBB378:
 2297              	.LBI375:
  52:/home/reo/Documents/Repository/chipwhisperer/firmware/mcu/hal/chipwhisperer-fw-extra/stm32f4/stm32f4_hal_lowlevel.c **** {
 2298              		.loc 1 52 10 view .LVU796
 2299              	.LBB377:
  54:/home/reo/Documents/Repository/chipwhisperer/firmware/mcu/hal/chipwhisperer-fw-extra/stm32f4/stm32f4_hal_lowlevel.c **** 	return tick++;;
 2300              		.loc 1 54 2 view .LVU797
  55:/home/reo/Documents/Repository/chipwhisperer/firmware/mcu/hal/chipwhisperer-fw-extra/stm32f4/stm32f4_hal_lowlevel.c **** }
 2301              		.loc 1 55 2 view .LVU798
 2302              	.LBE377:
 2303              	.LBE378:
 529:/home/reo/Documents/Repository/chipwhisperer/firmware/mcu/hal/chipwhisperer-fw-extra/stm32f4/stm32f4_hal_lowlevel.c ****       {
 2304              		.loc 1 529 12 view .LVU799
 529:/home/reo/Documents/Repository/chipwhisperer/firmware/mcu/hal/chipwhisperer-fw-extra/stm32f4/stm32f4_hal_lowlevel.c ****       {
 2305              		.loc 1 529 13 is_stmt 0 view .LVU800
 2306 0078 AC68     		ldr	r4, [r5, #8]
 529:/home/reo/Documents/Repository/chipwhisperer/firmware/mcu/hal/chipwhisperer-fw-extra/stm32f4/stm32f4_hal_lowlevel.c ****       {
 2307              		.loc 1 529 12 view .LVU801
 2308 007a 14F00C0F 		tst	r4, #12
 2309 007e F4D1     		bne	.L197
 2310              	.LVL129:
 2311              	.L240:
 529:/home/reo/Documents/Repository/chipwhisperer/firmware/mcu/hal/chipwhisperer-fw-extra/stm32f4/stm32f4_hal_lowlevel.c ****       {
 2312              		.loc 1 529 12 view .LVU802
 2313 0080 BCF1000F 		cmp	ip, #0
 2314 0084 00D0     		beq	.L182
 2315 0086 3260     		str	r2, [r6]
 2316              	.L182:
 540:/home/reo/Documents/Repository/chipwhisperer/firmware/mcu/hal/chipwhisperer-fw-extra/stm32f4/stm32f4_hal_lowlevel.c ****   {
 2317              		.loc 1 540 3 is_stmt 1 view .LVU803
 540:/home/reo/Documents/Repository/chipwhisperer/firmware/mcu/hal/chipwhisperer-fw-extra/stm32f4/stm32f4_hal_lowlevel.c ****   {
 2318              		.loc 1 540 23 is_stmt 0 view .LVU804
 2319 0088 414C     		ldr	r4, .L248
 2320 008a 2268     		ldr	r2, [r4]
 540:/home/reo/Documents/Repository/chipwhisperer/firmware/mcu/hal/chipwhisperer-fw-extra/stm32f4/stm32f4_hal_lowlevel.c ****   {
 2321              		.loc 1 540 29 view .LVU805
 2322 008c 02F00F02 		and	r2, r2, #15
 540:/home/reo/Documents/Repository/chipwhisperer/firmware/mcu/hal/chipwhisperer-fw-extra/stm32f4/stm32f4_hal_lowlevel.c ****   {
 2323              		.loc 1 540 5 view .LVU806
 2324 0090 8A42     		cmp	r2, r1
 2325 0092 09D9     		bls	.L198
 543:/home/reo/Documents/Repository/chipwhisperer/firmware/mcu/hal/chipwhisperer-fw-extra/stm32f4/stm32f4_hal_lowlevel.c **** 
 2326              		.loc 1 543 5 is_stmt 1 view .LVU807
 2327 0094 CBB2     		uxtb	r3, r1
 2328 0096 2370     		strb	r3, [r4]
 547:/home/reo/Documents/Repository/chipwhisperer/firmware/mcu/hal/chipwhisperer-fw-extra/stm32f4/stm32f4_hal_lowlevel.c ****     {
 2329              		.loc 1 547 5 view .LVU808
 547:/home/reo/Documents/Repository/chipwhisperer/firmware/mcu/hal/chipwhisperer-fw-extra/stm32f4/stm32f4_hal_lowlevel.c ****     {
 2330              		.loc 1 547 14 is_stmt 0 view .LVU809
 2331 0098 2368     		ldr	r3, [r4]
 547:/home/reo/Documents/Repository/chipwhisperer/firmware/mcu/hal/chipwhisperer-fw-extra/stm32f4/stm32f4_hal_lowlevel.c ****     {
 2332              		.loc 1 547 20 view .LVU810
 2333 009a 03F00F03 		and	r3, r3, #15
 547:/home/reo/Documents/Repository/chipwhisperer/firmware/mcu/hal/chipwhisperer-fw-extra/stm32f4/stm32f4_hal_lowlevel.c ****     {
 2334              		.loc 1 547 7 view .LVU811
 2335 009e 8B42     		cmp	r3, r1
 2336 00a0 01D0     		beq	.L246
 2337              	.L184:
 448:/home/reo/Documents/Repository/chipwhisperer/firmware/mcu/hal/chipwhisperer-fw-extra/stm32f4/stm32f4_hal_lowlevel.c ****     }
 2338              		.loc 1 448 14 view .LVU812
 2339 00a2 0120     		movs	r0, #1
 2340              	.LVL130:
 574:/home/reo/Documents/Repository/chipwhisperer/firmware/mcu/hal/chipwhisperer-fw-extra/stm32f4/stm32f4_hal_lowlevel.c **** 
 2341              		.loc 1 574 1 view .LVU813
 2342 00a4 F0BD     		pop	{r4, r5, r6, r7, pc}
 2343              	.LVL131:
 2344              	.L246:
 554:/home/reo/Documents/Repository/chipwhisperer/firmware/mcu/hal/chipwhisperer-fw-extra/stm32f4/stm32f4_hal_lowlevel.c ****   {
 2345              		.loc 1 554 25 view .LVU814
 2346 00a6 0368     		ldr	r3, [r0]
 2347              	.L198:
 554:/home/reo/Documents/Repository/chipwhisperer/firmware/mcu/hal/chipwhisperer-fw-extra/stm32f4/stm32f4_hal_lowlevel.c ****   {
 2348              		.loc 1 554 3 is_stmt 1 view .LVU815
 554:/home/reo/Documents/Repository/chipwhisperer/firmware/mcu/hal/chipwhisperer-fw-extra/stm32f4/stm32f4_hal_lowlevel.c ****   {
 2349              		.loc 1 554 5 is_stmt 0 view .LVU816
 2350 00a8 5A07     		lsls	r2, r3, #29
 2351 00aa 06D5     		bpl	.L199
 556:/home/reo/Documents/Repository/chipwhisperer/firmware/mcu/hal/chipwhisperer-fw-extra/stm32f4/stm32f4_hal_lowlevel.c ****     MODIFY_REG(RCC->CFGR, RCC_CFGR_PPRE1, RCC_ClkInitStruct->APB1CLKDivider);
 2352              		.loc 1 556 5 is_stmt 1 view .LVU817
 557:/home/reo/Documents/Repository/chipwhisperer/firmware/mcu/hal/chipwhisperer-fw-extra/stm32f4/stm32f4_hal_lowlevel.c ****   }
 2353              		.loc 1 557 5 view .LVU818
 2354 00ac 3949     		ldr	r1, .L248+4
 2355              	.LVL132:
 557:/home/reo/Documents/Repository/chipwhisperer/firmware/mcu/hal/chipwhisperer-fw-extra/stm32f4/stm32f4_hal_lowlevel.c ****   }
 2356              		.loc 1 557 5 is_stmt 0 view .LVU819
 2357 00ae C468     		ldr	r4, [r0, #12]
 2358 00b0 8A68     		ldr	r2, [r1, #8]
 2359 00b2 22F4E052 		bic	r2, r2, #7168
 2360 00b6 2243     		orrs	r2, r2, r4
 2361 00b8 8A60     		str	r2, [r1, #8]
 2362              	.L199:
 561:/home/reo/Documents/Repository/chipwhisperer/firmware/mcu/hal/chipwhisperer-fw-extra/stm32f4/stm32f4_hal_lowlevel.c ****   {
 2363              		.loc 1 561 3 is_stmt 1 view .LVU820
 561:/home/reo/Documents/Repository/chipwhisperer/firmware/mcu/hal/chipwhisperer-fw-extra/stm32f4/stm32f4_hal_lowlevel.c ****   {
 2364              		.loc 1 561 5 is_stmt 0 view .LVU821
 2365 00ba 13F00803 		ands	r3, r3, #8
 2366 00be 09D0     		beq	.L202
 563:/home/reo/Documents/Repository/chipwhisperer/firmware/mcu/hal/chipwhisperer-fw-extra/stm32f4/stm32f4_hal_lowlevel.c ****     MODIFY_REG(RCC->CFGR, RCC_CFGR_PPRE2, ((RCC_ClkInitStruct->APB2CLKDivider) << 3U));
 2367              		.loc 1 563 5 is_stmt 1 view .LVU822
 564:/home/reo/Documents/Repository/chipwhisperer/firmware/mcu/hal/chipwhisperer-fw-extra/stm32f4/stm32f4_hal_lowlevel.c ****   }
 2368              		.loc 1 564 5 view .LVU823
 2369 00c0 344A     		ldr	r2, .L248+4
 2370 00c2 0169     		ldr	r1, [r0, #16]
 2371 00c4 9368     		ldr	r3, [r2, #8]
 2372 00c6 23F46043 		bic	r3, r3, #57344
 2373 00ca 43EAC103 		orr	r3, r3, r1, lsl #3
 573:/home/reo/Documents/Repository/chipwhisperer/firmware/mcu/hal/chipwhisperer-fw-extra/stm32f4/stm32f4_hal_lowlevel.c **** }
 2374              		.loc 1 573 10 is_stmt 0 view .LVU824
 2375 00ce 0020     		movs	r0, #0
 2376              	.LVL133:
 564:/home/reo/Documents/Repository/chipwhisperer/firmware/mcu/hal/chipwhisperer-fw-extra/stm32f4/stm32f4_hal_lowlevel.c ****   }
 2377              		.loc 1 564 5 view .LVU825
 2378 00d0 9360     		str	r3, [r2, #8]
 574:/home/reo/Documents/Repository/chipwhisperer/firmware/mcu/hal/chipwhisperer-fw-extra/stm32f4/stm32f4_hal_lowlevel.c **** 
 2379              		.loc 1 574 1 view .LVU826
 2380 00d2 F0BD     		pop	{r4, r5, r6, r7, pc}
 2381              	.LVL134:
 2382              	.L202:
 573:/home/reo/Documents/Repository/chipwhisperer/firmware/mcu/hal/chipwhisperer-fw-extra/stm32f4/stm32f4_hal_lowlevel.c **** }
 2383              		.loc 1 573 10 view .LVU827
 2384 00d4 1846     		mov	r0, r3
 2385              	.LVL135:
 574:/home/reo/Documents/Repository/chipwhisperer/firmware/mcu/hal/chipwhisperer-fw-extra/stm32f4/stm32f4_hal_lowlevel.c **** 
 2386              		.loc 1 574 1 view .LVU828
 2387 00d6 F0BD     		pop	{r4, r5, r6, r7, pc}
 2388              	.LVL136:
 2389              	.L244:
 478:/home/reo/Documents/Repository/chipwhisperer/firmware/mcu/hal/chipwhisperer-fw-extra/stm32f4/stm32f4_hal_lowlevel.c ****       {
 2390              		.loc 1 478 7 is_stmt 1 view .LVU829
 478:/home/reo/Documents/Repository/chipwhisperer/firmware/mcu/hal/chipwhisperer-fw-extra/stm32f4/stm32f4_hal_lowlevel.c ****       {
 2391              		.loc 1 478 10 is_stmt 0 view .LVU830
 2392 00d8 2E4F     		ldr	r7, .L248+4
 2393 00da 3A68     		ldr	r2, [r7]
 478:/home/reo/Documents/Repository/chipwhisperer/firmware/mcu/hal/chipwhisperer-fw-extra/stm32f4/stm32f4_hal_lowlevel.c ****       {
 2394              		.loc 1 478 9 view .LVU831
 2395 00dc 9201     		lsls	r2, r2, #6
 2396 00de E0D5     		bpl	.L184
 493:/home/reo/Documents/Repository/chipwhisperer/firmware/mcu/hal/chipwhisperer-fw-extra/stm32f4/stm32f4_hal_lowlevel.c ****     /* Get Start Tick*/
 2397              		.loc 1 493 5 is_stmt 1 view .LVU832
 2398 00e0 BA68     		ldr	r2, [r7, #8]
 2399              	.LBB379:
 2400              	.LBB368:
  55:/home/reo/Documents/Repository/chipwhisperer/firmware/mcu/hal/chipwhisperer-fw-extra/stm32f4/stm32f4_hal_lowlevel.c **** }
 2401              		.loc 1 55 13 is_stmt 0 view .LVU833
 2402 00e2 2D4E     		ldr	r6, .L248+8
 2403              	.LBE368:
 2404              	.LBE379:
 493:/home/reo/Documents/Repository/chipwhisperer/firmware/mcu/hal/chipwhisperer-fw-extra/stm32f4/stm32f4_hal_lowlevel.c ****     /* Get Start Tick*/
 2405              		.loc 1 493 5 view .LVU834
 2406 00e4 22F00302 		bic	r2, r2, #3
 2407 00e8 2243     		orrs	r2, r2, r4
 2408 00ea BA60     		str	r2, [r7, #8]
 495:/home/reo/Documents/Repository/chipwhisperer/firmware/mcu/hal/chipwhisperer-fw-extra/stm32f4/stm32f4_hal_lowlevel.c **** 
 2409              		.loc 1 495 5 is_stmt 1 view .LVU835
 2410              	.LBB380:
  52:/home/reo/Documents/Repository/chipwhisperer/firmware/mcu/hal/chipwhisperer-fw-extra/stm32f4/stm32f4_hal_lowlevel.c **** {
 2411              		.loc 1 52 10 view .LVU836
 2412              	.LBB369:
  54:/home/reo/Documents/Repository/chipwhisperer/firmware/mcu/hal/chipwhisperer-fw-extra/stm32f4/stm32f4_hal_lowlevel.c **** 	return tick++;;
 2413              		.loc 1 54 2 view .LVU837
  55:/home/reo/Documents/Repository/chipwhisperer/firmware/mcu/hal/chipwhisperer-fw-extra/stm32f4/stm32f4_hal_lowlevel.c **** }
 2414              		.loc 1 55 2 view .LVU838
  55:/home/reo/Documents/Repository/chipwhisperer/firmware/mcu/hal/chipwhisperer-fw-extra/stm32f4/stm32f4_hal_lowlevel.c **** }
 2415              		.loc 1 55 13 is_stmt 0 view .LVU839
 2416 00ec 3568     		ldr	r5, [r6]
 2417              	.LBE369:
 2418              	.LBE380:
 507:/home/reo/Documents/Repository/chipwhisperer/firmware/mcu/hal/chipwhisperer-fw-extra/stm32f4/stm32f4_hal_lowlevel.c ****     {
 2419              		.loc 1 507 12 view .LVU840
 2420 00ee 022C     		cmp	r4, #2
 2421              	.LBB381:
 2422              	.LBB370:
  55:/home/reo/Documents/Repository/chipwhisperer/firmware/mcu/hal/chipwhisperer-fw-extra/stm32f4/stm32f4_hal_lowlevel.c **** }
 2423              		.loc 1 55 13 view .LVU841
 2424 00f0 05F10102 		add	r2, r5, #1
 2425 00f4 3260     		str	r2, [r6]
  55:/home/reo/Documents/Repository/chipwhisperer/firmware/mcu/hal/chipwhisperer-fw-extra/stm32f4/stm32f4_hal_lowlevel.c **** }
 2426              		.loc 1 55 16 is_stmt 1 view .LVU842
 2427              	.LVL137:
  55:/home/reo/Documents/Repository/chipwhisperer/firmware/mcu/hal/chipwhisperer-fw-extra/stm32f4/stm32f4_hal_lowlevel.c **** }
 2428              		.loc 1 55 16 is_stmt 0 view .LVU843
 2429              	.LBE370:
 2430              	.LBE381:
 497:/home/reo/Documents/Repository/chipwhisperer/firmware/mcu/hal/chipwhisperer-fw-extra/stm32f4/stm32f4_hal_lowlevel.c ****     {
 2431              		.loc 1 497 5 is_stmt 1 view .LVU844
 507:/home/reo/Documents/Repository/chipwhisperer/firmware/mcu/hal/chipwhisperer-fw-extra/stm32f4/stm32f4_hal_lowlevel.c ****     {
 2432              		.loc 1 507 10 view .LVU845
 507:/home/reo/Documents/Repository/chipwhisperer/firmware/mcu/hal/chipwhisperer-fw-extra/stm32f4/stm32f4_hal_lowlevel.c ****     {
 2433              		.loc 1 507 12 is_stmt 0 view .LVU846
 2434 00f6 36D1     		bne	.L247
 2435 00f8 05F59C55 		add	r5, r5, #4992
 2436              	.LVL138:
 507:/home/reo/Documents/Repository/chipwhisperer/firmware/mcu/hal/chipwhisperer-fw-extra/stm32f4/stm32f4_hal_lowlevel.c ****     {
 2437              		.loc 1 507 12 view .LVU847
 2438 00fc 0A35     		adds	r5, r5, #10
 2439              	.LVL139:
 507:/home/reo/Documents/Repository/chipwhisperer/firmware/mcu/hal/chipwhisperer-fw-extra/stm32f4/stm32f4_hal_lowlevel.c ****     {
 2440              		.loc 1 507 12 view .LVU848
 2441 00fe 4FF0000C 		mov	ip, #0
 2442 0102 04E0     		b	.L192
 2443              	.L193:
 2444              	.LBB382:
 2445              	.LBB383:
  55:/home/reo/Documents/Repository/chipwhisperer/firmware/mcu/hal/chipwhisperer-fw-extra/stm32f4/stm32f4_hal_lowlevel.c **** }
 2446              		.loc 1 55 13 view .LVU849
 2447 0104 0132     		adds	r2, r2, #1
  55:/home/reo/Documents/Repository/chipwhisperer/firmware/mcu/hal/chipwhisperer-fw-extra/stm32f4/stm32f4_hal_lowlevel.c **** }
 2448              		.loc 1 55 16 is_stmt 1 view .LVU850
 2449              	.LBE383:
 2450              	.LBE382:
 511:/home/reo/Documents/Repository/chipwhisperer/firmware/mcu/hal/chipwhisperer-fw-extra/stm32f4/stm32f4_hal_lowlevel.c ****         {
 2451              		.loc 1 511 11 is_stmt 0 view .LVU851
 2452 0106 9542     		cmp	r5, r2
 2453 0108 4FF0010C 		mov	ip, #1
 2454 010c 28D0     		beq	.L242
 2455              	.L192:
 511:/home/reo/Documents/Repository/chipwhisperer/firmware/mcu/hal/chipwhisperer-fw-extra/stm32f4/stm32f4_hal_lowlevel.c ****         {
 2456              		.loc 1 511 9 is_stmt 1 view .LVU852
 2457              	.LBB385:
 2458              	.LBI382:
  52:/home/reo/Documents/Repository/chipwhisperer/firmware/mcu/hal/chipwhisperer-fw-extra/stm32f4/stm32f4_hal_lowlevel.c **** {
 2459              		.loc 1 52 10 view .LVU853
 2460              	.LBB384:
  54:/home/reo/Documents/Repository/chipwhisperer/firmware/mcu/hal/chipwhisperer-fw-extra/stm32f4/stm32f4_hal_lowlevel.c **** 	return tick++;;
 2461              		.loc 1 54 2 view .LVU854
  55:/home/reo/Documents/Repository/chipwhisperer/firmware/mcu/hal/chipwhisperer-fw-extra/stm32f4/stm32f4_hal_lowlevel.c **** }
 2462              		.loc 1 55 2 view .LVU855
 2463              	.LBE384:
 2464              	.LBE385:
 509:/home/reo/Documents/Repository/chipwhisperer/firmware/mcu/hal/chipwhisperer-fw-extra/stm32f4/stm32f4_hal_lowlevel.c ****       {
 2465              		.loc 1 509 13 view .LVU856
 509:/home/reo/Documents/Repository/chipwhisperer/firmware/mcu/hal/chipwhisperer-fw-extra/stm32f4/stm32f4_hal_lowlevel.c ****       {
 2466              		.loc 1 509 14 is_stmt 0 view .LVU857
 2467 010e BC68     		ldr	r4, [r7, #8]
 2468 0110 04F00C04 		and	r4, r4, #12
 509:/home/reo/Documents/Repository/chipwhisperer/firmware/mcu/hal/chipwhisperer-fw-extra/stm32f4/stm32f4_hal_lowlevel.c ****       {
 2469              		.loc 1 509 13 view .LVU858
 2470 0114 082C     		cmp	r4, #8
 2471 0116 F5D1     		bne	.L193
 2472 0118 B2E7     		b	.L240
 2473              	.LVL140:
 2474              	.L243:
 468:/home/reo/Documents/Repository/chipwhisperer/firmware/mcu/hal/chipwhisperer-fw-extra/stm32f4/stm32f4_hal_lowlevel.c ****       {
 2475              		.loc 1 468 7 is_stmt 1 view .LVU859
 468:/home/reo/Documents/Repository/chipwhisperer/firmware/mcu/hal/chipwhisperer-fw-extra/stm32f4/stm32f4_hal_lowlevel.c ****       {
 2476              		.loc 1 468 10 is_stmt 0 view .LVU860
 2477 011a 1E4F     		ldr	r7, .L248+4
 2478 011c 3A68     		ldr	r2, [r7]
 468:/home/reo/Documents/Repository/chipwhisperer/firmware/mcu/hal/chipwhisperer-fw-extra/stm32f4/stm32f4_hal_lowlevel.c ****       {
 2479              		.loc 1 468 9 view .LVU861
 2480 011e 9403     		lsls	r4, r2, #14
 2481 0120 BFD5     		bpl	.L184
 493:/home/reo/Documents/Repository/chipwhisperer/firmware/mcu/hal/chipwhisperer-fw-extra/stm32f4/stm32f4_hal_lowlevel.c ****     /* Get Start Tick*/
 2482              		.loc 1 493 5 is_stmt 1 view .LVU862
 2483 0122 BA68     		ldr	r2, [r7, #8]
 2484              	.LBB386:
 2485              	.LBB371:
  55:/home/reo/Documents/Repository/chipwhisperer/firmware/mcu/hal/chipwhisperer-fw-extra/stm32f4/stm32f4_hal_lowlevel.c **** }
 2486              		.loc 1 55 13 is_stmt 0 view .LVU863
 2487 0124 1C4E     		ldr	r6, .L248+8
 2488              	.LBE371:
 2489              	.LBE386:
 493:/home/reo/Documents/Repository/chipwhisperer/firmware/mcu/hal/chipwhisperer-fw-extra/stm32f4/stm32f4_hal_lowlevel.c ****     /* Get Start Tick*/
 2490              		.loc 1 493 5 view .LVU864
 2491 0126 22F00302 		bic	r2, r2, #3
 2492 012a 42F00102 		orr	r2, r2, #1
 2493 012e BA60     		str	r2, [r7, #8]
 495:/home/reo/Documents/Repository/chipwhisperer/firmware/mcu/hal/chipwhisperer-fw-extra/stm32f4/stm32f4_hal_lowlevel.c **** 
 2494              		.loc 1 495 5 is_stmt 1 view .LVU865
 2495              	.LBB387:
  52:/home/reo/Documents/Repository/chipwhisperer/firmware/mcu/hal/chipwhisperer-fw-extra/stm32f4/stm32f4_hal_lowlevel.c **** {
 2496              		.loc 1 52 10 view .LVU866
 2497              	.LBB372:
  54:/home/reo/Documents/Repository/chipwhisperer/firmware/mcu/hal/chipwhisperer-fw-extra/stm32f4/stm32f4_hal_lowlevel.c **** 	return tick++;;
 2498              		.loc 1 54 2 view .LVU867
  55:/home/reo/Documents/Repository/chipwhisperer/firmware/mcu/hal/chipwhisperer-fw-extra/stm32f4/stm32f4_hal_lowlevel.c **** }
 2499              		.loc 1 55 2 view .LVU868
  55:/home/reo/Documents/Repository/chipwhisperer/firmware/mcu/hal/chipwhisperer-fw-extra/stm32f4/stm32f4_hal_lowlevel.c **** }
 2500              		.loc 1 55 13 is_stmt 0 view .LVU869
 2501 0130 3568     		ldr	r5, [r6]
 2502 0132 6C1C     		adds	r4, r5, #1
 2503 0134 05F59C55 		add	r5, r5, #4992
 2504 0138 4FF0000C 		mov	ip, #0
 2505 013c 3460     		str	r4, [r6]
  55:/home/reo/Documents/Repository/chipwhisperer/firmware/mcu/hal/chipwhisperer-fw-extra/stm32f4/stm32f4_hal_lowlevel.c **** }
 2506              		.loc 1 55 16 is_stmt 1 view .LVU870
 2507              	.LVL141:
  55:/home/reo/Documents/Repository/chipwhisperer/firmware/mcu/hal/chipwhisperer-fw-extra/stm32f4/stm32f4_hal_lowlevel.c **** }
 2508              		.loc 1 55 16 is_stmt 0 view .LVU871
 2509              	.LBE372:
 2510              	.LBE387:
 497:/home/reo/Documents/Repository/chipwhisperer/firmware/mcu/hal/chipwhisperer-fw-extra/stm32f4/stm32f4_hal_lowlevel.c ****     {
 2511              		.loc 1 497 5 is_stmt 1 view .LVU872
 2512 013e 0A35     		adds	r5, r5, #10
 2513              	.LVL142:
 497:/home/reo/Documents/Repository/chipwhisperer/firmware/mcu/hal/chipwhisperer-fw-extra/stm32f4/stm32f4_hal_lowlevel.c ****     {
 2514              		.loc 1 497 5 is_stmt 0 view .LVU873
 2515 0140 04E0     		b	.L189
 2516              	.L190:
 2517              	.LBB388:
 2518              	.LBB389:
  55:/home/reo/Documents/Repository/chipwhisperer/firmware/mcu/hal/chipwhisperer-fw-extra/stm32f4/stm32f4_hal_lowlevel.c **** }
 2519              		.loc 1 55 13 view .LVU874
 2520 0142 0134     		adds	r4, r4, #1
  55:/home/reo/Documents/Repository/chipwhisperer/firmware/mcu/hal/chipwhisperer-fw-extra/stm32f4/stm32f4_hal_lowlevel.c **** }
 2521              		.loc 1 55 16 is_stmt 1 view .LVU875
 2522              	.LBE389:
 2523              	.LBE388:
 501:/home/reo/Documents/Repository/chipwhisperer/firmware/mcu/hal/chipwhisperer-fw-extra/stm32f4/stm32f4_hal_lowlevel.c ****         {
 2524              		.loc 1 501 11 is_stmt 0 view .LVU876
 2525 0144 A542     		cmp	r5, r4
 2526 0146 4FF0010C 		mov	ip, #1
 2527 014a 09D0     		beq	.L242
 2528              	.L189:
 501:/home/reo/Documents/Repository/chipwhisperer/firmware/mcu/hal/chipwhisperer-fw-extra/stm32f4/stm32f4_hal_lowlevel.c ****         {
 2529              		.loc 1 501 9 is_stmt 1 view .LVU877
 2530              	.LBB391:
 2531              	.LBI388:
  52:/home/reo/Documents/Repository/chipwhisperer/firmware/mcu/hal/chipwhisperer-fw-extra/stm32f4/stm32f4_hal_lowlevel.c **** {
 2532              		.loc 1 52 10 view .LVU878
 2533              	.LBB390:
  54:/home/reo/Documents/Repository/chipwhisperer/firmware/mcu/hal/chipwhisperer-fw-extra/stm32f4/stm32f4_hal_lowlevel.c **** 	return tick++;;
 2534              		.loc 1 54 2 view .LVU879
  55:/home/reo/Documents/Repository/chipwhisperer/firmware/mcu/hal/chipwhisperer-fw-extra/stm32f4/stm32f4_hal_lowlevel.c **** }
 2535              		.loc 1 55 2 view .LVU880
 2536              	.LBE390:
 2537              	.LBE391:
 499:/home/reo/Documents/Repository/chipwhisperer/firmware/mcu/hal/chipwhisperer-fw-extra/stm32f4/stm32f4_hal_lowlevel.c ****       {
 2538              		.loc 1 499 13 view .LVU881
 499:/home/reo/Documents/Repository/chipwhisperer/firmware/mcu/hal/chipwhisperer-fw-extra/stm32f4/stm32f4_hal_lowlevel.c ****       {
 2539              		.loc 1 499 14 is_stmt 0 view .LVU882
 2540 014c BA68     		ldr	r2, [r7, #8]
 2541 014e 02F00C02 		and	r2, r2, #12
 499:/home/reo/Documents/Repository/chipwhisperer/firmware/mcu/hal/chipwhisperer-fw-extra/stm32f4/stm32f4_hal_lowlevel.c ****       {
 2542              		.loc 1 499 13 view .LVU883
 2543 0152 042A     		cmp	r2, #4
 2544 0154 F5D1     		bne	.L190
 2545 0156 BCF1000F 		cmp	ip, #0
 2546 015a 95D0     		beq	.L182
 2547 015c 3460     		str	r4, [r6]
 2548 015e 93E7     		b	.L182
 2549              	.LVL143:
 2550              	.L242:
 499:/home/reo/Documents/Repository/chipwhisperer/firmware/mcu/hal/chipwhisperer-fw-extra/stm32f4/stm32f4_hal_lowlevel.c ****       {
 2551              		.loc 1 499 13 view .LVU884
 2552 0160 3560     		str	r5, [r6]
 523:/home/reo/Documents/Repository/chipwhisperer/firmware/mcu/hal/chipwhisperer-fw-extra/stm32f4/stm32f4_hal_lowlevel.c ****         }
 2553              		.loc 1 523 18 view .LVU885
 2554 0162 0320     		movs	r0, #3
 2555              	.LVL144:
 574:/home/reo/Documents/Repository/chipwhisperer/firmware/mcu/hal/chipwhisperer-fw-extra/stm32f4/stm32f4_hal_lowlevel.c **** 
 2556              		.loc 1 574 1 view .LVU886
 2557 0164 F0BD     		pop	{r4, r5, r6, r7, pc}
 2558              	.LVL145:
 2559              	.L247:
 517:/home/reo/Documents/Repository/chipwhisperer/firmware/mcu/hal/chipwhisperer-fw-extra/stm32f4/stm32f4_hal_lowlevel.c ****     {
 2560              		.loc 1 517 10 is_stmt 1 view .LVU887
 2561 0166 05F59C55 		add	r5, r5, #4992
 2562              	.LVL146:
 517:/home/reo/Documents/Repository/chipwhisperer/firmware/mcu/hal/chipwhisperer-fw-extra/stm32f4/stm32f4_hal_lowlevel.c ****     {
 2563              		.loc 1 517 10 is_stmt 0 view .LVU888
 2564 016a 0A35     		adds	r5, r5, #10
 2565              	.LVL147:
 507:/home/reo/Documents/Repository/chipwhisperer/firmware/mcu/hal/chipwhisperer-fw-extra/stm32f4/stm32f4_hal_lowlevel.c ****     {
 2566              		.loc 1 507 12 view .LVU889
 2567 016c 4FF0000C 		mov	ip, #0
 2568 0170 04E0     		b	.L194
 2569              	.L195:
 2570              	.LBB392:
 2571              	.LBB393:
  55:/home/reo/Documents/Repository/chipwhisperer/firmware/mcu/hal/chipwhisperer-fw-extra/stm32f4/stm32f4_hal_lowlevel.c **** }
 2572              		.loc 1 55 13 view .LVU890
 2573 0172 0132     		adds	r2, r2, #1
  55:/home/reo/Documents/Repository/chipwhisperer/firmware/mcu/hal/chipwhisperer-fw-extra/stm32f4/stm32f4_hal_lowlevel.c **** }
 2574              		.loc 1 55 16 is_stmt 1 view .LVU891
 2575              	.LBE393:
 2576              	.LBE392:
 521:/home/reo/Documents/Repository/chipwhisperer/firmware/mcu/hal/chipwhisperer-fw-extra/stm32f4/stm32f4_hal_lowlevel.c ****         {
 2577              		.loc 1 521 11 is_stmt 0 view .LVU892
 2578 0174 9542     		cmp	r5, r2
 2579 0176 4FF0010C 		mov	ip, #1
 2580 017a F1D0     		beq	.L242
 2581              	.L194:
 521:/home/reo/Documents/Repository/chipwhisperer/firmware/mcu/hal/chipwhisperer-fw-extra/stm32f4/stm32f4_hal_lowlevel.c ****         {
 2582              		.loc 1 521 9 is_stmt 1 view .LVU893
 2583              	.LBB395:
 2584              	.LBI392:
  52:/home/reo/Documents/Repository/chipwhisperer/firmware/mcu/hal/chipwhisperer-fw-extra/stm32f4/stm32f4_hal_lowlevel.c **** {
 2585              		.loc 1 52 10 view .LVU894
 2586              	.LBB394:
  54:/home/reo/Documents/Repository/chipwhisperer/firmware/mcu/hal/chipwhisperer-fw-extra/stm32f4/stm32f4_hal_lowlevel.c **** 	return tick++;;
 2587              		.loc 1 54 2 view .LVU895
  55:/home/reo/Documents/Repository/chipwhisperer/firmware/mcu/hal/chipwhisperer-fw-extra/stm32f4/stm32f4_hal_lowlevel.c **** }
 2588              		.loc 1 55 2 view .LVU896
 2589              	.LBE394:
 2590              	.LBE395:
 519:/home/reo/Documents/Repository/chipwhisperer/firmware/mcu/hal/chipwhisperer-fw-extra/stm32f4/stm32f4_hal_lowlevel.c ****       {
 2591              		.loc 1 519 13 view .LVU897
 519:/home/reo/Documents/Repository/chipwhisperer/firmware/mcu/hal/chipwhisperer-fw-extra/stm32f4/stm32f4_hal_lowlevel.c ****       {
 2592              		.loc 1 519 14 is_stmt 0 view .LVU898
 2593 017c BC68     		ldr	r4, [r7, #8]
 2594 017e 04F00C04 		and	r4, r4, #12
 519:/home/reo/Documents/Repository/chipwhisperer/firmware/mcu/hal/chipwhisperer-fw-extra/stm32f4/stm32f4_hal_lowlevel.c ****       {
 2595              		.loc 1 519 13 view .LVU899
 2596 0182 0C2C     		cmp	r4, #12
 2597 0184 F5D1     		bne	.L195
 2598 0186 7BE7     		b	.L240
 2599              	.LVL148:
 2600              	.L245:
 519:/home/reo/Documents/Repository/chipwhisperer/firmware/mcu/hal/chipwhisperer-fw-extra/stm32f4/stm32f4_hal_lowlevel.c ****       {
 2601              		.loc 1 519 13 view .LVU900
 2602 0188 3260     		str	r2, [r6]
 533:/home/reo/Documents/Repository/chipwhisperer/firmware/mcu/hal/chipwhisperer-fw-extra/stm32f4/stm32f4_hal_lowlevel.c ****         }
 2603              		.loc 1 533 18 view .LVU901
 2604 018a 0320     		movs	r0, #3
 2605              	.LVL149:
 574:/home/reo/Documents/Repository/chipwhisperer/firmware/mcu/hal/chipwhisperer-fw-extra/stm32f4/stm32f4_hal_lowlevel.c **** 
 2606              		.loc 1 574 1 view .LVU902
 2607 018c F0BD     		pop	{r4, r5, r6, r7, pc}
 2608              	.LVL150:
 2609              	.L249:
 574:/home/reo/Documents/Repository/chipwhisperer/firmware/mcu/hal/chipwhisperer-fw-extra/stm32f4/stm32f4_hal_lowlevel.c **** 
 2610              		.loc 1 574 1 view .LVU903
 2611 018e 00BF     		.align	2
 2612              	.L248:
 2613 0190 003C0240 		.word	1073888256
 2614 0194 00380240 		.word	1073887232
 2615 0198 00000000 		.word	.LANCHOR0
 2616              		.cfi_endproc
 2617              	.LFE129:
 2619              		.section	.text.HAL_RCC_GetPCLK1Freq,"ax",%progbits
 2620              		.align	1
 2621              		.p2align 2,,3
 2622              		.global	HAL_RCC_GetPCLK1Freq
 2623              		.syntax unified
 2624              		.thumb
 2625              		.thumb_func
 2626              		.fpu softvfp
 2628              	HAL_RCC_GetPCLK1Freq:
 2629              	.LFB130:
 583:/home/reo/Documents/Repository/chipwhisperer/firmware/mcu/hal/chipwhisperer-fw-extra/stm32f4/stm32f4_hal_lowlevel.c ****   /* Get HCLK source and Compute PCLK1 frequency ---------------------------*/
 2630              		.loc 1 583 1 is_stmt 1 view -0
 2631              		.cfi_startproc
 2632              		@ args = 0, pretend = 0, frame = 0
 2633              		@ frame_needed = 0, uses_anonymous_args = 0
 2634              		@ link register save eliminated.
 586:/home/reo/Documents/Repository/chipwhisperer/firmware/mcu/hal/chipwhisperer-fw-extra/stm32f4/stm32f4_hal_lowlevel.c **** }
 2635              		.loc 1 586 3 view .LVU905
 587:/home/reo/Documents/Repository/chipwhisperer/firmware/mcu/hal/chipwhisperer-fw-extra/stm32f4/stm32f4_hal_lowlevel.c **** 
 2636              		.loc 1 587 1 is_stmt 0 view .LVU906
 2637 0000 0048     		ldr	r0, .L251
 2638 0002 7047     		bx	lr
 2639              	.L252:
 2640              		.align	2
 2641              	.L251:
 2642 0004 10757000 		.word	7370000
 2643              		.cfi_endproc
 2644              	.LFE130:
 2646              		.section	.text.HAL_RCC_GetPCLK2Freq,"ax",%progbits
 2647              		.align	1
 2648              		.p2align 2,,3
 2649              		.global	HAL_RCC_GetPCLK2Freq
 2650              		.syntax unified
 2651              		.thumb
 2652              		.thumb_func
 2653              		.fpu softvfp
 2655              	HAL_RCC_GetPCLK2Freq:
 2656              	.LFB146:
 2657              		.cfi_startproc
 2658              		@ args = 0, pretend = 0, frame = 0
 2659              		@ frame_needed = 0, uses_anonymous_args = 0
 2660              		@ link register save eliminated.
 2661 0000 0048     		ldr	r0, .L254
 2662 0002 7047     		bx	lr
 2663              	.L255:
 2664              		.align	2
 2665              	.L254:
 2666 0004 10757000 		.word	7370000
 2667              		.cfi_endproc
 2668              	.LFE146:
 2670              		.section	.text.HAL_GPIO_Init,"ax",%progbits
 2671              		.align	1
 2672              		.p2align 2,,3
 2673              		.global	HAL_GPIO_Init
 2674              		.syntax unified
 2675              		.thumb
 2676              		.thumb_func
 2677              		.fpu softvfp
 2679              	HAL_GPIO_Init:
 2680              	.LVL151:
 2681              	.LFB132:
 623:/home/reo/Documents/Repository/chipwhisperer/firmware/mcu/hal/chipwhisperer-fw-extra/stm32f4/stm32f4_hal_lowlevel.c ****   uint32_t position;
 2682              		.loc 1 623 1 is_stmt 1 view -0
 2683              		.cfi_startproc
 2684              		@ args = 0, pretend = 0, frame = 8
 2685              		@ frame_needed = 0, uses_anonymous_args = 0
 624:/home/reo/Documents/Repository/chipwhisperer/firmware/mcu/hal/chipwhisperer-fw-extra/stm32f4/stm32f4_hal_lowlevel.c ****   uint32_t ioposition = 0x00U;
 2686              		.loc 1 624 3 view .LVU908
 625:/home/reo/Documents/Repository/chipwhisperer/firmware/mcu/hal/chipwhisperer-fw-extra/stm32f4/stm32f4_hal_lowlevel.c ****   uint32_t iocurrent = 0x00U;
 2687              		.loc 1 625 3 view .LVU909
 626:/home/reo/Documents/Repository/chipwhisperer/firmware/mcu/hal/chipwhisperer-fw-extra/stm32f4/stm32f4_hal_lowlevel.c ****   uint32_t temp = 0x00U;
 2688              		.loc 1 626 3 view .LVU910
 627:/home/reo/Documents/Repository/chipwhisperer/firmware/mcu/hal/chipwhisperer-fw-extra/stm32f4/stm32f4_hal_lowlevel.c **** 
 2689              		.loc 1 627 3 view .LVU911
 630:/home/reo/Documents/Repository/chipwhisperer/firmware/mcu/hal/chipwhisperer-fw-extra/stm32f4/stm32f4_hal_lowlevel.c ****   assert_param(IS_GPIO_PIN(GPIO_Init->Pin));
 2690              		.loc 1 630 3 view .LVU912
 631:/home/reo/Documents/Repository/chipwhisperer/firmware/mcu/hal/chipwhisperer-fw-extra/stm32f4/stm32f4_hal_lowlevel.c ****   assert_param(IS_GPIO_MODE(GPIO_Init->Mode));
 2691              		.loc 1 631 3 view .LVU913
 632:/home/reo/Documents/Repository/chipwhisperer/firmware/mcu/hal/chipwhisperer-fw-extra/stm32f4/stm32f4_hal_lowlevel.c ****   assert_param(IS_GPIO_PULL(GPIO_Init->Pull));
 2692              		.loc 1 632 3 view .LVU914
 633:/home/reo/Documents/Repository/chipwhisperer/firmware/mcu/hal/chipwhisperer-fw-extra/stm32f4/stm32f4_hal_lowlevel.c **** 
 2693              		.loc 1 633 3 view .LVU915
 636:/home/reo/Documents/Repository/chipwhisperer/firmware/mcu/hal/chipwhisperer-fw-extra/stm32f4/stm32f4_hal_lowlevel.c ****   {
 2694              		.loc 1 636 3 view .LVU916
 636:/home/reo/Documents/Repository/chipwhisperer/firmware/mcu/hal/chipwhisperer-fw-extra/stm32f4/stm32f4_hal_lowlevel.c ****   {
 2695              		.loc 1 636 22 view .LVU917
 623:/home/reo/Documents/Repository/chipwhisperer/firmware/mcu/hal/chipwhisperer-fw-extra/stm32f4/stm32f4_hal_lowlevel.c ****   uint32_t position;
 2696              		.loc 1 623 1 is_stmt 0 view .LVU918
 2697 0000 2DE9F04F 		push	{r4, r5, r6, r7, r8, r9, r10, fp, lr}
 2698              	.LCFI16:
 2699              		.cfi_def_cfa_offset 36
 2700              		.cfi_offset 4, -36
 2701              		.cfi_offset 5, -32
 2702              		.cfi_offset 6, -28
 2703              		.cfi_offset 7, -24
 2704              		.cfi_offset 8, -20
 2705              		.cfi_offset 9, -16
 2706              		.cfi_offset 10, -12
 2707              		.cfi_offset 11, -8
 2708              		.cfi_offset 14, -4
 636:/home/reo/Documents/Repository/chipwhisperer/firmware/mcu/hal/chipwhisperer-fw-extra/stm32f4/stm32f4_hal_lowlevel.c ****   {
 2709              		.loc 1 636 16 view .LVU919
 2710 0004 0023     		movs	r3, #0
 641:/home/reo/Documents/Repository/chipwhisperer/firmware/mcu/hal/chipwhisperer-fw-extra/stm32f4/stm32f4_hal_lowlevel.c **** 
 2711              		.loc 1 641 37 view .LVU920
 2712 0006 0D68     		ldr	r5, [r1]
 2713              	.LBB396:
 694:/home/reo/Documents/Repository/chipwhisperer/firmware/mcu/hal/chipwhisperer-fw-extra/stm32f4/stm32f4_hal_lowlevel.c **** 
 2714              		.loc 1 694 9 view .LVU921
 2715 0008 DFF83482 		ldr	r8, .L293
 2716              	.LBE396:
 702:/home/reo/Documents/Repository/chipwhisperer/firmware/mcu/hal/chipwhisperer-fw-extra/stm32f4/stm32f4_hal_lowlevel.c ****         temp &= ~((uint32_t)iocurrent);
 2717              		.loc 1 702 14 view .LVU922
 2718 000c 8D4F     		ldr	r7, .L293+4
 623:/home/reo/Documents/Repository/chipwhisperer/firmware/mcu/hal/chipwhisperer-fw-extra/stm32f4/stm32f4_hal_lowlevel.c ****   uint32_t position;
 2719              		.loc 1 623 1 view .LVU923
 2720 000e 83B0     		sub	sp, sp, #12
 2721              	.LCFI17:
 2722              		.cfi_def_cfa_offset 48
 2723 0010 03E0     		b	.L279
 2724              	.LVL152:
 2725              	.L258:
 636:/home/reo/Documents/Repository/chipwhisperer/firmware/mcu/hal/chipwhisperer-fw-extra/stm32f4/stm32f4_hal_lowlevel.c ****   {
 2726              		.loc 1 636 46 is_stmt 1 discriminator 2 view .LVU924
 636:/home/reo/Documents/Repository/chipwhisperer/firmware/mcu/hal/chipwhisperer-fw-extra/stm32f4/stm32f4_hal_lowlevel.c ****   {
 2727              		.loc 1 636 54 is_stmt 0 discriminator 2 view .LVU925
 2728 0012 0133     		adds	r3, r3, #1
 2729              	.LVL153:
 636:/home/reo/Documents/Repository/chipwhisperer/firmware/mcu/hal/chipwhisperer-fw-extra/stm32f4/stm32f4_hal_lowlevel.c ****   {
 2730              		.loc 1 636 22 is_stmt 1 discriminator 2 view .LVU926
 636:/home/reo/Documents/Repository/chipwhisperer/firmware/mcu/hal/chipwhisperer-fw-extra/stm32f4/stm32f4_hal_lowlevel.c ****   {
 2731              		.loc 1 636 3 is_stmt 0 discriminator 2 view .LVU927
 2732 0014 102B     		cmp	r3, #16
 2733 0016 00F0A580 		beq	.L285
 2734              	.LVL154:
 2735              	.L279:
 639:/home/reo/Documents/Repository/chipwhisperer/firmware/mcu/hal/chipwhisperer-fw-extra/stm32f4/stm32f4_hal_lowlevel.c ****     /* Get the current IO position */
 2736              		.loc 1 639 5 is_stmt 1 view .LVU928
 639:/home/reo/Documents/Repository/chipwhisperer/firmware/mcu/hal/chipwhisperer-fw-extra/stm32f4/stm32f4_hal_lowlevel.c ****     /* Get the current IO position */
 2737              		.loc 1 639 16 is_stmt 0 view .LVU929
 2738 001a 0122     		movs	r2, #1
 2739 001c 9A40     		lsls	r2, r2, r3
 2740              	.LVL155:
 641:/home/reo/Documents/Repository/chipwhisperer/firmware/mcu/hal/chipwhisperer-fw-extra/stm32f4/stm32f4_hal_lowlevel.c **** 
 2741              		.loc 1 641 5 is_stmt 1 view .LVU930
 643:/home/reo/Documents/Repository/chipwhisperer/firmware/mcu/hal/chipwhisperer-fw-extra/stm32f4/stm32f4_hal_lowlevel.c ****     {
 2742              		.loc 1 643 7 is_stmt 0 view .LVU931
 2743 001e 32EA0504 		bics	r4, r2, r5
 641:/home/reo/Documents/Repository/chipwhisperer/firmware/mcu/hal/chipwhisperer-fw-extra/stm32f4/stm32f4_hal_lowlevel.c **** 
 2744              		.loc 1 641 15 view .LVU932
 2745 0022 02EA050C 		and	ip, r2, r5
 2746              	.LVL156:
 643:/home/reo/Documents/Repository/chipwhisperer/firmware/mcu/hal/chipwhisperer-fw-extra/stm32f4/stm32f4_hal_lowlevel.c ****     {
 2747              		.loc 1 643 5 is_stmt 1 view .LVU933
 643:/home/reo/Documents/Repository/chipwhisperer/firmware/mcu/hal/chipwhisperer-fw-extra/stm32f4/stm32f4_hal_lowlevel.c ****     {
 2748              		.loc 1 643 7 is_stmt 0 view .LVU934
 2749 0026 F4D1     		bne	.L258
 647:/home/reo/Documents/Repository/chipwhisperer/firmware/mcu/hal/chipwhisperer-fw-extra/stm32f4/stm32f4_hal_lowlevel.c ****       {
 2750              		.loc 1 647 7 is_stmt 1 view .LVU935
 647:/home/reo/Documents/Repository/chipwhisperer/firmware/mcu/hal/chipwhisperer-fw-extra/stm32f4/stm32f4_hal_lowlevel.c ****       {
 2751              		.loc 1 647 20 is_stmt 0 view .LVU936
 2752 0028 4E68     		ldr	r6, [r1, #4]
 647:/home/reo/Documents/Repository/chipwhisperer/firmware/mcu/hal/chipwhisperer-fw-extra/stm32f4/stm32f4_hal_lowlevel.c ****       {
 2753              		.loc 1 647 9 view .LVU937
 2754 002a 26F01009 		bic	r9, r6, #16
 2755 002e B9F1020F 		cmp	r9, #2
 2756 0032 00F09A80 		beq	.L286
 659:/home/reo/Documents/Repository/chipwhisperer/firmware/mcu/hal/chipwhisperer-fw-extra/stm32f4/stm32f4_hal_lowlevel.c ****       temp &= ~(GPIO_MODER_MODER0 << (position * 2U));
 2757              		.loc 1 659 7 is_stmt 1 view .LVU938
 659:/home/reo/Documents/Repository/chipwhisperer/firmware/mcu/hal/chipwhisperer-fw-extra/stm32f4/stm32f4_hal_lowlevel.c ****       temp &= ~(GPIO_MODER_MODER0 << (position * 2U));
 2758              		.loc 1 659 12 is_stmt 0 view .LVU939
 2759 0036 D0F800B0 		ldr	fp, [r0]
 2760              	.LVL157:
 660:/home/reo/Documents/Repository/chipwhisperer/firmware/mcu/hal/chipwhisperer-fw-extra/stm32f4/stm32f4_hal_lowlevel.c ****       temp |= ((GPIO_Init->Mode & GPIO_MODE) << (position * 2U));
 2761              		.loc 1 660 7 is_stmt 1 view .LVU940
 2762 003a 4FEA430E 		lsl	lr, r3, #1
 660:/home/reo/Documents/Repository/chipwhisperer/firmware/mcu/hal/chipwhisperer-fw-extra/stm32f4/stm32f4_hal_lowlevel.c ****       temp |= ((GPIO_Init->Mode & GPIO_MODE) << (position * 2U));
 2763              		.loc 1 660 35 is_stmt 0 view .LVU941
 2764 003e 0324     		movs	r4, #3
 2765 0040 04FA0EF4 		lsl	r4, r4, lr
 661:/home/reo/Documents/Repository/chipwhisperer/firmware/mcu/hal/chipwhisperer-fw-extra/stm32f4/stm32f4_hal_lowlevel.c ****       GPIOx->MODER = temp;
 2766              		.loc 1 661 33 view .LVU942
 2767 0044 06F0030A 		and	r10, r6, #3
 660:/home/reo/Documents/Repository/chipwhisperer/firmware/mcu/hal/chipwhisperer-fw-extra/stm32f4/stm32f4_hal_lowlevel.c ****       temp |= ((GPIO_Init->Mode & GPIO_MODE) << (position * 2U));
 2768              		.loc 1 660 12 view .LVU943
 2769 0048 2BEA040B 		bic	fp, fp, r4
 2770              	.LVL158:
 661:/home/reo/Documents/Repository/chipwhisperer/firmware/mcu/hal/chipwhisperer-fw-extra/stm32f4/stm32f4_hal_lowlevel.c ****       GPIOx->MODER = temp;
 2771              		.loc 1 661 7 is_stmt 1 view .LVU944
 665:/home/reo/Documents/Repository/chipwhisperer/firmware/mcu/hal/chipwhisperer-fw-extra/stm32f4/stm32f4_hal_lowlevel.c ****          (GPIO_Init->Mode == GPIO_MODE_OUTPUT_OD) || (GPIO_Init->Mode == GPIO_MODE_AF_OD))
 2772              		.loc 1 665 9 is_stmt 0 view .LVU945
 2773 004c 09F1FF39 		add	r9, r9, #-1
 661:/home/reo/Documents/Repository/chipwhisperer/firmware/mcu/hal/chipwhisperer-fw-extra/stm32f4/stm32f4_hal_lowlevel.c ****       GPIOx->MODER = temp;
 2774              		.loc 1 661 46 view .LVU946
 2775 0050 0AFA0EFA 		lsl	r10, r10, lr
 661:/home/reo/Documents/Repository/chipwhisperer/firmware/mcu/hal/chipwhisperer-fw-extra/stm32f4/stm32f4_hal_lowlevel.c ****       GPIOx->MODER = temp;
 2776              		.loc 1 661 12 view .LVU947
 2777 0054 4AEA0B0A 		orr	r10, r10, fp
 2778              	.LVL159:
 662:/home/reo/Documents/Repository/chipwhisperer/firmware/mcu/hal/chipwhisperer-fw-extra/stm32f4/stm32f4_hal_lowlevel.c **** 
 2779              		.loc 1 662 7 is_stmt 1 view .LVU948
 665:/home/reo/Documents/Repository/chipwhisperer/firmware/mcu/hal/chipwhisperer-fw-extra/stm32f4/stm32f4_hal_lowlevel.c ****          (GPIO_Init->Mode == GPIO_MODE_OUTPUT_OD) || (GPIO_Init->Mode == GPIO_MODE_AF_OD))
 2780              		.loc 1 665 9 is_stmt 0 view .LVU949
 2781 0058 B9F1010F 		cmp	r9, #1
 660:/home/reo/Documents/Repository/chipwhisperer/firmware/mcu/hal/chipwhisperer-fw-extra/stm32f4/stm32f4_hal_lowlevel.c ****       temp |= ((GPIO_Init->Mode & GPIO_MODE) << (position * 2U));
 2782              		.loc 1 660 15 view .LVU950
 2783 005c 6FEA0404 		mvn	r4, r4
 662:/home/reo/Documents/Repository/chipwhisperer/firmware/mcu/hal/chipwhisperer-fw-extra/stm32f4/stm32f4_hal_lowlevel.c **** 
 2784              		.loc 1 662 20 view .LVU951
 2785 0060 C0F800A0 		str	r10, [r0]
 665:/home/reo/Documents/Repository/chipwhisperer/firmware/mcu/hal/chipwhisperer-fw-extra/stm32f4/stm32f4_hal_lowlevel.c ****          (GPIO_Init->Mode == GPIO_MODE_OUTPUT_OD) || (GPIO_Init->Mode == GPIO_MODE_AF_OD))
 2786              		.loc 1 665 7 is_stmt 1 view .LVU952
 665:/home/reo/Documents/Repository/chipwhisperer/firmware/mcu/hal/chipwhisperer-fw-extra/stm32f4/stm32f4_hal_lowlevel.c ****          (GPIO_Init->Mode == GPIO_MODE_OUTPUT_OD) || (GPIO_Init->Mode == GPIO_MODE_AF_OD))
 2787              		.loc 1 665 9 is_stmt 0 view .LVU953
 2788 0064 40F2AA80 		bls	.L260
 2789              	.LVL160:
 2790              	.L261:
 684:/home/reo/Documents/Repository/chipwhisperer/firmware/mcu/hal/chipwhisperer-fw-extra/stm32f4/stm32f4_hal_lowlevel.c ****       temp &= ~(GPIO_PUPDR_PUPDR0 << (position * 2U));
 2791              		.loc 1 684 7 is_stmt 1 view .LVU954
 684:/home/reo/Documents/Repository/chipwhisperer/firmware/mcu/hal/chipwhisperer-fw-extra/stm32f4/stm32f4_hal_lowlevel.c ****       temp &= ~(GPIO_PUPDR_PUPDR0 << (position * 2U));
 2792              		.loc 1 684 12 is_stmt 0 view .LVU955
 2793 0068 C268     		ldr	r2, [r0, #12]
 2794              	.LVL161:
 685:/home/reo/Documents/Repository/chipwhisperer/firmware/mcu/hal/chipwhisperer-fw-extra/stm32f4/stm32f4_hal_lowlevel.c ****       temp |= ((GPIO_Init->Pull) << (position * 2U));
 2795              		.loc 1 685 7 is_stmt 1 view .LVU956
 685:/home/reo/Documents/Repository/chipwhisperer/firmware/mcu/hal/chipwhisperer-fw-extra/stm32f4/stm32f4_hal_lowlevel.c ****       temp |= ((GPIO_Init->Pull) << (position * 2U));
 2796              		.loc 1 685 12 is_stmt 0 view .LVU957
 2797 006a 1440     		ands	r4, r4, r2
 2798              	.LVL162:
 686:/home/reo/Documents/Repository/chipwhisperer/firmware/mcu/hal/chipwhisperer-fw-extra/stm32f4/stm32f4_hal_lowlevel.c ****       GPIOx->PUPDR = temp;
 2799              		.loc 1 686 7 is_stmt 1 view .LVU958
 686:/home/reo/Documents/Repository/chipwhisperer/firmware/mcu/hal/chipwhisperer-fw-extra/stm32f4/stm32f4_hal_lowlevel.c ****       GPIOx->PUPDR = temp;
 2800              		.loc 1 686 34 is_stmt 0 view .LVU959
 2801 006c 8A68     		ldr	r2, [r1, #8]
 2802 006e 02FA0EF2 		lsl	r2, r2, lr
 686:/home/reo/Documents/Repository/chipwhisperer/firmware/mcu/hal/chipwhisperer-fw-extra/stm32f4/stm32f4_hal_lowlevel.c ****       GPIOx->PUPDR = temp;
 2803              		.loc 1 686 12 view .LVU960
 2804 0072 2243     		orrs	r2, r2, r4
 2805              	.LVL163:
 687:/home/reo/Documents/Repository/chipwhisperer/firmware/mcu/hal/chipwhisperer-fw-extra/stm32f4/stm32f4_hal_lowlevel.c **** 
 2806              		.loc 1 687 7 is_stmt 1 view .LVU961
 687:/home/reo/Documents/Repository/chipwhisperer/firmware/mcu/hal/chipwhisperer-fw-extra/stm32f4/stm32f4_hal_lowlevel.c **** 
 2807              		.loc 1 687 20 is_stmt 0 view .LVU962
 2808 0074 C260     		str	r2, [r0, #12]
 691:/home/reo/Documents/Repository/chipwhisperer/firmware/mcu/hal/chipwhisperer-fw-extra/stm32f4/stm32f4_hal_lowlevel.c ****       {
 2809              		.loc 1 691 7 is_stmt 1 view .LVU963
 691:/home/reo/Documents/Repository/chipwhisperer/firmware/mcu/hal/chipwhisperer-fw-extra/stm32f4/stm32f4_hal_lowlevel.c ****       {
 2810              		.loc 1 691 9 is_stmt 0 view .LVU964
 2811 0076 F200     		lsls	r2, r6, #3
 2812              	.LVL164:
 691:/home/reo/Documents/Repository/chipwhisperer/firmware/mcu/hal/chipwhisperer-fw-extra/stm32f4/stm32f4_hal_lowlevel.c ****       {
 2813              		.loc 1 691 9 view .LVU965
 2814 0078 CBD5     		bpl	.L258
 694:/home/reo/Documents/Repository/chipwhisperer/firmware/mcu/hal/chipwhisperer-fw-extra/stm32f4/stm32f4_hal_lowlevel.c **** 
 2815              		.loc 1 694 9 is_stmt 1 view .LVU966
 2816              	.LBB397:
 694:/home/reo/Documents/Repository/chipwhisperer/firmware/mcu/hal/chipwhisperer-fw-extra/stm32f4/stm32f4_hal_lowlevel.c **** 
 2817              		.loc 1 694 9 view .LVU967
 2818 007a 0022     		movs	r2, #0
 2819 007c 0192     		str	r2, [sp, #4]
 2820              	.LVL165:
 694:/home/reo/Documents/Repository/chipwhisperer/firmware/mcu/hal/chipwhisperer-fw-extra/stm32f4/stm32f4_hal_lowlevel.c **** 
 2821              		.loc 1 694 9 view .LVU968
 2822 007e D8F84420 		ldr	r2, [r8, #68]
 2823 0082 42F48042 		orr	r2, r2, #16384
 2824 0086 C8F84420 		str	r2, [r8, #68]
 2825              	.LVL166:
 694:/home/reo/Documents/Repository/chipwhisperer/firmware/mcu/hal/chipwhisperer-fw-extra/stm32f4/stm32f4_hal_lowlevel.c **** 
 2826              		.loc 1 694 9 view .LVU969
 2827 008a D8F84420 		ldr	r2, [r8, #68]
 2828 008e 02F48042 		and	r2, r2, #16384
 2829 0092 0192     		str	r2, [sp, #4]
 694:/home/reo/Documents/Repository/chipwhisperer/firmware/mcu/hal/chipwhisperer-fw-extra/stm32f4/stm32f4_hal_lowlevel.c **** 
 2830              		.loc 1 694 9 view .LVU970
 2831 0094 019A     		ldr	r2, [sp, #4]
 2832              	.LBE397:
 694:/home/reo/Documents/Repository/chipwhisperer/firmware/mcu/hal/chipwhisperer-fw-extra/stm32f4/stm32f4_hal_lowlevel.c **** 
 2833              		.loc 1 694 9 view .LVU971
 696:/home/reo/Documents/Repository/chipwhisperer/firmware/mcu/hal/chipwhisperer-fw-extra/stm32f4/stm32f4_hal_lowlevel.c ****         temp &= ~(0x0FU << (4U * (position & 0x03U)));
 2834              		.loc 1 696 9 view .LVU972
 2835 0096 23F00302 		bic	r2, r3, #3
 2836 009a 02F18042 		add	r2, r2, #1073741824
 2837 009e 02F59C32 		add	r2, r2, #79872
 697:/home/reo/Documents/Repository/chipwhisperer/firmware/mcu/hal/chipwhisperer-fw-extra/stm32f4/stm32f4_hal_lowlevel.c ****         temp |= ((uint32_t)(GPIO_GET_INDEX(GPIOx)) << (4U * (position & 0x03U)));
 2838              		.loc 1 697 44 is_stmt 0 view .LVU973
 2839 00a2 03F00309 		and	r9, r3, #3
 696:/home/reo/Documents/Repository/chipwhisperer/firmware/mcu/hal/chipwhisperer-fw-extra/stm32f4/stm32f4_hal_lowlevel.c ****         temp &= ~(0x0FU << (4U * (position & 0x03U)));
 2840              		.loc 1 696 14 view .LVU974
 2841 00a6 D2F808E0 		ldr	lr, [r2, #8]
 2842              	.LVL167:
 697:/home/reo/Documents/Repository/chipwhisperer/firmware/mcu/hal/chipwhisperer-fw-extra/stm32f4/stm32f4_hal_lowlevel.c ****         temp |= ((uint32_t)(GPIO_GET_INDEX(GPIOx)) << (4U * (position & 0x03U)));
 2843              		.loc 1 697 9 is_stmt 1 view .LVU975
 697:/home/reo/Documents/Repository/chipwhisperer/firmware/mcu/hal/chipwhisperer-fw-extra/stm32f4/stm32f4_hal_lowlevel.c ****         temp |= ((uint32_t)(GPIO_GET_INDEX(GPIOx)) << (4U * (position & 0x03U)));
 2844              		.loc 1 697 32 is_stmt 0 view .LVU976
 2845 00aa 4FEA8909 		lsl	r9, r9, #2
 697:/home/reo/Documents/Repository/chipwhisperer/firmware/mcu/hal/chipwhisperer-fw-extra/stm32f4/stm32f4_hal_lowlevel.c ****         temp |= ((uint32_t)(GPIO_GET_INDEX(GPIOx)) << (4U * (position & 0x03U)));
 2846              		.loc 1 697 25 view .LVU977
 2847 00ae 0F24     		movs	r4, #15
 2848 00b0 04FA09F4 		lsl	r4, r4, r9
 697:/home/reo/Documents/Repository/chipwhisperer/firmware/mcu/hal/chipwhisperer-fw-extra/stm32f4/stm32f4_hal_lowlevel.c ****         temp |= ((uint32_t)(GPIO_GET_INDEX(GPIOx)) << (4U * (position & 0x03U)));
 2849              		.loc 1 697 14 view .LVU978
 2850 00b4 2EEA0404 		bic	r4, lr, r4
 2851              	.LVL168:
 698:/home/reo/Documents/Repository/chipwhisperer/firmware/mcu/hal/chipwhisperer-fw-extra/stm32f4/stm32f4_hal_lowlevel.c ****         SYSCFG->EXTICR[position >> 2U] = temp;
 2852              		.loc 1 698 9 is_stmt 1 view .LVU979
 698:/home/reo/Documents/Repository/chipwhisperer/firmware/mcu/hal/chipwhisperer-fw-extra/stm32f4/stm32f4_hal_lowlevel.c ****         SYSCFG->EXTICR[position >> 2U] = temp;
 2853              		.loc 1 698 18 is_stmt 0 view .LVU980
 2854 00b8 DFF88CE1 		ldr	lr, .L293+8
 2855 00bc 7045     		cmp	r0, lr
 2856 00be 29D0     		beq	.L263
 698:/home/reo/Documents/Repository/chipwhisperer/firmware/mcu/hal/chipwhisperer-fw-extra/stm32f4/stm32f4_hal_lowlevel.c ****         SYSCFG->EXTICR[position >> 2U] = temp;
 2857              		.loc 1 698 29 discriminator 1 view .LVU981
 2858 00c0 0EF5806E 		add	lr, lr, #1024
 2859 00c4 7045     		cmp	r0, lr
 2860 00c6 00F09080 		beq	.L287
 698:/home/reo/Documents/Repository/chipwhisperer/firmware/mcu/hal/chipwhisperer-fw-extra/stm32f4/stm32f4_hal_lowlevel.c ****         SYSCFG->EXTICR[position >> 2U] = temp;
 2861              		.loc 1 698 29 discriminator 3 view .LVU982
 2862 00ca DFF880E1 		ldr	lr, .L293+12
 2863 00ce 7045     		cmp	r0, lr
 2864 00d0 00F09280 		beq	.L288
 698:/home/reo/Documents/Repository/chipwhisperer/firmware/mcu/hal/chipwhisperer-fw-extra/stm32f4/stm32f4_hal_lowlevel.c ****         SYSCFG->EXTICR[position >> 2U] = temp;
 2865              		.loc 1 698 29 discriminator 5 view .LVU983
 2866 00d4 DFF878E1 		ldr	lr, .L293+16
 2867 00d8 7045     		cmp	r0, lr
 2868 00da 00F09480 		beq	.L289
 698:/home/reo/Documents/Repository/chipwhisperer/firmware/mcu/hal/chipwhisperer-fw-extra/stm32f4/stm32f4_hal_lowlevel.c ****         SYSCFG->EXTICR[position >> 2U] = temp;
 2869              		.loc 1 698 29 discriminator 7 view .LVU984
 2870 00de DFF874E1 		ldr	lr, .L293+20
 2871 00e2 7045     		cmp	r0, lr
 2872 00e4 00F09680 		beq	.L290
 698:/home/reo/Documents/Repository/chipwhisperer/firmware/mcu/hal/chipwhisperer-fw-extra/stm32f4/stm32f4_hal_lowlevel.c ****         SYSCFG->EXTICR[position >> 2U] = temp;
 2873              		.loc 1 698 29 discriminator 9 view .LVU985
 2874 00e8 DFF86CE1 		ldr	lr, .L293+24
 2875 00ec 7045     		cmp	r0, lr
 2876 00ee 00F09880 		beq	.L291
 698:/home/reo/Documents/Repository/chipwhisperer/firmware/mcu/hal/chipwhisperer-fw-extra/stm32f4/stm32f4_hal_lowlevel.c ****         SYSCFG->EXTICR[position >> 2U] = temp;
 2877              		.loc 1 698 29 discriminator 11 view .LVU986
 2878 00f2 DFF868E1 		ldr	lr, .L293+28
 2879 00f6 7045     		cmp	r0, lr
 2880 00f8 00F09A80 		beq	.L292
 698:/home/reo/Documents/Repository/chipwhisperer/firmware/mcu/hal/chipwhisperer-fw-extra/stm32f4/stm32f4_hal_lowlevel.c ****         SYSCFG->EXTICR[position >> 2U] = temp;
 2881              		.loc 1 698 29 discriminator 13 view .LVU987
 2882 00fc DFF860E1 		ldr	lr, .L293+32
 2883 0100 7045     		cmp	r0, lr
 698:/home/reo/Documents/Repository/chipwhisperer/firmware/mcu/hal/chipwhisperer-fw-extra/stm32f4/stm32f4_hal_lowlevel.c ****         SYSCFG->EXTICR[position >> 2U] = temp;
 2884              		.loc 1 698 52 discriminator 13 view .LVU988
 2885 0102 0CBF     		ite	eq
 2886 0104 4FF0070E 		moveq	lr, #7
 2887 0108 4FF0080E 		movne	lr, #8
 2888 010c 0EFA09F9 		lsl	r9, lr, r9
 698:/home/reo/Documents/Repository/chipwhisperer/firmware/mcu/hal/chipwhisperer-fw-extra/stm32f4/stm32f4_hal_lowlevel.c ****         SYSCFG->EXTICR[position >> 2U] = temp;
 2889              		.loc 1 698 14 discriminator 13 view .LVU989
 2890 0110 44EA0904 		orr	r4, r4, r9
 2891              	.LVL169:
 2892              	.L263:
 699:/home/reo/Documents/Repository/chipwhisperer/firmware/mcu/hal/chipwhisperer-fw-extra/stm32f4/stm32f4_hal_lowlevel.c **** 
 2893              		.loc 1 699 9 is_stmt 1 discriminator 32 view .LVU990
 699:/home/reo/Documents/Repository/chipwhisperer/firmware/mcu/hal/chipwhisperer-fw-extra/stm32f4/stm32f4_hal_lowlevel.c **** 
 2894              		.loc 1 699 40 is_stmt 0 discriminator 32 view .LVU991
 2895 0114 9460     		str	r4, [r2, #8]
 702:/home/reo/Documents/Repository/chipwhisperer/firmware/mcu/hal/chipwhisperer-fw-extra/stm32f4/stm32f4_hal_lowlevel.c ****         temp &= ~((uint32_t)iocurrent);
 2896              		.loc 1 702 9 is_stmt 1 discriminator 32 view .LVU992
 702:/home/reo/Documents/Repository/chipwhisperer/firmware/mcu/hal/chipwhisperer-fw-extra/stm32f4/stm32f4_hal_lowlevel.c ****         temp &= ~((uint32_t)iocurrent);
 2897              		.loc 1 702 14 is_stmt 0 discriminator 32 view .LVU993
 2898 0116 3A68     		ldr	r2, [r7]
 2899              	.LVL170:
 703:/home/reo/Documents/Repository/chipwhisperer/firmware/mcu/hal/chipwhisperer-fw-extra/stm32f4/stm32f4_hal_lowlevel.c ****         if((GPIO_Init->Mode & GPIO_MODE_IT) == GPIO_MODE_IT)
 2900              		.loc 1 703 9 is_stmt 1 discriminator 32 view .LVU994
 703:/home/reo/Documents/Repository/chipwhisperer/firmware/mcu/hal/chipwhisperer-fw-extra/stm32f4/stm32f4_hal_lowlevel.c ****         if((GPIO_Init->Mode & GPIO_MODE_IT) == GPIO_MODE_IT)
 2901              		.loc 1 703 17 is_stmt 0 discriminator 32 view .LVU995
 2902 0118 6FEA0C0E 		mvn	lr, ip
 2903              	.LVL171:
 704:/home/reo/Documents/Repository/chipwhisperer/firmware/mcu/hal/chipwhisperer-fw-extra/stm32f4/stm32f4_hal_lowlevel.c ****         {
 2904              		.loc 1 704 9 is_stmt 1 discriminator 32 view .LVU996
 704:/home/reo/Documents/Repository/chipwhisperer/firmware/mcu/hal/chipwhisperer-fw-extra/stm32f4/stm32f4_hal_lowlevel.c ****         {
 2905              		.loc 1 704 11 is_stmt 0 discriminator 32 view .LVU997
 2906 011c F403     		lsls	r4, r6, #15
 703:/home/reo/Documents/Repository/chipwhisperer/firmware/mcu/hal/chipwhisperer-fw-extra/stm32f4/stm32f4_hal_lowlevel.c ****         if((GPIO_Init->Mode & GPIO_MODE_IT) == GPIO_MODE_IT)
 2907              		.loc 1 703 14 discriminator 32 view .LVU998
 2908 011e 54BF     		ite	pl
 2909 0120 0EEA0202 		andpl	r2, lr, r2
 2910              	.LVL172:
 706:/home/reo/Documents/Repository/chipwhisperer/firmware/mcu/hal/chipwhisperer-fw-extra/stm32f4/stm32f4_hal_lowlevel.c ****         }
 2911              		.loc 1 706 11 is_stmt 1 discriminator 32 view .LVU999
 706:/home/reo/Documents/Repository/chipwhisperer/firmware/mcu/hal/chipwhisperer-fw-extra/stm32f4/stm32f4_hal_lowlevel.c ****         }
 2912              		.loc 1 706 16 is_stmt 0 discriminator 32 view .LVU1000
 2913 0124 4CEA0202 		orrmi	r2, ip, r2
 2914              	.LVL173:
 708:/home/reo/Documents/Repository/chipwhisperer/firmware/mcu/hal/chipwhisperer-fw-extra/stm32f4/stm32f4_hal_lowlevel.c **** 
 2915              		.loc 1 708 9 is_stmt 1 discriminator 32 view .LVU1001
 708:/home/reo/Documents/Repository/chipwhisperer/firmware/mcu/hal/chipwhisperer-fw-extra/stm32f4/stm32f4_hal_lowlevel.c **** 
 2916              		.loc 1 708 19 is_stmt 0 discriminator 32 view .LVU1002
 2917 0128 3A60     		str	r2, [r7]
 710:/home/reo/Documents/Repository/chipwhisperer/firmware/mcu/hal/chipwhisperer-fw-extra/stm32f4/stm32f4_hal_lowlevel.c ****         temp &= ~((uint32_t)iocurrent);
 2918              		.loc 1 710 9 is_stmt 1 discriminator 32 view .LVU1003
 710:/home/reo/Documents/Repository/chipwhisperer/firmware/mcu/hal/chipwhisperer-fw-extra/stm32f4/stm32f4_hal_lowlevel.c ****         temp &= ~((uint32_t)iocurrent);
 2919              		.loc 1 710 14 is_stmt 0 discriminator 32 view .LVU1004
 2920 012a 7C68     		ldr	r4, [r7, #4]
 2921              	.LVL174:
 711:/home/reo/Documents/Repository/chipwhisperer/firmware/mcu/hal/chipwhisperer-fw-extra/stm32f4/stm32f4_hal_lowlevel.c ****         if((GPIO_Init->Mode & GPIO_MODE_EVT) == GPIO_MODE_EVT)
 2922              		.loc 1 711 9 is_stmt 1 discriminator 32 view .LVU1005
 712:/home/reo/Documents/Repository/chipwhisperer/firmware/mcu/hal/chipwhisperer-fw-extra/stm32f4/stm32f4_hal_lowlevel.c ****         {
 2923              		.loc 1 712 9 discriminator 32 view .LVU1006
 712:/home/reo/Documents/Repository/chipwhisperer/firmware/mcu/hal/chipwhisperer-fw-extra/stm32f4/stm32f4_hal_lowlevel.c ****         {
 2924              		.loc 1 712 11 is_stmt 0 discriminator 32 view .LVU1007
 2925 012c B203     		lsls	r2, r6, #14
 711:/home/reo/Documents/Repository/chipwhisperer/firmware/mcu/hal/chipwhisperer-fw-extra/stm32f4/stm32f4_hal_lowlevel.c ****         if((GPIO_Init->Mode & GPIO_MODE_EVT) == GPIO_MODE_EVT)
 2926              		.loc 1 711 14 discriminator 32 view .LVU1008
 2927 012e 54BF     		ite	pl
 2928 0130 0EEA0404 		andpl	r4, lr, r4
 2929              	.LVL175:
 714:/home/reo/Documents/Repository/chipwhisperer/firmware/mcu/hal/chipwhisperer-fw-extra/stm32f4/stm32f4_hal_lowlevel.c ****         }
 2930              		.loc 1 714 11 is_stmt 1 discriminator 32 view .LVU1009
 714:/home/reo/Documents/Repository/chipwhisperer/firmware/mcu/hal/chipwhisperer-fw-extra/stm32f4/stm32f4_hal_lowlevel.c ****         }
 2931              		.loc 1 714 16 is_stmt 0 discriminator 32 view .LVU1010
 2932 0134 4CEA0404 		orrmi	r4, ip, r4
 2933              	.LVL176:
 716:/home/reo/Documents/Repository/chipwhisperer/firmware/mcu/hal/chipwhisperer-fw-extra/stm32f4/stm32f4_hal_lowlevel.c **** 
 2934              		.loc 1 716 9 is_stmt 1 discriminator 32 view .LVU1011
 716:/home/reo/Documents/Repository/chipwhisperer/firmware/mcu/hal/chipwhisperer-fw-extra/stm32f4/stm32f4_hal_lowlevel.c **** 
 2935              		.loc 1 716 19 is_stmt 0 discriminator 32 view .LVU1012
 2936 0138 7C60     		str	r4, [r7, #4]
 719:/home/reo/Documents/Repository/chipwhisperer/firmware/mcu/hal/chipwhisperer-fw-extra/stm32f4/stm32f4_hal_lowlevel.c ****         temp &= ~((uint32_t)iocurrent);
 2937              		.loc 1 719 9 is_stmt 1 discriminator 32 view .LVU1013
 719:/home/reo/Documents/Repository/chipwhisperer/firmware/mcu/hal/chipwhisperer-fw-extra/stm32f4/stm32f4_hal_lowlevel.c ****         temp &= ~((uint32_t)iocurrent);
 2938              		.loc 1 719 14 is_stmt 0 discriminator 32 view .LVU1014
 2939 013a BC68     		ldr	r4, [r7, #8]
 2940              	.LVL177:
 720:/home/reo/Documents/Repository/chipwhisperer/firmware/mcu/hal/chipwhisperer-fw-extra/stm32f4/stm32f4_hal_lowlevel.c ****         if((GPIO_Init->Mode & RISING_EDGE) == RISING_EDGE)
 2941              		.loc 1 720 9 is_stmt 1 discriminator 32 view .LVU1015
 721:/home/reo/Documents/Repository/chipwhisperer/firmware/mcu/hal/chipwhisperer-fw-extra/stm32f4/stm32f4_hal_lowlevel.c ****         {
 2942              		.loc 1 721 9 discriminator 32 view .LVU1016
 721:/home/reo/Documents/Repository/chipwhisperer/firmware/mcu/hal/chipwhisperer-fw-extra/stm32f4/stm32f4_hal_lowlevel.c ****         {
 2943              		.loc 1 721 11 is_stmt 0 discriminator 32 view .LVU1017
 2944 013c F202     		lsls	r2, r6, #11
 720:/home/reo/Documents/Repository/chipwhisperer/firmware/mcu/hal/chipwhisperer-fw-extra/stm32f4/stm32f4_hal_lowlevel.c ****         if((GPIO_Init->Mode & RISING_EDGE) == RISING_EDGE)
 2945              		.loc 1 720 14 discriminator 32 view .LVU1018
 2946 013e 54BF     		ite	pl
 2947 0140 0EEA0404 		andpl	r4, lr, r4
 2948              	.LVL178:
 723:/home/reo/Documents/Repository/chipwhisperer/firmware/mcu/hal/chipwhisperer-fw-extra/stm32f4/stm32f4_hal_lowlevel.c ****         }
 2949              		.loc 1 723 11 is_stmt 1 discriminator 32 view .LVU1019
 723:/home/reo/Documents/Repository/chipwhisperer/firmware/mcu/hal/chipwhisperer-fw-extra/stm32f4/stm32f4_hal_lowlevel.c ****         }
 2950              		.loc 1 723 16 is_stmt 0 discriminator 32 view .LVU1020
 2951 0144 4CEA0404 		orrmi	r4, ip, r4
 2952              	.LVL179:
 725:/home/reo/Documents/Repository/chipwhisperer/firmware/mcu/hal/chipwhisperer-fw-extra/stm32f4/stm32f4_hal_lowlevel.c **** 
 2953              		.loc 1 725 9 is_stmt 1 discriminator 32 view .LVU1021
 725:/home/reo/Documents/Repository/chipwhisperer/firmware/mcu/hal/chipwhisperer-fw-extra/stm32f4/stm32f4_hal_lowlevel.c **** 
 2954              		.loc 1 725 20 is_stmt 0 discriminator 32 view .LVU1022
 2955 0148 BC60     		str	r4, [r7, #8]
 727:/home/reo/Documents/Repository/chipwhisperer/firmware/mcu/hal/chipwhisperer-fw-extra/stm32f4/stm32f4_hal_lowlevel.c ****         temp &= ~((uint32_t)iocurrent);
 2956              		.loc 1 727 9 is_stmt 1 discriminator 32 view .LVU1023
 727:/home/reo/Documents/Repository/chipwhisperer/firmware/mcu/hal/chipwhisperer-fw-extra/stm32f4/stm32f4_hal_lowlevel.c ****         temp &= ~((uint32_t)iocurrent);
 2957              		.loc 1 727 14 is_stmt 0 discriminator 32 view .LVU1024
 2958 014a FA68     		ldr	r2, [r7, #12]
 2959              	.LVL180:
 728:/home/reo/Documents/Repository/chipwhisperer/firmware/mcu/hal/chipwhisperer-fw-extra/stm32f4/stm32f4_hal_lowlevel.c ****         if((GPIO_Init->Mode & FALLING_EDGE) == FALLING_EDGE)
 2960              		.loc 1 728 9 is_stmt 1 discriminator 32 view .LVU1025
 729:/home/reo/Documents/Repository/chipwhisperer/firmware/mcu/hal/chipwhisperer-fw-extra/stm32f4/stm32f4_hal_lowlevel.c ****         {
 2961              		.loc 1 729 9 discriminator 32 view .LVU1026
 729:/home/reo/Documents/Repository/chipwhisperer/firmware/mcu/hal/chipwhisperer-fw-extra/stm32f4/stm32f4_hal_lowlevel.c ****         {
 2962              		.loc 1 729 11 is_stmt 0 discriminator 32 view .LVU1027
 2963 014c B402     		lsls	r4, r6, #10
 636:/home/reo/Documents/Repository/chipwhisperer/firmware/mcu/hal/chipwhisperer-fw-extra/stm32f4/stm32f4_hal_lowlevel.c ****   {
 2964              		.loc 1 636 54 discriminator 32 view .LVU1028
 2965 014e 03F10103 		add	r3, r3, #1
 2966              	.LVL181:
 728:/home/reo/Documents/Repository/chipwhisperer/firmware/mcu/hal/chipwhisperer-fw-extra/stm32f4/stm32f4_hal_lowlevel.c ****         if((GPIO_Init->Mode & FALLING_EDGE) == FALLING_EDGE)
 2967              		.loc 1 728 14 discriminator 32 view .LVU1029
 2968 0152 54BF     		ite	pl
 2969 0154 0EEA0202 		andpl	r2, lr, r2
 2970              	.LVL182:
 731:/home/reo/Documents/Repository/chipwhisperer/firmware/mcu/hal/chipwhisperer-fw-extra/stm32f4/stm32f4_hal_lowlevel.c ****         }
 2971              		.loc 1 731 11 is_stmt 1 discriminator 32 view .LVU1030
 731:/home/reo/Documents/Repository/chipwhisperer/firmware/mcu/hal/chipwhisperer-fw-extra/stm32f4/stm32f4_hal_lowlevel.c ****         }
 2972              		.loc 1 731 16 is_stmt 0 discriminator 32 view .LVU1031
 2973 0158 4CEA0202 		orrmi	r2, ip, r2
 2974              	.LVL183:
 733:/home/reo/Documents/Repository/chipwhisperer/firmware/mcu/hal/chipwhisperer-fw-extra/stm32f4/stm32f4_hal_lowlevel.c ****       }
 2975              		.loc 1 733 9 is_stmt 1 discriminator 32 view .LVU1032
 636:/home/reo/Documents/Repository/chipwhisperer/firmware/mcu/hal/chipwhisperer-fw-extra/stm32f4/stm32f4_hal_lowlevel.c ****   {
 2976              		.loc 1 636 3 is_stmt 0 discriminator 32 view .LVU1033
 2977 015c 102B     		cmp	r3, #16
 733:/home/reo/Documents/Repository/chipwhisperer/firmware/mcu/hal/chipwhisperer-fw-extra/stm32f4/stm32f4_hal_lowlevel.c ****       }
 2978              		.loc 1 733 20 discriminator 32 view .LVU1034
 2979 015e FA60     		str	r2, [r7, #12]
 636:/home/reo/Documents/Repository/chipwhisperer/firmware/mcu/hal/chipwhisperer-fw-extra/stm32f4/stm32f4_hal_lowlevel.c ****   {
 2980              		.loc 1 636 46 is_stmt 1 discriminator 32 view .LVU1035
 2981              	.LVL184:
 636:/home/reo/Documents/Repository/chipwhisperer/firmware/mcu/hal/chipwhisperer-fw-extra/stm32f4/stm32f4_hal_lowlevel.c ****   {
 2982              		.loc 1 636 22 discriminator 32 view .LVU1036
 636:/home/reo/Documents/Repository/chipwhisperer/firmware/mcu/hal/chipwhisperer-fw-extra/stm32f4/stm32f4_hal_lowlevel.c ****   {
 2983              		.loc 1 636 3 is_stmt 0 discriminator 32 view .LVU1037
 2984 0160 7FF45BAF 		bne	.L279
 2985              	.LVL185:
 2986              	.L285:
 737:/home/reo/Documents/Repository/chipwhisperer/firmware/mcu/hal/chipwhisperer-fw-extra/stm32f4/stm32f4_hal_lowlevel.c **** 
 2987              		.loc 1 737 1 view .LVU1038
 2988 0164 03B0     		add	sp, sp, #12
 2989              	.LCFI18:
 2990              		.cfi_remember_state
 2991              		.cfi_def_cfa_offset 36
 2992              		@ sp needed
 2993 0166 BDE8F08F 		pop	{r4, r5, r6, r7, r8, r9, r10, fp, pc}
 2994              	.LVL186:
 2995              	.L286:
 2996              	.LCFI19:
 2997              		.cfi_restore_state
 650:/home/reo/Documents/Repository/chipwhisperer/firmware/mcu/hal/chipwhisperer-fw-extra/stm32f4/stm32f4_hal_lowlevel.c ****         /* Configure Alternate function mapped with the current IO */
 2998              		.loc 1 650 9 is_stmt 1 view .LVU1039
 652:/home/reo/Documents/Repository/chipwhisperer/firmware/mcu/hal/chipwhisperer-fw-extra/stm32f4/stm32f4_hal_lowlevel.c ****         temp &= ~(0xFU << ((uint32_t)(position & 0x07U) * 4U)) ;
 2999              		.loc 1 652 9 view .LVU1040
 652:/home/reo/Documents/Repository/chipwhisperer/firmware/mcu/hal/chipwhisperer-fw-extra/stm32f4/stm32f4_hal_lowlevel.c ****         temp &= ~(0xFU << ((uint32_t)(position & 0x07U) * 4U)) ;
 3000              		.loc 1 652 36 is_stmt 0 view .LVU1041
 3001 016a 4FEAD30E 		lsr	lr, r3, #3
 3002 016e 00EB8E0E 		add	lr, r0, lr, lsl #2
 654:/home/reo/Documents/Repository/chipwhisperer/firmware/mcu/hal/chipwhisperer-fw-extra/stm32f4/stm32f4_hal_lowlevel.c ****         GPIOx->AFR[position >> 3U] = temp;
 3003              		.loc 1 654 51 view .LVU1042
 3004 0172 0C69     		ldr	r4, [r1, #16]
 652:/home/reo/Documents/Repository/chipwhisperer/firmware/mcu/hal/chipwhisperer-fw-extra/stm32f4/stm32f4_hal_lowlevel.c ****         temp &= ~(0xFU << ((uint32_t)(position & 0x07U) * 4U)) ;
 3005              		.loc 1 652 14 view .LVU1043
 3006 0174 DEF820A0 		ldr	r10, [lr, #32]
 3007              	.LVL187:
 653:/home/reo/Documents/Repository/chipwhisperer/firmware/mcu/hal/chipwhisperer-fw-extra/stm32f4/stm32f4_hal_lowlevel.c ****         temp |= ((uint32_t)(GPIO_Init->Alternate) << (((uint32_t)position & 0x07U) * 4U));
 3008              		.loc 1 653 9 is_stmt 1 view .LVU1044
 653:/home/reo/Documents/Repository/chipwhisperer/firmware/mcu/hal/chipwhisperer-fw-extra/stm32f4/stm32f4_hal_lowlevel.c ****         temp |= ((uint32_t)(GPIO_Init->Alternate) << (((uint32_t)position & 0x07U) * 4U));
 3009              		.loc 1 653 28 is_stmt 0 view .LVU1045
 3010 0178 03F00709 		and	r9, r3, #7
 653:/home/reo/Documents/Repository/chipwhisperer/firmware/mcu/hal/chipwhisperer-fw-extra/stm32f4/stm32f4_hal_lowlevel.c ****         temp |= ((uint32_t)(GPIO_Init->Alternate) << (((uint32_t)position & 0x07U) * 4U));
 3011              		.loc 1 653 57 view .LVU1046
 3012 017c 4FEA8909 		lsl	r9, r9, #2
 653:/home/reo/Documents/Repository/chipwhisperer/firmware/mcu/hal/chipwhisperer-fw-extra/stm32f4/stm32f4_hal_lowlevel.c ****         temp |= ((uint32_t)(GPIO_Init->Alternate) << (((uint32_t)position & 0x07U) * 4U));
 3013              		.loc 1 653 24 view .LVU1047
 3014 0180 4FF00F0B 		mov	fp, #15
 654:/home/reo/Documents/Repository/chipwhisperer/firmware/mcu/hal/chipwhisperer-fw-extra/stm32f4/stm32f4_hal_lowlevel.c ****         GPIOx->AFR[position >> 3U] = temp;
 3015              		.loc 1 654 51 view .LVU1048
 3016 0184 04FA09F4 		lsl	r4, r4, r9
 653:/home/reo/Documents/Repository/chipwhisperer/firmware/mcu/hal/chipwhisperer-fw-extra/stm32f4/stm32f4_hal_lowlevel.c ****         temp |= ((uint32_t)(GPIO_Init->Alternate) << (((uint32_t)position & 0x07U) * 4U));
 3017              		.loc 1 653 24 view .LVU1049
 3018 0188 0BFA09F9 		lsl	r9, fp, r9
 653:/home/reo/Documents/Repository/chipwhisperer/firmware/mcu/hal/chipwhisperer-fw-extra/stm32f4/stm32f4_hal_lowlevel.c ****         temp |= ((uint32_t)(GPIO_Init->Alternate) << (((uint32_t)position & 0x07U) * 4U));
 3019              		.loc 1 653 14 view .LVU1050
 3020 018c 2AEA0909 		bic	r9, r10, r9
 3021              	.LVL188:
 654:/home/reo/Documents/Repository/chipwhisperer/firmware/mcu/hal/chipwhisperer-fw-extra/stm32f4/stm32f4_hal_lowlevel.c ****         GPIOx->AFR[position >> 3U] = temp;
 3022              		.loc 1 654 9 is_stmt 1 view .LVU1051
 654:/home/reo/Documents/Repository/chipwhisperer/firmware/mcu/hal/chipwhisperer-fw-extra/stm32f4/stm32f4_hal_lowlevel.c ****         GPIOx->AFR[position >> 3U] = temp;
 3023              		.loc 1 654 14 is_stmt 0 view .LVU1052
 3024 0190 44EA0904 		orr	r4, r4, r9
 3025              	.LVL189:
 655:/home/reo/Documents/Repository/chipwhisperer/firmware/mcu/hal/chipwhisperer-fw-extra/stm32f4/stm32f4_hal_lowlevel.c ****       }
 3026              		.loc 1 655 9 is_stmt 1 view .LVU1053
 655:/home/reo/Documents/Repository/chipwhisperer/firmware/mcu/hal/chipwhisperer-fw-extra/stm32f4/stm32f4_hal_lowlevel.c ****       }
 3027              		.loc 1 655 36 is_stmt 0 view .LVU1054
 3028 0194 CEF82040 		str	r4, [lr, #32]
 659:/home/reo/Documents/Repository/chipwhisperer/firmware/mcu/hal/chipwhisperer-fw-extra/stm32f4/stm32f4_hal_lowlevel.c ****       temp &= ~(GPIO_MODER_MODER0 << (position * 2U));
 3029              		.loc 1 659 7 is_stmt 1 view .LVU1055
 659:/home/reo/Documents/Repository/chipwhisperer/firmware/mcu/hal/chipwhisperer-fw-extra/stm32f4/stm32f4_hal_lowlevel.c ****       temp &= ~(GPIO_MODER_MODER0 << (position * 2U));
 3030              		.loc 1 659 12 is_stmt 0 view .LVU1056
 3031 0198 D0F800A0 		ldr	r10, [r0]
 3032              	.LVL190:
 660:/home/reo/Documents/Repository/chipwhisperer/firmware/mcu/hal/chipwhisperer-fw-extra/stm32f4/stm32f4_hal_lowlevel.c ****       temp |= ((GPIO_Init->Mode & GPIO_MODE) << (position * 2U));
 3033              		.loc 1 660 7 is_stmt 1 view .LVU1057
 3034 019c 4FEA430E 		lsl	lr, r3, #1
 660:/home/reo/Documents/Repository/chipwhisperer/firmware/mcu/hal/chipwhisperer-fw-extra/stm32f4/stm32f4_hal_lowlevel.c ****       temp |= ((GPIO_Init->Mode & GPIO_MODE) << (position * 2U));
 3035              		.loc 1 660 35 is_stmt 0 view .LVU1058
 3036 01a0 0324     		movs	r4, #3
 3037 01a2 04FA0EF4 		lsl	r4, r4, lr
 661:/home/reo/Documents/Repository/chipwhisperer/firmware/mcu/hal/chipwhisperer-fw-extra/stm32f4/stm32f4_hal_lowlevel.c ****       GPIOx->MODER = temp;
 3038              		.loc 1 661 33 view .LVU1059
 3039 01a6 06F00309 		and	r9, r6, #3
 660:/home/reo/Documents/Repository/chipwhisperer/firmware/mcu/hal/chipwhisperer-fw-extra/stm32f4/stm32f4_hal_lowlevel.c ****       temp |= ((GPIO_Init->Mode & GPIO_MODE) << (position * 2U));
 3040              		.loc 1 660 12 view .LVU1060
 3041 01aa 2AEA040A 		bic	r10, r10, r4
 3042              	.LVL191:
 661:/home/reo/Documents/Repository/chipwhisperer/firmware/mcu/hal/chipwhisperer-fw-extra/stm32f4/stm32f4_hal_lowlevel.c ****       GPIOx->MODER = temp;
 3043              		.loc 1 661 7 is_stmt 1 view .LVU1061
 661:/home/reo/Documents/Repository/chipwhisperer/firmware/mcu/hal/chipwhisperer-fw-extra/stm32f4/stm32f4_hal_lowlevel.c ****       GPIOx->MODER = temp;
 3044              		.loc 1 661 46 is_stmt 0 view .LVU1062
 3045 01ae 09FA0EF9 		lsl	r9, r9, lr
 661:/home/reo/Documents/Repository/chipwhisperer/firmware/mcu/hal/chipwhisperer-fw-extra/stm32f4/stm32f4_hal_lowlevel.c ****       GPIOx->MODER = temp;
 3046              		.loc 1 661 12 view .LVU1063
 3047 01b2 49EA0A09 		orr	r9, r9, r10
 3048              	.LVL192:
 662:/home/reo/Documents/Repository/chipwhisperer/firmware/mcu/hal/chipwhisperer-fw-extra/stm32f4/stm32f4_hal_lowlevel.c **** 
 3049              		.loc 1 662 7 is_stmt 1 view .LVU1064
 660:/home/reo/Documents/Repository/chipwhisperer/firmware/mcu/hal/chipwhisperer-fw-extra/stm32f4/stm32f4_hal_lowlevel.c ****       temp |= ((GPIO_Init->Mode & GPIO_MODE) << (position * 2U));
 3050              		.loc 1 660 15 is_stmt 0 view .LVU1065
 3051 01b6 E443     		mvns	r4, r4
 662:/home/reo/Documents/Repository/chipwhisperer/firmware/mcu/hal/chipwhisperer-fw-extra/stm32f4/stm32f4_hal_lowlevel.c **** 
 3052              		.loc 1 662 20 view .LVU1066
 3053 01b8 C0F80090 		str	r9, [r0]
 665:/home/reo/Documents/Repository/chipwhisperer/firmware/mcu/hal/chipwhisperer-fw-extra/stm32f4/stm32f4_hal_lowlevel.c ****          (GPIO_Init->Mode == GPIO_MODE_OUTPUT_OD) || (GPIO_Init->Mode == GPIO_MODE_AF_OD))
 3054              		.loc 1 665 7 is_stmt 1 view .LVU1067
 3055              	.LVL193:
 3056              	.L260:
 669:/home/reo/Documents/Repository/chipwhisperer/firmware/mcu/hal/chipwhisperer-fw-extra/stm32f4/stm32f4_hal_lowlevel.c ****         /* Configure the IO Speed */
 3057              		.loc 1 669 9 view .LVU1068
 671:/home/reo/Documents/Repository/chipwhisperer/firmware/mcu/hal/chipwhisperer-fw-extra/stm32f4/stm32f4_hal_lowlevel.c ****         temp &= ~(GPIO_OSPEEDER_OSPEEDR0 << (position * 2U));
 3058              		.loc 1 671 9 view .LVU1069
 671:/home/reo/Documents/Repository/chipwhisperer/firmware/mcu/hal/chipwhisperer-fw-extra/stm32f4/stm32f4_hal_lowlevel.c ****         temp &= ~(GPIO_OSPEEDER_OSPEEDR0 << (position * 2U));
 3059              		.loc 1 671 14 is_stmt 0 view .LVU1070
 3060 01bc D0F808A0 		ldr	r10, [r0, #8]
 3061              	.LVL194:
 672:/home/reo/Documents/Repository/chipwhisperer/firmware/mcu/hal/chipwhisperer-fw-extra/stm32f4/stm32f4_hal_lowlevel.c ****         temp |= (GPIO_Init->Speed << (position * 2U));
 3062              		.loc 1 672 9 is_stmt 1 view .LVU1071
 673:/home/reo/Documents/Repository/chipwhisperer/firmware/mcu/hal/chipwhisperer-fw-extra/stm32f4/stm32f4_hal_lowlevel.c ****         GPIOx->OSPEEDR = temp;
 3063              		.loc 1 673 35 is_stmt 0 view .LVU1072
 3064 01c0 D1F80C90 		ldr	r9, [r1, #12]
 672:/home/reo/Documents/Repository/chipwhisperer/firmware/mcu/hal/chipwhisperer-fw-extra/stm32f4/stm32f4_hal_lowlevel.c ****         temp |= (GPIO_Init->Speed << (position * 2U));
 3065              		.loc 1 672 14 view .LVU1073
 3066 01c4 04EA0A0A 		and	r10, r4, r10
 3067              	.LVL195:
 673:/home/reo/Documents/Repository/chipwhisperer/firmware/mcu/hal/chipwhisperer-fw-extra/stm32f4/stm32f4_hal_lowlevel.c ****         GPIOx->OSPEEDR = temp;
 3068              		.loc 1 673 9 is_stmt 1 view .LVU1074
 673:/home/reo/Documents/Repository/chipwhisperer/firmware/mcu/hal/chipwhisperer-fw-extra/stm32f4/stm32f4_hal_lowlevel.c ****         GPIOx->OSPEEDR = temp;
 3069              		.loc 1 673 35 is_stmt 0 view .LVU1075
 3070 01c8 09FA0EF9 		lsl	r9, r9, lr
 673:/home/reo/Documents/Repository/chipwhisperer/firmware/mcu/hal/chipwhisperer-fw-extra/stm32f4/stm32f4_hal_lowlevel.c ****         GPIOx->OSPEEDR = temp;
 3071              		.loc 1 673 14 view .LVU1076
 3072 01cc 49EA0A09 		orr	r9, r9, r10
 3073              	.LVL196:
 674:/home/reo/Documents/Repository/chipwhisperer/firmware/mcu/hal/chipwhisperer-fw-extra/stm32f4/stm32f4_hal_lowlevel.c **** 
 3074              		.loc 1 674 9 is_stmt 1 view .LVU1077
 674:/home/reo/Documents/Repository/chipwhisperer/firmware/mcu/hal/chipwhisperer-fw-extra/stm32f4/stm32f4_hal_lowlevel.c **** 
 3075              		.loc 1 674 24 is_stmt 0 view .LVU1078
 3076 01d0 C0F80890 		str	r9, [r0, #8]
 677:/home/reo/Documents/Repository/chipwhisperer/firmware/mcu/hal/chipwhisperer-fw-extra/stm32f4/stm32f4_hal_lowlevel.c ****         temp &= ~(GPIO_OTYPER_OT_0 << position) ;
 3077              		.loc 1 677 9 is_stmt 1 view .LVU1079
 677:/home/reo/Documents/Repository/chipwhisperer/firmware/mcu/hal/chipwhisperer-fw-extra/stm32f4/stm32f4_hal_lowlevel.c ****         temp &= ~(GPIO_OTYPER_OT_0 << position) ;
 3078              		.loc 1 677 14 is_stmt 0 view .LVU1080
 3079 01d4 D0F80490 		ldr	r9, [r0, #4]
 3080              	.LVL197:
 678:/home/reo/Documents/Repository/chipwhisperer/firmware/mcu/hal/chipwhisperer-fw-extra/stm32f4/stm32f4_hal_lowlevel.c ****         temp |= (((GPIO_Init->Mode & GPIO_OUTPUT_TYPE) >> 4U) << position);
 3081              		.loc 1 678 9 is_stmt 1 view .LVU1081
 678:/home/reo/Documents/Repository/chipwhisperer/firmware/mcu/hal/chipwhisperer-fw-extra/stm32f4/stm32f4_hal_lowlevel.c ****         temp |= (((GPIO_Init->Mode & GPIO_OUTPUT_TYPE) >> 4U) << position);
 3082              		.loc 1 678 14 is_stmt 0 view .LVU1082
 3083 01d8 29EA0209 		bic	r9, r9, r2
 3084              	.LVL198:
 679:/home/reo/Documents/Repository/chipwhisperer/firmware/mcu/hal/chipwhisperer-fw-extra/stm32f4/stm32f4_hal_lowlevel.c ****         GPIOx->OTYPER = temp;
 3085              		.loc 1 679 9 is_stmt 1 view .LVU1083
 679:/home/reo/Documents/Repository/chipwhisperer/firmware/mcu/hal/chipwhisperer-fw-extra/stm32f4/stm32f4_hal_lowlevel.c ****         GPIOx->OTYPER = temp;
 3086              		.loc 1 679 56 is_stmt 0 view .LVU1084
 3087 01dc C6F30012 		ubfx	r2, r6, #4, #1
 3088              	.LVL199:
 679:/home/reo/Documents/Repository/chipwhisperer/firmware/mcu/hal/chipwhisperer-fw-extra/stm32f4/stm32f4_hal_lowlevel.c ****         GPIOx->OTYPER = temp;
 3089              		.loc 1 679 63 view .LVU1085
 3090 01e0 9A40     		lsls	r2, r2, r3
 679:/home/reo/Documents/Repository/chipwhisperer/firmware/mcu/hal/chipwhisperer-fw-extra/stm32f4/stm32f4_hal_lowlevel.c ****         GPIOx->OTYPER = temp;
 3091              		.loc 1 679 14 view .LVU1086
 3092 01e2 42EA0902 		orr	r2, r2, r9
 3093              	.LVL200:
 680:/home/reo/Documents/Repository/chipwhisperer/firmware/mcu/hal/chipwhisperer-fw-extra/stm32f4/stm32f4_hal_lowlevel.c ****       }
 3094              		.loc 1 680 9 is_stmt 1 view .LVU1087
 680:/home/reo/Documents/Repository/chipwhisperer/firmware/mcu/hal/chipwhisperer-fw-extra/stm32f4/stm32f4_hal_lowlevel.c ****       }
 3095              		.loc 1 680 23 is_stmt 0 view .LVU1088
 3096 01e6 4260     		str	r2, [r0, #4]
 3097 01e8 3EE7     		b	.L261
 3098              	.LVL201:
 3099              	.L287:
 698:/home/reo/Documents/Repository/chipwhisperer/firmware/mcu/hal/chipwhisperer-fw-extra/stm32f4/stm32f4_hal_lowlevel.c ****         SYSCFG->EXTICR[position >> 2U] = temp;
 3100              		.loc 1 698 52 view .LVU1089
 3101 01ea 4FF0010E 		mov	lr, #1
 3102              	.LVL202:
 698:/home/reo/Documents/Repository/chipwhisperer/firmware/mcu/hal/chipwhisperer-fw-extra/stm32f4/stm32f4_hal_lowlevel.c ****         SYSCFG->EXTICR[position >> 2U] = temp;
 3103              		.loc 1 698 52 view .LVU1090
 3104 01ee 0EFA09F9 		lsl	r9, lr, r9
 698:/home/reo/Documents/Repository/chipwhisperer/firmware/mcu/hal/chipwhisperer-fw-extra/stm32f4/stm32f4_hal_lowlevel.c ****         SYSCFG->EXTICR[position >> 2U] = temp;
 3105              		.loc 1 698 14 view .LVU1091
 3106 01f2 44EA0904 		orr	r4, r4, r9
 3107              	.LVL203:
 698:/home/reo/Documents/Repository/chipwhisperer/firmware/mcu/hal/chipwhisperer-fw-extra/stm32f4/stm32f4_hal_lowlevel.c ****         SYSCFG->EXTICR[position >> 2U] = temp;
 3108              		.loc 1 698 14 view .LVU1092
 3109 01f6 8DE7     		b	.L263
 3110              	.LVL204:
 3111              	.L288:
 698:/home/reo/Documents/Repository/chipwhisperer/firmware/mcu/hal/chipwhisperer-fw-extra/stm32f4/stm32f4_hal_lowlevel.c ****         SYSCFG->EXTICR[position >> 2U] = temp;
 3112              		.loc 1 698 52 view .LVU1093
 3113 01f8 4FF0020E 		mov	lr, #2
 3114 01fc 0EFA09F9 		lsl	r9, lr, r9
 698:/home/reo/Documents/Repository/chipwhisperer/firmware/mcu/hal/chipwhisperer-fw-extra/stm32f4/stm32f4_hal_lowlevel.c ****         SYSCFG->EXTICR[position >> 2U] = temp;
 3115              		.loc 1 698 14 view .LVU1094
 3116 0200 44EA0904 		orr	r4, r4, r9
 3117              	.LVL205:
 698:/home/reo/Documents/Repository/chipwhisperer/firmware/mcu/hal/chipwhisperer-fw-extra/stm32f4/stm32f4_hal_lowlevel.c ****         SYSCFG->EXTICR[position >> 2U] = temp;
 3118              		.loc 1 698 14 view .LVU1095
 3119 0204 86E7     		b	.L263
 3120              	.LVL206:
 3121              	.L289:
 698:/home/reo/Documents/Repository/chipwhisperer/firmware/mcu/hal/chipwhisperer-fw-extra/stm32f4/stm32f4_hal_lowlevel.c ****         SYSCFG->EXTICR[position >> 2U] = temp;
 3122              		.loc 1 698 52 view .LVU1096
 3123 0206 4FF0030E 		mov	lr, #3
 3124 020a 0EFA09F9 		lsl	r9, lr, r9
 698:/home/reo/Documents/Repository/chipwhisperer/firmware/mcu/hal/chipwhisperer-fw-extra/stm32f4/stm32f4_hal_lowlevel.c ****         SYSCFG->EXTICR[position >> 2U] = temp;
 3125              		.loc 1 698 14 view .LVU1097
 3126 020e 44EA0904 		orr	r4, r4, r9
 3127              	.LVL207:
 698:/home/reo/Documents/Repository/chipwhisperer/firmware/mcu/hal/chipwhisperer-fw-extra/stm32f4/stm32f4_hal_lowlevel.c ****         SYSCFG->EXTICR[position >> 2U] = temp;
 3128              		.loc 1 698 14 view .LVU1098
 3129 0212 7FE7     		b	.L263
 3130              	.LVL208:
 3131              	.L290:
 698:/home/reo/Documents/Repository/chipwhisperer/firmware/mcu/hal/chipwhisperer-fw-extra/stm32f4/stm32f4_hal_lowlevel.c ****         SYSCFG->EXTICR[position >> 2U] = temp;
 3132              		.loc 1 698 52 view .LVU1099
 3133 0214 4FF0040E 		mov	lr, #4
 3134 0218 0EFA09F9 		lsl	r9, lr, r9
 698:/home/reo/Documents/Repository/chipwhisperer/firmware/mcu/hal/chipwhisperer-fw-extra/stm32f4/stm32f4_hal_lowlevel.c ****         SYSCFG->EXTICR[position >> 2U] = temp;
 3135              		.loc 1 698 14 view .LVU1100
 3136 021c 44EA0904 		orr	r4, r4, r9
 3137              	.LVL209:
 698:/home/reo/Documents/Repository/chipwhisperer/firmware/mcu/hal/chipwhisperer-fw-extra/stm32f4/stm32f4_hal_lowlevel.c ****         SYSCFG->EXTICR[position >> 2U] = temp;
 3138              		.loc 1 698 14 view .LVU1101
 3139 0220 78E7     		b	.L263
 3140              	.LVL210:
 3141              	.L291:
 698:/home/reo/Documents/Repository/chipwhisperer/firmware/mcu/hal/chipwhisperer-fw-extra/stm32f4/stm32f4_hal_lowlevel.c ****         SYSCFG->EXTICR[position >> 2U] = temp;
 3142              		.loc 1 698 52 view .LVU1102
 3143 0222 4FF0050E 		mov	lr, #5
 3144 0226 0EFA09F9 		lsl	r9, lr, r9
 698:/home/reo/Documents/Repository/chipwhisperer/firmware/mcu/hal/chipwhisperer-fw-extra/stm32f4/stm32f4_hal_lowlevel.c ****         SYSCFG->EXTICR[position >> 2U] = temp;
 3145              		.loc 1 698 14 view .LVU1103
 3146 022a 44EA0904 		orr	r4, r4, r9
 3147              	.LVL211:
 698:/home/reo/Documents/Repository/chipwhisperer/firmware/mcu/hal/chipwhisperer-fw-extra/stm32f4/stm32f4_hal_lowlevel.c ****         SYSCFG->EXTICR[position >> 2U] = temp;
 3148              		.loc 1 698 14 view .LVU1104
 3149 022e 71E7     		b	.L263
 3150              	.LVL212:
 3151              	.L292:
 698:/home/reo/Documents/Repository/chipwhisperer/firmware/mcu/hal/chipwhisperer-fw-extra/stm32f4/stm32f4_hal_lowlevel.c ****         SYSCFG->EXTICR[position >> 2U] = temp;
 3152              		.loc 1 698 52 view .LVU1105
 3153 0230 4FF0060E 		mov	lr, #6
 3154 0234 0EFA09F9 		lsl	r9, lr, r9
 698:/home/reo/Documents/Repository/chipwhisperer/firmware/mcu/hal/chipwhisperer-fw-extra/stm32f4/stm32f4_hal_lowlevel.c ****         SYSCFG->EXTICR[position >> 2U] = temp;
 3155              		.loc 1 698 14 view .LVU1106
 3156 0238 44EA0904 		orr	r4, r4, r9
 3157              	.LVL213:
 698:/home/reo/Documents/Repository/chipwhisperer/firmware/mcu/hal/chipwhisperer-fw-extra/stm32f4/stm32f4_hal_lowlevel.c ****         SYSCFG->EXTICR[position >> 2U] = temp;
 3158              		.loc 1 698 14 view .LVU1107
 3159 023c 6AE7     		b	.L263
 3160              	.L294:
 3161 023e 00BF     		.align	2
 3162              	.L293:
 3163 0240 00380240 		.word	1073887232
 3164 0244 003C0140 		.word	1073822720
 3165 0248 00000240 		.word	1073872896
 3166 024c 00080240 		.word	1073874944
 3167 0250 000C0240 		.word	1073875968
 3168 0254 00100240 		.word	1073876992
 3169 0258 00140240 		.word	1073878016
 3170 025c 00180240 		.word	1073879040
 3171 0260 001C0240 		.word	1073880064
 3172              		.cfi_endproc
 3173              	.LFE132:
 3175              		.section	.text.HAL_GPIO_WritePin,"ax",%progbits
 3176              		.align	1
 3177              		.p2align 2,,3
 3178              		.global	HAL_GPIO_WritePin
 3179              		.syntax unified
 3180              		.thumb
 3181              		.thumb_func
 3182              		.fpu softvfp
 3184              	HAL_GPIO_WritePin:
 3185              	.LVL214:
 3186              	.LFB133:
 757:/home/reo/Documents/Repository/chipwhisperer/firmware/mcu/hal/chipwhisperer-fw-extra/stm32f4/stm32f4_hal_lowlevel.c ****   /* Check the parameters */
 3187              		.loc 1 757 1 is_stmt 1 view -0
 3188              		.cfi_startproc
 3189              		@ args = 0, pretend = 0, frame = 0
 3190              		@ frame_needed = 0, uses_anonymous_args = 0
 3191              		@ link register save eliminated.
 759:/home/reo/Documents/Repository/chipwhisperer/firmware/mcu/hal/chipwhisperer-fw-extra/stm32f4/stm32f4_hal_lowlevel.c ****   assert_param(IS_GPIO_PIN_ACTION(PinState));
 3192              		.loc 1 759 3 view .LVU1109
 760:/home/reo/Documents/Repository/chipwhisperer/firmware/mcu/hal/chipwhisperer-fw-extra/stm32f4/stm32f4_hal_lowlevel.c **** 
 3193              		.loc 1 760 3 view .LVU1110
 762:/home/reo/Documents/Repository/chipwhisperer/firmware/mcu/hal/chipwhisperer-fw-extra/stm32f4/stm32f4_hal_lowlevel.c ****   {
 3194              		.loc 1 762 3 view .LVU1111
 762:/home/reo/Documents/Repository/chipwhisperer/firmware/mcu/hal/chipwhisperer-fw-extra/stm32f4/stm32f4_hal_lowlevel.c ****   {
 3195              		.loc 1 762 5 is_stmt 0 view .LVU1112
 3196 0000 02B9     		cbnz	r2, .L298
 768:/home/reo/Documents/Repository/chipwhisperer/firmware/mcu/hal/chipwhisperer-fw-extra/stm32f4/stm32f4_hal_lowlevel.c ****   }
 3197              		.loc 1 768 5 is_stmt 1 view .LVU1113
 768:/home/reo/Documents/Repository/chipwhisperer/firmware/mcu/hal/chipwhisperer-fw-extra/stm32f4/stm32f4_hal_lowlevel.c ****   }
 3198              		.loc 1 768 38 is_stmt 0 view .LVU1114
 3199 0002 0904     		lsls	r1, r1, #16
 3200              	.LVL215:
 3201              	.L298:
 768:/home/reo/Documents/Repository/chipwhisperer/firmware/mcu/hal/chipwhisperer-fw-extra/stm32f4/stm32f4_hal_lowlevel.c ****   }
 3202              		.loc 1 768 17 view .LVU1115
 3203 0004 8161     		str	r1, [r0, #24]
 770:/home/reo/Documents/Repository/chipwhisperer/firmware/mcu/hal/chipwhisperer-fw-extra/stm32f4/stm32f4_hal_lowlevel.c **** 
 3204              		.loc 1 770 1 view .LVU1116
 3205 0006 7047     		bx	lr
 3206              		.cfi_endproc
 3207              	.LFE133:
 3209              		.section	.text.HAL_UART_Init,"ax",%progbits
 3210              		.align	1
 3211              		.p2align 2,,3
 3212              		.global	HAL_UART_Init
 3213              		.syntax unified
 3214              		.thumb
 3215              		.thumb_func
 3216              		.fpu softvfp
 3218              	HAL_UART_Init:
 3219              	.LVL216:
 3220              	.LFB135:
 879:/home/reo/Documents/Repository/chipwhisperer/firmware/mcu/hal/chipwhisperer-fw-extra/stm32f4/stm32f4_hal_lowlevel.c ****   /* Check the UART handle allocation */
 3221              		.loc 1 879 1 is_stmt 1 view -0
 3222              		.cfi_startproc
 3223              		@ args = 0, pretend = 0, frame = 0
 3224              		@ frame_needed = 0, uses_anonymous_args = 0
 3225              		@ link register save eliminated.
 881:/home/reo/Documents/Repository/chipwhisperer/firmware/mcu/hal/chipwhisperer-fw-extra/stm32f4/stm32f4_hal_lowlevel.c ****   {
 3226              		.loc 1 881 3 view .LVU1118
 881:/home/reo/Documents/Repository/chipwhisperer/firmware/mcu/hal/chipwhisperer-fw-extra/stm32f4/stm32f4_hal_lowlevel.c ****   {
 3227              		.loc 1 881 5 is_stmt 0 view .LVU1119
 3228 0000 0028     		cmp	r0, #0
 3229 0002 75D0     		beq	.L308
 887:/home/reo/Documents/Repository/chipwhisperer/firmware/mcu/hal/chipwhisperer-fw-extra/stm32f4/stm32f4_hal_lowlevel.c ****   {
 3230              		.loc 1 887 3 is_stmt 1 view .LVU1120
 895:/home/reo/Documents/Repository/chipwhisperer/firmware/mcu/hal/chipwhisperer-fw-extra/stm32f4/stm32f4_hal_lowlevel.c ****   }
 3231              		.loc 1 895 5 view .LVU1121
 897:/home/reo/Documents/Repository/chipwhisperer/firmware/mcu/hal/chipwhisperer-fw-extra/stm32f4/stm32f4_hal_lowlevel.c ****   assert_param(IS_UART_OVERSAMPLING(huart->Init.OverSampling));
 3232              		.loc 1 897 3 view .LVU1122
 898:/home/reo/Documents/Repository/chipwhisperer/firmware/mcu/hal/chipwhisperer-fw-extra/stm32f4/stm32f4_hal_lowlevel.c **** 
 3233              		.loc 1 898 3 view .LVU1123
 900:/home/reo/Documents/Repository/chipwhisperer/firmware/mcu/hal/chipwhisperer-fw-extra/stm32f4/stm32f4_hal_lowlevel.c ****   {
 3234              		.loc 1 900 3 view .LVU1124
 879:/home/reo/Documents/Repository/chipwhisperer/firmware/mcu/hal/chipwhisperer-fw-extra/stm32f4/stm32f4_hal_lowlevel.c ****   /* Check the UART handle allocation */
 3235              		.loc 1 879 1 is_stmt 0 view .LVU1125
 3236 0004 30B4     		push	{r4, r5}
 3237              	.LCFI20:
 3238              		.cfi_def_cfa_offset 8
 3239              		.cfi_offset 4, -8
 3240              		.cfi_offset 5, -4
 900:/home/reo/Documents/Repository/chipwhisperer/firmware/mcu/hal/chipwhisperer-fw-extra/stm32f4/stm32f4_hal_lowlevel.c ****   {
 3241              		.loc 1 900 11 view .LVU1126
 3242 0006 90F83920 		ldrb	r2, [r0, #57]	@ zero_extendqisi2
 3243 000a 0346     		mov	r3, r0
 900:/home/reo/Documents/Repository/chipwhisperer/firmware/mcu/hal/chipwhisperer-fw-extra/stm32f4/stm32f4_hal_lowlevel.c ****   {
 3244              		.loc 1 900 5 view .LVU1127
 3245 000c 02F0FF01 		and	r1, r2, #255
 3246 0010 002A     		cmp	r2, #0
 3247 0012 50D0     		beq	.L313
 3248              	.L301:
 908:/home/reo/Documents/Repository/chipwhisperer/firmware/mcu/hal/chipwhisperer-fw-extra/stm32f4/stm32f4_hal_lowlevel.c **** 
 3249              		.loc 1 908 3 is_stmt 1 view .LVU1128
 911:/home/reo/Documents/Repository/chipwhisperer/firmware/mcu/hal/chipwhisperer-fw-extra/stm32f4/stm32f4_hal_lowlevel.c **** 
 3250              		.loc 1 911 3 is_stmt 0 view .LVU1129
 3251 0014 1A68     		ldr	r2, [r3]
 3252              	.LBB400:
 3253              	.LBB401:
 796:/home/reo/Documents/Repository/chipwhisperer/firmware/mcu/hal/chipwhisperer-fw-extra/stm32f4/stm32f4_hal_lowlevel.c **** 
 3254              		.loc 1 796 10 view .LVU1130
 3255 0016 DC68     		ldr	r4, [r3, #12]
 813:/home/reo/Documents/Repository/chipwhisperer/firmware/mcu/hal/chipwhisperer-fw-extra/stm32f4/stm32f4_hal_lowlevel.c **** 
 3256              		.loc 1 813 46 view .LVU1131
 3257 0018 1D69     		ldr	r5, [r3, #16]
 3258              	.LBE401:
 3259              	.LBE400:
 908:/home/reo/Documents/Repository/chipwhisperer/firmware/mcu/hal/chipwhisperer-fw-extra/stm32f4/stm32f4_hal_lowlevel.c **** 
 3260              		.loc 1 908 17 view .LVU1132
 3261 001a 2421     		movs	r1, #36
 3262 001c 83F83910 		strb	r1, [r3, #57]
 911:/home/reo/Documents/Repository/chipwhisperer/firmware/mcu/hal/chipwhisperer-fw-extra/stm32f4/stm32f4_hal_lowlevel.c **** 
 3263              		.loc 1 911 3 is_stmt 1 view .LVU1133
 3264 0020 D168     		ldr	r1, [r2, #12]
 3265 0022 21F40051 		bic	r1, r1, #8192
 3266 0026 D160     		str	r1, [r2, #12]
 914:/home/reo/Documents/Repository/chipwhisperer/firmware/mcu/hal/chipwhisperer-fw-extra/stm32f4/stm32f4_hal_lowlevel.c **** 
 3267              		.loc 1 914 3 view .LVU1134
 3268              	.LVL217:
 3269              	.LBB407:
 3270              	.LBI400:
 779:/home/reo/Documents/Repository/chipwhisperer/firmware/mcu/hal/chipwhisperer-fw-extra/stm32f4/stm32f4_hal_lowlevel.c **** {
 3271              		.loc 1 779 13 view .LVU1135
 3272              	.LBB402:
 781:/home/reo/Documents/Repository/chipwhisperer/firmware/mcu/hal/chipwhisperer-fw-extra/stm32f4/stm32f4_hal_lowlevel.c **** 
 3273              		.loc 1 781 3 view .LVU1136
 784:/home/reo/Documents/Repository/chipwhisperer/firmware/mcu/hal/chipwhisperer-fw-extra/stm32f4/stm32f4_hal_lowlevel.c ****   assert_param(IS_UART_STOPBITS(huart->Init.StopBits));
 3274              		.loc 1 784 3 view .LVU1137
 785:/home/reo/Documents/Repository/chipwhisperer/firmware/mcu/hal/chipwhisperer-fw-extra/stm32f4/stm32f4_hal_lowlevel.c ****   assert_param(IS_UART_PARITY(huart->Init.Parity));
 3275              		.loc 1 785 3 view .LVU1138
 786:/home/reo/Documents/Repository/chipwhisperer/firmware/mcu/hal/chipwhisperer-fw-extra/stm32f4/stm32f4_hal_lowlevel.c ****   assert_param(IS_UART_MODE(huart->Init.Mode));
 3276              		.loc 1 786 3 view .LVU1139
 787:/home/reo/Documents/Repository/chipwhisperer/firmware/mcu/hal/chipwhisperer-fw-extra/stm32f4/stm32f4_hal_lowlevel.c **** 
 3277              		.loc 1 787 3 view .LVU1140
 790:/home/reo/Documents/Repository/chipwhisperer/firmware/mcu/hal/chipwhisperer-fw-extra/stm32f4/stm32f4_hal_lowlevel.c **** 
 3278              		.loc 1 790 3 view .LVU1141
 790:/home/reo/Documents/Repository/chipwhisperer/firmware/mcu/hal/chipwhisperer-fw-extra/stm32f4/stm32f4_hal_lowlevel.c **** 
 3279              		.loc 1 790 10 is_stmt 0 view .LVU1142
 3280 0028 1069     		ldr	r0, [r2, #16]
 3281              	.LVL218:
 793:/home/reo/Documents/Repository/chipwhisperer/firmware/mcu/hal/chipwhisperer-fw-extra/stm32f4/stm32f4_hal_lowlevel.c **** 
 3282              		.loc 1 793 3 is_stmt 1 view .LVU1143
 813:/home/reo/Documents/Repository/chipwhisperer/firmware/mcu/hal/chipwhisperer-fw-extra/stm32f4/stm32f4_hal_lowlevel.c **** 
 3283              		.loc 1 813 46 is_stmt 0 view .LVU1144
 3284 002a 9968     		ldr	r1, [r3, #8]
 793:/home/reo/Documents/Repository/chipwhisperer/firmware/mcu/hal/chipwhisperer-fw-extra/stm32f4/stm32f4_hal_lowlevel.c **** 
 3285              		.loc 1 793 10 view .LVU1145
 3286 002c 20F44050 		bic	r0, r0, #12288
 3287              	.LVL219:
 796:/home/reo/Documents/Repository/chipwhisperer/firmware/mcu/hal/chipwhisperer-fw-extra/stm32f4/stm32f4_hal_lowlevel.c **** 
 3288              		.loc 1 796 3 is_stmt 1 view .LVU1146
 796:/home/reo/Documents/Repository/chipwhisperer/firmware/mcu/hal/chipwhisperer-fw-extra/stm32f4/stm32f4_hal_lowlevel.c **** 
 3289              		.loc 1 796 10 is_stmt 0 view .LVU1147
 3290 0030 2043     		orrs	r0, r0, r4
 3291              	.LVL220:
 799:/home/reo/Documents/Repository/chipwhisperer/firmware/mcu/hal/chipwhisperer-fw-extra/stm32f4/stm32f4_hal_lowlevel.c **** 
 3292              		.loc 1 799 3 is_stmt 1 view .LVU1148
 3293 0032 1061     		str	r0, [r2, #16]
 802:/home/reo/Documents/Repository/chipwhisperer/firmware/mcu/hal/chipwhisperer-fw-extra/stm32f4/stm32f4_hal_lowlevel.c **** 
 3294              		.loc 1 802 3 view .LVU1149
 802:/home/reo/Documents/Repository/chipwhisperer/firmware/mcu/hal/chipwhisperer-fw-extra/stm32f4/stm32f4_hal_lowlevel.c **** 
 3295              		.loc 1 802 10 is_stmt 0 view .LVU1150
 3296 0034 D068     		ldr	r0, [r2, #12]
 3297              	.LVL221:
 805:/home/reo/Documents/Repository/chipwhisperer/firmware/mcu/hal/chipwhisperer-fw-extra/stm32f4/stm32f4_hal_lowlevel.c ****                                    USART_CR1_RE | USART_CR1_OVER8));
 3298              		.loc 1 805 3 is_stmt 1 view .LVU1151
 813:/home/reo/Documents/Repository/chipwhisperer/firmware/mcu/hal/chipwhisperer-fw-extra/stm32f4/stm32f4_hal_lowlevel.c **** 
 3299              		.loc 1 813 99 is_stmt 0 view .LVU1152
 3300 0036 DC69     		ldr	r4, [r3, #28]
 813:/home/reo/Documents/Repository/chipwhisperer/firmware/mcu/hal/chipwhisperer-fw-extra/stm32f4/stm32f4_hal_lowlevel.c **** 
 3301              		.loc 1 813 46 view .LVU1153
 3302 0038 2943     		orrs	r1, r1, r5
 813:/home/reo/Documents/Repository/chipwhisperer/firmware/mcu/hal/chipwhisperer-fw-extra/stm32f4/stm32f4_hal_lowlevel.c **** 
 3303              		.loc 1 813 67 view .LVU1154
 3304 003a 5D69     		ldr	r5, [r3, #20]
 805:/home/reo/Documents/Repository/chipwhisperer/firmware/mcu/hal/chipwhisperer-fw-extra/stm32f4/stm32f4_hal_lowlevel.c ****                                    USART_CR1_RE | USART_CR1_OVER8));
 3305              		.loc 1 805 10 view .LVU1155
 3306 003c 20F41640 		bic	r0, r0, #38400
 3307              	.LVL222:
 813:/home/reo/Documents/Repository/chipwhisperer/firmware/mcu/hal/chipwhisperer-fw-extra/stm32f4/stm32f4_hal_lowlevel.c **** 
 3308              		.loc 1 813 67 view .LVU1156
 3309 0040 2943     		orrs	r1, r1, r5
 805:/home/reo/Documents/Repository/chipwhisperer/firmware/mcu/hal/chipwhisperer-fw-extra/stm32f4/stm32f4_hal_lowlevel.c ****                                    USART_CR1_RE | USART_CR1_OVER8));
 3310              		.loc 1 805 10 view .LVU1157
 3311 0042 20F00C00 		bic	r0, r0, #12
 3312              	.LVL223:
 813:/home/reo/Documents/Repository/chipwhisperer/firmware/mcu/hal/chipwhisperer-fw-extra/stm32f4/stm32f4_hal_lowlevel.c **** 
 3313              		.loc 1 813 3 is_stmt 1 view .LVU1158
 813:/home/reo/Documents/Repository/chipwhisperer/firmware/mcu/hal/chipwhisperer-fw-extra/stm32f4/stm32f4_hal_lowlevel.c **** 
 3314              		.loc 1 813 86 is_stmt 0 view .LVU1159
 3315 0046 2143     		orrs	r1, r1, r4
 813:/home/reo/Documents/Repository/chipwhisperer/firmware/mcu/hal/chipwhisperer-fw-extra/stm32f4/stm32f4_hal_lowlevel.c **** 
 3316              		.loc 1 813 10 view .LVU1160
 3317 0048 0143     		orrs	r1, r1, r0
 3318              	.LVL224:
 816:/home/reo/Documents/Repository/chipwhisperer/firmware/mcu/hal/chipwhisperer-fw-extra/stm32f4/stm32f4_hal_lowlevel.c **** 
 3319              		.loc 1 816 3 is_stmt 1 view .LVU1161
 3320 004a D160     		str	r1, [r2, #12]
 819:/home/reo/Documents/Repository/chipwhisperer/firmware/mcu/hal/chipwhisperer-fw-extra/stm32f4/stm32f4_hal_lowlevel.c **** 
 3321              		.loc 1 819 3 view .LVU1162
 819:/home/reo/Documents/Repository/chipwhisperer/firmware/mcu/hal/chipwhisperer-fw-extra/stm32f4/stm32f4_hal_lowlevel.c **** 
 3322              		.loc 1 819 10 is_stmt 0 view .LVU1163
 3323 004c 5169     		ldr	r1, [r2, #20]
 3324              	.LVL225:
 822:/home/reo/Documents/Repository/chipwhisperer/firmware/mcu/hal/chipwhisperer-fw-extra/stm32f4/stm32f4_hal_lowlevel.c **** 
 3325              		.loc 1 822 3 is_stmt 1 view .LVU1164
 825:/home/reo/Documents/Repository/chipwhisperer/firmware/mcu/hal/chipwhisperer-fw-extra/stm32f4/stm32f4_hal_lowlevel.c **** 
 3326              		.loc 1 825 10 is_stmt 0 view .LVU1165
 3327 004e 9869     		ldr	r0, [r3, #24]
 822:/home/reo/Documents/Repository/chipwhisperer/firmware/mcu/hal/chipwhisperer-fw-extra/stm32f4/stm32f4_hal_lowlevel.c **** 
 3328              		.loc 1 822 10 view .LVU1166
 3329 0050 21F44071 		bic	r1, r1, #768
 3330              	.LVL226:
 825:/home/reo/Documents/Repository/chipwhisperer/firmware/mcu/hal/chipwhisperer-fw-extra/stm32f4/stm32f4_hal_lowlevel.c **** 
 3331              		.loc 1 825 3 is_stmt 1 view .LVU1167
 825:/home/reo/Documents/Repository/chipwhisperer/firmware/mcu/hal/chipwhisperer-fw-extra/stm32f4/stm32f4_hal_lowlevel.c **** 
 3332              		.loc 1 825 10 is_stmt 0 view .LVU1168
 3333 0054 0143     		orrs	r1, r1, r0
 3334              	.LVL227:
 828:/home/reo/Documents/Repository/chipwhisperer/firmware/mcu/hal/chipwhisperer-fw-extra/stm32f4/stm32f4_hal_lowlevel.c **** 
 3335              		.loc 1 828 3 is_stmt 1 view .LVU1169
 831:/home/reo/Documents/Repository/chipwhisperer/firmware/mcu/hal/chipwhisperer-fw-extra/stm32f4/stm32f4_hal_lowlevel.c ****   {
 3336              		.loc 1 831 5 is_stmt 0 view .LVU1170
 3337 0056 B4F5004F 		cmp	r4, #32768
 828:/home/reo/Documents/Repository/chipwhisperer/firmware/mcu/hal/chipwhisperer-fw-extra/stm32f4/stm32f4_hal_lowlevel.c **** 
 3338              		.loc 1 828 3 view .LVU1171
 3339 005a 5161     		str	r1, [r2, #20]
 831:/home/reo/Documents/Repository/chipwhisperer/firmware/mcu/hal/chipwhisperer-fw-extra/stm32f4/stm32f4_hal_lowlevel.c ****   {
 3340              		.loc 1 831 3 is_stmt 1 view .LVU1172
 831:/home/reo/Documents/Repository/chipwhisperer/firmware/mcu/hal/chipwhisperer-fw-extra/stm32f4/stm32f4_hal_lowlevel.c ****   {
 3341              		.loc 1 831 5 is_stmt 0 view .LVU1173
 3342 005c 2ED0     		beq	.L314
 854:/home/reo/Documents/Repository/chipwhisperer/firmware/mcu/hal/chipwhisperer-fw-extra/stm32f4/stm32f4_hal_lowlevel.c ****     {
 3343              		.loc 1 854 5 is_stmt 1 view .LVU1174
 866:/home/reo/Documents/Repository/chipwhisperer/firmware/mcu/hal/chipwhisperer-fw-extra/stm32f4/stm32f4_hal_lowlevel.c ****     }
 3344              		.loc 1 866 7 view .LVU1175
 3345              	.LBE402:
 3346              	.LBE407:
 586:/home/reo/Documents/Repository/chipwhisperer/firmware/mcu/hal/chipwhisperer-fw-extra/stm32f4/stm32f4_hal_lowlevel.c **** }
 3347              		.loc 1 586 3 view .LVU1176
 3348              	.LBB408:
 3349              	.LBB403:
 856:/home/reo/Documents/Repository/chipwhisperer/firmware/mcu/hal/chipwhisperer-fw-extra/stm32f4/stm32f4_hal_lowlevel.c ****     }
 3350              		.loc 1 856 30 is_stmt 0 view .LVU1177
 3351 005e 5868     		ldr	r0, [r3, #4]
 3352 0060 244C     		ldr	r4, .L315
 866:/home/reo/Documents/Repository/chipwhisperer/firmware/mcu/hal/chipwhisperer-fw-extra/stm32f4/stm32f4_hal_lowlevel.c ****     }
 3353              		.loc 1 866 30 view .LVU1178
 3354 0062 2549     		ldr	r1, .L315+4
 3355              	.LVL228:
 866:/home/reo/Documents/Repository/chipwhisperer/firmware/mcu/hal/chipwhisperer-fw-extra/stm32f4/stm32f4_hal_lowlevel.c ****     }
 3356              		.loc 1 866 30 view .LVU1179
 3357 0064 8000     		lsls	r0, r0, #2
 3358 0066 B1FBF0F1 		udiv	r1, r1, r0
 3359              	.LBE403:
 3360              	.LBE408:
 586:/home/reo/Documents/Repository/chipwhisperer/firmware/mcu/hal/chipwhisperer-fw-extra/stm32f4/stm32f4_hal_lowlevel.c **** }
 3361              		.loc 1 586 3 is_stmt 1 view .LVU1180
 586:/home/reo/Documents/Repository/chipwhisperer/firmware/mcu/hal/chipwhisperer-fw-extra/stm32f4/stm32f4_hal_lowlevel.c **** }
 3362              		.loc 1 586 3 view .LVU1181
 586:/home/reo/Documents/Repository/chipwhisperer/firmware/mcu/hal/chipwhisperer-fw-extra/stm32f4/stm32f4_hal_lowlevel.c **** }
 3363              		.loc 1 586 3 view .LVU1182
 586:/home/reo/Documents/Repository/chipwhisperer/firmware/mcu/hal/chipwhisperer-fw-extra/stm32f4/stm32f4_hal_lowlevel.c **** }
 3364              		.loc 1 586 3 view .LVU1183
 3365              	.LBB409:
 3366              	.LBB404:
 866:/home/reo/Documents/Repository/chipwhisperer/firmware/mcu/hal/chipwhisperer-fw-extra/stm32f4/stm32f4_hal_lowlevel.c ****     }
 3367              		.loc 1 866 30 is_stmt 0 view .LVU1184
 3368 006a A4FB0150 		umull	r5, r0, r4, r1
 3369 006e 4009     		lsrs	r0, r0, #5
 3370 0070 4FF0640C 		mov	ip, #100
 3371 0074 0CFB1011 		mls	r1, ip, r0, r1
 3372 0078 0901     		lsls	r1, r1, #4
 3373 007a 3231     		adds	r1, r1, #50
 3374 007c A4FB0141 		umull	r4, r1, r4, r1
 3375 0080 0001     		lsls	r0, r0, #4
 3376 0082 00EB5111 		add	r1, r0, r1, lsr #5
 866:/home/reo/Documents/Repository/chipwhisperer/firmware/mcu/hal/chipwhisperer-fw-extra/stm32f4/stm32f4_hal_lowlevel.c ****     }
 3377              		.loc 1 866 28 view .LVU1185
 3378 0086 9160     		str	r1, [r2, #8]
 3379              	.LVL229:
 3380              	.L305:
 866:/home/reo/Documents/Repository/chipwhisperer/firmware/mcu/hal/chipwhisperer-fw-extra/stm32f4/stm32f4_hal_lowlevel.c ****     }
 3381              		.loc 1 866 28 view .LVU1186
 3382              	.LBE404:
 3383              	.LBE409:
 919:/home/reo/Documents/Repository/chipwhisperer/firmware/mcu/hal/chipwhisperer-fw-extra/stm32f4/stm32f4_hal_lowlevel.c ****   CLEAR_BIT(huart->Instance->CR3, (USART_CR3_SCEN | USART_CR3_HDSEL | USART_CR3_IREN));
 3384              		.loc 1 919 3 is_stmt 1 view .LVU1187
 3385 0088 1169     		ldr	r1, [r2, #16]
 3386 008a 21F49041 		bic	r1, r1, #18432
 3387 008e 1161     		str	r1, [r2, #16]
 920:/home/reo/Documents/Repository/chipwhisperer/firmware/mcu/hal/chipwhisperer-fw-extra/stm32f4/stm32f4_hal_lowlevel.c **** 
 3388              		.loc 1 920 3 view .LVU1188
 3389 0090 5169     		ldr	r1, [r2, #20]
 3390 0092 21F02A01 		bic	r1, r1, #42
 3391 0096 5161     		str	r1, [r2, #20]
 923:/home/reo/Documents/Repository/chipwhisperer/firmware/mcu/hal/chipwhisperer-fw-extra/stm32f4/stm32f4_hal_lowlevel.c **** 
 3392              		.loc 1 923 3 view .LVU1189
 3393 0098 D168     		ldr	r1, [r2, #12]
 926:/home/reo/Documents/Repository/chipwhisperer/firmware/mcu/hal/chipwhisperer-fw-extra/stm32f4/stm32f4_hal_lowlevel.c ****   huart->gState= HAL_UART_STATE_READY;
 3394              		.loc 1 926 20 is_stmt 0 view .LVU1190
 3395 009a 0024     		movs	r4, #0
 927:/home/reo/Documents/Repository/chipwhisperer/firmware/mcu/hal/chipwhisperer-fw-extra/stm32f4/stm32f4_hal_lowlevel.c ****   huart->RxState= HAL_UART_STATE_READY;
 3396              		.loc 1 927 16 view .LVU1191
 3397 009c 4FF0200C 		mov	ip, #32
 923:/home/reo/Documents/Repository/chipwhisperer/firmware/mcu/hal/chipwhisperer-fw-extra/stm32f4/stm32f4_hal_lowlevel.c **** 
 3398              		.loc 1 923 3 view .LVU1192
 3399 00a0 41F40051 		orr	r1, r1, #8192
 3400 00a4 D160     		str	r1, [r2, #12]
 926:/home/reo/Documents/Repository/chipwhisperer/firmware/mcu/hal/chipwhisperer-fw-extra/stm32f4/stm32f4_hal_lowlevel.c ****   huart->gState= HAL_UART_STATE_READY;
 3401              		.loc 1 926 3 is_stmt 1 view .LVU1193
 926:/home/reo/Documents/Repository/chipwhisperer/firmware/mcu/hal/chipwhisperer-fw-extra/stm32f4/stm32f4_hal_lowlevel.c ****   huart->gState= HAL_UART_STATE_READY;
 3402              		.loc 1 926 20 is_stmt 0 view .LVU1194
 3403 00a6 DC63     		str	r4, [r3, #60]
 927:/home/reo/Documents/Repository/chipwhisperer/firmware/mcu/hal/chipwhisperer-fw-extra/stm32f4/stm32f4_hal_lowlevel.c ****   huart->RxState= HAL_UART_STATE_READY;
 3404              		.loc 1 927 3 is_stmt 1 view .LVU1195
 927:/home/reo/Documents/Repository/chipwhisperer/firmware/mcu/hal/chipwhisperer-fw-extra/stm32f4/stm32f4_hal_lowlevel.c ****   huart->RxState= HAL_UART_STATE_READY;
 3405              		.loc 1 927 16 is_stmt 0 view .LVU1196
 3406 00a8 83F839C0 		strb	ip, [r3, #57]
 928:/home/reo/Documents/Repository/chipwhisperer/firmware/mcu/hal/chipwhisperer-fw-extra/stm32f4/stm32f4_hal_lowlevel.c **** 
 3407              		.loc 1 928 3 is_stmt 1 view .LVU1197
 928:/home/reo/Documents/Repository/chipwhisperer/firmware/mcu/hal/chipwhisperer-fw-extra/stm32f4/stm32f4_hal_lowlevel.c **** 
 3408              		.loc 1 928 17 is_stmt 0 view .LVU1198
 3409 00ac 83F83AC0 		strb	ip, [r3, #58]
 930:/home/reo/Documents/Repository/chipwhisperer/firmware/mcu/hal/chipwhisperer-fw-extra/stm32f4/stm32f4_hal_lowlevel.c **** }
 3410              		.loc 1 930 3 is_stmt 1 view .LVU1199
 930:/home/reo/Documents/Repository/chipwhisperer/firmware/mcu/hal/chipwhisperer-fw-extra/stm32f4/stm32f4_hal_lowlevel.c **** }
 3411              		.loc 1 930 10 is_stmt 0 view .LVU1200
 3412 00b0 2046     		mov	r0, r4
 931:/home/reo/Documents/Repository/chipwhisperer/firmware/mcu/hal/chipwhisperer-fw-extra/stm32f4/stm32f4_hal_lowlevel.c **** 
 3413              		.loc 1 931 1 view .LVU1201
 3414 00b2 30BC     		pop	{r4, r5}
 3415              	.LCFI21:
 3416              		.cfi_remember_state
 3417              		.cfi_restore 5
 3418              		.cfi_restore 4
 3419              		.cfi_def_cfa_offset 0
 3420 00b4 7047     		bx	lr
 3421              	.LVL230:
 3422              	.L313:
 3423              	.LCFI22:
 3424              		.cfi_restore_state
 903:/home/reo/Documents/Repository/chipwhisperer/firmware/mcu/hal/chipwhisperer-fw-extra/stm32f4/stm32f4_hal_lowlevel.c ****     /* Init the low level hardware */
 3425              		.loc 1 903 5 is_stmt 1 view .LVU1202
 903:/home/reo/Documents/Repository/chipwhisperer/firmware/mcu/hal/chipwhisperer-fw-extra/stm32f4/stm32f4_hal_lowlevel.c ****     /* Init the low level hardware */
 3426              		.loc 1 903 17 is_stmt 0 view .LVU1203
 3427 00b6 80F83810 		strb	r1, [r0, #56]
 3428 00ba ABE7     		b	.L301
 3429              	.LVL231:
 3430              	.L314:
 3431              	.LBB410:
 3432              	.LBB405:
 835:/home/reo/Documents/Repository/chipwhisperer/firmware/mcu/hal/chipwhisperer-fw-extra/stm32f4/stm32f4_hal_lowlevel.c ****     {
 3433              		.loc 1 835 5 is_stmt 1 view .LVU1204
 847:/home/reo/Documents/Repository/chipwhisperer/firmware/mcu/hal/chipwhisperer-fw-extra/stm32f4/stm32f4_hal_lowlevel.c ****     }
 3434              		.loc 1 847 7 view .LVU1205
 3435              	.LBE405:
 3436              	.LBE410:
 586:/home/reo/Documents/Repository/chipwhisperer/firmware/mcu/hal/chipwhisperer-fw-extra/stm32f4/stm32f4_hal_lowlevel.c **** }
 3437              		.loc 1 586 3 view .LVU1206
 586:/home/reo/Documents/Repository/chipwhisperer/firmware/mcu/hal/chipwhisperer-fw-extra/stm32f4/stm32f4_hal_lowlevel.c **** }
 3438              		.loc 1 586 3 view .LVU1207
 586:/home/reo/Documents/Repository/chipwhisperer/firmware/mcu/hal/chipwhisperer-fw-extra/stm32f4/stm32f4_hal_lowlevel.c **** }
 3439              		.loc 1 586 3 view .LVU1208
 586:/home/reo/Documents/Repository/chipwhisperer/firmware/mcu/hal/chipwhisperer-fw-extra/stm32f4/stm32f4_hal_lowlevel.c **** }
 3440              		.loc 1 586 3 view .LVU1209
 586:/home/reo/Documents/Repository/chipwhisperer/firmware/mcu/hal/chipwhisperer-fw-extra/stm32f4/stm32f4_hal_lowlevel.c **** }
 3441              		.loc 1 586 3 view .LVU1210
 3442              	.LBB411:
 3443              	.LBB406:
 837:/home/reo/Documents/Repository/chipwhisperer/firmware/mcu/hal/chipwhisperer-fw-extra/stm32f4/stm32f4_hal_lowlevel.c ****     }
 3444              		.loc 1 837 30 is_stmt 0 view .LVU1211
 3445 00bc 5C68     		ldr	r4, [r3, #4]
 3446 00be 0D4D     		ldr	r5, .L315
 3447 00c0 0D48     		ldr	r0, .L315+4
 3448 00c2 6400     		lsls	r4, r4, #1
 3449 00c4 B0FBF4F0 		udiv	r0, r0, r4
 847:/home/reo/Documents/Repository/chipwhisperer/firmware/mcu/hal/chipwhisperer-fw-extra/stm32f4/stm32f4_hal_lowlevel.c ****     }
 3450              		.loc 1 847 30 view .LVU1212
 3451 00c8 A5FB0014 		umull	r1, r4, r5, r0
 3452              	.LVL232:
 847:/home/reo/Documents/Repository/chipwhisperer/firmware/mcu/hal/chipwhisperer-fw-extra/stm32f4/stm32f4_hal_lowlevel.c ****     }
 3453              		.loc 1 847 30 view .LVU1213
 3454 00cc 6409     		lsrs	r4, r4, #5
 3455 00ce 6421     		movs	r1, #100
 3456 00d0 01FB1401 		mls	r1, r1, r4, r0
 3457 00d4 C900     		lsls	r1, r1, #3
 3458 00d6 3231     		adds	r1, r1, #50
 3459 00d8 A5FB0101 		umull	r0, r1, r5, r1
 3460 00dc C1F34210 		ubfx	r0, r1, #5, #3
 3461 00e0 0909     		lsrs	r1, r1, #4
 3462 00e2 00EB0410 		add	r0, r0, r4, lsl #4
 3463 00e6 01F4F871 		and	r1, r1, #496
 3464 00ea 0144     		add	r1, r1, r0
 847:/home/reo/Documents/Repository/chipwhisperer/firmware/mcu/hal/chipwhisperer-fw-extra/stm32f4/stm32f4_hal_lowlevel.c ****     }
 3465              		.loc 1 847 28 view .LVU1214
 3466 00ec 9160     		str	r1, [r2, #8]
 3467              	.LVL233:
 847:/home/reo/Documents/Repository/chipwhisperer/firmware/mcu/hal/chipwhisperer-fw-extra/stm32f4/stm32f4_hal_lowlevel.c ****     }
 3468              		.loc 1 847 28 view .LVU1215
 3469 00ee CBE7     		b	.L305
 3470              	.LVL234:
 3471              	.L308:
 3472              	.LCFI23:
 3473              		.cfi_def_cfa_offset 0
 3474              		.cfi_restore 4
 3475              		.cfi_restore 5
 847:/home/reo/Documents/Repository/chipwhisperer/firmware/mcu/hal/chipwhisperer-fw-extra/stm32f4/stm32f4_hal_lowlevel.c ****     }
 3476              		.loc 1 847 28 view .LVU1216
 3477              	.LBE406:
 3478              	.LBE411:
 883:/home/reo/Documents/Repository/chipwhisperer/firmware/mcu/hal/chipwhisperer-fw-extra/stm32f4/stm32f4_hal_lowlevel.c ****   }
 3479              		.loc 1 883 12 view .LVU1217
 3480 00f0 0120     		movs	r0, #1
 3481              	.LVL235:
 931:/home/reo/Documents/Repository/chipwhisperer/firmware/mcu/hal/chipwhisperer-fw-extra/stm32f4/stm32f4_hal_lowlevel.c **** 
 3482              		.loc 1 931 1 view .LVU1218
 3483 00f2 7047     		bx	lr
 3484              	.L316:
 3485              		.align	2
 3486              	.L315:
 3487 00f4 1F85EB51 		.word	1374389535
 3488 00f8 906EFB0A 		.word	184250000
 3489              		.cfi_endproc
 3490              	.LFE135:
 3492              		.section	.text.HAL_UART_Transmit,"ax",%progbits
 3493              		.align	1
 3494              		.p2align 2,,3
 3495              		.global	HAL_UART_Transmit
 3496              		.syntax unified
 3497              		.thumb
 3498              		.thumb_func
 3499              		.fpu softvfp
 3501              	HAL_UART_Transmit:
 3502              	.LVL236:
 3503              	.LFB137:
 950:/home/reo/Documents/Repository/chipwhisperer/firmware/mcu/hal/chipwhisperer-fw-extra/stm32f4/stm32f4_hal_lowlevel.c ****   uint16_t* tmp;
 3504              		.loc 1 950 1 is_stmt 1 view -0
 3505              		.cfi_startproc
 3506              		@ args = 0, pretend = 0, frame = 0
 3507              		@ frame_needed = 0, uses_anonymous_args = 0
 3508              		@ link register save eliminated.
 951:/home/reo/Documents/Repository/chipwhisperer/firmware/mcu/hal/chipwhisperer-fw-extra/stm32f4/stm32f4_hal_lowlevel.c ****   //uint32_t tickstart = 0U;
 3509              		.loc 1 951 3 view .LVU1220
 955:/home/reo/Documents/Repository/chipwhisperer/firmware/mcu/hal/chipwhisperer-fw-extra/stm32f4/stm32f4_hal_lowlevel.c ****   {
 3510              		.loc 1 955 3 view .LVU1221
 955:/home/reo/Documents/Repository/chipwhisperer/firmware/mcu/hal/chipwhisperer-fw-extra/stm32f4/stm32f4_hal_lowlevel.c ****   {
 3511              		.loc 1 955 11 is_stmt 0 view .LVU1222
 3512 0000 90F83930 		ldrb	r3, [r0, #57]	@ zero_extendqisi2
 3513              	.LVL237:
 955:/home/reo/Documents/Repository/chipwhisperer/firmware/mcu/hal/chipwhisperer-fw-extra/stm32f4/stm32f4_hal_lowlevel.c ****   {
 3514              		.loc 1 955 5 view .LVU1223
 3515 0004 202B     		cmp	r3, #32
 3516 0006 42D1     		bne	.L330
 957:/home/reo/Documents/Repository/chipwhisperer/firmware/mcu/hal/chipwhisperer-fw-extra/stm32f4/stm32f4_hal_lowlevel.c ****     {
 3517              		.loc 1 957 5 is_stmt 1 view .LVU1224
 957:/home/reo/Documents/Repository/chipwhisperer/firmware/mcu/hal/chipwhisperer-fw-extra/stm32f4/stm32f4_hal_lowlevel.c ****     {
 3518              		.loc 1 957 7 is_stmt 0 view .LVU1225
 3519 0008 0029     		cmp	r1, #0
 3520 000a 3ED0     		beq	.L329
 957:/home/reo/Documents/Repository/chipwhisperer/firmware/mcu/hal/chipwhisperer-fw-extra/stm32f4/stm32f4_hal_lowlevel.c ****     {
 3521              		.loc 1 957 25 discriminator 1 view .LVU1226
 3522 000c 002A     		cmp	r2, #0
 3523 000e 3CD0     		beq	.L329
 963:/home/reo/Documents/Repository/chipwhisperer/firmware/mcu/hal/chipwhisperer-fw-extra/stm32f4/stm32f4_hal_lowlevel.c **** 
 3524              		.loc 1 963 5 is_stmt 1 view .LVU1227
 963:/home/reo/Documents/Repository/chipwhisperer/firmware/mcu/hal/chipwhisperer-fw-extra/stm32f4/stm32f4_hal_lowlevel.c **** 
 3525              		.loc 1 963 5 view .LVU1228
 3526 0010 90F83830 		ldrb	r3, [r0, #56]	@ zero_extendqisi2
 3527 0014 012B     		cmp	r3, #1
 3528 0016 3AD0     		beq	.L330
 963:/home/reo/Documents/Repository/chipwhisperer/firmware/mcu/hal/chipwhisperer-fw-extra/stm32f4/stm32f4_hal_lowlevel.c **** 
 3529              		.loc 1 963 5 discriminator 2 view .LVU1229
 950:/home/reo/Documents/Repository/chipwhisperer/firmware/mcu/hal/chipwhisperer-fw-extra/stm32f4/stm32f4_hal_lowlevel.c ****   uint16_t* tmp;
 3530              		.loc 1 950 1 is_stmt 0 discriminator 2 view .LVU1230
 3531 0018 10B4     		push	{r4}
 3532              	.LCFI24:
 3533              		.cfi_def_cfa_offset 4
 3534              		.cfi_offset 4, -4
 966:/home/reo/Documents/Repository/chipwhisperer/firmware/mcu/hal/chipwhisperer-fw-extra/stm32f4/stm32f4_hal_lowlevel.c **** 
 3535              		.loc 1 966 19 discriminator 2 view .LVU1231
 3536 001a 2123     		movs	r3, #33
 965:/home/reo/Documents/Repository/chipwhisperer/firmware/mcu/hal/chipwhisperer-fw-extra/stm32f4/stm32f4_hal_lowlevel.c ****     huart->gState = HAL_UART_STATE_BUSY_TX;
 3537              		.loc 1 965 22 discriminator 2 view .LVU1232
 3538 001c 0024     		movs	r4, #0
 3539 001e C463     		str	r4, [r0, #60]
 966:/home/reo/Documents/Repository/chipwhisperer/firmware/mcu/hal/chipwhisperer-fw-extra/stm32f4/stm32f4_hal_lowlevel.c **** 
 3540              		.loc 1 966 19 discriminator 2 view .LVU1233
 3541 0020 80F83930 		strb	r3, [r0, #57]
 972:/home/reo/Documents/Repository/chipwhisperer/firmware/mcu/hal/chipwhisperer-fw-extra/stm32f4/stm32f4_hal_lowlevel.c ****     while(huart->TxXferCount > 0U)
 3542              		.loc 1 972 24 discriminator 2 view .LVU1234
 3543 0024 C284     		strh	r2, [r0, #38]	@ movhi
 973:/home/reo/Documents/Repository/chipwhisperer/firmware/mcu/hal/chipwhisperer-fw-extra/stm32f4/stm32f4_hal_lowlevel.c ****     {
 3544              		.loc 1 973 16 discriminator 2 view .LVU1235
 3545 0026 C38C     		ldrh	r3, [r0, #38]
 971:/home/reo/Documents/Repository/chipwhisperer/firmware/mcu/hal/chipwhisperer-fw-extra/stm32f4/stm32f4_hal_lowlevel.c ****     huart->TxXferCount = Size;
 3546              		.loc 1 971 23 discriminator 2 view .LVU1236
 3547 0028 8284     		strh	r2, [r0, #36]	@ movhi
 963:/home/reo/Documents/Repository/chipwhisperer/firmware/mcu/hal/chipwhisperer-fw-extra/stm32f4/stm32f4_hal_lowlevel.c **** 
 3548              		.loc 1 963 5 discriminator 2 view .LVU1237
 3549 002a 0124     		movs	r4, #1
 973:/home/reo/Documents/Repository/chipwhisperer/firmware/mcu/hal/chipwhisperer-fw-extra/stm32f4/stm32f4_hal_lowlevel.c ****     {
 3550              		.loc 1 973 16 discriminator 2 view .LVU1238
 3551 002c 9BB2     		uxth	r3, r3
 963:/home/reo/Documents/Repository/chipwhisperer/firmware/mcu/hal/chipwhisperer-fw-extra/stm32f4/stm32f4_hal_lowlevel.c **** 
 3552              		.loc 1 963 5 discriminator 2 view .LVU1239
 3553 002e 80F83840 		strb	r4, [r0, #56]
 963:/home/reo/Documents/Repository/chipwhisperer/firmware/mcu/hal/chipwhisperer-fw-extra/stm32f4/stm32f4_hal_lowlevel.c **** 
 3554              		.loc 1 963 5 is_stmt 1 discriminator 2 view .LVU1240
 965:/home/reo/Documents/Repository/chipwhisperer/firmware/mcu/hal/chipwhisperer-fw-extra/stm32f4/stm32f4_hal_lowlevel.c ****     huart->gState = HAL_UART_STATE_BUSY_TX;
 3555              		.loc 1 965 5 discriminator 2 view .LVU1241
 966:/home/reo/Documents/Repository/chipwhisperer/firmware/mcu/hal/chipwhisperer-fw-extra/stm32f4/stm32f4_hal_lowlevel.c **** 
 3556              		.loc 1 966 5 discriminator 2 view .LVU1242
 971:/home/reo/Documents/Repository/chipwhisperer/firmware/mcu/hal/chipwhisperer-fw-extra/stm32f4/stm32f4_hal_lowlevel.c ****     huart->TxXferCount = Size;
 3557              		.loc 1 971 5 discriminator 2 view .LVU1243
 972:/home/reo/Documents/Repository/chipwhisperer/firmware/mcu/hal/chipwhisperer-fw-extra/stm32f4/stm32f4_hal_lowlevel.c ****     while(huart->TxXferCount > 0U)
 3558              		.loc 1 972 5 discriminator 2 view .LVU1244
 973:/home/reo/Documents/Repository/chipwhisperer/firmware/mcu/hal/chipwhisperer-fw-extra/stm32f4/stm32f4_hal_lowlevel.c ****     {
 3559              		.loc 1 973 5 discriminator 2 view .LVU1245
 973:/home/reo/Documents/Repository/chipwhisperer/firmware/mcu/hal/chipwhisperer-fw-extra/stm32f4/stm32f4_hal_lowlevel.c ****     {
 3560              		.loc 1 973 10 discriminator 2 view .LVU1246
 3561 0032 002B     		cmp	r3, #0
 3562 0034 2FD0     		beq	.L319
 976:/home/reo/Documents/Repository/chipwhisperer/firmware/mcu/hal/chipwhisperer-fw-extra/stm32f4/stm32f4_hal_lowlevel.c ****       {
 3563              		.loc 1 976 21 is_stmt 0 view .LVU1247
 3564 0036 8468     		ldr	r4, [r0, #8]
 3565              	.LBB412:
 3566              	.LBB413:
 936:/home/reo/Documents/Repository/chipwhisperer/firmware/mcu/hal/chipwhisperer-fw-extra/stm32f4/stm32f4_hal_lowlevel.c ****   return HAL_OK;
 3567              		.loc 1 936 10 view .LVU1248
 3568 0038 0268     		ldr	r2, [r0]
 3569              	.LVL238:
 3570              	.L324:
 936:/home/reo/Documents/Repository/chipwhisperer/firmware/mcu/hal/chipwhisperer-fw-extra/stm32f4/stm32f4_hal_lowlevel.c ****   return HAL_OK;
 3571              		.loc 1 936 10 view .LVU1249
 3572              	.LBE413:
 3573              	.LBE412:
 975:/home/reo/Documents/Repository/chipwhisperer/firmware/mcu/hal/chipwhisperer-fw-extra/stm32f4/stm32f4_hal_lowlevel.c ****       if(huart->Init.WordLength == UART_WORDLENGTH_9B)
 3574              		.loc 1 975 7 is_stmt 1 view .LVU1250
 975:/home/reo/Documents/Repository/chipwhisperer/firmware/mcu/hal/chipwhisperer-fw-extra/stm32f4/stm32f4_hal_lowlevel.c ****       if(huart->Init.WordLength == UART_WORDLENGTH_9B)
 3575              		.loc 1 975 12 is_stmt 0 view .LVU1251
 3576 003a C38C     		ldrh	r3, [r0, #38]
 975:/home/reo/Documents/Repository/chipwhisperer/firmware/mcu/hal/chipwhisperer-fw-extra/stm32f4/stm32f4_hal_lowlevel.c ****       if(huart->Init.WordLength == UART_WORDLENGTH_9B)
 3577              		.loc 1 975 25 view .LVU1252
 3578 003c 013B     		subs	r3, r3, #1
 3579 003e 9BB2     		uxth	r3, r3
 976:/home/reo/Documents/Repository/chipwhisperer/firmware/mcu/hal/chipwhisperer-fw-extra/stm32f4/stm32f4_hal_lowlevel.c ****       {
 3580              		.loc 1 976 9 view .LVU1253
 3581 0040 B4F5805F 		cmp	r4, #4096
 975:/home/reo/Documents/Repository/chipwhisperer/firmware/mcu/hal/chipwhisperer-fw-extra/stm32f4/stm32f4_hal_lowlevel.c ****       if(huart->Init.WordLength == UART_WORDLENGTH_9B)
 3582              		.loc 1 975 25 view .LVU1254
 3583 0044 C384     		strh	r3, [r0, #38]	@ movhi
 976:/home/reo/Documents/Repository/chipwhisperer/firmware/mcu/hal/chipwhisperer-fw-extra/stm32f4/stm32f4_hal_lowlevel.c ****       {
 3584              		.loc 1 976 7 is_stmt 1 view .LVU1255
 976:/home/reo/Documents/Repository/chipwhisperer/firmware/mcu/hal/chipwhisperer-fw-extra/stm32f4/stm32f4_hal_lowlevel.c ****       {
 3585              		.loc 1 976 9 is_stmt 0 view .LVU1256
 3586 0046 15D0     		beq	.L321
 3587              	.L320:
 3588              	.LBB416:
 3589              	.LBB417:
 936:/home/reo/Documents/Repository/chipwhisperer/firmware/mcu/hal/chipwhisperer-fw-extra/stm32f4/stm32f4_hal_lowlevel.c ****   return HAL_OK;
 3590              		.loc 1 936 68 is_stmt 1 view .LVU1257
 936:/home/reo/Documents/Repository/chipwhisperer/firmware/mcu/hal/chipwhisperer-fw-extra/stm32f4/stm32f4_hal_lowlevel.c ****   return HAL_OK;
 3591              		.loc 1 936 8 view .LVU1258
 936:/home/reo/Documents/Repository/chipwhisperer/firmware/mcu/hal/chipwhisperer-fw-extra/stm32f4/stm32f4_hal_lowlevel.c ****   return HAL_OK;
 3592              		.loc 1 936 10 is_stmt 0 view .LVU1259
 3593 0048 1368     		ldr	r3, [r2]
 936:/home/reo/Documents/Repository/chipwhisperer/firmware/mcu/hal/chipwhisperer-fw-extra/stm32f4/stm32f4_hal_lowlevel.c ****   return HAL_OK;
 3594              		.loc 1 936 8 view .LVU1260
 3595 004a 1B06     		lsls	r3, r3, #24
 3596 004c FCD5     		bpl	.L320
 937:/home/reo/Documents/Repository/chipwhisperer/firmware/mcu/hal/chipwhisperer-fw-extra/stm32f4/stm32f4_hal_lowlevel.c **** }
 3597              		.loc 1 937 3 is_stmt 1 view .LVU1261
 3598              	.LBE417:
 3599              	.LBE416:
 999:/home/reo/Documents/Repository/chipwhisperer/firmware/mcu/hal/chipwhisperer-fw-extra/stm32f4/stm32f4_hal_lowlevel.c ****       }
 3600              		.loc 1 999 9 view .LVU1262
 3601              	.LVL239:
 999:/home/reo/Documents/Repository/chipwhisperer/firmware/mcu/hal/chipwhisperer-fw-extra/stm32f4/stm32f4_hal_lowlevel.c ****       }
 3602              		.loc 1 999 41 is_stmt 0 view .LVU1263
 3603 004e 11F8013B 		ldrb	r3, [r1], #1	@ zero_extendqisi2
 3604              	.LVL240:
 999:/home/reo/Documents/Repository/chipwhisperer/firmware/mcu/hal/chipwhisperer-fw-extra/stm32f4/stm32f4_hal_lowlevel.c ****       }
 3605              		.loc 1 999 29 view .LVU1264
 3606 0052 5360     		str	r3, [r2, #4]
 3607              	.L323:
 973:/home/reo/Documents/Repository/chipwhisperer/firmware/mcu/hal/chipwhisperer-fw-extra/stm32f4/stm32f4_hal_lowlevel.c ****     {
 3608              		.loc 1 973 10 is_stmt 1 view .LVU1265
 973:/home/reo/Documents/Repository/chipwhisperer/firmware/mcu/hal/chipwhisperer-fw-extra/stm32f4/stm32f4_hal_lowlevel.c ****     {
 3609              		.loc 1 973 16 is_stmt 0 view .LVU1266
 3610 0054 C38C     		ldrh	r3, [r0, #38]
 3611 0056 9BB2     		uxth	r3, r3
 973:/home/reo/Documents/Repository/chipwhisperer/firmware/mcu/hal/chipwhisperer-fw-extra/stm32f4/stm32f4_hal_lowlevel.c ****     {
 3612              		.loc 1 973 10 view .LVU1267
 3613 0058 002B     		cmp	r3, #0
 3614 005a EED1     		bne	.L324
 3615              	.L326:
 3616              	.LBB418:
 3617              	.LBB414:
 936:/home/reo/Documents/Repository/chipwhisperer/firmware/mcu/hal/chipwhisperer-fw-extra/stm32f4/stm32f4_hal_lowlevel.c ****   return HAL_OK;
 3618              		.loc 1 936 68 is_stmt 1 view .LVU1268
 936:/home/reo/Documents/Repository/chipwhisperer/firmware/mcu/hal/chipwhisperer-fw-extra/stm32f4/stm32f4_hal_lowlevel.c ****   return HAL_OK;
 3619              		.loc 1 936 8 view .LVU1269
 936:/home/reo/Documents/Repository/chipwhisperer/firmware/mcu/hal/chipwhisperer-fw-extra/stm32f4/stm32f4_hal_lowlevel.c ****   return HAL_OK;
 3620              		.loc 1 936 10 is_stmt 0 view .LVU1270
 3621 005c 1368     		ldr	r3, [r2]
 936:/home/reo/Documents/Repository/chipwhisperer/firmware/mcu/hal/chipwhisperer-fw-extra/stm32f4/stm32f4_hal_lowlevel.c ****   return HAL_OK;
 3622              		.loc 1 936 8 view .LVU1271
 3623 005e 5B06     		lsls	r3, r3, #25
 3624 0060 FCD5     		bpl	.L326
 937:/home/reo/Documents/Repository/chipwhisperer/firmware/mcu/hal/chipwhisperer-fw-extra/stm32f4/stm32f4_hal_lowlevel.c **** }
 3625              		.loc 1 937 3 is_stmt 1 view .LVU1272
 3626              	.LBE414:
 3627              	.LBE418:
1009:/home/reo/Documents/Repository/chipwhisperer/firmware/mcu/hal/chipwhisperer-fw-extra/stm32f4/stm32f4_hal_lowlevel.c **** 
 3628              		.loc 1 1009 7 view .LVU1273
1012:/home/reo/Documents/Repository/chipwhisperer/firmware/mcu/hal/chipwhisperer-fw-extra/stm32f4/stm32f4_hal_lowlevel.c **** 
 3629              		.loc 1 1012 5 is_stmt 0 view .LVU1274
 3630 0062 0023     		movs	r3, #0
1009:/home/reo/Documents/Repository/chipwhisperer/firmware/mcu/hal/chipwhisperer-fw-extra/stm32f4/stm32f4_hal_lowlevel.c **** 
 3631              		.loc 1 1009 21 view .LVU1275
 3632 0064 2022     		movs	r2, #32
 3633 0066 80F83920 		strb	r2, [r0, #57]
1012:/home/reo/Documents/Repository/chipwhisperer/firmware/mcu/hal/chipwhisperer-fw-extra/stm32f4/stm32f4_hal_lowlevel.c **** 
 3634              		.loc 1 1012 5 is_stmt 1 view .LVU1276
1012:/home/reo/Documents/Repository/chipwhisperer/firmware/mcu/hal/chipwhisperer-fw-extra/stm32f4/stm32f4_hal_lowlevel.c **** 
 3635              		.loc 1 1012 5 view .LVU1277
 3636 006a 80F83830 		strb	r3, [r0, #56]
1012:/home/reo/Documents/Repository/chipwhisperer/firmware/mcu/hal/chipwhisperer-fw-extra/stm32f4/stm32f4_hal_lowlevel.c **** 
 3637              		.loc 1 1012 5 view .LVU1278
1014:/home/reo/Documents/Repository/chipwhisperer/firmware/mcu/hal/chipwhisperer-fw-extra/stm32f4/stm32f4_hal_lowlevel.c ****   }
 3638              		.loc 1 1014 5 view .LVU1279
1020:/home/reo/Documents/Repository/chipwhisperer/firmware/mcu/hal/chipwhisperer-fw-extra/stm32f4/stm32f4_hal_lowlevel.c **** 
 3639              		.loc 1 1020 1 is_stmt 0 view .LVU1280
 3640 006e 10BC     		pop	{r4}
 3641              	.LCFI25:
 3642              		.cfi_remember_state
 3643              		.cfi_restore 4
 3644              		.cfi_def_cfa_offset 0
1014:/home/reo/Documents/Repository/chipwhisperer/firmware/mcu/hal/chipwhisperer-fw-extra/stm32f4/stm32f4_hal_lowlevel.c ****   }
 3645              		.loc 1 1014 12 view .LVU1281
 3646 0070 1846     		mov	r0, r3
 3647              	.LVL241:
1020:/home/reo/Documents/Repository/chipwhisperer/firmware/mcu/hal/chipwhisperer-fw-extra/stm32f4/stm32f4_hal_lowlevel.c **** 
 3648              		.loc 1 1020 1 view .LVU1282
 3649 0072 7047     		bx	lr
 3650              	.LVL242:
 3651              	.L321:
 3652              	.LCFI26:
 3653              		.cfi_restore_state
 3654              	.LBB419:
 3655              	.LBB420:
 936:/home/reo/Documents/Repository/chipwhisperer/firmware/mcu/hal/chipwhisperer-fw-extra/stm32f4/stm32f4_hal_lowlevel.c ****   return HAL_OK;
 3656              		.loc 1 936 68 is_stmt 1 view .LVU1283
 936:/home/reo/Documents/Repository/chipwhisperer/firmware/mcu/hal/chipwhisperer-fw-extra/stm32f4/stm32f4_hal_lowlevel.c ****   return HAL_OK;
 3657              		.loc 1 936 8 view .LVU1284
 936:/home/reo/Documents/Repository/chipwhisperer/firmware/mcu/hal/chipwhisperer-fw-extra/stm32f4/stm32f4_hal_lowlevel.c ****   return HAL_OK;
 3658              		.loc 1 936 10 is_stmt 0 view .LVU1285
 3659 0074 1368     		ldr	r3, [r2]
 936:/home/reo/Documents/Repository/chipwhisperer/firmware/mcu/hal/chipwhisperer-fw-extra/stm32f4/stm32f4_hal_lowlevel.c ****   return HAL_OK;
 3660              		.loc 1 936 8 view .LVU1286
 3661 0076 1B06     		lsls	r3, r3, #24
 3662 0078 FCD5     		bpl	.L321
 937:/home/reo/Documents/Repository/chipwhisperer/firmware/mcu/hal/chipwhisperer-fw-extra/stm32f4/stm32f4_hal_lowlevel.c **** }
 3663              		.loc 1 937 3 is_stmt 1 view .LVU1287
 3664              	.LBE420:
 3665              	.LBE419:
 982:/home/reo/Documents/Repository/chipwhisperer/firmware/mcu/hal/chipwhisperer-fw-extra/stm32f4/stm32f4_hal_lowlevel.c ****         huart->Instance->DR = (*tmp & (uint16_t)0x01FF);
 3666              		.loc 1 982 9 view .LVU1288
 3667              	.LVL243:
 983:/home/reo/Documents/Repository/chipwhisperer/firmware/mcu/hal/chipwhisperer-fw-extra/stm32f4/stm32f4_hal_lowlevel.c ****         if(huart->Init.Parity == UART_PARITY_NONE)
 3668              		.loc 1 983 9 view .LVU1289
 983:/home/reo/Documents/Repository/chipwhisperer/firmware/mcu/hal/chipwhisperer-fw-extra/stm32f4/stm32f4_hal_lowlevel.c ****         if(huart->Init.Parity == UART_PARITY_NONE)
 3669              		.loc 1 983 37 is_stmt 0 view .LVU1290
 3670 007a 0B88     		ldrh	r3, [r1]
 3671 007c C3F30803 		ubfx	r3, r3, #0, #9
 983:/home/reo/Documents/Repository/chipwhisperer/firmware/mcu/hal/chipwhisperer-fw-extra/stm32f4/stm32f4_hal_lowlevel.c ****         if(huart->Init.Parity == UART_PARITY_NONE)
 3672              		.loc 1 983 29 view .LVU1291
 3673 0080 5360     		str	r3, [r2, #4]
 984:/home/reo/Documents/Repository/chipwhisperer/firmware/mcu/hal/chipwhisperer-fw-extra/stm32f4/stm32f4_hal_lowlevel.c ****         {
 3674              		.loc 1 984 9 is_stmt 1 view .LVU1292
 984:/home/reo/Documents/Repository/chipwhisperer/firmware/mcu/hal/chipwhisperer-fw-extra/stm32f4/stm32f4_hal_lowlevel.c ****         {
 3675              		.loc 1 984 11 is_stmt 0 view .LVU1293
 3676 0082 0369     		ldr	r3, [r0, #16]
 3677 0084 2BB9     		cbnz	r3, .L322
 986:/home/reo/Documents/Repository/chipwhisperer/firmware/mcu/hal/chipwhisperer-fw-extra/stm32f4/stm32f4_hal_lowlevel.c ****         }
 3678              		.loc 1 986 11 is_stmt 1 view .LVU1294
 986:/home/reo/Documents/Repository/chipwhisperer/firmware/mcu/hal/chipwhisperer-fw-extra/stm32f4/stm32f4_hal_lowlevel.c ****         }
 3679              		.loc 1 986 17 is_stmt 0 view .LVU1295
 3680 0086 0231     		adds	r1, r1, #2
 3681              	.LVL244:
 986:/home/reo/Documents/Repository/chipwhisperer/firmware/mcu/hal/chipwhisperer-fw-extra/stm32f4/stm32f4_hal_lowlevel.c ****         }
 3682              		.loc 1 986 17 view .LVU1296
 3683 0088 E4E7     		b	.L323
 3684              	.LVL245:
 3685              	.L329:
 3686              	.LCFI27:
 3687              		.cfi_def_cfa_offset 0
 3688              		.cfi_restore 4
 959:/home/reo/Documents/Repository/chipwhisperer/firmware/mcu/hal/chipwhisperer-fw-extra/stm32f4/stm32f4_hal_lowlevel.c ****     }
 3689              		.loc 1 959 15 view .LVU1297
 3690 008a 0120     		movs	r0, #1
 3691              	.LVL246:
 959:/home/reo/Documents/Repository/chipwhisperer/firmware/mcu/hal/chipwhisperer-fw-extra/stm32f4/stm32f4_hal_lowlevel.c ****     }
 3692              		.loc 1 959 15 view .LVU1298
 3693 008c 7047     		bx	lr
 3694              	.LVL247:
 3695              	.L330:
1018:/home/reo/Documents/Repository/chipwhisperer/firmware/mcu/hal/chipwhisperer-fw-extra/stm32f4/stm32f4_hal_lowlevel.c ****   }
 3696              		.loc 1 1018 12 view .LVU1299
 3697 008e 0220     		movs	r0, #2
 3698              	.LVL248:
1020:/home/reo/Documents/Repository/chipwhisperer/firmware/mcu/hal/chipwhisperer-fw-extra/stm32f4/stm32f4_hal_lowlevel.c **** 
 3699              		.loc 1 1020 1 view .LVU1300
 3700 0090 7047     		bx	lr
 3701              	.LVL249:
 3702              	.L322:
 3703              	.LCFI28:
 3704              		.cfi_def_cfa_offset 4
 3705              		.cfi_offset 4, -4
 990:/home/reo/Documents/Repository/chipwhisperer/firmware/mcu/hal/chipwhisperer-fw-extra/stm32f4/stm32f4_hal_lowlevel.c ****         }
 3706              		.loc 1 990 11 is_stmt 1 view .LVU1301
 990:/home/reo/Documents/Repository/chipwhisperer/firmware/mcu/hal/chipwhisperer-fw-extra/stm32f4/stm32f4_hal_lowlevel.c ****         }
 3707              		.loc 1 990 17 is_stmt 0 view .LVU1302
 3708 0092 0131     		adds	r1, r1, #1
 3709              	.LVL250:
 990:/home/reo/Documents/Repository/chipwhisperer/firmware/mcu/hal/chipwhisperer-fw-extra/stm32f4/stm32f4_hal_lowlevel.c ****         }
 3710              		.loc 1 990 17 view .LVU1303
 3711 0094 DEE7     		b	.L323
 3712              	.LVL251:
 3713              	.L319:
 3714              	.LBB421:
 3715              	.LBB415:
 936:/home/reo/Documents/Repository/chipwhisperer/firmware/mcu/hal/chipwhisperer-fw-extra/stm32f4/stm32f4_hal_lowlevel.c ****   return HAL_OK;
 3716              		.loc 1 936 10 view .LVU1304
 3717 0096 0268     		ldr	r2, [r0]
 3718              	.LVL252:
 936:/home/reo/Documents/Repository/chipwhisperer/firmware/mcu/hal/chipwhisperer-fw-extra/stm32f4/stm32f4_hal_lowlevel.c ****   return HAL_OK;
 3719              		.loc 1 936 10 view .LVU1305
 3720 0098 E0E7     		b	.L326
 3721              	.LBE415:
 3722              	.LBE421:
 3723              		.cfi_endproc
 3724              	.LFE137:
 3726 009a 00BF     		.section	.text.HAL_UART_Receive,"ax",%progbits
 3727              		.align	1
 3728              		.p2align 2,,3
 3729              		.global	HAL_UART_Receive
 3730              		.syntax unified
 3731              		.thumb
 3732              		.thumb_func
 3733              		.fpu softvfp
 3735              	HAL_UART_Receive:
 3736              	.LVL253:
 3737              	.LFB138:
1034:/home/reo/Documents/Repository/chipwhisperer/firmware/mcu/hal/chipwhisperer-fw-extra/stm32f4/stm32f4_hal_lowlevel.c ****   uint16_t* tmp;
 3738              		.loc 1 1034 1 is_stmt 1 view -0
 3739              		.cfi_startproc
 3740              		@ args = 0, pretend = 0, frame = 0
 3741              		@ frame_needed = 0, uses_anonymous_args = 0
 3742              		@ link register save eliminated.
1035:/home/reo/Documents/Repository/chipwhisperer/firmware/mcu/hal/chipwhisperer-fw-extra/stm32f4/stm32f4_hal_lowlevel.c ****   //uint32_t tickstart = 0U;
 3743              		.loc 1 1035 3 view .LVU1307
1039:/home/reo/Documents/Repository/chipwhisperer/firmware/mcu/hal/chipwhisperer-fw-extra/stm32f4/stm32f4_hal_lowlevel.c ****   {
 3744              		.loc 1 1039 3 view .LVU1308
1039:/home/reo/Documents/Repository/chipwhisperer/firmware/mcu/hal/chipwhisperer-fw-extra/stm32f4/stm32f4_hal_lowlevel.c ****   {
 3745              		.loc 1 1039 11 is_stmt 0 view .LVU1309
 3746 0000 90F83A30 		ldrb	r3, [r0, #58]	@ zero_extendqisi2
 3747              	.LVL254:
1039:/home/reo/Documents/Repository/chipwhisperer/firmware/mcu/hal/chipwhisperer-fw-extra/stm32f4/stm32f4_hal_lowlevel.c ****   {
 3748              		.loc 1 1039 5 view .LVU1310
 3749 0004 202B     		cmp	r3, #32
 3750 0006 5CD1     		bne	.L362
1041:/home/reo/Documents/Repository/chipwhisperer/firmware/mcu/hal/chipwhisperer-fw-extra/stm32f4/stm32f4_hal_lowlevel.c ****     {
 3751              		.loc 1 1041 5 is_stmt 1 view .LVU1311
1041:/home/reo/Documents/Repository/chipwhisperer/firmware/mcu/hal/chipwhisperer-fw-extra/stm32f4/stm32f4_hal_lowlevel.c ****     {
 3752              		.loc 1 1041 7 is_stmt 0 view .LVU1312
 3753 0008 0029     		cmp	r1, #0
 3754 000a 52D0     		beq	.L361
1041:/home/reo/Documents/Repository/chipwhisperer/firmware/mcu/hal/chipwhisperer-fw-extra/stm32f4/stm32f4_hal_lowlevel.c ****     {
 3755              		.loc 1 1041 25 discriminator 1 view .LVU1313
 3756 000c 002A     		cmp	r2, #0
 3757 000e 50D0     		beq	.L361
1047:/home/reo/Documents/Repository/chipwhisperer/firmware/mcu/hal/chipwhisperer-fw-extra/stm32f4/stm32f4_hal_lowlevel.c **** 
 3758              		.loc 1 1047 5 is_stmt 1 view .LVU1314
1047:/home/reo/Documents/Repository/chipwhisperer/firmware/mcu/hal/chipwhisperer-fw-extra/stm32f4/stm32f4_hal_lowlevel.c **** 
 3759              		.loc 1 1047 5 view .LVU1315
 3760 0010 90F83830 		ldrb	r3, [r0, #56]	@ zero_extendqisi2
 3761 0014 012B     		cmp	r3, #1
 3762 0016 54D0     		beq	.L362
1047:/home/reo/Documents/Repository/chipwhisperer/firmware/mcu/hal/chipwhisperer-fw-extra/stm32f4/stm32f4_hal_lowlevel.c **** 
 3763              		.loc 1 1047 5 discriminator 2 view .LVU1316
1034:/home/reo/Documents/Repository/chipwhisperer/firmware/mcu/hal/chipwhisperer-fw-extra/stm32f4/stm32f4_hal_lowlevel.c ****   uint16_t* tmp;
 3764              		.loc 1 1034 1 is_stmt 0 discriminator 2 view .LVU1317
 3765 0018 10B4     		push	{r4}
 3766              	.LCFI29:
 3767              		.cfi_def_cfa_offset 4
 3768              		.cfi_offset 4, -4
1050:/home/reo/Documents/Repository/chipwhisperer/firmware/mcu/hal/chipwhisperer-fw-extra/stm32f4/stm32f4_hal_lowlevel.c **** 
 3769              		.loc 1 1050 20 discriminator 2 view .LVU1318
 3770 001a 2223     		movs	r3, #34
1049:/home/reo/Documents/Repository/chipwhisperer/firmware/mcu/hal/chipwhisperer-fw-extra/stm32f4/stm32f4_hal_lowlevel.c ****     huart->RxState = HAL_UART_STATE_BUSY_RX;
 3771              		.loc 1 1049 22 discriminator 2 view .LVU1319
 3772 001c 0024     		movs	r4, #0
 3773 001e C463     		str	r4, [r0, #60]
1050:/home/reo/Documents/Repository/chipwhisperer/firmware/mcu/hal/chipwhisperer-fw-extra/stm32f4/stm32f4_hal_lowlevel.c **** 
 3774              		.loc 1 1050 20 discriminator 2 view .LVU1320
 3775 0020 80F83A30 		strb	r3, [r0, #58]
1056:/home/reo/Documents/Repository/chipwhisperer/firmware/mcu/hal/chipwhisperer-fw-extra/stm32f4/stm32f4_hal_lowlevel.c **** 
 3776              		.loc 1 1056 24 discriminator 2 view .LVU1321
 3777 0024 C285     		strh	r2, [r0, #46]	@ movhi
1059:/home/reo/Documents/Repository/chipwhisperer/firmware/mcu/hal/chipwhisperer-fw-extra/stm32f4/stm32f4_hal_lowlevel.c ****     {
 3778              		.loc 1 1059 16 discriminator 2 view .LVU1322
 3779 0026 C38D     		ldrh	r3, [r0, #46]
1055:/home/reo/Documents/Repository/chipwhisperer/firmware/mcu/hal/chipwhisperer-fw-extra/stm32f4/stm32f4_hal_lowlevel.c ****     huart->RxXferCount = Size;
 3780              		.loc 1 1055 23 discriminator 2 view .LVU1323
 3781 0028 8285     		strh	r2, [r0, #44]	@ movhi
1047:/home/reo/Documents/Repository/chipwhisperer/firmware/mcu/hal/chipwhisperer-fw-extra/stm32f4/stm32f4_hal_lowlevel.c **** 
 3782              		.loc 1 1047 5 discriminator 2 view .LVU1324
 3783 002a 0124     		movs	r4, #1
1059:/home/reo/Documents/Repository/chipwhisperer/firmware/mcu/hal/chipwhisperer-fw-extra/stm32f4/stm32f4_hal_lowlevel.c ****     {
 3784              		.loc 1 1059 16 discriminator 2 view .LVU1325
 3785 002c 9BB2     		uxth	r3, r3
1047:/home/reo/Documents/Repository/chipwhisperer/firmware/mcu/hal/chipwhisperer-fw-extra/stm32f4/stm32f4_hal_lowlevel.c **** 
 3786              		.loc 1 1047 5 discriminator 2 view .LVU1326
 3787 002e 80F83840 		strb	r4, [r0, #56]
1047:/home/reo/Documents/Repository/chipwhisperer/firmware/mcu/hal/chipwhisperer-fw-extra/stm32f4/stm32f4_hal_lowlevel.c **** 
 3788              		.loc 1 1047 5 is_stmt 1 discriminator 2 view .LVU1327
1049:/home/reo/Documents/Repository/chipwhisperer/firmware/mcu/hal/chipwhisperer-fw-extra/stm32f4/stm32f4_hal_lowlevel.c ****     huart->RxState = HAL_UART_STATE_BUSY_RX;
 3789              		.loc 1 1049 5 discriminator 2 view .LVU1328
1050:/home/reo/Documents/Repository/chipwhisperer/firmware/mcu/hal/chipwhisperer-fw-extra/stm32f4/stm32f4_hal_lowlevel.c **** 
 3790              		.loc 1 1050 5 discriminator 2 view .LVU1329
1055:/home/reo/Documents/Repository/chipwhisperer/firmware/mcu/hal/chipwhisperer-fw-extra/stm32f4/stm32f4_hal_lowlevel.c ****     huart->RxXferCount = Size;
 3791              		.loc 1 1055 5 discriminator 2 view .LVU1330
1056:/home/reo/Documents/Repository/chipwhisperer/firmware/mcu/hal/chipwhisperer-fw-extra/stm32f4/stm32f4_hal_lowlevel.c **** 
 3792              		.loc 1 1056 5 discriminator 2 view .LVU1331
1059:/home/reo/Documents/Repository/chipwhisperer/firmware/mcu/hal/chipwhisperer-fw-extra/stm32f4/stm32f4_hal_lowlevel.c ****     {
 3793              		.loc 1 1059 5 discriminator 2 view .LVU1332
1059:/home/reo/Documents/Repository/chipwhisperer/firmware/mcu/hal/chipwhisperer-fw-extra/stm32f4/stm32f4_hal_lowlevel.c ****     {
 3794              		.loc 1 1059 10 discriminator 2 view .LVU1333
 3795 0032 ABB1     		cbz	r3, .L345
 3796              	.LVL255:
 3797              	.L357:
1061:/home/reo/Documents/Repository/chipwhisperer/firmware/mcu/hal/chipwhisperer-fw-extra/stm32f4/stm32f4_hal_lowlevel.c ****       if(huart->Init.WordLength == UART_WORDLENGTH_9B)
 3798              		.loc 1 1061 7 view .LVU1334
1061:/home/reo/Documents/Repository/chipwhisperer/firmware/mcu/hal/chipwhisperer-fw-extra/stm32f4/stm32f4_hal_lowlevel.c ****       if(huart->Init.WordLength == UART_WORDLENGTH_9B)
 3799              		.loc 1 1061 12 is_stmt 0 view .LVU1335
 3800 0034 C38D     		ldrh	r3, [r0, #46]
1062:/home/reo/Documents/Repository/chipwhisperer/firmware/mcu/hal/chipwhisperer-fw-extra/stm32f4/stm32f4_hal_lowlevel.c ****       {
 3801              		.loc 1 1062 9 view .LVU1336
 3802 0036 8268     		ldr	r2, [r0, #8]
1061:/home/reo/Documents/Repository/chipwhisperer/firmware/mcu/hal/chipwhisperer-fw-extra/stm32f4/stm32f4_hal_lowlevel.c ****       if(huart->Init.WordLength == UART_WORDLENGTH_9B)
 3803              		.loc 1 1061 25 view .LVU1337
 3804 0038 013B     		subs	r3, r3, #1
 3805 003a 9BB2     		uxth	r3, r3
1062:/home/reo/Documents/Repository/chipwhisperer/firmware/mcu/hal/chipwhisperer-fw-extra/stm32f4/stm32f4_hal_lowlevel.c ****       {
 3806              		.loc 1 1062 9 view .LVU1338
 3807 003c B2F5805F 		cmp	r2, #4096
1061:/home/reo/Documents/Repository/chipwhisperer/firmware/mcu/hal/chipwhisperer-fw-extra/stm32f4/stm32f4_hal_lowlevel.c ****       if(huart->Init.WordLength == UART_WORDLENGTH_9B)
 3808              		.loc 1 1061 25 view .LVU1339
 3809 0040 C385     		strh	r3, [r0, #46]	@ movhi
1062:/home/reo/Documents/Repository/chipwhisperer/firmware/mcu/hal/chipwhisperer-fw-extra/stm32f4/stm32f4_hal_lowlevel.c ****       {
 3810              		.loc 1 1062 7 is_stmt 1 view .LVU1340
 3811              	.LBB422:
 3812              	.LBB423:
 936:/home/reo/Documents/Repository/chipwhisperer/firmware/mcu/hal/chipwhisperer-fw-extra/stm32f4/stm32f4_hal_lowlevel.c ****   return HAL_OK;
 3813              		.loc 1 936 10 is_stmt 0 view .LVU1341
 3814 0042 0268     		ldr	r2, [r0]
 3815              	.LBE423:
 3816              	.LBE422:
1062:/home/reo/Documents/Repository/chipwhisperer/firmware/mcu/hal/chipwhisperer-fw-extra/stm32f4/stm32f4_hal_lowlevel.c ****       {
 3817              		.loc 1 1062 9 view .LVU1342
 3818 0044 15D0     		beq	.L347
 3819              	.L350:
 3820              	.LBB426:
 3821              	.LBB427:
 936:/home/reo/Documents/Repository/chipwhisperer/firmware/mcu/hal/chipwhisperer-fw-extra/stm32f4/stm32f4_hal_lowlevel.c ****   return HAL_OK;
 3822              		.loc 1 936 68 is_stmt 1 view .LVU1343
 936:/home/reo/Documents/Repository/chipwhisperer/firmware/mcu/hal/chipwhisperer-fw-extra/stm32f4/stm32f4_hal_lowlevel.c ****   return HAL_OK;
 3823              		.loc 1 936 8 view .LVU1344
 936:/home/reo/Documents/Repository/chipwhisperer/firmware/mcu/hal/chipwhisperer-fw-extra/stm32f4/stm32f4_hal_lowlevel.c ****   return HAL_OK;
 3824              		.loc 1 936 10 is_stmt 0 view .LVU1345
 3825 0046 1368     		ldr	r3, [r2]
 936:/home/reo/Documents/Repository/chipwhisperer/firmware/mcu/hal/chipwhisperer-fw-extra/stm32f4/stm32f4_hal_lowlevel.c ****   return HAL_OK;
 3826              		.loc 1 936 8 view .LVU1346
 3827 0048 9C06     		lsls	r4, r3, #26
 3828 004a FCD5     		bpl	.L350
 937:/home/reo/Documents/Repository/chipwhisperer/firmware/mcu/hal/chipwhisperer-fw-extra/stm32f4/stm32f4_hal_lowlevel.c **** }
 3829              		.loc 1 937 3 is_stmt 1 view .LVU1347
 3830              	.LBE427:
 3831              	.LBE426:
1087:/home/reo/Documents/Repository/chipwhisperer/firmware/mcu/hal/chipwhisperer-fw-extra/stm32f4/stm32f4_hal_lowlevel.c ****         {
 3832              		.loc 1 1087 9 view .LVU1348
1087:/home/reo/Documents/Repository/chipwhisperer/firmware/mcu/hal/chipwhisperer-fw-extra/stm32f4/stm32f4_hal_lowlevel.c ****         {
 3833              		.loc 1 1087 11 is_stmt 0 view .LVU1349
 3834 004c 0369     		ldr	r3, [r0, #16]
 3835 004e 002B     		cmp	r3, #0
 3836 0050 31D1     		bne	.L351
1089:/home/reo/Documents/Repository/chipwhisperer/firmware/mcu/hal/chipwhisperer-fw-extra/stm32f4/stm32f4_hal_lowlevel.c ****         }
 3837              		.loc 1 1089 11 is_stmt 1 view .LVU1350
 3838              	.LVL256:
1089:/home/reo/Documents/Repository/chipwhisperer/firmware/mcu/hal/chipwhisperer-fw-extra/stm32f4/stm32f4_hal_lowlevel.c ****         }
 3839              		.loc 1 1089 47 is_stmt 0 view .LVU1351
 3840 0052 5368     		ldr	r3, [r2, #4]
1089:/home/reo/Documents/Repository/chipwhisperer/firmware/mcu/hal/chipwhisperer-fw-extra/stm32f4/stm32f4_hal_lowlevel.c ****         }
 3841              		.loc 1 1089 22 view .LVU1352
 3842 0054 01F8013B 		strb	r3, [r1], #1
 3843              	.LVL257:
 3844              	.L352:
1059:/home/reo/Documents/Repository/chipwhisperer/firmware/mcu/hal/chipwhisperer-fw-extra/stm32f4/stm32f4_hal_lowlevel.c ****     {
 3845              		.loc 1 1059 10 is_stmt 1 view .LVU1353
1059:/home/reo/Documents/Repository/chipwhisperer/firmware/mcu/hal/chipwhisperer-fw-extra/stm32f4/stm32f4_hal_lowlevel.c ****     {
 3846              		.loc 1 1059 16 is_stmt 0 view .LVU1354
 3847 0058 C38D     		ldrh	r3, [r0, #46]
 3848 005a 9BB2     		uxth	r3, r3
1059:/home/reo/Documents/Repository/chipwhisperer/firmware/mcu/hal/chipwhisperer-fw-extra/stm32f4/stm32f4_hal_lowlevel.c ****     {
 3849              		.loc 1 1059 10 view .LVU1355
 3850 005c 002B     		cmp	r3, #0
 3851 005e E9D1     		bne	.L357
 3852              	.L345:
1100:/home/reo/Documents/Repository/chipwhisperer/firmware/mcu/hal/chipwhisperer-fw-extra/stm32f4/stm32f4_hal_lowlevel.c **** 
 3853              		.loc 1 1100 5 is_stmt 1 view .LVU1356
1103:/home/reo/Documents/Repository/chipwhisperer/firmware/mcu/hal/chipwhisperer-fw-extra/stm32f4/stm32f4_hal_lowlevel.c **** 
 3854              		.loc 1 1103 5 is_stmt 0 view .LVU1357
 3855 0060 0023     		movs	r3, #0
1100:/home/reo/Documents/Repository/chipwhisperer/firmware/mcu/hal/chipwhisperer-fw-extra/stm32f4/stm32f4_hal_lowlevel.c **** 
 3856              		.loc 1 1100 20 view .LVU1358
 3857 0062 2022     		movs	r2, #32
 3858 0064 80F83A20 		strb	r2, [r0, #58]
1103:/home/reo/Documents/Repository/chipwhisperer/firmware/mcu/hal/chipwhisperer-fw-extra/stm32f4/stm32f4_hal_lowlevel.c **** 
 3859              		.loc 1 1103 5 is_stmt 1 view .LVU1359
1103:/home/reo/Documents/Repository/chipwhisperer/firmware/mcu/hal/chipwhisperer-fw-extra/stm32f4/stm32f4_hal_lowlevel.c **** 
 3860              		.loc 1 1103 5 view .LVU1360
 3861 0068 80F83830 		strb	r3, [r0, #56]
1103:/home/reo/Documents/Repository/chipwhisperer/firmware/mcu/hal/chipwhisperer-fw-extra/stm32f4/stm32f4_hal_lowlevel.c **** 
 3862              		.loc 1 1103 5 view .LVU1361
1105:/home/reo/Documents/Repository/chipwhisperer/firmware/mcu/hal/chipwhisperer-fw-extra/stm32f4/stm32f4_hal_lowlevel.c ****   }
 3863              		.loc 1 1105 5 view .LVU1362
1111:/home/reo/Documents/Repository/chipwhisperer/firmware/mcu/hal/chipwhisperer-fw-extra/stm32f4/stm32f4_hal_lowlevel.c **** 
 3864              		.loc 1 1111 1 is_stmt 0 view .LVU1363
 3865 006c 10BC     		pop	{r4}
 3866              	.LCFI30:
 3867              		.cfi_remember_state
 3868              		.cfi_restore 4
 3869              		.cfi_def_cfa_offset 0
1105:/home/reo/Documents/Repository/chipwhisperer/firmware/mcu/hal/chipwhisperer-fw-extra/stm32f4/stm32f4_hal_lowlevel.c ****   }
 3870              		.loc 1 1105 12 view .LVU1364
 3871 006e 1846     		mov	r0, r3
 3872              	.LVL258:
1111:/home/reo/Documents/Repository/chipwhisperer/firmware/mcu/hal/chipwhisperer-fw-extra/stm32f4/stm32f4_hal_lowlevel.c **** 
 3873              		.loc 1 1111 1 view .LVU1365
 3874 0070 7047     		bx	lr
 3875              	.LVL259:
 3876              	.L347:
 3877              	.LCFI31:
 3878              		.cfi_restore_state
 3879              	.LBB428:
 3880              	.LBB424:
 936:/home/reo/Documents/Repository/chipwhisperer/firmware/mcu/hal/chipwhisperer-fw-extra/stm32f4/stm32f4_hal_lowlevel.c ****   return HAL_OK;
 3881              		.loc 1 936 68 is_stmt 1 view .LVU1366
 936:/home/reo/Documents/Repository/chipwhisperer/firmware/mcu/hal/chipwhisperer-fw-extra/stm32f4/stm32f4_hal_lowlevel.c ****   return HAL_OK;
 3882              		.loc 1 936 8 view .LVU1367
 936:/home/reo/Documents/Repository/chipwhisperer/firmware/mcu/hal/chipwhisperer-fw-extra/stm32f4/stm32f4_hal_lowlevel.c ****   return HAL_OK;
 3883              		.loc 1 936 10 is_stmt 0 view .LVU1368
 3884 0072 1368     		ldr	r3, [r2]
 936:/home/reo/Documents/Repository/chipwhisperer/firmware/mcu/hal/chipwhisperer-fw-extra/stm32f4/stm32f4_hal_lowlevel.c ****   return HAL_OK;
 3885              		.loc 1 936 8 view .LVU1369
 3886 0074 9B06     		lsls	r3, r3, #26
 3887 0076 FCD5     		bpl	.L347
 937:/home/reo/Documents/Repository/chipwhisperer/firmware/mcu/hal/chipwhisperer-fw-extra/stm32f4/stm32f4_hal_lowlevel.c **** }
 3888              		.loc 1 937 3 is_stmt 1 view .LVU1370
 3889              	.LBE424:
 3890              	.LBE428:
1068:/home/reo/Documents/Repository/chipwhisperer/firmware/mcu/hal/chipwhisperer-fw-extra/stm32f4/stm32f4_hal_lowlevel.c ****         if(huart->Init.Parity == UART_PARITY_NONE)
 3891              		.loc 1 1068 9 view .LVU1371
 3892              	.LVL260:
1069:/home/reo/Documents/Repository/chipwhisperer/firmware/mcu/hal/chipwhisperer-fw-extra/stm32f4/stm32f4_hal_lowlevel.c ****         {
 3893              		.loc 1 1069 9 view .LVU1372
1069:/home/reo/Documents/Repository/chipwhisperer/firmware/mcu/hal/chipwhisperer-fw-extra/stm32f4/stm32f4_hal_lowlevel.c ****         {
 3894              		.loc 1 1069 11 is_stmt 0 view .LVU1373
 3895 0078 0469     		ldr	r4, [r0, #16]
1071:/home/reo/Documents/Repository/chipwhisperer/firmware/mcu/hal/chipwhisperer-fw-extra/stm32f4/stm32f4_hal_lowlevel.c ****           pData +=2U;
 3896              		.loc 1 1071 44 view .LVU1374
 3897 007a 5368     		ldr	r3, [r2, #4]
1069:/home/reo/Documents/Repository/chipwhisperer/firmware/mcu/hal/chipwhisperer-fw-extra/stm32f4/stm32f4_hal_lowlevel.c ****         {
 3898              		.loc 1 1069 11 view .LVU1375
 3899 007c 1CBB     		cbnz	r4, .L354
1071:/home/reo/Documents/Repository/chipwhisperer/firmware/mcu/hal/chipwhisperer-fw-extra/stm32f4/stm32f4_hal_lowlevel.c ****           pData +=2U;
 3900              		.loc 1 1071 11 is_stmt 1 view .LVU1376
1071:/home/reo/Documents/Repository/chipwhisperer/firmware/mcu/hal/chipwhisperer-fw-extra/stm32f4/stm32f4_hal_lowlevel.c ****           pData +=2U;
 3901              		.loc 1 1071 18 is_stmt 0 view .LVU1377
 3902 007e C3F30803 		ubfx	r3, r3, #0, #9
1071:/home/reo/Documents/Repository/chipwhisperer/firmware/mcu/hal/chipwhisperer-fw-extra/stm32f4/stm32f4_hal_lowlevel.c ****           pData +=2U;
 3903              		.loc 1 1071 16 view .LVU1378
 3904 0082 21F8023B 		strh	r3, [r1], #2	@ movhi
 3905              	.LVL261:
1072:/home/reo/Documents/Repository/chipwhisperer/firmware/mcu/hal/chipwhisperer-fw-extra/stm32f4/stm32f4_hal_lowlevel.c ****         }
 3906              		.loc 1 1072 11 is_stmt 1 view .LVU1379
 3907              	.L382:
1077:/home/reo/Documents/Repository/chipwhisperer/firmware/mcu/hal/chipwhisperer-fw-extra/stm32f4/stm32f4_hal_lowlevel.c ****         }
 3908              		.loc 1 1077 11 view .LVU1380
1059:/home/reo/Documents/Repository/chipwhisperer/firmware/mcu/hal/chipwhisperer-fw-extra/stm32f4/stm32f4_hal_lowlevel.c ****     {
 3909              		.loc 1 1059 10 view .LVU1381
1059:/home/reo/Documents/Repository/chipwhisperer/firmware/mcu/hal/chipwhisperer-fw-extra/stm32f4/stm32f4_hal_lowlevel.c ****     {
 3910              		.loc 1 1059 16 is_stmt 0 view .LVU1382
 3911 0086 C38D     		ldrh	r3, [r0, #46]
 3912 0088 9BB2     		uxth	r3, r3
1059:/home/reo/Documents/Repository/chipwhisperer/firmware/mcu/hal/chipwhisperer-fw-extra/stm32f4/stm32f4_hal_lowlevel.c ****     {
 3913              		.loc 1 1059 10 view .LVU1383
 3914 008a 002B     		cmp	r3, #0
 3915 008c E8D0     		beq	.L345
 3916              	.L356:
1061:/home/reo/Documents/Repository/chipwhisperer/firmware/mcu/hal/chipwhisperer-fw-extra/stm32f4/stm32f4_hal_lowlevel.c ****       if(huart->Init.WordLength == UART_WORDLENGTH_9B)
 3917              		.loc 1 1061 7 is_stmt 1 view .LVU1384
1061:/home/reo/Documents/Repository/chipwhisperer/firmware/mcu/hal/chipwhisperer-fw-extra/stm32f4/stm32f4_hal_lowlevel.c ****       if(huart->Init.WordLength == UART_WORDLENGTH_9B)
 3918              		.loc 1 1061 12 is_stmt 0 view .LVU1385
 3919 008e C38D     		ldrh	r3, [r0, #46]
1061:/home/reo/Documents/Repository/chipwhisperer/firmware/mcu/hal/chipwhisperer-fw-extra/stm32f4/stm32f4_hal_lowlevel.c ****       if(huart->Init.WordLength == UART_WORDLENGTH_9B)
 3920              		.loc 1 1061 25 view .LVU1386
 3921 0090 013B     		subs	r3, r3, #1
 3922 0092 9BB2     		uxth	r3, r3
 3923 0094 C385     		strh	r3, [r0, #46]	@ movhi
1062:/home/reo/Documents/Repository/chipwhisperer/firmware/mcu/hal/chipwhisperer-fw-extra/stm32f4/stm32f4_hal_lowlevel.c ****       {
 3924              		.loc 1 1062 7 is_stmt 1 view .LVU1387
 3925              	.L353:
 3926              	.LBB429:
 3927              	.LBB425:
 936:/home/reo/Documents/Repository/chipwhisperer/firmware/mcu/hal/chipwhisperer-fw-extra/stm32f4/stm32f4_hal_lowlevel.c ****   return HAL_OK;
 3928              		.loc 1 936 68 view .LVU1388
 936:/home/reo/Documents/Repository/chipwhisperer/firmware/mcu/hal/chipwhisperer-fw-extra/stm32f4/stm32f4_hal_lowlevel.c ****   return HAL_OK;
 3929              		.loc 1 936 8 view .LVU1389
 936:/home/reo/Documents/Repository/chipwhisperer/firmware/mcu/hal/chipwhisperer-fw-extra/stm32f4/stm32f4_hal_lowlevel.c ****   return HAL_OK;
 3930              		.loc 1 936 10 is_stmt 0 view .LVU1390
 3931 0096 1368     		ldr	r3, [r2]
 936:/home/reo/Documents/Repository/chipwhisperer/firmware/mcu/hal/chipwhisperer-fw-extra/stm32f4/stm32f4_hal_lowlevel.c ****   return HAL_OK;
 3932              		.loc 1 936 8 view .LVU1391
 3933 0098 9B06     		lsls	r3, r3, #26
 3934 009a FCD5     		bpl	.L353
 937:/home/reo/Documents/Repository/chipwhisperer/firmware/mcu/hal/chipwhisperer-fw-extra/stm32f4/stm32f4_hal_lowlevel.c **** }
 3935              		.loc 1 937 3 is_stmt 1 view .LVU1392
 3936              	.LBE425:
 3937              	.LBE429:
1068:/home/reo/Documents/Repository/chipwhisperer/firmware/mcu/hal/chipwhisperer-fw-extra/stm32f4/stm32f4_hal_lowlevel.c ****         if(huart->Init.Parity == UART_PARITY_NONE)
 3938              		.loc 1 1068 9 view .LVU1393
 3939              	.LVL262:
1069:/home/reo/Documents/Repository/chipwhisperer/firmware/mcu/hal/chipwhisperer-fw-extra/stm32f4/stm32f4_hal_lowlevel.c ****         {
 3940              		.loc 1 1069 9 view .LVU1394
1071:/home/reo/Documents/Repository/chipwhisperer/firmware/mcu/hal/chipwhisperer-fw-extra/stm32f4/stm32f4_hal_lowlevel.c ****           pData +=2U;
 3941              		.loc 1 1071 44 is_stmt 0 view .LVU1395
 3942 009c 5368     		ldr	r3, [r2, #4]
1069:/home/reo/Documents/Repository/chipwhisperer/firmware/mcu/hal/chipwhisperer-fw-extra/stm32f4/stm32f4_hal_lowlevel.c ****         {
 3943              		.loc 1 1069 11 view .LVU1396
 3944 009e 94B9     		cbnz	r4, .L354
1071:/home/reo/Documents/Repository/chipwhisperer/firmware/mcu/hal/chipwhisperer-fw-extra/stm32f4/stm32f4_hal_lowlevel.c ****           pData +=2U;
 3945              		.loc 1 1071 11 is_stmt 1 view .LVU1397
1071:/home/reo/Documents/Repository/chipwhisperer/firmware/mcu/hal/chipwhisperer-fw-extra/stm32f4/stm32f4_hal_lowlevel.c ****           pData +=2U;
 3946              		.loc 1 1071 18 is_stmt 0 view .LVU1398
 3947 00a0 C3F30803 		ubfx	r3, r3, #0, #9
1071:/home/reo/Documents/Repository/chipwhisperer/firmware/mcu/hal/chipwhisperer-fw-extra/stm32f4/stm32f4_hal_lowlevel.c ****           pData +=2U;
 3948              		.loc 1 1071 16 view .LVU1399
 3949 00a4 21F8023B 		strh	r3, [r1], #2	@ movhi
 3950              	.LVL263:
1072:/home/reo/Documents/Repository/chipwhisperer/firmware/mcu/hal/chipwhisperer-fw-extra/stm32f4/stm32f4_hal_lowlevel.c ****         }
 3951              		.loc 1 1072 11 is_stmt 1 view .LVU1400
1059:/home/reo/Documents/Repository/chipwhisperer/firmware/mcu/hal/chipwhisperer-fw-extra/stm32f4/stm32f4_hal_lowlevel.c ****     {
 3952              		.loc 1 1059 10 view .LVU1401
1059:/home/reo/Documents/Repository/chipwhisperer/firmware/mcu/hal/chipwhisperer-fw-extra/stm32f4/stm32f4_hal_lowlevel.c ****     {
 3953              		.loc 1 1059 16 is_stmt 0 view .LVU1402
 3954 00a8 C38D     		ldrh	r3, [r0, #46]
 3955 00aa 9BB2     		uxth	r3, r3
1059:/home/reo/Documents/Repository/chipwhisperer/firmware/mcu/hal/chipwhisperer-fw-extra/stm32f4/stm32f4_hal_lowlevel.c ****     {
 3956              		.loc 1 1059 10 view .LVU1403
 3957 00ac 002B     		cmp	r3, #0
 3958 00ae EED1     		bne	.L356
 3959 00b0 D6E7     		b	.L345
 3960              	.LVL264:
 3961              	.L361:
 3962              	.LCFI32:
 3963              		.cfi_def_cfa_offset 0
 3964              		.cfi_restore 4
1043:/home/reo/Documents/Repository/chipwhisperer/firmware/mcu/hal/chipwhisperer-fw-extra/stm32f4/stm32f4_hal_lowlevel.c ****     }
 3965              		.loc 1 1043 15 view .LVU1404
 3966 00b2 0120     		movs	r0, #1
 3967              	.LVL265:
1043:/home/reo/Documents/Repository/chipwhisperer/firmware/mcu/hal/chipwhisperer-fw-extra/stm32f4/stm32f4_hal_lowlevel.c ****     }
 3968              		.loc 1 1043 15 view .LVU1405
 3969 00b4 7047     		bx	lr
 3970              	.LVL266:
 3971              	.L351:
 3972              	.LCFI33:
 3973              		.cfi_def_cfa_offset 4
 3974              		.cfi_offset 4, -4
1093:/home/reo/Documents/Repository/chipwhisperer/firmware/mcu/hal/chipwhisperer-fw-extra/stm32f4/stm32f4_hal_lowlevel.c ****         }
 3975              		.loc 1 1093 11 is_stmt 1 view .LVU1406
1093:/home/reo/Documents/Repository/chipwhisperer/firmware/mcu/hal/chipwhisperer-fw-extra/stm32f4/stm32f4_hal_lowlevel.c ****         }
 3976              		.loc 1 1093 47 is_stmt 0 view .LVU1407
 3977 00b6 5368     		ldr	r3, [r2, #4]
 3978              	.LVL267:
1093:/home/reo/Documents/Repository/chipwhisperer/firmware/mcu/hal/chipwhisperer-fw-extra/stm32f4/stm32f4_hal_lowlevel.c ****         }
 3979              		.loc 1 1093 22 view .LVU1408
 3980 00b8 03F07F03 		and	r3, r3, #127
1093:/home/reo/Documents/Repository/chipwhisperer/firmware/mcu/hal/chipwhisperer-fw-extra/stm32f4/stm32f4_hal_lowlevel.c ****         }
 3981              		.loc 1 1093 20 view .LVU1409
 3982 00bc 01F8013B 		strb	r3, [r1], #1
 3983              	.LVL268:
1093:/home/reo/Documents/Repository/chipwhisperer/firmware/mcu/hal/chipwhisperer-fw-extra/stm32f4/stm32f4_hal_lowlevel.c ****         }
 3984              		.loc 1 1093 20 view .LVU1410
 3985 00c0 CAE7     		b	.L352
 3986              	.LVL269:
 3987              	.L362:
 3988              	.LCFI34:
 3989              		.cfi_def_cfa_offset 0
 3990              		.cfi_restore 4
1109:/home/reo/Documents/Repository/chipwhisperer/firmware/mcu/hal/chipwhisperer-fw-extra/stm32f4/stm32f4_hal_lowlevel.c ****   }
 3991              		.loc 1 1109 12 view .LVU1411
 3992 00c2 0220     		movs	r0, #2
 3993              	.LVL270:
1111:/home/reo/Documents/Repository/chipwhisperer/firmware/mcu/hal/chipwhisperer-fw-extra/stm32f4/stm32f4_hal_lowlevel.c **** 
 3994              		.loc 1 1111 1 view .LVU1412
 3995 00c4 7047     		bx	lr
 3996              	.LVL271:
 3997              	.L354:
 3998              	.LCFI35:
 3999              		.cfi_def_cfa_offset 4
 4000              		.cfi_offset 4, -4
1076:/home/reo/Documents/Repository/chipwhisperer/firmware/mcu/hal/chipwhisperer-fw-extra/stm32f4/stm32f4_hal_lowlevel.c ****           pData +=1U;
 4001              		.loc 1 1076 11 is_stmt 1 view .LVU1413
1076:/home/reo/Documents/Repository/chipwhisperer/firmware/mcu/hal/chipwhisperer-fw-extra/stm32f4/stm32f4_hal_lowlevel.c ****           pData +=1U;
 4002              		.loc 1 1076 18 is_stmt 0 view .LVU1414
 4003 00c6 DBB2     		uxtb	r3, r3
1076:/home/reo/Documents/Repository/chipwhisperer/firmware/mcu/hal/chipwhisperer-fw-extra/stm32f4/stm32f4_hal_lowlevel.c ****           pData +=1U;
 4004              		.loc 1 1076 16 view .LVU1415
 4005 00c8 21F8013B 		strh	r3, [r1], #1	@ movhi
 4006              	.LVL272:
1076:/home/reo/Documents/Repository/chipwhisperer/firmware/mcu/hal/chipwhisperer-fw-extra/stm32f4/stm32f4_hal_lowlevel.c ****           pData +=1U;
 4007              		.loc 1 1076 16 view .LVU1416
 4008 00cc DBE7     		b	.L382
 4009              		.cfi_endproc
 4010              	.LFE138:
 4012 00ce 00BF     		.section	.text.HAL_CRYP_Init,"ax",%progbits
 4013              		.align	1
 4014              		.p2align 2,,3
 4015              		.global	HAL_CRYP_Init
 4016              		.syntax unified
 4017              		.thumb
 4018              		.thumb_func
 4019              		.fpu softvfp
 4021              	HAL_CRYP_Init:
 4022              	.LVL273:
 4023              	.LFB141:
1636:/home/reo/Documents/Repository/chipwhisperer/firmware/mcu/hal/chipwhisperer-fw-extra/stm32f4/stm32f4_hal_lowlevel.c **** 
1637:/home/reo/Documents/Repository/chipwhisperer/firmware/mcu/hal/chipwhisperer-fw-extra/stm32f4/stm32f4_hal_lowlevel.c **** HAL_StatusTypeDef HAL_CRYP_Init(CRYP_HandleTypeDef *hcryp)
1638:/home/reo/Documents/Repository/chipwhisperer/firmware/mcu/hal/chipwhisperer-fw-extra/stm32f4/stm32f4_hal_lowlevel.c **** { 
 4024              		.loc 1 1638 1 is_stmt 1 view -0
 4025              		.cfi_startproc
 4026              		@ args = 0, pretend = 0, frame = 0
 4027              		@ frame_needed = 0, uses_anonymous_args = 0
 4028              		@ link register save eliminated.
1639:/home/reo/Documents/Repository/chipwhisperer/firmware/mcu/hal/chipwhisperer-fw-extra/stm32f4/stm32f4_hal_lowlevel.c ****   /* Check the CRYP handle allocation */
1640:/home/reo/Documents/Repository/chipwhisperer/firmware/mcu/hal/chipwhisperer-fw-extra/stm32f4/stm32f4_hal_lowlevel.c ****   if(hcryp == NULL)
 4029              		.loc 1 1640 3 view .LVU1418
 4030              		.loc 1 1640 5 is_stmt 0 view .LVU1419
 4031 0000 D8B1     		cbz	r0, .L386
1641:/home/reo/Documents/Repository/chipwhisperer/firmware/mcu/hal/chipwhisperer-fw-extra/stm32f4/stm32f4_hal_lowlevel.c ****   {
1642:/home/reo/Documents/Repository/chipwhisperer/firmware/mcu/hal/chipwhisperer-fw-extra/stm32f4/stm32f4_hal_lowlevel.c ****     return HAL_ERROR;
1643:/home/reo/Documents/Repository/chipwhisperer/firmware/mcu/hal/chipwhisperer-fw-extra/stm32f4/stm32f4_hal_lowlevel.c ****   }
1644:/home/reo/Documents/Repository/chipwhisperer/firmware/mcu/hal/chipwhisperer-fw-extra/stm32f4/stm32f4_hal_lowlevel.c **** 
1645:/home/reo/Documents/Repository/chipwhisperer/firmware/mcu/hal/chipwhisperer-fw-extra/stm32f4/stm32f4_hal_lowlevel.c ****   /* Check the parameters */
1646:/home/reo/Documents/Repository/chipwhisperer/firmware/mcu/hal/chipwhisperer-fw-extra/stm32f4/stm32f4_hal_lowlevel.c ****   assert_param(IS_CRYP_KEYSIZE(hcryp->Init.KeySize));
 4032              		.loc 1 1646 3 is_stmt 1 view .LVU1420
1647:/home/reo/Documents/Repository/chipwhisperer/firmware/mcu/hal/chipwhisperer-fw-extra/stm32f4/stm32f4_hal_lowlevel.c ****   assert_param(IS_CRYP_DATATYPE(hcryp->Init.DataType));
 4033              		.loc 1 1647 3 view .LVU1421
1648:/home/reo/Documents/Repository/chipwhisperer/firmware/mcu/hal/chipwhisperer-fw-extra/stm32f4/stm32f4_hal_lowlevel.c ****     
1649:/home/reo/Documents/Repository/chipwhisperer/firmware/mcu/hal/chipwhisperer-fw-extra/stm32f4/stm32f4_hal_lowlevel.c ****   if(hcryp->State == HAL_CRYP_STATE_RESET)
 4034              		.loc 1 1649 3 view .LVU1422
1638:/home/reo/Documents/Repository/chipwhisperer/firmware/mcu/hal/chipwhisperer-fw-extra/stm32f4/stm32f4_hal_lowlevel.c ****   /* Check the CRYP handle allocation */
 4035              		.loc 1 1638 1 is_stmt 0 view .LVU1423
 4036 0002 10B4     		push	{r4}
 4037              	.LCFI36:
 4038              		.cfi_def_cfa_offset 4
 4039              		.cfi_offset 4, -4
 4040              		.loc 1 1649 11 view .LVU1424
 4041 0004 90F83D20 		ldrb	r2, [r0, #61]	@ zero_extendqisi2
 4042 0008 0346     		mov	r3, r0
 4043              		.loc 1 1649 5 view .LVU1425
 4044 000a 02F0FF01 		and	r1, r2, #255
 4045 000e 0AB9     		cbnz	r2, .L385
1650:/home/reo/Documents/Repository/chipwhisperer/firmware/mcu/hal/chipwhisperer-fw-extra/stm32f4/stm32f4_hal_lowlevel.c ****   {
1651:/home/reo/Documents/Repository/chipwhisperer/firmware/mcu/hal/chipwhisperer-fw-extra/stm32f4/stm32f4_hal_lowlevel.c ****     /* Allocate lock resource and initialize it */
1652:/home/reo/Documents/Repository/chipwhisperer/firmware/mcu/hal/chipwhisperer-fw-extra/stm32f4/stm32f4_hal_lowlevel.c ****     hcryp->Lock = HAL_UNLOCKED;
 4046              		.loc 1 1652 5 is_stmt 1 view .LVU1426
 4047              		.loc 1 1652 17 is_stmt 0 view .LVU1427
 4048 0010 80F83C10 		strb	r1, [r0, #60]
 4049              	.L385:
1653:/home/reo/Documents/Repository/chipwhisperer/firmware/mcu/hal/chipwhisperer-fw-extra/stm32f4/stm32f4_hal_lowlevel.c ****     /* Init the low level hardware */
1654:/home/reo/Documents/Repository/chipwhisperer/firmware/mcu/hal/chipwhisperer-fw-extra/stm32f4/stm32f4_hal_lowlevel.c ****     //HAL_CRYP_MspInit(hcryp);
1655:/home/reo/Documents/Repository/chipwhisperer/firmware/mcu/hal/chipwhisperer-fw-extra/stm32f4/stm32f4_hal_lowlevel.c ****   }
1656:/home/reo/Documents/Repository/chipwhisperer/firmware/mcu/hal/chipwhisperer-fw-extra/stm32f4/stm32f4_hal_lowlevel.c ****   
1657:/home/reo/Documents/Repository/chipwhisperer/firmware/mcu/hal/chipwhisperer-fw-extra/stm32f4/stm32f4_hal_lowlevel.c ****   /* Change the CRYP state */
1658:/home/reo/Documents/Repository/chipwhisperer/firmware/mcu/hal/chipwhisperer-fw-extra/stm32f4/stm32f4_hal_lowlevel.c ****   hcryp->State = HAL_CRYP_STATE_BUSY;
 4050              		.loc 1 1658 3 is_stmt 1 view .LVU1428
1659:/home/reo/Documents/Repository/chipwhisperer/firmware/mcu/hal/chipwhisperer-fw-extra/stm32f4/stm32f4_hal_lowlevel.c ****   
1660:/home/reo/Documents/Repository/chipwhisperer/firmware/mcu/hal/chipwhisperer-fw-extra/stm32f4/stm32f4_hal_lowlevel.c ****   /* Set the key size and data type*/
1661:/home/reo/Documents/Repository/chipwhisperer/firmware/mcu/hal/chipwhisperer-fw-extra/stm32f4/stm32f4_hal_lowlevel.c ****   CRYP->CR = (uint32_t) (hcryp->Init.KeySize | hcryp->Init.DataType);
 4051              		.loc 1 1661 46 is_stmt 0 view .LVU1429
 4052 0014 5C68     		ldr	r4, [r3, #4]
 4053 0016 9A68     		ldr	r2, [r3, #8]
 4054              		.loc 1 1661 12 view .LVU1430
 4055 0018 0949     		ldr	r1, .L391
 4056              		.loc 1 1661 46 view .LVU1431
 4057 001a 2243     		orrs	r2, r2, r4
1658:/home/reo/Documents/Repository/chipwhisperer/firmware/mcu/hal/chipwhisperer-fw-extra/stm32f4/stm32f4_hal_lowlevel.c ****   
 4058              		.loc 1 1658 16 view .LVU1432
 4059 001c 4FF0020C 		mov	ip, #2
 4060 0020 83F83DC0 		strb	ip, [r3, #61]
 4061              		.loc 1 1661 3 is_stmt 1 view .LVU1433
1662:/home/reo/Documents/Repository/chipwhisperer/firmware/mcu/hal/chipwhisperer-fw-extra/stm32f4/stm32f4_hal_lowlevel.c ****   
1663:/home/reo/Documents/Repository/chipwhisperer/firmware/mcu/hal/chipwhisperer-fw-extra/stm32f4/stm32f4_hal_lowlevel.c ****   /* Reset CrypInCount and CrypOutCount */
1664:/home/reo/Documents/Repository/chipwhisperer/firmware/mcu/hal/chipwhisperer-fw-extra/stm32f4/stm32f4_hal_lowlevel.c ****   hcryp->CrypInCount = 0U;
 4062              		.loc 1 1664 22 is_stmt 0 view .LVU1434
 4063 0024 0020     		movs	r0, #0
 4064              	.LVL274:
1661:/home/reo/Documents/Repository/chipwhisperer/firmware/mcu/hal/chipwhisperer-fw-extra/stm32f4/stm32f4_hal_lowlevel.c ****   
 4065              		.loc 1 1661 12 view .LVU1435
 4066 0026 0A60     		str	r2, [r1]
 4067              		.loc 1 1664 3 is_stmt 1 view .LVU1436
1665:/home/reo/Documents/Repository/chipwhisperer/firmware/mcu/hal/chipwhisperer-fw-extra/stm32f4/stm32f4_hal_lowlevel.c ****   hcryp->CrypOutCount = 0U;
1666:/home/reo/Documents/Repository/chipwhisperer/firmware/mcu/hal/chipwhisperer-fw-extra/stm32f4/stm32f4_hal_lowlevel.c ****   
1667:/home/reo/Documents/Repository/chipwhisperer/firmware/mcu/hal/chipwhisperer-fw-extra/stm32f4/stm32f4_hal_lowlevel.c ****   /* Change the CRYP state */
1668:/home/reo/Documents/Repository/chipwhisperer/firmware/mcu/hal/chipwhisperer-fw-extra/stm32f4/stm32f4_hal_lowlevel.c ****   hcryp->State = HAL_CRYP_STATE_READY;
 4068              		.loc 1 1668 16 is_stmt 0 view .LVU1437
 4069 0028 0122     		movs	r2, #1
1664:/home/reo/Documents/Repository/chipwhisperer/firmware/mcu/hal/chipwhisperer-fw-extra/stm32f4/stm32f4_hal_lowlevel.c ****   hcryp->CrypOutCount = 0U;
 4070              		.loc 1 1664 22 view .LVU1438
 4071 002a 9885     		strh	r0, [r3, #44]	@ movhi
1665:/home/reo/Documents/Repository/chipwhisperer/firmware/mcu/hal/chipwhisperer-fw-extra/stm32f4/stm32f4_hal_lowlevel.c ****   hcryp->CrypOutCount = 0U;
 4072              		.loc 1 1665 3 is_stmt 1 view .LVU1439
1669:/home/reo/Documents/Repository/chipwhisperer/firmware/mcu/hal/chipwhisperer-fw-extra/stm32f4/stm32f4_hal_lowlevel.c ****   
1670:/home/reo/Documents/Repository/chipwhisperer/firmware/mcu/hal/chipwhisperer-fw-extra/stm32f4/stm32f4_hal_lowlevel.c ****   /* Set the default CRYP phase */
1671:/home/reo/Documents/Repository/chipwhisperer/firmware/mcu/hal/chipwhisperer-fw-extra/stm32f4/stm32f4_hal_lowlevel.c ****   hcryp->Phase = HAL_CRYP_PHASE_READY;
 4073              		.loc 1 1671 16 is_stmt 0 view .LVU1440
 4074 002c 83F83120 		strb	r2, [r3, #49]
1665:/home/reo/Documents/Repository/chipwhisperer/firmware/mcu/hal/chipwhisperer-fw-extra/stm32f4/stm32f4_hal_lowlevel.c ****   
 4075              		.loc 1 1665 23 view .LVU1441
 4076 0030 D885     		strh	r0, [r3, #46]	@ movhi
1668:/home/reo/Documents/Repository/chipwhisperer/firmware/mcu/hal/chipwhisperer-fw-extra/stm32f4/stm32f4_hal_lowlevel.c ****   
 4077              		.loc 1 1668 3 is_stmt 1 view .LVU1442
1668:/home/reo/Documents/Repository/chipwhisperer/firmware/mcu/hal/chipwhisperer-fw-extra/stm32f4/stm32f4_hal_lowlevel.c ****   
 4078              		.loc 1 1668 16 is_stmt 0 view .LVU1443
 4079 0032 83F83D20 		strb	r2, [r3, #61]
 4080              		.loc 1 1671 3 is_stmt 1 view .LVU1444
1672:/home/reo/Documents/Repository/chipwhisperer/firmware/mcu/hal/chipwhisperer-fw-extra/stm32f4/stm32f4_hal_lowlevel.c ****   
1673:/home/reo/Documents/Repository/chipwhisperer/firmware/mcu/hal/chipwhisperer-fw-extra/stm32f4/stm32f4_hal_lowlevel.c ****   /* Return function status */
1674:/home/reo/Documents/Repository/chipwhisperer/firmware/mcu/hal/chipwhisperer-fw-extra/stm32f4/stm32f4_hal_lowlevel.c ****   return HAL_OK;
 4081              		.loc 1 1674 3 view .LVU1445
1675:/home/reo/Documents/Repository/chipwhisperer/firmware/mcu/hal/chipwhisperer-fw-extra/stm32f4/stm32f4_hal_lowlevel.c **** }
 4082              		.loc 1 1675 1 is_stmt 0 view .LVU1446
 4083 0036 10BC     		pop	{r4}
 4084              	.LCFI37:
 4085              		.cfi_restore 4
 4086              		.cfi_def_cfa_offset 0
 4087 0038 7047     		bx	lr
 4088              	.LVL275:
 4089              	.L386:
1642:/home/reo/Documents/Repository/chipwhisperer/firmware/mcu/hal/chipwhisperer-fw-extra/stm32f4/stm32f4_hal_lowlevel.c ****   }
 4090              		.loc 1 1642 12 view .LVU1447
 4091 003a 0120     		movs	r0, #1
 4092              	.LVL276:
 4093              		.loc 1 1675 1 view .LVU1448
 4094 003c 7047     		bx	lr
 4095              	.L392:
 4096 003e 00BF     		.align	2
 4097              	.L391:
 4098 0040 00000650 		.word	1342570496
 4099              		.cfi_endproc
 4100              	.LFE141:
 4102              		.section	.text.HAL_CRYP_DeInit,"ax",%progbits
 4103              		.align	1
 4104              		.p2align 2,,3
 4105              		.global	HAL_CRYP_DeInit
 4106              		.syntax unified
 4107              		.thumb
 4108              		.thumb_func
 4109              		.fpu softvfp
 4111              	HAL_CRYP_DeInit:
 4112              	.LVL277:
 4113              	.LFB142:
1676:/home/reo/Documents/Repository/chipwhisperer/firmware/mcu/hal/chipwhisperer-fw-extra/stm32f4/stm32f4_hal_lowlevel.c **** 
1677:/home/reo/Documents/Repository/chipwhisperer/firmware/mcu/hal/chipwhisperer-fw-extra/stm32f4/stm32f4_hal_lowlevel.c **** /**
1678:/home/reo/Documents/Repository/chipwhisperer/firmware/mcu/hal/chipwhisperer-fw-extra/stm32f4/stm32f4_hal_lowlevel.c ****   * @brief  DeInitializes the CRYP peripheral. 
1679:/home/reo/Documents/Repository/chipwhisperer/firmware/mcu/hal/chipwhisperer-fw-extra/stm32f4/stm32f4_hal_lowlevel.c ****   * @param  hcryp pointer to a CRYP_HandleTypeDef structure that contains
1680:/home/reo/Documents/Repository/chipwhisperer/firmware/mcu/hal/chipwhisperer-fw-extra/stm32f4/stm32f4_hal_lowlevel.c ****   *         the configuration information for CRYP module
1681:/home/reo/Documents/Repository/chipwhisperer/firmware/mcu/hal/chipwhisperer-fw-extra/stm32f4/stm32f4_hal_lowlevel.c ****   * @retval HAL status
1682:/home/reo/Documents/Repository/chipwhisperer/firmware/mcu/hal/chipwhisperer-fw-extra/stm32f4/stm32f4_hal_lowlevel.c ****   */
1683:/home/reo/Documents/Repository/chipwhisperer/firmware/mcu/hal/chipwhisperer-fw-extra/stm32f4/stm32f4_hal_lowlevel.c **** HAL_StatusTypeDef HAL_CRYP_DeInit(CRYP_HandleTypeDef *hcryp)
1684:/home/reo/Documents/Repository/chipwhisperer/firmware/mcu/hal/chipwhisperer-fw-extra/stm32f4/stm32f4_hal_lowlevel.c **** {
 4114              		.loc 1 1684 1 is_stmt 1 view -0
 4115              		.cfi_startproc
 4116              		@ args = 0, pretend = 0, frame = 0
 4117              		@ frame_needed = 0, uses_anonymous_args = 0
 4118              		@ link register save eliminated.
1685:/home/reo/Documents/Repository/chipwhisperer/firmware/mcu/hal/chipwhisperer-fw-extra/stm32f4/stm32f4_hal_lowlevel.c ****   /* Check the CRYP handle allocation */
1686:/home/reo/Documents/Repository/chipwhisperer/firmware/mcu/hal/chipwhisperer-fw-extra/stm32f4/stm32f4_hal_lowlevel.c ****   if(hcryp == NULL)
 4119              		.loc 1 1686 3 view .LVU1450
 4120              		.loc 1 1686 5 is_stmt 0 view .LVU1451
 4121 0000 B0B1     		cbz	r0, .L395
 4122 0002 0346     		mov	r3, r0
1687:/home/reo/Documents/Repository/chipwhisperer/firmware/mcu/hal/chipwhisperer-fw-extra/stm32f4/stm32f4_hal_lowlevel.c ****   {
1688:/home/reo/Documents/Repository/chipwhisperer/firmware/mcu/hal/chipwhisperer-fw-extra/stm32f4/stm32f4_hal_lowlevel.c ****     return HAL_ERROR;
1689:/home/reo/Documents/Repository/chipwhisperer/firmware/mcu/hal/chipwhisperer-fw-extra/stm32f4/stm32f4_hal_lowlevel.c ****   }
1690:/home/reo/Documents/Repository/chipwhisperer/firmware/mcu/hal/chipwhisperer-fw-extra/stm32f4/stm32f4_hal_lowlevel.c ****   
1691:/home/reo/Documents/Repository/chipwhisperer/firmware/mcu/hal/chipwhisperer-fw-extra/stm32f4/stm32f4_hal_lowlevel.c ****   /* Change the CRYP state */
1692:/home/reo/Documents/Repository/chipwhisperer/firmware/mcu/hal/chipwhisperer-fw-extra/stm32f4/stm32f4_hal_lowlevel.c ****   hcryp->State = HAL_CRYP_STATE_BUSY;
 4123              		.loc 1 1692 3 is_stmt 1 view .LVU1452
1684:/home/reo/Documents/Repository/chipwhisperer/firmware/mcu/hal/chipwhisperer-fw-extra/stm32f4/stm32f4_hal_lowlevel.c ****   /* Check the CRYP handle allocation */
 4124              		.loc 1 1684 1 is_stmt 0 view .LVU1453
 4125 0004 10B4     		push	{r4}
 4126              	.LCFI38:
 4127              		.cfi_def_cfa_offset 4
 4128              		.cfi_offset 4, -4
1693:/home/reo/Documents/Repository/chipwhisperer/firmware/mcu/hal/chipwhisperer-fw-extra/stm32f4/stm32f4_hal_lowlevel.c ****   
1694:/home/reo/Documents/Repository/chipwhisperer/firmware/mcu/hal/chipwhisperer-fw-extra/stm32f4/stm32f4_hal_lowlevel.c ****   /* Set the default CRYP phase */
1695:/home/reo/Documents/Repository/chipwhisperer/firmware/mcu/hal/chipwhisperer-fw-extra/stm32f4/stm32f4_hal_lowlevel.c ****   hcryp->Phase = HAL_CRYP_PHASE_READY;
1696:/home/reo/Documents/Repository/chipwhisperer/firmware/mcu/hal/chipwhisperer-fw-extra/stm32f4/stm32f4_hal_lowlevel.c ****   
1697:/home/reo/Documents/Repository/chipwhisperer/firmware/mcu/hal/chipwhisperer-fw-extra/stm32f4/stm32f4_hal_lowlevel.c ****   /* Reset CrypInCount and CrypOutCount */
1698:/home/reo/Documents/Repository/chipwhisperer/firmware/mcu/hal/chipwhisperer-fw-extra/stm32f4/stm32f4_hal_lowlevel.c ****   hcryp->CrypInCount = 0U;
 4129              		.loc 1 1698 22 view .LVU1454
 4130 0006 0022     		movs	r2, #0
1699:/home/reo/Documents/Repository/chipwhisperer/firmware/mcu/hal/chipwhisperer-fw-extra/stm32f4/stm32f4_hal_lowlevel.c ****   hcryp->CrypOutCount = 0U;
1700:/home/reo/Documents/Repository/chipwhisperer/firmware/mcu/hal/chipwhisperer-fw-extra/stm32f4/stm32f4_hal_lowlevel.c ****   
1701:/home/reo/Documents/Repository/chipwhisperer/firmware/mcu/hal/chipwhisperer-fw-extra/stm32f4/stm32f4_hal_lowlevel.c ****   /* Disable the CRYP Peripheral Clock */
1702:/home/reo/Documents/Repository/chipwhisperer/firmware/mcu/hal/chipwhisperer-fw-extra/stm32f4/stm32f4_hal_lowlevel.c ****   __HAL_CRYP_DISABLE(hcryp);
 4131              		.loc 1 1702 3 view .LVU1455
 4132 0008 0468     		ldr	r4, [r0]
1695:/home/reo/Documents/Repository/chipwhisperer/firmware/mcu/hal/chipwhisperer-fw-extra/stm32f4/stm32f4_hal_lowlevel.c ****   
 4133              		.loc 1 1695 16 view .LVU1456
 4134 000a 0121     		movs	r1, #1
1692:/home/reo/Documents/Repository/chipwhisperer/firmware/mcu/hal/chipwhisperer-fw-extra/stm32f4/stm32f4_hal_lowlevel.c ****   
 4135              		.loc 1 1692 16 view .LVU1457
 4136 000c 0220     		movs	r0, #2
 4137              	.LVL278:
1692:/home/reo/Documents/Repository/chipwhisperer/firmware/mcu/hal/chipwhisperer-fw-extra/stm32f4/stm32f4_hal_lowlevel.c ****   
 4138              		.loc 1 1692 16 view .LVU1458
 4139 000e 83F83D00 		strb	r0, [r3, #61]
1695:/home/reo/Documents/Repository/chipwhisperer/firmware/mcu/hal/chipwhisperer-fw-extra/stm32f4/stm32f4_hal_lowlevel.c ****   
 4140              		.loc 1 1695 3 is_stmt 1 view .LVU1459
1695:/home/reo/Documents/Repository/chipwhisperer/firmware/mcu/hal/chipwhisperer-fw-extra/stm32f4/stm32f4_hal_lowlevel.c ****   
 4141              		.loc 1 1695 16 is_stmt 0 view .LVU1460
 4142 0012 83F83110 		strb	r1, [r3, #49]
1698:/home/reo/Documents/Repository/chipwhisperer/firmware/mcu/hal/chipwhisperer-fw-extra/stm32f4/stm32f4_hal_lowlevel.c ****   hcryp->CrypOutCount = 0U;
 4143              		.loc 1 1698 3 is_stmt 1 view .LVU1461
1698:/home/reo/Documents/Repository/chipwhisperer/firmware/mcu/hal/chipwhisperer-fw-extra/stm32f4/stm32f4_hal_lowlevel.c ****   hcryp->CrypOutCount = 0U;
 4144              		.loc 1 1698 22 is_stmt 0 view .LVU1462
 4145 0016 9A85     		strh	r2, [r3, #44]	@ movhi
1699:/home/reo/Documents/Repository/chipwhisperer/firmware/mcu/hal/chipwhisperer-fw-extra/stm32f4/stm32f4_hal_lowlevel.c ****   
 4146              		.loc 1 1699 3 is_stmt 1 view .LVU1463
1699:/home/reo/Documents/Repository/chipwhisperer/firmware/mcu/hal/chipwhisperer-fw-extra/stm32f4/stm32f4_hal_lowlevel.c ****   
 4147              		.loc 1 1699 23 is_stmt 0 view .LVU1464
 4148 0018 DA85     		strh	r2, [r3, #46]	@ movhi
 4149              		.loc 1 1702 3 is_stmt 1 view .LVU1465
 4150 001a 2168     		ldr	r1, [r4]
 4151 001c 21F40041 		bic	r1, r1, #32768
 4152 0020 2160     		str	r1, [r4]
1703:/home/reo/Documents/Repository/chipwhisperer/firmware/mcu/hal/chipwhisperer-fw-extra/stm32f4/stm32f4_hal_lowlevel.c ****   
1704:/home/reo/Documents/Repository/chipwhisperer/firmware/mcu/hal/chipwhisperer-fw-extra/stm32f4/stm32f4_hal_lowlevel.c ****   /* DeInit the low level hardware: CLOCK, NVIC.*/
1705:/home/reo/Documents/Repository/chipwhisperer/firmware/mcu/hal/chipwhisperer-fw-extra/stm32f4/stm32f4_hal_lowlevel.c ****   //HAL_CRYP_MspDeInit(hcryp);
1706:/home/reo/Documents/Repository/chipwhisperer/firmware/mcu/hal/chipwhisperer-fw-extra/stm32f4/stm32f4_hal_lowlevel.c ****   
1707:/home/reo/Documents/Repository/chipwhisperer/firmware/mcu/hal/chipwhisperer-fw-extra/stm32f4/stm32f4_hal_lowlevel.c ****   /* Change the CRYP state */
1708:/home/reo/Documents/Repository/chipwhisperer/firmware/mcu/hal/chipwhisperer-fw-extra/stm32f4/stm32f4_hal_lowlevel.c ****   hcryp->State = HAL_CRYP_STATE_RESET;
 4153              		.loc 1 1708 3 view .LVU1466
 4154              		.loc 1 1708 16 is_stmt 0 view .LVU1467
 4155 0022 83F83D20 		strb	r2, [r3, #61]
1709:/home/reo/Documents/Repository/chipwhisperer/firmware/mcu/hal/chipwhisperer-fw-extra/stm32f4/stm32f4_hal_lowlevel.c **** 
1710:/home/reo/Documents/Repository/chipwhisperer/firmware/mcu/hal/chipwhisperer-fw-extra/stm32f4/stm32f4_hal_lowlevel.c ****   /* Release Lock */
1711:/home/reo/Documents/Repository/chipwhisperer/firmware/mcu/hal/chipwhisperer-fw-extra/stm32f4/stm32f4_hal_lowlevel.c ****   __HAL_UNLOCK(hcryp);
 4156              		.loc 1 1711 3 is_stmt 1 view .LVU1468
 4157              		.loc 1 1711 3 view .LVU1469
 4158 0026 83F83C20 		strb	r2, [r3, #60]
 4159              		.loc 1 1711 3 view .LVU1470
1712:/home/reo/Documents/Repository/chipwhisperer/firmware/mcu/hal/chipwhisperer-fw-extra/stm32f4/stm32f4_hal_lowlevel.c **** 
1713:/home/reo/Documents/Repository/chipwhisperer/firmware/mcu/hal/chipwhisperer-fw-extra/stm32f4/stm32f4_hal_lowlevel.c ****   /* Return function status */
1714:/home/reo/Documents/Repository/chipwhisperer/firmware/mcu/hal/chipwhisperer-fw-extra/stm32f4/stm32f4_hal_lowlevel.c ****   return HAL_OK;
 4160              		.loc 1 1714 3 view .LVU1471
 4161              		.loc 1 1714 10 is_stmt 0 view .LVU1472
 4162 002a 1046     		mov	r0, r2
1715:/home/reo/Documents/Repository/chipwhisperer/firmware/mcu/hal/chipwhisperer-fw-extra/stm32f4/stm32f4_hal_lowlevel.c **** }
 4163              		.loc 1 1715 1 view .LVU1473
 4164 002c 10BC     		pop	{r4}
 4165              	.LCFI39:
 4166              		.cfi_restore 4
 4167              		.cfi_def_cfa_offset 0
 4168 002e 7047     		bx	lr
 4169              	.LVL279:
 4170              	.L395:
1688:/home/reo/Documents/Repository/chipwhisperer/firmware/mcu/hal/chipwhisperer-fw-extra/stm32f4/stm32f4_hal_lowlevel.c ****   }
 4171              		.loc 1 1688 12 view .LVU1474
 4172 0030 0120     		movs	r0, #1
 4173              	.LVL280:
 4174              		.loc 1 1715 1 view .LVU1475
 4175 0032 7047     		bx	lr
 4176              		.cfi_endproc
 4177              	.LFE142:
 4179              		.section	.text.HAL_CRYP_AESECB_Encrypt,"ax",%progbits
 4180              		.align	1
 4181              		.p2align 2,,3
 4182              		.global	HAL_CRYP_AESECB_Encrypt
 4183              		.syntax unified
 4184              		.thumb
 4185              		.thumb_func
 4186              		.fpu softvfp
 4188              	HAL_CRYP_AESECB_Encrypt:
 4189              	.LVL281:
 4190              	.LFB143:
1716:/home/reo/Documents/Repository/chipwhisperer/firmware/mcu/hal/chipwhisperer-fw-extra/stm32f4/stm32f4_hal_lowlevel.c **** 
1717:/home/reo/Documents/Repository/chipwhisperer/firmware/mcu/hal/chipwhisperer-fw-extra/stm32f4/stm32f4_hal_lowlevel.c **** HAL_StatusTypeDef HAL_CRYP_AESECB_Encrypt(CRYP_HandleTypeDef *hcryp, uint8_t *pPlainData, uint16_t 
1718:/home/reo/Documents/Repository/chipwhisperer/firmware/mcu/hal/chipwhisperer-fw-extra/stm32f4/stm32f4_hal_lowlevel.c **** {
 4191              		.loc 1 1718 1 is_stmt 1 view -0
 4192              		.cfi_startproc
 4193              		@ args = 4, pretend = 0, frame = 8
 4194              		@ frame_needed = 0, uses_anonymous_args = 0
1719:/home/reo/Documents/Repository/chipwhisperer/firmware/mcu/hal/chipwhisperer-fw-extra/stm32f4/stm32f4_hal_lowlevel.c ****   /* Process Locked */
1720:/home/reo/Documents/Repository/chipwhisperer/firmware/mcu/hal/chipwhisperer-fw-extra/stm32f4/stm32f4_hal_lowlevel.c ****   __HAL_LOCK(hcryp);
 4195              		.loc 1 1720 3 view .LVU1477
 4196              		.loc 1 1720 3 view .LVU1478
 4197 0000 90F83CC0 		ldrb	ip, [r0, #60]	@ zero_extendqisi2
 4198 0004 BCF1010F 		cmp	ip, #1
 4199 0008 36D0     		beq	.L403
1718:/home/reo/Documents/Repository/chipwhisperer/firmware/mcu/hal/chipwhisperer-fw-extra/stm32f4/stm32f4_hal_lowlevel.c ****   /* Process Locked */
 4200              		.loc 1 1718 1 is_stmt 0 discriminator 2 view .LVU1479
 4201 000a F0B5     		push	{r4, r5, r6, r7, lr}
 4202              	.LCFI40:
 4203              		.cfi_def_cfa_offset 20
 4204              		.cfi_offset 4, -20
 4205              		.cfi_offset 5, -16
 4206              		.cfi_offset 6, -12
 4207              		.cfi_offset 7, -8
 4208              		.cfi_offset 14, -4
 4209 000c 1546     		mov	r5, r2
 4210              		.loc 1 1720 3 is_stmt 1 discriminator 2 view .LVU1480
1721:/home/reo/Documents/Repository/chipwhisperer/firmware/mcu/hal/chipwhisperer-fw-extra/stm32f4/stm32f4_hal_lowlevel.c ****   
1722:/home/reo/Documents/Repository/chipwhisperer/firmware/mcu/hal/chipwhisperer-fw-extra/stm32f4/stm32f4_hal_lowlevel.c ****   /* Change the CRYP state */
1723:/home/reo/Documents/Repository/chipwhisperer/firmware/mcu/hal/chipwhisperer-fw-extra/stm32f4/stm32f4_hal_lowlevel.c ****   hcryp->State = HAL_CRYP_STATE_BUSY;
1724:/home/reo/Documents/Repository/chipwhisperer/firmware/mcu/hal/chipwhisperer-fw-extra/stm32f4/stm32f4_hal_lowlevel.c ****   
1725:/home/reo/Documents/Repository/chipwhisperer/firmware/mcu/hal/chipwhisperer-fw-extra/stm32f4/stm32f4_hal_lowlevel.c ****   /* Check if initialization phase has already been performed */
1726:/home/reo/Documents/Repository/chipwhisperer/firmware/mcu/hal/chipwhisperer-fw-extra/stm32f4/stm32f4_hal_lowlevel.c ****   if(hcryp->Phase == HAL_CRYP_PHASE_READY)
 4211              		.loc 1 1726 5 is_stmt 0 discriminator 2 view .LVU1481
 4212 000e 90F83120 		ldrb	r2, [r0, #49]	@ zero_extendqisi2
 4213              	.LVL282:
 4214              		.loc 1 1726 5 discriminator 2 view .LVU1482
 4215 0012 0E46     		mov	r6, r1
1720:/home/reo/Documents/Repository/chipwhisperer/firmware/mcu/hal/chipwhisperer-fw-extra/stm32f4/stm32f4_hal_lowlevel.c ****   
 4216              		.loc 1 1720 3 discriminator 2 view .LVU1483
 4217 0014 0121     		movs	r1, #1
 4218              	.LVL283:
1723:/home/reo/Documents/Repository/chipwhisperer/firmware/mcu/hal/chipwhisperer-fw-extra/stm32f4/stm32f4_hal_lowlevel.c ****   
 4219              		.loc 1 1723 16 discriminator 2 view .LVU1484
 4220 0016 0227     		movs	r7, #2
 4221              		.loc 1 1726 5 discriminator 2 view .LVU1485
 4222 0018 8A42     		cmp	r2, r1
1718:/home/reo/Documents/Repository/chipwhisperer/firmware/mcu/hal/chipwhisperer-fw-extra/stm32f4/stm32f4_hal_lowlevel.c ****   /* Process Locked */
 4223              		.loc 1 1718 1 discriminator 2 view .LVU1486
 4224 001a 85B0     		sub	sp, sp, #20
 4225              	.LCFI41:
 4226              		.cfi_def_cfa_offset 40
 4227 001c 0446     		mov	r4, r0
1720:/home/reo/Documents/Repository/chipwhisperer/firmware/mcu/hal/chipwhisperer-fw-extra/stm32f4/stm32f4_hal_lowlevel.c ****   
 4228              		.loc 1 1720 3 discriminator 2 view .LVU1487
 4229 001e 80F83C10 		strb	r1, [r0, #60]
1720:/home/reo/Documents/Repository/chipwhisperer/firmware/mcu/hal/chipwhisperer-fw-extra/stm32f4/stm32f4_hal_lowlevel.c ****   
 4230              		.loc 1 1720 3 is_stmt 1 discriminator 2 view .LVU1488
1723:/home/reo/Documents/Repository/chipwhisperer/firmware/mcu/hal/chipwhisperer-fw-extra/stm32f4/stm32f4_hal_lowlevel.c ****   
 4231              		.loc 1 1723 3 discriminator 2 view .LVU1489
1723:/home/reo/Documents/Repository/chipwhisperer/firmware/mcu/hal/chipwhisperer-fw-extra/stm32f4/stm32f4_hal_lowlevel.c ****   
 4232              		.loc 1 1723 16 is_stmt 0 discriminator 2 view .LVU1490
 4233 0022 80F83D70 		strb	r7, [r0, #61]
 4234              		.loc 1 1726 3 is_stmt 1 discriminator 2 view .LVU1491
 4235              		.loc 1 1726 5 is_stmt 0 discriminator 2 view .LVU1492
 4236 0026 11D0     		beq	.L409
 4237              	.LVL284:
 4238              	.L402:
1727:/home/reo/Documents/Repository/chipwhisperer/firmware/mcu/hal/chipwhisperer-fw-extra/stm32f4/stm32f4_hal_lowlevel.c ****   {
1728:/home/reo/Documents/Repository/chipwhisperer/firmware/mcu/hal/chipwhisperer-fw-extra/stm32f4/stm32f4_hal_lowlevel.c ****     /* Set the key */
1729:/home/reo/Documents/Repository/chipwhisperer/firmware/mcu/hal/chipwhisperer-fw-extra/stm32f4/stm32f4_hal_lowlevel.c ****     CRYP_SetKey(hcryp, hcryp->Init.pKey, hcryp->Init.KeySize);
1730:/home/reo/Documents/Repository/chipwhisperer/firmware/mcu/hal/chipwhisperer-fw-extra/stm32f4/stm32f4_hal_lowlevel.c ****     
1731:/home/reo/Documents/Repository/chipwhisperer/firmware/mcu/hal/chipwhisperer-fw-extra/stm32f4/stm32f4_hal_lowlevel.c ****     /* Set the CRYP peripheral in AES ECB mode */
1732:/home/reo/Documents/Repository/chipwhisperer/firmware/mcu/hal/chipwhisperer-fw-extra/stm32f4/stm32f4_hal_lowlevel.c ****     __HAL_CRYP_SET_MODE(hcryp, CRYP_CR_ALGOMODE_AES_ECB);
1733:/home/reo/Documents/Repository/chipwhisperer/firmware/mcu/hal/chipwhisperer-fw-extra/stm32f4/stm32f4_hal_lowlevel.c ****     
1734:/home/reo/Documents/Repository/chipwhisperer/firmware/mcu/hal/chipwhisperer-fw-extra/stm32f4/stm32f4_hal_lowlevel.c ****     /* Flush FIFO */
1735:/home/reo/Documents/Repository/chipwhisperer/firmware/mcu/hal/chipwhisperer-fw-extra/stm32f4/stm32f4_hal_lowlevel.c ****     __HAL_CRYP_FIFO_FLUSH(hcryp);
1736:/home/reo/Documents/Repository/chipwhisperer/firmware/mcu/hal/chipwhisperer-fw-extra/stm32f4/stm32f4_hal_lowlevel.c ****     
1737:/home/reo/Documents/Repository/chipwhisperer/firmware/mcu/hal/chipwhisperer-fw-extra/stm32f4/stm32f4_hal_lowlevel.c ****     /* Enable CRYP */
1738:/home/reo/Documents/Repository/chipwhisperer/firmware/mcu/hal/chipwhisperer-fw-extra/stm32f4/stm32f4_hal_lowlevel.c ****     __HAL_CRYP_ENABLE(hcryp);
1739:/home/reo/Documents/Repository/chipwhisperer/firmware/mcu/hal/chipwhisperer-fw-extra/stm32f4/stm32f4_hal_lowlevel.c ****     
1740:/home/reo/Documents/Repository/chipwhisperer/firmware/mcu/hal/chipwhisperer-fw-extra/stm32f4/stm32f4_hal_lowlevel.c ****     /* Set the phase */
1741:/home/reo/Documents/Repository/chipwhisperer/firmware/mcu/hal/chipwhisperer-fw-extra/stm32f4/stm32f4_hal_lowlevel.c ****     hcryp->Phase = HAL_CRYP_PHASE_PROCESS;
1742:/home/reo/Documents/Repository/chipwhisperer/firmware/mcu/hal/chipwhisperer-fw-extra/stm32f4/stm32f4_hal_lowlevel.c ****   }
1743:/home/reo/Documents/Repository/chipwhisperer/firmware/mcu/hal/chipwhisperer-fw-extra/stm32f4/stm32f4_hal_lowlevel.c ****   
1744:/home/reo/Documents/Repository/chipwhisperer/firmware/mcu/hal/chipwhisperer-fw-extra/stm32f4/stm32f4_hal_lowlevel.c ****     /* Write Plain Data and Get Cypher Data */
1745:/home/reo/Documents/Repository/chipwhisperer/firmware/mcu/hal/chipwhisperer-fw-extra/stm32f4/stm32f4_hal_lowlevel.c ****     if(CRYP_ProcessData(hcryp, pPlainData, Size, pCypherData, Timeout) != HAL_OK)
 4239              		.loc 1 1745 5 is_stmt 1 view .LVU1493
 4240              		.loc 1 1745 8 is_stmt 0 view .LVU1494
 4241 0028 0A9A     		ldr	r2, [sp, #40]
 4242 002a 0092     		str	r2, [sp]
 4243 002c 3146     		mov	r1, r6
 4244 002e 2A46     		mov	r2, r5
 4245 0030 2046     		mov	r0, r4
 4246              	.LVL285:
 4247              		.loc 1 1745 8 view .LVU1495
 4248 0032 FFF7FEFF 		bl	CRYP_ProcessData
 4249              	.LVL286:
 4250              		.loc 1 1745 7 view .LVU1496
 4251 0036 30B9     		cbnz	r0, .L404
1746:/home/reo/Documents/Repository/chipwhisperer/firmware/mcu/hal/chipwhisperer-fw-extra/stm32f4/stm32f4_hal_lowlevel.c ****     {
1747:/home/reo/Documents/Repository/chipwhisperer/firmware/mcu/hal/chipwhisperer-fw-extra/stm32f4/stm32f4_hal_lowlevel.c ****       return HAL_TIMEOUT;
1748:/home/reo/Documents/Repository/chipwhisperer/firmware/mcu/hal/chipwhisperer-fw-extra/stm32f4/stm32f4_hal_lowlevel.c ****     }
1749:/home/reo/Documents/Repository/chipwhisperer/firmware/mcu/hal/chipwhisperer-fw-extra/stm32f4/stm32f4_hal_lowlevel.c ****   
1750:/home/reo/Documents/Repository/chipwhisperer/firmware/mcu/hal/chipwhisperer-fw-extra/stm32f4/stm32f4_hal_lowlevel.c ****   /* Change the CRYP state */
1751:/home/reo/Documents/Repository/chipwhisperer/firmware/mcu/hal/chipwhisperer-fw-extra/stm32f4/stm32f4_hal_lowlevel.c ****   hcryp->State = HAL_CRYP_STATE_READY;
 4252              		.loc 1 1751 3 is_stmt 1 view .LVU1497
 4253              		.loc 1 1751 16 is_stmt 0 view .LVU1498
 4254 0038 0123     		movs	r3, #1
 4255 003a 84F83D30 		strb	r3, [r4, #61]
1752:/home/reo/Documents/Repository/chipwhisperer/firmware/mcu/hal/chipwhisperer-fw-extra/stm32f4/stm32f4_hal_lowlevel.c ****   
1753:/home/reo/Documents/Repository/chipwhisperer/firmware/mcu/hal/chipwhisperer-fw-extra/stm32f4/stm32f4_hal_lowlevel.c ****   /* Process Unlocked */
1754:/home/reo/Documents/Repository/chipwhisperer/firmware/mcu/hal/chipwhisperer-fw-extra/stm32f4/stm32f4_hal_lowlevel.c ****   __HAL_UNLOCK(hcryp);
 4256              		.loc 1 1754 3 is_stmt 1 view .LVU1499
 4257              		.loc 1 1754 3 view .LVU1500
 4258 003e 84F83C00 		strb	r0, [r4, #60]
 4259              		.loc 1 1754 3 view .LVU1501
1755:/home/reo/Documents/Repository/chipwhisperer/firmware/mcu/hal/chipwhisperer-fw-extra/stm32f4/stm32f4_hal_lowlevel.c ****   
1756:/home/reo/Documents/Repository/chipwhisperer/firmware/mcu/hal/chipwhisperer-fw-extra/stm32f4/stm32f4_hal_lowlevel.c ****   /* Return function status */
1757:/home/reo/Documents/Repository/chipwhisperer/firmware/mcu/hal/chipwhisperer-fw-extra/stm32f4/stm32f4_hal_lowlevel.c ****   return HAL_OK;
 4260              		.loc 1 1757 3 view .LVU1502
1758:/home/reo/Documents/Repository/chipwhisperer/firmware/mcu/hal/chipwhisperer-fw-extra/stm32f4/stm32f4_hal_lowlevel.c **** }
 4261              		.loc 1 1758 1 is_stmt 0 view .LVU1503
 4262 0042 05B0     		add	sp, sp, #20
 4263              	.LCFI42:
 4264              		.cfi_remember_state
 4265              		.cfi_def_cfa_offset 20
 4266              		@ sp needed
 4267 0044 F0BD     		pop	{r4, r5, r6, r7, pc}
 4268              	.LVL287:
 4269              	.L404:
 4270              	.LCFI43:
 4271              		.cfi_restore_state
1747:/home/reo/Documents/Repository/chipwhisperer/firmware/mcu/hal/chipwhisperer-fw-extra/stm32f4/stm32f4_hal_lowlevel.c ****     }
 4272              		.loc 1 1747 14 view .LVU1504
 4273 0046 0320     		movs	r0, #3
 4274              		.loc 1 1758 1 view .LVU1505
 4275 0048 05B0     		add	sp, sp, #20
 4276              	.LCFI44:
 4277              		.cfi_remember_state
 4278              		.cfi_def_cfa_offset 20
 4279              		@ sp needed
 4280 004a F0BD     		pop	{r4, r5, r6, r7, pc}
 4281              	.LVL288:
 4282              	.L409:
 4283              	.LCFI45:
 4284              		.cfi_restore_state
1729:/home/reo/Documents/Repository/chipwhisperer/firmware/mcu/hal/chipwhisperer-fw-extra/stm32f4/stm32f4_hal_lowlevel.c ****     
 4285              		.loc 1 1729 5 is_stmt 1 view .LVU1506
 4286 004c D0E90221 		ldrd	r2, r1, [r0, #8]
 4287 0050 0393     		str	r3, [sp, #12]
 4288 0052 FFF7FEFF 		bl	CRYP_SetKey
 4289              	.LVL289:
1732:/home/reo/Documents/Repository/chipwhisperer/firmware/mcu/hal/chipwhisperer-fw-extra/stm32f4/stm32f4_hal_lowlevel.c ****     
 4290              		.loc 1 1732 5 view .LVU1507
 4291 0056 0268     		ldr	r2, [r0]
1741:/home/reo/Documents/Repository/chipwhisperer/firmware/mcu/hal/chipwhisperer-fw-extra/stm32f4/stm32f4_hal_lowlevel.c ****   }
 4292              		.loc 1 1741 18 is_stmt 0 view .LVU1508
 4293 0058 039B     		ldr	r3, [sp, #12]
1732:/home/reo/Documents/Repository/chipwhisperer/firmware/mcu/hal/chipwhisperer-fw-extra/stm32f4/stm32f4_hal_lowlevel.c ****     
 4294              		.loc 1 1732 5 view .LVU1509
 4295 005a 1168     		ldr	r1, [r2]
 4296 005c 41F02001 		orr	r1, r1, #32
 4297 0060 1160     		str	r1, [r2]
1735:/home/reo/Documents/Repository/chipwhisperer/firmware/mcu/hal/chipwhisperer-fw-extra/stm32f4/stm32f4_hal_lowlevel.c ****     
 4298              		.loc 1 1735 5 is_stmt 1 view .LVU1510
 4299 0062 1168     		ldr	r1, [r2]
 4300 0064 41F48041 		orr	r1, r1, #16384
 4301 0068 1160     		str	r1, [r2]
1738:/home/reo/Documents/Repository/chipwhisperer/firmware/mcu/hal/chipwhisperer-fw-extra/stm32f4/stm32f4_hal_lowlevel.c ****     
 4302              		.loc 1 1738 5 view .LVU1511
 4303 006a 1168     		ldr	r1, [r2]
 4304 006c 41F40041 		orr	r1, r1, #32768
 4305 0070 1160     		str	r1, [r2]
1741:/home/reo/Documents/Repository/chipwhisperer/firmware/mcu/hal/chipwhisperer-fw-extra/stm32f4/stm32f4_hal_lowlevel.c ****   }
 4306              		.loc 1 1741 5 view .LVU1512
1741:/home/reo/Documents/Repository/chipwhisperer/firmware/mcu/hal/chipwhisperer-fw-extra/stm32f4/stm32f4_hal_lowlevel.c ****   }
 4307              		.loc 1 1741 18 is_stmt 0 view .LVU1513
 4308 0072 80F83170 		strb	r7, [r0, #49]
 4309 0076 D7E7     		b	.L402
 4310              	.LVL290:
 4311              	.L403:
 4312              	.LCFI46:
 4313              		.cfi_def_cfa_offset 0
 4314              		.cfi_restore 4
 4315              		.cfi_restore 5
 4316              		.cfi_restore 6
 4317              		.cfi_restore 7
 4318              		.cfi_restore 14
1720:/home/reo/Documents/Repository/chipwhisperer/firmware/mcu/hal/chipwhisperer-fw-extra/stm32f4/stm32f4_hal_lowlevel.c ****   
 4319              		.loc 1 1720 3 view .LVU1514
 4320 0078 0220     		movs	r0, #2
 4321              	.LVL291:
 4322              		.loc 1 1758 1 view .LVU1515
 4323 007a 7047     		bx	lr
 4324              		.cfi_endproc
 4325              	.LFE143:
 4327              		.section	.text.HAL_CRYP_AESECB_Decrypt,"ax",%progbits
 4328              		.align	1
 4329              		.p2align 2,,3
 4330              		.global	HAL_CRYP_AESECB_Decrypt
 4331              		.syntax unified
 4332              		.thumb
 4333              		.thumb_func
 4334              		.fpu softvfp
 4336              	HAL_CRYP_AESECB_Decrypt:
 4337              	.LVL292:
 4338              	.LFB144:
1759:/home/reo/Documents/Repository/chipwhisperer/firmware/mcu/hal/chipwhisperer-fw-extra/stm32f4/stm32f4_hal_lowlevel.c **** 
1760:/home/reo/Documents/Repository/chipwhisperer/firmware/mcu/hal/chipwhisperer-fw-extra/stm32f4/stm32f4_hal_lowlevel.c **** /**
1761:/home/reo/Documents/Repository/chipwhisperer/firmware/mcu/hal/chipwhisperer-fw-extra/stm32f4/stm32f4_hal_lowlevel.c ****   * @brief  Initializes the CRYP peripheral in AES ECB decryption mode
1762:/home/reo/Documents/Repository/chipwhisperer/firmware/mcu/hal/chipwhisperer-fw-extra/stm32f4/stm32f4_hal_lowlevel.c ****   *         then decrypted pCypherData. The cypher data are available in pPlainData
1763:/home/reo/Documents/Repository/chipwhisperer/firmware/mcu/hal/chipwhisperer-fw-extra/stm32f4/stm32f4_hal_lowlevel.c ****   * @param  hcryp pointer to a CRYP_HandleTypeDef structure that contains
1764:/home/reo/Documents/Repository/chipwhisperer/firmware/mcu/hal/chipwhisperer-fw-extra/stm32f4/stm32f4_hal_lowlevel.c ****   *         the configuration information for CRYP module
1765:/home/reo/Documents/Repository/chipwhisperer/firmware/mcu/hal/chipwhisperer-fw-extra/stm32f4/stm32f4_hal_lowlevel.c ****   * @param  pCypherData Pointer to the cyphertext buffer
1766:/home/reo/Documents/Repository/chipwhisperer/firmware/mcu/hal/chipwhisperer-fw-extra/stm32f4/stm32f4_hal_lowlevel.c ****   * @param  Size Length of the plaintext buffer, must be a multiple of 16.
1767:/home/reo/Documents/Repository/chipwhisperer/firmware/mcu/hal/chipwhisperer-fw-extra/stm32f4/stm32f4_hal_lowlevel.c ****   * @param  pPlainData Pointer to the plaintext buffer
1768:/home/reo/Documents/Repository/chipwhisperer/firmware/mcu/hal/chipwhisperer-fw-extra/stm32f4/stm32f4_hal_lowlevel.c ****   * @param  Timeout Specify Timeout value  
1769:/home/reo/Documents/Repository/chipwhisperer/firmware/mcu/hal/chipwhisperer-fw-extra/stm32f4/stm32f4_hal_lowlevel.c ****   * @retval HAL status
1770:/home/reo/Documents/Repository/chipwhisperer/firmware/mcu/hal/chipwhisperer-fw-extra/stm32f4/stm32f4_hal_lowlevel.c ****   */
1771:/home/reo/Documents/Repository/chipwhisperer/firmware/mcu/hal/chipwhisperer-fw-extra/stm32f4/stm32f4_hal_lowlevel.c **** HAL_StatusTypeDef HAL_CRYP_AESECB_Decrypt(CRYP_HandleTypeDef *hcryp, uint8_t *pCypherData, uint16_t
1772:/home/reo/Documents/Repository/chipwhisperer/firmware/mcu/hal/chipwhisperer-fw-extra/stm32f4/stm32f4_hal_lowlevel.c **** {
 4339              		.loc 1 1772 1 is_stmt 1 view -0
 4340              		.cfi_startproc
 4341              		@ args = 4, pretend = 0, frame = 0
 4342              		@ frame_needed = 0, uses_anonymous_args = 0
1773:/home/reo/Documents/Repository/chipwhisperer/firmware/mcu/hal/chipwhisperer-fw-extra/stm32f4/stm32f4_hal_lowlevel.c ****    uint32_t tickstart = 0U;
 4343              		.loc 1 1773 4 view .LVU1517
1774:/home/reo/Documents/Repository/chipwhisperer/firmware/mcu/hal/chipwhisperer-fw-extra/stm32f4/stm32f4_hal_lowlevel.c ****   
1775:/home/reo/Documents/Repository/chipwhisperer/firmware/mcu/hal/chipwhisperer-fw-extra/stm32f4/stm32f4_hal_lowlevel.c ****   /* Process Locked */
1776:/home/reo/Documents/Repository/chipwhisperer/firmware/mcu/hal/chipwhisperer-fw-extra/stm32f4/stm32f4_hal_lowlevel.c ****   __HAL_LOCK(hcryp);
 4344              		.loc 1 1776 3 view .LVU1518
 4345              		.loc 1 1776 3 view .LVU1519
1772:/home/reo/Documents/Repository/chipwhisperer/firmware/mcu/hal/chipwhisperer-fw-extra/stm32f4/stm32f4_hal_lowlevel.c ****    uint32_t tickstart = 0U;
 4346              		.loc 1 1772 1 is_stmt 0 view .LVU1520
 4347 0000 2DE9F043 		push	{r4, r5, r6, r7, r8, r9, lr}
 4348              	.LCFI47:
 4349              		.cfi_def_cfa_offset 28
 4350              		.cfi_offset 4, -28
 4351              		.cfi_offset 5, -24
 4352              		.cfi_offset 6, -20
 4353              		.cfi_offset 7, -16
 4354              		.cfi_offset 8, -12
 4355              		.cfi_offset 9, -8
 4356              		.cfi_offset 14, -4
 4357 0004 1746     		mov	r7, r2
 4358              		.loc 1 1776 3 view .LVU1521
 4359 0006 90F83C20 		ldrb	r2, [r0, #60]	@ zero_extendqisi2
 4360              	.LVL293:
1772:/home/reo/Documents/Repository/chipwhisperer/firmware/mcu/hal/chipwhisperer-fw-extra/stm32f4/stm32f4_hal_lowlevel.c ****    uint32_t tickstart = 0U;
 4361              		.loc 1 1772 1 view .LVU1522
 4362 000a 83B0     		sub	sp, sp, #12
 4363              	.LCFI48:
 4364              		.cfi_def_cfa_offset 40
 4365              		.loc 1 1776 3 view .LVU1523
 4366 000c 012A     		cmp	r2, #1
1772:/home/reo/Documents/Repository/chipwhisperer/firmware/mcu/hal/chipwhisperer-fw-extra/stm32f4/stm32f4_hal_lowlevel.c ****    uint32_t tickstart = 0U;
 4367              		.loc 1 1772 1 view .LVU1524
 4368 000e DDF82880 		ldr	r8, [sp, #40]
 4369              		.loc 1 1776 3 view .LVU1525
 4370 0012 70D0     		beq	.L421
1777:/home/reo/Documents/Repository/chipwhisperer/firmware/mcu/hal/chipwhisperer-fw-extra/stm32f4/stm32f4_hal_lowlevel.c ****   
1778:/home/reo/Documents/Repository/chipwhisperer/firmware/mcu/hal/chipwhisperer-fw-extra/stm32f4/stm32f4_hal_lowlevel.c ****   /* Change the CRYP state */
1779:/home/reo/Documents/Repository/chipwhisperer/firmware/mcu/hal/chipwhisperer-fw-extra/stm32f4/stm32f4_hal_lowlevel.c ****   hcryp->State = HAL_CRYP_STATE_BUSY;
1780:/home/reo/Documents/Repository/chipwhisperer/firmware/mcu/hal/chipwhisperer-fw-extra/stm32f4/stm32f4_hal_lowlevel.c ****   
1781:/home/reo/Documents/Repository/chipwhisperer/firmware/mcu/hal/chipwhisperer-fw-extra/stm32f4/stm32f4_hal_lowlevel.c ****   /* Check if initialization phase has already been performed */
1782:/home/reo/Documents/Repository/chipwhisperer/firmware/mcu/hal/chipwhisperer-fw-extra/stm32f4/stm32f4_hal_lowlevel.c ****   if(hcryp->Phase == HAL_CRYP_PHASE_READY)
 4371              		.loc 1 1782 5 discriminator 2 view .LVU1526
 4372 0014 90F83120 		ldrb	r2, [r0, #49]	@ zero_extendqisi2
 4373 0018 0E46     		mov	r6, r1
1776:/home/reo/Documents/Repository/chipwhisperer/firmware/mcu/hal/chipwhisperer-fw-extra/stm32f4/stm32f4_hal_lowlevel.c ****   
 4374              		.loc 1 1776 3 discriminator 2 view .LVU1527
 4375 001a 0121     		movs	r1, #1
 4376              	.LVL294:
1776:/home/reo/Documents/Repository/chipwhisperer/firmware/mcu/hal/chipwhisperer-fw-extra/stm32f4/stm32f4_hal_lowlevel.c ****   
 4377              		.loc 1 1776 3 discriminator 2 view .LVU1528
 4378 001c 80F83C10 		strb	r1, [r0, #60]
 4379              		.loc 1 1782 5 discriminator 2 view .LVU1529
 4380 0020 012A     		cmp	r2, #1
1779:/home/reo/Documents/Repository/chipwhisperer/firmware/mcu/hal/chipwhisperer-fw-extra/stm32f4/stm32f4_hal_lowlevel.c ****   
 4381              		.loc 1 1779 16 discriminator 2 view .LVU1530
 4382 0022 4FF00201 		mov	r1, #2
 4383 0026 0446     		mov	r4, r0
 4384 0028 9946     		mov	r9, r3
1776:/home/reo/Documents/Repository/chipwhisperer/firmware/mcu/hal/chipwhisperer-fw-extra/stm32f4/stm32f4_hal_lowlevel.c ****   
 4385              		.loc 1 1776 3 is_stmt 1 discriminator 2 view .LVU1531
1776:/home/reo/Documents/Repository/chipwhisperer/firmware/mcu/hal/chipwhisperer-fw-extra/stm32f4/stm32f4_hal_lowlevel.c ****   
 4386              		.loc 1 1776 3 discriminator 2 view .LVU1532
1779:/home/reo/Documents/Repository/chipwhisperer/firmware/mcu/hal/chipwhisperer-fw-extra/stm32f4/stm32f4_hal_lowlevel.c ****   
 4387              		.loc 1 1779 3 discriminator 2 view .LVU1533
1779:/home/reo/Documents/Repository/chipwhisperer/firmware/mcu/hal/chipwhisperer-fw-extra/stm32f4/stm32f4_hal_lowlevel.c ****   
 4388              		.loc 1 1779 16 is_stmt 0 discriminator 2 view .LVU1534
 4389 002a 80F83D10 		strb	r1, [r0, #61]
 4390              		.loc 1 1782 3 is_stmt 1 discriminator 2 view .LVU1535
 4391              		.loc 1 1782 5 is_stmt 0 discriminator 2 view .LVU1536
 4392 002e 11D0     		beq	.L433
 4393              	.LVL295:
 4394              	.L412:
1783:/home/reo/Documents/Repository/chipwhisperer/firmware/mcu/hal/chipwhisperer-fw-extra/stm32f4/stm32f4_hal_lowlevel.c ****   {
1784:/home/reo/Documents/Repository/chipwhisperer/firmware/mcu/hal/chipwhisperer-fw-extra/stm32f4/stm32f4_hal_lowlevel.c ****     /* Set the key */
1785:/home/reo/Documents/Repository/chipwhisperer/firmware/mcu/hal/chipwhisperer-fw-extra/stm32f4/stm32f4_hal_lowlevel.c ****     CRYP_SetKey(hcryp, hcryp->Init.pKey, hcryp->Init.KeySize);
1786:/home/reo/Documents/Repository/chipwhisperer/firmware/mcu/hal/chipwhisperer-fw-extra/stm32f4/stm32f4_hal_lowlevel.c ****     
1787:/home/reo/Documents/Repository/chipwhisperer/firmware/mcu/hal/chipwhisperer-fw-extra/stm32f4/stm32f4_hal_lowlevel.c ****     /* Set the CRYP peripheral in AES Key mode */
1788:/home/reo/Documents/Repository/chipwhisperer/firmware/mcu/hal/chipwhisperer-fw-extra/stm32f4/stm32f4_hal_lowlevel.c ****     __HAL_CRYP_SET_MODE(hcryp, CRYP_CR_ALGOMODE_AES_KEY | CRYP_CR_ALGODIR);
1789:/home/reo/Documents/Repository/chipwhisperer/firmware/mcu/hal/chipwhisperer-fw-extra/stm32f4/stm32f4_hal_lowlevel.c ****     
1790:/home/reo/Documents/Repository/chipwhisperer/firmware/mcu/hal/chipwhisperer-fw-extra/stm32f4/stm32f4_hal_lowlevel.c ****     /* Enable CRYP */
1791:/home/reo/Documents/Repository/chipwhisperer/firmware/mcu/hal/chipwhisperer-fw-extra/stm32f4/stm32f4_hal_lowlevel.c ****     __HAL_CRYP_ENABLE(hcryp);
1792:/home/reo/Documents/Repository/chipwhisperer/firmware/mcu/hal/chipwhisperer-fw-extra/stm32f4/stm32f4_hal_lowlevel.c ****     
1793:/home/reo/Documents/Repository/chipwhisperer/firmware/mcu/hal/chipwhisperer-fw-extra/stm32f4/stm32f4_hal_lowlevel.c ****     /* Get tick */ 
1794:/home/reo/Documents/Repository/chipwhisperer/firmware/mcu/hal/chipwhisperer-fw-extra/stm32f4/stm32f4_hal_lowlevel.c ****     tickstart = HAL_GetTick();
1795:/home/reo/Documents/Repository/chipwhisperer/firmware/mcu/hal/chipwhisperer-fw-extra/stm32f4/stm32f4_hal_lowlevel.c **** 
1796:/home/reo/Documents/Repository/chipwhisperer/firmware/mcu/hal/chipwhisperer-fw-extra/stm32f4/stm32f4_hal_lowlevel.c ****     while(HAL_IS_BIT_SET(hcryp->Instance->SR, CRYP_FLAG_BUSY))
1797:/home/reo/Documents/Repository/chipwhisperer/firmware/mcu/hal/chipwhisperer-fw-extra/stm32f4/stm32f4_hal_lowlevel.c ****     {
1798:/home/reo/Documents/Repository/chipwhisperer/firmware/mcu/hal/chipwhisperer-fw-extra/stm32f4/stm32f4_hal_lowlevel.c ****       /* Check for the Timeout */
1799:/home/reo/Documents/Repository/chipwhisperer/firmware/mcu/hal/chipwhisperer-fw-extra/stm32f4/stm32f4_hal_lowlevel.c ****       if(Timeout != HAL_MAX_DELAY)
1800:/home/reo/Documents/Repository/chipwhisperer/firmware/mcu/hal/chipwhisperer-fw-extra/stm32f4/stm32f4_hal_lowlevel.c ****       {
1801:/home/reo/Documents/Repository/chipwhisperer/firmware/mcu/hal/chipwhisperer-fw-extra/stm32f4/stm32f4_hal_lowlevel.c ****         if((Timeout == 0U)||((HAL_GetTick() - tickstart ) > Timeout))
1802:/home/reo/Documents/Repository/chipwhisperer/firmware/mcu/hal/chipwhisperer-fw-extra/stm32f4/stm32f4_hal_lowlevel.c ****         {
1803:/home/reo/Documents/Repository/chipwhisperer/firmware/mcu/hal/chipwhisperer-fw-extra/stm32f4/stm32f4_hal_lowlevel.c ****           /* Change state */
1804:/home/reo/Documents/Repository/chipwhisperer/firmware/mcu/hal/chipwhisperer-fw-extra/stm32f4/stm32f4_hal_lowlevel.c ****           hcryp->State = HAL_CRYP_STATE_TIMEOUT;
1805:/home/reo/Documents/Repository/chipwhisperer/firmware/mcu/hal/chipwhisperer-fw-extra/stm32f4/stm32f4_hal_lowlevel.c ****           
1806:/home/reo/Documents/Repository/chipwhisperer/firmware/mcu/hal/chipwhisperer-fw-extra/stm32f4/stm32f4_hal_lowlevel.c ****           /* Process Unlocked */          
1807:/home/reo/Documents/Repository/chipwhisperer/firmware/mcu/hal/chipwhisperer-fw-extra/stm32f4/stm32f4_hal_lowlevel.c ****           __HAL_UNLOCK(hcryp);
1808:/home/reo/Documents/Repository/chipwhisperer/firmware/mcu/hal/chipwhisperer-fw-extra/stm32f4/stm32f4_hal_lowlevel.c ****         
1809:/home/reo/Documents/Repository/chipwhisperer/firmware/mcu/hal/chipwhisperer-fw-extra/stm32f4/stm32f4_hal_lowlevel.c ****           return HAL_TIMEOUT;
1810:/home/reo/Documents/Repository/chipwhisperer/firmware/mcu/hal/chipwhisperer-fw-extra/stm32f4/stm32f4_hal_lowlevel.c ****         }
1811:/home/reo/Documents/Repository/chipwhisperer/firmware/mcu/hal/chipwhisperer-fw-extra/stm32f4/stm32f4_hal_lowlevel.c ****       }
1812:/home/reo/Documents/Repository/chipwhisperer/firmware/mcu/hal/chipwhisperer-fw-extra/stm32f4/stm32f4_hal_lowlevel.c ****     }
1813:/home/reo/Documents/Repository/chipwhisperer/firmware/mcu/hal/chipwhisperer-fw-extra/stm32f4/stm32f4_hal_lowlevel.c ****     
1814:/home/reo/Documents/Repository/chipwhisperer/firmware/mcu/hal/chipwhisperer-fw-extra/stm32f4/stm32f4_hal_lowlevel.c ****     /* Disable CRYP */
1815:/home/reo/Documents/Repository/chipwhisperer/firmware/mcu/hal/chipwhisperer-fw-extra/stm32f4/stm32f4_hal_lowlevel.c ****     __HAL_CRYP_DISABLE(hcryp);
1816:/home/reo/Documents/Repository/chipwhisperer/firmware/mcu/hal/chipwhisperer-fw-extra/stm32f4/stm32f4_hal_lowlevel.c ****     
1817:/home/reo/Documents/Repository/chipwhisperer/firmware/mcu/hal/chipwhisperer-fw-extra/stm32f4/stm32f4_hal_lowlevel.c ****     /* Reset the ALGOMODE bits*/
1818:/home/reo/Documents/Repository/chipwhisperer/firmware/mcu/hal/chipwhisperer-fw-extra/stm32f4/stm32f4_hal_lowlevel.c ****     CRYP->CR &= (uint32_t)(~CRYP_CR_ALGOMODE);
1819:/home/reo/Documents/Repository/chipwhisperer/firmware/mcu/hal/chipwhisperer-fw-extra/stm32f4/stm32f4_hal_lowlevel.c ****     
1820:/home/reo/Documents/Repository/chipwhisperer/firmware/mcu/hal/chipwhisperer-fw-extra/stm32f4/stm32f4_hal_lowlevel.c ****     /* Set the CRYP peripheral in AES ECB decryption mode */
1821:/home/reo/Documents/Repository/chipwhisperer/firmware/mcu/hal/chipwhisperer-fw-extra/stm32f4/stm32f4_hal_lowlevel.c ****     __HAL_CRYP_SET_MODE(hcryp, CRYP_CR_ALGOMODE_AES_ECB | CRYP_CR_ALGODIR);
1822:/home/reo/Documents/Repository/chipwhisperer/firmware/mcu/hal/chipwhisperer-fw-extra/stm32f4/stm32f4_hal_lowlevel.c ****     /* Flush FIFO */
1823:/home/reo/Documents/Repository/chipwhisperer/firmware/mcu/hal/chipwhisperer-fw-extra/stm32f4/stm32f4_hal_lowlevel.c ****     __HAL_CRYP_FIFO_FLUSH(hcryp);
1824:/home/reo/Documents/Repository/chipwhisperer/firmware/mcu/hal/chipwhisperer-fw-extra/stm32f4/stm32f4_hal_lowlevel.c ****     
1825:/home/reo/Documents/Repository/chipwhisperer/firmware/mcu/hal/chipwhisperer-fw-extra/stm32f4/stm32f4_hal_lowlevel.c ****     /* Enable CRYP */
1826:/home/reo/Documents/Repository/chipwhisperer/firmware/mcu/hal/chipwhisperer-fw-extra/stm32f4/stm32f4_hal_lowlevel.c ****     __HAL_CRYP_ENABLE(hcryp);
1827:/home/reo/Documents/Repository/chipwhisperer/firmware/mcu/hal/chipwhisperer-fw-extra/stm32f4/stm32f4_hal_lowlevel.c ****     
1828:/home/reo/Documents/Repository/chipwhisperer/firmware/mcu/hal/chipwhisperer-fw-extra/stm32f4/stm32f4_hal_lowlevel.c ****     /* Set the phase */
1829:/home/reo/Documents/Repository/chipwhisperer/firmware/mcu/hal/chipwhisperer-fw-extra/stm32f4/stm32f4_hal_lowlevel.c ****     hcryp->Phase = HAL_CRYP_PHASE_PROCESS;
1830:/home/reo/Documents/Repository/chipwhisperer/firmware/mcu/hal/chipwhisperer-fw-extra/stm32f4/stm32f4_hal_lowlevel.c ****   }
1831:/home/reo/Documents/Repository/chipwhisperer/firmware/mcu/hal/chipwhisperer-fw-extra/stm32f4/stm32f4_hal_lowlevel.c ****     
1832:/home/reo/Documents/Repository/chipwhisperer/firmware/mcu/hal/chipwhisperer-fw-extra/stm32f4/stm32f4_hal_lowlevel.c ****     /* Write Plain Data and Get Cypher Data */
1833:/home/reo/Documents/Repository/chipwhisperer/firmware/mcu/hal/chipwhisperer-fw-extra/stm32f4/stm32f4_hal_lowlevel.c ****     if(CRYP_ProcessData(hcryp, pCypherData, Size, pPlainData, Timeout) != HAL_OK)
 4395              		.loc 1 1833 5 is_stmt 1 view .LVU1537
 4396              		.loc 1 1833 8 is_stmt 0 view .LVU1538
 4397 0030 CDF80080 		str	r8, [sp]
 4398 0034 4B46     		mov	r3, r9
 4399 0036 3A46     		mov	r2, r7
 4400 0038 3146     		mov	r1, r6
 4401 003a 2046     		mov	r0, r4
 4402 003c FFF7FEFF 		bl	CRYP_ProcessData
 4403              	.LVL296:
 4404              		.loc 1 1833 7 view .LVU1539
 4405 0040 0028     		cmp	r0, #0
 4406 0042 54D1     		bne	.L422
1834:/home/reo/Documents/Repository/chipwhisperer/firmware/mcu/hal/chipwhisperer-fw-extra/stm32f4/stm32f4_hal_lowlevel.c ****     {
1835:/home/reo/Documents/Repository/chipwhisperer/firmware/mcu/hal/chipwhisperer-fw-extra/stm32f4/stm32f4_hal_lowlevel.c ****       return HAL_TIMEOUT;
1836:/home/reo/Documents/Repository/chipwhisperer/firmware/mcu/hal/chipwhisperer-fw-extra/stm32f4/stm32f4_hal_lowlevel.c ****     }
1837:/home/reo/Documents/Repository/chipwhisperer/firmware/mcu/hal/chipwhisperer-fw-extra/stm32f4/stm32f4_hal_lowlevel.c ****   
1838:/home/reo/Documents/Repository/chipwhisperer/firmware/mcu/hal/chipwhisperer-fw-extra/stm32f4/stm32f4_hal_lowlevel.c ****   /* Change the CRYP state */
1839:/home/reo/Documents/Repository/chipwhisperer/firmware/mcu/hal/chipwhisperer-fw-extra/stm32f4/stm32f4_hal_lowlevel.c ****   hcryp->State = HAL_CRYP_STATE_READY;
 4407              		.loc 1 1839 3 is_stmt 1 view .LVU1540
 4408              		.loc 1 1839 16 is_stmt 0 view .LVU1541
 4409 0044 0123     		movs	r3, #1
 4410 0046 84F83D30 		strb	r3, [r4, #61]
1840:/home/reo/Documents/Repository/chipwhisperer/firmware/mcu/hal/chipwhisperer-fw-extra/stm32f4/stm32f4_hal_lowlevel.c ****   
1841:/home/reo/Documents/Repository/chipwhisperer/firmware/mcu/hal/chipwhisperer-fw-extra/stm32f4/stm32f4_hal_lowlevel.c ****   /* Process Unlocked */
1842:/home/reo/Documents/Repository/chipwhisperer/firmware/mcu/hal/chipwhisperer-fw-extra/stm32f4/stm32f4_hal_lowlevel.c ****   __HAL_UNLOCK(hcryp);
 4411              		.loc 1 1842 3 is_stmt 1 view .LVU1542
 4412              		.loc 1 1842 3 view .LVU1543
 4413 004a 84F83C00 		strb	r0, [r4, #60]
 4414              		.loc 1 1842 3 view .LVU1544
1843:/home/reo/Documents/Repository/chipwhisperer/firmware/mcu/hal/chipwhisperer-fw-extra/stm32f4/stm32f4_hal_lowlevel.c ****   
1844:/home/reo/Documents/Repository/chipwhisperer/firmware/mcu/hal/chipwhisperer-fw-extra/stm32f4/stm32f4_hal_lowlevel.c ****   /* Return function status */
1845:/home/reo/Documents/Repository/chipwhisperer/firmware/mcu/hal/chipwhisperer-fw-extra/stm32f4/stm32f4_hal_lowlevel.c ****   return HAL_OK;
 4415              		.loc 1 1845 3 view .LVU1545
 4416              	.L411:
1846:/home/reo/Documents/Repository/chipwhisperer/firmware/mcu/hal/chipwhisperer-fw-extra/stm32f4/stm32f4_hal_lowlevel.c **** }
 4417              		.loc 1 1846 1 is_stmt 0 view .LVU1546
 4418 004e 03B0     		add	sp, sp, #12
 4419              	.LCFI49:
 4420              		.cfi_remember_state
 4421              		.cfi_def_cfa_offset 28
 4422              		@ sp needed
 4423 0050 BDE8F083 		pop	{r4, r5, r6, r7, r8, r9, pc}
 4424              	.LVL297:
 4425              	.L433:
 4426              	.LCFI50:
 4427              		.cfi_restore_state
1785:/home/reo/Documents/Repository/chipwhisperer/firmware/mcu/hal/chipwhisperer-fw-extra/stm32f4/stm32f4_hal_lowlevel.c ****     
 4428              		.loc 1 1785 5 is_stmt 1 view .LVU1547
 4429 0054 D0E90221 		ldrd	r2, r1, [r0, #8]
 4430 0058 FFF7FEFF 		bl	CRYP_SetKey
 4431              	.LVL298:
1788:/home/reo/Documents/Repository/chipwhisperer/firmware/mcu/hal/chipwhisperer-fw-extra/stm32f4/stm32f4_hal_lowlevel.c ****     
 4432              		.loc 1 1788 5 view .LVU1548
 4433 005c 0568     		ldr	r5, [r0]
 4434              	.LBB430:
 4435              	.LBB431:
  55:/home/reo/Documents/Repository/chipwhisperer/firmware/mcu/hal/chipwhisperer-fw-extra/stm32f4/stm32f4_hal_lowlevel.c **** }
 4436              		.loc 1 55 13 is_stmt 0 view .LVU1549
 4437 005e 2A4B     		ldr	r3, .L435
 4438              	.LBE431:
 4439              	.LBE430:
1788:/home/reo/Documents/Repository/chipwhisperer/firmware/mcu/hal/chipwhisperer-fw-extra/stm32f4/stm32f4_hal_lowlevel.c ****     
 4440              		.loc 1 1788 5 view .LVU1550
 4441 0060 2A68     		ldr	r2, [r5]
 4442              	.LBB434:
 4443              	.LBB432:
  55:/home/reo/Documents/Repository/chipwhisperer/firmware/mcu/hal/chipwhisperer-fw-extra/stm32f4/stm32f4_hal_lowlevel.c **** }
 4444              		.loc 1 55 13 view .LVU1551
 4445 0062 1968     		ldr	r1, [r3]
 4446              	.LBE432:
 4447              	.LBE434:
1788:/home/reo/Documents/Repository/chipwhisperer/firmware/mcu/hal/chipwhisperer-fw-extra/stm32f4/stm32f4_hal_lowlevel.c ****     
 4448              		.loc 1 1788 5 view .LVU1552
 4449 0064 42F03C02 		orr	r2, r2, #60
 4450 0068 2A60     		str	r2, [r5]
1791:/home/reo/Documents/Repository/chipwhisperer/firmware/mcu/hal/chipwhisperer-fw-extra/stm32f4/stm32f4_hal_lowlevel.c ****     
 4451              		.loc 1 1791 5 is_stmt 1 view .LVU1553
 4452 006a 2A68     		ldr	r2, [r5]
 4453 006c 42F40042 		orr	r2, r2, #32768
 4454 0070 2A60     		str	r2, [r5]
1794:/home/reo/Documents/Repository/chipwhisperer/firmware/mcu/hal/chipwhisperer-fw-extra/stm32f4/stm32f4_hal_lowlevel.c **** 
 4455              		.loc 1 1794 5 view .LVU1554
 4456              	.LBB435:
 4457              	.LBI430:
  52:/home/reo/Documents/Repository/chipwhisperer/firmware/mcu/hal/chipwhisperer-fw-extra/stm32f4/stm32f4_hal_lowlevel.c **** {
 4458              		.loc 1 52 10 view .LVU1555
 4459              	.LBB433:
  54:/home/reo/Documents/Repository/chipwhisperer/firmware/mcu/hal/chipwhisperer-fw-extra/stm32f4/stm32f4_hal_lowlevel.c **** 	return tick++;;
 4460              		.loc 1 54 2 view .LVU1556
  55:/home/reo/Documents/Repository/chipwhisperer/firmware/mcu/hal/chipwhisperer-fw-extra/stm32f4/stm32f4_hal_lowlevel.c **** }
 4461              		.loc 1 55 2 view .LVU1557
  55:/home/reo/Documents/Repository/chipwhisperer/firmware/mcu/hal/chipwhisperer-fw-extra/stm32f4/stm32f4_hal_lowlevel.c **** }
 4462              		.loc 1 55 13 is_stmt 0 view .LVU1558
 4463 0072 4A1C     		adds	r2, r1, #1
 4464 0074 1A60     		str	r2, [r3]
  55:/home/reo/Documents/Repository/chipwhisperer/firmware/mcu/hal/chipwhisperer-fw-extra/stm32f4/stm32f4_hal_lowlevel.c **** }
 4465              		.loc 1 55 16 is_stmt 1 view .LVU1559
 4466              	.LVL299:
  55:/home/reo/Documents/Repository/chipwhisperer/firmware/mcu/hal/chipwhisperer-fw-extra/stm32f4/stm32f4_hal_lowlevel.c **** }
 4467              		.loc 1 55 16 is_stmt 0 view .LVU1560
 4468              	.LBE433:
 4469              	.LBE435:
1796:/home/reo/Documents/Repository/chipwhisperer/firmware/mcu/hal/chipwhisperer-fw-extra/stm32f4/stm32f4_hal_lowlevel.c ****     {
 4470              		.loc 1 1796 5 is_stmt 1 view .LVU1561
1801:/home/reo/Documents/Repository/chipwhisperer/firmware/mcu/hal/chipwhisperer-fw-extra/stm32f4/stm32f4_hal_lowlevel.c ****         {
 4471              		.loc 1 1801 27 is_stmt 0 view .LVU1562
 4472 0076 C943     		mvns	r1, r1
 4473              	.LVL300:
1796:/home/reo/Documents/Repository/chipwhisperer/firmware/mcu/hal/chipwhisperer-fw-extra/stm32f4/stm32f4_hal_lowlevel.c ****     {
 4474              		.loc 1 1796 10 view .LVU1563
 4475 0078 4FF0000E 		mov	lr, #0
 4476              	.LVL301:
 4477              	.L413:
1796:/home/reo/Documents/Repository/chipwhisperer/firmware/mcu/hal/chipwhisperer-fw-extra/stm32f4/stm32f4_hal_lowlevel.c ****     {
 4478              		.loc 1 1796 10 view .LVU1564
 4479 007c B8F1FF3F 		cmp	r8, #-1
 4480 0080 21D1     		bne	.L416
 4481              	.LVL302:
 4482              	.L417:
1796:/home/reo/Documents/Repository/chipwhisperer/firmware/mcu/hal/chipwhisperer-fw-extra/stm32f4/stm32f4_hal_lowlevel.c ****     {
 4483              		.loc 1 1796 10 is_stmt 1 view .LVU1565
1796:/home/reo/Documents/Repository/chipwhisperer/firmware/mcu/hal/chipwhisperer-fw-extra/stm32f4/stm32f4_hal_lowlevel.c ****     {
 4484              		.loc 1 1796 11 is_stmt 0 view .LVU1566
 4485 0082 6868     		ldr	r0, [r5, #4]
1796:/home/reo/Documents/Repository/chipwhisperer/firmware/mcu/hal/chipwhisperer-fw-extra/stm32f4/stm32f4_hal_lowlevel.c ****     {
 4486              		.loc 1 1796 10 view .LVU1567
 4487 0084 C106     		lsls	r1, r0, #27
 4488 0086 FCD4     		bmi	.L417
 4489              	.L418:
 4490 0088 BEF1000F 		cmp	lr, #0
 4491 008c 00D0     		beq	.L420
 4492 008e 1A60     		str	r2, [r3]
 4493              	.LVL303:
 4494              	.L420:
1815:/home/reo/Documents/Repository/chipwhisperer/firmware/mcu/hal/chipwhisperer-fw-extra/stm32f4/stm32f4_hal_lowlevel.c ****     
 4495              		.loc 1 1815 5 is_stmt 1 view .LVU1568
 4496 0090 2A68     		ldr	r2, [r5]
1818:/home/reo/Documents/Repository/chipwhisperer/firmware/mcu/hal/chipwhisperer-fw-extra/stm32f4/stm32f4_hal_lowlevel.c ****     
 4497              		.loc 1 1818 14 is_stmt 0 view .LVU1569
 4498 0092 1E48     		ldr	r0, .L435+4
1815:/home/reo/Documents/Repository/chipwhisperer/firmware/mcu/hal/chipwhisperer-fw-extra/stm32f4/stm32f4_hal_lowlevel.c ****     
 4499              		.loc 1 1815 5 view .LVU1570
 4500 0094 22F40042 		bic	r2, r2, #32768
 4501 0098 2A60     		str	r2, [r5]
1818:/home/reo/Documents/Repository/chipwhisperer/firmware/mcu/hal/chipwhisperer-fw-extra/stm32f4/stm32f4_hal_lowlevel.c ****     
 4502              		.loc 1 1818 5 is_stmt 1 view .LVU1571
1818:/home/reo/Documents/Repository/chipwhisperer/firmware/mcu/hal/chipwhisperer-fw-extra/stm32f4/stm32f4_hal_lowlevel.c ****     
 4503              		.loc 1 1818 14 is_stmt 0 view .LVU1572
 4504 009a 0268     		ldr	r2, [r0]
 4505 009c 22F40022 		bic	r2, r2, #524288
 4506 00a0 22F03802 		bic	r2, r2, #56
 4507 00a4 0260     		str	r2, [r0]
 4508              	.LVL304:
1821:/home/reo/Documents/Repository/chipwhisperer/firmware/mcu/hal/chipwhisperer-fw-extra/stm32f4/stm32f4_hal_lowlevel.c ****     /* Flush FIFO */
 4509              		.loc 1 1821 5 is_stmt 1 view .LVU1573
 4510 00a6 2A68     		ldr	r2, [r5]
 4511 00a8 42F02402 		orr	r2, r2, #36
 4512 00ac 2A60     		str	r2, [r5]
1823:/home/reo/Documents/Repository/chipwhisperer/firmware/mcu/hal/chipwhisperer-fw-extra/stm32f4/stm32f4_hal_lowlevel.c ****     
 4513              		.loc 1 1823 5 view .LVU1574
 4514 00ae 2A68     		ldr	r2, [r5]
 4515 00b0 42F48042 		orr	r2, r2, #16384
 4516 00b4 2A60     		str	r2, [r5]
1826:/home/reo/Documents/Repository/chipwhisperer/firmware/mcu/hal/chipwhisperer-fw-extra/stm32f4/stm32f4_hal_lowlevel.c ****     
 4517              		.loc 1 1826 5 view .LVU1575
 4518 00b6 2A68     		ldr	r2, [r5]
1829:/home/reo/Documents/Repository/chipwhisperer/firmware/mcu/hal/chipwhisperer-fw-extra/stm32f4/stm32f4_hal_lowlevel.c ****   }
 4519              		.loc 1 1829 18 is_stmt 0 view .LVU1576
 4520 00b8 0221     		movs	r1, #2
1826:/home/reo/Documents/Repository/chipwhisperer/firmware/mcu/hal/chipwhisperer-fw-extra/stm32f4/stm32f4_hal_lowlevel.c ****     
 4521              		.loc 1 1826 5 view .LVU1577
 4522 00ba 42F40042 		orr	r2, r2, #32768
 4523 00be 2A60     		str	r2, [r5]
1829:/home/reo/Documents/Repository/chipwhisperer/firmware/mcu/hal/chipwhisperer-fw-extra/stm32f4/stm32f4_hal_lowlevel.c ****   }
 4524              		.loc 1 1829 5 is_stmt 1 view .LVU1578
1829:/home/reo/Documents/Repository/chipwhisperer/firmware/mcu/hal/chipwhisperer-fw-extra/stm32f4/stm32f4_hal_lowlevel.c ****   }
 4525              		.loc 1 1829 18 is_stmt 0 view .LVU1579
 4526 00c0 84F83110 		strb	r1, [r4, #49]
 4527 00c4 B4E7     		b	.L412
 4528              	.LVL305:
 4529              	.L416:
1799:/home/reo/Documents/Repository/chipwhisperer/firmware/mcu/hal/chipwhisperer-fw-extra/stm32f4/stm32f4_hal_lowlevel.c ****       {
 4530              		.loc 1 1799 7 is_stmt 1 view .LVU1580
1801:/home/reo/Documents/Repository/chipwhisperer/firmware/mcu/hal/chipwhisperer-fw-extra/stm32f4/stm32f4_hal_lowlevel.c ****         {
 4531              		.loc 1 1801 9 view .LVU1581
 4532              	.LBB436:
 4533              	.LBI436:
  52:/home/reo/Documents/Repository/chipwhisperer/firmware/mcu/hal/chipwhisperer-fw-extra/stm32f4/stm32f4_hal_lowlevel.c **** {
 4534              		.loc 1 52 10 view .LVU1582
 4535              	.LBB437:
  54:/home/reo/Documents/Repository/chipwhisperer/firmware/mcu/hal/chipwhisperer-fw-extra/stm32f4/stm32f4_hal_lowlevel.c **** 	return tick++;;
 4536              		.loc 1 54 2 view .LVU1583
  55:/home/reo/Documents/Repository/chipwhisperer/firmware/mcu/hal/chipwhisperer-fw-extra/stm32f4/stm32f4_hal_lowlevel.c **** }
 4537              		.loc 1 55 2 view .LVU1584
 4538              	.LBE437:
 4539              	.LBE436:
1796:/home/reo/Documents/Repository/chipwhisperer/firmware/mcu/hal/chipwhisperer-fw-extra/stm32f4/stm32f4_hal_lowlevel.c ****     {
 4540              		.loc 1 1796 10 view .LVU1585
1796:/home/reo/Documents/Repository/chipwhisperer/firmware/mcu/hal/chipwhisperer-fw-extra/stm32f4/stm32f4_hal_lowlevel.c ****     {
 4541              		.loc 1 1796 11 is_stmt 0 view .LVU1586
 4542 00c6 6868     		ldr	r0, [r5, #4]
1796:/home/reo/Documents/Repository/chipwhisperer/firmware/mcu/hal/chipwhisperer-fw-extra/stm32f4/stm32f4_hal_lowlevel.c ****     {
 4543              		.loc 1 1796 10 view .LVU1587
 4544 00c8 C006     		lsls	r0, r0, #27
 4545 00ca DDD5     		bpl	.L418
1801:/home/reo/Documents/Repository/chipwhisperer/firmware/mcu/hal/chipwhisperer-fw-extra/stm32f4/stm32f4_hal_lowlevel.c ****         {
 4546              		.loc 1 1801 11 view .LVU1588
 4547 00cc B8F1000F 		cmp	r8, #0
 4548 00d0 15D0     		beq	.L434
 4549              	.LBB439:
 4550              	.LBB438:
  55:/home/reo/Documents/Repository/chipwhisperer/firmware/mcu/hal/chipwhisperer-fw-extra/stm32f4/stm32f4_hal_lowlevel.c **** }
 4551              		.loc 1 55 13 view .LVU1589
 4552 00d2 0132     		adds	r2, r2, #1
  55:/home/reo/Documents/Repository/chipwhisperer/firmware/mcu/hal/chipwhisperer-fw-extra/stm32f4/stm32f4_hal_lowlevel.c **** }
 4553              		.loc 1 55 16 is_stmt 1 view .LVU1590
 4554              	.LBE438:
 4555              	.LBE439:
1801:/home/reo/Documents/Repository/chipwhisperer/firmware/mcu/hal/chipwhisperer-fw-extra/stm32f4/stm32f4_hal_lowlevel.c ****         {
 4556              		.loc 1 1801 27 is_stmt 0 view .LVU1591
 4557 00d4 8818     		adds	r0, r1, r2
 4558 00d6 8045     		cmp	r8, r0
 4559 00d8 4FF0010E 		mov	lr, #1
 4560 00dc CED2     		bcs	.L413
 4561              	.L432:
1801:/home/reo/Documents/Repository/chipwhisperer/firmware/mcu/hal/chipwhisperer-fw-extra/stm32f4/stm32f4_hal_lowlevel.c ****         {
 4562              		.loc 1 1801 27 view .LVU1592
 4563 00de 1A60     		str	r2, [r3]
 4564              	.L415:
1804:/home/reo/Documents/Repository/chipwhisperer/firmware/mcu/hal/chipwhisperer-fw-extra/stm32f4/stm32f4_hal_lowlevel.c ****           
 4565              		.loc 1 1804 11 is_stmt 1 view .LVU1593
1804:/home/reo/Documents/Repository/chipwhisperer/firmware/mcu/hal/chipwhisperer-fw-extra/stm32f4/stm32f4_hal_lowlevel.c ****           
 4566              		.loc 1 1804 24 is_stmt 0 view .LVU1594
 4567 00e0 0320     		movs	r0, #3
1807:/home/reo/Documents/Repository/chipwhisperer/firmware/mcu/hal/chipwhisperer-fw-extra/stm32f4/stm32f4_hal_lowlevel.c ****         
 4568              		.loc 1 1807 11 view .LVU1595
 4569 00e2 0023     		movs	r3, #0
1804:/home/reo/Documents/Repository/chipwhisperer/firmware/mcu/hal/chipwhisperer-fw-extra/stm32f4/stm32f4_hal_lowlevel.c ****           
 4570              		.loc 1 1804 24 view .LVU1596
 4571 00e4 84F83D00 		strb	r0, [r4, #61]
1807:/home/reo/Documents/Repository/chipwhisperer/firmware/mcu/hal/chipwhisperer-fw-extra/stm32f4/stm32f4_hal_lowlevel.c ****         
 4572              		.loc 1 1807 11 is_stmt 1 view .LVU1597
1807:/home/reo/Documents/Repository/chipwhisperer/firmware/mcu/hal/chipwhisperer-fw-extra/stm32f4/stm32f4_hal_lowlevel.c ****         
 4573              		.loc 1 1807 11 view .LVU1598
 4574 00e8 84F83C30 		strb	r3, [r4, #60]
1807:/home/reo/Documents/Repository/chipwhisperer/firmware/mcu/hal/chipwhisperer-fw-extra/stm32f4/stm32f4_hal_lowlevel.c ****         
 4575              		.loc 1 1807 11 view .LVU1599
1809:/home/reo/Documents/Repository/chipwhisperer/firmware/mcu/hal/chipwhisperer-fw-extra/stm32f4/stm32f4_hal_lowlevel.c ****         }
 4576              		.loc 1 1809 11 view .LVU1600
1809:/home/reo/Documents/Repository/chipwhisperer/firmware/mcu/hal/chipwhisperer-fw-extra/stm32f4/stm32f4_hal_lowlevel.c ****         }
 4577              		.loc 1 1809 18 is_stmt 0 view .LVU1601
 4578 00ec AFE7     		b	.L411
 4579              	.LVL306:
 4580              	.L422:
1835:/home/reo/Documents/Repository/chipwhisperer/firmware/mcu/hal/chipwhisperer-fw-extra/stm32f4/stm32f4_hal_lowlevel.c ****     }
 4581              		.loc 1 1835 14 view .LVU1602
 4582 00ee 0320     		movs	r0, #3
 4583              		.loc 1 1846 1 view .LVU1603
 4584 00f0 03B0     		add	sp, sp, #12
 4585              	.LCFI51:
 4586              		.cfi_remember_state
 4587              		.cfi_def_cfa_offset 28
 4588              		@ sp needed
 4589 00f2 BDE8F083 		pop	{r4, r5, r6, r7, r8, r9, pc}
 4590              	.LVL307:
 4591              	.L421:
 4592              	.LCFI52:
 4593              		.cfi_restore_state
1776:/home/reo/Documents/Repository/chipwhisperer/firmware/mcu/hal/chipwhisperer-fw-extra/stm32f4/stm32f4_hal_lowlevel.c ****   
 4594              		.loc 1 1776 3 view .LVU1604
 4595 00f6 0220     		movs	r0, #2
 4596              	.LVL308:
 4597              		.loc 1 1846 1 view .LVU1605
 4598 00f8 03B0     		add	sp, sp, #12
 4599              	.LCFI53:
 4600              		.cfi_remember_state
 4601              		.cfi_def_cfa_offset 28
 4602              		@ sp needed
 4603 00fa BDE8F083 		pop	{r4, r5, r6, r7, r8, r9, pc}
 4604              	.LVL309:
 4605              	.L434:
 4606              	.LCFI54:
 4607              		.cfi_restore_state
 4608              		.loc 1 1846 1 view .LVU1606
 4609 00fe BEF1000F 		cmp	lr, #0
 4610 0102 ECD1     		bne	.L432
 4611 0104 ECE7     		b	.L415
 4612              	.L436:
 4613 0106 00BF     		.align	2
 4614              	.L435:
 4615 0108 00000000 		.word	.LANCHOR0
 4616 010c 00000650 		.word	1342570496
 4617              		.cfi_endproc
 4618              	.LFE144:
 4620              		.bss
 4621              		.align	2
 4622              		.set	.LANCHOR0,. + 0
 4625              	tick.0:
 4626 0000 00000000 		.space	4
 4627              		.text
 4628              	.Letext0:
 4629              		.file 3 "/usr/lib/gcc/arm-none-eabi/10.3.1/include/stdint.h"
 4630              		.file 4 "/home/reo/Documents/Repository/chipwhisperer/firmware/mcu/hal/chipwhisperer-fw-extra/stm3
 4631              		.file 5 "/home/reo/Documents/Repository/chipwhisperer/firmware/mcu/hal/chipwhisperer-fw-extra/stm3
 4632              		.file 6 "/home/reo/Documents/Repository/chipwhisperer/firmware/mcu/hal/chipwhisperer-fw-extra/stm3
 4633              		.file 7 "/home/reo/Documents/Repository/chipwhisperer/firmware/mcu/hal/chipwhisperer-fw-extra/stm3
 4634              		.file 8 "/home/reo/Documents/Repository/chipwhisperer/firmware/mcu/hal/chipwhisperer-fw-extra/stm3
 4635              		.file 9 "/home/reo/Documents/Repository/chipwhisperer/firmware/mcu/hal/chipwhisperer-fw-extra/stm3
 4636              		.file 10 "/home/reo/Documents/Repository/chipwhisperer/firmware/mcu/hal/chipwhisperer-fw-extra/stm
 4637              		.file 11 "/home/reo/Documents/Repository/chipwhisperer/firmware/mcu/hal/chipwhisperer-fw-extra/stm
 4638              		.file 12 "/home/reo/Documents/Repository/chipwhisperer/firmware/mcu/hal/chipwhisperer-fw-extra/stm
DEFINED SYMBOLS
                            *ABS*:0000000000000000 stm32f4_hal_lowlevel.c
     /tmp/ccJIJbXZ.s:16     .text.CRYP_ProcessData:0000000000000000 $t
     /tmp/ccJIJbXZ.s:24     .text.CRYP_ProcessData:0000000000000000 CRYP_ProcessData
     /tmp/ccJIJbXZ.s:237    .text.CRYP_ProcessData:00000000000000ac $d
     /tmp/ccJIJbXZ.s:242    .text.CRYP_SetKey:0000000000000000 $t
     /tmp/ccJIJbXZ.s:249    .text.CRYP_SetKey:0000000000000000 CRYP_SetKey
     /tmp/ccJIJbXZ.s:613    .text.HAL_GetTick:0000000000000000 $t
     /tmp/ccJIJbXZ.s:621    .text.HAL_GetTick:0000000000000000 HAL_GetTick
     /tmp/ccJIJbXZ.s:641    .text.HAL_GetTick:000000000000000c $d
     /tmp/ccJIJbXZ.s:646    .text.RCC_AHB2PeriphClockCmd:0000000000000000 $t
     /tmp/ccJIJbXZ.s:654    .text.RCC_AHB2PeriphClockCmd:0000000000000000 RCC_AHB2PeriphClockCmd
     /tmp/ccJIJbXZ.s:690    .text.RCC_AHB2PeriphClockCmd:0000000000000014 $d
     /tmp/ccJIJbXZ.s:695    .text.HAL_RCC_OscConfig:0000000000000000 $t
     /tmp/ccJIJbXZ.s:703    .text.HAL_RCC_OscConfig:0000000000000000 HAL_RCC_OscConfig
     /tmp/ccJIJbXZ.s:1576   .text.HAL_RCC_OscConfig:000000000000025c $d
     /tmp/ccJIJbXZ.s:1586   .text.HAL_RCC_OscConfig:0000000000000270 $t
     /tmp/ccJIJbXZ.s:2137   .text.HAL_RCC_OscConfig:0000000000000420 $d
     /tmp/ccJIJbXZ.s:2145   .text.HAL_RCC_ClockConfig:0000000000000000 $t
     /tmp/ccJIJbXZ.s:2153   .text.HAL_RCC_ClockConfig:0000000000000000 HAL_RCC_ClockConfig
     /tmp/ccJIJbXZ.s:2613   .text.HAL_RCC_ClockConfig:0000000000000190 $d
     /tmp/ccJIJbXZ.s:2620   .text.HAL_RCC_GetPCLK1Freq:0000000000000000 $t
     /tmp/ccJIJbXZ.s:2628   .text.HAL_RCC_GetPCLK1Freq:0000000000000000 HAL_RCC_GetPCLK1Freq
     /tmp/ccJIJbXZ.s:2642   .text.HAL_RCC_GetPCLK1Freq:0000000000000004 $d
     /tmp/ccJIJbXZ.s:2647   .text.HAL_RCC_GetPCLK2Freq:0000000000000000 $t
     /tmp/ccJIJbXZ.s:2655   .text.HAL_RCC_GetPCLK2Freq:0000000000000000 HAL_RCC_GetPCLK2Freq
     /tmp/ccJIJbXZ.s:2666   .text.HAL_RCC_GetPCLK2Freq:0000000000000004 $d
     /tmp/ccJIJbXZ.s:2671   .text.HAL_GPIO_Init:0000000000000000 $t
     /tmp/ccJIJbXZ.s:2679   .text.HAL_GPIO_Init:0000000000000000 HAL_GPIO_Init
     /tmp/ccJIJbXZ.s:3163   .text.HAL_GPIO_Init:0000000000000240 $d
     /tmp/ccJIJbXZ.s:3176   .text.HAL_GPIO_WritePin:0000000000000000 $t
     /tmp/ccJIJbXZ.s:3184   .text.HAL_GPIO_WritePin:0000000000000000 HAL_GPIO_WritePin
     /tmp/ccJIJbXZ.s:3210   .text.HAL_UART_Init:0000000000000000 $t
     /tmp/ccJIJbXZ.s:3218   .text.HAL_UART_Init:0000000000000000 HAL_UART_Init
     /tmp/ccJIJbXZ.s:3487   .text.HAL_UART_Init:00000000000000f4 $d
     /tmp/ccJIJbXZ.s:3493   .text.HAL_UART_Transmit:0000000000000000 $t
     /tmp/ccJIJbXZ.s:3501   .text.HAL_UART_Transmit:0000000000000000 HAL_UART_Transmit
     /tmp/ccJIJbXZ.s:3727   .text.HAL_UART_Receive:0000000000000000 $t
     /tmp/ccJIJbXZ.s:3735   .text.HAL_UART_Receive:0000000000000000 HAL_UART_Receive
     /tmp/ccJIJbXZ.s:4013   .text.HAL_CRYP_Init:0000000000000000 $t
     /tmp/ccJIJbXZ.s:4021   .text.HAL_CRYP_Init:0000000000000000 HAL_CRYP_Init
     /tmp/ccJIJbXZ.s:4098   .text.HAL_CRYP_Init:0000000000000040 $d
     /tmp/ccJIJbXZ.s:4103   .text.HAL_CRYP_DeInit:0000000000000000 $t
     /tmp/ccJIJbXZ.s:4111   .text.HAL_CRYP_DeInit:0000000000000000 HAL_CRYP_DeInit
     /tmp/ccJIJbXZ.s:4180   .text.HAL_CRYP_AESECB_Encrypt:0000000000000000 $t
     /tmp/ccJIJbXZ.s:4188   .text.HAL_CRYP_AESECB_Encrypt:0000000000000000 HAL_CRYP_AESECB_Encrypt
     /tmp/ccJIJbXZ.s:4328   .text.HAL_CRYP_AESECB_Decrypt:0000000000000000 $t
     /tmp/ccJIJbXZ.s:4336   .text.HAL_CRYP_AESECB_Decrypt:0000000000000000 HAL_CRYP_AESECB_Decrypt
     /tmp/ccJIJbXZ.s:4615   .text.HAL_CRYP_AESECB_Decrypt:0000000000000108 $d
     /tmp/ccJIJbXZ.s:4621   .bss:0000000000000000 $d
     /tmp/ccJIJbXZ.s:4625   .bss:0000000000000000 tick.0

NO UNDEFINED SYMBOLS
