   1              		.cpu cortex-m4
   2              		.eabi_attribute 20, 1
   3              		.eabi_attribute 21, 1
   4              		.eabi_attribute 23, 3
   5              		.eabi_attribute 24, 1
   6              		.eabi_attribute 25, 1
   7              		.eabi_attribute 26, 1
   8              		.eabi_attribute 30, 2
   9              		.eabi_attribute 34, 1
  10              		.eabi_attribute 18, 4
  11              		.file	"stm32f4_hal.c"
  12              		.text
  13              	.Ltext0:
  14              		.cfi_sections	.debug_frame
  15              		.section	.text.platform_init,"ax",%progbits
  16              		.align	1
  17              		.p2align 2,,3
  18              		.global	platform_init
  19              		.arch armv7e-m
  20              		.syntax unified
  21              		.thumb
  22              		.thumb_func
  23              		.fpu softvfp
  25              	platform_init:
  26              	.LFB126:
  27              		.file 1 "/home/reo/Documents/Repository/chipwhisperer/firmware/mcu/hal/chipwhisperer-fw-extra/stm3
   1:/home/reo/Documents/Repository/chipwhisperer/firmware/mcu/hal/chipwhisperer-fw-extra/stm32f4/stm32f4_hal.c **** 
   2:/home/reo/Documents/Repository/chipwhisperer/firmware/mcu/hal/chipwhisperer-fw-extra/stm32f4/stm32f4_hal.c **** #include "stm32f4_hal.h"
   3:/home/reo/Documents/Repository/chipwhisperer/firmware/mcu/hal/chipwhisperer-fw-extra/stm32f4/stm32f4_hal.c **** #include "stm32f4_hal_lowlevel.h"
   4:/home/reo/Documents/Repository/chipwhisperer/firmware/mcu/hal/chipwhisperer-fw-extra/stm32f4/stm32f4_hal.c **** #include "stm32f4xx_hal_rcc.h"
   5:/home/reo/Documents/Repository/chipwhisperer/firmware/mcu/hal/chipwhisperer-fw-extra/stm32f4/stm32f4_hal.c **** #include "stm32f4xx_hal_gpio.h"
   6:/home/reo/Documents/Repository/chipwhisperer/firmware/mcu/hal/chipwhisperer-fw-extra/stm32f4/stm32f4_hal.c **** #include "stm32f4xx_hal_dma.h"
   7:/home/reo/Documents/Repository/chipwhisperer/firmware/mcu/hal/chipwhisperer-fw-extra/stm32f4/stm32f4_hal.c **** #include "stm32f4xx_hal_uart.h"
   8:/home/reo/Documents/Repository/chipwhisperer/firmware/mcu/hal/chipwhisperer-fw-extra/stm32f4/stm32f4_hal.c **** #include "stm32f4xx_hal_cryp.h"
   9:/home/reo/Documents/Repository/chipwhisperer/firmware/mcu/hal/chipwhisperer-fw-extra/stm32f4/stm32f4_hal.c **** #include "stm32f4xx_hal_rng.h"
  10:/home/reo/Documents/Repository/chipwhisperer/firmware/mcu/hal/chipwhisperer-fw-extra/stm32f4/stm32f4_hal.c **** 
  11:/home/reo/Documents/Repository/chipwhisperer/firmware/mcu/hal/chipwhisperer-fw-extra/stm32f4/stm32f4_hal.c **** RNG_HandleTypeDef RngHandle;
  12:/home/reo/Documents/Repository/chipwhisperer/firmware/mcu/hal/chipwhisperer-fw-extra/stm32f4/stm32f4_hal.c **** UART_HandleTypeDef UartHandle;
  13:/home/reo/Documents/Repository/chipwhisperer/firmware/mcu/hal/chipwhisperer-fw-extra/stm32f4/stm32f4_hal.c **** 
  14:/home/reo/Documents/Repository/chipwhisperer/firmware/mcu/hal/chipwhisperer-fw-extra/stm32f4/stm32f4_hal.c **** uint8_t hw_key[16];
  15:/home/reo/Documents/Repository/chipwhisperer/firmware/mcu/hal/chipwhisperer-fw-extra/stm32f4/stm32f4_hal.c **** static CRYP_HandleTypeDef cryp;
  16:/home/reo/Documents/Repository/chipwhisperer/firmware/mcu/hal/chipwhisperer-fw-extra/stm32f4/stm32f4_hal.c **** 
  17:/home/reo/Documents/Repository/chipwhisperer/firmware/mcu/hal/chipwhisperer-fw-extra/stm32f4/stm32f4_hal.c **** void platform_init(void)
  18:/home/reo/Documents/Repository/chipwhisperer/firmware/mcu/hal/chipwhisperer-fw-extra/stm32f4/stm32f4_hal.c **** {
  28              		.loc 1 18 1 view -0
  29              		.cfi_startproc
  30              		@ args = 0, pretend = 0, frame = 80
  31              		@ frame_needed = 0, uses_anonymous_args = 0
  19:/home/reo/Documents/Repository/chipwhisperer/firmware/mcu/hal/chipwhisperer-fw-extra/stm32f4/stm32f4_hal.c **** 	//HAL_Init();
  20:/home/reo/Documents/Repository/chipwhisperer/firmware/mcu/hal/chipwhisperer-fw-extra/stm32f4/stm32f4_hal.c **** 
  21:/home/reo/Documents/Repository/chipwhisperer/firmware/mcu/hal/chipwhisperer-fw-extra/stm32f4/stm32f4_hal.c **** #ifdef STM32F4FPU
  22:/home/reo/Documents/Repository/chipwhisperer/firmware/mcu/hal/chipwhisperer-fw-extra/stm32f4/stm32f4_hal.c ****      /* set CP10 and CP11 Full Access */
  23:/home/reo/Documents/Repository/chipwhisperer/firmware/mcu/hal/chipwhisperer-fw-extra/stm32f4/stm32f4_hal.c ****      SCB->CPACR |= ((3UL << 10*2)|(3UL << 11*2)); // SCB->CPACR |= 0x00f00000;
  24:/home/reo/Documents/Repository/chipwhisperer/firmware/mcu/hal/chipwhisperer-fw-extra/stm32f4/stm32f4_hal.c **** #endif
  25:/home/reo/Documents/Repository/chipwhisperer/firmware/mcu/hal/chipwhisperer-fw-extra/stm32f4/stm32f4_hal.c **** 
  26:/home/reo/Documents/Repository/chipwhisperer/firmware/mcu/hal/chipwhisperer-fw-extra/stm32f4/stm32f4_hal.c **** #ifdef USE_INTERNAL_CLK
  27:/home/reo/Documents/Repository/chipwhisperer/firmware/mcu/hal/chipwhisperer-fw-extra/stm32f4/stm32f4_hal.c ****      RCC_OscInitTypeDef RCC_OscInitStruct;
  28:/home/reo/Documents/Repository/chipwhisperer/firmware/mcu/hal/chipwhisperer-fw-extra/stm32f4/stm32f4_hal.c ****      RCC_OscInitStruct.OscillatorType = RCC_OSCILLATORTYPE_HSI;
  29:/home/reo/Documents/Repository/chipwhisperer/firmware/mcu/hal/chipwhisperer-fw-extra/stm32f4/stm32f4_hal.c ****      RCC_OscInitStruct.HSEState       = RCC_HSE_OFF;
  30:/home/reo/Documents/Repository/chipwhisperer/firmware/mcu/hal/chipwhisperer-fw-extra/stm32f4/stm32f4_hal.c ****      RCC_OscInitStruct.HSIState       = RCC_HSI_ON;
  31:/home/reo/Documents/Repository/chipwhisperer/firmware/mcu/hal/chipwhisperer-fw-extra/stm32f4/stm32f4_hal.c **** 	 RCC_OscInitStruct.PLL.PLLState   = RCC_PLL_ON;  // we need PLL to use RNG
  32:/home/reo/Documents/Repository/chipwhisperer/firmware/mcu/hal/chipwhisperer-fw-extra/stm32f4/stm32f4_hal.c **** 	 RCC_OscInitStruct.PLL.PLLSource  = RCC_PLLSOURCE_HSI;
  33:/home/reo/Documents/Repository/chipwhisperer/firmware/mcu/hal/chipwhisperer-fw-extra/stm32f4/stm32f4_hal.c **** 	 RCC_OscInitStruct.PLL.PLLM       = 16;  // Internal clock is 16MHz.
  34:/home/reo/Documents/Repository/chipwhisperer/firmware/mcu/hal/chipwhisperer-fw-extra/stm32f4/stm32f4_hal.c **** 	 RCC_OscInitStruct.PLL.PLLN       = 336;
  35:/home/reo/Documents/Repository/chipwhisperer/firmware/mcu/hal/chipwhisperer-fw-extra/stm32f4/stm32f4_hal.c **** 	 RCC_OscInitStruct.PLL.PLLP       = 2;
  36:/home/reo/Documents/Repository/chipwhisperer/firmware/mcu/hal/chipwhisperer-fw-extra/stm32f4/stm32f4_hal.c **** 	 RCC_OscInitStruct.PLL.PLLQ       = 7;  // divisor for RNG, USB and SDIO
  37:/home/reo/Documents/Repository/chipwhisperer/firmware/mcu/hal/chipwhisperer-fw-extra/stm32f4/stm32f4_hal.c ****      HAL_RCC_OscConfig(&RCC_OscInitStruct);
  38:/home/reo/Documents/Repository/chipwhisperer/firmware/mcu/hal/chipwhisperer-fw-extra/stm32f4/stm32f4_hal.c **** 
  39:/home/reo/Documents/Repository/chipwhisperer/firmware/mcu/hal/chipwhisperer-fw-extra/stm32f4/stm32f4_hal.c ****      RCC_ClkInitTypeDef RCC_ClkInitStruct;
  40:/home/reo/Documents/Repository/chipwhisperer/firmware/mcu/hal/chipwhisperer-fw-extra/stm32f4/stm32f4_hal.c ****      RCC_ClkInitStruct.ClockType      = (RCC_CLOCKTYPE_SYSCLK | RCC_CLOCKTYPE_HCLK | RCC_CLOCKTYPE_
  41:/home/reo/Documents/Repository/chipwhisperer/firmware/mcu/hal/chipwhisperer-fw-extra/stm32f4/stm32f4_hal.c ****      RCC_ClkInitStruct.SYSCLKSource   = RCC_SYSCLKSOURCE_HSI;
  42:/home/reo/Documents/Repository/chipwhisperer/firmware/mcu/hal/chipwhisperer-fw-extra/stm32f4/stm32f4_hal.c ****      RCC_ClkInitStruct.AHBCLKDivider  = RCC_SYSCLK_DIV1;
  43:/home/reo/Documents/Repository/chipwhisperer/firmware/mcu/hal/chipwhisperer-fw-extra/stm32f4/stm32f4_hal.c ****      RCC_ClkInitStruct.APB1CLKDivider = RCC_HCLK_DIV1;
  44:/home/reo/Documents/Repository/chipwhisperer/firmware/mcu/hal/chipwhisperer-fw-extra/stm32f4/stm32f4_hal.c ****      RCC_ClkInitStruct.APB2CLKDivider = RCC_HCLK_DIV1;
  45:/home/reo/Documents/Repository/chipwhisperer/firmware/mcu/hal/chipwhisperer-fw-extra/stm32f4/stm32f4_hal.c ****      uint32_t flash_latency = 0;
  46:/home/reo/Documents/Repository/chipwhisperer/firmware/mcu/hal/chipwhisperer-fw-extra/stm32f4/stm32f4_hal.c ****      HAL_RCC_ClockConfig(&RCC_ClkInitStruct, flash_latency);
  47:/home/reo/Documents/Repository/chipwhisperer/firmware/mcu/hal/chipwhisperer-fw-extra/stm32f4/stm32f4_hal.c **** #elif USE_PLL
  48:/home/reo/Documents/Repository/chipwhisperer/firmware/mcu/hal/chipwhisperer-fw-extra/stm32f4/stm32f4_hal.c **** 	RCC_OscInitTypeDef RCC_OscInitStruct;
  49:/home/reo/Documents/Repository/chipwhisperer/firmware/mcu/hal/chipwhisperer-fw-extra/stm32f4/stm32f4_hal.c **** 	RCC_OscInitStruct.OscillatorType = RCC_OSCILLATORTYPE_HSE | RCC_OSCILLATORTYPE_HSI;
  50:/home/reo/Documents/Repository/chipwhisperer/firmware/mcu/hal/chipwhisperer-fw-extra/stm32f4/stm32f4_hal.c **** 	RCC_OscInitStruct.HSEState       = RCC_HSE_BYPASS;
  51:/home/reo/Documents/Repository/chipwhisperer/firmware/mcu/hal/chipwhisperer-fw-extra/stm32f4/stm32f4_hal.c **** 	RCC_OscInitStruct.HSIState       = RCC_HSI_ON;  // HSI is needed for the RNG
  52:/home/reo/Documents/Repository/chipwhisperer/firmware/mcu/hal/chipwhisperer-fw-extra/stm32f4/stm32f4_hal.c **** 	RCC_OscInitStruct.PLL.PLLState   = RCC_PLL_ON;  // we need PLL to use RNG
  53:/home/reo/Documents/Repository/chipwhisperer/firmware/mcu/hal/chipwhisperer-fw-extra/stm32f4/stm32f4_hal.c **** 	RCC_OscInitStruct.PLL.PLLSource  = RCC_PLLSOURCE_HSE;
  54:/home/reo/Documents/Repository/chipwhisperer/firmware/mcu/hal/chipwhisperer-fw-extra/stm32f4/stm32f4_hal.c **** 	RCC_OscInitStruct.PLL.PLLM       = 12;  // Internal clock is 16MHz
  55:/home/reo/Documents/Repository/chipwhisperer/firmware/mcu/hal/chipwhisperer-fw-extra/stm32f4/stm32f4_hal.c **** 	RCC_OscInitStruct.PLL.PLLN       = 196;
  56:/home/reo/Documents/Repository/chipwhisperer/firmware/mcu/hal/chipwhisperer-fw-extra/stm32f4/stm32f4_hal.c **** 	RCC_OscInitStruct.PLL.PLLP       = RCC_PLLP_DIV4;
  57:/home/reo/Documents/Repository/chipwhisperer/firmware/mcu/hal/chipwhisperer-fw-extra/stm32f4/stm32f4_hal.c **** 	RCC_OscInitStruct.PLL.PLLQ       = 7;  // divisor for RNG, USB and SDIO
  58:/home/reo/Documents/Repository/chipwhisperer/firmware/mcu/hal/chipwhisperer-fw-extra/stm32f4/stm32f4_hal.c **** 	if (HAL_RCC_OscConfig(&RCC_OscInitStruct) != HAL_OK) {
  59:/home/reo/Documents/Repository/chipwhisperer/firmware/mcu/hal/chipwhisperer-fw-extra/stm32f4/stm32f4_hal.c ****         for(;;);
  60:/home/reo/Documents/Repository/chipwhisperer/firmware/mcu/hal/chipwhisperer-fw-extra/stm32f4/stm32f4_hal.c ****     }
  61:/home/reo/Documents/Repository/chipwhisperer/firmware/mcu/hal/chipwhisperer-fw-extra/stm32f4/stm32f4_hal.c **** 
  62:/home/reo/Documents/Repository/chipwhisperer/firmware/mcu/hal/chipwhisperer-fw-extra/stm32f4/stm32f4_hal.c **** 	RCC_ClkInitTypeDef RCC_ClkInitStruct;
  63:/home/reo/Documents/Repository/chipwhisperer/firmware/mcu/hal/chipwhisperer-fw-extra/stm32f4/stm32f4_hal.c **** 	RCC_ClkInitStruct.ClockType      = (RCC_CLOCKTYPE_SYSCLK | RCC_CLOCKTYPE_HCLK | RCC_CLOCKTYPE_PCLK
  64:/home/reo/Documents/Repository/chipwhisperer/firmware/mcu/hal/chipwhisperer-fw-extra/stm32f4/stm32f4_hal.c **** 	RCC_ClkInitStruct.SYSCLKSource   = RCC_SYSCLKSOURCE_PLLCLK;
  65:/home/reo/Documents/Repository/chipwhisperer/firmware/mcu/hal/chipwhisperer-fw-extra/stm32f4/stm32f4_hal.c **** 	RCC_ClkInitStruct.AHBCLKDivider  = RCC_SYSCLK_DIV1;
  66:/home/reo/Documents/Repository/chipwhisperer/firmware/mcu/hal/chipwhisperer-fw-extra/stm32f4/stm32f4_hal.c **** 	RCC_ClkInitStruct.APB1CLKDivider = RCC_HCLK_DIV2;
  67:/home/reo/Documents/Repository/chipwhisperer/firmware/mcu/hal/chipwhisperer-fw-extra/stm32f4/stm32f4_hal.c **** 	RCC_ClkInitStruct.APB2CLKDivider = RCC_HCLK_DIV2;
  68:/home/reo/Documents/Repository/chipwhisperer/firmware/mcu/hal/chipwhisperer-fw-extra/stm32f4/stm32f4_hal.c **** 	HAL_RCC_ClockConfig(&RCC_ClkInitStruct, FLASH_ACR_LATENCY_5WS);
  69:/home/reo/Documents/Repository/chipwhisperer/firmware/mcu/hal/chipwhisperer-fw-extra/stm32f4/stm32f4_hal.c ****     FLASH->ACR |= 0b111 << 8; //enable ART acceleration
  70:/home/reo/Documents/Repository/chipwhisperer/firmware/mcu/hal/chipwhisperer-fw-extra/stm32f4/stm32f4_hal.c **** 
  71:/home/reo/Documents/Repository/chipwhisperer/firmware/mcu/hal/chipwhisperer-fw-extra/stm32f4/stm32f4_hal.c **** #else
  72:/home/reo/Documents/Repository/chipwhisperer/firmware/mcu/hal/chipwhisperer-fw-extra/stm32f4/stm32f4_hal.c **** 	RCC_OscInitTypeDef RCC_OscInitStruct;
  32              		.loc 1 72 2 view .LVU1
  73:/home/reo/Documents/Repository/chipwhisperer/firmware/mcu/hal/chipwhisperer-fw-extra/stm32f4/stm32f4_hal.c **** 	RCC_OscInitStruct.OscillatorType = RCC_OSCILLATORTYPE_HSE | RCC_OSCILLATORTYPE_HSI;
  33              		.loc 1 73 2 view .LVU2
  74:/home/reo/Documents/Repository/chipwhisperer/firmware/mcu/hal/chipwhisperer-fw-extra/stm32f4/stm32f4_hal.c **** 	RCC_OscInitStruct.HSEState       = RCC_HSE_BYPASS;
  34              		.loc 1 74 2 view .LVU3
  18:/home/reo/Documents/Repository/chipwhisperer/firmware/mcu/hal/chipwhisperer-fw-extra/stm32f4/stm32f4_hal.c **** 	//HAL_Init();
  35              		.loc 1 18 1 is_stmt 0 view .LVU4
  36 0000 30B5     		push	{r4, r5, lr}
  37              	.LCFI0:
  38              		.cfi_def_cfa_offset 12
  39              		.cfi_offset 4, -12
  40              		.cfi_offset 5, -8
  41              		.cfi_offset 14, -4
  42 0002 95B0     		sub	sp, sp, #84
  43              	.LCFI1:
  44              		.cfi_def_cfa_offset 96
  73:/home/reo/Documents/Repository/chipwhisperer/firmware/mcu/hal/chipwhisperer-fw-extra/stm32f4/stm32f4_hal.c **** 	RCC_OscInitStruct.OscillatorType = RCC_OSCILLATORTYPE_HSE | RCC_OSCILLATORTYPE_HSI;
  45              		.loc 1 73 35 view .LVU5
  46 0004 0324     		movs	r4, #3
  75:/home/reo/Documents/Repository/chipwhisperer/firmware/mcu/hal/chipwhisperer-fw-extra/stm32f4/stm32f4_hal.c **** 	RCC_OscInitStruct.HSIState       = RCC_HSI_ON;  // HSI is needed for the RNG
  47              		.loc 1 75 35 view .LVU6
  48 0006 0122     		movs	r2, #1
  76:/home/reo/Documents/Repository/chipwhisperer/firmware/mcu/hal/chipwhisperer-fw-extra/stm32f4/stm32f4_hal.c **** 	RCC_OscInitStruct.PLL.PLLState   = RCC_PLL_ON;  // we need PLL to use RNG
  49              		.loc 1 76 35 view .LVU7
  50 0008 0220     		movs	r0, #2
  77:/home/reo/Documents/Repository/chipwhisperer/firmware/mcu/hal/chipwhisperer-fw-extra/stm32f4/stm32f4_hal.c **** 	RCC_OscInitStruct.PLL.PLLSource  = RCC_PLLSOURCE_HSE;
  51              		.loc 1 77 35 view .LVU8
  52 000a 4FF48003 		mov	r3, #4194304
  73:/home/reo/Documents/Repository/chipwhisperer/firmware/mcu/hal/chipwhisperer-fw-extra/stm32f4/stm32f4_hal.c **** 	RCC_OscInitStruct.HSEState       = RCC_HSE_BYPASS;
  53              		.loc 1 73 35 view .LVU9
  54 000e 4FF4A025 		mov	r5, #327680
  55              		.loc 1 77 35 view .LVU10
  56 0012 CDE90E03 		strd	r0, r3, [sp, #56]
  73:/home/reo/Documents/Repository/chipwhisperer/firmware/mcu/hal/chipwhisperer-fw-extra/stm32f4/stm32f4_hal.c **** 	RCC_OscInitStruct.HSEState       = RCC_HSE_BYPASS;
  57              		.loc 1 73 35 view .LVU11
  58 0016 CDE90845 		strd	r4, [sp, #32]
  75:/home/reo/Documents/Repository/chipwhisperer/firmware/mcu/hal/chipwhisperer-fw-extra/stm32f4/stm32f4_hal.c **** 	RCC_OscInitStruct.PLL.PLLState   = RCC_PLL_ON;  // we need PLL to use RNG
  59              		.loc 1 75 2 is_stmt 1 view .LVU12
  75:/home/reo/Documents/Repository/chipwhisperer/firmware/mcu/hal/chipwhisperer-fw-extra/stm32f4/stm32f4_hal.c **** 	RCC_OscInitStruct.PLL.PLLState   = RCC_PLL_ON;  // we need PLL to use RNG
  60              		.loc 1 75 35 is_stmt 0 view .LVU13
  61 001a 0B92     		str	r2, [sp, #44]
  76:/home/reo/Documents/Repository/chipwhisperer/firmware/mcu/hal/chipwhisperer-fw-extra/stm32f4/stm32f4_hal.c **** 	RCC_OscInitStruct.PLL.PLLSource  = RCC_PLLSOURCE_HSE;
  62              		.loc 1 76 2 is_stmt 1 view .LVU14
  78:/home/reo/Documents/Repository/chipwhisperer/firmware/mcu/hal/chipwhisperer-fw-extra/stm32f4/stm32f4_hal.c **** 	RCC_OscInitStruct.PLL.PLLM       = 12;  // Internal clock is 16MHz
  63              		.loc 1 78 2 view .LVU15
  64              		.loc 1 78 35 is_stmt 0 view .LVU16
  65 001c 0C24     		movs	r4, #12
  79:/home/reo/Documents/Repository/chipwhisperer/firmware/mcu/hal/chipwhisperer-fw-extra/stm32f4/stm32f4_hal.c **** 	RCC_OscInitStruct.PLL.PLLN       = 196;
  66              		.loc 1 79 35 view .LVU17
  67 001e C421     		movs	r1, #196
  80:/home/reo/Documents/Repository/chipwhisperer/firmware/mcu/hal/chipwhisperer-fw-extra/stm32f4/stm32f4_hal.c **** 	RCC_OscInitStruct.PLL.PLLP       = RCC_PLLP_DIV4;
  68              		.loc 1 80 35 view .LVU18
  69 0020 0422     		movs	r2, #4
  81:/home/reo/Documents/Repository/chipwhisperer/firmware/mcu/hal/chipwhisperer-fw-extra/stm32f4/stm32f4_hal.c **** 	RCC_OscInitStruct.PLL.PLLQ       = 7;  // divisor for RNG, USB and SDIO
  70              		.loc 1 81 35 view .LVU19
  71 0022 0723     		movs	r3, #7
  82:/home/reo/Documents/Repository/chipwhisperer/firmware/mcu/hal/chipwhisperer-fw-extra/stm32f4/stm32f4_hal.c **** 	if (HAL_RCC_OscConfig(&RCC_OscInitStruct) != HAL_OK) {
  72              		.loc 1 82 6 view .LVU20
  73 0024 08A8     		add	r0, sp, #32
  79:/home/reo/Documents/Repository/chipwhisperer/firmware/mcu/hal/chipwhisperer-fw-extra/stm32f4/stm32f4_hal.c **** 	RCC_OscInitStruct.PLL.PLLP       = RCC_PLLP_DIV4;
  74              		.loc 1 79 35 view .LVU21
  75 0026 CDE91041 		strd	r4, r1, [sp, #64]
  80:/home/reo/Documents/Repository/chipwhisperer/firmware/mcu/hal/chipwhisperer-fw-extra/stm32f4/stm32f4_hal.c **** 	RCC_OscInitStruct.PLL.PLLQ       = 7;  // divisor for RNG, USB and SDIO
  76              		.loc 1 80 2 is_stmt 1 view .LVU22
  81:/home/reo/Documents/Repository/chipwhisperer/firmware/mcu/hal/chipwhisperer-fw-extra/stm32f4/stm32f4_hal.c **** 	if (HAL_RCC_OscConfig(&RCC_OscInitStruct) != HAL_OK) {
  77              		.loc 1 81 35 is_stmt 0 view .LVU23
  78 002a CDE91223 		strd	r2, r3, [sp, #72]
  79              		.loc 1 82 2 is_stmt 1 view .LVU24
  80              		.loc 1 82 6 is_stmt 0 view .LVU25
  81 002e FFF7FEFF 		bl	HAL_RCC_OscConfig
  82              	.LVL0:
  83              		.loc 1 82 5 view .LVU26
  84 0032 00B1     		cbz	r0, .L2
  85              	.L3:
  83:/home/reo/Documents/Repository/chipwhisperer/firmware/mcu/hal/chipwhisperer-fw-extra/stm32f4/stm32f4_hal.c ****         for(;;);
  86              		.loc 1 83 9 is_stmt 1 discriminator 1 view .LVU27
  87              		.loc 1 83 16 discriminator 1 view .LVU28
  88              		.loc 1 83 14 discriminator 1 view .LVU29
  89              		.loc 1 83 9 discriminator 1 view .LVU30
  90              		.loc 1 83 16 discriminator 1 view .LVU31
  91              		.loc 1 83 14 discriminator 1 view .LVU32
  92 0034 FEE7     		b	.L3
  93              	.L2:
  84:/home/reo/Documents/Repository/chipwhisperer/firmware/mcu/hal/chipwhisperer-fw-extra/stm32f4/stm32f4_hal.c ****     }
  85:/home/reo/Documents/Repository/chipwhisperer/firmware/mcu/hal/chipwhisperer-fw-extra/stm32f4/stm32f4_hal.c **** 
  86:/home/reo/Documents/Repository/chipwhisperer/firmware/mcu/hal/chipwhisperer-fw-extra/stm32f4/stm32f4_hal.c **** 	RCC_ClkInitTypeDef RCC_ClkInitStruct;
  94              		.loc 1 86 2 view .LVU33
  87:/home/reo/Documents/Repository/chipwhisperer/firmware/mcu/hal/chipwhisperer-fw-extra/stm32f4/stm32f4_hal.c **** 	RCC_ClkInitStruct.ClockType      = (RCC_CLOCKTYPE_SYSCLK | RCC_CLOCKTYPE_HCLK | RCC_CLOCKTYPE_PCLK
  95              		.loc 1 87 2 view .LVU34
  88:/home/reo/Documents/Repository/chipwhisperer/firmware/mcu/hal/chipwhisperer-fw-extra/stm32f4/stm32f4_hal.c **** 	RCC_ClkInitStruct.SYSCLKSource   = RCC_SYSCLKSOURCE_HSE;
  96              		.loc 1 88 2 view .LVU35
  89:/home/reo/Documents/Repository/chipwhisperer/firmware/mcu/hal/chipwhisperer-fw-extra/stm32f4/stm32f4_hal.c **** 	RCC_ClkInitStruct.AHBCLKDivider  = RCC_SYSCLK_DIV1;
  97              		.loc 1 89 2 view .LVU36
  90:/home/reo/Documents/Repository/chipwhisperer/firmware/mcu/hal/chipwhisperer-fw-extra/stm32f4/stm32f4_hal.c **** 	RCC_ClkInitStruct.APB1CLKDivider = RCC_HCLK_DIV1;
  98              		.loc 1 90 2 view .LVU37
  99 0036 0446     		mov	r4, r0
  87:/home/reo/Documents/Repository/chipwhisperer/firmware/mcu/hal/chipwhisperer-fw-extra/stm32f4/stm32f4_hal.c **** 	RCC_ClkInitStruct.SYSCLKSource   = RCC_SYSCLKSOURCE_HSE;
 100              		.loc 1 87 35 is_stmt 0 view .LVU38
 101 0038 0121     		movs	r1, #1
 102 003a 0F20     		movs	r0, #15
 103 003c CDE90201 		strd	r0, [sp, #8]
 104 0040 0022     		movs	r2, #0
 105 0042 0023     		movs	r3, #0
  91:/home/reo/Documents/Repository/chipwhisperer/firmware/mcu/hal/chipwhisperer-fw-extra/stm32f4/stm32f4_hal.c **** 	RCC_ClkInitStruct.APB2CLKDivider = RCC_HCLK_DIV1;
  92:/home/reo/Documents/Repository/chipwhisperer/firmware/mcu/hal/chipwhisperer-fw-extra/stm32f4/stm32f4_hal.c **** 	HAL_RCC_ClockConfig(&RCC_ClkInitStruct, FLASH_ACR_LATENCY_0WS); //wait states not needed for HSE
 106              		.loc 1 92 2 view .LVU39
 107 0044 2146     		mov	r1, r4
 108 0046 02A8     		add	r0, sp, #8
  87:/home/reo/Documents/Repository/chipwhisperer/firmware/mcu/hal/chipwhisperer-fw-extra/stm32f4/stm32f4_hal.c **** 	RCC_ClkInitStruct.SYSCLKSource   = RCC_SYSCLKSOURCE_HSE;
 109              		.loc 1 87 35 view .LVU40
 110 0048 CDE90423 		strd	r2, [sp, #16]
  91:/home/reo/Documents/Repository/chipwhisperer/firmware/mcu/hal/chipwhisperer-fw-extra/stm32f4/stm32f4_hal.c **** 	RCC_ClkInitStruct.APB2CLKDivider = RCC_HCLK_DIV1;
 111              		.loc 1 91 2 is_stmt 1 view .LVU41
  91:/home/reo/Documents/Repository/chipwhisperer/firmware/mcu/hal/chipwhisperer-fw-extra/stm32f4/stm32f4_hal.c **** 	RCC_ClkInitStruct.APB2CLKDivider = RCC_HCLK_DIV1;
 112              		.loc 1 91 35 is_stmt 0 view .LVU42
 113 004c 0694     		str	r4, [sp, #24]
 114              		.loc 1 92 2 is_stmt 1 view .LVU43
 115 004e FFF7FEFF 		bl	HAL_RCC_ClockConfig
 116              	.LVL1:
  93:/home/reo/Documents/Repository/chipwhisperer/firmware/mcu/hal/chipwhisperer-fw-extra/stm32f4/stm32f4_hal.c **** #endif
  94:/home/reo/Documents/Repository/chipwhisperer/firmware/mcu/hal/chipwhisperer-fw-extra/stm32f4/stm32f4_hal.c **** 
  95:/home/reo/Documents/Repository/chipwhisperer/firmware/mcu/hal/chipwhisperer-fw-extra/stm32f4/stm32f4_hal.c **** 	// Configure and starts the RNG
  96:/home/reo/Documents/Repository/chipwhisperer/firmware/mcu/hal/chipwhisperer-fw-extra/stm32f4/stm32f4_hal.c **** 	__HAL_RCC_RNG_CLK_ENABLE();
 117              		.loc 1 96 2 view .LVU44
 118              	.LBB6:
 119              		.loc 1 96 2 view .LVU45
 120 0052 094B     		ldr	r3, .L6
 121 0054 0194     		str	r4, [sp, #4]
 122              		.loc 1 96 2 view .LVU46
 123 0056 5A6B     		ldr	r2, [r3, #52]
 124              	.LBE6:
  97:/home/reo/Documents/Repository/chipwhisperer/firmware/mcu/hal/chipwhisperer-fw-extra/stm32f4/stm32f4_hal.c **** 	RngHandle.Instance = RNG;
 125              		.loc 1 97 21 is_stmt 0 view .LVU47
 126 0058 0848     		ldr	r0, .L6+4
 127              	.LBB7:
  96:/home/reo/Documents/Repository/chipwhisperer/firmware/mcu/hal/chipwhisperer-fw-extra/stm32f4/stm32f4_hal.c **** 	RngHandle.Instance = RNG;
 128              		.loc 1 96 2 view .LVU48
 129 005a 42F04002 		orr	r2, r2, #64
 130 005e 5A63     		str	r2, [r3, #52]
  96:/home/reo/Documents/Repository/chipwhisperer/firmware/mcu/hal/chipwhisperer-fw-extra/stm32f4/stm32f4_hal.c **** 	RngHandle.Instance = RNG;
 131              		.loc 1 96 2 is_stmt 1 view .LVU49
 132 0060 5B6B     		ldr	r3, [r3, #52]
 133              	.LBE7:
 134              		.loc 1 97 21 is_stmt 0 view .LVU50
 135 0062 074A     		ldr	r2, .L6+8
 136 0064 0260     		str	r2, [r0]
 137              	.LBB8:
  96:/home/reo/Documents/Repository/chipwhisperer/firmware/mcu/hal/chipwhisperer-fw-extra/stm32f4/stm32f4_hal.c **** 	RngHandle.Instance = RNG;
 138              		.loc 1 96 2 view .LVU51
 139 0066 03F04003 		and	r3, r3, #64
 140 006a 0193     		str	r3, [sp, #4]
  96:/home/reo/Documents/Repository/chipwhisperer/firmware/mcu/hal/chipwhisperer-fw-extra/stm32f4/stm32f4_hal.c **** 	RngHandle.Instance = RNG;
 141              		.loc 1 96 2 is_stmt 1 view .LVU52
 142 006c 019B     		ldr	r3, [sp, #4]
 143              	.LBE8:
  96:/home/reo/Documents/Repository/chipwhisperer/firmware/mcu/hal/chipwhisperer-fw-extra/stm32f4/stm32f4_hal.c **** 	RngHandle.Instance = RNG;
 144              		.loc 1 96 2 view .LVU53
 145              		.loc 1 97 2 view .LVU54
  98:/home/reo/Documents/Repository/chipwhisperer/firmware/mcu/hal/chipwhisperer-fw-extra/stm32f4/stm32f4_hal.c **** 	RngHandle.State = HAL_RNG_STATE_RESET;
 146              		.loc 1 98 2 view .LVU55
 147              		.loc 1 98 18 is_stmt 0 view .LVU56
 148 006e 4471     		strb	r4, [r0, #5]
  99:/home/reo/Documents/Repository/chipwhisperer/firmware/mcu/hal/chipwhisperer-fw-extra/stm32f4/stm32f4_hal.c **** 	HAL_RNG_Init(&RngHandle);
 149              		.loc 1 99 2 is_stmt 1 view .LVU57
 150 0070 FFF7FEFF 		bl	HAL_RNG_Init
 151              	.LVL2:
 100:/home/reo/Documents/Repository/chipwhisperer/firmware/mcu/hal/chipwhisperer-fw-extra/stm32f4/stm32f4_hal.c **** 
 101:/home/reo/Documents/Repository/chipwhisperer/firmware/mcu/hal/chipwhisperer-fw-extra/stm32f4/stm32f4_hal.c **** }
 152              		.loc 1 101 1 is_stmt 0 view .LVU58
 153 0074 15B0     		add	sp, sp, #84
 154              	.LCFI2:
 155              		.cfi_def_cfa_offset 12
 156              		@ sp needed
 157 0076 30BD     		pop	{r4, r5, pc}
 158              	.L7:
 159              		.align	2
 160              	.L6:
 161 0078 00380240 		.word	1073887232
 162 007c 00000000 		.word	.LANCHOR0
 163 0080 00080650 		.word	1342572544
 164              		.cfi_endproc
 165              	.LFE126:
 167              		.section	.text.init_uart,"ax",%progbits
 168              		.align	1
 169              		.p2align 2,,3
 170              		.global	init_uart
 171              		.syntax unified
 172              		.thumb
 173              		.thumb_func
 174              		.fpu softvfp
 176              	init_uart:
 177              	.LFB127:
 102:/home/reo/Documents/Repository/chipwhisperer/firmware/mcu/hal/chipwhisperer-fw-extra/stm32f4/stm32f4_hal.c **** 
 103:/home/reo/Documents/Repository/chipwhisperer/firmware/mcu/hal/chipwhisperer-fw-extra/stm32f4/stm32f4_hal.c **** void init_uart(void)
 104:/home/reo/Documents/Repository/chipwhisperer/firmware/mcu/hal/chipwhisperer-fw-extra/stm32f4/stm32f4_hal.c **** {
 178              		.loc 1 104 1 is_stmt 1 view -0
 179              		.cfi_startproc
 180              		@ args = 0, pretend = 0, frame = 32
 181              		@ frame_needed = 0, uses_anonymous_args = 0
 105:/home/reo/Documents/Repository/chipwhisperer/firmware/mcu/hal/chipwhisperer-fw-extra/stm32f4/stm32f4_hal.c **** 	GPIO_InitTypeDef GpioInit;
 182              		.loc 1 105 2 view .LVU60
 106:/home/reo/Documents/Repository/chipwhisperer/firmware/mcu/hal/chipwhisperer-fw-extra/stm32f4/stm32f4_hal.c **** 	GpioInit.Pin       = GPIO_PIN_9 | GPIO_PIN_10;
 183              		.loc 1 106 2 view .LVU61
 107:/home/reo/Documents/Repository/chipwhisperer/firmware/mcu/hal/chipwhisperer-fw-extra/stm32f4/stm32f4_hal.c **** 	GpioInit.Mode      = GPIO_MODE_AF_PP;
 184              		.loc 1 107 2 view .LVU62
 108:/home/reo/Documents/Repository/chipwhisperer/firmware/mcu/hal/chipwhisperer-fw-extra/stm32f4/stm32f4_hal.c **** 	GpioInit.Pull      = GPIO_PULLUP;
 185              		.loc 1 108 2 view .LVU63
 109:/home/reo/Documents/Repository/chipwhisperer/firmware/mcu/hal/chipwhisperer-fw-extra/stm32f4/stm32f4_hal.c **** 	GpioInit.Speed     = GPIO_SPEED_FREQ_HIGH;
 186              		.loc 1 109 2 view .LVU64
 104:/home/reo/Documents/Repository/chipwhisperer/firmware/mcu/hal/chipwhisperer-fw-extra/stm32f4/stm32f4_hal.c **** 	GPIO_InitTypeDef GpioInit;
 187              		.loc 1 104 1 is_stmt 0 view .LVU65
 188 0000 30B5     		push	{r4, r5, lr}
 189              	.LCFI3:
 190              		.cfi_def_cfa_offset 12
 191              		.cfi_offset 4, -12
 192              		.cfi_offset 5, -8
 193              		.cfi_offset 14, -4
 106:/home/reo/Documents/Repository/chipwhisperer/firmware/mcu/hal/chipwhisperer-fw-extra/stm32f4/stm32f4_hal.c **** 	GpioInit.Mode      = GPIO_MODE_AF_PP;
 194              		.loc 1 106 21 view .LVU66
 195 0002 0122     		movs	r2, #1
 104:/home/reo/Documents/Repository/chipwhisperer/firmware/mcu/hal/chipwhisperer-fw-extra/stm32f4/stm32f4_hal.c **** 	GPIO_InitTypeDef GpioInit;
 196              		.loc 1 104 1 view .LVU67
 197 0004 89B0     		sub	sp, sp, #36
 198              	.LCFI4:
 199              		.cfi_def_cfa_offset 48
 106:/home/reo/Documents/Repository/chipwhisperer/firmware/mcu/hal/chipwhisperer-fw-extra/stm32f4/stm32f4_hal.c **** 	GpioInit.Mode      = GPIO_MODE_AF_PP;
 200              		.loc 1 106 21 view .LVU68
 201 0006 4FF4C060 		mov	r0, #1536
 202 000a 0221     		movs	r1, #2
 203 000c 0223     		movs	r3, #2
 204 000e CDE90201 		strd	r0, [sp, #8]
 205 0012 CDE90423 		strd	r2, [sp, #16]
 110:/home/reo/Documents/Repository/chipwhisperer/firmware/mcu/hal/chipwhisperer-fw-extra/stm32f4/stm32f4_hal.c **** 	GpioInit.Alternate = GPIO_AF7_USART1;
 206              		.loc 1 110 2 is_stmt 1 view .LVU69
 207              	.LBB9:
 111:/home/reo/Documents/Repository/chipwhisperer/firmware/mcu/hal/chipwhisperer-fw-extra/stm32f4/stm32f4_hal.c **** 	__GPIOA_CLK_ENABLE();
 208              		.loc 1 111 2 is_stmt 0 view .LVU70
 209 0016 174D     		ldr	r5, .L10
 210              	.LBE9:
 112:/home/reo/Documents/Repository/chipwhisperer/firmware/mcu/hal/chipwhisperer-fw-extra/stm32f4/stm32f4_hal.c **** 	HAL_GPIO_Init(GPIOA, &GpioInit);
 211              		.loc 1 112 2 view .LVU71
 212 0018 1748     		ldr	r0, .L10+4
 213              	.LBB10:
 111:/home/reo/Documents/Repository/chipwhisperer/firmware/mcu/hal/chipwhisperer-fw-extra/stm32f4/stm32f4_hal.c **** 	__GPIOA_CLK_ENABLE();
 214              		.loc 1 111 2 view .LVU72
 215 001a 0024     		movs	r4, #0
 216              	.LBE10:
 110:/home/reo/Documents/Repository/chipwhisperer/firmware/mcu/hal/chipwhisperer-fw-extra/stm32f4/stm32f4_hal.c **** 	GpioInit.Alternate = GPIO_AF7_USART1;
 217              		.loc 1 110 21 view .LVU73
 218 001c 0723     		movs	r3, #7
 219              	.LBB11:
 111:/home/reo/Documents/Repository/chipwhisperer/firmware/mcu/hal/chipwhisperer-fw-extra/stm32f4/stm32f4_hal.c **** 	__GPIOA_CLK_ENABLE();
 220              		.loc 1 111 2 view .LVU74
 221 001e 0094     		str	r4, [sp]
 222              	.LBE11:
 110:/home/reo/Documents/Repository/chipwhisperer/firmware/mcu/hal/chipwhisperer-fw-extra/stm32f4/stm32f4_hal.c **** 	GpioInit.Alternate = GPIO_AF7_USART1;
 223              		.loc 1 110 21 view .LVU75
 224 0020 0693     		str	r3, [sp, #24]
 111:/home/reo/Documents/Repository/chipwhisperer/firmware/mcu/hal/chipwhisperer-fw-extra/stm32f4/stm32f4_hal.c **** 	__GPIOA_CLK_ENABLE();
 225              		.loc 1 111 2 is_stmt 1 view .LVU76
 226              	.LBB12:
 111:/home/reo/Documents/Repository/chipwhisperer/firmware/mcu/hal/chipwhisperer-fw-extra/stm32f4/stm32f4_hal.c **** 	__GPIOA_CLK_ENABLE();
 227              		.loc 1 111 2 view .LVU77
 111:/home/reo/Documents/Repository/chipwhisperer/firmware/mcu/hal/chipwhisperer-fw-extra/stm32f4/stm32f4_hal.c **** 	__GPIOA_CLK_ENABLE();
 228              		.loc 1 111 2 view .LVU78
 229 0022 2B6B     		ldr	r3, [r5, #48]
 230 0024 43F00103 		orr	r3, r3, #1
 231 0028 2B63     		str	r3, [r5, #48]
 111:/home/reo/Documents/Repository/chipwhisperer/firmware/mcu/hal/chipwhisperer-fw-extra/stm32f4/stm32f4_hal.c **** 	__GPIOA_CLK_ENABLE();
 232              		.loc 1 111 2 view .LVU79
 233 002a 2B6B     		ldr	r3, [r5, #48]
 234 002c 03F00103 		and	r3, r3, #1
 235              	.LBE12:
 236              		.loc 1 112 2 is_stmt 0 view .LVU80
 237 0030 02A9     		add	r1, sp, #8
 238              	.LBB13:
 111:/home/reo/Documents/Repository/chipwhisperer/firmware/mcu/hal/chipwhisperer-fw-extra/stm32f4/stm32f4_hal.c **** 	__GPIOA_CLK_ENABLE();
 239              		.loc 1 111 2 view .LVU81
 240 0032 0093     		str	r3, [sp]
 111:/home/reo/Documents/Repository/chipwhisperer/firmware/mcu/hal/chipwhisperer-fw-extra/stm32f4/stm32f4_hal.c **** 	__GPIOA_CLK_ENABLE();
 241              		.loc 1 111 2 is_stmt 1 view .LVU82
 242 0034 009B     		ldr	r3, [sp]
 243              	.LBE13:
 111:/home/reo/Documents/Repository/chipwhisperer/firmware/mcu/hal/chipwhisperer-fw-extra/stm32f4/stm32f4_hal.c **** 	__GPIOA_CLK_ENABLE();
 244              		.loc 1 111 2 view .LVU83
 245              		.loc 1 112 2 view .LVU84
 246 0036 FFF7FEFF 		bl	HAL_GPIO_Init
 247              	.LVL3:
 113:/home/reo/Documents/Repository/chipwhisperer/firmware/mcu/hal/chipwhisperer-fw-extra/stm32f4/stm32f4_hal.c **** 
 114:/home/reo/Documents/Repository/chipwhisperer/firmware/mcu/hal/chipwhisperer-fw-extra/stm32f4/stm32f4_hal.c **** 	UartHandle.Instance        = USART1;
 248              		.loc 1 114 2 view .LVU85
 249              	.LBB14:
 115:/home/reo/Documents/Repository/chipwhisperer/firmware/mcu/hal/chipwhisperer-fw-extra/stm32f4/stm32f4_hal.c ****   #if SS_VER==SS_VER_2_1
 116:/home/reo/Documents/Repository/chipwhisperer/firmware/mcu/hal/chipwhisperer-fw-extra/stm32f4/stm32f4_hal.c ****   UartHandle.Init.BaudRate   = 230400;
 117:/home/reo/Documents/Repository/chipwhisperer/firmware/mcu/hal/chipwhisperer-fw-extra/stm32f4/stm32f4_hal.c ****   #else
 118:/home/reo/Documents/Repository/chipwhisperer/firmware/mcu/hal/chipwhisperer-fw-extra/stm32f4/stm32f4_hal.c ****   UartHandle.Init.BaudRate   = 38400;
 119:/home/reo/Documents/Repository/chipwhisperer/firmware/mcu/hal/chipwhisperer-fw-extra/stm32f4/stm32f4_hal.c ****   #endif
 120:/home/reo/Documents/Repository/chipwhisperer/firmware/mcu/hal/chipwhisperer-fw-extra/stm32f4/stm32f4_hal.c **** 	UartHandle.Init.WordLength = UART_WORDLENGTH_8B;
 121:/home/reo/Documents/Repository/chipwhisperer/firmware/mcu/hal/chipwhisperer-fw-extra/stm32f4/stm32f4_hal.c **** 	UartHandle.Init.StopBits   = UART_STOPBITS_1;
 122:/home/reo/Documents/Repository/chipwhisperer/firmware/mcu/hal/chipwhisperer-fw-extra/stm32f4/stm32f4_hal.c **** 	UartHandle.Init.Parity     = UART_PARITY_NONE;
 123:/home/reo/Documents/Repository/chipwhisperer/firmware/mcu/hal/chipwhisperer-fw-extra/stm32f4/stm32f4_hal.c **** 	UartHandle.Init.HwFlowCtl  = UART_HWCONTROL_NONE;
 124:/home/reo/Documents/Repository/chipwhisperer/firmware/mcu/hal/chipwhisperer-fw-extra/stm32f4/stm32f4_hal.c **** 	UartHandle.Init.Mode       = UART_MODE_TX_RX;
 125:/home/reo/Documents/Repository/chipwhisperer/firmware/mcu/hal/chipwhisperer-fw-extra/stm32f4/stm32f4_hal.c **** 	__USART1_CLK_ENABLE();
 250              		.loc 1 125 2 is_stmt 0 view .LVU86
 251 003a 0194     		str	r4, [sp, #4]
 252 003c 6A6C     		ldr	r2, [r5, #68]
 253              	.LBE14:
 114:/home/reo/Documents/Repository/chipwhisperer/firmware/mcu/hal/chipwhisperer-fw-extra/stm32f4/stm32f4_hal.c ****   #if SS_VER==SS_VER_2_1
 254              		.loc 1 114 29 view .LVU87
 255 003e 0F4B     		ldr	r3, .L10+8
 256              	.LBB15:
 257              		.loc 1 125 2 view .LVU88
 258 0040 42F01002 		orr	r2, r2, #16
 259 0044 6A64     		str	r2, [r5, #68]
 260 0046 6A6C     		ldr	r2, [r5, #68]
 261              	.LBE15:
 122:/home/reo/Documents/Repository/chipwhisperer/firmware/mcu/hal/chipwhisperer-fw-extra/stm32f4/stm32f4_hal.c **** 	UartHandle.Init.HwFlowCtl  = UART_HWCONTROL_NONE;
 262              		.loc 1 122 29 view .LVU89
 263 0048 DC61     		str	r4, [r3, #28]
 264              	.LBB16:
 265              		.loc 1 125 2 view .LVU90
 266 004a 02F01002 		and	r2, r2, #16
 267 004e 0192     		str	r2, [sp, #4]
 268 0050 019A     		ldr	r2, [sp, #4]
 269              	.LBE16:
 118:/home/reo/Documents/Repository/chipwhisperer/firmware/mcu/hal/chipwhisperer-fw-extra/stm32f4/stm32f4_hal.c ****   #endif
 270              		.loc 1 118 30 view .LVU91
 271 0052 4FF41641 		mov	r1, #38400
 124:/home/reo/Documents/Repository/chipwhisperer/firmware/mcu/hal/chipwhisperer-fw-extra/stm32f4/stm32f4_hal.c **** 	__USART1_CLK_ENABLE();
 272              		.loc 1 124 29 view .LVU92
 273 0056 0C22     		movs	r2, #12
 114:/home/reo/Documents/Repository/chipwhisperer/firmware/mcu/hal/chipwhisperer-fw-extra/stm32f4/stm32f4_hal.c ****   #if SS_VER==SS_VER_2_1
 274              		.loc 1 114 29 view .LVU93
 275 0058 A5F59435 		sub	r5, r5, #75776
 126:/home/reo/Documents/Repository/chipwhisperer/firmware/mcu/hal/chipwhisperer-fw-extra/stm32f4/stm32f4_hal.c **** 	HAL_UART_Init(&UartHandle);
 276              		.loc 1 126 2 view .LVU94
 277 005c 03F10C00 		add	r0, r3, #12
 118:/home/reo/Documents/Repository/chipwhisperer/firmware/mcu/hal/chipwhisperer-fw-extra/stm32f4/stm32f4_hal.c ****   #endif
 278              		.loc 1 118 30 view .LVU95
 279 0060 C3E90351 		strd	r5, r1, [r3, #12]
 120:/home/reo/Documents/Repository/chipwhisperer/firmware/mcu/hal/chipwhisperer-fw-extra/stm32f4/stm32f4_hal.c **** 	UartHandle.Init.StopBits   = UART_STOPBITS_1;
 280              		.loc 1 120 2 is_stmt 1 view .LVU96
 121:/home/reo/Documents/Repository/chipwhisperer/firmware/mcu/hal/chipwhisperer-fw-extra/stm32f4/stm32f4_hal.c **** 	UartHandle.Init.Parity     = UART_PARITY_NONE;
 281              		.loc 1 121 29 is_stmt 0 view .LVU97
 282 0064 C3E90544 		strd	r4, r4, [r3, #20]
 122:/home/reo/Documents/Repository/chipwhisperer/firmware/mcu/hal/chipwhisperer-fw-extra/stm32f4/stm32f4_hal.c **** 	UartHandle.Init.HwFlowCtl  = UART_HWCONTROL_NONE;
 283              		.loc 1 122 2 is_stmt 1 view .LVU98
 123:/home/reo/Documents/Repository/chipwhisperer/firmware/mcu/hal/chipwhisperer-fw-extra/stm32f4/stm32f4_hal.c **** 	UartHandle.Init.Mode       = UART_MODE_TX_RX;
 284              		.loc 1 123 2 view .LVU99
 124:/home/reo/Documents/Repository/chipwhisperer/firmware/mcu/hal/chipwhisperer-fw-extra/stm32f4/stm32f4_hal.c **** 	__USART1_CLK_ENABLE();
 285              		.loc 1 124 29 is_stmt 0 view .LVU100
 286 0068 C3E90824 		strd	r2, r4, [r3, #32]
 125:/home/reo/Documents/Repository/chipwhisperer/firmware/mcu/hal/chipwhisperer-fw-extra/stm32f4/stm32f4_hal.c **** 	HAL_UART_Init(&UartHandle);
 287              		.loc 1 125 2 is_stmt 1 view .LVU101
 288              	.LBB17:
 125:/home/reo/Documents/Repository/chipwhisperer/firmware/mcu/hal/chipwhisperer-fw-extra/stm32f4/stm32f4_hal.c **** 	HAL_UART_Init(&UartHandle);
 289              		.loc 1 125 2 view .LVU102
 125:/home/reo/Documents/Repository/chipwhisperer/firmware/mcu/hal/chipwhisperer-fw-extra/stm32f4/stm32f4_hal.c **** 	HAL_UART_Init(&UartHandle);
 290              		.loc 1 125 2 view .LVU103
 125:/home/reo/Documents/Repository/chipwhisperer/firmware/mcu/hal/chipwhisperer-fw-extra/stm32f4/stm32f4_hal.c **** 	HAL_UART_Init(&UartHandle);
 291              		.loc 1 125 2 view .LVU104
 125:/home/reo/Documents/Repository/chipwhisperer/firmware/mcu/hal/chipwhisperer-fw-extra/stm32f4/stm32f4_hal.c **** 	HAL_UART_Init(&UartHandle);
 292              		.loc 1 125 2 view .LVU105
 293              	.LBE17:
 125:/home/reo/Documents/Repository/chipwhisperer/firmware/mcu/hal/chipwhisperer-fw-extra/stm32f4/stm32f4_hal.c **** 	HAL_UART_Init(&UartHandle);
 294              		.loc 1 125 2 view .LVU106
 295              		.loc 1 126 2 view .LVU107
 296 006c FFF7FEFF 		bl	HAL_UART_Init
 297              	.LVL4:
 127:/home/reo/Documents/Repository/chipwhisperer/firmware/mcu/hal/chipwhisperer-fw-extra/stm32f4/stm32f4_hal.c **** }
 298              		.loc 1 127 1 is_stmt 0 view .LVU108
 299 0070 09B0     		add	sp, sp, #36
 300              	.LCFI5:
 301              		.cfi_def_cfa_offset 12
 302              		@ sp needed
 303 0072 30BD     		pop	{r4, r5, pc}
 304              	.L11:
 305              		.align	2
 306              	.L10:
 307 0074 00380240 		.word	1073887232
 308 0078 00000240 		.word	1073872896
 309 007c 00000000 		.word	.LANCHOR0
 310              		.cfi_endproc
 311              	.LFE127:
 313              		.section	.text.trigger_setup,"ax",%progbits
 314              		.align	1
 315              		.p2align 2,,3
 316              		.global	trigger_setup
 317              		.syntax unified
 318              		.thumb
 319              		.thumb_func
 320              		.fpu softvfp
 322              	trigger_setup:
 323              	.LFB128:
 128:/home/reo/Documents/Repository/chipwhisperer/firmware/mcu/hal/chipwhisperer-fw-extra/stm32f4/stm32f4_hal.c **** 
 129:/home/reo/Documents/Repository/chipwhisperer/firmware/mcu/hal/chipwhisperer-fw-extra/stm32f4/stm32f4_hal.c **** //#define STM32F4_WLCSP
 130:/home/reo/Documents/Repository/chipwhisperer/firmware/mcu/hal/chipwhisperer-fw-extra/stm32f4/stm32f4_hal.c **** 
 131:/home/reo/Documents/Repository/chipwhisperer/firmware/mcu/hal/chipwhisperer-fw-extra/stm32f4/stm32f4_hal.c **** void trigger_setup(void)
 132:/home/reo/Documents/Repository/chipwhisperer/firmware/mcu/hal/chipwhisperer-fw-extra/stm32f4/stm32f4_hal.c **** {
 324              		.loc 1 132 1 is_stmt 1 view -0
 325              		.cfi_startproc
 326              		@ args = 0, pretend = 0, frame = 32
 327              		@ frame_needed = 0, uses_anonymous_args = 0
 133:/home/reo/Documents/Repository/chipwhisperer/firmware/mcu/hal/chipwhisperer-fw-extra/stm32f4/stm32f4_hal.c **** 	__GPIOA_CLK_ENABLE();
 328              		.loc 1 133 2 view .LVU110
 329              	.LBB18:
 330              		.loc 1 133 2 view .LVU111
 331              	.LBE18:
 132:/home/reo/Documents/Repository/chipwhisperer/firmware/mcu/hal/chipwhisperer-fw-extra/stm32f4/stm32f4_hal.c **** 	__GPIOA_CLK_ENABLE();
 332              		.loc 1 132 1 is_stmt 0 view .LVU112
 333 0000 30B5     		push	{r4, r5, lr}
 334              	.LCFI6:
 335              		.cfi_def_cfa_offset 12
 336              		.cfi_offset 4, -12
 337              		.cfi_offset 5, -8
 338              		.cfi_offset 14, -4
 339 0002 89B0     		sub	sp, sp, #36
 340              	.LCFI7:
 341              		.cfi_def_cfa_offset 48
 342              	.LBB19:
 343              		.loc 1 133 2 view .LVU113
 344 0004 0D4B     		ldr	r3, .L14
 345              	.LBE19:
 134:/home/reo/Documents/Repository/chipwhisperer/firmware/mcu/hal/chipwhisperer-fw-extra/stm32f4/stm32f4_hal.c **** #ifdef STM32F4_WLCSP
 135:/home/reo/Documents/Repository/chipwhisperer/firmware/mcu/hal/chipwhisperer-fw-extra/stm32f4/stm32f4_hal.c ****  	GPIO_InitTypeDef GpioInit;
 136:/home/reo/Documents/Repository/chipwhisperer/firmware/mcu/hal/chipwhisperer-fw-extra/stm32f4/stm32f4_hal.c **** 	GpioInit.Pin       = GPIO_PIN_4;
 137:/home/reo/Documents/Repository/chipwhisperer/firmware/mcu/hal/chipwhisperer-fw-extra/stm32f4/stm32f4_hal.c **** 	GpioInit.Mode      = GPIO_MODE_OUTPUT_PP;
 138:/home/reo/Documents/Repository/chipwhisperer/firmware/mcu/hal/chipwhisperer-fw-extra/stm32f4/stm32f4_hal.c **** 	GpioInit.Pull      = GPIO_NOPULL;
 139:/home/reo/Documents/Repository/chipwhisperer/firmware/mcu/hal/chipwhisperer-fw-extra/stm32f4/stm32f4_hal.c **** 	GpioInit.Speed     = GPIO_SPEED_FREQ_HIGH;
 140:/home/reo/Documents/Repository/chipwhisperer/firmware/mcu/hal/chipwhisperer-fw-extra/stm32f4/stm32f4_hal.c ****     __GPIOD_CLK_ENABLE();
 141:/home/reo/Documents/Repository/chipwhisperer/firmware/mcu/hal/chipwhisperer-fw-extra/stm32f4/stm32f4_hal.c ****     HAL_GPIO_Init(GPIOD, &GpioInit);
 142:/home/reo/Documents/Repository/chipwhisperer/firmware/mcu/hal/chipwhisperer-fw-extra/stm32f4/stm32f4_hal.c **** #else
 143:/home/reo/Documents/Repository/chipwhisperer/firmware/mcu/hal/chipwhisperer-fw-extra/stm32f4/stm32f4_hal.c **** 	GPIO_InitTypeDef GpioInit;
 144:/home/reo/Documents/Repository/chipwhisperer/firmware/mcu/hal/chipwhisperer-fw-extra/stm32f4/stm32f4_hal.c **** 	GpioInit.Pin       = GPIO_PIN_12;
 145:/home/reo/Documents/Repository/chipwhisperer/firmware/mcu/hal/chipwhisperer-fw-extra/stm32f4/stm32f4_hal.c **** 	GpioInit.Mode      = GPIO_MODE_OUTPUT_PP;
 146:/home/reo/Documents/Repository/chipwhisperer/firmware/mcu/hal/chipwhisperer-fw-extra/stm32f4/stm32f4_hal.c **** 	GpioInit.Pull      = GPIO_NOPULL;
 147:/home/reo/Documents/Repository/chipwhisperer/firmware/mcu/hal/chipwhisperer-fw-extra/stm32f4/stm32f4_hal.c **** 	GpioInit.Speed     = GPIO_SPEED_FREQ_HIGH;
 148:/home/reo/Documents/Repository/chipwhisperer/firmware/mcu/hal/chipwhisperer-fw-extra/stm32f4/stm32f4_hal.c **** 	HAL_GPIO_Init(GPIOA, &GpioInit);
 346              		.loc 1 148 2 view .LVU114
 347 0006 0E48     		ldr	r0, .L14+4
 348              	.LBB20:
 133:/home/reo/Documents/Repository/chipwhisperer/firmware/mcu/hal/chipwhisperer-fw-extra/stm32f4/stm32f4_hal.c **** #ifdef STM32F4_WLCSP
 349              		.loc 1 133 2 view .LVU115
 350 0008 0022     		movs	r2, #0
 351 000a 0192     		str	r2, [sp, #4]
 133:/home/reo/Documents/Repository/chipwhisperer/firmware/mcu/hal/chipwhisperer-fw-extra/stm32f4/stm32f4_hal.c **** #ifdef STM32F4_WLCSP
 352              		.loc 1 133 2 is_stmt 1 view .LVU116
 353 000c 1A6B     		ldr	r2, [r3, #48]
 354 000e 42F00102 		orr	r2, r2, #1
 355 0012 1A63     		str	r2, [r3, #48]
 133:/home/reo/Documents/Repository/chipwhisperer/firmware/mcu/hal/chipwhisperer-fw-extra/stm32f4/stm32f4_hal.c **** #ifdef STM32F4_WLCSP
 356              		.loc 1 133 2 view .LVU117
 357 0014 1B6B     		ldr	r3, [r3, #48]
 358 0016 03F00103 		and	r3, r3, #1
 359 001a 0193     		str	r3, [sp, #4]
 133:/home/reo/Documents/Repository/chipwhisperer/firmware/mcu/hal/chipwhisperer-fw-extra/stm32f4/stm32f4_hal.c **** #ifdef STM32F4_WLCSP
 360              		.loc 1 133 2 view .LVU118
 361              	.LBE20:
 144:/home/reo/Documents/Repository/chipwhisperer/firmware/mcu/hal/chipwhisperer-fw-extra/stm32f4/stm32f4_hal.c **** 	GpioInit.Mode      = GPIO_MODE_OUTPUT_PP;
 362              		.loc 1 144 21 is_stmt 0 view .LVU119
 363 001c 0022     		movs	r2, #0
 364 001e 4FF48054 		mov	r4, #4096
 365 0022 0125     		movs	r5, #1
 366 0024 0223     		movs	r3, #2
 367              		.loc 1 148 2 view .LVU120
 368 0026 02A9     		add	r1, sp, #8
 144:/home/reo/Documents/Repository/chipwhisperer/firmware/mcu/hal/chipwhisperer-fw-extra/stm32f4/stm32f4_hal.c **** 	GpioInit.Mode      = GPIO_MODE_OUTPUT_PP;
 369              		.loc 1 144 21 view .LVU121
 370 0028 CDE90423 		strd	r2, [sp, #16]
 371 002c CDE90245 		strd	r4, [sp, #8]
 372              	.LBB21:
 133:/home/reo/Documents/Repository/chipwhisperer/firmware/mcu/hal/chipwhisperer-fw-extra/stm32f4/stm32f4_hal.c **** #ifdef STM32F4_WLCSP
 373              		.loc 1 133 2 view .LVU122
 374 0030 019B     		ldr	r3, [sp, #4]
 375              	.LBE21:
 133:/home/reo/Documents/Repository/chipwhisperer/firmware/mcu/hal/chipwhisperer-fw-extra/stm32f4/stm32f4_hal.c **** #ifdef STM32F4_WLCSP
 376              		.loc 1 133 2 is_stmt 1 view .LVU123
 143:/home/reo/Documents/Repository/chipwhisperer/firmware/mcu/hal/chipwhisperer-fw-extra/stm32f4/stm32f4_hal.c **** 	GpioInit.Pin       = GPIO_PIN_12;
 377              		.loc 1 143 2 view .LVU124
 144:/home/reo/Documents/Repository/chipwhisperer/firmware/mcu/hal/chipwhisperer-fw-extra/stm32f4/stm32f4_hal.c **** 	GpioInit.Mode      = GPIO_MODE_OUTPUT_PP;
 378              		.loc 1 144 2 view .LVU125
 145:/home/reo/Documents/Repository/chipwhisperer/firmware/mcu/hal/chipwhisperer-fw-extra/stm32f4/stm32f4_hal.c **** 	GpioInit.Pull      = GPIO_NOPULL;
 379              		.loc 1 145 2 view .LVU126
 146:/home/reo/Documents/Repository/chipwhisperer/firmware/mcu/hal/chipwhisperer-fw-extra/stm32f4/stm32f4_hal.c **** 	GpioInit.Speed     = GPIO_SPEED_FREQ_HIGH;
 380              		.loc 1 146 2 view .LVU127
 147:/home/reo/Documents/Repository/chipwhisperer/firmware/mcu/hal/chipwhisperer-fw-extra/stm32f4/stm32f4_hal.c **** 	HAL_GPIO_Init(GPIOA, &GpioInit);
 381              		.loc 1 147 2 view .LVU128
 382              		.loc 1 148 2 view .LVU129
 383 0032 FFF7FEFF 		bl	HAL_GPIO_Init
 384              	.LVL5:
 149:/home/reo/Documents/Repository/chipwhisperer/firmware/mcu/hal/chipwhisperer-fw-extra/stm32f4/stm32f4_hal.c **** #endif
 150:/home/reo/Documents/Repository/chipwhisperer/firmware/mcu/hal/chipwhisperer-fw-extra/stm32f4/stm32f4_hal.c **** }
 385              		.loc 1 150 1 is_stmt 0 view .LVU130
 386 0036 09B0     		add	sp, sp, #36
 387              	.LCFI8:
 388              		.cfi_def_cfa_offset 12
 389              		@ sp needed
 390 0038 30BD     		pop	{r4, r5, pc}
 391              	.L15:
 392 003a 00BF     		.align	2
 393              	.L14:
 394 003c 00380240 		.word	1073887232
 395 0040 00000240 		.word	1073872896
 396              		.cfi_endproc
 397              	.LFE128:
 399              		.section	.text.trigger_high,"ax",%progbits
 400              		.align	1
 401              		.p2align 2,,3
 402              		.global	trigger_high
 403              		.syntax unified
 404              		.thumb
 405              		.thumb_func
 406              		.fpu softvfp
 408              	trigger_high:
 409              	.LFB129:
 151:/home/reo/Documents/Repository/chipwhisperer/firmware/mcu/hal/chipwhisperer-fw-extra/stm32f4/stm32f4_hal.c **** void trigger_high(void)
 152:/home/reo/Documents/Repository/chipwhisperer/firmware/mcu/hal/chipwhisperer-fw-extra/stm32f4/stm32f4_hal.c **** {
 410              		.loc 1 152 1 is_stmt 1 view -0
 411              		.cfi_startproc
 412              		@ args = 0, pretend = 0, frame = 0
 413              		@ frame_needed = 0, uses_anonymous_args = 0
 414              		@ link register save eliminated.
 153:/home/reo/Documents/Repository/chipwhisperer/firmware/mcu/hal/chipwhisperer-fw-extra/stm32f4/stm32f4_hal.c **** #ifdef STM32F4_WLCSP
 154:/home/reo/Documents/Repository/chipwhisperer/firmware/mcu/hal/chipwhisperer-fw-extra/stm32f4/stm32f4_hal.c ****     HAL_GPIO_WritePin(GPIOD, GPIO_PIN_4, SET);
 155:/home/reo/Documents/Repository/chipwhisperer/firmware/mcu/hal/chipwhisperer-fw-extra/stm32f4/stm32f4_hal.c **** #else
 156:/home/reo/Documents/Repository/chipwhisperer/firmware/mcu/hal/chipwhisperer-fw-extra/stm32f4/stm32f4_hal.c **** 	HAL_GPIO_WritePin(GPIOA, GPIO_PIN_12, SET);
 415              		.loc 1 156 2 view .LVU132
 416 0000 0248     		ldr	r0, .L17
 417 0002 0122     		movs	r2, #1
 418 0004 4FF48051 		mov	r1, #4096
 419 0008 FFF7FEBF 		b	HAL_GPIO_WritePin
 420              	.LVL6:
 421              	.L18:
 422              		.align	2
 423              	.L17:
 424 000c 00000240 		.word	1073872896
 425              		.cfi_endproc
 426              	.LFE129:
 428              		.section	.text.trigger_low,"ax",%progbits
 429              		.align	1
 430              		.p2align 2,,3
 431              		.global	trigger_low
 432              		.syntax unified
 433              		.thumb
 434              		.thumb_func
 435              		.fpu softvfp
 437              	trigger_low:
 438              	.LFB130:
 157:/home/reo/Documents/Repository/chipwhisperer/firmware/mcu/hal/chipwhisperer-fw-extra/stm32f4/stm32f4_hal.c **** #endif
 158:/home/reo/Documents/Repository/chipwhisperer/firmware/mcu/hal/chipwhisperer-fw-extra/stm32f4/stm32f4_hal.c **** }
 159:/home/reo/Documents/Repository/chipwhisperer/firmware/mcu/hal/chipwhisperer-fw-extra/stm32f4/stm32f4_hal.c **** 
 160:/home/reo/Documents/Repository/chipwhisperer/firmware/mcu/hal/chipwhisperer-fw-extra/stm32f4/stm32f4_hal.c **** void trigger_low(void)
 161:/home/reo/Documents/Repository/chipwhisperer/firmware/mcu/hal/chipwhisperer-fw-extra/stm32f4/stm32f4_hal.c **** {
 439              		.loc 1 161 1 view -0
 440              		.cfi_startproc
 441              		@ args = 0, pretend = 0, frame = 0
 442              		@ frame_needed = 0, uses_anonymous_args = 0
 443              		@ link register save eliminated.
 162:/home/reo/Documents/Repository/chipwhisperer/firmware/mcu/hal/chipwhisperer-fw-extra/stm32f4/stm32f4_hal.c **** #ifdef STM32F4_WLCSP
 163:/home/reo/Documents/Repository/chipwhisperer/firmware/mcu/hal/chipwhisperer-fw-extra/stm32f4/stm32f4_hal.c ****     HAL_GPIO_WritePin(GPIOD, GPIO_PIN_4, RESET);
 164:/home/reo/Documents/Repository/chipwhisperer/firmware/mcu/hal/chipwhisperer-fw-extra/stm32f4/stm32f4_hal.c **** #else
 165:/home/reo/Documents/Repository/chipwhisperer/firmware/mcu/hal/chipwhisperer-fw-extra/stm32f4/stm32f4_hal.c **** 	HAL_GPIO_WritePin(GPIOA, GPIO_PIN_12, RESET);
 444              		.loc 1 165 2 view .LVU134
 445 0000 0248     		ldr	r0, .L20
 446 0002 0022     		movs	r2, #0
 447 0004 4FF48051 		mov	r1, #4096
 448 0008 FFF7FEBF 		b	HAL_GPIO_WritePin
 449              	.LVL7:
 450              	.L21:
 451              		.align	2
 452              	.L20:
 453 000c 00000240 		.word	1073872896
 454              		.cfi_endproc
 455              	.LFE130:
 457              		.section	.text.getch,"ax",%progbits
 458              		.align	1
 459              		.p2align 2,,3
 460              		.global	getch
 461              		.syntax unified
 462              		.thumb
 463              		.thumb_func
 464              		.fpu softvfp
 466              	getch:
 467              	.LFB131:
 166:/home/reo/Documents/Repository/chipwhisperer/firmware/mcu/hal/chipwhisperer-fw-extra/stm32f4/stm32f4_hal.c **** #endif
 167:/home/reo/Documents/Repository/chipwhisperer/firmware/mcu/hal/chipwhisperer-fw-extra/stm32f4/stm32f4_hal.c **** }
 168:/home/reo/Documents/Repository/chipwhisperer/firmware/mcu/hal/chipwhisperer-fw-extra/stm32f4/stm32f4_hal.c **** char getch(void)
 169:/home/reo/Documents/Repository/chipwhisperer/firmware/mcu/hal/chipwhisperer-fw-extra/stm32f4/stm32f4_hal.c **** {
 468              		.loc 1 169 1 view -0
 469              		.cfi_startproc
 470              		@ args = 0, pretend = 0, frame = 8
 471              		@ frame_needed = 0, uses_anonymous_args = 0
 170:/home/reo/Documents/Repository/chipwhisperer/firmware/mcu/hal/chipwhisperer-fw-extra/stm32f4/stm32f4_hal.c **** 	uint8_t d;
 472              		.loc 1 170 2 view .LVU136
 171:/home/reo/Documents/Repository/chipwhisperer/firmware/mcu/hal/chipwhisperer-fw-extra/stm32f4/stm32f4_hal.c **** 	while (HAL_UART_Receive(&UartHandle, &d, 1, 5000) != HAL_OK);
 473              		.loc 1 171 2 view .LVU137
 169:/home/reo/Documents/Repository/chipwhisperer/firmware/mcu/hal/chipwhisperer-fw-extra/stm32f4/stm32f4_hal.c **** 	uint8_t d;
 474              		.loc 1 169 1 is_stmt 0 view .LVU138
 475 0000 10B5     		push	{r4, lr}
 476              	.LCFI9:
 477              		.cfi_def_cfa_offset 8
 478              		.cfi_offset 4, -8
 479              		.cfi_offset 14, -4
 480              		.loc 1 171 9 view .LVU139
 481 0002 084C     		ldr	r4, .L26
 169:/home/reo/Documents/Repository/chipwhisperer/firmware/mcu/hal/chipwhisperer-fw-extra/stm32f4/stm32f4_hal.c **** 	uint8_t d;
 482              		.loc 1 169 1 view .LVU140
 483 0004 82B0     		sub	sp, sp, #8
 484              	.LCFI10:
 485              		.cfi_def_cfa_offset 16
 486              	.L23:
 487              		.loc 1 171 62 is_stmt 1 discriminator 1 view .LVU141
 488              		.loc 1 171 8 discriminator 1 view .LVU142
 489              		.loc 1 171 9 is_stmt 0 discriminator 1 view .LVU143
 490 0006 41F28833 		movw	r3, #5000
 491 000a 0122     		movs	r2, #1
 492 000c 0DF10701 		add	r1, sp, #7
 493 0010 2046     		mov	r0, r4
 494 0012 FFF7FEFF 		bl	HAL_UART_Receive
 495              	.LVL8:
 496              		.loc 1 171 8 discriminator 1 view .LVU144
 497 0016 0028     		cmp	r0, #0
 498 0018 F5D1     		bne	.L23
 172:/home/reo/Documents/Repository/chipwhisperer/firmware/mcu/hal/chipwhisperer-fw-extra/stm32f4/stm32f4_hal.c **** 	return d;
 499              		.loc 1 172 2 is_stmt 1 view .LVU145
 173:/home/reo/Documents/Repository/chipwhisperer/firmware/mcu/hal/chipwhisperer-fw-extra/stm32f4/stm32f4_hal.c **** }
 500              		.loc 1 173 1 is_stmt 0 view .LVU146
 501 001a 9DF80700 		ldrb	r0, [sp, #7]	@ zero_extendqisi2
 502 001e 02B0     		add	sp, sp, #8
 503              	.LCFI11:
 504              		.cfi_def_cfa_offset 8
 505              		@ sp needed
 506 0020 10BD     		pop	{r4, pc}
 507              	.L27:
 508 0022 00BF     		.align	2
 509              	.L26:
 510 0024 0C000000 		.word	.LANCHOR0+12
 511              		.cfi_endproc
 512              	.LFE131:
 514              		.section	.text.putch,"ax",%progbits
 515              		.align	1
 516              		.p2align 2,,3
 517              		.global	putch
 518              		.syntax unified
 519              		.thumb
 520              		.thumb_func
 521              		.fpu softvfp
 523              	putch:
 524              	.LVL9:
 525              	.LFB132:
 174:/home/reo/Documents/Repository/chipwhisperer/firmware/mcu/hal/chipwhisperer-fw-extra/stm32f4/stm32f4_hal.c **** 
 175:/home/reo/Documents/Repository/chipwhisperer/firmware/mcu/hal/chipwhisperer-fw-extra/stm32f4/stm32f4_hal.c **** void putch(char c)
 176:/home/reo/Documents/Repository/chipwhisperer/firmware/mcu/hal/chipwhisperer-fw-extra/stm32f4/stm32f4_hal.c **** {
 526              		.loc 1 176 1 is_stmt 1 view -0
 527              		.cfi_startproc
 528              		@ args = 0, pretend = 0, frame = 8
 529              		@ frame_needed = 0, uses_anonymous_args = 0
 177:/home/reo/Documents/Repository/chipwhisperer/firmware/mcu/hal/chipwhisperer-fw-extra/stm32f4/stm32f4_hal.c **** 	uint8_t d  = c;
 530              		.loc 1 177 2 view .LVU148
 176:/home/reo/Documents/Repository/chipwhisperer/firmware/mcu/hal/chipwhisperer-fw-extra/stm32f4/stm32f4_hal.c **** 	uint8_t d  = c;
 531              		.loc 1 176 1 is_stmt 0 view .LVU149
 532 0000 00B5     		push	{lr}
 533              	.LCFI12:
 534              		.cfi_def_cfa_offset 4
 535              		.cfi_offset 14, -4
 536 0002 83B0     		sub	sp, sp, #12
 537              	.LCFI13:
 538              		.cfi_def_cfa_offset 16
 176:/home/reo/Documents/Repository/chipwhisperer/firmware/mcu/hal/chipwhisperer-fw-extra/stm32f4/stm32f4_hal.c **** 	uint8_t d  = c;
 539              		.loc 1 176 1 view .LVU150
 540 0004 8446     		mov	ip, r0
 178:/home/reo/Documents/Repository/chipwhisperer/firmware/mcu/hal/chipwhisperer-fw-extra/stm32f4/stm32f4_hal.c **** 	HAL_UART_Transmit(&UartHandle,  &d, 1, 5000);
 541              		.loc 1 178 2 view .LVU151
 542 0006 41F28833 		movw	r3, #5000
 543 000a 0122     		movs	r2, #1
 544 000c 0DF10701 		add	r1, sp, #7
 545 0010 0348     		ldr	r0, .L30
 546              	.LVL10:
 177:/home/reo/Documents/Repository/chipwhisperer/firmware/mcu/hal/chipwhisperer-fw-extra/stm32f4/stm32f4_hal.c **** 	uint8_t d  = c;
 547              		.loc 1 177 10 view .LVU152
 548 0012 8DF807C0 		strb	ip, [sp, #7]
 549              		.loc 1 178 2 is_stmt 1 view .LVU153
 550 0016 FFF7FEFF 		bl	HAL_UART_Transmit
 551              	.LVL11:
 179:/home/reo/Documents/Repository/chipwhisperer/firmware/mcu/hal/chipwhisperer-fw-extra/stm32f4/stm32f4_hal.c **** }
 552              		.loc 1 179 1 is_stmt 0 view .LVU154
 553 001a 03B0     		add	sp, sp, #12
 554              	.LCFI14:
 555              		.cfi_def_cfa_offset 4
 556              		@ sp needed
 557 001c 5DF804FB 		ldr	pc, [sp], #4
 558              	.L31:
 559              		.align	2
 560              	.L30:
 561 0020 0C000000 		.word	.LANCHOR0+12
 562              		.cfi_endproc
 563              	.LFE132:
 565              		.section	.text.get_rand,"ax",%progbits
 566              		.align	1
 567              		.p2align 2,,3
 568              		.global	get_rand
 569              		.syntax unified
 570              		.thumb
 571              		.thumb_func
 572              		.fpu softvfp
 574              	get_rand:
 575              	.LFB133:
 180:/home/reo/Documents/Repository/chipwhisperer/firmware/mcu/hal/chipwhisperer-fw-extra/stm32f4/stm32f4_hal.c **** 
 181:/home/reo/Documents/Repository/chipwhisperer/firmware/mcu/hal/chipwhisperer-fw-extra/stm32f4/stm32f4_hal.c **** uint32_t get_rand(void)
 182:/home/reo/Documents/Repository/chipwhisperer/firmware/mcu/hal/chipwhisperer-fw-extra/stm32f4/stm32f4_hal.c **** {
 576              		.loc 1 182 1 is_stmt 1 view -0
 577              		.cfi_startproc
 578              		@ args = 0, pretend = 0, frame = 8
 579              		@ frame_needed = 0, uses_anonymous_args = 0
 183:/home/reo/Documents/Repository/chipwhisperer/firmware/mcu/hal/chipwhisperer-fw-extra/stm32f4/stm32f4_hal.c **** 	uint32_t prev_rand = RngHandle.RandomNumber;
 580              		.loc 1 183 2 view .LVU156
 182:/home/reo/Documents/Repository/chipwhisperer/firmware/mcu/hal/chipwhisperer-fw-extra/stm32f4/stm32f4_hal.c **** 	uint32_t prev_rand = RngHandle.RandomNumber;
 581              		.loc 1 182 1 is_stmt 0 view .LVU157
 582 0000 30B5     		push	{r4, r5, lr}
 583              	.LCFI15:
 584              		.cfi_def_cfa_offset 12
 585              		.cfi_offset 4, -12
 586              		.cfi_offset 5, -8
 587              		.cfi_offset 14, -4
 588              		.loc 1 183 11 view .LVU158
 589 0002 084C     		ldr	r4, .L39
 182:/home/reo/Documents/Repository/chipwhisperer/firmware/mcu/hal/chipwhisperer-fw-extra/stm32f4/stm32f4_hal.c **** 	uint32_t prev_rand = RngHandle.RandomNumber;
 590              		.loc 1 182 1 view .LVU159
 591 0004 83B0     		sub	sp, sp, #12
 592              	.LCFI16:
 593              		.cfi_def_cfa_offset 24
 594              		.loc 1 183 11 view .LVU160
 595 0006 A568     		ldr	r5, [r4, #8]
 596              	.LVL12:
 597              		.loc 1 183 11 view .LVU161
 598 0008 02E0     		b	.L34
 599              	.LVL13:
 600              	.L38:
 184:/home/reo/Documents/Repository/chipwhisperer/firmware/mcu/hal/chipwhisperer-fw-extra/stm32f4/stm32f4_hal.c **** 	uint32_t next_rand;
 185:/home/reo/Documents/Repository/chipwhisperer/firmware/mcu/hal/chipwhisperer-fw-extra/stm32f4/stm32f4_hal.c **** 	HAL_StatusTypeDef error;
 186:/home/reo/Documents/Repository/chipwhisperer/firmware/mcu/hal/chipwhisperer-fw-extra/stm32f4/stm32f4_hal.c **** 
 187:/home/reo/Documents/Repository/chipwhisperer/firmware/mcu/hal/chipwhisperer-fw-extra/stm32f4/stm32f4_hal.c **** 	do {
 188:/home/reo/Documents/Repository/chipwhisperer/firmware/mcu/hal/chipwhisperer-fw-extra/stm32f4/stm32f4_hal.c **** 		error = HAL_RNG_GenerateRandomNumber(&RngHandle, &next_rand);
 189:/home/reo/Documents/Repository/chipwhisperer/firmware/mcu/hal/chipwhisperer-fw-extra/stm32f4/stm32f4_hal.c ****   	} while (error != HAL_OK && prev_rand == next_rand);
 601              		.loc 1 189 42 discriminator 1 view .LVU162
 602 000a 0198     		ldr	r0, [sp, #4]
 603              	.LVL14:
 604              		.loc 1 189 29 discriminator 1 view .LVU163
 605 000c A842     		cmp	r0, r5
 606 000e 06D1     		bne	.L32
 607              	.L34:
 184:/home/reo/Documents/Repository/chipwhisperer/firmware/mcu/hal/chipwhisperer-fw-extra/stm32f4/stm32f4_hal.c **** 	uint32_t next_rand;
 608              		.loc 1 184 2 is_stmt 1 discriminator 2 view .LVU164
 185:/home/reo/Documents/Repository/chipwhisperer/firmware/mcu/hal/chipwhisperer-fw-extra/stm32f4/stm32f4_hal.c **** 
 609              		.loc 1 185 2 discriminator 2 view .LVU165
 187:/home/reo/Documents/Repository/chipwhisperer/firmware/mcu/hal/chipwhisperer-fw-extra/stm32f4/stm32f4_hal.c **** 		error = HAL_RNG_GenerateRandomNumber(&RngHandle, &next_rand);
 610              		.loc 1 187 2 discriminator 2 view .LVU166
 188:/home/reo/Documents/Repository/chipwhisperer/firmware/mcu/hal/chipwhisperer-fw-extra/stm32f4/stm32f4_hal.c ****   	} while (error != HAL_OK && prev_rand == next_rand);
 611              		.loc 1 188 3 discriminator 2 view .LVU167
 188:/home/reo/Documents/Repository/chipwhisperer/firmware/mcu/hal/chipwhisperer-fw-extra/stm32f4/stm32f4_hal.c ****   	} while (error != HAL_OK && prev_rand == next_rand);
 612              		.loc 1 188 11 is_stmt 0 discriminator 2 view .LVU168
 613 0010 01A9     		add	r1, sp, #4
 614 0012 2046     		mov	r0, r4
 615 0014 FFF7FEFF 		bl	HAL_RNG_GenerateRandomNumber
 616              	.LVL15:
 617              		.loc 1 189 12 is_stmt 1 discriminator 2 view .LVU169
 618              		.loc 1 189 4 is_stmt 0 discriminator 2 view .LVU170
 619 0018 0028     		cmp	r0, #0
 620 001a F6D1     		bne	.L38
 621              		.loc 1 189 42 view .LVU171
 622 001c 0198     		ldr	r0, [sp, #4]
 623              	.LVL16:
 190:/home/reo/Documents/Repository/chipwhisperer/firmware/mcu/hal/chipwhisperer-fw-extra/stm32f4/stm32f4_hal.c ****   	return next_rand;
 624              		.loc 1 190 4 is_stmt 1 view .LVU172
 625              	.L32:
 191:/home/reo/Documents/Repository/chipwhisperer/firmware/mcu/hal/chipwhisperer-fw-extra/stm32f4/stm32f4_hal.c **** }
 626              		.loc 1 191 1 is_stmt 0 view .LVU173
 627 001e 03B0     		add	sp, sp, #12
 628              	.LCFI17:
 629              		.cfi_def_cfa_offset 12
 630              		@ sp needed
 631 0020 30BD     		pop	{r4, r5, pc}
 632              	.LVL17:
 633              	.L40:
 634              		.loc 1 191 1 view .LVU174
 635 0022 00BF     		.align	2
 636              	.L39:
 637 0024 00000000 		.word	.LANCHOR0
 638              		.cfi_endproc
 639              	.LFE133:
 641              		.section	.text.HW_AES128_Init,"ax",%progbits
 642              		.align	1
 643              		.p2align 2,,3
 644              		.global	HW_AES128_Init
 645              		.syntax unified
 646              		.thumb
 647              		.thumb_func
 648              		.fpu softvfp
 650              	HW_AES128_Init:
 651              	.LFB134:
 192:/home/reo/Documents/Repository/chipwhisperer/firmware/mcu/hal/chipwhisperer-fw-extra/stm32f4/stm32f4_hal.c **** 
 193:/home/reo/Documents/Repository/chipwhisperer/firmware/mcu/hal/chipwhisperer-fw-extra/stm32f4/stm32f4_hal.c **** void HW_AES128_Init(void)
 194:/home/reo/Documents/Repository/chipwhisperer/firmware/mcu/hal/chipwhisperer-fw-extra/stm32f4/stm32f4_hal.c **** {
 652              		.loc 1 194 1 is_stmt 1 view -0
 653              		.cfi_startproc
 654              		@ args = 0, pretend = 0, frame = 8
 655              		@ frame_needed = 0, uses_anonymous_args = 0
 656              		@ link register save eliminated.
 195:/home/reo/Documents/Repository/chipwhisperer/firmware/mcu/hal/chipwhisperer-fw-extra/stm32f4/stm32f4_hal.c **** 	cryp.Instance = CRYP;
 657              		.loc 1 195 2 view .LVU176
 194:/home/reo/Documents/Repository/chipwhisperer/firmware/mcu/hal/chipwhisperer-fw-extra/stm32f4/stm32f4_hal.c **** 	cryp.Instance = CRYP;
 658              		.loc 1 194 1 is_stmt 0 view .LVU177
 659 0000 30B4     		push	{r4, r5}
 660              	.LCFI18:
 661              		.cfi_def_cfa_offset 8
 662              		.cfi_offset 4, -8
 663              		.cfi_offset 5, -4
 664 0002 82B0     		sub	sp, sp, #8
 665              	.LCFI19:
 666              		.cfi_def_cfa_offset 16
 667              	.LBB22:
 196:/home/reo/Documents/Repository/chipwhisperer/firmware/mcu/hal/chipwhisperer-fw-extra/stm32f4/stm32f4_hal.c **** 	cryp.Init.DataType = CRYP_DATATYPE_8B;
 197:/home/reo/Documents/Repository/chipwhisperer/firmware/mcu/hal/chipwhisperer-fw-extra/stm32f4/stm32f4_hal.c **** 	cryp.Init.KeySize = CRYP_KEYSIZE_128B;
 198:/home/reo/Documents/Repository/chipwhisperer/firmware/mcu/hal/chipwhisperer-fw-extra/stm32f4/stm32f4_hal.c **** 	cryp.Init.pKey = hw_key;
 199:/home/reo/Documents/Repository/chipwhisperer/firmware/mcu/hal/chipwhisperer-fw-extra/stm32f4/stm32f4_hal.c ****   HW_AES128_LoadKey(hw_key);
 200:/home/reo/Documents/Repository/chipwhisperer/firmware/mcu/hal/chipwhisperer-fw-extra/stm32f4/stm32f4_hal.c ****   __HAL_RCC_CRYP_CLK_ENABLE();
 668              		.loc 1 200 3 view .LVU178
 669 0004 0D4A     		ldr	r2, .L43
 670              	.LBE22:
 195:/home/reo/Documents/Repository/chipwhisperer/firmware/mcu/hal/chipwhisperer-fw-extra/stm32f4/stm32f4_hal.c **** 	cryp.Init.DataType = CRYP_DATATYPE_8B;
 671              		.loc 1 195 16 view .LVU179
 672 0006 0E4B     		ldr	r3, .L43+4
 673 0008 0E48     		ldr	r0, .L43+8
 197:/home/reo/Documents/Repository/chipwhisperer/firmware/mcu/hal/chipwhisperer-fw-extra/stm32f4/stm32f4_hal.c **** 	cryp.Init.pKey = hw_key;
 674              		.loc 1 197 20 view .LVU180
 675 000a 0024     		movs	r4, #0
 676              	.LBB23:
 677              		.loc 1 200 3 view .LVU181
 678 000c 0194     		str	r4, [sp, #4]
 679 000e 516B     		ldr	r1, [r2, #52]
 680 0010 41F01001 		orr	r1, r1, #16
 681 0014 5163     		str	r1, [r2, #52]
 682 0016 526B     		ldr	r2, [r2, #52]
 683 0018 02F01002 		and	r2, r2, #16
 684 001c 0192     		str	r2, [sp, #4]
 685              	.LBE23:
 196:/home/reo/Documents/Repository/chipwhisperer/firmware/mcu/hal/chipwhisperer-fw-extra/stm32f4/stm32f4_hal.c **** 	cryp.Init.DataType = CRYP_DATATYPE_8B;
 686              		.loc 1 196 21 view .LVU182
 687 001e 8021     		movs	r1, #128
 688              	.LBB24:
 689              		.loc 1 200 3 view .LVU183
 690 0020 019D     		ldr	r5, [sp, #4]
 691              	.LBE24:
 196:/home/reo/Documents/Repository/chipwhisperer/firmware/mcu/hal/chipwhisperer-fw-extra/stm32f4/stm32f4_hal.c **** 	cryp.Init.DataType = CRYP_DATATYPE_8B;
 692              		.loc 1 196 21 view .LVU184
 693 0022 C3E91301 		strd	r0, r1, [r3, #76]
 197:/home/reo/Documents/Repository/chipwhisperer/firmware/mcu/hal/chipwhisperer-fw-extra/stm32f4/stm32f4_hal.c **** 	cryp.Init.pKey = hw_key;
 694              		.loc 1 197 2 is_stmt 1 view .LVU185
 198:/home/reo/Documents/Repository/chipwhisperer/firmware/mcu/hal/chipwhisperer-fw-extra/stm32f4/stm32f4_hal.c ****   HW_AES128_LoadKey(hw_key);
 695              		.loc 1 198 17 is_stmt 0 view .LVU186
 696 0026 03F18C02 		add	r2, r3, #140
 201:/home/reo/Documents/Repository/chipwhisperer/firmware/mcu/hal/chipwhisperer-fw-extra/stm32f4/stm32f4_hal.c **** 	HAL_CRYP_Init(&cryp);
 697              		.loc 1 201 2 view .LVU187
 698 002a 03F14C00 		add	r0, r3, #76
 198:/home/reo/Documents/Repository/chipwhisperer/firmware/mcu/hal/chipwhisperer-fw-extra/stm32f4/stm32f4_hal.c ****   HW_AES128_LoadKey(hw_key);
 699              		.loc 1 198 17 view .LVU188
 700 002e C3E91542 		strd	r4, r2, [r3, #84]
 199:/home/reo/Documents/Repository/chipwhisperer/firmware/mcu/hal/chipwhisperer-fw-extra/stm32f4/stm32f4_hal.c ****   __HAL_RCC_CRYP_CLK_ENABLE();
 701              		.loc 1 199 3 is_stmt 1 view .LVU189
 702              	.LVL18:
 202:/home/reo/Documents/Repository/chipwhisperer/firmware/mcu/hal/chipwhisperer-fw-extra/stm32f4/stm32f4_hal.c **** }
 203:/home/reo/Documents/Repository/chipwhisperer/firmware/mcu/hal/chipwhisperer-fw-extra/stm32f4/stm32f4_hal.c **** 
 204:/home/reo/Documents/Repository/chipwhisperer/firmware/mcu/hal/chipwhisperer-fw-extra/stm32f4/stm32f4_hal.c **** void HW_AES128_LoadKey(uint8_t* key)
 205:/home/reo/Documents/Repository/chipwhisperer/firmware/mcu/hal/chipwhisperer-fw-extra/stm32f4/stm32f4_hal.c **** {
 206:/home/reo/Documents/Repository/chipwhisperer/firmware/mcu/hal/chipwhisperer-fw-extra/stm32f4/stm32f4_hal.c **** 	for(int i = 0; i < 16; i++)
 703              		.loc 1 206 2 view .LVU190
 704              		.loc 1 206 6 view .LVU191
 705              		.loc 1 206 17 view .LVU192
 207:/home/reo/Documents/Repository/chipwhisperer/firmware/mcu/hal/chipwhisperer-fw-extra/stm32f4/stm32f4_hal.c **** 	{
 208:/home/reo/Documents/Repository/chipwhisperer/firmware/mcu/hal/chipwhisperer-fw-extra/stm32f4/stm32f4_hal.c **** 		cryp.Init.pKey[i] = key[i];
 706              		.loc 1 208 3 view .LVU193
 206:/home/reo/Documents/Repository/chipwhisperer/firmware/mcu/hal/chipwhisperer-fw-extra/stm32f4/stm32f4_hal.c **** 	{
 707              		.loc 1 206 25 view .LVU194
 206:/home/reo/Documents/Repository/chipwhisperer/firmware/mcu/hal/chipwhisperer-fw-extra/stm32f4/stm32f4_hal.c **** 	{
 708              		.loc 1 206 17 view .LVU195
 709              		.loc 1 208 3 view .LVU196
 206:/home/reo/Documents/Repository/chipwhisperer/firmware/mcu/hal/chipwhisperer-fw-extra/stm32f4/stm32f4_hal.c **** 	{
 710              		.loc 1 206 25 view .LVU197
 206:/home/reo/Documents/Repository/chipwhisperer/firmware/mcu/hal/chipwhisperer-fw-extra/stm32f4/stm32f4_hal.c **** 	{
 711              		.loc 1 206 17 view .LVU198
 712              		.loc 1 208 3 view .LVU199
 206:/home/reo/Documents/Repository/chipwhisperer/firmware/mcu/hal/chipwhisperer-fw-extra/stm32f4/stm32f4_hal.c **** 	{
 713              		.loc 1 206 25 view .LVU200
 206:/home/reo/Documents/Repository/chipwhisperer/firmware/mcu/hal/chipwhisperer-fw-extra/stm32f4/stm32f4_hal.c **** 	{
 714              		.loc 1 206 17 view .LVU201
 715              		.loc 1 208 3 view .LVU202
 206:/home/reo/Documents/Repository/chipwhisperer/firmware/mcu/hal/chipwhisperer-fw-extra/stm32f4/stm32f4_hal.c **** 	{
 716              		.loc 1 206 25 view .LVU203
 206:/home/reo/Documents/Repository/chipwhisperer/firmware/mcu/hal/chipwhisperer-fw-extra/stm32f4/stm32f4_hal.c **** 	{
 717              		.loc 1 206 17 view .LVU204
 718              		.loc 1 208 3 view .LVU205
 206:/home/reo/Documents/Repository/chipwhisperer/firmware/mcu/hal/chipwhisperer-fw-extra/stm32f4/stm32f4_hal.c **** 	{
 719              		.loc 1 206 25 view .LVU206
 206:/home/reo/Documents/Repository/chipwhisperer/firmware/mcu/hal/chipwhisperer-fw-extra/stm32f4/stm32f4_hal.c **** 	{
 720              		.loc 1 206 17 view .LVU207
 721              		.loc 1 208 3 view .LVU208
 206:/home/reo/Documents/Repository/chipwhisperer/firmware/mcu/hal/chipwhisperer-fw-extra/stm32f4/stm32f4_hal.c **** 	{
 722              		.loc 1 206 25 view .LVU209
 206:/home/reo/Documents/Repository/chipwhisperer/firmware/mcu/hal/chipwhisperer-fw-extra/stm32f4/stm32f4_hal.c **** 	{
 723              		.loc 1 206 17 view .LVU210
 724              		.loc 1 208 3 view .LVU211
 206:/home/reo/Documents/Repository/chipwhisperer/firmware/mcu/hal/chipwhisperer-fw-extra/stm32f4/stm32f4_hal.c **** 	{
 725              		.loc 1 206 25 view .LVU212
 206:/home/reo/Documents/Repository/chipwhisperer/firmware/mcu/hal/chipwhisperer-fw-extra/stm32f4/stm32f4_hal.c **** 	{
 726              		.loc 1 206 17 view .LVU213
 727              		.loc 1 208 3 view .LVU214
 206:/home/reo/Documents/Repository/chipwhisperer/firmware/mcu/hal/chipwhisperer-fw-extra/stm32f4/stm32f4_hal.c **** 	{
 728              		.loc 1 206 25 view .LVU215
 206:/home/reo/Documents/Repository/chipwhisperer/firmware/mcu/hal/chipwhisperer-fw-extra/stm32f4/stm32f4_hal.c **** 	{
 729              		.loc 1 206 17 view .LVU216
 730              		.loc 1 208 3 view .LVU217
 206:/home/reo/Documents/Repository/chipwhisperer/firmware/mcu/hal/chipwhisperer-fw-extra/stm32f4/stm32f4_hal.c **** 	{
 731              		.loc 1 206 25 view .LVU218
 206:/home/reo/Documents/Repository/chipwhisperer/firmware/mcu/hal/chipwhisperer-fw-extra/stm32f4/stm32f4_hal.c **** 	{
 732              		.loc 1 206 17 view .LVU219
 733              		.loc 1 208 3 view .LVU220
 206:/home/reo/Documents/Repository/chipwhisperer/firmware/mcu/hal/chipwhisperer-fw-extra/stm32f4/stm32f4_hal.c **** 	{
 734              		.loc 1 206 25 view .LVU221
 206:/home/reo/Documents/Repository/chipwhisperer/firmware/mcu/hal/chipwhisperer-fw-extra/stm32f4/stm32f4_hal.c **** 	{
 735              		.loc 1 206 17 view .LVU222
 736              		.loc 1 208 3 view .LVU223
 206:/home/reo/Documents/Repository/chipwhisperer/firmware/mcu/hal/chipwhisperer-fw-extra/stm32f4/stm32f4_hal.c **** 	{
 737              		.loc 1 206 25 view .LVU224
 206:/home/reo/Documents/Repository/chipwhisperer/firmware/mcu/hal/chipwhisperer-fw-extra/stm32f4/stm32f4_hal.c **** 	{
 738              		.loc 1 206 17 view .LVU225
 739              		.loc 1 208 3 view .LVU226
 206:/home/reo/Documents/Repository/chipwhisperer/firmware/mcu/hal/chipwhisperer-fw-extra/stm32f4/stm32f4_hal.c **** 	{
 740              		.loc 1 206 25 view .LVU227
 206:/home/reo/Documents/Repository/chipwhisperer/firmware/mcu/hal/chipwhisperer-fw-extra/stm32f4/stm32f4_hal.c **** 	{
 741              		.loc 1 206 17 view .LVU228
 742              		.loc 1 208 3 view .LVU229
 206:/home/reo/Documents/Repository/chipwhisperer/firmware/mcu/hal/chipwhisperer-fw-extra/stm32f4/stm32f4_hal.c **** 	{
 743              		.loc 1 206 25 view .LVU230
 206:/home/reo/Documents/Repository/chipwhisperer/firmware/mcu/hal/chipwhisperer-fw-extra/stm32f4/stm32f4_hal.c **** 	{
 744              		.loc 1 206 17 view .LVU231
 745              		.loc 1 208 3 view .LVU232
 206:/home/reo/Documents/Repository/chipwhisperer/firmware/mcu/hal/chipwhisperer-fw-extra/stm32f4/stm32f4_hal.c **** 	{
 746              		.loc 1 206 25 view .LVU233
 206:/home/reo/Documents/Repository/chipwhisperer/firmware/mcu/hal/chipwhisperer-fw-extra/stm32f4/stm32f4_hal.c **** 	{
 747              		.loc 1 206 17 view .LVU234
 748              		.loc 1 208 3 view .LVU235
 206:/home/reo/Documents/Repository/chipwhisperer/firmware/mcu/hal/chipwhisperer-fw-extra/stm32f4/stm32f4_hal.c **** 	{
 749              		.loc 1 206 25 view .LVU236
 206:/home/reo/Documents/Repository/chipwhisperer/firmware/mcu/hal/chipwhisperer-fw-extra/stm32f4/stm32f4_hal.c **** 	{
 750              		.loc 1 206 17 view .LVU237
 751              		.loc 1 208 3 view .LVU238
 206:/home/reo/Documents/Repository/chipwhisperer/firmware/mcu/hal/chipwhisperer-fw-extra/stm32f4/stm32f4_hal.c **** 	{
 752              		.loc 1 206 25 view .LVU239
 206:/home/reo/Documents/Repository/chipwhisperer/firmware/mcu/hal/chipwhisperer-fw-extra/stm32f4/stm32f4_hal.c **** 	{
 753              		.loc 1 206 17 view .LVU240
 200:/home/reo/Documents/Repository/chipwhisperer/firmware/mcu/hal/chipwhisperer-fw-extra/stm32f4/stm32f4_hal.c **** 	HAL_CRYP_Init(&cryp);
 754              		.loc 1 200 3 view .LVU241
 755              	.LBB25:
 200:/home/reo/Documents/Repository/chipwhisperer/firmware/mcu/hal/chipwhisperer-fw-extra/stm32f4/stm32f4_hal.c **** 	HAL_CRYP_Init(&cryp);
 756              		.loc 1 200 3 view .LVU242
 200:/home/reo/Documents/Repository/chipwhisperer/firmware/mcu/hal/chipwhisperer-fw-extra/stm32f4/stm32f4_hal.c **** 	HAL_CRYP_Init(&cryp);
 757              		.loc 1 200 3 view .LVU243
 200:/home/reo/Documents/Repository/chipwhisperer/firmware/mcu/hal/chipwhisperer-fw-extra/stm32f4/stm32f4_hal.c **** 	HAL_CRYP_Init(&cryp);
 758              		.loc 1 200 3 view .LVU244
 200:/home/reo/Documents/Repository/chipwhisperer/firmware/mcu/hal/chipwhisperer-fw-extra/stm32f4/stm32f4_hal.c **** 	HAL_CRYP_Init(&cryp);
 759              		.loc 1 200 3 view .LVU245
 760              	.LBE25:
 200:/home/reo/Documents/Repository/chipwhisperer/firmware/mcu/hal/chipwhisperer-fw-extra/stm32f4/stm32f4_hal.c **** 	HAL_CRYP_Init(&cryp);
 761              		.loc 1 200 3 view .LVU246
 201:/home/reo/Documents/Repository/chipwhisperer/firmware/mcu/hal/chipwhisperer-fw-extra/stm32f4/stm32f4_hal.c **** }
 762              		.loc 1 201 2 view .LVU247
 202:/home/reo/Documents/Repository/chipwhisperer/firmware/mcu/hal/chipwhisperer-fw-extra/stm32f4/stm32f4_hal.c **** 
 763              		.loc 1 202 1 is_stmt 0 view .LVU248
 764 0032 02B0     		add	sp, sp, #8
 765              	.LCFI20:
 766              		.cfi_def_cfa_offset 8
 767              		@ sp needed
 768 0034 30BC     		pop	{r4, r5}
 769              	.LCFI21:
 770              		.cfi_restore 5
 771              		.cfi_restore 4
 772              		.cfi_def_cfa_offset 0
 201:/home/reo/Documents/Repository/chipwhisperer/firmware/mcu/hal/chipwhisperer-fw-extra/stm32f4/stm32f4_hal.c **** }
 773              		.loc 1 201 2 view .LVU249
 774 0036 FFF7FEBF 		b	HAL_CRYP_Init
 775              	.LVL19:
 776              	.L44:
 777 003a 00BF     		.align	2
 778              	.L43:
 779 003c 00380240 		.word	1073887232
 780 0040 00000000 		.word	.LANCHOR0
 781 0044 00000650 		.word	1342570496
 782              		.cfi_endproc
 783              	.LFE134:
 785              		.section	.text.HW_AES128_LoadKey,"ax",%progbits
 786              		.align	1
 787              		.p2align 2,,3
 788              		.global	HW_AES128_LoadKey
 789              		.syntax unified
 790              		.thumb
 791              		.thumb_func
 792              		.fpu softvfp
 794              	HW_AES128_LoadKey:
 795              	.LVL20:
 796              	.LFB135:
 205:/home/reo/Documents/Repository/chipwhisperer/firmware/mcu/hal/chipwhisperer-fw-extra/stm32f4/stm32f4_hal.c **** 	for(int i = 0; i < 16; i++)
 797              		.loc 1 205 1 is_stmt 1 view -0
 798              		.cfi_startproc
 799              		@ args = 0, pretend = 0, frame = 0
 800              		@ frame_needed = 0, uses_anonymous_args = 0
 801              		@ link register save eliminated.
 206:/home/reo/Documents/Repository/chipwhisperer/firmware/mcu/hal/chipwhisperer-fw-extra/stm32f4/stm32f4_hal.c **** 	{
 802              		.loc 1 206 2 view .LVU251
 803              	.LBB26:
 206:/home/reo/Documents/Repository/chipwhisperer/firmware/mcu/hal/chipwhisperer-fw-extra/stm32f4/stm32f4_hal.c **** 	{
 804              		.loc 1 206 6 view .LVU252
 206:/home/reo/Documents/Repository/chipwhisperer/firmware/mcu/hal/chipwhisperer-fw-extra/stm32f4/stm32f4_hal.c **** 	{
 805              		.loc 1 206 17 view .LVU253
 806              		.loc 1 208 3 view .LVU254
 807              		.loc 1 208 12 is_stmt 0 view .LVU255
 808 0000 184B     		ldr	r3, .L46
 809              		.loc 1 208 26 view .LVU256
 810 0002 0178     		ldrb	r1, [r0]	@ zero_extendqisi2
 811              		.loc 1 208 12 view .LVU257
 812 0004 9A6D     		ldr	r2, [r3, #88]
 813              		.loc 1 208 21 view .LVU258
 814 0006 1170     		strb	r1, [r2]
 206:/home/reo/Documents/Repository/chipwhisperer/firmware/mcu/hal/chipwhisperer-fw-extra/stm32f4/stm32f4_hal.c **** 	{
 815              		.loc 1 206 25 is_stmt 1 view .LVU259
 816              	.LVL21:
 206:/home/reo/Documents/Repository/chipwhisperer/firmware/mcu/hal/chipwhisperer-fw-extra/stm32f4/stm32f4_hal.c **** 	{
 817              		.loc 1 206 17 view .LVU260
 818              		.loc 1 208 3 view .LVU261
 819              		.loc 1 208 12 is_stmt 0 view .LVU262
 820 0008 9A6D     		ldr	r2, [r3, #88]
 821              		.loc 1 208 26 view .LVU263
 822 000a 4178     		ldrb	r1, [r0, #1]	@ zero_extendqisi2
 823              		.loc 1 208 21 view .LVU264
 824 000c 5170     		strb	r1, [r2, #1]
 206:/home/reo/Documents/Repository/chipwhisperer/firmware/mcu/hal/chipwhisperer-fw-extra/stm32f4/stm32f4_hal.c **** 	{
 825              		.loc 1 206 25 is_stmt 1 view .LVU265
 826              	.LVL22:
 206:/home/reo/Documents/Repository/chipwhisperer/firmware/mcu/hal/chipwhisperer-fw-extra/stm32f4/stm32f4_hal.c **** 	{
 827              		.loc 1 206 17 view .LVU266
 828              		.loc 1 208 3 view .LVU267
 829              		.loc 1 208 12 is_stmt 0 view .LVU268
 830 000e 9A6D     		ldr	r2, [r3, #88]
 831              		.loc 1 208 26 view .LVU269
 832 0010 8178     		ldrb	r1, [r0, #2]	@ zero_extendqisi2
 833              		.loc 1 208 21 view .LVU270
 834 0012 9170     		strb	r1, [r2, #2]
 206:/home/reo/Documents/Repository/chipwhisperer/firmware/mcu/hal/chipwhisperer-fw-extra/stm32f4/stm32f4_hal.c **** 	{
 835              		.loc 1 206 25 is_stmt 1 view .LVU271
 836              	.LVL23:
 206:/home/reo/Documents/Repository/chipwhisperer/firmware/mcu/hal/chipwhisperer-fw-extra/stm32f4/stm32f4_hal.c **** 	{
 837              		.loc 1 206 17 view .LVU272
 838              		.loc 1 208 3 view .LVU273
 839              		.loc 1 208 12 is_stmt 0 view .LVU274
 840 0014 9A6D     		ldr	r2, [r3, #88]
 841              		.loc 1 208 26 view .LVU275
 842 0016 C178     		ldrb	r1, [r0, #3]	@ zero_extendqisi2
 843              		.loc 1 208 21 view .LVU276
 844 0018 D170     		strb	r1, [r2, #3]
 206:/home/reo/Documents/Repository/chipwhisperer/firmware/mcu/hal/chipwhisperer-fw-extra/stm32f4/stm32f4_hal.c **** 	{
 845              		.loc 1 206 25 is_stmt 1 view .LVU277
 846              	.LVL24:
 206:/home/reo/Documents/Repository/chipwhisperer/firmware/mcu/hal/chipwhisperer-fw-extra/stm32f4/stm32f4_hal.c **** 	{
 847              		.loc 1 206 17 view .LVU278
 848              		.loc 1 208 3 view .LVU279
 849              		.loc 1 208 12 is_stmt 0 view .LVU280
 850 001a 9A6D     		ldr	r2, [r3, #88]
 851              		.loc 1 208 26 view .LVU281
 852 001c 0179     		ldrb	r1, [r0, #4]	@ zero_extendqisi2
 853              		.loc 1 208 21 view .LVU282
 854 001e 1171     		strb	r1, [r2, #4]
 206:/home/reo/Documents/Repository/chipwhisperer/firmware/mcu/hal/chipwhisperer-fw-extra/stm32f4/stm32f4_hal.c **** 	{
 855              		.loc 1 206 25 is_stmt 1 view .LVU283
 856              	.LVL25:
 206:/home/reo/Documents/Repository/chipwhisperer/firmware/mcu/hal/chipwhisperer-fw-extra/stm32f4/stm32f4_hal.c **** 	{
 857              		.loc 1 206 17 view .LVU284
 858              		.loc 1 208 3 view .LVU285
 859              		.loc 1 208 12 is_stmt 0 view .LVU286
 860 0020 9A6D     		ldr	r2, [r3, #88]
 861              		.loc 1 208 26 view .LVU287
 862 0022 4179     		ldrb	r1, [r0, #5]	@ zero_extendqisi2
 863              		.loc 1 208 21 view .LVU288
 864 0024 5171     		strb	r1, [r2, #5]
 206:/home/reo/Documents/Repository/chipwhisperer/firmware/mcu/hal/chipwhisperer-fw-extra/stm32f4/stm32f4_hal.c **** 	{
 865              		.loc 1 206 25 is_stmt 1 view .LVU289
 866              	.LVL26:
 206:/home/reo/Documents/Repository/chipwhisperer/firmware/mcu/hal/chipwhisperer-fw-extra/stm32f4/stm32f4_hal.c **** 	{
 867              		.loc 1 206 17 view .LVU290
 868              		.loc 1 208 3 view .LVU291
 869              		.loc 1 208 12 is_stmt 0 view .LVU292
 870 0026 9A6D     		ldr	r2, [r3, #88]
 871              		.loc 1 208 26 view .LVU293
 872 0028 8179     		ldrb	r1, [r0, #6]	@ zero_extendqisi2
 873              		.loc 1 208 21 view .LVU294
 874 002a 9171     		strb	r1, [r2, #6]
 206:/home/reo/Documents/Repository/chipwhisperer/firmware/mcu/hal/chipwhisperer-fw-extra/stm32f4/stm32f4_hal.c **** 	{
 875              		.loc 1 206 25 is_stmt 1 view .LVU295
 876              	.LVL27:
 206:/home/reo/Documents/Repository/chipwhisperer/firmware/mcu/hal/chipwhisperer-fw-extra/stm32f4/stm32f4_hal.c **** 	{
 877              		.loc 1 206 17 view .LVU296
 878              		.loc 1 208 3 view .LVU297
 879              		.loc 1 208 12 is_stmt 0 view .LVU298
 880 002c 9A6D     		ldr	r2, [r3, #88]
 881              		.loc 1 208 26 view .LVU299
 882 002e C179     		ldrb	r1, [r0, #7]	@ zero_extendqisi2
 883              		.loc 1 208 21 view .LVU300
 884 0030 D171     		strb	r1, [r2, #7]
 206:/home/reo/Documents/Repository/chipwhisperer/firmware/mcu/hal/chipwhisperer-fw-extra/stm32f4/stm32f4_hal.c **** 	{
 885              		.loc 1 206 25 is_stmt 1 view .LVU301
 886              	.LVL28:
 206:/home/reo/Documents/Repository/chipwhisperer/firmware/mcu/hal/chipwhisperer-fw-extra/stm32f4/stm32f4_hal.c **** 	{
 887              		.loc 1 206 17 view .LVU302
 888              		.loc 1 208 3 view .LVU303
 889              		.loc 1 208 12 is_stmt 0 view .LVU304
 890 0032 9A6D     		ldr	r2, [r3, #88]
 891              		.loc 1 208 26 view .LVU305
 892 0034 017A     		ldrb	r1, [r0, #8]	@ zero_extendqisi2
 893              		.loc 1 208 21 view .LVU306
 894 0036 1172     		strb	r1, [r2, #8]
 206:/home/reo/Documents/Repository/chipwhisperer/firmware/mcu/hal/chipwhisperer-fw-extra/stm32f4/stm32f4_hal.c **** 	{
 895              		.loc 1 206 25 is_stmt 1 view .LVU307
 896              	.LVL29:
 206:/home/reo/Documents/Repository/chipwhisperer/firmware/mcu/hal/chipwhisperer-fw-extra/stm32f4/stm32f4_hal.c **** 	{
 897              		.loc 1 206 17 view .LVU308
 898              		.loc 1 208 3 view .LVU309
 899              		.loc 1 208 12 is_stmt 0 view .LVU310
 900 0038 9A6D     		ldr	r2, [r3, #88]
 901              		.loc 1 208 26 view .LVU311
 902 003a 417A     		ldrb	r1, [r0, #9]	@ zero_extendqisi2
 903              		.loc 1 208 21 view .LVU312
 904 003c 5172     		strb	r1, [r2, #9]
 206:/home/reo/Documents/Repository/chipwhisperer/firmware/mcu/hal/chipwhisperer-fw-extra/stm32f4/stm32f4_hal.c **** 	{
 905              		.loc 1 206 25 is_stmt 1 view .LVU313
 906              	.LVL30:
 206:/home/reo/Documents/Repository/chipwhisperer/firmware/mcu/hal/chipwhisperer-fw-extra/stm32f4/stm32f4_hal.c **** 	{
 907              		.loc 1 206 17 view .LVU314
 908              		.loc 1 208 3 view .LVU315
 909              		.loc 1 208 12 is_stmt 0 view .LVU316
 910 003e 9A6D     		ldr	r2, [r3, #88]
 911              		.loc 1 208 26 view .LVU317
 912 0040 817A     		ldrb	r1, [r0, #10]	@ zero_extendqisi2
 913              		.loc 1 208 21 view .LVU318
 914 0042 9172     		strb	r1, [r2, #10]
 206:/home/reo/Documents/Repository/chipwhisperer/firmware/mcu/hal/chipwhisperer-fw-extra/stm32f4/stm32f4_hal.c **** 	{
 915              		.loc 1 206 25 is_stmt 1 view .LVU319
 916              	.LVL31:
 206:/home/reo/Documents/Repository/chipwhisperer/firmware/mcu/hal/chipwhisperer-fw-extra/stm32f4/stm32f4_hal.c **** 	{
 917              		.loc 1 206 17 view .LVU320
 918              		.loc 1 208 3 view .LVU321
 919              		.loc 1 208 12 is_stmt 0 view .LVU322
 920 0044 9A6D     		ldr	r2, [r3, #88]
 921              		.loc 1 208 26 view .LVU323
 922 0046 C17A     		ldrb	r1, [r0, #11]	@ zero_extendqisi2
 923              		.loc 1 208 21 view .LVU324
 924 0048 D172     		strb	r1, [r2, #11]
 206:/home/reo/Documents/Repository/chipwhisperer/firmware/mcu/hal/chipwhisperer-fw-extra/stm32f4/stm32f4_hal.c **** 	{
 925              		.loc 1 206 25 is_stmt 1 view .LVU325
 926              	.LVL32:
 206:/home/reo/Documents/Repository/chipwhisperer/firmware/mcu/hal/chipwhisperer-fw-extra/stm32f4/stm32f4_hal.c **** 	{
 927              		.loc 1 206 17 view .LVU326
 928              		.loc 1 208 3 view .LVU327
 929              		.loc 1 208 12 is_stmt 0 view .LVU328
 930 004a 9A6D     		ldr	r2, [r3, #88]
 931              		.loc 1 208 26 view .LVU329
 932 004c 017B     		ldrb	r1, [r0, #12]	@ zero_extendqisi2
 933              		.loc 1 208 21 view .LVU330
 934 004e 1173     		strb	r1, [r2, #12]
 206:/home/reo/Documents/Repository/chipwhisperer/firmware/mcu/hal/chipwhisperer-fw-extra/stm32f4/stm32f4_hal.c **** 	{
 935              		.loc 1 206 25 is_stmt 1 view .LVU331
 936              	.LVL33:
 206:/home/reo/Documents/Repository/chipwhisperer/firmware/mcu/hal/chipwhisperer-fw-extra/stm32f4/stm32f4_hal.c **** 	{
 937              		.loc 1 206 17 view .LVU332
 938              		.loc 1 208 3 view .LVU333
 939              		.loc 1 208 12 is_stmt 0 view .LVU334
 940 0050 9A6D     		ldr	r2, [r3, #88]
 941              		.loc 1 208 26 view .LVU335
 942 0052 417B     		ldrb	r1, [r0, #13]	@ zero_extendqisi2
 943              		.loc 1 208 21 view .LVU336
 944 0054 5173     		strb	r1, [r2, #13]
 206:/home/reo/Documents/Repository/chipwhisperer/firmware/mcu/hal/chipwhisperer-fw-extra/stm32f4/stm32f4_hal.c **** 	{
 945              		.loc 1 206 25 is_stmt 1 view .LVU337
 946              	.LVL34:
 206:/home/reo/Documents/Repository/chipwhisperer/firmware/mcu/hal/chipwhisperer-fw-extra/stm32f4/stm32f4_hal.c **** 	{
 947              		.loc 1 206 17 view .LVU338
 948              		.loc 1 208 3 view .LVU339
 949              		.loc 1 208 12 is_stmt 0 view .LVU340
 950 0056 9A6D     		ldr	r2, [r3, #88]
 951              		.loc 1 208 26 view .LVU341
 952 0058 817B     		ldrb	r1, [r0, #14]	@ zero_extendqisi2
 953              		.loc 1 208 21 view .LVU342
 954 005a 9173     		strb	r1, [r2, #14]
 206:/home/reo/Documents/Repository/chipwhisperer/firmware/mcu/hal/chipwhisperer-fw-extra/stm32f4/stm32f4_hal.c **** 	{
 955              		.loc 1 206 25 is_stmt 1 view .LVU343
 956              	.LVL35:
 206:/home/reo/Documents/Repository/chipwhisperer/firmware/mcu/hal/chipwhisperer-fw-extra/stm32f4/stm32f4_hal.c **** 	{
 957              		.loc 1 206 17 view .LVU344
 958              		.loc 1 208 3 view .LVU345
 959              		.loc 1 208 12 is_stmt 0 view .LVU346
 960 005c 9B6D     		ldr	r3, [r3, #88]
 961              		.loc 1 208 26 view .LVU347
 962 005e C27B     		ldrb	r2, [r0, #15]	@ zero_extendqisi2
 963              		.loc 1 208 21 view .LVU348
 964 0060 DA73     		strb	r2, [r3, #15]
 206:/home/reo/Documents/Repository/chipwhisperer/firmware/mcu/hal/chipwhisperer-fw-extra/stm32f4/stm32f4_hal.c **** 	{
 965              		.loc 1 206 25 is_stmt 1 view .LVU349
 966              	.LVL36:
 206:/home/reo/Documents/Repository/chipwhisperer/firmware/mcu/hal/chipwhisperer-fw-extra/stm32f4/stm32f4_hal.c **** 	{
 967              		.loc 1 206 17 view .LVU350
 968              	.LBE26:
 209:/home/reo/Documents/Repository/chipwhisperer/firmware/mcu/hal/chipwhisperer-fw-extra/stm32f4/stm32f4_hal.c **** 	}
 210:/home/reo/Documents/Repository/chipwhisperer/firmware/mcu/hal/chipwhisperer-fw-extra/stm32f4/stm32f4_hal.c **** }
 969              		.loc 1 210 1 is_stmt 0 view .LVU351
 970 0062 7047     		bx	lr
 971              	.L47:
 972              		.align	2
 973              	.L46:
 974 0064 00000000 		.word	.LANCHOR0
 975              		.cfi_endproc
 976              	.LFE135:
 978              		.section	.text.HW_AES128_Enc_pretrigger,"ax",%progbits
 979              		.align	1
 980              		.p2align 2,,3
 981              		.global	HW_AES128_Enc_pretrigger
 982              		.syntax unified
 983              		.thumb
 984              		.thumb_func
 985              		.fpu softvfp
 987              	HW_AES128_Enc_pretrigger:
 988              	.LVL37:
 989              	.LFB136:
 211:/home/reo/Documents/Repository/chipwhisperer/firmware/mcu/hal/chipwhisperer-fw-extra/stm32f4/stm32f4_hal.c **** 
 212:/home/reo/Documents/Repository/chipwhisperer/firmware/mcu/hal/chipwhisperer-fw-extra/stm32f4/stm32f4_hal.c **** void HW_AES128_Enc_pretrigger(uint8_t* pt)
 213:/home/reo/Documents/Repository/chipwhisperer/firmware/mcu/hal/chipwhisperer-fw-extra/stm32f4/stm32f4_hal.c **** {
 990              		.loc 1 213 1 is_stmt 1 view -0
 991              		.cfi_startproc
 992              		@ args = 0, pretend = 0, frame = 0
 993              		@ frame_needed = 0, uses_anonymous_args = 0
 994              		@ link register save eliminated.
 214:/home/reo/Documents/Repository/chipwhisperer/firmware/mcu/hal/chipwhisperer-fw-extra/stm32f4/stm32f4_hal.c ****     HAL_CRYP_Init(&cryp);
 995              		.loc 1 214 5 view .LVU353
 996 0000 0148     		ldr	r0, .L49
 997              	.LVL38:
 998              		.loc 1 214 5 is_stmt 0 view .LVU354
 999 0002 FFF7FEBF 		b	HAL_CRYP_Init
 1000              	.LVL39:
 1001              	.L50:
 1002 0006 00BF     		.align	2
 1003              	.L49:
 1004 0008 4C000000 		.word	.LANCHOR0+76
 1005              		.cfi_endproc
 1006              	.LFE136:
 1008              		.section	.text.HW_AES128_Enc,"ax",%progbits
 1009              		.align	1
 1010              		.p2align 2,,3
 1011              		.global	HW_AES128_Enc
 1012              		.syntax unified
 1013              		.thumb
 1014              		.thumb_func
 1015              		.fpu softvfp
 1017              	HW_AES128_Enc:
 1018              	.LVL40:
 1019              	.LFB137:
 215:/home/reo/Documents/Repository/chipwhisperer/firmware/mcu/hal/chipwhisperer-fw-extra/stm32f4/stm32f4_hal.c **** }
 216:/home/reo/Documents/Repository/chipwhisperer/firmware/mcu/hal/chipwhisperer-fw-extra/stm32f4/stm32f4_hal.c **** 
 217:/home/reo/Documents/Repository/chipwhisperer/firmware/mcu/hal/chipwhisperer-fw-extra/stm32f4/stm32f4_hal.c **** void HW_AES128_Enc(uint8_t* pt)
 218:/home/reo/Documents/Repository/chipwhisperer/firmware/mcu/hal/chipwhisperer-fw-extra/stm32f4/stm32f4_hal.c **** {
 1020              		.loc 1 218 1 is_stmt 1 view -0
 1021              		.cfi_startproc
 1022              		@ args = 0, pretend = 0, frame = 0
 1023              		@ frame_needed = 0, uses_anonymous_args = 0
 219:/home/reo/Documents/Repository/chipwhisperer/firmware/mcu/hal/chipwhisperer-fw-extra/stm32f4/stm32f4_hal.c ****     HAL_CRYP_AESECB_Encrypt(&cryp, pt, 16, pt, 1000);
 1024              		.loc 1 219 5 view .LVU356
 218:/home/reo/Documents/Repository/chipwhisperer/firmware/mcu/hal/chipwhisperer-fw-extra/stm32f4/stm32f4_hal.c ****     HAL_CRYP_AESECB_Encrypt(&cryp, pt, 16, pt, 1000);
 1025              		.loc 1 218 1 is_stmt 0 view .LVU357
 1026 0000 00B5     		push	{lr}
 1027              	.LCFI22:
 1028              		.cfi_def_cfa_offset 4
 1029              		.cfi_offset 14, -4
 1030 0002 83B0     		sub	sp, sp, #12
 1031              	.LCFI23:
 1032              		.cfi_def_cfa_offset 16
 218:/home/reo/Documents/Repository/chipwhisperer/firmware/mcu/hal/chipwhisperer-fw-extra/stm32f4/stm32f4_hal.c ****     HAL_CRYP_AESECB_Encrypt(&cryp, pt, 16, pt, 1000);
 1033              		.loc 1 218 1 view .LVU358
 1034 0004 0346     		mov	r3, r0
 1035              		.loc 1 219 5 view .LVU359
 1036 0006 4FF47A72 		mov	r2, #1000
 1037 000a 0092     		str	r2, [sp]
 1038 000c 1946     		mov	r1, r3
 1039 000e 1022     		movs	r2, #16
 1040 0010 0248     		ldr	r0, .L53
 1041              	.LVL41:
 1042              		.loc 1 219 5 view .LVU360
 1043 0012 FFF7FEFF 		bl	HAL_CRYP_AESECB_Encrypt
 1044              	.LVL42:
 220:/home/reo/Documents/Repository/chipwhisperer/firmware/mcu/hal/chipwhisperer-fw-extra/stm32f4/stm32f4_hal.c **** }
 1045              		.loc 1 220 1 view .LVU361
 1046 0016 03B0     		add	sp, sp, #12
 1047              	.LCFI24:
 1048              		.cfi_def_cfa_offset 4
 1049              		@ sp needed
 1050 0018 5DF804FB 		ldr	pc, [sp], #4
 1051              	.L54:
 1052              		.align	2
 1053              	.L53:
 1054 001c 4C000000 		.word	.LANCHOR0+76
 1055              		.cfi_endproc
 1056              	.LFE137:
 1058              		.section	.text.HW_AES128_Enc_posttrigger,"ax",%progbits
 1059              		.align	1
 1060              		.p2align 2,,3
 1061              		.global	HW_AES128_Enc_posttrigger
 1062              		.syntax unified
 1063              		.thumb
 1064              		.thumb_func
 1065              		.fpu softvfp
 1067              	HW_AES128_Enc_posttrigger:
 1068              	.LVL43:
 1069              	.LFB138:
 221:/home/reo/Documents/Repository/chipwhisperer/firmware/mcu/hal/chipwhisperer-fw-extra/stm32f4/stm32f4_hal.c **** 
 222:/home/reo/Documents/Repository/chipwhisperer/firmware/mcu/hal/chipwhisperer-fw-extra/stm32f4/stm32f4_hal.c **** void HW_AES128_Enc_posttrigger(uint8_t* pt)
 223:/home/reo/Documents/Repository/chipwhisperer/firmware/mcu/hal/chipwhisperer-fw-extra/stm32f4/stm32f4_hal.c **** {
 1070              		.loc 1 223 1 is_stmt 1 view -0
 1071              		.cfi_startproc
 1072              		@ args = 0, pretend = 0, frame = 0
 1073              		@ frame_needed = 0, uses_anonymous_args = 0
 1074              		@ link register save eliminated.
 224:/home/reo/Documents/Repository/chipwhisperer/firmware/mcu/hal/chipwhisperer-fw-extra/stm32f4/stm32f4_hal.c ****     ;
 1075              		.loc 1 224 5 view .LVU363
 225:/home/reo/Documents/Repository/chipwhisperer/firmware/mcu/hal/chipwhisperer-fw-extra/stm32f4/stm32f4_hal.c **** }
 1076              		.loc 1 225 1 is_stmt 0 view .LVU364
 1077 0000 7047     		bx	lr
 1078              		.cfi_endproc
 1079              	.LFE138:
 1081 0002 00BF     		.section	.text.HW_AES128_Dec,"ax",%progbits
 1082              		.align	1
 1083              		.p2align 2,,3
 1084              		.global	HW_AES128_Dec
 1085              		.syntax unified
 1086              		.thumb
 1087              		.thumb_func
 1088              		.fpu softvfp
 1090              	HW_AES128_Dec:
 1091              	.LVL44:
 1092              	.LFB139:
 226:/home/reo/Documents/Repository/chipwhisperer/firmware/mcu/hal/chipwhisperer-fw-extra/stm32f4/stm32f4_hal.c **** 
 227:/home/reo/Documents/Repository/chipwhisperer/firmware/mcu/hal/chipwhisperer-fw-extra/stm32f4/stm32f4_hal.c **** void HW_AES128_Dec(uint8_t *pt)
 228:/home/reo/Documents/Repository/chipwhisperer/firmware/mcu/hal/chipwhisperer-fw-extra/stm32f4/stm32f4_hal.c **** {
 1093              		.loc 1 228 1 is_stmt 1 view -0
 1094              		.cfi_startproc
 1095              		@ args = 0, pretend = 0, frame = 0
 1096              		@ frame_needed = 0, uses_anonymous_args = 0
 229:/home/reo/Documents/Repository/chipwhisperer/firmware/mcu/hal/chipwhisperer-fw-extra/stm32f4/stm32f4_hal.c ****      HAL_CRYP_Init(&cryp);
 1097              		.loc 1 229 6 view .LVU366
 228:/home/reo/Documents/Repository/chipwhisperer/firmware/mcu/hal/chipwhisperer-fw-extra/stm32f4/stm32f4_hal.c ****      HAL_CRYP_Init(&cryp);
 1098              		.loc 1 228 1 is_stmt 0 view .LVU367
 1099 0000 30B5     		push	{r4, r5, lr}
 1100              	.LCFI25:
 1101              		.cfi_def_cfa_offset 12
 1102              		.cfi_offset 4, -12
 1103              		.cfi_offset 5, -8
 1104              		.cfi_offset 14, -4
 1105              		.loc 1 229 6 view .LVU368
 1106 0002 084D     		ldr	r5, .L58
 228:/home/reo/Documents/Repository/chipwhisperer/firmware/mcu/hal/chipwhisperer-fw-extra/stm32f4/stm32f4_hal.c ****      HAL_CRYP_Init(&cryp);
 1107              		.loc 1 228 1 view .LVU369
 1108 0004 83B0     		sub	sp, sp, #12
 1109              	.LCFI26:
 1110              		.cfi_def_cfa_offset 24
 228:/home/reo/Documents/Repository/chipwhisperer/firmware/mcu/hal/chipwhisperer-fw-extra/stm32f4/stm32f4_hal.c ****      HAL_CRYP_Init(&cryp);
 1111              		.loc 1 228 1 view .LVU370
 1112 0006 0446     		mov	r4, r0
 1113              		.loc 1 229 6 view .LVU371
 1114 0008 2846     		mov	r0, r5
 1115              	.LVL45:
 1116              		.loc 1 229 6 view .LVU372
 1117 000a FFF7FEFF 		bl	HAL_CRYP_Init
 1118              	.LVL46:
 230:/home/reo/Documents/Repository/chipwhisperer/firmware/mcu/hal/chipwhisperer-fw-extra/stm32f4/stm32f4_hal.c ****      HAL_CRYP_AESECB_Decrypt(&cryp, pt, 16, pt, 1000);
 1119              		.loc 1 230 6 is_stmt 1 view .LVU373
 1120 000e 4FF47A73 		mov	r3, #1000
 1121 0012 0093     		str	r3, [sp]
 1122 0014 1022     		movs	r2, #16
 1123 0016 2346     		mov	r3, r4
 1124 0018 2146     		mov	r1, r4
 1125 001a 2846     		mov	r0, r5
 1126 001c FFF7FEFF 		bl	HAL_CRYP_AESECB_Decrypt
 1127              	.LVL47:
 231:/home/reo/Documents/Repository/chipwhisperer/firmware/mcu/hal/chipwhisperer-fw-extra/stm32f4/stm32f4_hal.c **** }
 1128              		.loc 1 231 1 is_stmt 0 view .LVU374
 1129 0020 03B0     		add	sp, sp, #12
 1130              	.LCFI27:
 1131              		.cfi_def_cfa_offset 12
 1132              		@ sp needed
 1133 0022 30BD     		pop	{r4, r5, pc}
 1134              	.LVL48:
 1135              	.L59:
 1136              		.loc 1 231 1 view .LVU375
 1137              		.align	2
 1138              	.L58:
 1139 0024 4C000000 		.word	.LANCHOR0+76
 1140              		.cfi_endproc
 1141              	.LFE139:
 1143              		.global	hw_key
 1144              		.global	UartHandle
 1145              		.global	RngHandle
 1146              		.bss
 1147              		.align	2
 1148              		.set	.LANCHOR0,. + 0
 1151              	RngHandle:
 1152 0000 00000000 		.space	12
 1152      00000000 
 1152      00000000 
 1155              	UartHandle:
 1156 000c 00000000 		.space	64
 1156      00000000 
 1156      00000000 
 1156      00000000 
 1156      00000000 
 1159              	cryp:
 1160 004c 00000000 		.space	64
 1160      00000000 
 1160      00000000 
 1160      00000000 
 1160      00000000 
 1163              	hw_key:
 1164 008c 00000000 		.space	16
 1164      00000000 
 1164      00000000 
 1164      00000000 
 1165              		.text
 1166              	.Letext0:
 1167              		.file 2 "/usr/lib/gcc/arm-none-eabi/10.3.1/include/stdint.h"
 1168              		.file 3 "/home/reo/Documents/Repository/chipwhisperer/firmware/mcu/hal/chipwhisperer-fw-extra/stm3
 1169              		.file 4 "/home/reo/Documents/Repository/chipwhisperer/firmware/mcu/hal/chipwhisperer-fw-extra/stm3
 1170              		.file 5 "/home/reo/Documents/Repository/chipwhisperer/firmware/mcu/hal/chipwhisperer-fw-extra/stm3
 1171              		.file 6 "/home/reo/Documents/Repository/chipwhisperer/firmware/mcu/hal/chipwhisperer-fw-extra/stm3
 1172              		.file 7 "/home/reo/Documents/Repository/chipwhisperer/firmware/mcu/hal/chipwhisperer-fw-extra/stm3
 1173              		.file 8 "/home/reo/Documents/Repository/chipwhisperer/firmware/mcu/hal/chipwhisperer-fw-extra/stm3
 1174              		.file 9 "/home/reo/Documents/Repository/chipwhisperer/firmware/mcu/hal/chipwhisperer-fw-extra/stm3
 1175              		.file 10 "/home/reo/Documents/Repository/chipwhisperer/firmware/mcu/hal/chipwhisperer-fw-extra/stm
 1176              		.file 11 "/home/reo/Documents/Repository/chipwhisperer/firmware/mcu/hal/chipwhisperer-fw-extra/stm
 1177              		.file 12 "/home/reo/Documents/Repository/chipwhisperer/firmware/mcu/hal/chipwhisperer-fw-extra/stm
DEFINED SYMBOLS
                            *ABS*:0000000000000000 stm32f4_hal.c
     /tmp/cckaptWe.s:16     .text.platform_init:0000000000000000 $t
     /tmp/cckaptWe.s:25     .text.platform_init:0000000000000000 platform_init
     /tmp/cckaptWe.s:161    .text.platform_init:0000000000000078 $d
     /tmp/cckaptWe.s:168    .text.init_uart:0000000000000000 $t
     /tmp/cckaptWe.s:176    .text.init_uart:0000000000000000 init_uart
     /tmp/cckaptWe.s:307    .text.init_uart:0000000000000074 $d
     /tmp/cckaptWe.s:314    .text.trigger_setup:0000000000000000 $t
     /tmp/cckaptWe.s:322    .text.trigger_setup:0000000000000000 trigger_setup
     /tmp/cckaptWe.s:394    .text.trigger_setup:000000000000003c $d
     /tmp/cckaptWe.s:400    .text.trigger_high:0000000000000000 $t
     /tmp/cckaptWe.s:408    .text.trigger_high:0000000000000000 trigger_high
     /tmp/cckaptWe.s:424    .text.trigger_high:000000000000000c $d
     /tmp/cckaptWe.s:429    .text.trigger_low:0000000000000000 $t
     /tmp/cckaptWe.s:437    .text.trigger_low:0000000000000000 trigger_low
     /tmp/cckaptWe.s:453    .text.trigger_low:000000000000000c $d
     /tmp/cckaptWe.s:458    .text.getch:0000000000000000 $t
     /tmp/cckaptWe.s:466    .text.getch:0000000000000000 getch
     /tmp/cckaptWe.s:510    .text.getch:0000000000000024 $d
     /tmp/cckaptWe.s:515    .text.putch:0000000000000000 $t
     /tmp/cckaptWe.s:523    .text.putch:0000000000000000 putch
     /tmp/cckaptWe.s:561    .text.putch:0000000000000020 $d
     /tmp/cckaptWe.s:566    .text.get_rand:0000000000000000 $t
     /tmp/cckaptWe.s:574    .text.get_rand:0000000000000000 get_rand
     /tmp/cckaptWe.s:637    .text.get_rand:0000000000000024 $d
     /tmp/cckaptWe.s:642    .text.HW_AES128_Init:0000000000000000 $t
     /tmp/cckaptWe.s:650    .text.HW_AES128_Init:0000000000000000 HW_AES128_Init
     /tmp/cckaptWe.s:779    .text.HW_AES128_Init:000000000000003c $d
     /tmp/cckaptWe.s:786    .text.HW_AES128_LoadKey:0000000000000000 $t
     /tmp/cckaptWe.s:794    .text.HW_AES128_LoadKey:0000000000000000 HW_AES128_LoadKey
     /tmp/cckaptWe.s:974    .text.HW_AES128_LoadKey:0000000000000064 $d
     /tmp/cckaptWe.s:979    .text.HW_AES128_Enc_pretrigger:0000000000000000 $t
     /tmp/cckaptWe.s:987    .text.HW_AES128_Enc_pretrigger:0000000000000000 HW_AES128_Enc_pretrigger
     /tmp/cckaptWe.s:1004   .text.HW_AES128_Enc_pretrigger:0000000000000008 $d
     /tmp/cckaptWe.s:1009   .text.HW_AES128_Enc:0000000000000000 $t
     /tmp/cckaptWe.s:1017   .text.HW_AES128_Enc:0000000000000000 HW_AES128_Enc
     /tmp/cckaptWe.s:1054   .text.HW_AES128_Enc:000000000000001c $d
     /tmp/cckaptWe.s:1059   .text.HW_AES128_Enc_posttrigger:0000000000000000 $t
     /tmp/cckaptWe.s:1067   .text.HW_AES128_Enc_posttrigger:0000000000000000 HW_AES128_Enc_posttrigger
     /tmp/cckaptWe.s:1082   .text.HW_AES128_Dec:0000000000000000 $t
     /tmp/cckaptWe.s:1090   .text.HW_AES128_Dec:0000000000000000 HW_AES128_Dec
     /tmp/cckaptWe.s:1139   .text.HW_AES128_Dec:0000000000000024 $d
     /tmp/cckaptWe.s:1163   .bss:000000000000008c hw_key
     /tmp/cckaptWe.s:1155   .bss:000000000000000c UartHandle
     /tmp/cckaptWe.s:1151   .bss:0000000000000000 RngHandle
     /tmp/cckaptWe.s:1147   .bss:0000000000000000 $d
     /tmp/cckaptWe.s:1159   .bss:000000000000004c cryp

UNDEFINED SYMBOLS
HAL_RCC_OscConfig
HAL_RCC_ClockConfig
HAL_RNG_Init
HAL_GPIO_Init
HAL_UART_Init
HAL_GPIO_WritePin
HAL_UART_Receive
HAL_UART_Transmit
HAL_RNG_GenerateRandomNumber
HAL_CRYP_Init
HAL_CRYP_AESECB_Encrypt
HAL_CRYP_AESECB_Decrypt
