   1              		.cpu cortex-m4
   2              		.arch armv7e-m
   3              		.fpu softvfp
   4              		.eabi_attribute 20, 1
   5              		.eabi_attribute 21, 1
   6              		.eabi_attribute 23, 3
   7              		.eabi_attribute 24, 1
   8              		.eabi_attribute 25, 1
   9              		.eabi_attribute 26, 1
  10              		.eabi_attribute 30, 2
  11              		.eabi_attribute 34, 1
  12              		.eabi_attribute 18, 4
  13              		.file	"stm32f4xx_hal_rng.c"
  14              		.text
  15              	.Ltext0:
  16              		.cfi_sections	.debug_frame
  17              		.file 1 "/home/pacl/Documents/Repository/chipwhisperer/firmware/mcu/hal/chipwhisperer-fw-extra/stm
  18              		.section	.text.HAL_RNG_MspInit,"ax",%progbits
  19              		.align	1
  20              		.p2align 2,,3
  21              		.weak	HAL_RNG_MspInit
  22              		.syntax unified
  23              		.thumb
  24              		.thumb_func
  26              	HAL_RNG_MspInit:
  27              	.LVL0:
  28              	.LFB128:
   1:/home/pacl/Documents/Repository/chipwhisperer/firmware/mcu/hal/chipwhisperer-fw-extra/stm32f4/stm32f4xx_hal_rng.c **** /**
   2:/home/pacl/Documents/Repository/chipwhisperer/firmware/mcu/hal/chipwhisperer-fw-extra/stm32f4/stm32f4xx_hal_rng.c ****   ******************************************************************************
   3:/home/pacl/Documents/Repository/chipwhisperer/firmware/mcu/hal/chipwhisperer-fw-extra/stm32f4/stm32f4xx_hal_rng.c ****   * @file    stm32f4xx_hal_rng.c
   4:/home/pacl/Documents/Repository/chipwhisperer/firmware/mcu/hal/chipwhisperer-fw-extra/stm32f4/stm32f4xx_hal_rng.c ****   * @author  MCD Application Team
   5:/home/pacl/Documents/Repository/chipwhisperer/firmware/mcu/hal/chipwhisperer-fw-extra/stm32f4/stm32f4xx_hal_rng.c ****   * @version V1.7.1
   6:/home/pacl/Documents/Repository/chipwhisperer/firmware/mcu/hal/chipwhisperer-fw-extra/stm32f4/stm32f4xx_hal_rng.c ****   * @date    14-April-2017
   7:/home/pacl/Documents/Repository/chipwhisperer/firmware/mcu/hal/chipwhisperer-fw-extra/stm32f4/stm32f4xx_hal_rng.c ****   * @brief   RNG HAL module driver.
   8:/home/pacl/Documents/Repository/chipwhisperer/firmware/mcu/hal/chipwhisperer-fw-extra/stm32f4/stm32f4xx_hal_rng.c ****   *          This file provides firmware functions to manage the following 
   9:/home/pacl/Documents/Repository/chipwhisperer/firmware/mcu/hal/chipwhisperer-fw-extra/stm32f4/stm32f4xx_hal_rng.c ****   *          functionalities of the Random Number Generator (RNG) peripheral:
  10:/home/pacl/Documents/Repository/chipwhisperer/firmware/mcu/hal/chipwhisperer-fw-extra/stm32f4/stm32f4xx_hal_rng.c ****   *           + Initialization/de-initialization functions
  11:/home/pacl/Documents/Repository/chipwhisperer/firmware/mcu/hal/chipwhisperer-fw-extra/stm32f4/stm32f4xx_hal_rng.c ****   *           + Peripheral Control functions 
  12:/home/pacl/Documents/Repository/chipwhisperer/firmware/mcu/hal/chipwhisperer-fw-extra/stm32f4/stm32f4xx_hal_rng.c ****   *           + Peripheral State functions
  13:/home/pacl/Documents/Repository/chipwhisperer/firmware/mcu/hal/chipwhisperer-fw-extra/stm32f4/stm32f4xx_hal_rng.c ****   *         
  14:/home/pacl/Documents/Repository/chipwhisperer/firmware/mcu/hal/chipwhisperer-fw-extra/stm32f4/stm32f4xx_hal_rng.c ****   @verbatim
  15:/home/pacl/Documents/Repository/chipwhisperer/firmware/mcu/hal/chipwhisperer-fw-extra/stm32f4/stm32f4xx_hal_rng.c ****   ==============================================================================
  16:/home/pacl/Documents/Repository/chipwhisperer/firmware/mcu/hal/chipwhisperer-fw-extra/stm32f4/stm32f4xx_hal_rng.c ****                      ##### How to use this driver #####
  17:/home/pacl/Documents/Repository/chipwhisperer/firmware/mcu/hal/chipwhisperer-fw-extra/stm32f4/stm32f4xx_hal_rng.c ****   ==============================================================================
  18:/home/pacl/Documents/Repository/chipwhisperer/firmware/mcu/hal/chipwhisperer-fw-extra/stm32f4/stm32f4xx_hal_rng.c ****   [..]
  19:/home/pacl/Documents/Repository/chipwhisperer/firmware/mcu/hal/chipwhisperer-fw-extra/stm32f4/stm32f4xx_hal_rng.c ****       The RNG HAL driver can be used as follows:
  20:/home/pacl/Documents/Repository/chipwhisperer/firmware/mcu/hal/chipwhisperer-fw-extra/stm32f4/stm32f4xx_hal_rng.c **** 
  21:/home/pacl/Documents/Repository/chipwhisperer/firmware/mcu/hal/chipwhisperer-fw-extra/stm32f4/stm32f4xx_hal_rng.c ****       (#) Enable the RNG controller clock using __HAL_RCC_RNG_CLK_ENABLE() macro 
  22:/home/pacl/Documents/Repository/chipwhisperer/firmware/mcu/hal/chipwhisperer-fw-extra/stm32f4/stm32f4xx_hal_rng.c ****           in HAL_RNG_MspInit().
  23:/home/pacl/Documents/Repository/chipwhisperer/firmware/mcu/hal/chipwhisperer-fw-extra/stm32f4/stm32f4xx_hal_rng.c ****       (#) Activate the RNG peripheral using HAL_RNG_Init() function.
  24:/home/pacl/Documents/Repository/chipwhisperer/firmware/mcu/hal/chipwhisperer-fw-extra/stm32f4/stm32f4xx_hal_rng.c ****       (#) Wait until the 32 bit Random Number Generator contains a valid 
  25:/home/pacl/Documents/Repository/chipwhisperer/firmware/mcu/hal/chipwhisperer-fw-extra/stm32f4/stm32f4xx_hal_rng.c ****           random data using (polling/interrupt) mode.   
  26:/home/pacl/Documents/Repository/chipwhisperer/firmware/mcu/hal/chipwhisperer-fw-extra/stm32f4/stm32f4xx_hal_rng.c ****       (#) Get the 32 bit random number using HAL_RNG_GenerateRandomNumber() function.
  27:/home/pacl/Documents/Repository/chipwhisperer/firmware/mcu/hal/chipwhisperer-fw-extra/stm32f4/stm32f4xx_hal_rng.c ****   
  28:/home/pacl/Documents/Repository/chipwhisperer/firmware/mcu/hal/chipwhisperer-fw-extra/stm32f4/stm32f4xx_hal_rng.c ****   @endverbatim
  29:/home/pacl/Documents/Repository/chipwhisperer/firmware/mcu/hal/chipwhisperer-fw-extra/stm32f4/stm32f4xx_hal_rng.c ****   ******************************************************************************
  30:/home/pacl/Documents/Repository/chipwhisperer/firmware/mcu/hal/chipwhisperer-fw-extra/stm32f4/stm32f4xx_hal_rng.c ****   * @attention
  31:/home/pacl/Documents/Repository/chipwhisperer/firmware/mcu/hal/chipwhisperer-fw-extra/stm32f4/stm32f4xx_hal_rng.c ****   *
  32:/home/pacl/Documents/Repository/chipwhisperer/firmware/mcu/hal/chipwhisperer-fw-extra/stm32f4/stm32f4xx_hal_rng.c ****   * <h2><center>&copy; COPYRIGHT(c) 2017 STMicroelectronics</center></h2>
  33:/home/pacl/Documents/Repository/chipwhisperer/firmware/mcu/hal/chipwhisperer-fw-extra/stm32f4/stm32f4xx_hal_rng.c ****   *
  34:/home/pacl/Documents/Repository/chipwhisperer/firmware/mcu/hal/chipwhisperer-fw-extra/stm32f4/stm32f4xx_hal_rng.c ****   * Redistribution and use in source and binary forms, with or without modification,
  35:/home/pacl/Documents/Repository/chipwhisperer/firmware/mcu/hal/chipwhisperer-fw-extra/stm32f4/stm32f4xx_hal_rng.c ****   * are permitted provided that the following conditions are met:
  36:/home/pacl/Documents/Repository/chipwhisperer/firmware/mcu/hal/chipwhisperer-fw-extra/stm32f4/stm32f4xx_hal_rng.c ****   *   1. Redistributions of source code must retain the above copyright notice,
  37:/home/pacl/Documents/Repository/chipwhisperer/firmware/mcu/hal/chipwhisperer-fw-extra/stm32f4/stm32f4xx_hal_rng.c ****   *      this list of conditions and the following disclaimer.
  38:/home/pacl/Documents/Repository/chipwhisperer/firmware/mcu/hal/chipwhisperer-fw-extra/stm32f4/stm32f4xx_hal_rng.c ****   *   2. Redistributions in binary form must reproduce the above copyright notice,
  39:/home/pacl/Documents/Repository/chipwhisperer/firmware/mcu/hal/chipwhisperer-fw-extra/stm32f4/stm32f4xx_hal_rng.c ****   *      this list of conditions and the following disclaimer in the documentation
  40:/home/pacl/Documents/Repository/chipwhisperer/firmware/mcu/hal/chipwhisperer-fw-extra/stm32f4/stm32f4xx_hal_rng.c ****   *      and/or other materials provided with the distribution.
  41:/home/pacl/Documents/Repository/chipwhisperer/firmware/mcu/hal/chipwhisperer-fw-extra/stm32f4/stm32f4xx_hal_rng.c ****   *   3. Neither the name of STMicroelectronics nor the names of its contributors
  42:/home/pacl/Documents/Repository/chipwhisperer/firmware/mcu/hal/chipwhisperer-fw-extra/stm32f4/stm32f4xx_hal_rng.c ****   *      may be used to endorse or promote products derived from this software
  43:/home/pacl/Documents/Repository/chipwhisperer/firmware/mcu/hal/chipwhisperer-fw-extra/stm32f4/stm32f4xx_hal_rng.c ****   *      without specific prior written permission.
  44:/home/pacl/Documents/Repository/chipwhisperer/firmware/mcu/hal/chipwhisperer-fw-extra/stm32f4/stm32f4xx_hal_rng.c ****   *
  45:/home/pacl/Documents/Repository/chipwhisperer/firmware/mcu/hal/chipwhisperer-fw-extra/stm32f4/stm32f4xx_hal_rng.c ****   * THIS SOFTWARE IS PROVIDED BY THE COPYRIGHT HOLDERS AND CONTRIBUTORS "AS IS"
  46:/home/pacl/Documents/Repository/chipwhisperer/firmware/mcu/hal/chipwhisperer-fw-extra/stm32f4/stm32f4xx_hal_rng.c ****   * AND ANY EXPRESS OR IMPLIED WARRANTIES, INCLUDING, BUT NOT LIMITED TO, THE
  47:/home/pacl/Documents/Repository/chipwhisperer/firmware/mcu/hal/chipwhisperer-fw-extra/stm32f4/stm32f4xx_hal_rng.c ****   * IMPLIED WARRANTIES OF MERCHANTABILITY AND FITNESS FOR A PARTICULAR PURPOSE ARE
  48:/home/pacl/Documents/Repository/chipwhisperer/firmware/mcu/hal/chipwhisperer-fw-extra/stm32f4/stm32f4xx_hal_rng.c ****   * DISCLAIMED. IN NO EVENT SHALL THE COPYRIGHT HOLDER OR CONTRIBUTORS BE LIABLE
  49:/home/pacl/Documents/Repository/chipwhisperer/firmware/mcu/hal/chipwhisperer-fw-extra/stm32f4/stm32f4xx_hal_rng.c ****   * FOR ANY DIRECT, INDIRECT, INCIDENTAL, SPECIAL, EXEMPLARY, OR CONSEQUENTIAL
  50:/home/pacl/Documents/Repository/chipwhisperer/firmware/mcu/hal/chipwhisperer-fw-extra/stm32f4/stm32f4xx_hal_rng.c ****   * DAMAGES (INCLUDING, BUT NOT LIMITED TO, PROCUREMENT OF SUBSTITUTE GOODS OR
  51:/home/pacl/Documents/Repository/chipwhisperer/firmware/mcu/hal/chipwhisperer-fw-extra/stm32f4/stm32f4xx_hal_rng.c ****   * SERVICES; LOSS OF USE, DATA, OR PROFITS; OR BUSINESS INTERRUPTION) HOWEVER
  52:/home/pacl/Documents/Repository/chipwhisperer/firmware/mcu/hal/chipwhisperer-fw-extra/stm32f4/stm32f4xx_hal_rng.c ****   * CAUSED AND ON ANY THEORY OF LIABILITY, WHETHER IN CONTRACT, STRICT LIABILITY,
  53:/home/pacl/Documents/Repository/chipwhisperer/firmware/mcu/hal/chipwhisperer-fw-extra/stm32f4/stm32f4xx_hal_rng.c ****   * OR TORT (INCLUDING NEGLIGENCE OR OTHERWISE) ARISING IN ANY WAY OUT OF THE USE
  54:/home/pacl/Documents/Repository/chipwhisperer/firmware/mcu/hal/chipwhisperer-fw-extra/stm32f4/stm32f4xx_hal_rng.c ****   * OF THIS SOFTWARE, EVEN IF ADVISED OF THE POSSIBILITY OF SUCH DAMAGE.
  55:/home/pacl/Documents/Repository/chipwhisperer/firmware/mcu/hal/chipwhisperer-fw-extra/stm32f4/stm32f4xx_hal_rng.c ****   *
  56:/home/pacl/Documents/Repository/chipwhisperer/firmware/mcu/hal/chipwhisperer-fw-extra/stm32f4/stm32f4xx_hal_rng.c ****   ******************************************************************************
  57:/home/pacl/Documents/Repository/chipwhisperer/firmware/mcu/hal/chipwhisperer-fw-extra/stm32f4/stm32f4xx_hal_rng.c ****   */ 
  58:/home/pacl/Documents/Repository/chipwhisperer/firmware/mcu/hal/chipwhisperer-fw-extra/stm32f4/stm32f4xx_hal_rng.c **** 
  59:/home/pacl/Documents/Repository/chipwhisperer/firmware/mcu/hal/chipwhisperer-fw-extra/stm32f4/stm32f4xx_hal_rng.c **** /* Includes ------------------------------------------------------------------*/
  60:/home/pacl/Documents/Repository/chipwhisperer/firmware/mcu/hal/chipwhisperer-fw-extra/stm32f4/stm32f4xx_hal_rng.c **** //#include "stm32f4xx_hal.h"
  61:/home/pacl/Documents/Repository/chipwhisperer/firmware/mcu/hal/chipwhisperer-fw-extra/stm32f4/stm32f4xx_hal_rng.c **** #include "stm32f4xx_hal_rng.h"
  62:/home/pacl/Documents/Repository/chipwhisperer/firmware/mcu/hal/chipwhisperer-fw-extra/stm32f4/stm32f4xx_hal_rng.c **** 
  63:/home/pacl/Documents/Repository/chipwhisperer/firmware/mcu/hal/chipwhisperer-fw-extra/stm32f4/stm32f4xx_hal_rng.c **** extern uint32_t HAL_GetTick(void);
  64:/home/pacl/Documents/Repository/chipwhisperer/firmware/mcu/hal/chipwhisperer-fw-extra/stm32f4/stm32f4xx_hal_rng.c **** 
  65:/home/pacl/Documents/Repository/chipwhisperer/firmware/mcu/hal/chipwhisperer-fw-extra/stm32f4/stm32f4xx_hal_rng.c **** /** @addtogroup STM32F4xx_HAL_Driver
  66:/home/pacl/Documents/Repository/chipwhisperer/firmware/mcu/hal/chipwhisperer-fw-extra/stm32f4/stm32f4xx_hal_rng.c ****   * @{
  67:/home/pacl/Documents/Repository/chipwhisperer/firmware/mcu/hal/chipwhisperer-fw-extra/stm32f4/stm32f4xx_hal_rng.c ****   */
  68:/home/pacl/Documents/Repository/chipwhisperer/firmware/mcu/hal/chipwhisperer-fw-extra/stm32f4/stm32f4xx_hal_rng.c **** 
  69:/home/pacl/Documents/Repository/chipwhisperer/firmware/mcu/hal/chipwhisperer-fw-extra/stm32f4/stm32f4xx_hal_rng.c **** /** @addtogroup RNG 
  70:/home/pacl/Documents/Repository/chipwhisperer/firmware/mcu/hal/chipwhisperer-fw-extra/stm32f4/stm32f4xx_hal_rng.c ****   * @{
  71:/home/pacl/Documents/Repository/chipwhisperer/firmware/mcu/hal/chipwhisperer-fw-extra/stm32f4/stm32f4xx_hal_rng.c ****   */
  72:/home/pacl/Documents/Repository/chipwhisperer/firmware/mcu/hal/chipwhisperer-fw-extra/stm32f4/stm32f4xx_hal_rng.c **** 
  73:/home/pacl/Documents/Repository/chipwhisperer/firmware/mcu/hal/chipwhisperer-fw-extra/stm32f4/stm32f4xx_hal_rng.c **** //#ifdef HAL_RNG_MODULE_ENABLED
  74:/home/pacl/Documents/Repository/chipwhisperer/firmware/mcu/hal/chipwhisperer-fw-extra/stm32f4/stm32f4xx_hal_rng.c **** 
  75:/home/pacl/Documents/Repository/chipwhisperer/firmware/mcu/hal/chipwhisperer-fw-extra/stm32f4/stm32f4xx_hal_rng.c **** #if defined(STM32F405xx) || defined(STM32F415xx) || defined(STM32F407xx) || defined(STM32F417xx) ||
  76:/home/pacl/Documents/Repository/chipwhisperer/firmware/mcu/hal/chipwhisperer-fw-extra/stm32f4/stm32f4xx_hal_rng.c ****     defined(STM32F427xx) || defined(STM32F437xx) || defined(STM32F429xx) || defined(STM32F439xx) ||
  77:/home/pacl/Documents/Repository/chipwhisperer/firmware/mcu/hal/chipwhisperer-fw-extra/stm32f4/stm32f4xx_hal_rng.c ****     defined(STM32F410Tx) || defined(STM32F410Cx) || defined(STM32F410Rx) || defined(STM32F469xx) ||
  78:/home/pacl/Documents/Repository/chipwhisperer/firmware/mcu/hal/chipwhisperer-fw-extra/stm32f4/stm32f4xx_hal_rng.c ****     defined(STM32F479xx) || defined(STM32F412Zx) || defined(STM32F412Vx) || defined(STM32F412Rx) ||
  79:/home/pacl/Documents/Repository/chipwhisperer/firmware/mcu/hal/chipwhisperer-fw-extra/stm32f4/stm32f4xx_hal_rng.c ****     defined(STM32F412Cx) || defined(STM32F413xx) || defined(STM32F423xx)
  80:/home/pacl/Documents/Repository/chipwhisperer/firmware/mcu/hal/chipwhisperer-fw-extra/stm32f4/stm32f4xx_hal_rng.c **** 
  81:/home/pacl/Documents/Repository/chipwhisperer/firmware/mcu/hal/chipwhisperer-fw-extra/stm32f4/stm32f4xx_hal_rng.c **** 
  82:/home/pacl/Documents/Repository/chipwhisperer/firmware/mcu/hal/chipwhisperer-fw-extra/stm32f4/stm32f4xx_hal_rng.c **** /* Private types -------------------------------------------------------------*/
  83:/home/pacl/Documents/Repository/chipwhisperer/firmware/mcu/hal/chipwhisperer-fw-extra/stm32f4/stm32f4xx_hal_rng.c **** /* Private defines -----------------------------------------------------------*/
  84:/home/pacl/Documents/Repository/chipwhisperer/firmware/mcu/hal/chipwhisperer-fw-extra/stm32f4/stm32f4xx_hal_rng.c **** /* Private variables ---------------------------------------------------------*/
  85:/home/pacl/Documents/Repository/chipwhisperer/firmware/mcu/hal/chipwhisperer-fw-extra/stm32f4/stm32f4xx_hal_rng.c **** /* Private constants ---------------------------------------------------------*/
  86:/home/pacl/Documents/Repository/chipwhisperer/firmware/mcu/hal/chipwhisperer-fw-extra/stm32f4/stm32f4xx_hal_rng.c **** /** @addtogroup RNG_Private_Constants
  87:/home/pacl/Documents/Repository/chipwhisperer/firmware/mcu/hal/chipwhisperer-fw-extra/stm32f4/stm32f4xx_hal_rng.c ****   * @{
  88:/home/pacl/Documents/Repository/chipwhisperer/firmware/mcu/hal/chipwhisperer-fw-extra/stm32f4/stm32f4xx_hal_rng.c ****   */
  89:/home/pacl/Documents/Repository/chipwhisperer/firmware/mcu/hal/chipwhisperer-fw-extra/stm32f4/stm32f4xx_hal_rng.c **** #define RNG_TIMEOUT_VALUE     2U
  90:/home/pacl/Documents/Repository/chipwhisperer/firmware/mcu/hal/chipwhisperer-fw-extra/stm32f4/stm32f4xx_hal_rng.c **** /**
  91:/home/pacl/Documents/Repository/chipwhisperer/firmware/mcu/hal/chipwhisperer-fw-extra/stm32f4/stm32f4xx_hal_rng.c ****   * @}
  92:/home/pacl/Documents/Repository/chipwhisperer/firmware/mcu/hal/chipwhisperer-fw-extra/stm32f4/stm32f4xx_hal_rng.c ****   */ 
  93:/home/pacl/Documents/Repository/chipwhisperer/firmware/mcu/hal/chipwhisperer-fw-extra/stm32f4/stm32f4xx_hal_rng.c **** /* Private macros ------------------------------------------------------------*/
  94:/home/pacl/Documents/Repository/chipwhisperer/firmware/mcu/hal/chipwhisperer-fw-extra/stm32f4/stm32f4xx_hal_rng.c **** /* Private functions prototypes ----------------------------------------------*/
  95:/home/pacl/Documents/Repository/chipwhisperer/firmware/mcu/hal/chipwhisperer-fw-extra/stm32f4/stm32f4xx_hal_rng.c **** /* Private functions ---------------------------------------------------------*/
  96:/home/pacl/Documents/Repository/chipwhisperer/firmware/mcu/hal/chipwhisperer-fw-extra/stm32f4/stm32f4xx_hal_rng.c **** /* Exported functions --------------------------------------------------------*/
  97:/home/pacl/Documents/Repository/chipwhisperer/firmware/mcu/hal/chipwhisperer-fw-extra/stm32f4/stm32f4xx_hal_rng.c **** 
  98:/home/pacl/Documents/Repository/chipwhisperer/firmware/mcu/hal/chipwhisperer-fw-extra/stm32f4/stm32f4xx_hal_rng.c **** /** @addtogroup RNG_Exported_Functions
  99:/home/pacl/Documents/Repository/chipwhisperer/firmware/mcu/hal/chipwhisperer-fw-extra/stm32f4/stm32f4xx_hal_rng.c ****   * @{
 100:/home/pacl/Documents/Repository/chipwhisperer/firmware/mcu/hal/chipwhisperer-fw-extra/stm32f4/stm32f4xx_hal_rng.c ****   */
 101:/home/pacl/Documents/Repository/chipwhisperer/firmware/mcu/hal/chipwhisperer-fw-extra/stm32f4/stm32f4xx_hal_rng.c **** 
 102:/home/pacl/Documents/Repository/chipwhisperer/firmware/mcu/hal/chipwhisperer-fw-extra/stm32f4/stm32f4xx_hal_rng.c **** /** @addtogroup RNG_Exported_Functions_Group1
 103:/home/pacl/Documents/Repository/chipwhisperer/firmware/mcu/hal/chipwhisperer-fw-extra/stm32f4/stm32f4xx_hal_rng.c ****  *  @brief   Initialization and de-initialization functions
 104:/home/pacl/Documents/Repository/chipwhisperer/firmware/mcu/hal/chipwhisperer-fw-extra/stm32f4/stm32f4xx_hal_rng.c ****  *
 105:/home/pacl/Documents/Repository/chipwhisperer/firmware/mcu/hal/chipwhisperer-fw-extra/stm32f4/stm32f4xx_hal_rng.c **** @verbatim
 106:/home/pacl/Documents/Repository/chipwhisperer/firmware/mcu/hal/chipwhisperer-fw-extra/stm32f4/stm32f4xx_hal_rng.c ****  ===============================================================================
 107:/home/pacl/Documents/Repository/chipwhisperer/firmware/mcu/hal/chipwhisperer-fw-extra/stm32f4/stm32f4xx_hal_rng.c ****           ##### Initialization and de-initialization functions #####
 108:/home/pacl/Documents/Repository/chipwhisperer/firmware/mcu/hal/chipwhisperer-fw-extra/stm32f4/stm32f4xx_hal_rng.c ****  ===============================================================================
 109:/home/pacl/Documents/Repository/chipwhisperer/firmware/mcu/hal/chipwhisperer-fw-extra/stm32f4/stm32f4xx_hal_rng.c ****     [..]  This section provides functions allowing to:
 110:/home/pacl/Documents/Repository/chipwhisperer/firmware/mcu/hal/chipwhisperer-fw-extra/stm32f4/stm32f4xx_hal_rng.c ****       (+) Initialize the RNG according to the specified parameters 
 111:/home/pacl/Documents/Repository/chipwhisperer/firmware/mcu/hal/chipwhisperer-fw-extra/stm32f4/stm32f4xx_hal_rng.c ****           in the RNG_InitTypeDef and create the associated handle
 112:/home/pacl/Documents/Repository/chipwhisperer/firmware/mcu/hal/chipwhisperer-fw-extra/stm32f4/stm32f4xx_hal_rng.c ****       (+) DeInitialize the RNG peripheral
 113:/home/pacl/Documents/Repository/chipwhisperer/firmware/mcu/hal/chipwhisperer-fw-extra/stm32f4/stm32f4xx_hal_rng.c ****       (+) Initialize the RNG MSP
 114:/home/pacl/Documents/Repository/chipwhisperer/firmware/mcu/hal/chipwhisperer-fw-extra/stm32f4/stm32f4xx_hal_rng.c ****       (+) DeInitialize RNG MSP 
 115:/home/pacl/Documents/Repository/chipwhisperer/firmware/mcu/hal/chipwhisperer-fw-extra/stm32f4/stm32f4xx_hal_rng.c **** 
 116:/home/pacl/Documents/Repository/chipwhisperer/firmware/mcu/hal/chipwhisperer-fw-extra/stm32f4/stm32f4xx_hal_rng.c **** @endverbatim
 117:/home/pacl/Documents/Repository/chipwhisperer/firmware/mcu/hal/chipwhisperer-fw-extra/stm32f4/stm32f4xx_hal_rng.c ****   * @{
 118:/home/pacl/Documents/Repository/chipwhisperer/firmware/mcu/hal/chipwhisperer-fw-extra/stm32f4/stm32f4xx_hal_rng.c ****   */
 119:/home/pacl/Documents/Repository/chipwhisperer/firmware/mcu/hal/chipwhisperer-fw-extra/stm32f4/stm32f4xx_hal_rng.c ****   
 120:/home/pacl/Documents/Repository/chipwhisperer/firmware/mcu/hal/chipwhisperer-fw-extra/stm32f4/stm32f4xx_hal_rng.c **** /**
 121:/home/pacl/Documents/Repository/chipwhisperer/firmware/mcu/hal/chipwhisperer-fw-extra/stm32f4/stm32f4xx_hal_rng.c ****   * @brief  Initializes the RNG peripheral and creates the associated handle.
 122:/home/pacl/Documents/Repository/chipwhisperer/firmware/mcu/hal/chipwhisperer-fw-extra/stm32f4/stm32f4xx_hal_rng.c ****   * @param  hrng: pointer to a RNG_HandleTypeDef structure that contains
 123:/home/pacl/Documents/Repository/chipwhisperer/firmware/mcu/hal/chipwhisperer-fw-extra/stm32f4/stm32f4xx_hal_rng.c ****   *                the configuration information for RNG.
 124:/home/pacl/Documents/Repository/chipwhisperer/firmware/mcu/hal/chipwhisperer-fw-extra/stm32f4/stm32f4xx_hal_rng.c ****   * @retval HAL status
 125:/home/pacl/Documents/Repository/chipwhisperer/firmware/mcu/hal/chipwhisperer-fw-extra/stm32f4/stm32f4xx_hal_rng.c ****   */
 126:/home/pacl/Documents/Repository/chipwhisperer/firmware/mcu/hal/chipwhisperer-fw-extra/stm32f4/stm32f4xx_hal_rng.c **** HAL_StatusTypeDef HAL_RNG_Init(RNG_HandleTypeDef *hrng)
 127:/home/pacl/Documents/Repository/chipwhisperer/firmware/mcu/hal/chipwhisperer-fw-extra/stm32f4/stm32f4xx_hal_rng.c **** { 
 128:/home/pacl/Documents/Repository/chipwhisperer/firmware/mcu/hal/chipwhisperer-fw-extra/stm32f4/stm32f4xx_hal_rng.c ****   /* Check the RNG handle allocation */
 129:/home/pacl/Documents/Repository/chipwhisperer/firmware/mcu/hal/chipwhisperer-fw-extra/stm32f4/stm32f4xx_hal_rng.c ****   if(hrng == NULL)
 130:/home/pacl/Documents/Repository/chipwhisperer/firmware/mcu/hal/chipwhisperer-fw-extra/stm32f4/stm32f4xx_hal_rng.c ****   {
 131:/home/pacl/Documents/Repository/chipwhisperer/firmware/mcu/hal/chipwhisperer-fw-extra/stm32f4/stm32f4xx_hal_rng.c ****     return HAL_ERROR;
 132:/home/pacl/Documents/Repository/chipwhisperer/firmware/mcu/hal/chipwhisperer-fw-extra/stm32f4/stm32f4xx_hal_rng.c ****   }
 133:/home/pacl/Documents/Repository/chipwhisperer/firmware/mcu/hal/chipwhisperer-fw-extra/stm32f4/stm32f4xx_hal_rng.c ****   
 134:/home/pacl/Documents/Repository/chipwhisperer/firmware/mcu/hal/chipwhisperer-fw-extra/stm32f4/stm32f4xx_hal_rng.c ****   __HAL_LOCK(hrng);
 135:/home/pacl/Documents/Repository/chipwhisperer/firmware/mcu/hal/chipwhisperer-fw-extra/stm32f4/stm32f4xx_hal_rng.c ****   
 136:/home/pacl/Documents/Repository/chipwhisperer/firmware/mcu/hal/chipwhisperer-fw-extra/stm32f4/stm32f4xx_hal_rng.c ****   if(hrng->State == HAL_RNG_STATE_RESET)
 137:/home/pacl/Documents/Repository/chipwhisperer/firmware/mcu/hal/chipwhisperer-fw-extra/stm32f4/stm32f4xx_hal_rng.c ****   {  
 138:/home/pacl/Documents/Repository/chipwhisperer/firmware/mcu/hal/chipwhisperer-fw-extra/stm32f4/stm32f4xx_hal_rng.c ****     /* Allocate lock resource and initialize it */
 139:/home/pacl/Documents/Repository/chipwhisperer/firmware/mcu/hal/chipwhisperer-fw-extra/stm32f4/stm32f4xx_hal_rng.c ****     hrng->Lock = HAL_UNLOCKED;
 140:/home/pacl/Documents/Repository/chipwhisperer/firmware/mcu/hal/chipwhisperer-fw-extra/stm32f4/stm32f4xx_hal_rng.c ****     /* Init the low level hardware */
 141:/home/pacl/Documents/Repository/chipwhisperer/firmware/mcu/hal/chipwhisperer-fw-extra/stm32f4/stm32f4xx_hal_rng.c ****     HAL_RNG_MspInit(hrng);
 142:/home/pacl/Documents/Repository/chipwhisperer/firmware/mcu/hal/chipwhisperer-fw-extra/stm32f4/stm32f4xx_hal_rng.c ****   }
 143:/home/pacl/Documents/Repository/chipwhisperer/firmware/mcu/hal/chipwhisperer-fw-extra/stm32f4/stm32f4xx_hal_rng.c ****   
 144:/home/pacl/Documents/Repository/chipwhisperer/firmware/mcu/hal/chipwhisperer-fw-extra/stm32f4/stm32f4xx_hal_rng.c ****   /* Change RNG peripheral state */
 145:/home/pacl/Documents/Repository/chipwhisperer/firmware/mcu/hal/chipwhisperer-fw-extra/stm32f4/stm32f4xx_hal_rng.c ****   hrng->State = HAL_RNG_STATE_BUSY;
 146:/home/pacl/Documents/Repository/chipwhisperer/firmware/mcu/hal/chipwhisperer-fw-extra/stm32f4/stm32f4xx_hal_rng.c **** 
 147:/home/pacl/Documents/Repository/chipwhisperer/firmware/mcu/hal/chipwhisperer-fw-extra/stm32f4/stm32f4xx_hal_rng.c ****   /* Enable the RNG Peripheral */
 148:/home/pacl/Documents/Repository/chipwhisperer/firmware/mcu/hal/chipwhisperer-fw-extra/stm32f4/stm32f4xx_hal_rng.c ****   __HAL_RNG_ENABLE(hrng);
 149:/home/pacl/Documents/Repository/chipwhisperer/firmware/mcu/hal/chipwhisperer-fw-extra/stm32f4/stm32f4xx_hal_rng.c **** 
 150:/home/pacl/Documents/Repository/chipwhisperer/firmware/mcu/hal/chipwhisperer-fw-extra/stm32f4/stm32f4xx_hal_rng.c ****   /* Initialize the RNG state */
 151:/home/pacl/Documents/Repository/chipwhisperer/firmware/mcu/hal/chipwhisperer-fw-extra/stm32f4/stm32f4xx_hal_rng.c ****   hrng->State = HAL_RNG_STATE_READY;
 152:/home/pacl/Documents/Repository/chipwhisperer/firmware/mcu/hal/chipwhisperer-fw-extra/stm32f4/stm32f4xx_hal_rng.c ****   
 153:/home/pacl/Documents/Repository/chipwhisperer/firmware/mcu/hal/chipwhisperer-fw-extra/stm32f4/stm32f4xx_hal_rng.c ****   __HAL_UNLOCK(hrng);
 154:/home/pacl/Documents/Repository/chipwhisperer/firmware/mcu/hal/chipwhisperer-fw-extra/stm32f4/stm32f4xx_hal_rng.c ****   
 155:/home/pacl/Documents/Repository/chipwhisperer/firmware/mcu/hal/chipwhisperer-fw-extra/stm32f4/stm32f4xx_hal_rng.c ****   /* Return function status */
 156:/home/pacl/Documents/Repository/chipwhisperer/firmware/mcu/hal/chipwhisperer-fw-extra/stm32f4/stm32f4xx_hal_rng.c ****   return HAL_OK;
 157:/home/pacl/Documents/Repository/chipwhisperer/firmware/mcu/hal/chipwhisperer-fw-extra/stm32f4/stm32f4xx_hal_rng.c **** }
 158:/home/pacl/Documents/Repository/chipwhisperer/firmware/mcu/hal/chipwhisperer-fw-extra/stm32f4/stm32f4xx_hal_rng.c **** 
 159:/home/pacl/Documents/Repository/chipwhisperer/firmware/mcu/hal/chipwhisperer-fw-extra/stm32f4/stm32f4xx_hal_rng.c **** /**
 160:/home/pacl/Documents/Repository/chipwhisperer/firmware/mcu/hal/chipwhisperer-fw-extra/stm32f4/stm32f4xx_hal_rng.c ****   * @brief  DeInitializes the RNG peripheral. 
 161:/home/pacl/Documents/Repository/chipwhisperer/firmware/mcu/hal/chipwhisperer-fw-extra/stm32f4/stm32f4xx_hal_rng.c ****   * @param  hrng: pointer to a RNG_HandleTypeDef structure that contains
 162:/home/pacl/Documents/Repository/chipwhisperer/firmware/mcu/hal/chipwhisperer-fw-extra/stm32f4/stm32f4xx_hal_rng.c ****   *                the configuration information for RNG.
 163:/home/pacl/Documents/Repository/chipwhisperer/firmware/mcu/hal/chipwhisperer-fw-extra/stm32f4/stm32f4xx_hal_rng.c ****   * @retval HAL status
 164:/home/pacl/Documents/Repository/chipwhisperer/firmware/mcu/hal/chipwhisperer-fw-extra/stm32f4/stm32f4xx_hal_rng.c ****   */
 165:/home/pacl/Documents/Repository/chipwhisperer/firmware/mcu/hal/chipwhisperer-fw-extra/stm32f4/stm32f4xx_hal_rng.c **** HAL_StatusTypeDef HAL_RNG_DeInit(RNG_HandleTypeDef *hrng)
 166:/home/pacl/Documents/Repository/chipwhisperer/firmware/mcu/hal/chipwhisperer-fw-extra/stm32f4/stm32f4xx_hal_rng.c **** { 
 167:/home/pacl/Documents/Repository/chipwhisperer/firmware/mcu/hal/chipwhisperer-fw-extra/stm32f4/stm32f4xx_hal_rng.c ****   /* Check the RNG handle allocation */
 168:/home/pacl/Documents/Repository/chipwhisperer/firmware/mcu/hal/chipwhisperer-fw-extra/stm32f4/stm32f4xx_hal_rng.c ****   if(hrng == NULL)
 169:/home/pacl/Documents/Repository/chipwhisperer/firmware/mcu/hal/chipwhisperer-fw-extra/stm32f4/stm32f4xx_hal_rng.c ****   {
 170:/home/pacl/Documents/Repository/chipwhisperer/firmware/mcu/hal/chipwhisperer-fw-extra/stm32f4/stm32f4xx_hal_rng.c ****     return HAL_ERROR;
 171:/home/pacl/Documents/Repository/chipwhisperer/firmware/mcu/hal/chipwhisperer-fw-extra/stm32f4/stm32f4xx_hal_rng.c ****   }
 172:/home/pacl/Documents/Repository/chipwhisperer/firmware/mcu/hal/chipwhisperer-fw-extra/stm32f4/stm32f4xx_hal_rng.c ****   /* Disable the RNG Peripheral */
 173:/home/pacl/Documents/Repository/chipwhisperer/firmware/mcu/hal/chipwhisperer-fw-extra/stm32f4/stm32f4xx_hal_rng.c ****   CLEAR_BIT(hrng->Instance->CR, RNG_CR_IE | RNG_CR_RNGEN);
 174:/home/pacl/Documents/Repository/chipwhisperer/firmware/mcu/hal/chipwhisperer-fw-extra/stm32f4/stm32f4xx_hal_rng.c ****   
 175:/home/pacl/Documents/Repository/chipwhisperer/firmware/mcu/hal/chipwhisperer-fw-extra/stm32f4/stm32f4xx_hal_rng.c ****   /* Clear RNG interrupt status flags */
 176:/home/pacl/Documents/Repository/chipwhisperer/firmware/mcu/hal/chipwhisperer-fw-extra/stm32f4/stm32f4xx_hal_rng.c ****   CLEAR_BIT(hrng->Instance->SR, RNG_SR_CEIS | RNG_SR_SEIS);
 177:/home/pacl/Documents/Repository/chipwhisperer/firmware/mcu/hal/chipwhisperer-fw-extra/stm32f4/stm32f4xx_hal_rng.c ****   
 178:/home/pacl/Documents/Repository/chipwhisperer/firmware/mcu/hal/chipwhisperer-fw-extra/stm32f4/stm32f4xx_hal_rng.c ****   /* DeInit the low level hardware */
 179:/home/pacl/Documents/Repository/chipwhisperer/firmware/mcu/hal/chipwhisperer-fw-extra/stm32f4/stm32f4xx_hal_rng.c ****   HAL_RNG_MspDeInit(hrng);
 180:/home/pacl/Documents/Repository/chipwhisperer/firmware/mcu/hal/chipwhisperer-fw-extra/stm32f4/stm32f4xx_hal_rng.c ****   
 181:/home/pacl/Documents/Repository/chipwhisperer/firmware/mcu/hal/chipwhisperer-fw-extra/stm32f4/stm32f4xx_hal_rng.c ****   /* Update the RNG state */
 182:/home/pacl/Documents/Repository/chipwhisperer/firmware/mcu/hal/chipwhisperer-fw-extra/stm32f4/stm32f4xx_hal_rng.c ****   hrng->State = HAL_RNG_STATE_RESET; 
 183:/home/pacl/Documents/Repository/chipwhisperer/firmware/mcu/hal/chipwhisperer-fw-extra/stm32f4/stm32f4xx_hal_rng.c **** 
 184:/home/pacl/Documents/Repository/chipwhisperer/firmware/mcu/hal/chipwhisperer-fw-extra/stm32f4/stm32f4xx_hal_rng.c ****   /* Release Lock */
 185:/home/pacl/Documents/Repository/chipwhisperer/firmware/mcu/hal/chipwhisperer-fw-extra/stm32f4/stm32f4xx_hal_rng.c ****   __HAL_UNLOCK(hrng);
 186:/home/pacl/Documents/Repository/chipwhisperer/firmware/mcu/hal/chipwhisperer-fw-extra/stm32f4/stm32f4xx_hal_rng.c ****   
 187:/home/pacl/Documents/Repository/chipwhisperer/firmware/mcu/hal/chipwhisperer-fw-extra/stm32f4/stm32f4xx_hal_rng.c ****   /* Return the function status */
 188:/home/pacl/Documents/Repository/chipwhisperer/firmware/mcu/hal/chipwhisperer-fw-extra/stm32f4/stm32f4xx_hal_rng.c ****   return HAL_OK;
 189:/home/pacl/Documents/Repository/chipwhisperer/firmware/mcu/hal/chipwhisperer-fw-extra/stm32f4/stm32f4xx_hal_rng.c **** }
 190:/home/pacl/Documents/Repository/chipwhisperer/firmware/mcu/hal/chipwhisperer-fw-extra/stm32f4/stm32f4xx_hal_rng.c **** 
 191:/home/pacl/Documents/Repository/chipwhisperer/firmware/mcu/hal/chipwhisperer-fw-extra/stm32f4/stm32f4xx_hal_rng.c **** /**
 192:/home/pacl/Documents/Repository/chipwhisperer/firmware/mcu/hal/chipwhisperer-fw-extra/stm32f4/stm32f4xx_hal_rng.c ****   * @brief  Initializes the RNG MSP.
 193:/home/pacl/Documents/Repository/chipwhisperer/firmware/mcu/hal/chipwhisperer-fw-extra/stm32f4/stm32f4xx_hal_rng.c ****   * @param  hrng: pointer to a RNG_HandleTypeDef structure that contains
 194:/home/pacl/Documents/Repository/chipwhisperer/firmware/mcu/hal/chipwhisperer-fw-extra/stm32f4/stm32f4xx_hal_rng.c ****   *                the configuration information for RNG.
 195:/home/pacl/Documents/Repository/chipwhisperer/firmware/mcu/hal/chipwhisperer-fw-extra/stm32f4/stm32f4xx_hal_rng.c ****   * @retval None
 196:/home/pacl/Documents/Repository/chipwhisperer/firmware/mcu/hal/chipwhisperer-fw-extra/stm32f4/stm32f4xx_hal_rng.c ****   */
 197:/home/pacl/Documents/Repository/chipwhisperer/firmware/mcu/hal/chipwhisperer-fw-extra/stm32f4/stm32f4xx_hal_rng.c **** __weak void HAL_RNG_MspInit(RNG_HandleTypeDef *hrng)
 198:/home/pacl/Documents/Repository/chipwhisperer/firmware/mcu/hal/chipwhisperer-fw-extra/stm32f4/stm32f4xx_hal_rng.c **** {
  29              		.loc 1 198 1 view -0
  30              		.cfi_startproc
  31              		@ args = 0, pretend = 0, frame = 0
  32              		@ frame_needed = 0, uses_anonymous_args = 0
  33              		@ link register save eliminated.
 199:/home/pacl/Documents/Repository/chipwhisperer/firmware/mcu/hal/chipwhisperer-fw-extra/stm32f4/stm32f4xx_hal_rng.c ****   /* Prevent unused argument(s) compilation warning */
 200:/home/pacl/Documents/Repository/chipwhisperer/firmware/mcu/hal/chipwhisperer-fw-extra/stm32f4/stm32f4xx_hal_rng.c ****   UNUSED(hrng);
  34              		.loc 1 200 3 view .LVU1
 201:/home/pacl/Documents/Repository/chipwhisperer/firmware/mcu/hal/chipwhisperer-fw-extra/stm32f4/stm32f4xx_hal_rng.c ****   /* NOTE : This function should not be modified. When the callback is needed,
 202:/home/pacl/Documents/Repository/chipwhisperer/firmware/mcu/hal/chipwhisperer-fw-extra/stm32f4/stm32f4xx_hal_rng.c ****             function HAL_RNG_MspInit must be implemented in the user file.
 203:/home/pacl/Documents/Repository/chipwhisperer/firmware/mcu/hal/chipwhisperer-fw-extra/stm32f4/stm32f4xx_hal_rng.c ****    */
 204:/home/pacl/Documents/Repository/chipwhisperer/firmware/mcu/hal/chipwhisperer-fw-extra/stm32f4/stm32f4xx_hal_rng.c **** }
  35              		.loc 1 204 1 is_stmt 0 view .LVU2
  36 0000 7047     		bx	lr
  37              		.cfi_endproc
  38              	.LFE128:
  40 0002 00BF     		.section	.text.HAL_RNG_Init,"ax",%progbits
  41              		.align	1
  42              		.p2align 2,,3
  43              		.global	HAL_RNG_Init
  44              		.syntax unified
  45              		.thumb
  46              		.thumb_func
  48              	HAL_RNG_Init:
  49              	.LVL1:
  50              	.LFB126:
 127:/home/pacl/Documents/Repository/chipwhisperer/firmware/mcu/hal/chipwhisperer-fw-extra/stm32f4/stm32f4xx_hal_rng.c ****   /* Check the RNG handle allocation */
  51              		.loc 1 127 1 is_stmt 1 view -0
  52              		.cfi_startproc
  53              		@ args = 0, pretend = 0, frame = 0
  54              		@ frame_needed = 0, uses_anonymous_args = 0
 129:/home/pacl/Documents/Repository/chipwhisperer/firmware/mcu/hal/chipwhisperer-fw-extra/stm32f4/stm32f4xx_hal_rng.c ****   {
  55              		.loc 1 129 3 view .LVU4
 129:/home/pacl/Documents/Repository/chipwhisperer/firmware/mcu/hal/chipwhisperer-fw-extra/stm32f4/stm32f4xx_hal_rng.c ****   {
  56              		.loc 1 129 5 is_stmt 0 view .LVU5
  57 0000 C0B1     		cbz	r0, .L6
 127:/home/pacl/Documents/Repository/chipwhisperer/firmware/mcu/hal/chipwhisperer-fw-extra/stm32f4/stm32f4xx_hal_rng.c ****   /* Check the RNG handle allocation */
  58              		.loc 1 127 1 view .LVU6
  59 0002 10B5     		push	{r4, lr}
  60              	.LCFI0:
  61              		.cfi_def_cfa_offset 8
  62              		.cfi_offset 4, -8
  63              		.cfi_offset 14, -4
 134:/home/pacl/Documents/Repository/chipwhisperer/firmware/mcu/hal/chipwhisperer-fw-extra/stm32f4/stm32f4xx_hal_rng.c ****   
  64              		.loc 1 134 3 view .LVU7
  65 0004 0379     		ldrb	r3, [r0, #4]	@ zero_extendqisi2
  66 0006 012B     		cmp	r3, #1
  67 0008 0446     		mov	r4, r0
 134:/home/pacl/Documents/Repository/chipwhisperer/firmware/mcu/hal/chipwhisperer-fw-extra/stm32f4/stm32f4xx_hal_rng.c ****   
  68              		.loc 1 134 3 is_stmt 1 view .LVU8
 134:/home/pacl/Documents/Repository/chipwhisperer/firmware/mcu/hal/chipwhisperer-fw-extra/stm32f4/stm32f4xx_hal_rng.c ****   
  69              		.loc 1 134 3 view .LVU9
  70 000a 15D0     		beq	.L7
 134:/home/pacl/Documents/Repository/chipwhisperer/firmware/mcu/hal/chipwhisperer-fw-extra/stm32f4/stm32f4xx_hal_rng.c ****   
  71              		.loc 1 134 3 discriminator 2 view .LVU10
 134:/home/pacl/Documents/Repository/chipwhisperer/firmware/mcu/hal/chipwhisperer-fw-extra/stm32f4/stm32f4xx_hal_rng.c ****   
  72              		.loc 1 134 3 discriminator 2 view .LVU11
 136:/home/pacl/Documents/Repository/chipwhisperer/firmware/mcu/hal/chipwhisperer-fw-extra/stm32f4/stm32f4xx_hal_rng.c ****   {  
  73              		.loc 1 136 3 view .LVU12
 136:/home/pacl/Documents/Repository/chipwhisperer/firmware/mcu/hal/chipwhisperer-fw-extra/stm32f4/stm32f4xx_hal_rng.c ****   {  
  74              		.loc 1 136 10 is_stmt 0 view .LVU13
  75 000c 4379     		ldrb	r3, [r0, #5]	@ zero_extendqisi2
 136:/home/pacl/Documents/Repository/chipwhisperer/firmware/mcu/hal/chipwhisperer-fw-extra/stm32f4/stm32f4xx_hal_rng.c ****   {  
  76              		.loc 1 136 5 view .LVU14
  77 000e 03F0FF02 		and	r2, r3, #255
  78 0012 5BB1     		cbz	r3, .L12
  79              	.LVL2:
  80              	.L5:
 145:/home/pacl/Documents/Repository/chipwhisperer/firmware/mcu/hal/chipwhisperer-fw-extra/stm32f4/stm32f4xx_hal_rng.c **** 
  81              		.loc 1 145 3 is_stmt 1 view .LVU15
 148:/home/pacl/Documents/Repository/chipwhisperer/firmware/mcu/hal/chipwhisperer-fw-extra/stm32f4/stm32f4xx_hal_rng.c **** 
  82              		.loc 1 148 3 is_stmt 0 view .LVU16
  83 0014 2268     		ldr	r2, [r4]
 145:/home/pacl/Documents/Repository/chipwhisperer/firmware/mcu/hal/chipwhisperer-fw-extra/stm32f4/stm32f4xx_hal_rng.c **** 
  84              		.loc 1 145 15 view .LVU17
  85 0016 0223     		movs	r3, #2
  86 0018 6371     		strb	r3, [r4, #5]
 148:/home/pacl/Documents/Repository/chipwhisperer/firmware/mcu/hal/chipwhisperer-fw-extra/stm32f4/stm32f4xx_hal_rng.c **** 
  87              		.loc 1 148 3 is_stmt 1 view .LVU18
  88 001a 1368     		ldr	r3, [r2]
 153:/home/pacl/Documents/Repository/chipwhisperer/firmware/mcu/hal/chipwhisperer-fw-extra/stm32f4/stm32f4xx_hal_rng.c ****   
  89              		.loc 1 153 3 is_stmt 0 view .LVU19
  90 001c 0020     		movs	r0, #0
 148:/home/pacl/Documents/Repository/chipwhisperer/firmware/mcu/hal/chipwhisperer-fw-extra/stm32f4/stm32f4xx_hal_rng.c **** 
  91              		.loc 1 148 3 view .LVU20
  92 001e 43F00403 		orr	r3, r3, #4
 151:/home/pacl/Documents/Repository/chipwhisperer/firmware/mcu/hal/chipwhisperer-fw-extra/stm32f4/stm32f4xx_hal_rng.c ****   
  93              		.loc 1 151 15 view .LVU21
  94 0022 0121     		movs	r1, #1
 148:/home/pacl/Documents/Repository/chipwhisperer/firmware/mcu/hal/chipwhisperer-fw-extra/stm32f4/stm32f4xx_hal_rng.c **** 
  95              		.loc 1 148 3 view .LVU22
  96 0024 1360     		str	r3, [r2]
 151:/home/pacl/Documents/Repository/chipwhisperer/firmware/mcu/hal/chipwhisperer-fw-extra/stm32f4/stm32f4xx_hal_rng.c ****   
  97              		.loc 1 151 3 is_stmt 1 view .LVU23
 151:/home/pacl/Documents/Repository/chipwhisperer/firmware/mcu/hal/chipwhisperer-fw-extra/stm32f4/stm32f4xx_hal_rng.c ****   
  98              		.loc 1 151 15 is_stmt 0 view .LVU24
  99 0026 6171     		strb	r1, [r4, #5]
 153:/home/pacl/Documents/Repository/chipwhisperer/firmware/mcu/hal/chipwhisperer-fw-extra/stm32f4/stm32f4xx_hal_rng.c ****   
 100              		.loc 1 153 3 is_stmt 1 view .LVU25
 153:/home/pacl/Documents/Repository/chipwhisperer/firmware/mcu/hal/chipwhisperer-fw-extra/stm32f4/stm32f4xx_hal_rng.c ****   
 101              		.loc 1 153 3 view .LVU26
 102 0028 2071     		strb	r0, [r4, #4]
 153:/home/pacl/Documents/Repository/chipwhisperer/firmware/mcu/hal/chipwhisperer-fw-extra/stm32f4/stm32f4xx_hal_rng.c ****   
 103              		.loc 1 153 3 view .LVU27
 156:/home/pacl/Documents/Repository/chipwhisperer/firmware/mcu/hal/chipwhisperer-fw-extra/stm32f4/stm32f4xx_hal_rng.c **** }
 104              		.loc 1 156 3 view .LVU28
 157:/home/pacl/Documents/Repository/chipwhisperer/firmware/mcu/hal/chipwhisperer-fw-extra/stm32f4/stm32f4xx_hal_rng.c **** 
 105              		.loc 1 157 1 is_stmt 0 view .LVU29
 106 002a 10BD     		pop	{r4, pc}
 107              	.LVL3:
 108              	.L12:
 139:/home/pacl/Documents/Repository/chipwhisperer/firmware/mcu/hal/chipwhisperer-fw-extra/stm32f4/stm32f4xx_hal_rng.c ****     /* Init the low level hardware */
 109              		.loc 1 139 5 is_stmt 1 view .LVU30
 139:/home/pacl/Documents/Repository/chipwhisperer/firmware/mcu/hal/chipwhisperer-fw-extra/stm32f4/stm32f4xx_hal_rng.c ****     /* Init the low level hardware */
 110              		.loc 1 139 16 is_stmt 0 view .LVU31
 111 002c 0271     		strb	r2, [r0, #4]
 141:/home/pacl/Documents/Repository/chipwhisperer/firmware/mcu/hal/chipwhisperer-fw-extra/stm32f4/stm32f4xx_hal_rng.c ****   }
 112              		.loc 1 141 5 is_stmt 1 view .LVU32
 113 002e FFF7FEFF 		bl	HAL_RNG_MspInit
 114              	.LVL4:
 141:/home/pacl/Documents/Repository/chipwhisperer/firmware/mcu/hal/chipwhisperer-fw-extra/stm32f4/stm32f4xx_hal_rng.c ****   }
 115              		.loc 1 141 5 is_stmt 0 view .LVU33
 116 0032 EFE7     		b	.L5
 117              	.LVL5:
 118              	.L6:
 119              	.LCFI1:
 120              		.cfi_def_cfa_offset 0
 121              		.cfi_restore 4
 122              		.cfi_restore 14
 131:/home/pacl/Documents/Repository/chipwhisperer/firmware/mcu/hal/chipwhisperer-fw-extra/stm32f4/stm32f4xx_hal_rng.c ****   }
 123              		.loc 1 131 12 view .LVU34
 124 0034 0120     		movs	r0, #1
 125              	.LVL6:
 157:/home/pacl/Documents/Repository/chipwhisperer/firmware/mcu/hal/chipwhisperer-fw-extra/stm32f4/stm32f4xx_hal_rng.c **** 
 126              		.loc 1 157 1 view .LVU35
 127 0036 7047     		bx	lr
 128              	.LVL7:
 129              	.L7:
 130              	.LCFI2:
 131              		.cfi_def_cfa_offset 8
 132              		.cfi_offset 4, -8
 133              		.cfi_offset 14, -4
 134:/home/pacl/Documents/Repository/chipwhisperer/firmware/mcu/hal/chipwhisperer-fw-extra/stm32f4/stm32f4xx_hal_rng.c ****   
 134              		.loc 1 134 3 discriminator 1 view .LVU36
 135 0038 0220     		movs	r0, #2
 136              	.LVL8:
 157:/home/pacl/Documents/Repository/chipwhisperer/firmware/mcu/hal/chipwhisperer-fw-extra/stm32f4/stm32f4xx_hal_rng.c **** 
 137              		.loc 1 157 1 view .LVU37
 138 003a 10BD     		pop	{r4, pc}
 157:/home/pacl/Documents/Repository/chipwhisperer/firmware/mcu/hal/chipwhisperer-fw-extra/stm32f4/stm32f4xx_hal_rng.c **** 
 139              		.loc 1 157 1 view .LVU38
 140              		.cfi_endproc
 141              	.LFE126:
 143              		.section	.text.HAL_RNG_MspDeInit,"ax",%progbits
 144              		.align	1
 145              		.p2align 2,,3
 146              		.weak	HAL_RNG_MspDeInit
 147              		.syntax unified
 148              		.thumb
 149              		.thumb_func
 151              	HAL_RNG_MspDeInit:
 152              	.LFB140:
 153              		.cfi_startproc
 205:/home/pacl/Documents/Repository/chipwhisperer/firmware/mcu/hal/chipwhisperer-fw-extra/stm32f4/stm32f4xx_hal_rng.c **** 
 206:/home/pacl/Documents/Repository/chipwhisperer/firmware/mcu/hal/chipwhisperer-fw-extra/stm32f4/stm32f4xx_hal_rng.c **** /**
 207:/home/pacl/Documents/Repository/chipwhisperer/firmware/mcu/hal/chipwhisperer-fw-extra/stm32f4/stm32f4xx_hal_rng.c ****   * @brief  DeInitializes the RNG MSP.
 208:/home/pacl/Documents/Repository/chipwhisperer/firmware/mcu/hal/chipwhisperer-fw-extra/stm32f4/stm32f4xx_hal_rng.c ****   * @param  hrng: pointer to a RNG_HandleTypeDef structure that contains
 209:/home/pacl/Documents/Repository/chipwhisperer/firmware/mcu/hal/chipwhisperer-fw-extra/stm32f4/stm32f4xx_hal_rng.c ****   *                the configuration information for RNG.
 210:/home/pacl/Documents/Repository/chipwhisperer/firmware/mcu/hal/chipwhisperer-fw-extra/stm32f4/stm32f4xx_hal_rng.c ****   * @retval None
 211:/home/pacl/Documents/Repository/chipwhisperer/firmware/mcu/hal/chipwhisperer-fw-extra/stm32f4/stm32f4xx_hal_rng.c ****   */
 212:/home/pacl/Documents/Repository/chipwhisperer/firmware/mcu/hal/chipwhisperer-fw-extra/stm32f4/stm32f4xx_hal_rng.c **** __weak void HAL_RNG_MspDeInit(RNG_HandleTypeDef *hrng)
 154              		.loc 1 212 13 is_stmt 1 view -0
 155              		@ args = 0, pretend = 0, frame = 0
 156              		@ frame_needed = 0, uses_anonymous_args = 0
 157              		@ link register save eliminated.
 158 0000 7047     		bx	lr
 159              		.cfi_endproc
 160              	.LFE140:
 162 0002 00BF     		.section	.text.HAL_RNG_DeInit,"ax",%progbits
 163              		.align	1
 164              		.p2align 2,,3
 165              		.global	HAL_RNG_DeInit
 166              		.syntax unified
 167              		.thumb
 168              		.thumb_func
 170              	HAL_RNG_DeInit:
 171              	.LVL9:
 172              	.LFB127:
 166:/home/pacl/Documents/Repository/chipwhisperer/firmware/mcu/hal/chipwhisperer-fw-extra/stm32f4/stm32f4xx_hal_rng.c ****   /* Check the RNG handle allocation */
 173              		.loc 1 166 1 view -0
 174              		.cfi_startproc
 175              		@ args = 0, pretend = 0, frame = 0
 176              		@ frame_needed = 0, uses_anonymous_args = 0
 168:/home/pacl/Documents/Repository/chipwhisperer/firmware/mcu/hal/chipwhisperer-fw-extra/stm32f4/stm32f4xx_hal_rng.c ****   {
 177              		.loc 1 168 3 view .LVU41
 168:/home/pacl/Documents/Repository/chipwhisperer/firmware/mcu/hal/chipwhisperer-fw-extra/stm32f4/stm32f4xx_hal_rng.c ****   {
 178              		.loc 1 168 5 is_stmt 0 view .LVU42
 179 0000 88B1     		cbz	r0, .L16
 173:/home/pacl/Documents/Repository/chipwhisperer/firmware/mcu/hal/chipwhisperer-fw-extra/stm32f4/stm32f4xx_hal_rng.c ****   
 180              		.loc 1 173 3 view .LVU43
 181 0002 0368     		ldr	r3, [r0]
 182 0004 1A68     		ldr	r2, [r3]
 183 0006 22F00C02 		bic	r2, r2, #12
 166:/home/pacl/Documents/Repository/chipwhisperer/firmware/mcu/hal/chipwhisperer-fw-extra/stm32f4/stm32f4xx_hal_rng.c ****   /* Check the RNG handle allocation */
 184              		.loc 1 166 1 view .LVU44
 185 000a 10B5     		push	{r4, lr}
 186              	.LCFI3:
 187              		.cfi_def_cfa_offset 8
 188              		.cfi_offset 4, -8
 189              		.cfi_offset 14, -4
 173:/home/pacl/Documents/Repository/chipwhisperer/firmware/mcu/hal/chipwhisperer-fw-extra/stm32f4/stm32f4xx_hal_rng.c ****   
 190              		.loc 1 173 3 view .LVU45
 191 000c 1A60     		str	r2, [r3]
 176:/home/pacl/Documents/Repository/chipwhisperer/firmware/mcu/hal/chipwhisperer-fw-extra/stm32f4/stm32f4xx_hal_rng.c ****   
 192              		.loc 1 176 3 view .LVU46
 193 000e 5A68     		ldr	r2, [r3, #4]
 194 0010 22F06002 		bic	r2, r2, #96
 195 0014 0446     		mov	r4, r0
 173:/home/pacl/Documents/Repository/chipwhisperer/firmware/mcu/hal/chipwhisperer-fw-extra/stm32f4/stm32f4xx_hal_rng.c ****   
 196              		.loc 1 173 3 is_stmt 1 view .LVU47
 176:/home/pacl/Documents/Repository/chipwhisperer/firmware/mcu/hal/chipwhisperer-fw-extra/stm32f4/stm32f4xx_hal_rng.c ****   
 197              		.loc 1 176 3 view .LVU48
 198 0016 5A60     		str	r2, [r3, #4]
 179:/home/pacl/Documents/Repository/chipwhisperer/firmware/mcu/hal/chipwhisperer-fw-extra/stm32f4/stm32f4xx_hal_rng.c ****   
 199              		.loc 1 179 3 view .LVU49
 200 0018 FFF7FEFF 		bl	HAL_RNG_MspDeInit
 201              	.LVL10:
 182:/home/pacl/Documents/Repository/chipwhisperer/firmware/mcu/hal/chipwhisperer-fw-extra/stm32f4/stm32f4xx_hal_rng.c **** 
 202              		.loc 1 182 3 view .LVU50
 182:/home/pacl/Documents/Repository/chipwhisperer/firmware/mcu/hal/chipwhisperer-fw-extra/stm32f4/stm32f4xx_hal_rng.c **** 
 203              		.loc 1 182 15 is_stmt 0 view .LVU51
 204 001c 0023     		movs	r3, #0
 205 001e 6371     		strb	r3, [r4, #5]
 185:/home/pacl/Documents/Repository/chipwhisperer/firmware/mcu/hal/chipwhisperer-fw-extra/stm32f4/stm32f4xx_hal_rng.c ****   
 206              		.loc 1 185 3 is_stmt 1 view .LVU52
 185:/home/pacl/Documents/Repository/chipwhisperer/firmware/mcu/hal/chipwhisperer-fw-extra/stm32f4/stm32f4xx_hal_rng.c ****   
 207              		.loc 1 185 3 view .LVU53
 208 0020 2371     		strb	r3, [r4, #4]
 185:/home/pacl/Documents/Repository/chipwhisperer/firmware/mcu/hal/chipwhisperer-fw-extra/stm32f4/stm32f4xx_hal_rng.c ****   
 209              		.loc 1 185 3 view .LVU54
 188:/home/pacl/Documents/Repository/chipwhisperer/firmware/mcu/hal/chipwhisperer-fw-extra/stm32f4/stm32f4xx_hal_rng.c **** }
 210              		.loc 1 188 3 view .LVU55
 188:/home/pacl/Documents/Repository/chipwhisperer/firmware/mcu/hal/chipwhisperer-fw-extra/stm32f4/stm32f4xx_hal_rng.c **** }
 211              		.loc 1 188 10 is_stmt 0 view .LVU56
 212 0022 1846     		mov	r0, r3
 189:/home/pacl/Documents/Repository/chipwhisperer/firmware/mcu/hal/chipwhisperer-fw-extra/stm32f4/stm32f4xx_hal_rng.c **** 
 213              		.loc 1 189 1 view .LVU57
 214 0024 10BD     		pop	{r4, pc}
 215              	.LVL11:
 216              	.L16:
 217              	.LCFI4:
 218              		.cfi_def_cfa_offset 0
 219              		.cfi_restore 4
 220              		.cfi_restore 14
 170:/home/pacl/Documents/Repository/chipwhisperer/firmware/mcu/hal/chipwhisperer-fw-extra/stm32f4/stm32f4xx_hal_rng.c ****   }
 221              		.loc 1 170 12 view .LVU58
 222 0026 0120     		movs	r0, #1
 223              	.LVL12:
 189:/home/pacl/Documents/Repository/chipwhisperer/firmware/mcu/hal/chipwhisperer-fw-extra/stm32f4/stm32f4xx_hal_rng.c **** 
 224              		.loc 1 189 1 view .LVU59
 225 0028 7047     		bx	lr
 226              		.cfi_endproc
 227              	.LFE127:
 229 002a 00BF     		.section	.text.HAL_RNG_GenerateRandomNumber,"ax",%progbits
 230              		.align	1
 231              		.p2align 2,,3
 232              		.global	HAL_RNG_GenerateRandomNumber
 233              		.syntax unified
 234              		.thumb
 235              		.thumb_func
 237              	HAL_RNG_GenerateRandomNumber:
 238              	.LVL13:
 239              	.LFB130:
 213:/home/pacl/Documents/Repository/chipwhisperer/firmware/mcu/hal/chipwhisperer-fw-extra/stm32f4/stm32f4xx_hal_rng.c **** {
 214:/home/pacl/Documents/Repository/chipwhisperer/firmware/mcu/hal/chipwhisperer-fw-extra/stm32f4/stm32f4xx_hal_rng.c ****   /* Prevent unused argument(s) compilation warning */
 215:/home/pacl/Documents/Repository/chipwhisperer/firmware/mcu/hal/chipwhisperer-fw-extra/stm32f4/stm32f4xx_hal_rng.c ****   UNUSED(hrng);
 216:/home/pacl/Documents/Repository/chipwhisperer/firmware/mcu/hal/chipwhisperer-fw-extra/stm32f4/stm32f4xx_hal_rng.c ****   /* NOTE : This function should not be modified. When the callback is needed,
 217:/home/pacl/Documents/Repository/chipwhisperer/firmware/mcu/hal/chipwhisperer-fw-extra/stm32f4/stm32f4xx_hal_rng.c ****             function HAL_RNG_MspDeInit must be implemented in the user file.
 218:/home/pacl/Documents/Repository/chipwhisperer/firmware/mcu/hal/chipwhisperer-fw-extra/stm32f4/stm32f4xx_hal_rng.c ****    */
 219:/home/pacl/Documents/Repository/chipwhisperer/firmware/mcu/hal/chipwhisperer-fw-extra/stm32f4/stm32f4xx_hal_rng.c **** }
 220:/home/pacl/Documents/Repository/chipwhisperer/firmware/mcu/hal/chipwhisperer-fw-extra/stm32f4/stm32f4xx_hal_rng.c **** 
 221:/home/pacl/Documents/Repository/chipwhisperer/firmware/mcu/hal/chipwhisperer-fw-extra/stm32f4/stm32f4xx_hal_rng.c **** /**
 222:/home/pacl/Documents/Repository/chipwhisperer/firmware/mcu/hal/chipwhisperer-fw-extra/stm32f4/stm32f4xx_hal_rng.c ****   * @}
 223:/home/pacl/Documents/Repository/chipwhisperer/firmware/mcu/hal/chipwhisperer-fw-extra/stm32f4/stm32f4xx_hal_rng.c ****   */
 224:/home/pacl/Documents/Repository/chipwhisperer/firmware/mcu/hal/chipwhisperer-fw-extra/stm32f4/stm32f4xx_hal_rng.c **** 
 225:/home/pacl/Documents/Repository/chipwhisperer/firmware/mcu/hal/chipwhisperer-fw-extra/stm32f4/stm32f4xx_hal_rng.c **** /** @addtogroup RNG_Exported_Functions_Group2
 226:/home/pacl/Documents/Repository/chipwhisperer/firmware/mcu/hal/chipwhisperer-fw-extra/stm32f4/stm32f4xx_hal_rng.c ****  *  @brief   Peripheral Control functions 
 227:/home/pacl/Documents/Repository/chipwhisperer/firmware/mcu/hal/chipwhisperer-fw-extra/stm32f4/stm32f4xx_hal_rng.c ****  *
 228:/home/pacl/Documents/Repository/chipwhisperer/firmware/mcu/hal/chipwhisperer-fw-extra/stm32f4/stm32f4xx_hal_rng.c **** @verbatim   
 229:/home/pacl/Documents/Repository/chipwhisperer/firmware/mcu/hal/chipwhisperer-fw-extra/stm32f4/stm32f4xx_hal_rng.c ****  ===============================================================================
 230:/home/pacl/Documents/Repository/chipwhisperer/firmware/mcu/hal/chipwhisperer-fw-extra/stm32f4/stm32f4xx_hal_rng.c ****                       ##### Peripheral Control functions #####
 231:/home/pacl/Documents/Repository/chipwhisperer/firmware/mcu/hal/chipwhisperer-fw-extra/stm32f4/stm32f4xx_hal_rng.c ****  ===============================================================================  
 232:/home/pacl/Documents/Repository/chipwhisperer/firmware/mcu/hal/chipwhisperer-fw-extra/stm32f4/stm32f4xx_hal_rng.c ****     [..]  This section provides functions allowing to:
 233:/home/pacl/Documents/Repository/chipwhisperer/firmware/mcu/hal/chipwhisperer-fw-extra/stm32f4/stm32f4xx_hal_rng.c ****       (+) Get the 32 bit Random number
 234:/home/pacl/Documents/Repository/chipwhisperer/firmware/mcu/hal/chipwhisperer-fw-extra/stm32f4/stm32f4xx_hal_rng.c ****       (+) Get the 32 bit Random number with interrupt enabled
 235:/home/pacl/Documents/Repository/chipwhisperer/firmware/mcu/hal/chipwhisperer-fw-extra/stm32f4/stm32f4xx_hal_rng.c ****       (+) Handle RNG interrupt request 
 236:/home/pacl/Documents/Repository/chipwhisperer/firmware/mcu/hal/chipwhisperer-fw-extra/stm32f4/stm32f4xx_hal_rng.c **** 
 237:/home/pacl/Documents/Repository/chipwhisperer/firmware/mcu/hal/chipwhisperer-fw-extra/stm32f4/stm32f4xx_hal_rng.c **** @endverbatim
 238:/home/pacl/Documents/Repository/chipwhisperer/firmware/mcu/hal/chipwhisperer-fw-extra/stm32f4/stm32f4xx_hal_rng.c ****   * @{
 239:/home/pacl/Documents/Repository/chipwhisperer/firmware/mcu/hal/chipwhisperer-fw-extra/stm32f4/stm32f4xx_hal_rng.c ****   */
 240:/home/pacl/Documents/Repository/chipwhisperer/firmware/mcu/hal/chipwhisperer-fw-extra/stm32f4/stm32f4xx_hal_rng.c ****    
 241:/home/pacl/Documents/Repository/chipwhisperer/firmware/mcu/hal/chipwhisperer-fw-extra/stm32f4/stm32f4xx_hal_rng.c **** /**
 242:/home/pacl/Documents/Repository/chipwhisperer/firmware/mcu/hal/chipwhisperer-fw-extra/stm32f4/stm32f4xx_hal_rng.c ****   * @brief  Generates a 32-bit random number.
 243:/home/pacl/Documents/Repository/chipwhisperer/firmware/mcu/hal/chipwhisperer-fw-extra/stm32f4/stm32f4xx_hal_rng.c ****   * @note   Each time the random number data is read the RNG_FLAG_DRDY flag 
 244:/home/pacl/Documents/Repository/chipwhisperer/firmware/mcu/hal/chipwhisperer-fw-extra/stm32f4/stm32f4xx_hal_rng.c ****   *         is automatically cleared.
 245:/home/pacl/Documents/Repository/chipwhisperer/firmware/mcu/hal/chipwhisperer-fw-extra/stm32f4/stm32f4xx_hal_rng.c ****   * @param  hrng: pointer to a RNG_HandleTypeDef structure that contains
 246:/home/pacl/Documents/Repository/chipwhisperer/firmware/mcu/hal/chipwhisperer-fw-extra/stm32f4/stm32f4xx_hal_rng.c ****   *                the configuration information for RNG.
 247:/home/pacl/Documents/Repository/chipwhisperer/firmware/mcu/hal/chipwhisperer-fw-extra/stm32f4/stm32f4xx_hal_rng.c ****   * @param  random32bit: pointer to generated random number variable if successful.
 248:/home/pacl/Documents/Repository/chipwhisperer/firmware/mcu/hal/chipwhisperer-fw-extra/stm32f4/stm32f4xx_hal_rng.c ****   * @retval HAL status
 249:/home/pacl/Documents/Repository/chipwhisperer/firmware/mcu/hal/chipwhisperer-fw-extra/stm32f4/stm32f4xx_hal_rng.c ****   */
 250:/home/pacl/Documents/Repository/chipwhisperer/firmware/mcu/hal/chipwhisperer-fw-extra/stm32f4/stm32f4xx_hal_rng.c **** 
 251:/home/pacl/Documents/Repository/chipwhisperer/firmware/mcu/hal/chipwhisperer-fw-extra/stm32f4/stm32f4xx_hal_rng.c **** HAL_StatusTypeDef HAL_RNG_GenerateRandomNumber(RNG_HandleTypeDef *hrng, uint32_t *random32bit)
 252:/home/pacl/Documents/Repository/chipwhisperer/firmware/mcu/hal/chipwhisperer-fw-extra/stm32f4/stm32f4xx_hal_rng.c **** {
 240              		.loc 1 252 1 is_stmt 1 view -0
 241              		.cfi_startproc
 242              		@ args = 0, pretend = 0, frame = 0
 243              		@ frame_needed = 0, uses_anonymous_args = 0
 253:/home/pacl/Documents/Repository/chipwhisperer/firmware/mcu/hal/chipwhisperer-fw-extra/stm32f4/stm32f4xx_hal_rng.c ****   uint32_t tickstart = 0U;    
 244              		.loc 1 253 3 view .LVU61
 254:/home/pacl/Documents/Repository/chipwhisperer/firmware/mcu/hal/chipwhisperer-fw-extra/stm32f4/stm32f4xx_hal_rng.c ****   HAL_StatusTypeDef status = HAL_OK;
 245              		.loc 1 254 3 view .LVU62
 255:/home/pacl/Documents/Repository/chipwhisperer/firmware/mcu/hal/chipwhisperer-fw-extra/stm32f4/stm32f4xx_hal_rng.c **** 
 256:/home/pacl/Documents/Repository/chipwhisperer/firmware/mcu/hal/chipwhisperer-fw-extra/stm32f4/stm32f4xx_hal_rng.c ****   /* Process Locked */
 257:/home/pacl/Documents/Repository/chipwhisperer/firmware/mcu/hal/chipwhisperer-fw-extra/stm32f4/stm32f4xx_hal_rng.c ****   __HAL_LOCK(hrng); 
 246              		.loc 1 257 3 view .LVU63
 247              		.loc 1 257 3 view .LVU64
 252:/home/pacl/Documents/Repository/chipwhisperer/firmware/mcu/hal/chipwhisperer-fw-extra/stm32f4/stm32f4xx_hal_rng.c ****   uint32_t tickstart = 0U;    
 248              		.loc 1 252 1 is_stmt 0 view .LVU65
 249 0000 F8B5     		push	{r3, r4, r5, r6, r7, lr}
 250              	.LCFI5:
 251              		.cfi_def_cfa_offset 24
 252              		.cfi_offset 3, -24
 253              		.cfi_offset 4, -20
 254              		.cfi_offset 5, -16
 255              		.cfi_offset 6, -12
 256              		.cfi_offset 7, -8
 257              		.cfi_offset 14, -4
 258              		.loc 1 257 3 view .LVU66
 259 0002 0379     		ldrb	r3, [r0, #4]	@ zero_extendqisi2
 260 0004 012B     		cmp	r3, #1
 261 0006 20D0     		beq	.L26
 262              		.loc 1 257 3 is_stmt 1 discriminator 2 view .LVU67
 258:/home/pacl/Documents/Repository/chipwhisperer/firmware/mcu/hal/chipwhisperer-fw-extra/stm32f4/stm32f4xx_hal_rng.c ****   
 259:/home/pacl/Documents/Repository/chipwhisperer/firmware/mcu/hal/chipwhisperer-fw-extra/stm32f4/stm32f4xx_hal_rng.c ****   /* Check RNG peripheral state */
 260:/home/pacl/Documents/Repository/chipwhisperer/firmware/mcu/hal/chipwhisperer-fw-extra/stm32f4/stm32f4xx_hal_rng.c ****   if(hrng->State == HAL_RNG_STATE_READY)
 263              		.loc 1 260 10 is_stmt 0 view .LVU68
 264 0008 4379     		ldrb	r3, [r0, #5]	@ zero_extendqisi2
 265 000a 0446     		mov	r4, r0
 257:/home/pacl/Documents/Repository/chipwhisperer/firmware/mcu/hal/chipwhisperer-fw-extra/stm32f4/stm32f4xx_hal_rng.c ****   
 266              		.loc 1 257 3 discriminator 2 view .LVU69
 267 000c 0120     		movs	r0, #1
 268              	.LVL14:
 269              		.loc 1 260 5 view .LVU70
 270 000e 8342     		cmp	r3, r0
 257:/home/pacl/Documents/Repository/chipwhisperer/firmware/mcu/hal/chipwhisperer-fw-extra/stm32f4/stm32f4xx_hal_rng.c ****   
 271              		.loc 1 257 3 discriminator 2 view .LVU71
 272 0010 2071     		strb	r0, [r4, #4]
 257:/home/pacl/Documents/Repository/chipwhisperer/firmware/mcu/hal/chipwhisperer-fw-extra/stm32f4/stm32f4xx_hal_rng.c ****   
 273              		.loc 1 257 3 is_stmt 1 discriminator 2 view .LVU72
 274              		.loc 1 260 3 view .LVU73
 275              		.loc 1 260 5 is_stmt 0 view .LVU74
 276 0012 02D0     		beq	.L30
 277              	.LVL15:
 278              	.L23:
 261:/home/pacl/Documents/Repository/chipwhisperer/firmware/mcu/hal/chipwhisperer-fw-extra/stm32f4/stm32f4xx_hal_rng.c ****   {
 262:/home/pacl/Documents/Repository/chipwhisperer/firmware/mcu/hal/chipwhisperer-fw-extra/stm32f4/stm32f4xx_hal_rng.c ****     /* Change RNG peripheral state */  
 263:/home/pacl/Documents/Repository/chipwhisperer/firmware/mcu/hal/chipwhisperer-fw-extra/stm32f4/stm32f4xx_hal_rng.c ****     hrng->State = HAL_RNG_STATE_BUSY;  
 264:/home/pacl/Documents/Repository/chipwhisperer/firmware/mcu/hal/chipwhisperer-fw-extra/stm32f4/stm32f4xx_hal_rng.c **** 
 265:/home/pacl/Documents/Repository/chipwhisperer/firmware/mcu/hal/chipwhisperer-fw-extra/stm32f4/stm32f4xx_hal_rng.c ****     /* Get tick */
 266:/home/pacl/Documents/Repository/chipwhisperer/firmware/mcu/hal/chipwhisperer-fw-extra/stm32f4/stm32f4xx_hal_rng.c ****     tickstart = HAL_GetTick();
 267:/home/pacl/Documents/Repository/chipwhisperer/firmware/mcu/hal/chipwhisperer-fw-extra/stm32f4/stm32f4xx_hal_rng.c ****   
 268:/home/pacl/Documents/Repository/chipwhisperer/firmware/mcu/hal/chipwhisperer-fw-extra/stm32f4/stm32f4xx_hal_rng.c ****     /* Check if data register contains valid random data */
 269:/home/pacl/Documents/Repository/chipwhisperer/firmware/mcu/hal/chipwhisperer-fw-extra/stm32f4/stm32f4xx_hal_rng.c ****     while(__HAL_RNG_GET_FLAG(hrng, RNG_FLAG_DRDY) == RESET)
 270:/home/pacl/Documents/Repository/chipwhisperer/firmware/mcu/hal/chipwhisperer-fw-extra/stm32f4/stm32f4xx_hal_rng.c ****     {
 271:/home/pacl/Documents/Repository/chipwhisperer/firmware/mcu/hal/chipwhisperer-fw-extra/stm32f4/stm32f4xx_hal_rng.c ****       if((HAL_GetTick() - tickstart ) > RNG_TIMEOUT_VALUE)
 272:/home/pacl/Documents/Repository/chipwhisperer/firmware/mcu/hal/chipwhisperer-fw-extra/stm32f4/stm32f4xx_hal_rng.c ****       {    
 273:/home/pacl/Documents/Repository/chipwhisperer/firmware/mcu/hal/chipwhisperer-fw-extra/stm32f4/stm32f4xx_hal_rng.c ****         hrng->State = HAL_RNG_STATE_ERROR;
 274:/home/pacl/Documents/Repository/chipwhisperer/firmware/mcu/hal/chipwhisperer-fw-extra/stm32f4/stm32f4xx_hal_rng.c **** 
 275:/home/pacl/Documents/Repository/chipwhisperer/firmware/mcu/hal/chipwhisperer-fw-extra/stm32f4/stm32f4xx_hal_rng.c ****         /* Process Unlocked */
 276:/home/pacl/Documents/Repository/chipwhisperer/firmware/mcu/hal/chipwhisperer-fw-extra/stm32f4/stm32f4xx_hal_rng.c ****         __HAL_UNLOCK(hrng);
 277:/home/pacl/Documents/Repository/chipwhisperer/firmware/mcu/hal/chipwhisperer-fw-extra/stm32f4/stm32f4xx_hal_rng.c ****       
 278:/home/pacl/Documents/Repository/chipwhisperer/firmware/mcu/hal/chipwhisperer-fw-extra/stm32f4/stm32f4xx_hal_rng.c ****         return HAL_TIMEOUT;
 279:/home/pacl/Documents/Repository/chipwhisperer/firmware/mcu/hal/chipwhisperer-fw-extra/stm32f4/stm32f4xx_hal_rng.c ****       } 
 280:/home/pacl/Documents/Repository/chipwhisperer/firmware/mcu/hal/chipwhisperer-fw-extra/stm32f4/stm32f4xx_hal_rng.c ****     }
 281:/home/pacl/Documents/Repository/chipwhisperer/firmware/mcu/hal/chipwhisperer-fw-extra/stm32f4/stm32f4xx_hal_rng.c ****   
 282:/home/pacl/Documents/Repository/chipwhisperer/firmware/mcu/hal/chipwhisperer-fw-extra/stm32f4/stm32f4xx_hal_rng.c ****     /* Get a 32bit Random number */
 283:/home/pacl/Documents/Repository/chipwhisperer/firmware/mcu/hal/chipwhisperer-fw-extra/stm32f4/stm32f4xx_hal_rng.c ****     hrng->RandomNumber = hrng->Instance->DR;
 284:/home/pacl/Documents/Repository/chipwhisperer/firmware/mcu/hal/chipwhisperer-fw-extra/stm32f4/stm32f4xx_hal_rng.c ****     *random32bit = hrng->RandomNumber;
 285:/home/pacl/Documents/Repository/chipwhisperer/firmware/mcu/hal/chipwhisperer-fw-extra/stm32f4/stm32f4xx_hal_rng.c ****   
 286:/home/pacl/Documents/Repository/chipwhisperer/firmware/mcu/hal/chipwhisperer-fw-extra/stm32f4/stm32f4xx_hal_rng.c ****     hrng->State = HAL_RNG_STATE_READY;
 287:/home/pacl/Documents/Repository/chipwhisperer/firmware/mcu/hal/chipwhisperer-fw-extra/stm32f4/stm32f4xx_hal_rng.c ****   }
 288:/home/pacl/Documents/Repository/chipwhisperer/firmware/mcu/hal/chipwhisperer-fw-extra/stm32f4/stm32f4xx_hal_rng.c ****   else
 289:/home/pacl/Documents/Repository/chipwhisperer/firmware/mcu/hal/chipwhisperer-fw-extra/stm32f4/stm32f4xx_hal_rng.c ****   {
 290:/home/pacl/Documents/Repository/chipwhisperer/firmware/mcu/hal/chipwhisperer-fw-extra/stm32f4/stm32f4xx_hal_rng.c ****     status = HAL_ERROR;
 291:/home/pacl/Documents/Repository/chipwhisperer/firmware/mcu/hal/chipwhisperer-fw-extra/stm32f4/stm32f4xx_hal_rng.c ****   }
 292:/home/pacl/Documents/Repository/chipwhisperer/firmware/mcu/hal/chipwhisperer-fw-extra/stm32f4/stm32f4xx_hal_rng.c ****   
 293:/home/pacl/Documents/Repository/chipwhisperer/firmware/mcu/hal/chipwhisperer-fw-extra/stm32f4/stm32f4xx_hal_rng.c ****   /* Process Unlocked */
 294:/home/pacl/Documents/Repository/chipwhisperer/firmware/mcu/hal/chipwhisperer-fw-extra/stm32f4/stm32f4xx_hal_rng.c ****   __HAL_UNLOCK(hrng);
 279              		.loc 1 294 3 is_stmt 1 view .LVU75
 280              		.loc 1 294 3 view .LVU76
 281 0014 0023     		movs	r3, #0
 282 0016 2371     		strb	r3, [r4, #4]
 283              		.loc 1 294 3 view .LVU77
 295:/home/pacl/Documents/Repository/chipwhisperer/firmware/mcu/hal/chipwhisperer-fw-extra/stm32f4/stm32f4xx_hal_rng.c ****   
 296:/home/pacl/Documents/Repository/chipwhisperer/firmware/mcu/hal/chipwhisperer-fw-extra/stm32f4/stm32f4xx_hal_rng.c ****   return status;
 284              		.loc 1 296 3 view .LVU78
 297:/home/pacl/Documents/Repository/chipwhisperer/firmware/mcu/hal/chipwhisperer-fw-extra/stm32f4/stm32f4xx_hal_rng.c **** }
 285              		.loc 1 297 1 is_stmt 0 view .LVU79
 286 0018 F8BD     		pop	{r3, r4, r5, r6, r7, pc}
 287              	.LVL16:
 288              	.L30:
 263:/home/pacl/Documents/Repository/chipwhisperer/firmware/mcu/hal/chipwhisperer-fw-extra/stm32f4/stm32f4xx_hal_rng.c **** 
 289              		.loc 1 263 17 view .LVU80
 290 001a 0223     		movs	r3, #2
 291 001c 6371     		strb	r3, [r4, #5]
 292 001e 0E46     		mov	r6, r1
 263:/home/pacl/Documents/Repository/chipwhisperer/firmware/mcu/hal/chipwhisperer-fw-extra/stm32f4/stm32f4xx_hal_rng.c **** 
 293              		.loc 1 263 5 is_stmt 1 view .LVU81
 266:/home/pacl/Documents/Repository/chipwhisperer/firmware/mcu/hal/chipwhisperer-fw-extra/stm32f4/stm32f4xx_hal_rng.c ****   
 294              		.loc 1 266 5 view .LVU82
 266:/home/pacl/Documents/Repository/chipwhisperer/firmware/mcu/hal/chipwhisperer-fw-extra/stm32f4/stm32f4xx_hal_rng.c ****   
 295              		.loc 1 266 17 is_stmt 0 view .LVU83
 296 0020 FFF7FEFF 		bl	HAL_GetTick
 297              	.LVL17:
 266:/home/pacl/Documents/Repository/chipwhisperer/firmware/mcu/hal/chipwhisperer-fw-extra/stm32f4/stm32f4xx_hal_rng.c ****   
 298              		.loc 1 266 17 view .LVU84
 299 0024 0746     		mov	r7, r0
 300              	.LVL18:
 269:/home/pacl/Documents/Repository/chipwhisperer/firmware/mcu/hal/chipwhisperer-fw-extra/stm32f4/stm32f4xx_hal_rng.c ****     {
 301              		.loc 1 269 5 is_stmt 1 view .LVU85
 269:/home/pacl/Documents/Repository/chipwhisperer/firmware/mcu/hal/chipwhisperer-fw-extra/stm32f4/stm32f4xx_hal_rng.c ****     {
 302              		.loc 1 269 10 is_stmt 0 view .LVU86
 303 0026 04E0     		b	.L24
 304              	.LVL19:
 305              	.L25:
 271:/home/pacl/Documents/Repository/chipwhisperer/firmware/mcu/hal/chipwhisperer-fw-extra/stm32f4/stm32f4xx_hal_rng.c ****       {    
 306              		.loc 1 271 11 view .LVU87
 307 0028 FFF7FEFF 		bl	HAL_GetTick
 308              	.LVL20:
 271:/home/pacl/Documents/Repository/chipwhisperer/firmware/mcu/hal/chipwhisperer-fw-extra/stm32f4/stm32f4xx_hal_rng.c ****       {    
 309              		.loc 1 271 25 discriminator 1 view .LVU88
 310 002c C01B     		subs	r0, r0, r7
 271:/home/pacl/Documents/Repository/chipwhisperer/firmware/mcu/hal/chipwhisperer-fw-extra/stm32f4/stm32f4xx_hal_rng.c ****       {    
 311              		.loc 1 271 9 discriminator 1 view .LVU89
 312 002e 0228     		cmp	r0, #2
 313 0030 0DD8     		bhi	.L31
 314              	.L24:
 271:/home/pacl/Documents/Repository/chipwhisperer/firmware/mcu/hal/chipwhisperer-fw-extra/stm32f4/stm32f4xx_hal_rng.c ****       {    
 315              		.loc 1 271 7 is_stmt 1 view .LVU90
 269:/home/pacl/Documents/Repository/chipwhisperer/firmware/mcu/hal/chipwhisperer-fw-extra/stm32f4/stm32f4xx_hal_rng.c ****     {
 316              		.loc 1 269 51 view .LVU91
 269:/home/pacl/Documents/Repository/chipwhisperer/firmware/mcu/hal/chipwhisperer-fw-extra/stm32f4/stm32f4xx_hal_rng.c ****     {
 317              		.loc 1 269 11 is_stmt 0 view .LVU92
 318 0032 2268     		ldr	r2, [r4]
 319 0034 5568     		ldr	r5, [r2, #4]
 269:/home/pacl/Documents/Repository/chipwhisperer/firmware/mcu/hal/chipwhisperer-fw-extra/stm32f4/stm32f4xx_hal_rng.c ****     {
 320              		.loc 1 269 51 view .LVU93
 321 0036 15F00105 		ands	r5, r5, #1
 322 003a F5D0     		beq	.L25
 283:/home/pacl/Documents/Repository/chipwhisperer/firmware/mcu/hal/chipwhisperer-fw-extra/stm32f4/stm32f4xx_hal_rng.c ****     *random32bit = hrng->RandomNumber;
 323              		.loc 1 283 5 is_stmt 1 view .LVU94
 283:/home/pacl/Documents/Repository/chipwhisperer/firmware/mcu/hal/chipwhisperer-fw-extra/stm32f4/stm32f4xx_hal_rng.c ****     *random32bit = hrng->RandomNumber;
 324              		.loc 1 283 40 is_stmt 0 view .LVU95
 325 003c 9368     		ldr	r3, [r2, #8]
 283:/home/pacl/Documents/Repository/chipwhisperer/firmware/mcu/hal/chipwhisperer-fw-extra/stm32f4/stm32f4xx_hal_rng.c ****     *random32bit = hrng->RandomNumber;
 326              		.loc 1 283 24 view .LVU96
 327 003e A360     		str	r3, [r4, #8]
 284:/home/pacl/Documents/Repository/chipwhisperer/firmware/mcu/hal/chipwhisperer-fw-extra/stm32f4/stm32f4xx_hal_rng.c ****   
 328              		.loc 1 284 5 is_stmt 1 view .LVU97
 286:/home/pacl/Documents/Repository/chipwhisperer/firmware/mcu/hal/chipwhisperer-fw-extra/stm32f4/stm32f4xx_hal_rng.c ****   }
 329              		.loc 1 286 17 is_stmt 0 view .LVU98
 330 0040 0122     		movs	r2, #1
 284:/home/pacl/Documents/Repository/chipwhisperer/firmware/mcu/hal/chipwhisperer-fw-extra/stm32f4/stm32f4xx_hal_rng.c ****   
 331              		.loc 1 284 18 view .LVU99
 332 0042 3360     		str	r3, [r6]
 286:/home/pacl/Documents/Repository/chipwhisperer/firmware/mcu/hal/chipwhisperer-fw-extra/stm32f4/stm32f4xx_hal_rng.c ****   }
 333              		.loc 1 286 5 is_stmt 1 view .LVU100
 254:/home/pacl/Documents/Repository/chipwhisperer/firmware/mcu/hal/chipwhisperer-fw-extra/stm32f4/stm32f4xx_hal_rng.c **** 
 334              		.loc 1 254 21 is_stmt 0 view .LVU101
 335 0044 0020     		movs	r0, #0
 286:/home/pacl/Documents/Repository/chipwhisperer/firmware/mcu/hal/chipwhisperer-fw-extra/stm32f4/stm32f4xx_hal_rng.c ****   }
 336              		.loc 1 286 17 view .LVU102
 337 0046 6271     		strb	r2, [r4, #5]
 338 0048 E4E7     		b	.L23
 339              	.LVL21:
 340              	.L26:
 257:/home/pacl/Documents/Repository/chipwhisperer/firmware/mcu/hal/chipwhisperer-fw-extra/stm32f4/stm32f4xx_hal_rng.c ****   
 341              		.loc 1 257 3 discriminator 1 view .LVU103
 342 004a 0220     		movs	r0, #2
 343              	.LVL22:
 344              		.loc 1 297 1 view .LVU104
 345 004c F8BD     		pop	{r3, r4, r5, r6, r7, pc}
 346              	.LVL23:
 347              	.L31:
 273:/home/pacl/Documents/Repository/chipwhisperer/firmware/mcu/hal/chipwhisperer-fw-extra/stm32f4/stm32f4xx_hal_rng.c **** 
 348              		.loc 1 273 9 is_stmt 1 view .LVU105
 273:/home/pacl/Documents/Repository/chipwhisperer/firmware/mcu/hal/chipwhisperer-fw-extra/stm32f4/stm32f4xx_hal_rng.c **** 
 349              		.loc 1 273 21 is_stmt 0 view .LVU106
 350 004e 0423     		movs	r3, #4
 351 0050 6371     		strb	r3, [r4, #5]
 276:/home/pacl/Documents/Repository/chipwhisperer/firmware/mcu/hal/chipwhisperer-fw-extra/stm32f4/stm32f4xx_hal_rng.c ****       
 352              		.loc 1 276 9 is_stmt 1 view .LVU107
 276:/home/pacl/Documents/Repository/chipwhisperer/firmware/mcu/hal/chipwhisperer-fw-extra/stm32f4/stm32f4xx_hal_rng.c ****       
 353              		.loc 1 276 9 view .LVU108
 354 0052 2571     		strb	r5, [r4, #4]
 276:/home/pacl/Documents/Repository/chipwhisperer/firmware/mcu/hal/chipwhisperer-fw-extra/stm32f4/stm32f4xx_hal_rng.c ****       
 355              		.loc 1 276 9 view .LVU109
 278:/home/pacl/Documents/Repository/chipwhisperer/firmware/mcu/hal/chipwhisperer-fw-extra/stm32f4/stm32f4xx_hal_rng.c ****       } 
 356              		.loc 1 278 9 view .LVU110
 278:/home/pacl/Documents/Repository/chipwhisperer/firmware/mcu/hal/chipwhisperer-fw-extra/stm32f4/stm32f4xx_hal_rng.c ****       } 
 357              		.loc 1 278 16 is_stmt 0 view .LVU111
 358 0054 0320     		movs	r0, #3
 359              		.loc 1 297 1 view .LVU112
 360 0056 F8BD     		pop	{r3, r4, r5, r6, r7, pc}
 361              		.loc 1 297 1 view .LVU113
 362              		.cfi_endproc
 363              	.LFE130:
 365              		.section	.text.HAL_RNG_GenerateRandomNumber_IT,"ax",%progbits
 366              		.align	1
 367              		.p2align 2,,3
 368              		.global	HAL_RNG_GenerateRandomNumber_IT
 369              		.syntax unified
 370              		.thumb
 371              		.thumb_func
 373              	HAL_RNG_GenerateRandomNumber_IT:
 374              	.LVL24:
 375              	.LFB131:
 298:/home/pacl/Documents/Repository/chipwhisperer/firmware/mcu/hal/chipwhisperer-fw-extra/stm32f4/stm32f4xx_hal_rng.c **** 
 299:/home/pacl/Documents/Repository/chipwhisperer/firmware/mcu/hal/chipwhisperer-fw-extra/stm32f4/stm32f4xx_hal_rng.c **** /**
 300:/home/pacl/Documents/Repository/chipwhisperer/firmware/mcu/hal/chipwhisperer-fw-extra/stm32f4/stm32f4xx_hal_rng.c ****   * @brief  Generates a 32-bit random number in interrupt mode.
 301:/home/pacl/Documents/Repository/chipwhisperer/firmware/mcu/hal/chipwhisperer-fw-extra/stm32f4/stm32f4xx_hal_rng.c ****   * @param  hrng: pointer to a RNG_HandleTypeDef structure that contains
 302:/home/pacl/Documents/Repository/chipwhisperer/firmware/mcu/hal/chipwhisperer-fw-extra/stm32f4/stm32f4xx_hal_rng.c ****   *                the configuration information for RNG.
 303:/home/pacl/Documents/Repository/chipwhisperer/firmware/mcu/hal/chipwhisperer-fw-extra/stm32f4/stm32f4xx_hal_rng.c ****   * @retval HAL status
 304:/home/pacl/Documents/Repository/chipwhisperer/firmware/mcu/hal/chipwhisperer-fw-extra/stm32f4/stm32f4xx_hal_rng.c ****   */
 305:/home/pacl/Documents/Repository/chipwhisperer/firmware/mcu/hal/chipwhisperer-fw-extra/stm32f4/stm32f4xx_hal_rng.c **** HAL_StatusTypeDef HAL_RNG_GenerateRandomNumber_IT(RNG_HandleTypeDef *hrng)
 306:/home/pacl/Documents/Repository/chipwhisperer/firmware/mcu/hal/chipwhisperer-fw-extra/stm32f4/stm32f4xx_hal_rng.c **** {
 376              		.loc 1 306 1 is_stmt 1 view -0
 377              		.cfi_startproc
 378              		@ args = 0, pretend = 0, frame = 0
 379              		@ frame_needed = 0, uses_anonymous_args = 0
 380              		@ link register save eliminated.
 307:/home/pacl/Documents/Repository/chipwhisperer/firmware/mcu/hal/chipwhisperer-fw-extra/stm32f4/stm32f4xx_hal_rng.c ****   HAL_StatusTypeDef status = HAL_OK;
 381              		.loc 1 307 3 view .LVU115
 308:/home/pacl/Documents/Repository/chipwhisperer/firmware/mcu/hal/chipwhisperer-fw-extra/stm32f4/stm32f4xx_hal_rng.c ****   
 309:/home/pacl/Documents/Repository/chipwhisperer/firmware/mcu/hal/chipwhisperer-fw-extra/stm32f4/stm32f4xx_hal_rng.c ****   /* Process Locked */
 310:/home/pacl/Documents/Repository/chipwhisperer/firmware/mcu/hal/chipwhisperer-fw-extra/stm32f4/stm32f4xx_hal_rng.c ****   __HAL_LOCK(hrng);
 382              		.loc 1 310 3 view .LVU116
 383              		.loc 1 310 3 view .LVU117
 384 0000 0379     		ldrb	r3, [r0, #4]	@ zero_extendqisi2
 385 0002 012B     		cmp	r3, #1
 386 0004 11D0     		beq	.L35
 387              		.loc 1 310 3 discriminator 2 view .LVU118
 388              		.loc 1 310 3 discriminator 2 view .LVU119
 311:/home/pacl/Documents/Repository/chipwhisperer/firmware/mcu/hal/chipwhisperer-fw-extra/stm32f4/stm32f4xx_hal_rng.c ****   
 312:/home/pacl/Documents/Repository/chipwhisperer/firmware/mcu/hal/chipwhisperer-fw-extra/stm32f4/stm32f4xx_hal_rng.c ****   /* Check RNG peripheral state */
 313:/home/pacl/Documents/Repository/chipwhisperer/firmware/mcu/hal/chipwhisperer-fw-extra/stm32f4/stm32f4xx_hal_rng.c ****   if(hrng->State == HAL_RNG_STATE_READY)
 389              		.loc 1 313 3 view .LVU120
 390              		.loc 1 313 10 is_stmt 0 view .LVU121
 391 0006 4379     		ldrb	r3, [r0, #5]	@ zero_extendqisi2
 392              		.loc 1 313 5 view .LVU122
 393 0008 012B     		cmp	r3, #1
 394 000a 03D0     		beq	.L36
 314:/home/pacl/Documents/Repository/chipwhisperer/firmware/mcu/hal/chipwhisperer-fw-extra/stm32f4/stm32f4xx_hal_rng.c ****   {
 315:/home/pacl/Documents/Repository/chipwhisperer/firmware/mcu/hal/chipwhisperer-fw-extra/stm32f4/stm32f4xx_hal_rng.c ****     /* Change RNG peripheral state */  
 316:/home/pacl/Documents/Repository/chipwhisperer/firmware/mcu/hal/chipwhisperer-fw-extra/stm32f4/stm32f4xx_hal_rng.c ****     hrng->State = HAL_RNG_STATE_BUSY;  
 317:/home/pacl/Documents/Repository/chipwhisperer/firmware/mcu/hal/chipwhisperer-fw-extra/stm32f4/stm32f4xx_hal_rng.c ****   
 318:/home/pacl/Documents/Repository/chipwhisperer/firmware/mcu/hal/chipwhisperer-fw-extra/stm32f4/stm32f4xx_hal_rng.c ****     /* Process Unlocked */
 319:/home/pacl/Documents/Repository/chipwhisperer/firmware/mcu/hal/chipwhisperer-fw-extra/stm32f4/stm32f4xx_hal_rng.c ****     __HAL_UNLOCK(hrng);
 320:/home/pacl/Documents/Repository/chipwhisperer/firmware/mcu/hal/chipwhisperer-fw-extra/stm32f4/stm32f4xx_hal_rng.c ****     
 321:/home/pacl/Documents/Repository/chipwhisperer/firmware/mcu/hal/chipwhisperer-fw-extra/stm32f4/stm32f4xx_hal_rng.c ****     /* Enable the RNG Interrupts: Data Ready, Clock error, Seed error */ 
 322:/home/pacl/Documents/Repository/chipwhisperer/firmware/mcu/hal/chipwhisperer-fw-extra/stm32f4/stm32f4xx_hal_rng.c ****     __HAL_RNG_ENABLE_IT(hrng);
 323:/home/pacl/Documents/Repository/chipwhisperer/firmware/mcu/hal/chipwhisperer-fw-extra/stm32f4/stm32f4xx_hal_rng.c ****   }
 324:/home/pacl/Documents/Repository/chipwhisperer/firmware/mcu/hal/chipwhisperer-fw-extra/stm32f4/stm32f4xx_hal_rng.c ****   else
 325:/home/pacl/Documents/Repository/chipwhisperer/firmware/mcu/hal/chipwhisperer-fw-extra/stm32f4/stm32f4xx_hal_rng.c ****   {
 326:/home/pacl/Documents/Repository/chipwhisperer/firmware/mcu/hal/chipwhisperer-fw-extra/stm32f4/stm32f4xx_hal_rng.c ****     /* Process Unlocked */
 327:/home/pacl/Documents/Repository/chipwhisperer/firmware/mcu/hal/chipwhisperer-fw-extra/stm32f4/stm32f4xx_hal_rng.c ****     __HAL_UNLOCK(hrng);
 395              		.loc 1 327 5 is_stmt 1 view .LVU123
 396              		.loc 1 327 5 view .LVU124
 397 000c 0023     		movs	r3, #0
 398 000e 0371     		strb	r3, [r0, #4]
 399              		.loc 1 327 5 view .LVU125
 328:/home/pacl/Documents/Repository/chipwhisperer/firmware/mcu/hal/chipwhisperer-fw-extra/stm32f4/stm32f4xx_hal_rng.c ****     
 329:/home/pacl/Documents/Repository/chipwhisperer/firmware/mcu/hal/chipwhisperer-fw-extra/stm32f4/stm32f4xx_hal_rng.c ****     status = HAL_ERROR;
 400              		.loc 1 329 5 view .LVU126
 401              	.LVL25:
 402              		.loc 1 329 12 is_stmt 0 view .LVU127
 403 0010 0120     		movs	r0, #1
 404              	.LVL26:
 405              		.loc 1 329 12 view .LVU128
 406 0012 7047     		bx	lr
 407              	.LVL27:
 408              	.L36:
 316:/home/pacl/Documents/Repository/chipwhisperer/firmware/mcu/hal/chipwhisperer-fw-extra/stm32f4/stm32f4xx_hal_rng.c ****   
 409              		.loc 1 316 5 is_stmt 1 view .LVU129
 322:/home/pacl/Documents/Repository/chipwhisperer/firmware/mcu/hal/chipwhisperer-fw-extra/stm32f4/stm32f4xx_hal_rng.c ****   }
 410              		.loc 1 322 5 is_stmt 0 view .LVU130
 411 0014 0168     		ldr	r1, [r0]
 319:/home/pacl/Documents/Repository/chipwhisperer/firmware/mcu/hal/chipwhisperer-fw-extra/stm32f4/stm32f4xx_hal_rng.c ****     
 412              		.loc 1 319 5 view .LVU131
 413 0016 0023     		movs	r3, #0
 316:/home/pacl/Documents/Repository/chipwhisperer/firmware/mcu/hal/chipwhisperer-fw-extra/stm32f4/stm32f4xx_hal_rng.c ****   
 414              		.loc 1 316 17 view .LVU132
 415 0018 0222     		movs	r2, #2
 416 001a 4271     		strb	r2, [r0, #5]
 319:/home/pacl/Documents/Repository/chipwhisperer/firmware/mcu/hal/chipwhisperer-fw-extra/stm32f4/stm32f4xx_hal_rng.c ****     
 417              		.loc 1 319 5 is_stmt 1 view .LVU133
 319:/home/pacl/Documents/Repository/chipwhisperer/firmware/mcu/hal/chipwhisperer-fw-extra/stm32f4/stm32f4xx_hal_rng.c ****     
 418              		.loc 1 319 5 view .LVU134
 419 001c 0371     		strb	r3, [r0, #4]
 319:/home/pacl/Documents/Repository/chipwhisperer/firmware/mcu/hal/chipwhisperer-fw-extra/stm32f4/stm32f4xx_hal_rng.c ****     
 420              		.loc 1 319 5 view .LVU135
 322:/home/pacl/Documents/Repository/chipwhisperer/firmware/mcu/hal/chipwhisperer-fw-extra/stm32f4/stm32f4xx_hal_rng.c ****   }
 421              		.loc 1 322 5 view .LVU136
 422 001e 0A68     		ldr	r2, [r1]
 423 0020 42F00802 		orr	r2, r2, #8
 307:/home/pacl/Documents/Repository/chipwhisperer/firmware/mcu/hal/chipwhisperer-fw-extra/stm32f4/stm32f4xx_hal_rng.c ****   
 424              		.loc 1 307 21 is_stmt 0 view .LVU137
 425 0024 1846     		mov	r0, r3
 426              	.LVL28:
 322:/home/pacl/Documents/Repository/chipwhisperer/firmware/mcu/hal/chipwhisperer-fw-extra/stm32f4/stm32f4xx_hal_rng.c ****   }
 427              		.loc 1 322 5 view .LVU138
 428 0026 0A60     		str	r2, [r1]
 429 0028 7047     		bx	lr
 430              	.LVL29:
 431              	.L35:
 310:/home/pacl/Documents/Repository/chipwhisperer/firmware/mcu/hal/chipwhisperer-fw-extra/stm32f4/stm32f4xx_hal_rng.c ****   
 432              		.loc 1 310 3 discriminator 1 view .LVU139
 433 002a 0220     		movs	r0, #2
 434              	.LVL30:
 330:/home/pacl/Documents/Repository/chipwhisperer/firmware/mcu/hal/chipwhisperer-fw-extra/stm32f4/stm32f4xx_hal_rng.c ****   }
 331:/home/pacl/Documents/Repository/chipwhisperer/firmware/mcu/hal/chipwhisperer-fw-extra/stm32f4/stm32f4xx_hal_rng.c ****   
 332:/home/pacl/Documents/Repository/chipwhisperer/firmware/mcu/hal/chipwhisperer-fw-extra/stm32f4/stm32f4xx_hal_rng.c ****   return status;
 333:/home/pacl/Documents/Repository/chipwhisperer/firmware/mcu/hal/chipwhisperer-fw-extra/stm32f4/stm32f4xx_hal_rng.c **** }
 435              		.loc 1 333 1 view .LVU140
 436 002c 7047     		bx	lr
 437              		.cfi_endproc
 438              	.LFE131:
 440 002e 00BF     		.section	.text.HAL_RNG_GetRandomNumber,"ax",%progbits
 441              		.align	1
 442              		.p2align 2,,3
 443              		.global	HAL_RNG_GetRandomNumber
 444              		.syntax unified
 445              		.thumb
 446              		.thumb_func
 448              	HAL_RNG_GetRandomNumber:
 449              	.LVL31:
 450              	.LFB133:
 334:/home/pacl/Documents/Repository/chipwhisperer/firmware/mcu/hal/chipwhisperer-fw-extra/stm32f4/stm32f4xx_hal_rng.c **** 
 335:/home/pacl/Documents/Repository/chipwhisperer/firmware/mcu/hal/chipwhisperer-fw-extra/stm32f4/stm32f4xx_hal_rng.c **** /**
 336:/home/pacl/Documents/Repository/chipwhisperer/firmware/mcu/hal/chipwhisperer-fw-extra/stm32f4/stm32f4xx_hal_rng.c ****   * @brief  Handles RNG interrupt request.
 337:/home/pacl/Documents/Repository/chipwhisperer/firmware/mcu/hal/chipwhisperer-fw-extra/stm32f4/stm32f4xx_hal_rng.c ****   * @note   In the case of a clock error, the RNG is no more able to generate 
 338:/home/pacl/Documents/Repository/chipwhisperer/firmware/mcu/hal/chipwhisperer-fw-extra/stm32f4/stm32f4xx_hal_rng.c ****   *         random numbers because the PLL48CLK clock is not correct. User has 
 339:/home/pacl/Documents/Repository/chipwhisperer/firmware/mcu/hal/chipwhisperer-fw-extra/stm32f4/stm32f4xx_hal_rng.c ****   *         to check that the clock controller is correctly configured to provide
 340:/home/pacl/Documents/Repository/chipwhisperer/firmware/mcu/hal/chipwhisperer-fw-extra/stm32f4/stm32f4xx_hal_rng.c ****   *         the RNG clock and clear the CEIS bit using __HAL_RNG_CLEAR_IT(). 
 341:/home/pacl/Documents/Repository/chipwhisperer/firmware/mcu/hal/chipwhisperer-fw-extra/stm32f4/stm32f4xx_hal_rng.c ****   *         The clock error has no impact on the previously generated 
 342:/home/pacl/Documents/Repository/chipwhisperer/firmware/mcu/hal/chipwhisperer-fw-extra/stm32f4/stm32f4xx_hal_rng.c ****   *         random numbers, and the RNG_DR register contents can be used.
 343:/home/pacl/Documents/Repository/chipwhisperer/firmware/mcu/hal/chipwhisperer-fw-extra/stm32f4/stm32f4xx_hal_rng.c ****   * @note   In the case of a seed error, the generation of random numbers is 
 344:/home/pacl/Documents/Repository/chipwhisperer/firmware/mcu/hal/chipwhisperer-fw-extra/stm32f4/stm32f4xx_hal_rng.c ****   *         interrupted as long as the SECS bit is '1'. If a number is 
 345:/home/pacl/Documents/Repository/chipwhisperer/firmware/mcu/hal/chipwhisperer-fw-extra/stm32f4/stm32f4xx_hal_rng.c ****   *         available in the RNG_DR register, it must not be used because it may 
 346:/home/pacl/Documents/Repository/chipwhisperer/firmware/mcu/hal/chipwhisperer-fw-extra/stm32f4/stm32f4xx_hal_rng.c ****   *         not have enough entropy. In this case, it is recommended to clear the 
 347:/home/pacl/Documents/Repository/chipwhisperer/firmware/mcu/hal/chipwhisperer-fw-extra/stm32f4/stm32f4xx_hal_rng.c ****   *         SEIS bit using __HAL_RNG_CLEAR_IT(), then disable and enable 
 348:/home/pacl/Documents/Repository/chipwhisperer/firmware/mcu/hal/chipwhisperer-fw-extra/stm32f4/stm32f4xx_hal_rng.c ****   *         the RNG peripheral to reinitialize and restart the RNG.
 349:/home/pacl/Documents/Repository/chipwhisperer/firmware/mcu/hal/chipwhisperer-fw-extra/stm32f4/stm32f4xx_hal_rng.c ****   * @note   User-written HAL_RNG_ErrorCallback() API is called once whether SEIS
 350:/home/pacl/Documents/Repository/chipwhisperer/firmware/mcu/hal/chipwhisperer-fw-extra/stm32f4/stm32f4xx_hal_rng.c ****   *         or CEIS are set.  
 351:/home/pacl/Documents/Repository/chipwhisperer/firmware/mcu/hal/chipwhisperer-fw-extra/stm32f4/stm32f4xx_hal_rng.c ****   * @param  hrng: pointer to a RNG_HandleTypeDef structure that contains
 352:/home/pacl/Documents/Repository/chipwhisperer/firmware/mcu/hal/chipwhisperer-fw-extra/stm32f4/stm32f4xx_hal_rng.c ****   *                the configuration information for RNG.
 353:/home/pacl/Documents/Repository/chipwhisperer/firmware/mcu/hal/chipwhisperer-fw-extra/stm32f4/stm32f4xx_hal_rng.c ****   * @retval None
 354:/home/pacl/Documents/Repository/chipwhisperer/firmware/mcu/hal/chipwhisperer-fw-extra/stm32f4/stm32f4xx_hal_rng.c **** 
 355:/home/pacl/Documents/Repository/chipwhisperer/firmware/mcu/hal/chipwhisperer-fw-extra/stm32f4/stm32f4xx_hal_rng.c ****   */
 356:/home/pacl/Documents/Repository/chipwhisperer/firmware/mcu/hal/chipwhisperer-fw-extra/stm32f4/stm32f4xx_hal_rng.c **** void HAL_RNG_IRQHandler(RNG_HandleTypeDef *hrng)
 357:/home/pacl/Documents/Repository/chipwhisperer/firmware/mcu/hal/chipwhisperer-fw-extra/stm32f4/stm32f4xx_hal_rng.c **** {
 358:/home/pacl/Documents/Repository/chipwhisperer/firmware/mcu/hal/chipwhisperer-fw-extra/stm32f4/stm32f4xx_hal_rng.c ****   /* RNG clock error interrupt occurred */
 359:/home/pacl/Documents/Repository/chipwhisperer/firmware/mcu/hal/chipwhisperer-fw-extra/stm32f4/stm32f4xx_hal_rng.c ****   if((__HAL_RNG_GET_IT(hrng, RNG_IT_CEI) != RESET) ||  (__HAL_RNG_GET_IT(hrng, RNG_IT_SEI) != RESET
 360:/home/pacl/Documents/Repository/chipwhisperer/firmware/mcu/hal/chipwhisperer-fw-extra/stm32f4/stm32f4xx_hal_rng.c ****   { 
 361:/home/pacl/Documents/Repository/chipwhisperer/firmware/mcu/hal/chipwhisperer-fw-extra/stm32f4/stm32f4xx_hal_rng.c ****     /* Change RNG peripheral state */
 362:/home/pacl/Documents/Repository/chipwhisperer/firmware/mcu/hal/chipwhisperer-fw-extra/stm32f4/stm32f4xx_hal_rng.c ****     hrng->State = HAL_RNG_STATE_ERROR;
 363:/home/pacl/Documents/Repository/chipwhisperer/firmware/mcu/hal/chipwhisperer-fw-extra/stm32f4/stm32f4xx_hal_rng.c ****   
 364:/home/pacl/Documents/Repository/chipwhisperer/firmware/mcu/hal/chipwhisperer-fw-extra/stm32f4/stm32f4xx_hal_rng.c ****     HAL_RNG_ErrorCallback(hrng);
 365:/home/pacl/Documents/Repository/chipwhisperer/firmware/mcu/hal/chipwhisperer-fw-extra/stm32f4/stm32f4xx_hal_rng.c ****     
 366:/home/pacl/Documents/Repository/chipwhisperer/firmware/mcu/hal/chipwhisperer-fw-extra/stm32f4/stm32f4xx_hal_rng.c ****     /* Clear the clock error flag */
 367:/home/pacl/Documents/Repository/chipwhisperer/firmware/mcu/hal/chipwhisperer-fw-extra/stm32f4/stm32f4xx_hal_rng.c ****     __HAL_RNG_CLEAR_IT(hrng, RNG_IT_CEI|RNG_IT_SEI);
 368:/home/pacl/Documents/Repository/chipwhisperer/firmware/mcu/hal/chipwhisperer-fw-extra/stm32f4/stm32f4xx_hal_rng.c ****     
 369:/home/pacl/Documents/Repository/chipwhisperer/firmware/mcu/hal/chipwhisperer-fw-extra/stm32f4/stm32f4xx_hal_rng.c ****   }
 370:/home/pacl/Documents/Repository/chipwhisperer/firmware/mcu/hal/chipwhisperer-fw-extra/stm32f4/stm32f4xx_hal_rng.c ****   
 371:/home/pacl/Documents/Repository/chipwhisperer/firmware/mcu/hal/chipwhisperer-fw-extra/stm32f4/stm32f4xx_hal_rng.c ****   /* Check RNG data ready interrupt occurred */    
 372:/home/pacl/Documents/Repository/chipwhisperer/firmware/mcu/hal/chipwhisperer-fw-extra/stm32f4/stm32f4xx_hal_rng.c ****   if(__HAL_RNG_GET_IT(hrng, RNG_IT_DRDY) != RESET)
 373:/home/pacl/Documents/Repository/chipwhisperer/firmware/mcu/hal/chipwhisperer-fw-extra/stm32f4/stm32f4xx_hal_rng.c ****   {
 374:/home/pacl/Documents/Repository/chipwhisperer/firmware/mcu/hal/chipwhisperer-fw-extra/stm32f4/stm32f4xx_hal_rng.c ****     /* Generate random number once, so disable the IT */
 375:/home/pacl/Documents/Repository/chipwhisperer/firmware/mcu/hal/chipwhisperer-fw-extra/stm32f4/stm32f4xx_hal_rng.c ****     __HAL_RNG_DISABLE_IT(hrng);
 376:/home/pacl/Documents/Repository/chipwhisperer/firmware/mcu/hal/chipwhisperer-fw-extra/stm32f4/stm32f4xx_hal_rng.c ****     
 377:/home/pacl/Documents/Repository/chipwhisperer/firmware/mcu/hal/chipwhisperer-fw-extra/stm32f4/stm32f4xx_hal_rng.c ****     /* Get the 32bit Random number (DRDY flag automatically cleared) */ 
 378:/home/pacl/Documents/Repository/chipwhisperer/firmware/mcu/hal/chipwhisperer-fw-extra/stm32f4/stm32f4xx_hal_rng.c ****     hrng->RandomNumber = hrng->Instance->DR;
 379:/home/pacl/Documents/Repository/chipwhisperer/firmware/mcu/hal/chipwhisperer-fw-extra/stm32f4/stm32f4xx_hal_rng.c ****     
 380:/home/pacl/Documents/Repository/chipwhisperer/firmware/mcu/hal/chipwhisperer-fw-extra/stm32f4/stm32f4xx_hal_rng.c ****     if(hrng->State != HAL_RNG_STATE_ERROR)
 381:/home/pacl/Documents/Repository/chipwhisperer/firmware/mcu/hal/chipwhisperer-fw-extra/stm32f4/stm32f4xx_hal_rng.c ****     {
 382:/home/pacl/Documents/Repository/chipwhisperer/firmware/mcu/hal/chipwhisperer-fw-extra/stm32f4/stm32f4xx_hal_rng.c ****       /* Change RNG peripheral state */
 383:/home/pacl/Documents/Repository/chipwhisperer/firmware/mcu/hal/chipwhisperer-fw-extra/stm32f4/stm32f4xx_hal_rng.c ****       hrng->State = HAL_RNG_STATE_READY; 
 384:/home/pacl/Documents/Repository/chipwhisperer/firmware/mcu/hal/chipwhisperer-fw-extra/stm32f4/stm32f4xx_hal_rng.c ****       
 385:/home/pacl/Documents/Repository/chipwhisperer/firmware/mcu/hal/chipwhisperer-fw-extra/stm32f4/stm32f4xx_hal_rng.c ****       /* Data Ready callback */ 
 386:/home/pacl/Documents/Repository/chipwhisperer/firmware/mcu/hal/chipwhisperer-fw-extra/stm32f4/stm32f4xx_hal_rng.c ****       HAL_RNG_ReadyDataCallback(hrng, hrng->RandomNumber);
 387:/home/pacl/Documents/Repository/chipwhisperer/firmware/mcu/hal/chipwhisperer-fw-extra/stm32f4/stm32f4xx_hal_rng.c ****     } 
 388:/home/pacl/Documents/Repository/chipwhisperer/firmware/mcu/hal/chipwhisperer-fw-extra/stm32f4/stm32f4xx_hal_rng.c ****   }
 389:/home/pacl/Documents/Repository/chipwhisperer/firmware/mcu/hal/chipwhisperer-fw-extra/stm32f4/stm32f4xx_hal_rng.c **** } 
 390:/home/pacl/Documents/Repository/chipwhisperer/firmware/mcu/hal/chipwhisperer-fw-extra/stm32f4/stm32f4xx_hal_rng.c **** 
 391:/home/pacl/Documents/Repository/chipwhisperer/firmware/mcu/hal/chipwhisperer-fw-extra/stm32f4/stm32f4xx_hal_rng.c **** /**
 392:/home/pacl/Documents/Repository/chipwhisperer/firmware/mcu/hal/chipwhisperer-fw-extra/stm32f4/stm32f4xx_hal_rng.c ****   * @brief  Returns generated random number in polling mode (Obsolete)
 393:/home/pacl/Documents/Repository/chipwhisperer/firmware/mcu/hal/chipwhisperer-fw-extra/stm32f4/stm32f4xx_hal_rng.c ****   *         Use HAL_RNG_GenerateRandomNumber() API instead.
 394:/home/pacl/Documents/Repository/chipwhisperer/firmware/mcu/hal/chipwhisperer-fw-extra/stm32f4/stm32f4xx_hal_rng.c ****   * @param  hrng: pointer to a RNG_HandleTypeDef structure that contains
 395:/home/pacl/Documents/Repository/chipwhisperer/firmware/mcu/hal/chipwhisperer-fw-extra/stm32f4/stm32f4xx_hal_rng.c ****   *                the configuration information for RNG.
 396:/home/pacl/Documents/Repository/chipwhisperer/firmware/mcu/hal/chipwhisperer-fw-extra/stm32f4/stm32f4xx_hal_rng.c ****   * @retval Random value
 397:/home/pacl/Documents/Repository/chipwhisperer/firmware/mcu/hal/chipwhisperer-fw-extra/stm32f4/stm32f4xx_hal_rng.c ****   */
 398:/home/pacl/Documents/Repository/chipwhisperer/firmware/mcu/hal/chipwhisperer-fw-extra/stm32f4/stm32f4xx_hal_rng.c **** uint32_t HAL_RNG_GetRandomNumber(RNG_HandleTypeDef *hrng)
 399:/home/pacl/Documents/Repository/chipwhisperer/firmware/mcu/hal/chipwhisperer-fw-extra/stm32f4/stm32f4xx_hal_rng.c **** {
 451              		.loc 1 399 1 is_stmt 1 view -0
 452              		.cfi_startproc
 453              		@ args = 0, pretend = 0, frame = 0
 454              		@ frame_needed = 0, uses_anonymous_args = 0
 400:/home/pacl/Documents/Repository/chipwhisperer/firmware/mcu/hal/chipwhisperer-fw-extra/stm32f4/stm32f4xx_hal_rng.c ****   if(HAL_RNG_GenerateRandomNumber(hrng, &(hrng->RandomNumber)) == HAL_OK)
 455              		.loc 1 400 3 view .LVU142
 456              	.LBB4:
 457              	.LBI4:
 251:/home/pacl/Documents/Repository/chipwhisperer/firmware/mcu/hal/chipwhisperer-fw-extra/stm32f4/stm32f4xx_hal_rng.c **** {
 458              		.loc 1 251 19 view .LVU143
 459              	.LBB5:
 253:/home/pacl/Documents/Repository/chipwhisperer/firmware/mcu/hal/chipwhisperer-fw-extra/stm32f4/stm32f4xx_hal_rng.c ****   HAL_StatusTypeDef status = HAL_OK;
 460              		.loc 1 253 3 view .LVU144
 254:/home/pacl/Documents/Repository/chipwhisperer/firmware/mcu/hal/chipwhisperer-fw-extra/stm32f4/stm32f4xx_hal_rng.c **** 
 461              		.loc 1 254 3 view .LVU145
 257:/home/pacl/Documents/Repository/chipwhisperer/firmware/mcu/hal/chipwhisperer-fw-extra/stm32f4/stm32f4xx_hal_rng.c ****   
 462              		.loc 1 257 3 view .LVU146
 257:/home/pacl/Documents/Repository/chipwhisperer/firmware/mcu/hal/chipwhisperer-fw-extra/stm32f4/stm32f4xx_hal_rng.c ****   
 463              		.loc 1 257 3 view .LVU147
 464 0000 0379     		ldrb	r3, [r0, #4]	@ zero_extendqisi2
 465 0002 012B     		cmp	r3, #1
 466 0004 25D0     		beq	.L48
 257:/home/pacl/Documents/Repository/chipwhisperer/firmware/mcu/hal/chipwhisperer-fw-extra/stm32f4/stm32f4xx_hal_rng.c ****   
 467              		.loc 1 257 3 discriminator 2 view .LVU148
 468              	.LBE5:
 469              	.LBE4:
 399:/home/pacl/Documents/Repository/chipwhisperer/firmware/mcu/hal/chipwhisperer-fw-extra/stm32f4/stm32f4xx_hal_rng.c ****   if(HAL_RNG_GenerateRandomNumber(hrng, &(hrng->RandomNumber)) == HAL_OK)
 470              		.loc 1 399 1 is_stmt 0 view .LVU149
 471 0006 70B5     		push	{r4, r5, r6, lr}
 472              	.LCFI6:
 473              		.cfi_def_cfa_offset 16
 474              		.cfi_offset 4, -16
 475              		.cfi_offset 5, -12
 476              		.cfi_offset 6, -8
 477              		.cfi_offset 14, -4
 478              	.LBB9:
 479              	.LBB6:
 260:/home/pacl/Documents/Repository/chipwhisperer/firmware/mcu/hal/chipwhisperer-fw-extra/stm32f4/stm32f4xx_hal_rng.c ****   {
 480              		.loc 1 260 10 view .LVU150
 481 0008 4379     		ldrb	r3, [r0, #5]	@ zero_extendqisi2
 257:/home/pacl/Documents/Repository/chipwhisperer/firmware/mcu/hal/chipwhisperer-fw-extra/stm32f4/stm32f4xx_hal_rng.c ****   
 482              		.loc 1 257 3 discriminator 2 view .LVU151
 483 000a 0122     		movs	r2, #1
 260:/home/pacl/Documents/Repository/chipwhisperer/firmware/mcu/hal/chipwhisperer-fw-extra/stm32f4/stm32f4xx_hal_rng.c ****   {
 484              		.loc 1 260 5 view .LVU152
 485 000c 9342     		cmp	r3, r2
 486 000e 0446     		mov	r4, r0
 257:/home/pacl/Documents/Repository/chipwhisperer/firmware/mcu/hal/chipwhisperer-fw-extra/stm32f4/stm32f4xx_hal_rng.c ****   
 487              		.loc 1 257 3 discriminator 2 view .LVU153
 488 0010 0271     		strb	r2, [r0, #4]
 257:/home/pacl/Documents/Repository/chipwhisperer/firmware/mcu/hal/chipwhisperer-fw-extra/stm32f4/stm32f4xx_hal_rng.c ****   
 489              		.loc 1 257 3 is_stmt 1 discriminator 2 view .LVU154
 260:/home/pacl/Documents/Repository/chipwhisperer/firmware/mcu/hal/chipwhisperer-fw-extra/stm32f4/stm32f4xx_hal_rng.c ****   {
 490              		.loc 1 260 3 view .LVU155
 260:/home/pacl/Documents/Repository/chipwhisperer/firmware/mcu/hal/chipwhisperer-fw-extra/stm32f4/stm32f4xx_hal_rng.c ****   {
 491              		.loc 1 260 5 is_stmt 0 view .LVU156
 492 0012 03D0     		beq	.L51
 493              	.LVL32:
 294:/home/pacl/Documents/Repository/chipwhisperer/firmware/mcu/hal/chipwhisperer-fw-extra/stm32f4/stm32f4xx_hal_rng.c ****   
 494              		.loc 1 294 3 is_stmt 1 view .LVU157
 294:/home/pacl/Documents/Repository/chipwhisperer/firmware/mcu/hal/chipwhisperer-fw-extra/stm32f4/stm32f4xx_hal_rng.c ****   
 495              		.loc 1 294 3 view .LVU158
 496 0014 0023     		movs	r3, #0
 497 0016 0371     		strb	r3, [r0, #4]
 294:/home/pacl/Documents/Repository/chipwhisperer/firmware/mcu/hal/chipwhisperer-fw-extra/stm32f4/stm32f4xx_hal_rng.c ****   
 498              		.loc 1 294 3 view .LVU159
 296:/home/pacl/Documents/Repository/chipwhisperer/firmware/mcu/hal/chipwhisperer-fw-extra/stm32f4/stm32f4xx_hal_rng.c **** }
 499              		.loc 1 296 3 view .LVU160
 500              	.LVL33:
 501              	.L38:
 296:/home/pacl/Documents/Repository/chipwhisperer/firmware/mcu/hal/chipwhisperer-fw-extra/stm32f4/stm32f4xx_hal_rng.c **** }
 502              		.loc 1 296 3 is_stmt 0 view .LVU161
 503              	.LBE6:
 504              	.LBE9:
 401:/home/pacl/Documents/Repository/chipwhisperer/firmware/mcu/hal/chipwhisperer-fw-extra/stm32f4/stm32f4xx_hal_rng.c ****   {
 402:/home/pacl/Documents/Repository/chipwhisperer/firmware/mcu/hal/chipwhisperer-fw-extra/stm32f4/stm32f4xx_hal_rng.c ****     return hrng->RandomNumber; 
 403:/home/pacl/Documents/Repository/chipwhisperer/firmware/mcu/hal/chipwhisperer-fw-extra/stm32f4/stm32f4xx_hal_rng.c ****   }
 404:/home/pacl/Documents/Repository/chipwhisperer/firmware/mcu/hal/chipwhisperer-fw-extra/stm32f4/stm32f4xx_hal_rng.c ****   else
 405:/home/pacl/Documents/Repository/chipwhisperer/firmware/mcu/hal/chipwhisperer-fw-extra/stm32f4/stm32f4xx_hal_rng.c ****   {
 406:/home/pacl/Documents/Repository/chipwhisperer/firmware/mcu/hal/chipwhisperer-fw-extra/stm32f4/stm32f4xx_hal_rng.c ****     return 0U;
 505              		.loc 1 406 12 view .LVU162
 506 0018 0020     		movs	r0, #0
 407:/home/pacl/Documents/Repository/chipwhisperer/firmware/mcu/hal/chipwhisperer-fw-extra/stm32f4/stm32f4xx_hal_rng.c ****   }
 408:/home/pacl/Documents/Repository/chipwhisperer/firmware/mcu/hal/chipwhisperer-fw-extra/stm32f4/stm32f4xx_hal_rng.c **** }
 507              		.loc 1 408 1 view .LVU163
 508 001a 70BD     		pop	{r4, r5, r6, pc}
 509              	.LVL34:
 510              	.L51:
 511              	.LBB10:
 512              	.LBB7:
 263:/home/pacl/Documents/Repository/chipwhisperer/firmware/mcu/hal/chipwhisperer-fw-extra/stm32f4/stm32f4xx_hal_rng.c **** 
 513              		.loc 1 263 5 is_stmt 1 view .LVU164
 263:/home/pacl/Documents/Repository/chipwhisperer/firmware/mcu/hal/chipwhisperer-fw-extra/stm32f4/stm32f4xx_hal_rng.c **** 
 514              		.loc 1 263 17 is_stmt 0 view .LVU165
 515 001c 0223     		movs	r3, #2
 516 001e 4371     		strb	r3, [r0, #5]
 266:/home/pacl/Documents/Repository/chipwhisperer/firmware/mcu/hal/chipwhisperer-fw-extra/stm32f4/stm32f4xx_hal_rng.c ****   
 517              		.loc 1 266 5 is_stmt 1 view .LVU166
 266:/home/pacl/Documents/Repository/chipwhisperer/firmware/mcu/hal/chipwhisperer-fw-extra/stm32f4/stm32f4xx_hal_rng.c ****   
 518              		.loc 1 266 17 is_stmt 0 view .LVU167
 519 0020 FFF7FEFF 		bl	HAL_GetTick
 520              	.LVL35:
 266:/home/pacl/Documents/Repository/chipwhisperer/firmware/mcu/hal/chipwhisperer-fw-extra/stm32f4/stm32f4xx_hal_rng.c ****   
 521              		.loc 1 266 17 view .LVU168
 522 0024 0646     		mov	r6, r0
 523              	.LVL36:
 269:/home/pacl/Documents/Repository/chipwhisperer/firmware/mcu/hal/chipwhisperer-fw-extra/stm32f4/stm32f4xx_hal_rng.c ****     {
 524              		.loc 1 269 5 is_stmt 1 view .LVU169
 269:/home/pacl/Documents/Repository/chipwhisperer/firmware/mcu/hal/chipwhisperer-fw-extra/stm32f4/stm32f4xx_hal_rng.c ****     {
 525              		.loc 1 269 10 is_stmt 0 view .LVU170
 526 0026 04E0     		b	.L40
 527              	.LVL37:
 528              	.L42:
 271:/home/pacl/Documents/Repository/chipwhisperer/firmware/mcu/hal/chipwhisperer-fw-extra/stm32f4/stm32f4xx_hal_rng.c ****       {    
 529              		.loc 1 271 11 view .LVU171
 530 0028 FFF7FEFF 		bl	HAL_GetTick
 531              	.LVL38:
 271:/home/pacl/Documents/Repository/chipwhisperer/firmware/mcu/hal/chipwhisperer-fw-extra/stm32f4/stm32f4xx_hal_rng.c ****       {    
 532              		.loc 1 271 25 discriminator 1 view .LVU172
 533 002c 801B     		subs	r0, r0, r6
 271:/home/pacl/Documents/Repository/chipwhisperer/firmware/mcu/hal/chipwhisperer-fw-extra/stm32f4/stm32f4xx_hal_rng.c ****       {    
 534              		.loc 1 271 9 discriminator 1 view .LVU173
 535 002e 0228     		cmp	r0, #2
 536 0030 0BD8     		bhi	.L52
 537              	.L40:
 271:/home/pacl/Documents/Repository/chipwhisperer/firmware/mcu/hal/chipwhisperer-fw-extra/stm32f4/stm32f4xx_hal_rng.c ****       {    
 538              		.loc 1 271 7 is_stmt 1 view .LVU174
 269:/home/pacl/Documents/Repository/chipwhisperer/firmware/mcu/hal/chipwhisperer-fw-extra/stm32f4/stm32f4xx_hal_rng.c ****     {
 539              		.loc 1 269 51 view .LVU175
 269:/home/pacl/Documents/Repository/chipwhisperer/firmware/mcu/hal/chipwhisperer-fw-extra/stm32f4/stm32f4xx_hal_rng.c ****     {
 540              		.loc 1 269 11 is_stmt 0 view .LVU176
 541 0032 2268     		ldr	r2, [r4]
 542 0034 5568     		ldr	r5, [r2, #4]
 269:/home/pacl/Documents/Repository/chipwhisperer/firmware/mcu/hal/chipwhisperer-fw-extra/stm32f4/stm32f4xx_hal_rng.c ****     {
 543              		.loc 1 269 51 view .LVU177
 544 0036 15F00105 		ands	r5, r5, #1
 545 003a F5D0     		beq	.L42
 283:/home/pacl/Documents/Repository/chipwhisperer/firmware/mcu/hal/chipwhisperer-fw-extra/stm32f4/stm32f4xx_hal_rng.c ****     *random32bit = hrng->RandomNumber;
 546              		.loc 1 283 5 is_stmt 1 view .LVU178
 283:/home/pacl/Documents/Repository/chipwhisperer/firmware/mcu/hal/chipwhisperer-fw-extra/stm32f4/stm32f4xx_hal_rng.c ****     *random32bit = hrng->RandomNumber;
 547              		.loc 1 283 40 is_stmt 0 view .LVU179
 548 003c 9068     		ldr	r0, [r2, #8]
 283:/home/pacl/Documents/Repository/chipwhisperer/firmware/mcu/hal/chipwhisperer-fw-extra/stm32f4/stm32f4xx_hal_rng.c ****     *random32bit = hrng->RandomNumber;
 549              		.loc 1 283 24 view .LVU180
 550 003e A060     		str	r0, [r4, #8]
 284:/home/pacl/Documents/Repository/chipwhisperer/firmware/mcu/hal/chipwhisperer-fw-extra/stm32f4/stm32f4xx_hal_rng.c ****   
 551              		.loc 1 284 5 is_stmt 1 view .LVU181
 286:/home/pacl/Documents/Repository/chipwhisperer/firmware/mcu/hal/chipwhisperer-fw-extra/stm32f4/stm32f4xx_hal_rng.c ****   }
 552              		.loc 1 286 5 view .LVU182
 286:/home/pacl/Documents/Repository/chipwhisperer/firmware/mcu/hal/chipwhisperer-fw-extra/stm32f4/stm32f4xx_hal_rng.c ****   }
 553              		.loc 1 286 17 is_stmt 0 view .LVU183
 554 0040 0122     		movs	r2, #1
 294:/home/pacl/Documents/Repository/chipwhisperer/firmware/mcu/hal/chipwhisperer-fw-extra/stm32f4/stm32f4xx_hal_rng.c ****   
 555              		.loc 1 294 3 view .LVU184
 556 0042 0023     		movs	r3, #0
 286:/home/pacl/Documents/Repository/chipwhisperer/firmware/mcu/hal/chipwhisperer-fw-extra/stm32f4/stm32f4xx_hal_rng.c ****   }
 557              		.loc 1 286 17 view .LVU185
 558 0044 6271     		strb	r2, [r4, #5]
 294:/home/pacl/Documents/Repository/chipwhisperer/firmware/mcu/hal/chipwhisperer-fw-extra/stm32f4/stm32f4xx_hal_rng.c ****   
 559              		.loc 1 294 3 is_stmt 1 view .LVU186
 294:/home/pacl/Documents/Repository/chipwhisperer/firmware/mcu/hal/chipwhisperer-fw-extra/stm32f4/stm32f4xx_hal_rng.c ****   
 560              		.loc 1 294 3 view .LVU187
 561 0046 2371     		strb	r3, [r4, #4]
 294:/home/pacl/Documents/Repository/chipwhisperer/firmware/mcu/hal/chipwhisperer-fw-extra/stm32f4/stm32f4xx_hal_rng.c ****   
 562              		.loc 1 294 3 view .LVU188
 296:/home/pacl/Documents/Repository/chipwhisperer/firmware/mcu/hal/chipwhisperer-fw-extra/stm32f4/stm32f4xx_hal_rng.c **** }
 563              		.loc 1 296 3 view .LVU189
 564              	.LVL39:
 296:/home/pacl/Documents/Repository/chipwhisperer/firmware/mcu/hal/chipwhisperer-fw-extra/stm32f4/stm32f4xx_hal_rng.c **** }
 565              		.loc 1 296 3 is_stmt 0 view .LVU190
 566              	.LBE7:
 567              	.LBE10:
 402:/home/pacl/Documents/Repository/chipwhisperer/firmware/mcu/hal/chipwhisperer-fw-extra/stm32f4/stm32f4xx_hal_rng.c ****   }
 568              		.loc 1 402 5 is_stmt 1 view .LVU191
 569              		.loc 1 408 1 is_stmt 0 view .LVU192
 570 0048 70BD     		pop	{r4, r5, r6, pc}
 571              	.LVL40:
 572              	.L52:
 573              	.LBB11:
 574              	.LBB8:
 273:/home/pacl/Documents/Repository/chipwhisperer/firmware/mcu/hal/chipwhisperer-fw-extra/stm32f4/stm32f4xx_hal_rng.c **** 
 575              		.loc 1 273 9 is_stmt 1 view .LVU193
 273:/home/pacl/Documents/Repository/chipwhisperer/firmware/mcu/hal/chipwhisperer-fw-extra/stm32f4/stm32f4xx_hal_rng.c **** 
 576              		.loc 1 273 21 is_stmt 0 view .LVU194
 577 004a 0423     		movs	r3, #4
 578 004c 6371     		strb	r3, [r4, #5]
 276:/home/pacl/Documents/Repository/chipwhisperer/firmware/mcu/hal/chipwhisperer-fw-extra/stm32f4/stm32f4xx_hal_rng.c ****       
 579              		.loc 1 276 9 is_stmt 1 view .LVU195
 276:/home/pacl/Documents/Repository/chipwhisperer/firmware/mcu/hal/chipwhisperer-fw-extra/stm32f4/stm32f4xx_hal_rng.c ****       
 580              		.loc 1 276 9 view .LVU196
 581 004e 2571     		strb	r5, [r4, #4]
 276:/home/pacl/Documents/Repository/chipwhisperer/firmware/mcu/hal/chipwhisperer-fw-extra/stm32f4/stm32f4xx_hal_rng.c ****       
 582              		.loc 1 276 9 view .LVU197
 278:/home/pacl/Documents/Repository/chipwhisperer/firmware/mcu/hal/chipwhisperer-fw-extra/stm32f4/stm32f4xx_hal_rng.c ****       } 
 583              		.loc 1 278 9 view .LVU198
 584              	.LVL41:
 278:/home/pacl/Documents/Repository/chipwhisperer/firmware/mcu/hal/chipwhisperer-fw-extra/stm32f4/stm32f4xx_hal_rng.c ****       } 
 585              		.loc 1 278 9 is_stmt 0 view .LVU199
 586 0050 E2E7     		b	.L38
 587              	.LVL42:
 588              	.L48:
 589              	.LCFI7:
 590              		.cfi_def_cfa_offset 0
 591              		.cfi_restore 4
 592              		.cfi_restore 5
 593              		.cfi_restore 6
 594              		.cfi_restore 14
 278:/home/pacl/Documents/Repository/chipwhisperer/firmware/mcu/hal/chipwhisperer-fw-extra/stm32f4/stm32f4xx_hal_rng.c ****       } 
 595              		.loc 1 278 9 view .LVU200
 596              	.LBE8:
 597              	.LBE11:
 406:/home/pacl/Documents/Repository/chipwhisperer/firmware/mcu/hal/chipwhisperer-fw-extra/stm32f4/stm32f4xx_hal_rng.c ****   }
 598              		.loc 1 406 12 view .LVU201
 599 0052 0020     		movs	r0, #0
 600              	.LVL43:
 601              		.loc 1 408 1 view .LVU202
 602 0054 7047     		bx	lr
 603              		.cfi_endproc
 604              	.LFE133:
 606 0056 00BF     		.section	.text.HAL_RNG_GetRandomNumber_IT,"ax",%progbits
 607              		.align	1
 608              		.p2align 2,,3
 609              		.global	HAL_RNG_GetRandomNumber_IT
 610              		.syntax unified
 611              		.thumb
 612              		.thumb_func
 614              	HAL_RNG_GetRandomNumber_IT:
 615              	.LVL44:
 616              	.LFB134:
 409:/home/pacl/Documents/Repository/chipwhisperer/firmware/mcu/hal/chipwhisperer-fw-extra/stm32f4/stm32f4xx_hal_rng.c **** 
 410:/home/pacl/Documents/Repository/chipwhisperer/firmware/mcu/hal/chipwhisperer-fw-extra/stm32f4/stm32f4xx_hal_rng.c **** /**
 411:/home/pacl/Documents/Repository/chipwhisperer/firmware/mcu/hal/chipwhisperer-fw-extra/stm32f4/stm32f4xx_hal_rng.c ****   * @brief  Returns a 32-bit random number with interrupt enabled (Obsolete),
 412:/home/pacl/Documents/Repository/chipwhisperer/firmware/mcu/hal/chipwhisperer-fw-extra/stm32f4/stm32f4xx_hal_rng.c ****   *         Use HAL_RNG_GenerateRandomNumber_IT() API instead.
 413:/home/pacl/Documents/Repository/chipwhisperer/firmware/mcu/hal/chipwhisperer-fw-extra/stm32f4/stm32f4xx_hal_rng.c ****   * @param  hrng: pointer to a RNG_HandleTypeDef structure that contains
 414:/home/pacl/Documents/Repository/chipwhisperer/firmware/mcu/hal/chipwhisperer-fw-extra/stm32f4/stm32f4xx_hal_rng.c ****   *                the configuration information for RNG.
 415:/home/pacl/Documents/Repository/chipwhisperer/firmware/mcu/hal/chipwhisperer-fw-extra/stm32f4/stm32f4xx_hal_rng.c ****   * @retval 32-bit random number
 416:/home/pacl/Documents/Repository/chipwhisperer/firmware/mcu/hal/chipwhisperer-fw-extra/stm32f4/stm32f4xx_hal_rng.c ****   */
 417:/home/pacl/Documents/Repository/chipwhisperer/firmware/mcu/hal/chipwhisperer-fw-extra/stm32f4/stm32f4xx_hal_rng.c **** uint32_t HAL_RNG_GetRandomNumber_IT(RNG_HandleTypeDef *hrng)
 418:/home/pacl/Documents/Repository/chipwhisperer/firmware/mcu/hal/chipwhisperer-fw-extra/stm32f4/stm32f4xx_hal_rng.c **** {
 617              		.loc 1 418 1 is_stmt 1 view -0
 618              		.cfi_startproc
 619              		@ args = 0, pretend = 0, frame = 0
 620              		@ frame_needed = 0, uses_anonymous_args = 0
 621              		@ link register save eliminated.
 419:/home/pacl/Documents/Repository/chipwhisperer/firmware/mcu/hal/chipwhisperer-fw-extra/stm32f4/stm32f4xx_hal_rng.c ****   uint32_t random32bit = 0U;
 622              		.loc 1 419 3 view .LVU204
 420:/home/pacl/Documents/Repository/chipwhisperer/firmware/mcu/hal/chipwhisperer-fw-extra/stm32f4/stm32f4xx_hal_rng.c ****   
 421:/home/pacl/Documents/Repository/chipwhisperer/firmware/mcu/hal/chipwhisperer-fw-extra/stm32f4/stm32f4xx_hal_rng.c ****   /* Process locked */
 422:/home/pacl/Documents/Repository/chipwhisperer/firmware/mcu/hal/chipwhisperer-fw-extra/stm32f4/stm32f4xx_hal_rng.c ****   __HAL_LOCK(hrng);
 623              		.loc 1 422 3 view .LVU205
 624              		.loc 1 422 3 view .LVU206
 625 0000 0379     		ldrb	r3, [r0, #4]	@ zero_extendqisi2
 626 0002 012B     		cmp	r3, #1
 627 0004 0AD0     		beq	.L55
 628              		.loc 1 422 3 discriminator 2 view .LVU207
 423:/home/pacl/Documents/Repository/chipwhisperer/firmware/mcu/hal/chipwhisperer-fw-extra/stm32f4/stm32f4xx_hal_rng.c ****   
 424:/home/pacl/Documents/Repository/chipwhisperer/firmware/mcu/hal/chipwhisperer-fw-extra/stm32f4/stm32f4xx_hal_rng.c ****   /* Change RNG peripheral state */  
 425:/home/pacl/Documents/Repository/chipwhisperer/firmware/mcu/hal/chipwhisperer-fw-extra/stm32f4/stm32f4xx_hal_rng.c ****   hrng->State = HAL_RNG_STATE_BUSY;  
 426:/home/pacl/Documents/Repository/chipwhisperer/firmware/mcu/hal/chipwhisperer-fw-extra/stm32f4/stm32f4xx_hal_rng.c ****   
 427:/home/pacl/Documents/Repository/chipwhisperer/firmware/mcu/hal/chipwhisperer-fw-extra/stm32f4/stm32f4xx_hal_rng.c ****   /* Get a 32bit Random number */ 
 428:/home/pacl/Documents/Repository/chipwhisperer/firmware/mcu/hal/chipwhisperer-fw-extra/stm32f4/stm32f4xx_hal_rng.c ****   random32bit = hrng->Instance->DR;
 629              		.loc 1 428 21 is_stmt 0 view .LVU208
 630 0006 0368     		ldr	r3, [r0]
 422:/home/pacl/Documents/Repository/chipwhisperer/firmware/mcu/hal/chipwhisperer-fw-extra/stm32f4/stm32f4xx_hal_rng.c ****   
 631              		.loc 1 422 3 discriminator 2 view .LVU209
 632 0008 0121     		movs	r1, #1
 425:/home/pacl/Documents/Repository/chipwhisperer/firmware/mcu/hal/chipwhisperer-fw-extra/stm32f4/stm32f4xx_hal_rng.c ****   
 633              		.loc 1 425 15 view .LVU210
 634 000a 0222     		movs	r2, #2
 422:/home/pacl/Documents/Repository/chipwhisperer/firmware/mcu/hal/chipwhisperer-fw-extra/stm32f4/stm32f4xx_hal_rng.c ****   
 635              		.loc 1 422 3 discriminator 2 view .LVU211
 636 000c 0171     		strb	r1, [r0, #4]
 422:/home/pacl/Documents/Repository/chipwhisperer/firmware/mcu/hal/chipwhisperer-fw-extra/stm32f4/stm32f4xx_hal_rng.c ****   
 637              		.loc 1 422 3 is_stmt 1 discriminator 2 view .LVU212
 425:/home/pacl/Documents/Repository/chipwhisperer/firmware/mcu/hal/chipwhisperer-fw-extra/stm32f4/stm32f4xx_hal_rng.c ****   
 638              		.loc 1 425 3 view .LVU213
 425:/home/pacl/Documents/Repository/chipwhisperer/firmware/mcu/hal/chipwhisperer-fw-extra/stm32f4/stm32f4xx_hal_rng.c ****   
 639              		.loc 1 425 15 is_stmt 0 view .LVU214
 640 000e 4271     		strb	r2, [r0, #5]
 641              		.loc 1 428 3 is_stmt 1 view .LVU215
 642              		.loc 1 428 15 is_stmt 0 view .LVU216
 643 0010 9868     		ldr	r0, [r3, #8]
 644              	.LVL45:
 429:/home/pacl/Documents/Repository/chipwhisperer/firmware/mcu/hal/chipwhisperer-fw-extra/stm32f4/stm32f4xx_hal_rng.c ****   
 430:/home/pacl/Documents/Repository/chipwhisperer/firmware/mcu/hal/chipwhisperer-fw-extra/stm32f4/stm32f4xx_hal_rng.c ****   /* Enable the RNG Interrupts: Data Ready, Clock error, Seed error */ 
 431:/home/pacl/Documents/Repository/chipwhisperer/firmware/mcu/hal/chipwhisperer-fw-extra/stm32f4/stm32f4xx_hal_rng.c ****   __HAL_RNG_ENABLE_IT(hrng); 
 645              		.loc 1 431 3 is_stmt 1 view .LVU217
 646 0012 1A68     		ldr	r2, [r3]
 647 0014 42F00802 		orr	r2, r2, #8
 648 0018 1A60     		str	r2, [r3]
 432:/home/pacl/Documents/Repository/chipwhisperer/firmware/mcu/hal/chipwhisperer-fw-extra/stm32f4/stm32f4xx_hal_rng.c ****   
 433:/home/pacl/Documents/Repository/chipwhisperer/firmware/mcu/hal/chipwhisperer-fw-extra/stm32f4/stm32f4xx_hal_rng.c ****   /* Return the 32 bit random number */   
 434:/home/pacl/Documents/Repository/chipwhisperer/firmware/mcu/hal/chipwhisperer-fw-extra/stm32f4/stm32f4xx_hal_rng.c ****   return random32bit;
 649              		.loc 1 434 3 view .LVU218
 650              		.loc 1 434 10 is_stmt 0 view .LVU219
 651 001a 7047     		bx	lr
 652              	.LVL46:
 653              	.L55:
 422:/home/pacl/Documents/Repository/chipwhisperer/firmware/mcu/hal/chipwhisperer-fw-extra/stm32f4/stm32f4xx_hal_rng.c ****   
 654              		.loc 1 422 3 discriminator 1 view .LVU220
 655 001c 0220     		movs	r0, #2
 656              	.LVL47:
 435:/home/pacl/Documents/Repository/chipwhisperer/firmware/mcu/hal/chipwhisperer-fw-extra/stm32f4/stm32f4xx_hal_rng.c **** }
 657              		.loc 1 435 1 view .LVU221
 658 001e 7047     		bx	lr
 659              		.cfi_endproc
 660              	.LFE134:
 662              		.section	.text.HAL_RNG_ReadLastRandomNumber,"ax",%progbits
 663              		.align	1
 664              		.p2align 2,,3
 665              		.global	HAL_RNG_ReadLastRandomNumber
 666              		.syntax unified
 667              		.thumb
 668              		.thumb_func
 670              	HAL_RNG_ReadLastRandomNumber:
 671              	.LVL48:
 672              	.LFB135:
 436:/home/pacl/Documents/Repository/chipwhisperer/firmware/mcu/hal/chipwhisperer-fw-extra/stm32f4/stm32f4xx_hal_rng.c **** 
 437:/home/pacl/Documents/Repository/chipwhisperer/firmware/mcu/hal/chipwhisperer-fw-extra/stm32f4/stm32f4xx_hal_rng.c **** /**
 438:/home/pacl/Documents/Repository/chipwhisperer/firmware/mcu/hal/chipwhisperer-fw-extra/stm32f4/stm32f4xx_hal_rng.c ****   * @brief  Read latest generated random number. 
 439:/home/pacl/Documents/Repository/chipwhisperer/firmware/mcu/hal/chipwhisperer-fw-extra/stm32f4/stm32f4xx_hal_rng.c ****   * @param  hrng: pointer to a RNG_HandleTypeDef structure that contains
 440:/home/pacl/Documents/Repository/chipwhisperer/firmware/mcu/hal/chipwhisperer-fw-extra/stm32f4/stm32f4xx_hal_rng.c ****   *                the configuration information for RNG.
 441:/home/pacl/Documents/Repository/chipwhisperer/firmware/mcu/hal/chipwhisperer-fw-extra/stm32f4/stm32f4xx_hal_rng.c ****   * @retval random value
 442:/home/pacl/Documents/Repository/chipwhisperer/firmware/mcu/hal/chipwhisperer-fw-extra/stm32f4/stm32f4xx_hal_rng.c ****   */
 443:/home/pacl/Documents/Repository/chipwhisperer/firmware/mcu/hal/chipwhisperer-fw-extra/stm32f4/stm32f4xx_hal_rng.c **** uint32_t HAL_RNG_ReadLastRandomNumber(RNG_HandleTypeDef *hrng)
 444:/home/pacl/Documents/Repository/chipwhisperer/firmware/mcu/hal/chipwhisperer-fw-extra/stm32f4/stm32f4xx_hal_rng.c **** {
 673              		.loc 1 444 1 is_stmt 1 view -0
 674              		.cfi_startproc
 675              		@ args = 0, pretend = 0, frame = 0
 676              		@ frame_needed = 0, uses_anonymous_args = 0
 677              		@ link register save eliminated.
 445:/home/pacl/Documents/Repository/chipwhisperer/firmware/mcu/hal/chipwhisperer-fw-extra/stm32f4/stm32f4xx_hal_rng.c ****   return(hrng->RandomNumber);
 678              		.loc 1 445 3 view .LVU223
 446:/home/pacl/Documents/Repository/chipwhisperer/firmware/mcu/hal/chipwhisperer-fw-extra/stm32f4/stm32f4xx_hal_rng.c **** }
 679              		.loc 1 446 1 is_stmt 0 view .LVU224
 680 0000 8068     		ldr	r0, [r0, #8]
 681              	.LVL49:
 682              		.loc 1 446 1 view .LVU225
 683 0002 7047     		bx	lr
 684              		.cfi_endproc
 685              	.LFE135:
 687              		.section	.text.HAL_RNG_ReadyDataCallback,"ax",%progbits
 688              		.align	1
 689              		.p2align 2,,3
 690              		.weak	HAL_RNG_ReadyDataCallback
 691              		.syntax unified
 692              		.thumb
 693              		.thumb_func
 695              	HAL_RNG_ReadyDataCallback:
 696              	.LVL50:
 697              	.LFB136:
 447:/home/pacl/Documents/Repository/chipwhisperer/firmware/mcu/hal/chipwhisperer-fw-extra/stm32f4/stm32f4xx_hal_rng.c **** 
 448:/home/pacl/Documents/Repository/chipwhisperer/firmware/mcu/hal/chipwhisperer-fw-extra/stm32f4/stm32f4xx_hal_rng.c **** /**
 449:/home/pacl/Documents/Repository/chipwhisperer/firmware/mcu/hal/chipwhisperer-fw-extra/stm32f4/stm32f4xx_hal_rng.c ****   * @brief  Data Ready callback in non-blocking mode. 
 450:/home/pacl/Documents/Repository/chipwhisperer/firmware/mcu/hal/chipwhisperer-fw-extra/stm32f4/stm32f4xx_hal_rng.c ****   * @param  hrng: pointer to a RNG_HandleTypeDef structure that contains
 451:/home/pacl/Documents/Repository/chipwhisperer/firmware/mcu/hal/chipwhisperer-fw-extra/stm32f4/stm32f4xx_hal_rng.c ****   *                the configuration information for RNG.
 452:/home/pacl/Documents/Repository/chipwhisperer/firmware/mcu/hal/chipwhisperer-fw-extra/stm32f4/stm32f4xx_hal_rng.c ****   * @param  random32bit: generated random number.
 453:/home/pacl/Documents/Repository/chipwhisperer/firmware/mcu/hal/chipwhisperer-fw-extra/stm32f4/stm32f4xx_hal_rng.c ****   * @retval None
 454:/home/pacl/Documents/Repository/chipwhisperer/firmware/mcu/hal/chipwhisperer-fw-extra/stm32f4/stm32f4xx_hal_rng.c ****   */
 455:/home/pacl/Documents/Repository/chipwhisperer/firmware/mcu/hal/chipwhisperer-fw-extra/stm32f4/stm32f4xx_hal_rng.c **** __weak void HAL_RNG_ReadyDataCallback(RNG_HandleTypeDef *hrng, uint32_t random32bit)
 456:/home/pacl/Documents/Repository/chipwhisperer/firmware/mcu/hal/chipwhisperer-fw-extra/stm32f4/stm32f4xx_hal_rng.c **** {
 698              		.loc 1 456 1 is_stmt 1 view -0
 699              		.cfi_startproc
 700              		@ args = 0, pretend = 0, frame = 0
 701              		@ frame_needed = 0, uses_anonymous_args = 0
 702              		@ link register save eliminated.
 457:/home/pacl/Documents/Repository/chipwhisperer/firmware/mcu/hal/chipwhisperer-fw-extra/stm32f4/stm32f4xx_hal_rng.c ****   /* Prevent unused argument(s) compilation warning */
 458:/home/pacl/Documents/Repository/chipwhisperer/firmware/mcu/hal/chipwhisperer-fw-extra/stm32f4/stm32f4xx_hal_rng.c ****   UNUSED(hrng);
 703              		.loc 1 458 3 view .LVU227
 459:/home/pacl/Documents/Repository/chipwhisperer/firmware/mcu/hal/chipwhisperer-fw-extra/stm32f4/stm32f4xx_hal_rng.c ****   UNUSED(random32bit);
 704              		.loc 1 459 3 view .LVU228
 460:/home/pacl/Documents/Repository/chipwhisperer/firmware/mcu/hal/chipwhisperer-fw-extra/stm32f4/stm32f4xx_hal_rng.c ****   /* NOTE : This function should not be modified. When the callback is needed,
 461:/home/pacl/Documents/Repository/chipwhisperer/firmware/mcu/hal/chipwhisperer-fw-extra/stm32f4/stm32f4xx_hal_rng.c ****             function HAL_RNG_ReadyDataCallback must be implemented in the user file.
 462:/home/pacl/Documents/Repository/chipwhisperer/firmware/mcu/hal/chipwhisperer-fw-extra/stm32f4/stm32f4xx_hal_rng.c ****    */
 463:/home/pacl/Documents/Repository/chipwhisperer/firmware/mcu/hal/chipwhisperer-fw-extra/stm32f4/stm32f4xx_hal_rng.c **** }
 705              		.loc 1 463 1 is_stmt 0 view .LVU229
 706 0000 7047     		bx	lr
 707              		.cfi_endproc
 708              	.LFE136:
 710 0002 00BF     		.section	.text.HAL_RNG_ErrorCallback,"ax",%progbits
 711              		.align	1
 712              		.p2align 2,,3
 713              		.weak	HAL_RNG_ErrorCallback
 714              		.syntax unified
 715              		.thumb
 716              		.thumb_func
 718              	HAL_RNG_ErrorCallback:
 719              	.LFB142:
 720              		.cfi_startproc
 464:/home/pacl/Documents/Repository/chipwhisperer/firmware/mcu/hal/chipwhisperer-fw-extra/stm32f4/stm32f4xx_hal_rng.c **** 
 465:/home/pacl/Documents/Repository/chipwhisperer/firmware/mcu/hal/chipwhisperer-fw-extra/stm32f4/stm32f4xx_hal_rng.c **** /**
 466:/home/pacl/Documents/Repository/chipwhisperer/firmware/mcu/hal/chipwhisperer-fw-extra/stm32f4/stm32f4xx_hal_rng.c ****   * @brief  RNG error callbacks.
 467:/home/pacl/Documents/Repository/chipwhisperer/firmware/mcu/hal/chipwhisperer-fw-extra/stm32f4/stm32f4xx_hal_rng.c ****   * @param  hrng: pointer to a RNG_HandleTypeDef structure that contains
 468:/home/pacl/Documents/Repository/chipwhisperer/firmware/mcu/hal/chipwhisperer-fw-extra/stm32f4/stm32f4xx_hal_rng.c ****   *                the configuration information for RNG.
 469:/home/pacl/Documents/Repository/chipwhisperer/firmware/mcu/hal/chipwhisperer-fw-extra/stm32f4/stm32f4xx_hal_rng.c ****   * @retval None
 470:/home/pacl/Documents/Repository/chipwhisperer/firmware/mcu/hal/chipwhisperer-fw-extra/stm32f4/stm32f4xx_hal_rng.c ****   */
 471:/home/pacl/Documents/Repository/chipwhisperer/firmware/mcu/hal/chipwhisperer-fw-extra/stm32f4/stm32f4xx_hal_rng.c **** __weak void HAL_RNG_ErrorCallback(RNG_HandleTypeDef *hrng)
 721              		.loc 1 471 13 is_stmt 1 view -0
 722              		@ args = 0, pretend = 0, frame = 0
 723              		@ frame_needed = 0, uses_anonymous_args = 0
 724              		@ link register save eliminated.
 725 0000 7047     		bx	lr
 726              		.cfi_endproc
 727              	.LFE142:
 729 0002 00BF     		.section	.text.HAL_RNG_IRQHandler,"ax",%progbits
 730              		.align	1
 731              		.p2align 2,,3
 732              		.global	HAL_RNG_IRQHandler
 733              		.syntax unified
 734              		.thumb
 735              		.thumb_func
 737              	HAL_RNG_IRQHandler:
 738              	.LVL51:
 739              	.LFB132:
 357:/home/pacl/Documents/Repository/chipwhisperer/firmware/mcu/hal/chipwhisperer-fw-extra/stm32f4/stm32f4xx_hal_rng.c ****   /* RNG clock error interrupt occurred */
 740              		.loc 1 357 1 view -0
 741              		.cfi_startproc
 742              		@ args = 0, pretend = 0, frame = 0
 743              		@ frame_needed = 0, uses_anonymous_args = 0
 359:/home/pacl/Documents/Repository/chipwhisperer/firmware/mcu/hal/chipwhisperer-fw-extra/stm32f4/stm32f4xx_hal_rng.c ****   { 
 744              		.loc 1 359 3 view .LVU232
 359:/home/pacl/Documents/Repository/chipwhisperer/firmware/mcu/hal/chipwhisperer-fw-extra/stm32f4/stm32f4xx_hal_rng.c ****   { 
 745              		.loc 1 359 7 is_stmt 0 view .LVU233
 746 0000 0368     		ldr	r3, [r0]
 747 0002 5A68     		ldr	r2, [r3, #4]
 357:/home/pacl/Documents/Repository/chipwhisperer/firmware/mcu/hal/chipwhisperer-fw-extra/stm32f4/stm32f4xx_hal_rng.c ****   /* RNG clock error interrupt occurred */
 748              		.loc 1 357 1 view .LVU234
 749 0004 10B5     		push	{r4, lr}
 750              	.LCFI8:
 751              		.cfi_def_cfa_offset 8
 752              		.cfi_offset 4, -8
 753              		.cfi_offset 14, -4
 357:/home/pacl/Documents/Repository/chipwhisperer/firmware/mcu/hal/chipwhisperer-fw-extra/stm32f4/stm32f4xx_hal_rng.c ****   /* RNG clock error interrupt occurred */
 754              		.loc 1 357 1 view .LVU235
 755 0006 0446     		mov	r4, r0
 359:/home/pacl/Documents/Repository/chipwhisperer/firmware/mcu/hal/chipwhisperer-fw-extra/stm32f4/stm32f4xx_hal_rng.c ****   { 
 756              		.loc 1 359 5 view .LVU236
 757 0008 9006     		lsls	r0, r2, #26
 758              	.LVL52:
 359:/home/pacl/Documents/Repository/chipwhisperer/firmware/mcu/hal/chipwhisperer-fw-extra/stm32f4/stm32f4xx_hal_rng.c ****   { 
 759              		.loc 1 359 5 view .LVU237
 760 000a 0FD4     		bmi	.L60
 359:/home/pacl/Documents/Repository/chipwhisperer/firmware/mcu/hal/chipwhisperer-fw-extra/stm32f4/stm32f4xx_hal_rng.c ****   { 
 761              		.loc 1 359 57 discriminator 1 view .LVU238
 762 000c 5A68     		ldr	r2, [r3, #4]
 359:/home/pacl/Documents/Repository/chipwhisperer/firmware/mcu/hal/chipwhisperer-fw-extra/stm32f4/stm32f4xx_hal_rng.c ****   { 
 763              		.loc 1 359 52 discriminator 1 view .LVU239
 764 000e 5106     		lsls	r1, r2, #25
 765 0010 0CD4     		bmi	.L60
 766              	.L61:
 372:/home/pacl/Documents/Repository/chipwhisperer/firmware/mcu/hal/chipwhisperer-fw-extra/stm32f4/stm32f4xx_hal_rng.c ****   {
 767              		.loc 1 372 3 is_stmt 1 view .LVU240
 372:/home/pacl/Documents/Repository/chipwhisperer/firmware/mcu/hal/chipwhisperer-fw-extra/stm32f4/stm32f4xx_hal_rng.c ****   {
 768              		.loc 1 372 6 is_stmt 0 view .LVU241
 769 0012 5A68     		ldr	r2, [r3, #4]
 372:/home/pacl/Documents/Repository/chipwhisperer/firmware/mcu/hal/chipwhisperer-fw-extra/stm32f4/stm32f4xx_hal_rng.c ****   {
 770              		.loc 1 372 5 view .LVU242
 771 0014 D207     		lsls	r2, r2, #31
 772 0016 08D5     		bpl	.L59
 375:/home/pacl/Documents/Repository/chipwhisperer/firmware/mcu/hal/chipwhisperer-fw-extra/stm32f4/stm32f4xx_hal_rng.c ****     
 773              		.loc 1 375 5 is_stmt 1 view .LVU243
 774 0018 1A68     		ldr	r2, [r3]
 775 001a 22F00802 		bic	r2, r2, #8
 776 001e 1A60     		str	r2, [r3]
 378:/home/pacl/Documents/Repository/chipwhisperer/firmware/mcu/hal/chipwhisperer-fw-extra/stm32f4/stm32f4xx_hal_rng.c ****     
 777              		.loc 1 378 5 view .LVU244
 378:/home/pacl/Documents/Repository/chipwhisperer/firmware/mcu/hal/chipwhisperer-fw-extra/stm32f4/stm32f4xx_hal_rng.c ****     
 778              		.loc 1 378 40 is_stmt 0 view .LVU245
 779 0020 9968     		ldr	r1, [r3, #8]
 380:/home/pacl/Documents/Repository/chipwhisperer/firmware/mcu/hal/chipwhisperer-fw-extra/stm32f4/stm32f4xx_hal_rng.c ****     {
 780              		.loc 1 380 12 view .LVU246
 781 0022 6379     		ldrb	r3, [r4, #5]	@ zero_extendqisi2
 378:/home/pacl/Documents/Repository/chipwhisperer/firmware/mcu/hal/chipwhisperer-fw-extra/stm32f4/stm32f4xx_hal_rng.c ****     
 782              		.loc 1 378 24 view .LVU247
 783 0024 A160     		str	r1, [r4, #8]
 380:/home/pacl/Documents/Repository/chipwhisperer/firmware/mcu/hal/chipwhisperer-fw-extra/stm32f4/stm32f4xx_hal_rng.c ****     {
 784              		.loc 1 380 5 is_stmt 1 view .LVU248
 380:/home/pacl/Documents/Repository/chipwhisperer/firmware/mcu/hal/chipwhisperer-fw-extra/stm32f4/stm32f4xx_hal_rng.c ****     {
 785              		.loc 1 380 7 is_stmt 0 view .LVU249
 786 0026 042B     		cmp	r3, #4
 787 0028 0AD1     		bne	.L72
 788              	.L59:
 389:/home/pacl/Documents/Repository/chipwhisperer/firmware/mcu/hal/chipwhisperer-fw-extra/stm32f4/stm32f4xx_hal_rng.c **** 
 789              		.loc 1 389 1 view .LVU250
 790 002a 10BD     		pop	{r4, pc}
 791              	.LVL53:
 792              	.L60:
 362:/home/pacl/Documents/Repository/chipwhisperer/firmware/mcu/hal/chipwhisperer-fw-extra/stm32f4/stm32f4xx_hal_rng.c ****   
 793              		.loc 1 362 5 is_stmt 1 view .LVU251
 362:/home/pacl/Documents/Repository/chipwhisperer/firmware/mcu/hal/chipwhisperer-fw-extra/stm32f4/stm32f4xx_hal_rng.c ****   
 794              		.loc 1 362 17 is_stmt 0 view .LVU252
 795 002c 0423     		movs	r3, #4
 796 002e 6371     		strb	r3, [r4, #5]
 364:/home/pacl/Documents/Repository/chipwhisperer/firmware/mcu/hal/chipwhisperer-fw-extra/stm32f4/stm32f4xx_hal_rng.c ****     
 797              		.loc 1 364 5 is_stmt 1 view .LVU253
 798 0030 2046     		mov	r0, r4
 799 0032 FFF7FEFF 		bl	HAL_RNG_ErrorCallback
 800              	.LVL54:
 367:/home/pacl/Documents/Repository/chipwhisperer/firmware/mcu/hal/chipwhisperer-fw-extra/stm32f4/stm32f4xx_hal_rng.c ****     
 801              		.loc 1 367 5 view .LVU254
 802 0036 2368     		ldr	r3, [r4]
 803 0038 6FF06002 		mvn	r2, #96
 804 003c 5A60     		str	r2, [r3, #4]
 805 003e E8E7     		b	.L61
 806              	.L72:
 383:/home/pacl/Documents/Repository/chipwhisperer/firmware/mcu/hal/chipwhisperer-fw-extra/stm32f4/stm32f4xx_hal_rng.c ****       
 807              		.loc 1 383 7 view .LVU255
 383:/home/pacl/Documents/Repository/chipwhisperer/firmware/mcu/hal/chipwhisperer-fw-extra/stm32f4/stm32f4xx_hal_rng.c ****       
 808              		.loc 1 383 19 is_stmt 0 view .LVU256
 809 0040 0123     		movs	r3, #1
 810 0042 6371     		strb	r3, [r4, #5]
 386:/home/pacl/Documents/Repository/chipwhisperer/firmware/mcu/hal/chipwhisperer-fw-extra/stm32f4/stm32f4xx_hal_rng.c ****     } 
 811              		.loc 1 386 7 is_stmt 1 view .LVU257
 812 0044 2046     		mov	r0, r4
 813 0046 FFF7FEFF 		bl	HAL_RNG_ReadyDataCallback
 814              	.LVL55:
 389:/home/pacl/Documents/Repository/chipwhisperer/firmware/mcu/hal/chipwhisperer-fw-extra/stm32f4/stm32f4xx_hal_rng.c **** 
 815              		.loc 1 389 1 is_stmt 0 view .LVU258
 816 004a 10BD     		pop	{r4, pc}
 389:/home/pacl/Documents/Repository/chipwhisperer/firmware/mcu/hal/chipwhisperer-fw-extra/stm32f4/stm32f4xx_hal_rng.c **** 
 817              		.loc 1 389 1 view .LVU259
 818              		.cfi_endproc
 819              	.LFE132:
 821              		.section	.text.HAL_RNG_GetState,"ax",%progbits
 822              		.align	1
 823              		.p2align 2,,3
 824              		.global	HAL_RNG_GetState
 825              		.syntax unified
 826              		.thumb
 827              		.thumb_func
 829              	HAL_RNG_GetState:
 830              	.LVL56:
 831              	.LFB138:
 472:/home/pacl/Documents/Repository/chipwhisperer/firmware/mcu/hal/chipwhisperer-fw-extra/stm32f4/stm32f4xx_hal_rng.c **** {
 473:/home/pacl/Documents/Repository/chipwhisperer/firmware/mcu/hal/chipwhisperer-fw-extra/stm32f4/stm32f4xx_hal_rng.c ****   /* Prevent unused argument(s) compilation warning */
 474:/home/pacl/Documents/Repository/chipwhisperer/firmware/mcu/hal/chipwhisperer-fw-extra/stm32f4/stm32f4xx_hal_rng.c ****   UNUSED(hrng);
 475:/home/pacl/Documents/Repository/chipwhisperer/firmware/mcu/hal/chipwhisperer-fw-extra/stm32f4/stm32f4xx_hal_rng.c ****   /* NOTE : This function should not be modified. When the callback is needed,
 476:/home/pacl/Documents/Repository/chipwhisperer/firmware/mcu/hal/chipwhisperer-fw-extra/stm32f4/stm32f4xx_hal_rng.c ****             function HAL_RNG_ErrorCallback must be implemented in the user file.
 477:/home/pacl/Documents/Repository/chipwhisperer/firmware/mcu/hal/chipwhisperer-fw-extra/stm32f4/stm32f4xx_hal_rng.c ****    */
 478:/home/pacl/Documents/Repository/chipwhisperer/firmware/mcu/hal/chipwhisperer-fw-extra/stm32f4/stm32f4xx_hal_rng.c **** }
 479:/home/pacl/Documents/Repository/chipwhisperer/firmware/mcu/hal/chipwhisperer-fw-extra/stm32f4/stm32f4xx_hal_rng.c **** /**
 480:/home/pacl/Documents/Repository/chipwhisperer/firmware/mcu/hal/chipwhisperer-fw-extra/stm32f4/stm32f4xx_hal_rng.c ****   * @}
 481:/home/pacl/Documents/Repository/chipwhisperer/firmware/mcu/hal/chipwhisperer-fw-extra/stm32f4/stm32f4xx_hal_rng.c ****   */ 
 482:/home/pacl/Documents/Repository/chipwhisperer/firmware/mcu/hal/chipwhisperer-fw-extra/stm32f4/stm32f4xx_hal_rng.c **** 
 483:/home/pacl/Documents/Repository/chipwhisperer/firmware/mcu/hal/chipwhisperer-fw-extra/stm32f4/stm32f4xx_hal_rng.c ****   
 484:/home/pacl/Documents/Repository/chipwhisperer/firmware/mcu/hal/chipwhisperer-fw-extra/stm32f4/stm32f4xx_hal_rng.c **** /** @addtogroup RNG_Exported_Functions_Group3
 485:/home/pacl/Documents/Repository/chipwhisperer/firmware/mcu/hal/chipwhisperer-fw-extra/stm32f4/stm32f4xx_hal_rng.c ****  *  @brief   Peripheral State functions 
 486:/home/pacl/Documents/Repository/chipwhisperer/firmware/mcu/hal/chipwhisperer-fw-extra/stm32f4/stm32f4xx_hal_rng.c ****  *
 487:/home/pacl/Documents/Repository/chipwhisperer/firmware/mcu/hal/chipwhisperer-fw-extra/stm32f4/stm32f4xx_hal_rng.c **** @verbatim   
 488:/home/pacl/Documents/Repository/chipwhisperer/firmware/mcu/hal/chipwhisperer-fw-extra/stm32f4/stm32f4xx_hal_rng.c ****  ===============================================================================
 489:/home/pacl/Documents/Repository/chipwhisperer/firmware/mcu/hal/chipwhisperer-fw-extra/stm32f4/stm32f4xx_hal_rng.c ****                       ##### Peripheral State functions #####
 490:/home/pacl/Documents/Repository/chipwhisperer/firmware/mcu/hal/chipwhisperer-fw-extra/stm32f4/stm32f4xx_hal_rng.c ****  ===============================================================================  
 491:/home/pacl/Documents/Repository/chipwhisperer/firmware/mcu/hal/chipwhisperer-fw-extra/stm32f4/stm32f4xx_hal_rng.c ****     [..]
 492:/home/pacl/Documents/Repository/chipwhisperer/firmware/mcu/hal/chipwhisperer-fw-extra/stm32f4/stm32f4xx_hal_rng.c ****     This subsection permits to get in run-time the status of the peripheral 
 493:/home/pacl/Documents/Repository/chipwhisperer/firmware/mcu/hal/chipwhisperer-fw-extra/stm32f4/stm32f4xx_hal_rng.c ****     and the data flow.
 494:/home/pacl/Documents/Repository/chipwhisperer/firmware/mcu/hal/chipwhisperer-fw-extra/stm32f4/stm32f4xx_hal_rng.c **** 
 495:/home/pacl/Documents/Repository/chipwhisperer/firmware/mcu/hal/chipwhisperer-fw-extra/stm32f4/stm32f4xx_hal_rng.c **** @endverbatim
 496:/home/pacl/Documents/Repository/chipwhisperer/firmware/mcu/hal/chipwhisperer-fw-extra/stm32f4/stm32f4xx_hal_rng.c ****   * @{
 497:/home/pacl/Documents/Repository/chipwhisperer/firmware/mcu/hal/chipwhisperer-fw-extra/stm32f4/stm32f4xx_hal_rng.c ****   */
 498:/home/pacl/Documents/Repository/chipwhisperer/firmware/mcu/hal/chipwhisperer-fw-extra/stm32f4/stm32f4xx_hal_rng.c ****   
 499:/home/pacl/Documents/Repository/chipwhisperer/firmware/mcu/hal/chipwhisperer-fw-extra/stm32f4/stm32f4xx_hal_rng.c **** /**
 500:/home/pacl/Documents/Repository/chipwhisperer/firmware/mcu/hal/chipwhisperer-fw-extra/stm32f4/stm32f4xx_hal_rng.c ****   * @brief  Returns the RNG state.
 501:/home/pacl/Documents/Repository/chipwhisperer/firmware/mcu/hal/chipwhisperer-fw-extra/stm32f4/stm32f4xx_hal_rng.c ****   * @param  hrng: pointer to a RNG_HandleTypeDef structure that contains
 502:/home/pacl/Documents/Repository/chipwhisperer/firmware/mcu/hal/chipwhisperer-fw-extra/stm32f4/stm32f4xx_hal_rng.c ****   *                the configuration information for RNG.
 503:/home/pacl/Documents/Repository/chipwhisperer/firmware/mcu/hal/chipwhisperer-fw-extra/stm32f4/stm32f4xx_hal_rng.c ****   * @retval HAL state
 504:/home/pacl/Documents/Repository/chipwhisperer/firmware/mcu/hal/chipwhisperer-fw-extra/stm32f4/stm32f4xx_hal_rng.c ****   */
 505:/home/pacl/Documents/Repository/chipwhisperer/firmware/mcu/hal/chipwhisperer-fw-extra/stm32f4/stm32f4xx_hal_rng.c **** HAL_RNG_StateTypeDef HAL_RNG_GetState(RNG_HandleTypeDef *hrng)
 506:/home/pacl/Documents/Repository/chipwhisperer/firmware/mcu/hal/chipwhisperer-fw-extra/stm32f4/stm32f4xx_hal_rng.c **** {
 832              		.loc 1 506 1 is_stmt 1 view -0
 833              		.cfi_startproc
 834              		@ args = 0, pretend = 0, frame = 0
 835              		@ frame_needed = 0, uses_anonymous_args = 0
 836              		@ link register save eliminated.
 507:/home/pacl/Documents/Repository/chipwhisperer/firmware/mcu/hal/chipwhisperer-fw-extra/stm32f4/stm32f4xx_hal_rng.c ****   return hrng->State;
 837              		.loc 1 507 3 view .LVU261
 838              		.loc 1 507 14 is_stmt 0 view .LVU262
 839 0000 4079     		ldrb	r0, [r0, #5]	@ zero_extendqisi2
 840              	.LVL57:
 508:/home/pacl/Documents/Repository/chipwhisperer/firmware/mcu/hal/chipwhisperer-fw-extra/stm32f4/stm32f4xx_hal_rng.c **** }
 841              		.loc 1 508 1 view .LVU263
 842 0002 7047     		bx	lr
 843              		.cfi_endproc
 844              	.LFE138:
 846              		.text
 847              	.Letext0:
 848              		.file 2 "/home/pacl/Documents/Repository/chipwhisperer/firmware/mcu/hal/chipwhisperer-fw-extra/stm
 849              		.file 3 "/usr/lib/gcc/arm-none-eabi/13.2.1/include/stdint.h"
 850              		.file 4 "/home/pacl/Documents/Repository/chipwhisperer/firmware/mcu/hal/chipwhisperer-fw-extra/stm
 851              		.file 5 "/home/pacl/Documents/Repository/chipwhisperer/firmware/mcu/hal/chipwhisperer-fw-extra/stm
 852              		.file 6 "/home/pacl/Documents/Repository/chipwhisperer/firmware/mcu/hal/chipwhisperer-fw-extra/stm
DEFINED SYMBOLS
                            *ABS*:00000000 stm32f4xx_hal_rng.c
     /tmp/ccXjfj1Z.s:19     .text.HAL_RNG_MspInit:00000000 $t
     /tmp/ccXjfj1Z.s:26     .text.HAL_RNG_MspInit:00000000 HAL_RNG_MspInit
     /tmp/ccXjfj1Z.s:41     .text.HAL_RNG_Init:00000000 $t
     /tmp/ccXjfj1Z.s:48     .text.HAL_RNG_Init:00000000 HAL_RNG_Init
     /tmp/ccXjfj1Z.s:144    .text.HAL_RNG_MspDeInit:00000000 $t
     /tmp/ccXjfj1Z.s:151    .text.HAL_RNG_MspDeInit:00000000 HAL_RNG_MspDeInit
     /tmp/ccXjfj1Z.s:163    .text.HAL_RNG_DeInit:00000000 $t
     /tmp/ccXjfj1Z.s:170    .text.HAL_RNG_DeInit:00000000 HAL_RNG_DeInit
     /tmp/ccXjfj1Z.s:230    .text.HAL_RNG_GenerateRandomNumber:00000000 $t
     /tmp/ccXjfj1Z.s:237    .text.HAL_RNG_GenerateRandomNumber:00000000 HAL_RNG_GenerateRandomNumber
     /tmp/ccXjfj1Z.s:366    .text.HAL_RNG_GenerateRandomNumber_IT:00000000 $t
     /tmp/ccXjfj1Z.s:373    .text.HAL_RNG_GenerateRandomNumber_IT:00000000 HAL_RNG_GenerateRandomNumber_IT
     /tmp/ccXjfj1Z.s:441    .text.HAL_RNG_GetRandomNumber:00000000 $t
     /tmp/ccXjfj1Z.s:448    .text.HAL_RNG_GetRandomNumber:00000000 HAL_RNG_GetRandomNumber
     /tmp/ccXjfj1Z.s:607    .text.HAL_RNG_GetRandomNumber_IT:00000000 $t
     /tmp/ccXjfj1Z.s:614    .text.HAL_RNG_GetRandomNumber_IT:00000000 HAL_RNG_GetRandomNumber_IT
     /tmp/ccXjfj1Z.s:663    .text.HAL_RNG_ReadLastRandomNumber:00000000 $t
     /tmp/ccXjfj1Z.s:670    .text.HAL_RNG_ReadLastRandomNumber:00000000 HAL_RNG_ReadLastRandomNumber
     /tmp/ccXjfj1Z.s:688    .text.HAL_RNG_ReadyDataCallback:00000000 $t
     /tmp/ccXjfj1Z.s:695    .text.HAL_RNG_ReadyDataCallback:00000000 HAL_RNG_ReadyDataCallback
     /tmp/ccXjfj1Z.s:711    .text.HAL_RNG_ErrorCallback:00000000 $t
     /tmp/ccXjfj1Z.s:718    .text.HAL_RNG_ErrorCallback:00000000 HAL_RNG_ErrorCallback
     /tmp/ccXjfj1Z.s:730    .text.HAL_RNG_IRQHandler:00000000 $t
     /tmp/ccXjfj1Z.s:737    .text.HAL_RNG_IRQHandler:00000000 HAL_RNG_IRQHandler
     /tmp/ccXjfj1Z.s:822    .text.HAL_RNG_GetState:00000000 $t
     /tmp/ccXjfj1Z.s:829    .text.HAL_RNG_GetState:00000000 HAL_RNG_GetState

UNDEFINED SYMBOLS
HAL_GetTick
