   1              		.cpu cortex-m4
   2              		.arch armv7e-m
   3              		.fpu fpv4-sp-d16
   4              		.eabi_attribute 27, 1
   5              		.eabi_attribute 28, 1
   6              		.eabi_attribute 20, 1
   7              		.eabi_attribute 21, 1
   8              		.eabi_attribute 23, 3
   9              		.eabi_attribute 24, 1
  10              		.eabi_attribute 25, 1
  11              		.eabi_attribute 26, 1
  12              		.eabi_attribute 30, 4
  13              		.eabi_attribute 34, 1
  14              		.eabi_attribute 18, 4
  15              		.file	"simpleserial.c"
  16              		.text
  17              	.Ltext0:
  18              		.cfi_sections	.debug_frame
  19              		.file 1 "/home/pacl/Documents/Repository/chipwhisperer/firmware/mcu/simpleserial/simpleserial.c"
  20              		.section	.text.check_version,"ax",%progbits
  21              		.align	1
  22              		.global	check_version
  23              		.syntax unified
  24              		.thumb
  25              		.thumb_func
  27              	check_version:
  28              	.LVL0:
  29              	.LFB1:
   1:/home/pacl/Documents/Repository/chipwhisperer/firmware/mcu/simpleserial/simpleserial.c **** // simpleserial.c
   2:/home/pacl/Documents/Repository/chipwhisperer/firmware/mcu/simpleserial/simpleserial.c **** 
   3:/home/pacl/Documents/Repository/chipwhisperer/firmware/mcu/simpleserial/simpleserial.c **** #include "simpleserial.h"
   4:/home/pacl/Documents/Repository/chipwhisperer/firmware/mcu/simpleserial/simpleserial.c **** #include <stdint.h>
   5:/home/pacl/Documents/Repository/chipwhisperer/firmware/mcu/simpleserial/simpleserial.c **** #include "hal.h"
   6:/home/pacl/Documents/Repository/chipwhisperer/firmware/mcu/simpleserial/simpleserial.c **** 
   7:/home/pacl/Documents/Repository/chipwhisperer/firmware/mcu/simpleserial/simpleserial.c **** 
   8:/home/pacl/Documents/Repository/chipwhisperer/firmware/mcu/simpleserial/simpleserial.c **** #define MAX_SS_CMDS 32
   9:/home/pacl/Documents/Repository/chipwhisperer/firmware/mcu/simpleserial/simpleserial.c **** static int num_commands = 0;
  10:/home/pacl/Documents/Repository/chipwhisperer/firmware/mcu/simpleserial/simpleserial.c **** 
  11:/home/pacl/Documents/Repository/chipwhisperer/firmware/mcu/simpleserial/simpleserial.c **** 
  12:/home/pacl/Documents/Repository/chipwhisperer/firmware/mcu/simpleserial/simpleserial.c **** //#define SS_VER_1_0 0
  13:/home/pacl/Documents/Repository/chipwhisperer/firmware/mcu/simpleserial/simpleserial.c **** //#define SS_VER_1_1 1
  14:/home/pacl/Documents/Repository/chipwhisperer/firmware/mcu/simpleserial/simpleserial.c **** //#define SS_VER_2_0 2
  15:/home/pacl/Documents/Repository/chipwhisperer/firmware/mcu/simpleserial/simpleserial.c **** 
  16:/home/pacl/Documents/Repository/chipwhisperer/firmware/mcu/simpleserial/simpleserial.c **** 
  17:/home/pacl/Documents/Repository/chipwhisperer/firmware/mcu/simpleserial/simpleserial.c **** // 0xA6 formerly 
  18:/home/pacl/Documents/Repository/chipwhisperer/firmware/mcu/simpleserial/simpleserial.c **** #define CW_CRC 0x4D 
  19:/home/pacl/Documents/Repository/chipwhisperer/firmware/mcu/simpleserial/simpleserial.c **** uint8_t ss_crc(uint8_t *buf, uint8_t len)
  20:/home/pacl/Documents/Repository/chipwhisperer/firmware/mcu/simpleserial/simpleserial.c **** {
  21:/home/pacl/Documents/Repository/chipwhisperer/firmware/mcu/simpleserial/simpleserial.c **** 	unsigned int k = 0;
  22:/home/pacl/Documents/Repository/chipwhisperer/firmware/mcu/simpleserial/simpleserial.c **** 	uint8_t crc = 0x00;
  23:/home/pacl/Documents/Repository/chipwhisperer/firmware/mcu/simpleserial/simpleserial.c **** 	while (len--) {
  24:/home/pacl/Documents/Repository/chipwhisperer/firmware/mcu/simpleserial/simpleserial.c **** 		crc ^= *buf++;
  25:/home/pacl/Documents/Repository/chipwhisperer/firmware/mcu/simpleserial/simpleserial.c **** 		for (k = 0; k < 8; k++) {
  26:/home/pacl/Documents/Repository/chipwhisperer/firmware/mcu/simpleserial/simpleserial.c **** 			crc = crc & 0x80 ? (crc << 1) ^ CW_CRC: crc << 1;
  27:/home/pacl/Documents/Repository/chipwhisperer/firmware/mcu/simpleserial/simpleserial.c **** 		}
  28:/home/pacl/Documents/Repository/chipwhisperer/firmware/mcu/simpleserial/simpleserial.c **** 	}
  29:/home/pacl/Documents/Repository/chipwhisperer/firmware/mcu/simpleserial/simpleserial.c **** 	return crc;
  30:/home/pacl/Documents/Repository/chipwhisperer/firmware/mcu/simpleserial/simpleserial.c **** 
  31:/home/pacl/Documents/Repository/chipwhisperer/firmware/mcu/simpleserial/simpleserial.c **** }
  32:/home/pacl/Documents/Repository/chipwhisperer/firmware/mcu/simpleserial/simpleserial.c **** 
  33:/home/pacl/Documents/Repository/chipwhisperer/firmware/mcu/simpleserial/simpleserial.c **** // [B_STUFF, CMD, SCMD, LEN, B_STUFF, DATA..., CRC, TERM]
  34:/home/pacl/Documents/Repository/chipwhisperer/firmware/mcu/simpleserial/simpleserial.c **** 
  35:/home/pacl/Documents/Repository/chipwhisperer/firmware/mcu/simpleserial/simpleserial.c **** //#define SS_VER SS_VER_2_0
  36:/home/pacl/Documents/Repository/chipwhisperer/firmware/mcu/simpleserial/simpleserial.c **** #if SS_VER == SS_VER_2_0
  37:/home/pacl/Documents/Repository/chipwhisperer/firmware/mcu/simpleserial/simpleserial.c **** #error "SS_VER_2_0 is deprecated! Use SS_VER_2_1 instead."
  38:/home/pacl/Documents/Repository/chipwhisperer/firmware/mcu/simpleserial/simpleserial.c **** #elif SS_VER == SS_VER_2_1
  39:/home/pacl/Documents/Repository/chipwhisperer/firmware/mcu/simpleserial/simpleserial.c **** 
  40:/home/pacl/Documents/Repository/chipwhisperer/firmware/mcu/simpleserial/simpleserial.c **** #define MAX_SS_LEN 249
  41:/home/pacl/Documents/Repository/chipwhisperer/firmware/mcu/simpleserial/simpleserial.c **** 
  42:/home/pacl/Documents/Repository/chipwhisperer/firmware/mcu/simpleserial/simpleserial.c **** int hex_decode(int len, char* ascii_buf, uint8_t* data_buf)
  43:/home/pacl/Documents/Repository/chipwhisperer/firmware/mcu/simpleserial/simpleserial.c **** {
  44:/home/pacl/Documents/Repository/chipwhisperer/firmware/mcu/simpleserial/simpleserial.c **** 	for(int i = 0; i < len; i++)
  45:/home/pacl/Documents/Repository/chipwhisperer/firmware/mcu/simpleserial/simpleserial.c **** 	{
  46:/home/pacl/Documents/Repository/chipwhisperer/firmware/mcu/simpleserial/simpleserial.c **** 		char n_hi = ascii_buf[2*i];
  47:/home/pacl/Documents/Repository/chipwhisperer/firmware/mcu/simpleserial/simpleserial.c **** 		char n_lo = ascii_buf[2*i+1];
  48:/home/pacl/Documents/Repository/chipwhisperer/firmware/mcu/simpleserial/simpleserial.c **** 
  49:/home/pacl/Documents/Repository/chipwhisperer/firmware/mcu/simpleserial/simpleserial.c **** 		if(n_lo >= '0' && n_lo <= '9')
  50:/home/pacl/Documents/Repository/chipwhisperer/firmware/mcu/simpleserial/simpleserial.c **** 			data_buf[i] = n_lo - '0';
  51:/home/pacl/Documents/Repository/chipwhisperer/firmware/mcu/simpleserial/simpleserial.c **** 		else if(n_lo >= 'A' && n_lo <= 'F')
  52:/home/pacl/Documents/Repository/chipwhisperer/firmware/mcu/simpleserial/simpleserial.c **** 			data_buf[i] = n_lo - 'A' + 10;
  53:/home/pacl/Documents/Repository/chipwhisperer/firmware/mcu/simpleserial/simpleserial.c **** 		else if(n_lo >= 'a' && n_lo <= 'f')
  54:/home/pacl/Documents/Repository/chipwhisperer/firmware/mcu/simpleserial/simpleserial.c **** 			data_buf[i] = n_lo - 'a' + 10;
  55:/home/pacl/Documents/Repository/chipwhisperer/firmware/mcu/simpleserial/simpleserial.c **** 		else
  56:/home/pacl/Documents/Repository/chipwhisperer/firmware/mcu/simpleserial/simpleserial.c **** 			return 1;
  57:/home/pacl/Documents/Repository/chipwhisperer/firmware/mcu/simpleserial/simpleserial.c **** 
  58:/home/pacl/Documents/Repository/chipwhisperer/firmware/mcu/simpleserial/simpleserial.c **** 		if(n_hi >= '0' && n_hi <= '9')
  59:/home/pacl/Documents/Repository/chipwhisperer/firmware/mcu/simpleserial/simpleserial.c **** 			data_buf[i] |= (n_hi - '0') << 4;
  60:/home/pacl/Documents/Repository/chipwhisperer/firmware/mcu/simpleserial/simpleserial.c **** 		else if(n_hi >= 'A' && n_hi <= 'F')
  61:/home/pacl/Documents/Repository/chipwhisperer/firmware/mcu/simpleserial/simpleserial.c **** 			data_buf[i] |= (n_hi - 'A' + 10) << 4;
  62:/home/pacl/Documents/Repository/chipwhisperer/firmware/mcu/simpleserial/simpleserial.c **** 		else if(n_hi >= 'a' && n_hi <= 'f')
  63:/home/pacl/Documents/Repository/chipwhisperer/firmware/mcu/simpleserial/simpleserial.c **** 			data_buf[i] |= (n_hi - 'a' + 10) << 4;
  64:/home/pacl/Documents/Repository/chipwhisperer/firmware/mcu/simpleserial/simpleserial.c **** 		else
  65:/home/pacl/Documents/Repository/chipwhisperer/firmware/mcu/simpleserial/simpleserial.c **** 			return 1;
  66:/home/pacl/Documents/Repository/chipwhisperer/firmware/mcu/simpleserial/simpleserial.c **** 	}
  67:/home/pacl/Documents/Repository/chipwhisperer/firmware/mcu/simpleserial/simpleserial.c **** 
  68:/home/pacl/Documents/Repository/chipwhisperer/firmware/mcu/simpleserial/simpleserial.c **** 	return 0;
  69:/home/pacl/Documents/Repository/chipwhisperer/firmware/mcu/simpleserial/simpleserial.c **** }
  70:/home/pacl/Documents/Repository/chipwhisperer/firmware/mcu/simpleserial/simpleserial.c **** 
  71:/home/pacl/Documents/Repository/chipwhisperer/firmware/mcu/simpleserial/simpleserial.c **** typedef struct ss_cmd
  72:/home/pacl/Documents/Repository/chipwhisperer/firmware/mcu/simpleserial/simpleserial.c **** {
  73:/home/pacl/Documents/Repository/chipwhisperer/firmware/mcu/simpleserial/simpleserial.c **** 	char c;
  74:/home/pacl/Documents/Repository/chipwhisperer/firmware/mcu/simpleserial/simpleserial.c **** 	unsigned int len;
  75:/home/pacl/Documents/Repository/chipwhisperer/firmware/mcu/simpleserial/simpleserial.c **** 	uint8_t (*fp)(uint8_t, uint8_t, uint8_t, uint8_t *);
  76:/home/pacl/Documents/Repository/chipwhisperer/firmware/mcu/simpleserial/simpleserial.c **** } ss_cmd;
  77:/home/pacl/Documents/Repository/chipwhisperer/firmware/mcu/simpleserial/simpleserial.c **** static ss_cmd commands[MAX_SS_CMDS];
  78:/home/pacl/Documents/Repository/chipwhisperer/firmware/mcu/simpleserial/simpleserial.c **** 
  79:/home/pacl/Documents/Repository/chipwhisperer/firmware/mcu/simpleserial/simpleserial.c **** void ss_puts(char *x)
  80:/home/pacl/Documents/Repository/chipwhisperer/firmware/mcu/simpleserial/simpleserial.c **** {
  81:/home/pacl/Documents/Repository/chipwhisperer/firmware/mcu/simpleserial/simpleserial.c **** 	do {
  82:/home/pacl/Documents/Repository/chipwhisperer/firmware/mcu/simpleserial/simpleserial.c **** 		putch(*x);
  83:/home/pacl/Documents/Repository/chipwhisperer/firmware/mcu/simpleserial/simpleserial.c **** 	} while (*++x);
  84:/home/pacl/Documents/Repository/chipwhisperer/firmware/mcu/simpleserial/simpleserial.c **** }
  85:/home/pacl/Documents/Repository/chipwhisperer/firmware/mcu/simpleserial/simpleserial.c **** 
  86:/home/pacl/Documents/Repository/chipwhisperer/firmware/mcu/simpleserial/simpleserial.c **** #define FRAME_BYTE 0x00
  87:/home/pacl/Documents/Repository/chipwhisperer/firmware/mcu/simpleserial/simpleserial.c **** 
  88:/home/pacl/Documents/Repository/chipwhisperer/firmware/mcu/simpleserial/simpleserial.c **** uint8_t check_version(uint8_t cmd, uint8_t scmd, uint8_t len, uint8_t *data)
  89:/home/pacl/Documents/Repository/chipwhisperer/firmware/mcu/simpleserial/simpleserial.c **** {
  90:/home/pacl/Documents/Repository/chipwhisperer/firmware/mcu/simpleserial/simpleserial.c **** 	uint8_t ver = SS_VER;
  91:/home/pacl/Documents/Repository/chipwhisperer/firmware/mcu/simpleserial/simpleserial.c **** 	simpleserial_put('r', 1, &ver);
  92:/home/pacl/Documents/Repository/chipwhisperer/firmware/mcu/simpleserial/simpleserial.c **** 	return SS_ERR_OK;
  93:/home/pacl/Documents/Repository/chipwhisperer/firmware/mcu/simpleserial/simpleserial.c **** }
  94:/home/pacl/Documents/Repository/chipwhisperer/firmware/mcu/simpleserial/simpleserial.c **** 
  95:/home/pacl/Documents/Repository/chipwhisperer/firmware/mcu/simpleserial/simpleserial.c **** uint8_t ss_get_commands(uint8_t cmd, uint8_t scmd, uint8_t len, uint8_t *data)
  96:/home/pacl/Documents/Repository/chipwhisperer/firmware/mcu/simpleserial/simpleserial.c **** {
  97:/home/pacl/Documents/Repository/chipwhisperer/firmware/mcu/simpleserial/simpleserial.c ****     uint8_t cmd_chars[MAX_SS_CMDS];
  98:/home/pacl/Documents/Repository/chipwhisperer/firmware/mcu/simpleserial/simpleserial.c ****     for (uint8_t i = 0; i < (num_commands & 0xFF); i++) {
  99:/home/pacl/Documents/Repository/chipwhisperer/firmware/mcu/simpleserial/simpleserial.c ****         cmd_chars[i] = commands[i].c;
 100:/home/pacl/Documents/Repository/chipwhisperer/firmware/mcu/simpleserial/simpleserial.c ****     }
 101:/home/pacl/Documents/Repository/chipwhisperer/firmware/mcu/simpleserial/simpleserial.c **** 
 102:/home/pacl/Documents/Repository/chipwhisperer/firmware/mcu/simpleserial/simpleserial.c ****     simpleserial_put('r', num_commands & 0xFF, (void *)cmd_chars);
 103:/home/pacl/Documents/Repository/chipwhisperer/firmware/mcu/simpleserial/simpleserial.c ****     return 0x00;
 104:/home/pacl/Documents/Repository/chipwhisperer/firmware/mcu/simpleserial/simpleserial.c **** 
 105:/home/pacl/Documents/Repository/chipwhisperer/firmware/mcu/simpleserial/simpleserial.c **** }
 106:/home/pacl/Documents/Repository/chipwhisperer/firmware/mcu/simpleserial/simpleserial.c **** 
 107:/home/pacl/Documents/Repository/chipwhisperer/firmware/mcu/simpleserial/simpleserial.c **** uint8_t stuff_data(uint8_t *buf, uint8_t len)
 108:/home/pacl/Documents/Repository/chipwhisperer/firmware/mcu/simpleserial/simpleserial.c **** {
 109:/home/pacl/Documents/Repository/chipwhisperer/firmware/mcu/simpleserial/simpleserial.c **** 	uint8_t i = 1;
 110:/home/pacl/Documents/Repository/chipwhisperer/firmware/mcu/simpleserial/simpleserial.c **** 	uint8_t last = 0;
 111:/home/pacl/Documents/Repository/chipwhisperer/firmware/mcu/simpleserial/simpleserial.c **** 	for (; i < len; i++) {
 112:/home/pacl/Documents/Repository/chipwhisperer/firmware/mcu/simpleserial/simpleserial.c **** 		if (buf[i] == FRAME_BYTE) {
 113:/home/pacl/Documents/Repository/chipwhisperer/firmware/mcu/simpleserial/simpleserial.c **** 			buf[last] = i - last;
 114:/home/pacl/Documents/Repository/chipwhisperer/firmware/mcu/simpleserial/simpleserial.c **** 			last = i;
 115:/home/pacl/Documents/Repository/chipwhisperer/firmware/mcu/simpleserial/simpleserial.c **** 		}
 116:/home/pacl/Documents/Repository/chipwhisperer/firmware/mcu/simpleserial/simpleserial.c **** 	}
 117:/home/pacl/Documents/Repository/chipwhisperer/firmware/mcu/simpleserial/simpleserial.c **** 	return 0x00;
 118:/home/pacl/Documents/Repository/chipwhisperer/firmware/mcu/simpleserial/simpleserial.c **** }
 119:/home/pacl/Documents/Repository/chipwhisperer/firmware/mcu/simpleserial/simpleserial.c **** 
 120:/home/pacl/Documents/Repository/chipwhisperer/firmware/mcu/simpleserial/simpleserial.c **** uint8_t unstuff_data(uint8_t *buf, uint8_t len)
 121:/home/pacl/Documents/Repository/chipwhisperer/firmware/mcu/simpleserial/simpleserial.c **** {
 122:/home/pacl/Documents/Repository/chipwhisperer/firmware/mcu/simpleserial/simpleserial.c **** 	uint8_t next = buf[0];
 123:/home/pacl/Documents/Repository/chipwhisperer/firmware/mcu/simpleserial/simpleserial.c **** 	buf[0] = 0x00;
 124:/home/pacl/Documents/Repository/chipwhisperer/firmware/mcu/simpleserial/simpleserial.c **** 	//len -= 1;
 125:/home/pacl/Documents/Repository/chipwhisperer/firmware/mcu/simpleserial/simpleserial.c **** 	uint8_t tmp = next;
 126:/home/pacl/Documents/Repository/chipwhisperer/firmware/mcu/simpleserial/simpleserial.c **** 	while ((next < len) && tmp != 0) {
 127:/home/pacl/Documents/Repository/chipwhisperer/firmware/mcu/simpleserial/simpleserial.c **** 		tmp = buf[next];
 128:/home/pacl/Documents/Repository/chipwhisperer/firmware/mcu/simpleserial/simpleserial.c **** 		buf[next] = FRAME_BYTE;
 129:/home/pacl/Documents/Repository/chipwhisperer/firmware/mcu/simpleserial/simpleserial.c **** 		next += tmp;
 130:/home/pacl/Documents/Repository/chipwhisperer/firmware/mcu/simpleserial/simpleserial.c **** 	}
 131:/home/pacl/Documents/Repository/chipwhisperer/firmware/mcu/simpleserial/simpleserial.c **** 	return next;
 132:/home/pacl/Documents/Repository/chipwhisperer/firmware/mcu/simpleserial/simpleserial.c **** }
 133:/home/pacl/Documents/Repository/chipwhisperer/firmware/mcu/simpleserial/simpleserial.c **** 
 134:/home/pacl/Documents/Repository/chipwhisperer/firmware/mcu/simpleserial/simpleserial.c **** // Set up the SimpleSerial module by preparing internal commands
 135:/home/pacl/Documents/Repository/chipwhisperer/firmware/mcu/simpleserial/simpleserial.c **** // This just adds the "v" command for now...
 136:/home/pacl/Documents/Repository/chipwhisperer/firmware/mcu/simpleserial/simpleserial.c **** void simpleserial_init()
 137:/home/pacl/Documents/Repository/chipwhisperer/firmware/mcu/simpleserial/simpleserial.c **** {
 138:/home/pacl/Documents/Repository/chipwhisperer/firmware/mcu/simpleserial/simpleserial.c **** 	simpleserial_addcmd('v', 0, check_version);
 139:/home/pacl/Documents/Repository/chipwhisperer/firmware/mcu/simpleserial/simpleserial.c ****     simpleserial_addcmd('w', 0, ss_get_commands);
 140:/home/pacl/Documents/Repository/chipwhisperer/firmware/mcu/simpleserial/simpleserial.c **** }
 141:/home/pacl/Documents/Repository/chipwhisperer/firmware/mcu/simpleserial/simpleserial.c **** 
 142:/home/pacl/Documents/Repository/chipwhisperer/firmware/mcu/simpleserial/simpleserial.c **** int simpleserial_addcmd(char c, unsigned int len, uint8_t (*fp)(uint8_t, uint8_t, uint8_t, uint8_t*
 143:/home/pacl/Documents/Repository/chipwhisperer/firmware/mcu/simpleserial/simpleserial.c **** {
 144:/home/pacl/Documents/Repository/chipwhisperer/firmware/mcu/simpleserial/simpleserial.c **** 	if(num_commands >= MAX_SS_CMDS) {
 145:/home/pacl/Documents/Repository/chipwhisperer/firmware/mcu/simpleserial/simpleserial.c **** 		putch('a');
 146:/home/pacl/Documents/Repository/chipwhisperer/firmware/mcu/simpleserial/simpleserial.c **** 		return 1;
 147:/home/pacl/Documents/Repository/chipwhisperer/firmware/mcu/simpleserial/simpleserial.c **** 	}
 148:/home/pacl/Documents/Repository/chipwhisperer/firmware/mcu/simpleserial/simpleserial.c **** 
 149:/home/pacl/Documents/Repository/chipwhisperer/firmware/mcu/simpleserial/simpleserial.c **** 	if(len >= MAX_SS_LEN) {
 150:/home/pacl/Documents/Repository/chipwhisperer/firmware/mcu/simpleserial/simpleserial.c **** 		putch('b');
 151:/home/pacl/Documents/Repository/chipwhisperer/firmware/mcu/simpleserial/simpleserial.c **** 		return 1;
 152:/home/pacl/Documents/Repository/chipwhisperer/firmware/mcu/simpleserial/simpleserial.c **** 	}
 153:/home/pacl/Documents/Repository/chipwhisperer/firmware/mcu/simpleserial/simpleserial.c **** 
 154:/home/pacl/Documents/Repository/chipwhisperer/firmware/mcu/simpleserial/simpleserial.c **** 	commands[num_commands].c   = c;
 155:/home/pacl/Documents/Repository/chipwhisperer/firmware/mcu/simpleserial/simpleserial.c **** 	commands[num_commands].len = len;
 156:/home/pacl/Documents/Repository/chipwhisperer/firmware/mcu/simpleserial/simpleserial.c **** 	commands[num_commands].fp  = fp;
 157:/home/pacl/Documents/Repository/chipwhisperer/firmware/mcu/simpleserial/simpleserial.c **** 	num_commands++;
 158:/home/pacl/Documents/Repository/chipwhisperer/firmware/mcu/simpleserial/simpleserial.c **** 
 159:/home/pacl/Documents/Repository/chipwhisperer/firmware/mcu/simpleserial/simpleserial.c **** 	return 0;
 160:/home/pacl/Documents/Repository/chipwhisperer/firmware/mcu/simpleserial/simpleserial.c **** }
 161:/home/pacl/Documents/Repository/chipwhisperer/firmware/mcu/simpleserial/simpleserial.c **** 
 162:/home/pacl/Documents/Repository/chipwhisperer/firmware/mcu/simpleserial/simpleserial.c **** void simpleserial_get(void)
 163:/home/pacl/Documents/Repository/chipwhisperer/firmware/mcu/simpleserial/simpleserial.c **** {
 164:/home/pacl/Documents/Repository/chipwhisperer/firmware/mcu/simpleserial/simpleserial.c **** 	uint8_t data_buf[MAX_SS_LEN];
 165:/home/pacl/Documents/Repository/chipwhisperer/firmware/mcu/simpleserial/simpleserial.c **** 	uint8_t err = 0;
 166:/home/pacl/Documents/Repository/chipwhisperer/firmware/mcu/simpleserial/simpleserial.c **** 
 167:/home/pacl/Documents/Repository/chipwhisperer/firmware/mcu/simpleserial/simpleserial.c **** 	for (int i = 0; i < 4; i++) {
 168:/home/pacl/Documents/Repository/chipwhisperer/firmware/mcu/simpleserial/simpleserial.c **** 		data_buf[i] = getch(); //PTR, cmd, scmd, len
 169:/home/pacl/Documents/Repository/chipwhisperer/firmware/mcu/simpleserial/simpleserial.c **** 		if (data_buf[i] == FRAME_BYTE) {
 170:/home/pacl/Documents/Repository/chipwhisperer/firmware/mcu/simpleserial/simpleserial.c **** 			err = SS_ERR_FRAME_BYTE;
 171:/home/pacl/Documents/Repository/chipwhisperer/firmware/mcu/simpleserial/simpleserial.c **** 			goto ERROR;
 172:/home/pacl/Documents/Repository/chipwhisperer/firmware/mcu/simpleserial/simpleserial.c **** 		}
 173:/home/pacl/Documents/Repository/chipwhisperer/firmware/mcu/simpleserial/simpleserial.c **** 	}
 174:/home/pacl/Documents/Repository/chipwhisperer/firmware/mcu/simpleserial/simpleserial.c **** 	uint8_t next_frame = unstuff_data(data_buf, 4);
 175:/home/pacl/Documents/Repository/chipwhisperer/firmware/mcu/simpleserial/simpleserial.c **** 
 176:/home/pacl/Documents/Repository/chipwhisperer/firmware/mcu/simpleserial/simpleserial.c **** 	// check for valid command
 177:/home/pacl/Documents/Repository/chipwhisperer/firmware/mcu/simpleserial/simpleserial.c **** 	uint8_t c = 0;
 178:/home/pacl/Documents/Repository/chipwhisperer/firmware/mcu/simpleserial/simpleserial.c **** 	for(c = 0; c < num_commands; c++)
 179:/home/pacl/Documents/Repository/chipwhisperer/firmware/mcu/simpleserial/simpleserial.c **** 	{
 180:/home/pacl/Documents/Repository/chipwhisperer/firmware/mcu/simpleserial/simpleserial.c **** 		if(commands[c].c == data_buf[1])
 181:/home/pacl/Documents/Repository/chipwhisperer/firmware/mcu/simpleserial/simpleserial.c **** 			break;
 182:/home/pacl/Documents/Repository/chipwhisperer/firmware/mcu/simpleserial/simpleserial.c **** 	}
 183:/home/pacl/Documents/Repository/chipwhisperer/firmware/mcu/simpleserial/simpleserial.c **** 
 184:/home/pacl/Documents/Repository/chipwhisperer/firmware/mcu/simpleserial/simpleserial.c **** 	if (c == num_commands) {
 185:/home/pacl/Documents/Repository/chipwhisperer/firmware/mcu/simpleserial/simpleserial.c **** 		err = SS_ERR_CMD;
 186:/home/pacl/Documents/Repository/chipwhisperer/firmware/mcu/simpleserial/simpleserial.c **** 		goto ERROR;
 187:/home/pacl/Documents/Repository/chipwhisperer/firmware/mcu/simpleserial/simpleserial.c **** 	}
 188:/home/pacl/Documents/Repository/chipwhisperer/firmware/mcu/simpleserial/simpleserial.c **** 
 189:/home/pacl/Documents/Repository/chipwhisperer/firmware/mcu/simpleserial/simpleserial.c **** 	//check that next frame not beyond end of message
 190:/home/pacl/Documents/Repository/chipwhisperer/firmware/mcu/simpleserial/simpleserial.c **** 	// account for cmd, scmd, len, data, crc, end of frame
 191:/home/pacl/Documents/Repository/chipwhisperer/firmware/mcu/simpleserial/simpleserial.c **** 	if ((data_buf[3] + 5) < next_frame) {
 192:/home/pacl/Documents/Repository/chipwhisperer/firmware/mcu/simpleserial/simpleserial.c **** 		err = SS_ERR_LEN;
 193:/home/pacl/Documents/Repository/chipwhisperer/firmware/mcu/simpleserial/simpleserial.c **** 		goto ERROR;
 194:/home/pacl/Documents/Repository/chipwhisperer/firmware/mcu/simpleserial/simpleserial.c **** 	}
 195:/home/pacl/Documents/Repository/chipwhisperer/firmware/mcu/simpleserial/simpleserial.c **** 
 196:/home/pacl/Documents/Repository/chipwhisperer/firmware/mcu/simpleserial/simpleserial.c **** 	// read in data
 197:/home/pacl/Documents/Repository/chipwhisperer/firmware/mcu/simpleserial/simpleserial.c **** 	// eq to len + crc + frame end
 198:/home/pacl/Documents/Repository/chipwhisperer/firmware/mcu/simpleserial/simpleserial.c **** 	int i = 4;
 199:/home/pacl/Documents/Repository/chipwhisperer/firmware/mcu/simpleserial/simpleserial.c **** 	for (; i < data_buf[3] + 5; i++) {
 200:/home/pacl/Documents/Repository/chipwhisperer/firmware/mcu/simpleserial/simpleserial.c **** 		data_buf[i] = getch();
 201:/home/pacl/Documents/Repository/chipwhisperer/firmware/mcu/simpleserial/simpleserial.c **** 		if (data_buf[i] == FRAME_BYTE) {
 202:/home/pacl/Documents/Repository/chipwhisperer/firmware/mcu/simpleserial/simpleserial.c **** 			err = SS_ERR_FRAME_BYTE;
 203:/home/pacl/Documents/Repository/chipwhisperer/firmware/mcu/simpleserial/simpleserial.c **** 			goto ERROR;
 204:/home/pacl/Documents/Repository/chipwhisperer/firmware/mcu/simpleserial/simpleserial.c **** 		}
 205:/home/pacl/Documents/Repository/chipwhisperer/firmware/mcu/simpleserial/simpleserial.c **** 	}
 206:/home/pacl/Documents/Repository/chipwhisperer/firmware/mcu/simpleserial/simpleserial.c **** 
 207:/home/pacl/Documents/Repository/chipwhisperer/firmware/mcu/simpleserial/simpleserial.c **** 	//check that final byte is the FRAME_BYTE
 208:/home/pacl/Documents/Repository/chipwhisperer/firmware/mcu/simpleserial/simpleserial.c **** 	data_buf[i] = getch();
 209:/home/pacl/Documents/Repository/chipwhisperer/firmware/mcu/simpleserial/simpleserial.c **** 	if (data_buf[i] != FRAME_BYTE) {
 210:/home/pacl/Documents/Repository/chipwhisperer/firmware/mcu/simpleserial/simpleserial.c **** 		err = SS_ERR_LEN;
 211:/home/pacl/Documents/Repository/chipwhisperer/firmware/mcu/simpleserial/simpleserial.c **** 		goto ERROR;
 212:/home/pacl/Documents/Repository/chipwhisperer/firmware/mcu/simpleserial/simpleserial.c **** 	}
 213:/home/pacl/Documents/Repository/chipwhisperer/firmware/mcu/simpleserial/simpleserial.c **** 
 214:/home/pacl/Documents/Repository/chipwhisperer/firmware/mcu/simpleserial/simpleserial.c **** 	//fully unstuff data now
 215:/home/pacl/Documents/Repository/chipwhisperer/firmware/mcu/simpleserial/simpleserial.c **** 	unstuff_data(data_buf + next_frame, i - next_frame + 1);
 216:/home/pacl/Documents/Repository/chipwhisperer/firmware/mcu/simpleserial/simpleserial.c **** 
 217:/home/pacl/Documents/Repository/chipwhisperer/firmware/mcu/simpleserial/simpleserial.c **** 	//calc crc excluding original frame offset and frame end and crc
 218:/home/pacl/Documents/Repository/chipwhisperer/firmware/mcu/simpleserial/simpleserial.c **** 	uint8_t crc = ss_crc(data_buf+1, i-2);
 219:/home/pacl/Documents/Repository/chipwhisperer/firmware/mcu/simpleserial/simpleserial.c **** 	if (crc != data_buf[i-1]) {
 220:/home/pacl/Documents/Repository/chipwhisperer/firmware/mcu/simpleserial/simpleserial.c **** 		err = SS_ERR_CRC;
 221:/home/pacl/Documents/Repository/chipwhisperer/firmware/mcu/simpleserial/simpleserial.c **** 		goto ERROR;
 222:/home/pacl/Documents/Repository/chipwhisperer/firmware/mcu/simpleserial/simpleserial.c **** 	}
 223:/home/pacl/Documents/Repository/chipwhisperer/firmware/mcu/simpleserial/simpleserial.c **** 
 224:/home/pacl/Documents/Repository/chipwhisperer/firmware/mcu/simpleserial/simpleserial.c **** 	err = commands[c].fp(data_buf[1], data_buf[2], data_buf[3], data_buf+4);
 225:/home/pacl/Documents/Repository/chipwhisperer/firmware/mcu/simpleserial/simpleserial.c **** 
 226:/home/pacl/Documents/Repository/chipwhisperer/firmware/mcu/simpleserial/simpleserial.c **** ERROR:
 227:/home/pacl/Documents/Repository/chipwhisperer/firmware/mcu/simpleserial/simpleserial.c **** 	simpleserial_put('e', 0x01, &err);
 228:/home/pacl/Documents/Repository/chipwhisperer/firmware/mcu/simpleserial/simpleserial.c **** 	return;
 229:/home/pacl/Documents/Repository/chipwhisperer/firmware/mcu/simpleserial/simpleserial.c **** }
 230:/home/pacl/Documents/Repository/chipwhisperer/firmware/mcu/simpleserial/simpleserial.c **** 
 231:/home/pacl/Documents/Repository/chipwhisperer/firmware/mcu/simpleserial/simpleserial.c **** void simpleserial_put(char c, uint8_t size, uint8_t* output)
 232:/home/pacl/Documents/Repository/chipwhisperer/firmware/mcu/simpleserial/simpleserial.c **** {
 233:/home/pacl/Documents/Repository/chipwhisperer/firmware/mcu/simpleserial/simpleserial.c ****     if (!output) return;
 234:/home/pacl/Documents/Repository/chipwhisperer/firmware/mcu/simpleserial/simpleserial.c **** 	uint8_t data_buf[MAX_SS_LEN+5];
 235:/home/pacl/Documents/Repository/chipwhisperer/firmware/mcu/simpleserial/simpleserial.c **** 	data_buf[0] = 0x00;
 236:/home/pacl/Documents/Repository/chipwhisperer/firmware/mcu/simpleserial/simpleserial.c **** 	data_buf[1] = c;
 237:/home/pacl/Documents/Repository/chipwhisperer/firmware/mcu/simpleserial/simpleserial.c **** 	data_buf[2] = size;
 238:/home/pacl/Documents/Repository/chipwhisperer/firmware/mcu/simpleserial/simpleserial.c **** 	int i = 0;
 239:/home/pacl/Documents/Repository/chipwhisperer/firmware/mcu/simpleserial/simpleserial.c **** 	for (; i < size; i++) {
 240:/home/pacl/Documents/Repository/chipwhisperer/firmware/mcu/simpleserial/simpleserial.c **** 		data_buf[i + 3] = output[i];
 241:/home/pacl/Documents/Repository/chipwhisperer/firmware/mcu/simpleserial/simpleserial.c **** 	}
 242:/home/pacl/Documents/Repository/chipwhisperer/firmware/mcu/simpleserial/simpleserial.c **** 	data_buf[i + 3] = ss_crc(data_buf+1, size+2);
 243:/home/pacl/Documents/Repository/chipwhisperer/firmware/mcu/simpleserial/simpleserial.c **** 	data_buf[i + 4] = 0x00;
 244:/home/pacl/Documents/Repository/chipwhisperer/firmware/mcu/simpleserial/simpleserial.c **** 	stuff_data(data_buf, i + 5);
 245:/home/pacl/Documents/Repository/chipwhisperer/firmware/mcu/simpleserial/simpleserial.c **** 	for (int i = 0; i < size + 5; i++) {
 246:/home/pacl/Documents/Repository/chipwhisperer/firmware/mcu/simpleserial/simpleserial.c **** 		putch(data_buf[i]);
 247:/home/pacl/Documents/Repository/chipwhisperer/firmware/mcu/simpleserial/simpleserial.c **** 	}
 248:/home/pacl/Documents/Repository/chipwhisperer/firmware/mcu/simpleserial/simpleserial.c **** }
 249:/home/pacl/Documents/Repository/chipwhisperer/firmware/mcu/simpleserial/simpleserial.c **** 
 250:/home/pacl/Documents/Repository/chipwhisperer/firmware/mcu/simpleserial/simpleserial.c **** 
 251:/home/pacl/Documents/Repository/chipwhisperer/firmware/mcu/simpleserial/simpleserial.c **** #else
 252:/home/pacl/Documents/Repository/chipwhisperer/firmware/mcu/simpleserial/simpleserial.c **** 
 253:/home/pacl/Documents/Repository/chipwhisperer/firmware/mcu/simpleserial/simpleserial.c **** #define MAX_SS_LEN 64
 254:/home/pacl/Documents/Repository/chipwhisperer/firmware/mcu/simpleserial/simpleserial.c **** 
 255:/home/pacl/Documents/Repository/chipwhisperer/firmware/mcu/simpleserial/simpleserial.c **** typedef struct ss_cmd
 256:/home/pacl/Documents/Repository/chipwhisperer/firmware/mcu/simpleserial/simpleserial.c **** {
 257:/home/pacl/Documents/Repository/chipwhisperer/firmware/mcu/simpleserial/simpleserial.c **** 	char c;
 258:/home/pacl/Documents/Repository/chipwhisperer/firmware/mcu/simpleserial/simpleserial.c **** 	unsigned int len;
 259:/home/pacl/Documents/Repository/chipwhisperer/firmware/mcu/simpleserial/simpleserial.c **** 	uint8_t (*fp)(uint8_t*, uint8_t);
 260:/home/pacl/Documents/Repository/chipwhisperer/firmware/mcu/simpleserial/simpleserial.c **** 	uint8_t flags;
 261:/home/pacl/Documents/Repository/chipwhisperer/firmware/mcu/simpleserial/simpleserial.c **** } ss_cmd;
 262:/home/pacl/Documents/Repository/chipwhisperer/firmware/mcu/simpleserial/simpleserial.c **** static ss_cmd commands[MAX_SS_CMDS];
 263:/home/pacl/Documents/Repository/chipwhisperer/firmware/mcu/simpleserial/simpleserial.c **** // Callback function for "v" command.
 264:/home/pacl/Documents/Repository/chipwhisperer/firmware/mcu/simpleserial/simpleserial.c **** // This can exist in v1.0 as long as we don't actually send back an ack ("z")
 265:/home/pacl/Documents/Repository/chipwhisperer/firmware/mcu/simpleserial/simpleserial.c **** uint8_t check_version(uint8_t *v, uint8_t len)
 266:/home/pacl/Documents/Repository/chipwhisperer/firmware/mcu/simpleserial/simpleserial.c **** {
  30              		.loc 1 266 1 view -0
  31              		.cfi_startproc
  32              		@ args = 0, pretend = 0, frame = 0
  33              		@ frame_needed = 0, uses_anonymous_args = 0
  34              		@ link register save eliminated.
 267:/home/pacl/Documents/Repository/chipwhisperer/firmware/mcu/simpleserial/simpleserial.c **** 	return SS_VER;
  35              		.loc 1 267 2 view .LVU1
 268:/home/pacl/Documents/Repository/chipwhisperer/firmware/mcu/simpleserial/simpleserial.c **** }
  36              		.loc 1 268 1 is_stmt 0 view .LVU2
  37 0000 0120     		movs	r0, #1
  38              	.LVL1:
  39              		.loc 1 268 1 view .LVU3
  40 0002 7047     		bx	lr
  41              		.cfi_endproc
  42              	.LFE1:
  44              		.section	.text.simpleserial_put.part.0,"ax",%progbits
  45              		.align	1
  46              		.syntax unified
  47              		.thumb
  48              		.thumb_func
  50              	simpleserial_put.part.0:
  51              	.LVL2:
  52              	.LFB10:
 269:/home/pacl/Documents/Repository/chipwhisperer/firmware/mcu/simpleserial/simpleserial.c **** 
 270:/home/pacl/Documents/Repository/chipwhisperer/firmware/mcu/simpleserial/simpleserial.c **** uint8_t ss_num_commands(uint8_t *x, uint8_t len)
 271:/home/pacl/Documents/Repository/chipwhisperer/firmware/mcu/simpleserial/simpleserial.c **** {
 272:/home/pacl/Documents/Repository/chipwhisperer/firmware/mcu/simpleserial/simpleserial.c ****     uint8_t ncmds = num_commands & 0xFF;
 273:/home/pacl/Documents/Repository/chipwhisperer/firmware/mcu/simpleserial/simpleserial.c ****     simpleserial_put('r', 0x01, &ncmds);
 274:/home/pacl/Documents/Repository/chipwhisperer/firmware/mcu/simpleserial/simpleserial.c ****     return 0x00;
 275:/home/pacl/Documents/Repository/chipwhisperer/firmware/mcu/simpleserial/simpleserial.c **** }
 276:/home/pacl/Documents/Repository/chipwhisperer/firmware/mcu/simpleserial/simpleserial.c **** 
 277:/home/pacl/Documents/Repository/chipwhisperer/firmware/mcu/simpleserial/simpleserial.c **** typedef struct ss_cmd_repr {
 278:/home/pacl/Documents/Repository/chipwhisperer/firmware/mcu/simpleserial/simpleserial.c ****     uint8_t c;
 279:/home/pacl/Documents/Repository/chipwhisperer/firmware/mcu/simpleserial/simpleserial.c ****     uint8_t len;
 280:/home/pacl/Documents/Repository/chipwhisperer/firmware/mcu/simpleserial/simpleserial.c ****     uint8_t flags;
 281:/home/pacl/Documents/Repository/chipwhisperer/firmware/mcu/simpleserial/simpleserial.c **** } ss_cmd_repr;
 282:/home/pacl/Documents/Repository/chipwhisperer/firmware/mcu/simpleserial/simpleserial.c **** 
 283:/home/pacl/Documents/Repository/chipwhisperer/firmware/mcu/simpleserial/simpleserial.c **** uint8_t ss_get_commands(uint8_t *x, uint8_t len)
 284:/home/pacl/Documents/Repository/chipwhisperer/firmware/mcu/simpleserial/simpleserial.c **** {
 285:/home/pacl/Documents/Repository/chipwhisperer/firmware/mcu/simpleserial/simpleserial.c ****     ss_cmd_repr repr_cmd_buf[MAX_SS_CMDS];
 286:/home/pacl/Documents/Repository/chipwhisperer/firmware/mcu/simpleserial/simpleserial.c ****     for (uint8_t i = 0; i < (num_commands & 0xFF); i++) {
 287:/home/pacl/Documents/Repository/chipwhisperer/firmware/mcu/simpleserial/simpleserial.c ****         repr_cmd_buf[i].c = commands[i].c;
 288:/home/pacl/Documents/Repository/chipwhisperer/firmware/mcu/simpleserial/simpleserial.c ****         repr_cmd_buf[i].len = commands[i].len;
 289:/home/pacl/Documents/Repository/chipwhisperer/firmware/mcu/simpleserial/simpleserial.c ****         repr_cmd_buf[i].flags = commands[i].flags;
 290:/home/pacl/Documents/Repository/chipwhisperer/firmware/mcu/simpleserial/simpleserial.c ****     }
 291:/home/pacl/Documents/Repository/chipwhisperer/firmware/mcu/simpleserial/simpleserial.c **** 
 292:/home/pacl/Documents/Repository/chipwhisperer/firmware/mcu/simpleserial/simpleserial.c ****     simpleserial_put('r', num_commands * sizeof (ss_cmd_repr), (void *) repr_cmd_buf);
 293:/home/pacl/Documents/Repository/chipwhisperer/firmware/mcu/simpleserial/simpleserial.c ****     return 0x00;
 294:/home/pacl/Documents/Repository/chipwhisperer/firmware/mcu/simpleserial/simpleserial.c **** }
 295:/home/pacl/Documents/Repository/chipwhisperer/firmware/mcu/simpleserial/simpleserial.c **** 
 296:/home/pacl/Documents/Repository/chipwhisperer/firmware/mcu/simpleserial/simpleserial.c **** static char hex_lookup[16] =
 297:/home/pacl/Documents/Repository/chipwhisperer/firmware/mcu/simpleserial/simpleserial.c **** {
 298:/home/pacl/Documents/Repository/chipwhisperer/firmware/mcu/simpleserial/simpleserial.c **** 	'0', '1', '2', '3', '4', '5', '6', '7',
 299:/home/pacl/Documents/Repository/chipwhisperer/firmware/mcu/simpleserial/simpleserial.c **** 	'8', '9', 'A', 'B', 'C', 'D', 'E', 'F'
 300:/home/pacl/Documents/Repository/chipwhisperer/firmware/mcu/simpleserial/simpleserial.c **** };
 301:/home/pacl/Documents/Repository/chipwhisperer/firmware/mcu/simpleserial/simpleserial.c **** 
 302:/home/pacl/Documents/Repository/chipwhisperer/firmware/mcu/simpleserial/simpleserial.c **** int hex_decode(int len, char* ascii_buf, uint8_t* data_buf)
 303:/home/pacl/Documents/Repository/chipwhisperer/firmware/mcu/simpleserial/simpleserial.c **** {
 304:/home/pacl/Documents/Repository/chipwhisperer/firmware/mcu/simpleserial/simpleserial.c **** 	for(int i = 0; i < len; i++)
 305:/home/pacl/Documents/Repository/chipwhisperer/firmware/mcu/simpleserial/simpleserial.c **** 	{
 306:/home/pacl/Documents/Repository/chipwhisperer/firmware/mcu/simpleserial/simpleserial.c **** 		char n_hi = ascii_buf[2*i];
 307:/home/pacl/Documents/Repository/chipwhisperer/firmware/mcu/simpleserial/simpleserial.c **** 		char n_lo = ascii_buf[2*i+1];
 308:/home/pacl/Documents/Repository/chipwhisperer/firmware/mcu/simpleserial/simpleserial.c **** 
 309:/home/pacl/Documents/Repository/chipwhisperer/firmware/mcu/simpleserial/simpleserial.c **** 		if(n_lo >= '0' && n_lo <= '9')
 310:/home/pacl/Documents/Repository/chipwhisperer/firmware/mcu/simpleserial/simpleserial.c **** 			data_buf[i] = n_lo - '0';
 311:/home/pacl/Documents/Repository/chipwhisperer/firmware/mcu/simpleserial/simpleserial.c **** 		else if(n_lo >= 'A' && n_lo <= 'F')
 312:/home/pacl/Documents/Repository/chipwhisperer/firmware/mcu/simpleserial/simpleserial.c **** 			data_buf[i] = n_lo - 'A' + 10;
 313:/home/pacl/Documents/Repository/chipwhisperer/firmware/mcu/simpleserial/simpleserial.c **** 		else if(n_lo >= 'a' && n_lo <= 'f')
 314:/home/pacl/Documents/Repository/chipwhisperer/firmware/mcu/simpleserial/simpleserial.c **** 			data_buf[i] = n_lo - 'a' + 10;
 315:/home/pacl/Documents/Repository/chipwhisperer/firmware/mcu/simpleserial/simpleserial.c **** 		else
 316:/home/pacl/Documents/Repository/chipwhisperer/firmware/mcu/simpleserial/simpleserial.c **** 			return 1;
 317:/home/pacl/Documents/Repository/chipwhisperer/firmware/mcu/simpleserial/simpleserial.c **** 
 318:/home/pacl/Documents/Repository/chipwhisperer/firmware/mcu/simpleserial/simpleserial.c **** 		if(n_hi >= '0' && n_hi <= '9')
 319:/home/pacl/Documents/Repository/chipwhisperer/firmware/mcu/simpleserial/simpleserial.c **** 			data_buf[i] |= (n_hi - '0') << 4;
 320:/home/pacl/Documents/Repository/chipwhisperer/firmware/mcu/simpleserial/simpleserial.c **** 		else if(n_hi >= 'A' && n_hi <= 'F')
 321:/home/pacl/Documents/Repository/chipwhisperer/firmware/mcu/simpleserial/simpleserial.c **** 			data_buf[i] |= (n_hi - 'A' + 10) << 4;
 322:/home/pacl/Documents/Repository/chipwhisperer/firmware/mcu/simpleserial/simpleserial.c **** 		else if(n_hi >= 'a' && n_hi <= 'f')
 323:/home/pacl/Documents/Repository/chipwhisperer/firmware/mcu/simpleserial/simpleserial.c **** 			data_buf[i] |= (n_hi - 'a' + 10) << 4;
 324:/home/pacl/Documents/Repository/chipwhisperer/firmware/mcu/simpleserial/simpleserial.c **** 		else
 325:/home/pacl/Documents/Repository/chipwhisperer/firmware/mcu/simpleserial/simpleserial.c **** 			return 1;
 326:/home/pacl/Documents/Repository/chipwhisperer/firmware/mcu/simpleserial/simpleserial.c **** 	}
 327:/home/pacl/Documents/Repository/chipwhisperer/firmware/mcu/simpleserial/simpleserial.c **** 
 328:/home/pacl/Documents/Repository/chipwhisperer/firmware/mcu/simpleserial/simpleserial.c **** 	return 0;
 329:/home/pacl/Documents/Repository/chipwhisperer/firmware/mcu/simpleserial/simpleserial.c **** }
 330:/home/pacl/Documents/Repository/chipwhisperer/firmware/mcu/simpleserial/simpleserial.c **** 
 331:/home/pacl/Documents/Repository/chipwhisperer/firmware/mcu/simpleserial/simpleserial.c **** 
 332:/home/pacl/Documents/Repository/chipwhisperer/firmware/mcu/simpleserial/simpleserial.c **** 
 333:/home/pacl/Documents/Repository/chipwhisperer/firmware/mcu/simpleserial/simpleserial.c **** // Set up the SimpleSerial module by preparing internal commands
 334:/home/pacl/Documents/Repository/chipwhisperer/firmware/mcu/simpleserial/simpleserial.c **** // This just adds the "v" command for now...
 335:/home/pacl/Documents/Repository/chipwhisperer/firmware/mcu/simpleserial/simpleserial.c **** void simpleserial_init()
 336:/home/pacl/Documents/Repository/chipwhisperer/firmware/mcu/simpleserial/simpleserial.c **** {
 337:/home/pacl/Documents/Repository/chipwhisperer/firmware/mcu/simpleserial/simpleserial.c **** 	simpleserial_addcmd('v', 0, check_version);
 338:/home/pacl/Documents/Repository/chipwhisperer/firmware/mcu/simpleserial/simpleserial.c ****     simpleserial_addcmd('w', 0, ss_get_commands);
 339:/home/pacl/Documents/Repository/chipwhisperer/firmware/mcu/simpleserial/simpleserial.c ****     simpleserial_addcmd('y', 0, ss_num_commands);
 340:/home/pacl/Documents/Repository/chipwhisperer/firmware/mcu/simpleserial/simpleserial.c **** }
 341:/home/pacl/Documents/Repository/chipwhisperer/firmware/mcu/simpleserial/simpleserial.c **** 
 342:/home/pacl/Documents/Repository/chipwhisperer/firmware/mcu/simpleserial/simpleserial.c **** int simpleserial_addcmd(char c, unsigned int len, uint8_t (*fp)(uint8_t*, uint8_t))
 343:/home/pacl/Documents/Repository/chipwhisperer/firmware/mcu/simpleserial/simpleserial.c **** {
 344:/home/pacl/Documents/Repository/chipwhisperer/firmware/mcu/simpleserial/simpleserial.c **** 	return simpleserial_addcmd_flags(c, len, fp, CMD_FLAG_NONE);
 345:/home/pacl/Documents/Repository/chipwhisperer/firmware/mcu/simpleserial/simpleserial.c **** }
 346:/home/pacl/Documents/Repository/chipwhisperer/firmware/mcu/simpleserial/simpleserial.c **** 
 347:/home/pacl/Documents/Repository/chipwhisperer/firmware/mcu/simpleserial/simpleserial.c **** int simpleserial_addcmd_flags(char c, unsigned int len, uint8_t (*fp)(uint8_t*, uint8_t), uint8_t f
 348:/home/pacl/Documents/Repository/chipwhisperer/firmware/mcu/simpleserial/simpleserial.c **** {
 349:/home/pacl/Documents/Repository/chipwhisperer/firmware/mcu/simpleserial/simpleserial.c **** 	if(num_commands >= MAX_SS_CMDS)
 350:/home/pacl/Documents/Repository/chipwhisperer/firmware/mcu/simpleserial/simpleserial.c **** 		return 1;
 351:/home/pacl/Documents/Repository/chipwhisperer/firmware/mcu/simpleserial/simpleserial.c **** 
 352:/home/pacl/Documents/Repository/chipwhisperer/firmware/mcu/simpleserial/simpleserial.c **** 	if(len >= MAX_SS_LEN)
 353:/home/pacl/Documents/Repository/chipwhisperer/firmware/mcu/simpleserial/simpleserial.c **** 		return 1;
 354:/home/pacl/Documents/Repository/chipwhisperer/firmware/mcu/simpleserial/simpleserial.c **** 
 355:/home/pacl/Documents/Repository/chipwhisperer/firmware/mcu/simpleserial/simpleserial.c **** 	commands[num_commands].c   = c;
 356:/home/pacl/Documents/Repository/chipwhisperer/firmware/mcu/simpleserial/simpleserial.c **** 	commands[num_commands].len = len;
 357:/home/pacl/Documents/Repository/chipwhisperer/firmware/mcu/simpleserial/simpleserial.c **** 	commands[num_commands].fp  = fp;
 358:/home/pacl/Documents/Repository/chipwhisperer/firmware/mcu/simpleserial/simpleserial.c **** 	commands[num_commands].flags = fl;
 359:/home/pacl/Documents/Repository/chipwhisperer/firmware/mcu/simpleserial/simpleserial.c **** 	num_commands++;
 360:/home/pacl/Documents/Repository/chipwhisperer/firmware/mcu/simpleserial/simpleserial.c **** 
 361:/home/pacl/Documents/Repository/chipwhisperer/firmware/mcu/simpleserial/simpleserial.c **** 	return 0;
 362:/home/pacl/Documents/Repository/chipwhisperer/firmware/mcu/simpleserial/simpleserial.c **** }
 363:/home/pacl/Documents/Repository/chipwhisperer/firmware/mcu/simpleserial/simpleserial.c **** 
 364:/home/pacl/Documents/Repository/chipwhisperer/firmware/mcu/simpleserial/simpleserial.c **** void simpleserial_get(void)
 365:/home/pacl/Documents/Repository/chipwhisperer/firmware/mcu/simpleserial/simpleserial.c **** {
 366:/home/pacl/Documents/Repository/chipwhisperer/firmware/mcu/simpleserial/simpleserial.c **** 	char ascii_buf[2*MAX_SS_LEN];
 367:/home/pacl/Documents/Repository/chipwhisperer/firmware/mcu/simpleserial/simpleserial.c **** 	uint8_t data_buf[MAX_SS_LEN];
 368:/home/pacl/Documents/Repository/chipwhisperer/firmware/mcu/simpleserial/simpleserial.c **** 	char c;
 369:/home/pacl/Documents/Repository/chipwhisperer/firmware/mcu/simpleserial/simpleserial.c **** 
 370:/home/pacl/Documents/Repository/chipwhisperer/firmware/mcu/simpleserial/simpleserial.c **** 	// Find which command we're receiving
 371:/home/pacl/Documents/Repository/chipwhisperer/firmware/mcu/simpleserial/simpleserial.c **** 	c = getch();
 372:/home/pacl/Documents/Repository/chipwhisperer/firmware/mcu/simpleserial/simpleserial.c **** 
 373:/home/pacl/Documents/Repository/chipwhisperer/firmware/mcu/simpleserial/simpleserial.c **** 	int cmd;
 374:/home/pacl/Documents/Repository/chipwhisperer/firmware/mcu/simpleserial/simpleserial.c **** 	for(cmd = 0; cmd < num_commands; cmd++)
 375:/home/pacl/Documents/Repository/chipwhisperer/firmware/mcu/simpleserial/simpleserial.c **** 	{
 376:/home/pacl/Documents/Repository/chipwhisperer/firmware/mcu/simpleserial/simpleserial.c **** 		if(commands[cmd].c == c)
 377:/home/pacl/Documents/Repository/chipwhisperer/firmware/mcu/simpleserial/simpleserial.c **** 			break;
 378:/home/pacl/Documents/Repository/chipwhisperer/firmware/mcu/simpleserial/simpleserial.c **** 	}
 379:/home/pacl/Documents/Repository/chipwhisperer/firmware/mcu/simpleserial/simpleserial.c **** 
 380:/home/pacl/Documents/Repository/chipwhisperer/firmware/mcu/simpleserial/simpleserial.c **** 	// If we didn't find a match, give up right away
 381:/home/pacl/Documents/Repository/chipwhisperer/firmware/mcu/simpleserial/simpleserial.c **** 	if(cmd == num_commands)
 382:/home/pacl/Documents/Repository/chipwhisperer/firmware/mcu/simpleserial/simpleserial.c **** 		return;
 383:/home/pacl/Documents/Repository/chipwhisperer/firmware/mcu/simpleserial/simpleserial.c **** 
 384:/home/pacl/Documents/Repository/chipwhisperer/firmware/mcu/simpleserial/simpleserial.c **** 	// If flag CMD_FLAG_LEN is set, the next byte indicates the sent length
 385:/home/pacl/Documents/Repository/chipwhisperer/firmware/mcu/simpleserial/simpleserial.c **** 	if ((commands[cmd].flags & CMD_FLAG_LEN) != 0)
 386:/home/pacl/Documents/Repository/chipwhisperer/firmware/mcu/simpleserial/simpleserial.c **** 	{
 387:/home/pacl/Documents/Repository/chipwhisperer/firmware/mcu/simpleserial/simpleserial.c **** 		uint8_t l = 0;
 388:/home/pacl/Documents/Repository/chipwhisperer/firmware/mcu/simpleserial/simpleserial.c **** 		char buff[2];
 389:/home/pacl/Documents/Repository/chipwhisperer/firmware/mcu/simpleserial/simpleserial.c **** 		buff[0] = getch();
 390:/home/pacl/Documents/Repository/chipwhisperer/firmware/mcu/simpleserial/simpleserial.c **** 		buff[1] = getch();
 391:/home/pacl/Documents/Repository/chipwhisperer/firmware/mcu/simpleserial/simpleserial.c **** 		if (hex_decode(1, buff, &l))
 392:/home/pacl/Documents/Repository/chipwhisperer/firmware/mcu/simpleserial/simpleserial.c **** 			return;
 393:/home/pacl/Documents/Repository/chipwhisperer/firmware/mcu/simpleserial/simpleserial.c **** 		commands[cmd].len = l;
 394:/home/pacl/Documents/Repository/chipwhisperer/firmware/mcu/simpleserial/simpleserial.c **** 	}
 395:/home/pacl/Documents/Repository/chipwhisperer/firmware/mcu/simpleserial/simpleserial.c **** 
 396:/home/pacl/Documents/Repository/chipwhisperer/firmware/mcu/simpleserial/simpleserial.c **** 	// Receive characters until we fill the ASCII buffer
 397:/home/pacl/Documents/Repository/chipwhisperer/firmware/mcu/simpleserial/simpleserial.c **** 	for(int i = 0; i < 2*commands[cmd].len; i++)
 398:/home/pacl/Documents/Repository/chipwhisperer/firmware/mcu/simpleserial/simpleserial.c **** 	{
 399:/home/pacl/Documents/Repository/chipwhisperer/firmware/mcu/simpleserial/simpleserial.c **** 		c = getch();
 400:/home/pacl/Documents/Repository/chipwhisperer/firmware/mcu/simpleserial/simpleserial.c **** 
 401:/home/pacl/Documents/Repository/chipwhisperer/firmware/mcu/simpleserial/simpleserial.c **** 		// Check for early \n
 402:/home/pacl/Documents/Repository/chipwhisperer/firmware/mcu/simpleserial/simpleserial.c **** 		if(c == '\n' || c == '\r')
 403:/home/pacl/Documents/Repository/chipwhisperer/firmware/mcu/simpleserial/simpleserial.c **** 			return;
 404:/home/pacl/Documents/Repository/chipwhisperer/firmware/mcu/simpleserial/simpleserial.c **** 
 405:/home/pacl/Documents/Repository/chipwhisperer/firmware/mcu/simpleserial/simpleserial.c **** 		ascii_buf[i] = c;
 406:/home/pacl/Documents/Repository/chipwhisperer/firmware/mcu/simpleserial/simpleserial.c **** 	}
 407:/home/pacl/Documents/Repository/chipwhisperer/firmware/mcu/simpleserial/simpleserial.c **** 
 408:/home/pacl/Documents/Repository/chipwhisperer/firmware/mcu/simpleserial/simpleserial.c **** 	// Assert that last character is \n or \r
 409:/home/pacl/Documents/Repository/chipwhisperer/firmware/mcu/simpleserial/simpleserial.c **** 	c = getch();
 410:/home/pacl/Documents/Repository/chipwhisperer/firmware/mcu/simpleserial/simpleserial.c **** 	if(c != '\n' && c != '\r')
 411:/home/pacl/Documents/Repository/chipwhisperer/firmware/mcu/simpleserial/simpleserial.c **** 		return;
 412:/home/pacl/Documents/Repository/chipwhisperer/firmware/mcu/simpleserial/simpleserial.c **** 
 413:/home/pacl/Documents/Repository/chipwhisperer/firmware/mcu/simpleserial/simpleserial.c **** 	// ASCII buffer is full: convert to bytes
 414:/home/pacl/Documents/Repository/chipwhisperer/firmware/mcu/simpleserial/simpleserial.c **** 	// Check for illegal characters here
 415:/home/pacl/Documents/Repository/chipwhisperer/firmware/mcu/simpleserial/simpleserial.c **** 	if(hex_decode(commands[cmd].len, ascii_buf, data_buf))
 416:/home/pacl/Documents/Repository/chipwhisperer/firmware/mcu/simpleserial/simpleserial.c **** 		return;
 417:/home/pacl/Documents/Repository/chipwhisperer/firmware/mcu/simpleserial/simpleserial.c **** 
 418:/home/pacl/Documents/Repository/chipwhisperer/firmware/mcu/simpleserial/simpleserial.c **** 	// Callback
 419:/home/pacl/Documents/Repository/chipwhisperer/firmware/mcu/simpleserial/simpleserial.c **** 	uint8_t ret[1];
 420:/home/pacl/Documents/Repository/chipwhisperer/firmware/mcu/simpleserial/simpleserial.c **** 	ret[0] = commands[cmd].fp(data_buf, commands[cmd].len);
 421:/home/pacl/Documents/Repository/chipwhisperer/firmware/mcu/simpleserial/simpleserial.c **** 
 422:/home/pacl/Documents/Repository/chipwhisperer/firmware/mcu/simpleserial/simpleserial.c **** 	// Acknowledge (if version is 1.1)
 423:/home/pacl/Documents/Repository/chipwhisperer/firmware/mcu/simpleserial/simpleserial.c **** #if SS_VER == SS_VER_1_1
 424:/home/pacl/Documents/Repository/chipwhisperer/firmware/mcu/simpleserial/simpleserial.c **** 	simpleserial_put('z', 1, ret);
 425:/home/pacl/Documents/Repository/chipwhisperer/firmware/mcu/simpleserial/simpleserial.c **** #endif
 426:/home/pacl/Documents/Repository/chipwhisperer/firmware/mcu/simpleserial/simpleserial.c **** }
 427:/home/pacl/Documents/Repository/chipwhisperer/firmware/mcu/simpleserial/simpleserial.c **** 
 428:/home/pacl/Documents/Repository/chipwhisperer/firmware/mcu/simpleserial/simpleserial.c **** void simpleserial_put(char c, uint8_t size, uint8_t* output)
  53              		.loc 1 428 6 is_stmt 1 view -0
  54              		.cfi_startproc
  55              		@ args = 0, pretend = 0, frame = 0
  56              		@ frame_needed = 0, uses_anonymous_args = 0
 429:/home/pacl/Documents/Repository/chipwhisperer/firmware/mcu/simpleserial/simpleserial.c **** {
 430:/home/pacl/Documents/Repository/chipwhisperer/firmware/mcu/simpleserial/simpleserial.c **** 	// Write first character
 431:/home/pacl/Documents/Repository/chipwhisperer/firmware/mcu/simpleserial/simpleserial.c ****     if (!output) return;
 432:/home/pacl/Documents/Repository/chipwhisperer/firmware/mcu/simpleserial/simpleserial.c **** 	putch(c);
  57              		.loc 1 432 2 view .LVU5
 428:/home/pacl/Documents/Repository/chipwhisperer/firmware/mcu/simpleserial/simpleserial.c **** {
  58              		.loc 1 428 6 is_stmt 0 view .LVU6
  59 0000 F8B5     		push	{r3, r4, r5, r6, r7, lr}
  60              	.LCFI0:
  61              		.cfi_def_cfa_offset 24
  62              		.cfi_offset 3, -24
  63              		.cfi_offset 4, -20
  64              		.cfi_offset 5, -16
  65              		.cfi_offset 6, -12
  66              		.cfi_offset 7, -8
  67              		.cfi_offset 14, -4
 428:/home/pacl/Documents/Repository/chipwhisperer/firmware/mcu/simpleserial/simpleserial.c **** {
  68              		.loc 1 428 6 view .LVU7
  69 0002 1446     		mov	r4, r2
  70 0004 0E46     		mov	r6, r1
  71              		.loc 1 432 2 view .LVU8
  72 0006 FFF7FEFF 		bl	putch
  73              	.LVL3:
 433:/home/pacl/Documents/Repository/chipwhisperer/firmware/mcu/simpleserial/simpleserial.c **** 
 434:/home/pacl/Documents/Repository/chipwhisperer/firmware/mcu/simpleserial/simpleserial.c **** 	// Write each byte as two nibbles
 435:/home/pacl/Documents/Repository/chipwhisperer/firmware/mcu/simpleserial/simpleserial.c **** 	for(int i = 0; i < size; i++)
  74              		.loc 1 435 2 is_stmt 1 view .LVU9
  75              	.LBB12:
  76              		.loc 1 435 6 view .LVU10
 436:/home/pacl/Documents/Repository/chipwhisperer/firmware/mcu/simpleserial/simpleserial.c **** 	{
 437:/home/pacl/Documents/Repository/chipwhisperer/firmware/mcu/simpleserial/simpleserial.c **** 		putch(hex_lookup[output[i] >> 4 ]);
  77              		.loc 1 437 3 is_stmt 0 view .LVU11
  78 000a 0C4F     		ldr	r7, .L5
  79 000c 651E     		subs	r5, r4, #1
 435:/home/pacl/Documents/Repository/chipwhisperer/firmware/mcu/simpleserial/simpleserial.c **** 	{
  80              		.loc 1 435 19 discriminator 1 view .LVU12
  81 000e C4F10104 		rsb	r4, r4, #1
  82              	.LVL4:
  83              	.L3:
 435:/home/pacl/Documents/Repository/chipwhisperer/firmware/mcu/simpleserial/simpleserial.c **** 	{
  84              		.loc 1 435 19 is_stmt 1 discriminator 1 view .LVU13
  85 0012 6319     		adds	r3, r4, r5
  86 0014 9E42     		cmp	r6, r3
  87 0016 04DC     		bgt	.L4
  88              	.LBE12:
 438:/home/pacl/Documents/Repository/chipwhisperer/firmware/mcu/simpleserial/simpleserial.c **** 		putch(hex_lookup[output[i] & 0xF]);
 439:/home/pacl/Documents/Repository/chipwhisperer/firmware/mcu/simpleserial/simpleserial.c **** 	}
 440:/home/pacl/Documents/Repository/chipwhisperer/firmware/mcu/simpleserial/simpleserial.c **** 
 441:/home/pacl/Documents/Repository/chipwhisperer/firmware/mcu/simpleserial/simpleserial.c **** 	// Write trailing '\n'
 442:/home/pacl/Documents/Repository/chipwhisperer/firmware/mcu/simpleserial/simpleserial.c **** 	putch('\n');
  89              		.loc 1 442 2 view .LVU14
 443:/home/pacl/Documents/Repository/chipwhisperer/firmware/mcu/simpleserial/simpleserial.c **** }
  90              		.loc 1 443 1 is_stmt 0 view .LVU15
  91 0018 BDE8F840 		pop	{r3, r4, r5, r6, r7, lr}
  92              	.LCFI1:
  93              		.cfi_remember_state
  94              		.cfi_restore 14
  95              		.cfi_restore 7
  96              		.cfi_restore 6
  97              		.cfi_restore 5
  98              		.cfi_restore 4
  99              		.cfi_restore 3
 100              		.cfi_def_cfa_offset 0
 101              	.LVL5:
 442:/home/pacl/Documents/Repository/chipwhisperer/firmware/mcu/simpleserial/simpleserial.c **** }
 102              		.loc 1 442 2 view .LVU16
 103 001c 0A20     		movs	r0, #10
 104 001e FFF7FEBF 		b	putch
 105              	.LVL6:
 106              	.L4:
 107              	.LCFI2:
 108              		.cfi_restore_state
 109              	.LBB13:
 437:/home/pacl/Documents/Repository/chipwhisperer/firmware/mcu/simpleserial/simpleserial.c **** 		putch(hex_lookup[output[i] & 0xF]);
 110              		.loc 1 437 3 is_stmt 1 view .LVU17
 437:/home/pacl/Documents/Repository/chipwhisperer/firmware/mcu/simpleserial/simpleserial.c **** 		putch(hex_lookup[output[i] & 0xF]);
 111              		.loc 1 437 30 is_stmt 0 view .LVU18
 112 0022 15F8013F 		ldrb	r3, [r5, #1]!	@ zero_extendqisi2
 113 0026 1B09     		lsrs	r3, r3, #4
 437:/home/pacl/Documents/Repository/chipwhisperer/firmware/mcu/simpleserial/simpleserial.c **** 		putch(hex_lookup[output[i] & 0xF]);
 114              		.loc 1 437 3 view .LVU19
 115 0028 F85C     		ldrb	r0, [r7, r3]	@ zero_extendqisi2
 116 002a FFF7FEFF 		bl	putch
 117              	.LVL7:
 438:/home/pacl/Documents/Repository/chipwhisperer/firmware/mcu/simpleserial/simpleserial.c **** 	}
 118              		.loc 1 438 3 is_stmt 1 view .LVU20
 438:/home/pacl/Documents/Repository/chipwhisperer/firmware/mcu/simpleserial/simpleserial.c **** 	}
 119              		.loc 1 438 30 is_stmt 0 view .LVU21
 120 002e 2B78     		ldrb	r3, [r5]	@ zero_extendqisi2
 121 0030 03F00F03 		and	r3, r3, #15
 438:/home/pacl/Documents/Repository/chipwhisperer/firmware/mcu/simpleserial/simpleserial.c **** 	}
 122              		.loc 1 438 3 view .LVU22
 123 0034 F85C     		ldrb	r0, [r7, r3]	@ zero_extendqisi2
 124 0036 FFF7FEFF 		bl	putch
 125              	.LVL8:
 435:/home/pacl/Documents/Repository/chipwhisperer/firmware/mcu/simpleserial/simpleserial.c **** 	{
 126              		.loc 1 435 28 is_stmt 1 discriminator 3 view .LVU23
 127 003a EAE7     		b	.L3
 128              	.L6:
 129              		.align	2
 130              	.L5:
 131 003c 00000000 		.word	.LANCHOR0
 132              	.LBE13:
 133              		.cfi_endproc
 134              	.LFE10:
 136              		.section	.text.ss_num_commands,"ax",%progbits
 137              		.align	1
 138              		.global	ss_num_commands
 139              		.syntax unified
 140              		.thumb
 141              		.thumb_func
 143              	ss_num_commands:
 144              	.LVL9:
 145              	.LFB2:
 271:/home/pacl/Documents/Repository/chipwhisperer/firmware/mcu/simpleserial/simpleserial.c ****     uint8_t ncmds = num_commands & 0xFF;
 146              		.loc 1 271 1 view -0
 147              		.cfi_startproc
 148              		@ args = 0, pretend = 0, frame = 8
 149              		@ frame_needed = 0, uses_anonymous_args = 0
 272:/home/pacl/Documents/Repository/chipwhisperer/firmware/mcu/simpleserial/simpleserial.c ****     simpleserial_put('r', 0x01, &ncmds);
 150              		.loc 1 272 5 view .LVU25
 271:/home/pacl/Documents/Repository/chipwhisperer/firmware/mcu/simpleserial/simpleserial.c ****     uint8_t ncmds = num_commands & 0xFF;
 151              		.loc 1 271 1 is_stmt 0 view .LVU26
 152 0000 07B5     		push	{r0, r1, r2, lr}
 153              	.LCFI3:
 154              		.cfi_def_cfa_offset 16
 155              		.cfi_offset 14, -4
 272:/home/pacl/Documents/Repository/chipwhisperer/firmware/mcu/simpleserial/simpleserial.c ****     simpleserial_put('r', 0x01, &ncmds);
 156              		.loc 1 272 13 view .LVU27
 157 0002 074B     		ldr	r3, .L8
 158              	.LBB14:
 159              	.LBB15:
 160 0004 0DF10702 		add	r2, sp, #7
 161              	.LBE15:
 162              	.LBE14:
 163 0008 1B68     		ldr	r3, [r3]
 164 000a 8DF80730 		strb	r3, [sp, #7]
 273:/home/pacl/Documents/Repository/chipwhisperer/firmware/mcu/simpleserial/simpleserial.c ****     return 0x00;
 165              		.loc 1 273 5 is_stmt 1 view .LVU28
 166              	.LVL10:
 167              	.LBB17:
 168              	.LBI14:
 428:/home/pacl/Documents/Repository/chipwhisperer/firmware/mcu/simpleserial/simpleserial.c **** {
 169              		.loc 1 428 6 view .LVU29
 170              	.LBB16:
 431:/home/pacl/Documents/Repository/chipwhisperer/firmware/mcu/simpleserial/simpleserial.c **** 	putch(c);
 171              		.loc 1 431 5 view .LVU30
 172 000e 0121     		movs	r1, #1
 173              	.LVL11:
 431:/home/pacl/Documents/Repository/chipwhisperer/firmware/mcu/simpleserial/simpleserial.c **** 	putch(c);
 174              		.loc 1 431 5 is_stmt 0 view .LVU31
 175 0010 7220     		movs	r0, #114
 176              	.LVL12:
 431:/home/pacl/Documents/Repository/chipwhisperer/firmware/mcu/simpleserial/simpleserial.c **** 	putch(c);
 177              		.loc 1 431 5 view .LVU32
 178 0012 FFF7FEFF 		bl	simpleserial_put.part.0
 179              	.LVL13:
 431:/home/pacl/Documents/Repository/chipwhisperer/firmware/mcu/simpleserial/simpleserial.c **** 	putch(c);
 180              		.loc 1 431 5 view .LVU33
 181              	.LBE16:
 182              	.LBE17:
 274:/home/pacl/Documents/Repository/chipwhisperer/firmware/mcu/simpleserial/simpleserial.c **** }
 183              		.loc 1 274 5 is_stmt 1 view .LVU34
 275:/home/pacl/Documents/Repository/chipwhisperer/firmware/mcu/simpleserial/simpleserial.c **** 
 184              		.loc 1 275 1 is_stmt 0 view .LVU35
 185 0016 0020     		movs	r0, #0
 186 0018 03B0     		add	sp, sp, #12
 187              	.LCFI4:
 188              		.cfi_def_cfa_offset 4
 189              		@ sp needed
 190 001a 5DF804FB 		ldr	pc, [sp], #4
 191              	.L9:
 192 001e 00BF     		.align	2
 193              	.L8:
 194 0020 00000000 		.word	.LANCHOR1
 195              		.cfi_endproc
 196              	.LFE2:
 198              		.section	.text.ss_get_commands,"ax",%progbits
 199              		.align	1
 200              		.global	ss_get_commands
 201              		.syntax unified
 202              		.thumb
 203              		.thumb_func
 205              	ss_get_commands:
 206              	.LVL14:
 207              	.LFB3:
 284:/home/pacl/Documents/Repository/chipwhisperer/firmware/mcu/simpleserial/simpleserial.c ****     ss_cmd_repr repr_cmd_buf[MAX_SS_CMDS];
 208              		.loc 1 284 1 is_stmt 1 view -0
 209              		.cfi_startproc
 210              		@ args = 0, pretend = 0, frame = 96
 211              		@ frame_needed = 0, uses_anonymous_args = 0
 285:/home/pacl/Documents/Repository/chipwhisperer/firmware/mcu/simpleserial/simpleserial.c ****     for (uint8_t i = 0; i < (num_commands & 0xFF); i++) {
 212              		.loc 1 285 5 view .LVU37
 286:/home/pacl/Documents/Repository/chipwhisperer/firmware/mcu/simpleserial/simpleserial.c ****         repr_cmd_buf[i].c = commands[i].c;
 213              		.loc 1 286 5 view .LVU38
 214              	.LBB18:
 286:/home/pacl/Documents/Repository/chipwhisperer/firmware/mcu/simpleserial/simpleserial.c ****         repr_cmd_buf[i].c = commands[i].c;
 215              		.loc 1 286 10 view .LVU39
 286:/home/pacl/Documents/Repository/chipwhisperer/firmware/mcu/simpleserial/simpleserial.c ****         repr_cmd_buf[i].c = commands[i].c;
 216              		.loc 1 286 10 is_stmt 0 view .LVU40
 217              	.LBE18:
 284:/home/pacl/Documents/Repository/chipwhisperer/firmware/mcu/simpleserial/simpleserial.c ****     ss_cmd_repr repr_cmd_buf[MAX_SS_CMDS];
 218              		.loc 1 284 1 view .LVU41
 219 0000 70B5     		push	{r4, r5, r6, lr}
 220              	.LCFI5:
 221              		.cfi_def_cfa_offset 16
 222              		.cfi_offset 4, -16
 223              		.cfi_offset 5, -12
 224              		.cfi_offset 6, -8
 225              		.cfi_offset 14, -4
 226              	.LBB19:
 286:/home/pacl/Documents/Repository/chipwhisperer/firmware/mcu/simpleserial/simpleserial.c ****         repr_cmd_buf[i].c = commands[i].c;
 227              		.loc 1 286 43 discriminator 1 view .LVU42
 228 0002 124C     		ldr	r4, .L13
 229 0004 2168     		ldr	r1, [r4]
 230              	.LVL15:
 286:/home/pacl/Documents/Repository/chipwhisperer/firmware/mcu/simpleserial/simpleserial.c ****         repr_cmd_buf[i].c = commands[i].c;
 231              		.loc 1 286 43 discriminator 1 view .LVU43
 232              	.LBE19:
 284:/home/pacl/Documents/Repository/chipwhisperer/firmware/mcu/simpleserial/simpleserial.c ****     ss_cmd_repr repr_cmd_buf[MAX_SS_CMDS];
 233              		.loc 1 284 1 view .LVU44
 234 0006 98B0     		sub	sp, sp, #96
 235              	.LCFI6:
 236              		.cfi_def_cfa_offset 112
 237              	.LBB20:
 286:/home/pacl/Documents/Repository/chipwhisperer/firmware/mcu/simpleserial/simpleserial.c ****         repr_cmd_buf[i].c = commands[i].c;
 238              		.loc 1 286 43 discriminator 1 view .LVU45
 239 0008 CDB2     		uxtb	r5, r1
 286:/home/pacl/Documents/Repository/chipwhisperer/firmware/mcu/simpleserial/simpleserial.c ****         repr_cmd_buf[i].c = commands[i].c;
 240              		.loc 1 286 5 view .LVU46
 241 000a 0020     		movs	r0, #0
 242              	.LVL16:
 243              	.L11:
 286:/home/pacl/Documents/Repository/chipwhisperer/firmware/mcu/simpleserial/simpleserial.c ****         repr_cmd_buf[i].c = commands[i].c;
 244              		.loc 1 286 27 is_stmt 1 discriminator 1 view .LVU47
 245 000c C3B2     		uxtb	r3, r0
 246 000e AB42     		cmp	r3, r5
 247 0010 00F10100 		add	r0, r0, #1
 248              	.LVL17:
 286:/home/pacl/Documents/Repository/chipwhisperer/firmware/mcu/simpleserial/simpleserial.c ****         repr_cmd_buf[i].c = commands[i].c;
 249              		.loc 1 286 27 is_stmt 0 discriminator 1 view .LVU48
 250 0014 09DB     		blt	.L12
 251              	.LBE20:
 292:/home/pacl/Documents/Repository/chipwhisperer/firmware/mcu/simpleserial/simpleserial.c ****     return 0x00;
 252              		.loc 1 292 5 is_stmt 1 view .LVU49
 253              	.LVL18:
 254              	.LBB21:
 255              	.LBI21:
 428:/home/pacl/Documents/Repository/chipwhisperer/firmware/mcu/simpleserial/simpleserial.c **** {
 256              		.loc 1 428 6 view .LVU50
 257              	.LBB22:
 431:/home/pacl/Documents/Repository/chipwhisperer/firmware/mcu/simpleserial/simpleserial.c **** 	putch(c);
 258              		.loc 1 431 5 view .LVU51
 259              	.LBE22:
 260              	.LBE21:
 292:/home/pacl/Documents/Repository/chipwhisperer/firmware/mcu/simpleserial/simpleserial.c ****     return 0x00;
 261              		.loc 1 292 5 is_stmt 0 view .LVU52
 262 0016 01EB4101 		add	r1, r1, r1, lsl #1
 263              	.LVL19:
 264              	.LBB24:
 265              	.LBB23:
 292:/home/pacl/Documents/Repository/chipwhisperer/firmware/mcu/simpleserial/simpleserial.c ****     return 0x00;
 266              		.loc 1 292 5 view .LVU53
 267 001a 6A46     		mov	r2, sp
 268 001c C9B2     		uxtb	r1, r1
 269 001e 7220     		movs	r0, #114
 270              	.LVL20:
 292:/home/pacl/Documents/Repository/chipwhisperer/firmware/mcu/simpleserial/simpleserial.c ****     return 0x00;
 271              		.loc 1 292 5 view .LVU54
 272 0020 FFF7FEFF 		bl	simpleserial_put.part.0
 273              	.LVL21:
 292:/home/pacl/Documents/Repository/chipwhisperer/firmware/mcu/simpleserial/simpleserial.c ****     return 0x00;
 274              		.loc 1 292 5 view .LVU55
 275              	.LBE23:
 276              	.LBE24:
 293:/home/pacl/Documents/Repository/chipwhisperer/firmware/mcu/simpleserial/simpleserial.c **** }
 277              		.loc 1 293 5 is_stmt 1 view .LVU56
 294:/home/pacl/Documents/Repository/chipwhisperer/firmware/mcu/simpleserial/simpleserial.c **** 
 278              		.loc 1 294 1 is_stmt 0 view .LVU57
 279 0024 0020     		movs	r0, #0
 280 0026 18B0     		add	sp, sp, #96
 281              	.LCFI7:
 282              		.cfi_remember_state
 283              		.cfi_def_cfa_offset 16
 284              		@ sp needed
 285 0028 70BD     		pop	{r4, r5, r6, pc}
 286              	.LVL22:
 287              	.L12:
 288              	.LCFI8:
 289              		.cfi_restore_state
 290              	.LBB25:
 287:/home/pacl/Documents/Repository/chipwhisperer/firmware/mcu/simpleserial/simpleserial.c ****         repr_cmd_buf[i].len = commands[i].len;
 291              		.loc 1 287 9 is_stmt 1 view .LVU58
 287:/home/pacl/Documents/Repository/chipwhisperer/firmware/mcu/simpleserial/simpleserial.c ****         repr_cmd_buf[i].len = commands[i].len;
 292              		.loc 1 287 27 is_stmt 0 view .LVU59
 293 002a 03EB4302 		add	r2, r3, r3, lsl #1
 294 002e 6032     		adds	r2, r2, #96
 287:/home/pacl/Documents/Repository/chipwhisperer/firmware/mcu/simpleserial/simpleserial.c ****         repr_cmd_buf[i].len = commands[i].len;
 295              		.loc 1 287 40 view .LVU60
 296 0030 04EB0313 		add	r3, r4, r3, lsl #4
 287:/home/pacl/Documents/Repository/chipwhisperer/firmware/mcu/simpleserial/simpleserial.c ****         repr_cmd_buf[i].len = commands[i].len;
 297              		.loc 1 287 27 view .LVU61
 298 0034 6A44     		add	r2, sp, r2
 299 0036 1E79     		ldrb	r6, [r3, #4]	@ zero_extendqisi2
 300 0038 02F8606C 		strb	r6, [r2, #-96]
 288:/home/pacl/Documents/Repository/chipwhisperer/firmware/mcu/simpleserial/simpleserial.c ****         repr_cmd_buf[i].flags = commands[i].flags;
 301              		.loc 1 288 9 is_stmt 1 view .LVU62
 288:/home/pacl/Documents/Repository/chipwhisperer/firmware/mcu/simpleserial/simpleserial.c ****         repr_cmd_buf[i].flags = commands[i].flags;
 302              		.loc 1 288 29 is_stmt 0 view .LVU63
 303 003c 9E68     		ldr	r6, [r3, #8]
 289:/home/pacl/Documents/Repository/chipwhisperer/firmware/mcu/simpleserial/simpleserial.c ****     }
 304              		.loc 1 289 31 view .LVU64
 305 003e 1B7C     		ldrb	r3, [r3, #16]	@ zero_extendqisi2
 288:/home/pacl/Documents/Repository/chipwhisperer/firmware/mcu/simpleserial/simpleserial.c ****         repr_cmd_buf[i].flags = commands[i].flags;
 306              		.loc 1 288 29 view .LVU65
 307 0040 02F85F6C 		strb	r6, [r2, #-95]
 289:/home/pacl/Documents/Repository/chipwhisperer/firmware/mcu/simpleserial/simpleserial.c ****     }
 308              		.loc 1 289 9 is_stmt 1 view .LVU66
 289:/home/pacl/Documents/Repository/chipwhisperer/firmware/mcu/simpleserial/simpleserial.c ****     }
 309              		.loc 1 289 31 is_stmt 0 view .LVU67
 310 0044 02F85E3C 		strb	r3, [r2, #-94]
 286:/home/pacl/Documents/Repository/chipwhisperer/firmware/mcu/simpleserial/simpleserial.c ****         repr_cmd_buf[i].c = commands[i].c;
 311              		.loc 1 286 53 is_stmt 1 discriminator 3 view .LVU68
 312              	.LVL23:
 286:/home/pacl/Documents/Repository/chipwhisperer/firmware/mcu/simpleserial/simpleserial.c ****         repr_cmd_buf[i].c = commands[i].c;
 313              		.loc 1 286 53 is_stmt 0 discriminator 3 view .LVU69
 314 0048 E0E7     		b	.L11
 315              	.L14:
 316 004a 00BF     		.align	2
 317              	.L13:
 318 004c 00000000 		.word	.LANCHOR1
 319              	.LBE25:
 320              		.cfi_endproc
 321              	.LFE3:
 323              		.section	.text.ss_crc,"ax",%progbits
 324              		.align	1
 325              		.global	ss_crc
 326              		.syntax unified
 327              		.thumb
 328              		.thumb_func
 330              	ss_crc:
 331              	.LVL24:
 332              	.LFB0:
  20:/home/pacl/Documents/Repository/chipwhisperer/firmware/mcu/simpleserial/simpleserial.c **** 	unsigned int k = 0;
 333              		.loc 1 20 1 is_stmt 1 view -0
 334              		.cfi_startproc
 335              		@ args = 0, pretend = 0, frame = 0
 336              		@ frame_needed = 0, uses_anonymous_args = 0
  20:/home/pacl/Documents/Repository/chipwhisperer/firmware/mcu/simpleserial/simpleserial.c **** 	unsigned int k = 0;
 337              		.loc 1 20 1 is_stmt 0 view .LVU71
 338 0000 10B5     		push	{r4, lr}
 339              	.LCFI9:
 340              		.cfi_def_cfa_offset 8
 341              		.cfi_offset 4, -8
 342              		.cfi_offset 14, -4
  20:/home/pacl/Documents/Repository/chipwhisperer/firmware/mcu/simpleserial/simpleserial.c **** 	unsigned int k = 0;
 343              		.loc 1 20 1 view .LVU72
 344 0002 0246     		mov	r2, r0
  21:/home/pacl/Documents/Repository/chipwhisperer/firmware/mcu/simpleserial/simpleserial.c **** 	uint8_t crc = 0x00;
 345              		.loc 1 21 2 is_stmt 1 view .LVU73
 346              	.LVL25:
  22:/home/pacl/Documents/Repository/chipwhisperer/firmware/mcu/simpleserial/simpleserial.c **** 	while (len--) {
 347              		.loc 1 22 2 view .LVU74
  23:/home/pacl/Documents/Repository/chipwhisperer/firmware/mcu/simpleserial/simpleserial.c **** 		crc ^= *buf++;
 348              		.loc 1 23 2 view .LVU75
 349 0004 0144     		add	r1, r1, r0
 350              	.LVL26:
  22:/home/pacl/Documents/Repository/chipwhisperer/firmware/mcu/simpleserial/simpleserial.c **** 	while (len--) {
 351              		.loc 1 22 10 is_stmt 0 view .LVU76
 352 0006 0020     		movs	r0, #0
 353              	.LVL27:
 354              	.L16:
  23:/home/pacl/Documents/Repository/chipwhisperer/firmware/mcu/simpleserial/simpleserial.c **** 		crc ^= *buf++;
 355              		.loc 1 23 9 is_stmt 1 view .LVU77
  23:/home/pacl/Documents/Repository/chipwhisperer/firmware/mcu/simpleserial/simpleserial.c **** 		crc ^= *buf++;
 356              		.loc 1 23 9 is_stmt 0 view .LVU78
 357 0008 8A42     		cmp	r2, r1
 358 000a 00D1     		bne	.L20
  29:/home/pacl/Documents/Repository/chipwhisperer/firmware/mcu/simpleserial/simpleserial.c **** 
 359              		.loc 1 29 2 is_stmt 1 view .LVU79
  31:/home/pacl/Documents/Repository/chipwhisperer/firmware/mcu/simpleserial/simpleserial.c **** 
 360              		.loc 1 31 1 is_stmt 0 view .LVU80
 361 000c 10BD     		pop	{r4, pc}
 362              	.L20:
  24:/home/pacl/Documents/Repository/chipwhisperer/firmware/mcu/simpleserial/simpleserial.c **** 		for (k = 0; k < 8; k++) {
 363              		.loc 1 24 3 is_stmt 1 view .LVU81
 364              	.LVL28:
  24:/home/pacl/Documents/Repository/chipwhisperer/firmware/mcu/simpleserial/simpleserial.c **** 		for (k = 0; k < 8; k++) {
 365              		.loc 1 24 7 is_stmt 0 view .LVU82
 366 000e 12F8013B 		ldrb	r3, [r2], #1	@ zero_extendqisi2
 367              	.LVL29:
  24:/home/pacl/Documents/Repository/chipwhisperer/firmware/mcu/simpleserial/simpleserial.c **** 		for (k = 0; k < 8; k++) {
 368              		.loc 1 24 7 view .LVU83
 369 0012 0824     		movs	r4, #8
 370 0014 5840     		eors	r0, r0, r3
 371              	.LVL30:
  25:/home/pacl/Documents/Repository/chipwhisperer/firmware/mcu/simpleserial/simpleserial.c **** 			crc = crc & 0x80 ? (crc << 1) ^ CW_CRC: crc << 1;
 372              		.loc 1 25 3 is_stmt 1 view .LVU84
  25:/home/pacl/Documents/Repository/chipwhisperer/firmware/mcu/simpleserial/simpleserial.c **** 			crc = crc & 0x80 ? (crc << 1) ^ CW_CRC: crc << 1;
 373              		.loc 1 25 17 discriminator 1 view .LVU85
 374              	.L19:
  26:/home/pacl/Documents/Repository/chipwhisperer/firmware/mcu/simpleserial/simpleserial.c **** 		}
 375              		.loc 1 26 4 view .LVU86
  26:/home/pacl/Documents/Repository/chipwhisperer/firmware/mcu/simpleserial/simpleserial.c **** 		}
 376              		.loc 1 26 21 is_stmt 0 view .LVU87
 377 0016 43B2     		sxtb	r3, r0
  26:/home/pacl/Documents/Repository/chipwhisperer/firmware/mcu/simpleserial/simpleserial.c **** 		}
 378              		.loc 1 26 8 view .LVU88
 379 0018 002B     		cmp	r3, #0
  26:/home/pacl/Documents/Repository/chipwhisperer/firmware/mcu/simpleserial/simpleserial.c **** 		}
 380              		.loc 1 26 34 discriminator 1 view .LVU89
 381 001a BABF     		itte	lt
 382 001c 5B00     		lsllt	r3, r3, #1
 383 001e 83F04D03 		eorlt	r3, r3, #77
  26:/home/pacl/Documents/Repository/chipwhisperer/firmware/mcu/simpleserial/simpleserial.c **** 		}
 384              		.loc 1 26 8 discriminator 2 view .LVU90
 385 0022 4300     		lslge	r3, r0, #1
  25:/home/pacl/Documents/Repository/chipwhisperer/firmware/mcu/simpleserial/simpleserial.c **** 			crc = crc & 0x80 ? (crc << 1) ^ CW_CRC: crc << 1;
 386              		.loc 1 25 17 discriminator 1 view .LVU91
 387 0024 013C     		subs	r4, r4, #1
 388              	.LVL31:
  26:/home/pacl/Documents/Repository/chipwhisperer/firmware/mcu/simpleserial/simpleserial.c **** 		}
 389              		.loc 1 26 8 discriminator 2 view .LVU92
 390 0026 D8B2     		uxtb	r0, r3
 391              	.LVL32:
  25:/home/pacl/Documents/Repository/chipwhisperer/firmware/mcu/simpleserial/simpleserial.c **** 			crc = crc & 0x80 ? (crc << 1) ^ CW_CRC: crc << 1;
 392              		.loc 1 25 23 is_stmt 1 discriminator 2 view .LVU93
  25:/home/pacl/Documents/Repository/chipwhisperer/firmware/mcu/simpleserial/simpleserial.c **** 			crc = crc & 0x80 ? (crc << 1) ^ CW_CRC: crc << 1;
 393              		.loc 1 25 17 discriminator 1 view .LVU94
 394 0028 F5D1     		bne	.L19
 395 002a EDE7     		b	.L16
 396              		.cfi_endproc
 397              	.LFE0:
 399              		.section	.text.hex_decode,"ax",%progbits
 400              		.align	1
 401              		.global	hex_decode
 402              		.syntax unified
 403              		.thumb
 404              		.thumb_func
 406              	hex_decode:
 407              	.LVL33:
 408              	.LFB4:
 303:/home/pacl/Documents/Repository/chipwhisperer/firmware/mcu/simpleserial/simpleserial.c **** 	for(int i = 0; i < len; i++)
 409              		.loc 1 303 1 view -0
 410              		.cfi_startproc
 411              		@ args = 0, pretend = 0, frame = 0
 412              		@ frame_needed = 0, uses_anonymous_args = 0
 304:/home/pacl/Documents/Repository/chipwhisperer/firmware/mcu/simpleserial/simpleserial.c **** 	{
 413              		.loc 1 304 2 view .LVU96
 414              	.LBB26:
 304:/home/pacl/Documents/Repository/chipwhisperer/firmware/mcu/simpleserial/simpleserial.c **** 	{
 415              		.loc 1 304 6 view .LVU97
 304:/home/pacl/Documents/Repository/chipwhisperer/firmware/mcu/simpleserial/simpleserial.c **** 	{
 416              		.loc 1 304 6 is_stmt 0 view .LVU98
 417              	.LBE26:
 303:/home/pacl/Documents/Repository/chipwhisperer/firmware/mcu/simpleserial/simpleserial.c **** 	for(int i = 0; i < len; i++)
 418              		.loc 1 303 1 view .LVU99
 419 0000 F0B5     		push	{r4, r5, r6, r7, lr}
 420              	.LCFI10:
 421              		.cfi_def_cfa_offset 20
 422              		.cfi_offset 4, -20
 423              		.cfi_offset 5, -16
 424              		.cfi_offset 6, -12
 425              		.cfi_offset 7, -8
 426              		.cfi_offset 14, -4
 427              	.LBB31:
 304:/home/pacl/Documents/Repository/chipwhisperer/firmware/mcu/simpleserial/simpleserial.c **** 	{
 428              		.loc 1 304 10 view .LVU100
 429 0002 0025     		movs	r5, #0
 430              	.LBB27:
 307:/home/pacl/Documents/Repository/chipwhisperer/firmware/mcu/simpleserial/simpleserial.c **** 
 431              		.loc 1 307 8 view .LVU101
 432 0004 4F1C     		adds	r7, r1, #1
 433              	.LVL34:
 434              	.L24:
 307:/home/pacl/Documents/Repository/chipwhisperer/firmware/mcu/simpleserial/simpleserial.c **** 
 435              		.loc 1 307 8 view .LVU102
 436              	.LBE27:
 304:/home/pacl/Documents/Repository/chipwhisperer/firmware/mcu/simpleserial/simpleserial.c **** 	{
 437              		.loc 1 304 19 is_stmt 1 discriminator 1 view .LVU103
 438 0006 8542     		cmp	r5, r0
 439 0008 01DB     		blt	.L34
 440              	.LBE31:
 328:/home/pacl/Documents/Repository/chipwhisperer/firmware/mcu/simpleserial/simpleserial.c **** }
 441              		.loc 1 328 9 is_stmt 0 view .LVU104
 442 000a 0020     		movs	r0, #0
 443              	.LVL35:
 328:/home/pacl/Documents/Repository/chipwhisperer/firmware/mcu/simpleserial/simpleserial.c **** }
 444              		.loc 1 328 9 view .LVU105
 445 000c 21E0     		b	.L23
 446              	.LVL36:
 447              	.L34:
 448              	.LBB32:
 449              	.LBB28:
 306:/home/pacl/Documents/Repository/chipwhisperer/firmware/mcu/simpleserial/simpleserial.c **** 		char n_lo = ascii_buf[2*i+1];
 450              		.loc 1 306 3 is_stmt 1 view .LVU106
 307:/home/pacl/Documents/Repository/chipwhisperer/firmware/mcu/simpleserial/simpleserial.c **** 
 451              		.loc 1 307 8 is_stmt 0 view .LVU107
 452 000e 17F81540 		ldrb	r4, [r7, r5, lsl #1]	@ zero_extendqisi2
 306:/home/pacl/Documents/Repository/chipwhisperer/firmware/mcu/simpleserial/simpleserial.c **** 		char n_lo = ascii_buf[2*i+1];
 453              		.loc 1 306 8 view .LVU108
 454 0012 11F81530 		ldrb	r3, [r1, r5, lsl #1]	@ zero_extendqisi2
 455              	.LVL37:
 307:/home/pacl/Documents/Repository/chipwhisperer/firmware/mcu/simpleserial/simpleserial.c **** 
 456              		.loc 1 307 3 is_stmt 1 view .LVU109
 309:/home/pacl/Documents/Repository/chipwhisperer/firmware/mcu/simpleserial/simpleserial.c **** 			data_buf[i] = n_lo - '0';
 457              		.loc 1 309 3 view .LVU110
 309:/home/pacl/Documents/Repository/chipwhisperer/firmware/mcu/simpleserial/simpleserial.c **** 			data_buf[i] = n_lo - '0';
 458              		.loc 1 309 18 is_stmt 0 view .LVU111
 459 0016 A4F13006 		sub	r6, r4, #48
 460 001a F6B2     		uxtb	r6, r6
 309:/home/pacl/Documents/Repository/chipwhisperer/firmware/mcu/simpleserial/simpleserial.c **** 			data_buf[i] = n_lo - '0';
 461              		.loc 1 309 5 view .LVU112
 462 001c 092E     		cmp	r6, #9
 463 001e 0CD8     		bhi	.L25
 310:/home/pacl/Documents/Repository/chipwhisperer/firmware/mcu/simpleserial/simpleserial.c **** 		else if(n_lo >= 'A' && n_lo <= 'F')
 464              		.loc 1 310 4 is_stmt 1 view .LVU113
 310:/home/pacl/Documents/Repository/chipwhisperer/firmware/mcu/simpleserial/simpleserial.c **** 		else if(n_lo >= 'A' && n_lo <= 'F')
 465              		.loc 1 310 16 is_stmt 0 view .LVU114
 466 0020 1670     		strb	r6, [r2]
 467              	.LVL38:
 468              	.L26:
 318:/home/pacl/Documents/Repository/chipwhisperer/firmware/mcu/simpleserial/simpleserial.c **** 			data_buf[i] |= (n_hi - '0') << 4;
 469              		.loc 1 318 3 is_stmt 1 view .LVU115
 318:/home/pacl/Documents/Repository/chipwhisperer/firmware/mcu/simpleserial/simpleserial.c **** 			data_buf[i] |= (n_hi - '0') << 4;
 470              		.loc 1 318 18 is_stmt 0 view .LVU116
 471 0022 A3F13004 		sub	r4, r3, #48
 472 0026 E4B2     		uxtb	r4, r4
 318:/home/pacl/Documents/Repository/chipwhisperer/firmware/mcu/simpleserial/simpleserial.c **** 			data_buf[i] |= (n_hi - '0') << 4;
 473              		.loc 1 318 5 view .LVU117
 474 0028 092C     		cmp	r4, #9
 475 002a 15D8     		bhi	.L30
 476              	.L37:
 321:/home/pacl/Documents/Repository/chipwhisperer/firmware/mcu/simpleserial/simpleserial.c **** 		else if(n_hi >= 'a' && n_hi <= 'f')
 477              		.loc 1 321 16 view .LVU118
 478 002c 1378     		ldrb	r3, [r2]	@ zero_extendqisi2
 479              	.LVL39:
 321:/home/pacl/Documents/Repository/chipwhisperer/firmware/mcu/simpleserial/simpleserial.c **** 		else if(n_hi >= 'a' && n_hi <= 'f')
 480              		.loc 1 321 16 view .LVU119
 481 002e 43EA0413 		orr	r3, r3, r4, lsl #4
 482              	.L36:
 323:/home/pacl/Documents/Repository/chipwhisperer/firmware/mcu/simpleserial/simpleserial.c **** 		else
 483              		.loc 1 323 16 view .LVU120
 484 0032 1370     		strb	r3, [r2]
 485              	.LBE28:
 304:/home/pacl/Documents/Repository/chipwhisperer/firmware/mcu/simpleserial/simpleserial.c **** 	{
 486              		.loc 1 304 27 is_stmt 1 discriminator 2 view .LVU121
 487 0034 0135     		adds	r5, r5, #1
 488              	.LVL40:
 304:/home/pacl/Documents/Repository/chipwhisperer/firmware/mcu/simpleserial/simpleserial.c **** 	{
 489              		.loc 1 304 27 is_stmt 0 discriminator 2 view .LVU122
 490 0036 0132     		adds	r2, r2, #1
 491 0038 E5E7     		b	.L24
 492              	.LVL41:
 493              	.L25:
 494              	.LBB29:
 311:/home/pacl/Documents/Repository/chipwhisperer/firmware/mcu/simpleserial/simpleserial.c **** 			data_buf[i] = n_lo - 'A' + 10;
 495              		.loc 1 311 8 is_stmt 1 view .LVU123
 311:/home/pacl/Documents/Repository/chipwhisperer/firmware/mcu/simpleserial/simpleserial.c **** 			data_buf[i] = n_lo - 'A' + 10;
 496              		.loc 1 311 10 is_stmt 0 view .LVU124
 497 003a A4F14106 		sub	r6, r4, #65
 498 003e 052E     		cmp	r6, #5
 499 0040 02D8     		bhi	.L27
 312:/home/pacl/Documents/Repository/chipwhisperer/firmware/mcu/simpleserial/simpleserial.c **** 		else if(n_lo >= 'a' && n_lo <= 'f')
 500              		.loc 1 312 4 is_stmt 1 view .LVU125
 312:/home/pacl/Documents/Repository/chipwhisperer/firmware/mcu/simpleserial/simpleserial.c **** 		else if(n_lo >= 'a' && n_lo <= 'f')
 501              		.loc 1 312 29 is_stmt 0 view .LVU126
 502 0042 373C     		subs	r4, r4, #55
 503              	.LVL42:
 504              	.L35:
 314:/home/pacl/Documents/Repository/chipwhisperer/firmware/mcu/simpleserial/simpleserial.c **** 		else
 505              		.loc 1 314 16 view .LVU127
 506 0044 1470     		strb	r4, [r2]
 507              	.LVL43:
 314:/home/pacl/Documents/Repository/chipwhisperer/firmware/mcu/simpleserial/simpleserial.c **** 		else
 508              		.loc 1 314 16 view .LVU128
 509 0046 ECE7     		b	.L26
 510              	.LVL44:
 511              	.L27:
 313:/home/pacl/Documents/Repository/chipwhisperer/firmware/mcu/simpleserial/simpleserial.c **** 			data_buf[i] = n_lo - 'a' + 10;
 512              		.loc 1 313 8 is_stmt 1 view .LVU129
 313:/home/pacl/Documents/Repository/chipwhisperer/firmware/mcu/simpleserial/simpleserial.c **** 			data_buf[i] = n_lo - 'a' + 10;
 513              		.loc 1 313 10 is_stmt 0 view .LVU130
 514 0048 A4F16106 		sub	r6, r4, #97
 515 004c 052E     		cmp	r6, #5
 516 004e 01D9     		bls	.L28
 517              	.LVL45:
 518              	.L33:
 316:/home/pacl/Documents/Repository/chipwhisperer/firmware/mcu/simpleserial/simpleserial.c **** 
 519              		.loc 1 316 11 view .LVU131
 520 0050 0120     		movs	r0, #1
 521              	.LVL46:
 522              	.L23:
 316:/home/pacl/Documents/Repository/chipwhisperer/firmware/mcu/simpleserial/simpleserial.c **** 
 523              		.loc 1 316 11 view .LVU132
 524              	.LBE29:
 525              	.LBE32:
 329:/home/pacl/Documents/Repository/chipwhisperer/firmware/mcu/simpleserial/simpleserial.c **** 
 526              		.loc 1 329 1 view .LVU133
 527 0052 F0BD     		pop	{r4, r5, r6, r7, pc}
 528              	.LVL47:
 529              	.L28:
 530              	.LBB33:
 531              	.LBB30:
 314:/home/pacl/Documents/Repository/chipwhisperer/firmware/mcu/simpleserial/simpleserial.c **** 		else
 532              		.loc 1 314 4 is_stmt 1 view .LVU134
 314:/home/pacl/Documents/Repository/chipwhisperer/firmware/mcu/simpleserial/simpleserial.c **** 		else
 533              		.loc 1 314 29 is_stmt 0 view .LVU135
 534 0054 573C     		subs	r4, r4, #87
 535              	.LVL48:
 314:/home/pacl/Documents/Repository/chipwhisperer/firmware/mcu/simpleserial/simpleserial.c **** 		else
 536              		.loc 1 314 29 view .LVU136
 537 0056 F5E7     		b	.L35
 538              	.LVL49:
 539              	.L30:
 320:/home/pacl/Documents/Repository/chipwhisperer/firmware/mcu/simpleserial/simpleserial.c **** 			data_buf[i] |= (n_hi - 'A' + 10) << 4;
 540              		.loc 1 320 8 is_stmt 1 view .LVU137
 320:/home/pacl/Documents/Repository/chipwhisperer/firmware/mcu/simpleserial/simpleserial.c **** 			data_buf[i] |= (n_hi - 'A' + 10) << 4;
 541              		.loc 1 320 10 is_stmt 0 view .LVU138
 542 0058 A3F14104 		sub	r4, r3, #65
 543 005c 052C     		cmp	r4, #5
 544 005e 02D8     		bhi	.L32
 321:/home/pacl/Documents/Repository/chipwhisperer/firmware/mcu/simpleserial/simpleserial.c **** 		else if(n_hi >= 'a' && n_hi <= 'f')
 545              		.loc 1 321 4 is_stmt 1 view .LVU139
 321:/home/pacl/Documents/Repository/chipwhisperer/firmware/mcu/simpleserial/simpleserial.c **** 		else if(n_hi >= 'a' && n_hi <= 'f')
 546              		.loc 1 321 16 is_stmt 0 view .LVU140
 547 0060 A3F13704 		sub	r4, r3, #55
 548 0064 E2E7     		b	.L37
 549              	.L32:
 322:/home/pacl/Documents/Repository/chipwhisperer/firmware/mcu/simpleserial/simpleserial.c **** 			data_buf[i] |= (n_hi - 'a' + 10) << 4;
 550              		.loc 1 322 8 is_stmt 1 view .LVU141
 322:/home/pacl/Documents/Repository/chipwhisperer/firmware/mcu/simpleserial/simpleserial.c **** 			data_buf[i] |= (n_hi - 'a' + 10) << 4;
 551              		.loc 1 322 10 is_stmt 0 view .LVU142
 552 0066 A3F16104 		sub	r4, r3, #97
 553 006a 052C     		cmp	r4, #5
 554 006c F0D8     		bhi	.L33
 323:/home/pacl/Documents/Repository/chipwhisperer/firmware/mcu/simpleserial/simpleserial.c **** 		else
 555              		.loc 1 323 4 is_stmt 1 view .LVU143
 323:/home/pacl/Documents/Repository/chipwhisperer/firmware/mcu/simpleserial/simpleserial.c **** 		else
 556              		.loc 1 323 16 is_stmt 0 view .LVU144
 557 006e 1478     		ldrb	r4, [r2]	@ zero_extendqisi2
 558 0070 573B     		subs	r3, r3, #87
 559              	.LVL50:
 323:/home/pacl/Documents/Repository/chipwhisperer/firmware/mcu/simpleserial/simpleserial.c **** 		else
 560              		.loc 1 323 16 view .LVU145
 561 0072 44EA0313 		orr	r3, r4, r3, lsl #4
 562              	.LVL51:
 323:/home/pacl/Documents/Repository/chipwhisperer/firmware/mcu/simpleserial/simpleserial.c **** 		else
 563              		.loc 1 323 16 view .LVU146
 564 0076 DCE7     		b	.L36
 565              	.LBE30:
 566              	.LBE33:
 567              		.cfi_endproc
 568              	.LFE4:
 570              		.section	.text.simpleserial_addcmd_flags,"ax",%progbits
 571              		.align	1
 572              		.global	simpleserial_addcmd_flags
 573              		.syntax unified
 574              		.thumb
 575              		.thumb_func
 577              	simpleserial_addcmd_flags:
 578              	.LVL52:
 579              	.LFB7:
 348:/home/pacl/Documents/Repository/chipwhisperer/firmware/mcu/simpleserial/simpleserial.c **** 	if(num_commands >= MAX_SS_CMDS)
 580              		.loc 1 348 1 is_stmt 1 view -0
 581              		.cfi_startproc
 582              		@ args = 0, pretend = 0, frame = 0
 583              		@ frame_needed = 0, uses_anonymous_args = 0
 349:/home/pacl/Documents/Repository/chipwhisperer/firmware/mcu/simpleserial/simpleserial.c **** 		return 1;
 584              		.loc 1 349 2 view .LVU148
 348:/home/pacl/Documents/Repository/chipwhisperer/firmware/mcu/simpleserial/simpleserial.c **** 	if(num_commands >= MAX_SS_CMDS)
 585              		.loc 1 348 1 is_stmt 0 view .LVU149
 586 0000 70B5     		push	{r4, r5, r6, lr}
 587              	.LCFI11:
 588              		.cfi_def_cfa_offset 16
 589              		.cfi_offset 4, -16
 590              		.cfi_offset 5, -12
 591              		.cfi_offset 6, -8
 592              		.cfi_offset 14, -4
 349:/home/pacl/Documents/Repository/chipwhisperer/firmware/mcu/simpleserial/simpleserial.c **** 		return 1;
 593              		.loc 1 349 18 view .LVU150
 594 0002 094E     		ldr	r6, .L42
 595 0004 3468     		ldr	r4, [r6]
 349:/home/pacl/Documents/Repository/chipwhisperer/firmware/mcu/simpleserial/simpleserial.c **** 		return 1;
 596              		.loc 1 349 4 view .LVU151
 597 0006 1F2C     		cmp	r4, #31
 598 0008 0BDC     		bgt	.L41
 352:/home/pacl/Documents/Repository/chipwhisperer/firmware/mcu/simpleserial/simpleserial.c **** 		return 1;
 599              		.loc 1 352 2 is_stmt 1 view .LVU152
 352:/home/pacl/Documents/Repository/chipwhisperer/firmware/mcu/simpleserial/simpleserial.c **** 		return 1;
 600              		.loc 1 352 4 is_stmt 0 view .LVU153
 601 000a 3F29     		cmp	r1, #63
 602 000c 09D8     		bhi	.L41
 355:/home/pacl/Documents/Repository/chipwhisperer/firmware/mcu/simpleserial/simpleserial.c **** 	commands[num_commands].len = len;
 603              		.loc 1 355 2 is_stmt 1 view .LVU154
 355:/home/pacl/Documents/Repository/chipwhisperer/firmware/mcu/simpleserial/simpleserial.c **** 	commands[num_commands].len = len;
 604              		.loc 1 355 29 is_stmt 0 view .LVU155
 605 000e 06EB0415 		add	r5, r6, r4, lsl #4
 357:/home/pacl/Documents/Repository/chipwhisperer/firmware/mcu/simpleserial/simpleserial.c **** 	commands[num_commands].flags = fl;
 606              		.loc 1 357 29 view .LVU156
 607 0012 C5E90212 		strd	r1, r2, [r5, #8]
 359:/home/pacl/Documents/Repository/chipwhisperer/firmware/mcu/simpleserial/simpleserial.c **** 
 608              		.loc 1 359 14 view .LVU157
 609 0016 0134     		adds	r4, r4, #1
 355:/home/pacl/Documents/Repository/chipwhisperer/firmware/mcu/simpleserial/simpleserial.c **** 	commands[num_commands].len = len;
 610              		.loc 1 355 29 view .LVU158
 611 0018 2871     		strb	r0, [r5, #4]
 356:/home/pacl/Documents/Repository/chipwhisperer/firmware/mcu/simpleserial/simpleserial.c **** 	commands[num_commands].fp  = fp;
 612              		.loc 1 356 2 is_stmt 1 view .LVU159
 358:/home/pacl/Documents/Repository/chipwhisperer/firmware/mcu/simpleserial/simpleserial.c **** 	num_commands++;
 613              		.loc 1 358 2 view .LVU160
 358:/home/pacl/Documents/Repository/chipwhisperer/firmware/mcu/simpleserial/simpleserial.c **** 	num_commands++;
 614              		.loc 1 358 31 is_stmt 0 view .LVU161
 615 001a 2B74     		strb	r3, [r5, #16]
 359:/home/pacl/Documents/Repository/chipwhisperer/firmware/mcu/simpleserial/simpleserial.c **** 
 616              		.loc 1 359 2 is_stmt 1 view .LVU162
 359:/home/pacl/Documents/Repository/chipwhisperer/firmware/mcu/simpleserial/simpleserial.c **** 
 617              		.loc 1 359 14 is_stmt 0 view .LVU163
 618 001c 3460     		str	r4, [r6]
 361:/home/pacl/Documents/Repository/chipwhisperer/firmware/mcu/simpleserial/simpleserial.c **** }
 619              		.loc 1 361 2 is_stmt 1 view .LVU164
 361:/home/pacl/Documents/Repository/chipwhisperer/firmware/mcu/simpleserial/simpleserial.c **** }
 620              		.loc 1 361 9 is_stmt 0 view .LVU165
 621 001e 0020     		movs	r0, #0
 622              	.LVL53:
 623              	.L38:
 362:/home/pacl/Documents/Repository/chipwhisperer/firmware/mcu/simpleserial/simpleserial.c **** 
 624              		.loc 1 362 1 view .LVU166
 625 0020 70BD     		pop	{r4, r5, r6, pc}
 626              	.LVL54:
 627              	.L41:
 350:/home/pacl/Documents/Repository/chipwhisperer/firmware/mcu/simpleserial/simpleserial.c **** 
 628              		.loc 1 350 10 view .LVU167
 629 0022 0120     		movs	r0, #1
 630              	.LVL55:
 350:/home/pacl/Documents/Repository/chipwhisperer/firmware/mcu/simpleserial/simpleserial.c **** 
 631              		.loc 1 350 10 view .LVU168
 632 0024 FCE7     		b	.L38
 633              	.L43:
 634 0026 00BF     		.align	2
 635              	.L42:
 636 0028 00000000 		.word	.LANCHOR1
 637              		.cfi_endproc
 638              	.LFE7:
 640              		.section	.text.simpleserial_addcmd,"ax",%progbits
 641              		.align	1
 642              		.global	simpleserial_addcmd
 643              		.syntax unified
 644              		.thumb
 645              		.thumb_func
 647              	simpleserial_addcmd:
 648              	.LVL56:
 649              	.LFB6:
 343:/home/pacl/Documents/Repository/chipwhisperer/firmware/mcu/simpleserial/simpleserial.c **** 	return simpleserial_addcmd_flags(c, len, fp, CMD_FLAG_NONE);
 650              		.loc 1 343 1 is_stmt 1 view -0
 651              		.cfi_startproc
 652              		@ args = 0, pretend = 0, frame = 0
 653              		@ frame_needed = 0, uses_anonymous_args = 0
 654              		@ link register save eliminated.
 344:/home/pacl/Documents/Repository/chipwhisperer/firmware/mcu/simpleserial/simpleserial.c **** }
 655              		.loc 1 344 2 view .LVU170
 344:/home/pacl/Documents/Repository/chipwhisperer/firmware/mcu/simpleserial/simpleserial.c **** }
 656              		.loc 1 344 9 is_stmt 0 view .LVU171
 657 0000 0023     		movs	r3, #0
 658 0002 FFF7FEBF 		b	simpleserial_addcmd_flags
 659              	.LVL57:
 344:/home/pacl/Documents/Repository/chipwhisperer/firmware/mcu/simpleserial/simpleserial.c **** }
 660              		.loc 1 344 9 view .LVU172
 661              		.cfi_endproc
 662              	.LFE6:
 664              		.section	.text.simpleserial_init,"ax",%progbits
 665              		.align	1
 666              		.global	simpleserial_init
 667              		.syntax unified
 668              		.thumb
 669              		.thumb_func
 671              	simpleserial_init:
 672              	.LFB5:
 336:/home/pacl/Documents/Repository/chipwhisperer/firmware/mcu/simpleserial/simpleserial.c **** 	simpleserial_addcmd('v', 0, check_version);
 673              		.loc 1 336 1 is_stmt 1 view -0
 674              		.cfi_startproc
 675              		@ args = 0, pretend = 0, frame = 0
 676              		@ frame_needed = 0, uses_anonymous_args = 0
 337:/home/pacl/Documents/Repository/chipwhisperer/firmware/mcu/simpleserial/simpleserial.c ****     simpleserial_addcmd('w', 0, ss_get_commands);
 677              		.loc 1 337 2 view .LVU174
 336:/home/pacl/Documents/Repository/chipwhisperer/firmware/mcu/simpleserial/simpleserial.c **** 	simpleserial_addcmd('v', 0, check_version);
 678              		.loc 1 336 1 is_stmt 0 view .LVU175
 679 0000 08B5     		push	{r3, lr}
 680              	.LCFI12:
 681              		.cfi_def_cfa_offset 8
 682              		.cfi_offset 3, -8
 683              		.cfi_offset 14, -4
 337:/home/pacl/Documents/Repository/chipwhisperer/firmware/mcu/simpleserial/simpleserial.c ****     simpleserial_addcmd('w', 0, ss_get_commands);
 684              		.loc 1 337 2 view .LVU176
 685 0002 074A     		ldr	r2, .L46
 686 0004 0021     		movs	r1, #0
 687 0006 7620     		movs	r0, #118
 688 0008 FFF7FEFF 		bl	simpleserial_addcmd
 689              	.LVL58:
 338:/home/pacl/Documents/Repository/chipwhisperer/firmware/mcu/simpleserial/simpleserial.c ****     simpleserial_addcmd('y', 0, ss_num_commands);
 690              		.loc 1 338 5 is_stmt 1 view .LVU177
 691 000c 054A     		ldr	r2, .L46+4
 692 000e 7720     		movs	r0, #119
 693 0010 FFF7FEFF 		bl	simpleserial_addcmd
 694              	.LVL59:
 339:/home/pacl/Documents/Repository/chipwhisperer/firmware/mcu/simpleserial/simpleserial.c **** }
 695              		.loc 1 339 5 view .LVU178
 340:/home/pacl/Documents/Repository/chipwhisperer/firmware/mcu/simpleserial/simpleserial.c **** 
 696              		.loc 1 340 1 is_stmt 0 view .LVU179
 697 0014 BDE80840 		pop	{r3, lr}
 698              	.LCFI13:
 699              		.cfi_restore 14
 700              		.cfi_restore 3
 701              		.cfi_def_cfa_offset 0
 339:/home/pacl/Documents/Repository/chipwhisperer/firmware/mcu/simpleserial/simpleserial.c **** }
 702              		.loc 1 339 5 view .LVU180
 703 0018 034A     		ldr	r2, .L46+8
 704 001a 7920     		movs	r0, #121
 705 001c FFF7FEBF 		b	simpleserial_addcmd
 706              	.LVL60:
 707              	.L47:
 708              		.align	2
 709              	.L46:
 710 0020 00000000 		.word	check_version
 711 0024 00000000 		.word	ss_get_commands
 712 0028 00000000 		.word	ss_num_commands
 713              		.cfi_endproc
 714              	.LFE5:
 716              		.section	.text.simpleserial_get,"ax",%progbits
 717              		.align	1
 718              		.global	simpleserial_get
 719              		.syntax unified
 720              		.thumb
 721              		.thumb_func
 723              	simpleserial_get:
 724              	.LFB8:
 365:/home/pacl/Documents/Repository/chipwhisperer/firmware/mcu/simpleserial/simpleserial.c **** 	char ascii_buf[2*MAX_SS_LEN];
 725              		.loc 1 365 1 is_stmt 1 view -0
 726              		.cfi_startproc
 727              		@ args = 0, pretend = 0, frame = 200
 728              		@ frame_needed = 0, uses_anonymous_args = 0
 366:/home/pacl/Documents/Repository/chipwhisperer/firmware/mcu/simpleserial/simpleserial.c **** 	uint8_t data_buf[MAX_SS_LEN];
 729              		.loc 1 366 2 view .LVU182
 367:/home/pacl/Documents/Repository/chipwhisperer/firmware/mcu/simpleserial/simpleserial.c **** 	char c;
 730              		.loc 1 367 2 view .LVU183
 368:/home/pacl/Documents/Repository/chipwhisperer/firmware/mcu/simpleserial/simpleserial.c **** 
 731              		.loc 1 368 2 view .LVU184
 371:/home/pacl/Documents/Repository/chipwhisperer/firmware/mcu/simpleserial/simpleserial.c **** 
 732              		.loc 1 371 2 view .LVU185
 365:/home/pacl/Documents/Repository/chipwhisperer/firmware/mcu/simpleserial/simpleserial.c **** 	char ascii_buf[2*MAX_SS_LEN];
 733              		.loc 1 365 1 is_stmt 0 view .LVU186
 734 0000 2DE9F041 		push	{r4, r5, r6, r7, r8, lr}
 735              	.LCFI14:
 736              		.cfi_def_cfa_offset 24
 737              		.cfi_offset 4, -24
 738              		.cfi_offset 5, -20
 739              		.cfi_offset 6, -16
 740              		.cfi_offset 7, -12
 741              		.cfi_offset 8, -8
 742              		.cfi_offset 14, -4
 374:/home/pacl/Documents/Repository/chipwhisperer/firmware/mcu/simpleserial/simpleserial.c **** 	{
 743              		.loc 1 374 19 discriminator 1 view .LVU187
 744 0004 2C4D     		ldr	r5, .L72
 365:/home/pacl/Documents/Repository/chipwhisperer/firmware/mcu/simpleserial/simpleserial.c **** 	char ascii_buf[2*MAX_SS_LEN];
 745              		.loc 1 365 1 view .LVU188
 746 0006 B2B0     		sub	sp, sp, #200
 747              	.LCFI15:
 748              		.cfi_def_cfa_offset 224
 371:/home/pacl/Documents/Repository/chipwhisperer/firmware/mcu/simpleserial/simpleserial.c **** 
 749              		.loc 1 371 6 view .LVU189
 750 0008 FFF7FEFF 		bl	getch
 751              	.LVL61:
 373:/home/pacl/Documents/Repository/chipwhisperer/firmware/mcu/simpleserial/simpleserial.c **** 	for(cmd = 0; cmd < num_commands; cmd++)
 752              		.loc 1 373 2 is_stmt 1 view .LVU190
 374:/home/pacl/Documents/Repository/chipwhisperer/firmware/mcu/simpleserial/simpleserial.c **** 	{
 753              		.loc 1 374 2 view .LVU191
 374:/home/pacl/Documents/Repository/chipwhisperer/firmware/mcu/simpleserial/simpleserial.c **** 	{
 754              		.loc 1 374 19 is_stmt 0 discriminator 1 view .LVU192
 755 000c 2A46     		mov	r2, r5
 374:/home/pacl/Documents/Repository/chipwhisperer/firmware/mcu/simpleserial/simpleserial.c **** 	{
 756              		.loc 1 374 10 view .LVU193
 757 000e 0023     		movs	r3, #0
 374:/home/pacl/Documents/Repository/chipwhisperer/firmware/mcu/simpleserial/simpleserial.c **** 	{
 758              		.loc 1 374 19 discriminator 1 view .LVU194
 759 0010 52F8041B 		ldr	r1, [r2], #4
 760              	.LVL62:
 761              	.L49:
 374:/home/pacl/Documents/Repository/chipwhisperer/firmware/mcu/simpleserial/simpleserial.c **** 	{
 762              		.loc 1 374 19 is_stmt 1 discriminator 1 view .LVU195
 763 0014 9942     		cmp	r1, r3
 764 0016 3FDC     		bgt	.L51
 381:/home/pacl/Documents/Repository/chipwhisperer/firmware/mcu/simpleserial/simpleserial.c **** 		return;
 765              		.loc 1 381 2 view .LVU196
 381:/home/pacl/Documents/Repository/chipwhisperer/firmware/mcu/simpleserial/simpleserial.c **** 		return;
 766              		.loc 1 381 4 is_stmt 0 view .LVU197
 767 0018 3BD0     		beq	.L48
 768              	.L50:
 385:/home/pacl/Documents/Repository/chipwhisperer/firmware/mcu/simpleserial/simpleserial.c **** 	{
 769              		.loc 1 385 2 is_stmt 1 view .LVU198
 385:/home/pacl/Documents/Repository/chipwhisperer/firmware/mcu/simpleserial/simpleserial.c **** 	{
 770              		.loc 1 385 20 is_stmt 0 view .LVU199
 771 001a 05EB0314 		add	r4, r5, r3, lsl #4
 772 001e 1E01     		lsls	r6, r3, #4
 385:/home/pacl/Documents/Repository/chipwhisperer/firmware/mcu/simpleserial/simpleserial.c **** 	{
 773              		.loc 1 385 5 view .LVU200
 774 0020 237C     		ldrb	r3, [r4, #16]	@ zero_extendqisi2
 775              	.LVL63:
 385:/home/pacl/Documents/Repository/chipwhisperer/firmware/mcu/simpleserial/simpleserial.c **** 	{
 776              		.loc 1 385 5 view .LVU201
 777 0022 DB07     		lsls	r3, r3, #31
 778 0024 13D5     		bpl	.L53
 779              	.LBB34:
 387:/home/pacl/Documents/Repository/chipwhisperer/firmware/mcu/simpleserial/simpleserial.c **** 		char buff[2];
 780              		.loc 1 387 3 is_stmt 1 view .LVU202
 387:/home/pacl/Documents/Repository/chipwhisperer/firmware/mcu/simpleserial/simpleserial.c **** 		char buff[2];
 781              		.loc 1 387 11 is_stmt 0 view .LVU203
 782 0026 0023     		movs	r3, #0
 783 0028 8DF80830 		strb	r3, [sp, #8]
 388:/home/pacl/Documents/Repository/chipwhisperer/firmware/mcu/simpleserial/simpleserial.c **** 		buff[0] = getch();
 784              		.loc 1 388 3 is_stmt 1 view .LVU204
 389:/home/pacl/Documents/Repository/chipwhisperer/firmware/mcu/simpleserial/simpleserial.c **** 		buff[1] = getch();
 785              		.loc 1 389 3 view .LVU205
 389:/home/pacl/Documents/Repository/chipwhisperer/firmware/mcu/simpleserial/simpleserial.c **** 		buff[1] = getch();
 786              		.loc 1 389 13 is_stmt 0 view .LVU206
 787 002c FFF7FEFF 		bl	getch
 788              	.LVL64:
 389:/home/pacl/Documents/Repository/chipwhisperer/firmware/mcu/simpleserial/simpleserial.c **** 		buff[1] = getch();
 789              		.loc 1 389 11 discriminator 1 view .LVU207
 790 0030 8DF84800 		strb	r0, [sp, #72]
 390:/home/pacl/Documents/Repository/chipwhisperer/firmware/mcu/simpleserial/simpleserial.c **** 		if (hex_decode(1, buff, &l))
 791              		.loc 1 390 3 is_stmt 1 view .LVU208
 390:/home/pacl/Documents/Repository/chipwhisperer/firmware/mcu/simpleserial/simpleserial.c **** 		if (hex_decode(1, buff, &l))
 792              		.loc 1 390 13 is_stmt 0 view .LVU209
 793 0034 FFF7FEFF 		bl	getch
 794              	.LVL65:
 391:/home/pacl/Documents/Repository/chipwhisperer/firmware/mcu/simpleserial/simpleserial.c **** 			return;
 795              		.loc 1 391 7 view .LVU210
 796 0038 02AA     		add	r2, sp, #8
 390:/home/pacl/Documents/Repository/chipwhisperer/firmware/mcu/simpleserial/simpleserial.c **** 		if (hex_decode(1, buff, &l))
 797              		.loc 1 390 11 discriminator 1 view .LVU211
 798 003a 8DF84900 		strb	r0, [sp, #73]
 391:/home/pacl/Documents/Repository/chipwhisperer/firmware/mcu/simpleserial/simpleserial.c **** 			return;
 799              		.loc 1 391 3 is_stmt 1 view .LVU212
 391:/home/pacl/Documents/Repository/chipwhisperer/firmware/mcu/simpleserial/simpleserial.c **** 			return;
 800              		.loc 1 391 7 is_stmt 0 view .LVU213
 801 003e 12A9     		add	r1, sp, #72
 802 0040 0120     		movs	r0, #1
 803 0042 FFF7FEFF 		bl	hex_decode
 804              	.LVL66:
 391:/home/pacl/Documents/Repository/chipwhisperer/firmware/mcu/simpleserial/simpleserial.c **** 			return;
 805              		.loc 1 391 6 discriminator 1 view .LVU214
 806 0046 20BB     		cbnz	r0, .L48
 393:/home/pacl/Documents/Repository/chipwhisperer/firmware/mcu/simpleserial/simpleserial.c **** 	}
 807              		.loc 1 393 3 is_stmt 1 view .LVU215
 393:/home/pacl/Documents/Repository/chipwhisperer/firmware/mcu/simpleserial/simpleserial.c **** 	}
 808              		.loc 1 393 21 is_stmt 0 view .LVU216
 809 0048 9DF80830 		ldrb	r3, [sp, #8]	@ zero_extendqisi2
 810 004c A360     		str	r3, [r4, #8]
 811              	.L53:
 812 004e 12AF     		add	r7, sp, #72
 813              	.LBE34:
 374:/home/pacl/Documents/Repository/chipwhisperer/firmware/mcu/simpleserial/simpleserial.c **** 	{
 814              		.loc 1 374 10 view .LVU217
 815 0050 0024     		movs	r4, #0
 816              	.LBB35:
 397:/home/pacl/Documents/Repository/chipwhisperer/firmware/mcu/simpleserial/simpleserial.c **** 	{
 817              		.loc 1 397 36 discriminator 1 view .LVU218
 818 0052 05EB0608 		add	r8, r5, r6
 819              	.LVL67:
 820              	.L56:
 397:/home/pacl/Documents/Repository/chipwhisperer/firmware/mcu/simpleserial/simpleserial.c **** 	{
 821              		.loc 1 397 19 is_stmt 1 discriminator 1 view .LVU219
 397:/home/pacl/Documents/Repository/chipwhisperer/firmware/mcu/simpleserial/simpleserial.c **** 	{
 822              		.loc 1 397 22 is_stmt 0 discriminator 1 view .LVU220
 823 0056 D8F80830 		ldr	r3, [r8, #8]
 397:/home/pacl/Documents/Repository/chipwhisperer/firmware/mcu/simpleserial/simpleserial.c **** 	{
 824              		.loc 1 397 19 discriminator 1 view .LVU221
 825 005a B4EB430F 		cmp	r4, r3, lsl #1
 826 005e 21D3     		bcc	.L57
 827              	.LBE35:
 409:/home/pacl/Documents/Repository/chipwhisperer/firmware/mcu/simpleserial/simpleserial.c **** 	if(c != '\n' && c != '\r')
 828              		.loc 1 409 2 is_stmt 1 view .LVU222
 409:/home/pacl/Documents/Repository/chipwhisperer/firmware/mcu/simpleserial/simpleserial.c **** 	if(c != '\n' && c != '\r')
 829              		.loc 1 409 6 is_stmt 0 view .LVU223
 830 0060 FFF7FEFF 		bl	getch
 831              	.LVL68:
 410:/home/pacl/Documents/Repository/chipwhisperer/firmware/mcu/simpleserial/simpleserial.c **** 		return;
 832              		.loc 1 410 2 is_stmt 1 view .LVU224
 410:/home/pacl/Documents/Repository/chipwhisperer/firmware/mcu/simpleserial/simpleserial.c **** 		return;
 833              		.loc 1 410 4 is_stmt 0 view .LVU225
 834 0064 0A28     		cmp	r0, #10
 835 0066 01D0     		beq	.L58
 410:/home/pacl/Documents/Repository/chipwhisperer/firmware/mcu/simpleserial/simpleserial.c **** 		return;
 836              		.loc 1 410 15 discriminator 1 view .LVU226
 837 0068 0D28     		cmp	r0, #13
 838 006a 12D1     		bne	.L48
 839              	.L58:
 415:/home/pacl/Documents/Repository/chipwhisperer/firmware/mcu/simpleserial/simpleserial.c **** 		return;
 840              		.loc 1 415 2 is_stmt 1 view .LVU227
 415:/home/pacl/Documents/Repository/chipwhisperer/firmware/mcu/simpleserial/simpleserial.c **** 		return;
 841              		.loc 1 415 29 is_stmt 0 view .LVU228
 842 006c 3544     		add	r5, r5, r6
 415:/home/pacl/Documents/Repository/chipwhisperer/firmware/mcu/simpleserial/simpleserial.c **** 		return;
 843              		.loc 1 415 5 view .LVU229
 844 006e 02AA     		add	r2, sp, #8
 415:/home/pacl/Documents/Repository/chipwhisperer/firmware/mcu/simpleserial/simpleserial.c **** 		return;
 845              		.loc 1 415 29 view .LVU230
 846 0070 AC68     		ldr	r4, [r5, #8]
 847              	.LVL69:
 415:/home/pacl/Documents/Repository/chipwhisperer/firmware/mcu/simpleserial/simpleserial.c **** 		return;
 848              		.loc 1 415 5 view .LVU231
 849 0072 12A9     		add	r1, sp, #72
 850 0074 2046     		mov	r0, r4
 851              	.LVL70:
 415:/home/pacl/Documents/Repository/chipwhisperer/firmware/mcu/simpleserial/simpleserial.c **** 		return;
 852              		.loc 1 415 5 view .LVU232
 853 0076 FFF7FEFF 		bl	hex_decode
 854              	.LVL71:
 415:/home/pacl/Documents/Repository/chipwhisperer/firmware/mcu/simpleserial/simpleserial.c **** 		return;
 855              		.loc 1 415 4 discriminator 1 view .LVU233
 856 007a 50B9     		cbnz	r0, .L48
 419:/home/pacl/Documents/Repository/chipwhisperer/firmware/mcu/simpleserial/simpleserial.c **** 	ret[0] = commands[cmd].fp(data_buf, commands[cmd].len);
 857              		.loc 1 419 2 is_stmt 1 view .LVU234
 420:/home/pacl/Documents/Repository/chipwhisperer/firmware/mcu/simpleserial/simpleserial.c **** 
 858              		.loc 1 420 2 view .LVU235
 420:/home/pacl/Documents/Repository/chipwhisperer/firmware/mcu/simpleserial/simpleserial.c **** 
 859              		.loc 1 420 11 is_stmt 0 view .LVU236
 860 007c E1B2     		uxtb	r1, r4
 861 007e EB68     		ldr	r3, [r5, #12]
 862 0080 02A8     		add	r0, sp, #8
 863 0082 9847     		blx	r3
 864              	.LVL72:
 865              	.LBB36:
 866              	.LBB37:
 867 0084 01AA     		add	r2, sp, #4
 868              	.LBE37:
 869              	.LBE36:
 420:/home/pacl/Documents/Repository/chipwhisperer/firmware/mcu/simpleserial/simpleserial.c **** 
 870              		.loc 1 420 9 discriminator 1 view .LVU237
 871 0086 8DF80400 		strb	r0, [sp, #4]
 424:/home/pacl/Documents/Repository/chipwhisperer/firmware/mcu/simpleserial/simpleserial.c **** #endif
 872              		.loc 1 424 2 is_stmt 1 view .LVU238
 873              	.LVL73:
 874              	.LBB39:
 875              	.LBI36:
 428:/home/pacl/Documents/Repository/chipwhisperer/firmware/mcu/simpleserial/simpleserial.c **** {
 876              		.loc 1 428 6 view .LVU239
 877              	.LBB38:
 431:/home/pacl/Documents/Repository/chipwhisperer/firmware/mcu/simpleserial/simpleserial.c **** 	putch(c);
 878              		.loc 1 431 5 view .LVU240
 879 008a 0121     		movs	r1, #1
 880 008c 7A20     		movs	r0, #122
 881 008e FFF7FEFF 		bl	simpleserial_put.part.0
 882              	.LVL74:
 883              	.L48:
 431:/home/pacl/Documents/Repository/chipwhisperer/firmware/mcu/simpleserial/simpleserial.c **** 	putch(c);
 884              		.loc 1 431 5 is_stmt 0 view .LVU241
 885              	.LBE38:
 886              	.LBE39:
 426:/home/pacl/Documents/Repository/chipwhisperer/firmware/mcu/simpleserial/simpleserial.c **** 
 887              		.loc 1 426 1 view .LVU242
 888 0092 32B0     		add	sp, sp, #200
 889              	.LCFI16:
 890              		.cfi_remember_state
 891              		.cfi_def_cfa_offset 24
 892              		@ sp needed
 893 0094 BDE8F081 		pop	{r4, r5, r6, r7, r8, pc}
 894              	.LVL75:
 895              	.L51:
 896              	.LCFI17:
 897              		.cfi_restore_state
 376:/home/pacl/Documents/Repository/chipwhisperer/firmware/mcu/simpleserial/simpleserial.c **** 			break;
 898              		.loc 1 376 3 is_stmt 1 view .LVU243
 376:/home/pacl/Documents/Repository/chipwhisperer/firmware/mcu/simpleserial/simpleserial.c **** 			break;
 899              		.loc 1 376 19 is_stmt 0 view .LVU244
 900 0098 1C01     		lsls	r4, r3, #4
 376:/home/pacl/Documents/Repository/chipwhisperer/firmware/mcu/simpleserial/simpleserial.c **** 			break;
 901              		.loc 1 376 5 view .LVU245
 902 009a A45C     		ldrb	r4, [r4, r2]	@ zero_extendqisi2
 903 009c 8442     		cmp	r4, r0
 904 009e BCD0     		beq	.L50
 374:/home/pacl/Documents/Repository/chipwhisperer/firmware/mcu/simpleserial/simpleserial.c **** 	{
 905              		.loc 1 374 38 is_stmt 1 discriminator 2 view .LVU246
 906 00a0 0133     		adds	r3, r3, #1
 907              	.LVL76:
 374:/home/pacl/Documents/Repository/chipwhisperer/firmware/mcu/simpleserial/simpleserial.c **** 	{
 908              		.loc 1 374 38 is_stmt 0 discriminator 2 view .LVU247
 909 00a2 B7E7     		b	.L49
 910              	.LVL77:
 911              	.L57:
 912              	.LBB40:
 399:/home/pacl/Documents/Repository/chipwhisperer/firmware/mcu/simpleserial/simpleserial.c **** 
 913              		.loc 1 399 3 is_stmt 1 view .LVU248
 399:/home/pacl/Documents/Repository/chipwhisperer/firmware/mcu/simpleserial/simpleserial.c **** 
 914              		.loc 1 399 7 is_stmt 0 view .LVU249
 915 00a4 FFF7FEFF 		bl	getch
 916              	.LVL78:
 402:/home/pacl/Documents/Repository/chipwhisperer/firmware/mcu/simpleserial/simpleserial.c **** 			return;
 917              		.loc 1 402 3 is_stmt 1 view .LVU250
 402:/home/pacl/Documents/Repository/chipwhisperer/firmware/mcu/simpleserial/simpleserial.c **** 			return;
 918              		.loc 1 402 5 is_stmt 0 view .LVU251
 919 00a8 0A28     		cmp	r0, #10
 920 00aa F2D0     		beq	.L48
 402:/home/pacl/Documents/Repository/chipwhisperer/firmware/mcu/simpleserial/simpleserial.c **** 			return;
 921              		.loc 1 402 16 discriminator 1 view .LVU252
 922 00ac 0D28     		cmp	r0, #13
 923 00ae F0D0     		beq	.L48
 405:/home/pacl/Documents/Repository/chipwhisperer/firmware/mcu/simpleserial/simpleserial.c **** 	}
 924              		.loc 1 405 3 is_stmt 1 view .LVU253
 405:/home/pacl/Documents/Repository/chipwhisperer/firmware/mcu/simpleserial/simpleserial.c **** 	}
 925              		.loc 1 405 16 is_stmt 0 view .LVU254
 926 00b0 07F8010B 		strb	r0, [r7], #1
 397:/home/pacl/Documents/Repository/chipwhisperer/firmware/mcu/simpleserial/simpleserial.c **** 	{
 927              		.loc 1 397 43 is_stmt 1 discriminator 2 view .LVU255
 928 00b4 0134     		adds	r4, r4, #1
 929              	.LVL79:
 397:/home/pacl/Documents/Repository/chipwhisperer/firmware/mcu/simpleserial/simpleserial.c **** 	{
 930              		.loc 1 397 43 is_stmt 0 discriminator 2 view .LVU256
 931 00b6 CEE7     		b	.L56
 932              	.L73:
 933              		.align	2
 934              	.L72:
 935 00b8 00000000 		.word	.LANCHOR1
 936              	.LBE40:
 937              		.cfi_endproc
 938              	.LFE8:
 940              		.section	.text.simpleserial_put,"ax",%progbits
 941              		.align	1
 942              		.global	simpleserial_put
 943              		.syntax unified
 944              		.thumb
 945              		.thumb_func
 947              	simpleserial_put:
 948              	.LVL80:
 949              	.LFB9:
 429:/home/pacl/Documents/Repository/chipwhisperer/firmware/mcu/simpleserial/simpleserial.c **** 	// Write first character
 950              		.loc 1 429 1 is_stmt 1 view -0
 951              		.cfi_startproc
 952              		@ args = 0, pretend = 0, frame = 0
 953              		@ frame_needed = 0, uses_anonymous_args = 0
 954              		@ link register save eliminated.
 431:/home/pacl/Documents/Repository/chipwhisperer/firmware/mcu/simpleserial/simpleserial.c **** 	putch(c);
 955              		.loc 1 431 5 view .LVU258
 431:/home/pacl/Documents/Repository/chipwhisperer/firmware/mcu/simpleserial/simpleserial.c **** 	putch(c);
 956              		.loc 1 431 8 is_stmt 0 view .LVU259
 957 0000 0AB1     		cbz	r2, .L74
 958 0002 FFF7FEBF 		b	simpleserial_put.part.0
 959              	.LVL81:
 960              	.L74:
 961              		.loc 1 443 1 view .LVU260
 962 0006 7047     		bx	lr
 963              		.cfi_endproc
 964              	.LFE9:
 966              		.section	.rodata
 967              		.set	.LANCHOR0,. + 0
 970              	hex_lookup:
 971 0000 30313233 		.ascii	"0123456789ABCDEF"
 971      34353637 
 971      38394142 
 971      43444546 
 972              		.bss
 973              		.align	2
 974              		.set	.LANCHOR1,. + 0
 977              	num_commands:
 978 0000 00000000 		.space	4
 981              	commands:
 982 0004 00000000 		.space	512
 982      00000000 
 982      00000000 
 982      00000000 
 982      00000000 
 983              		.text
 984              	.Letext0:
 985              		.file 2 "/usr/lib/gcc/arm-none-eabi/13.2.1/include/stdint.h"
 986              		.file 3 "/home/pacl/Documents/Repository/chipwhisperer/firmware/mcu/hal/chipwhisperer-fw-extra/stm
DEFINED SYMBOLS
                            *ABS*:00000000 simpleserial.c
     /tmp/cc0Oqfy6.s:21     .text.check_version:00000000 $t
     /tmp/cc0Oqfy6.s:27     .text.check_version:00000000 check_version
     /tmp/cc0Oqfy6.s:45     .text.simpleserial_put.part.0:00000000 $t
     /tmp/cc0Oqfy6.s:50     .text.simpleserial_put.part.0:00000000 simpleserial_put.part.0
     /tmp/cc0Oqfy6.s:131    .text.simpleserial_put.part.0:0000003c $d
     /tmp/cc0Oqfy6.s:137    .text.ss_num_commands:00000000 $t
     /tmp/cc0Oqfy6.s:143    .text.ss_num_commands:00000000 ss_num_commands
     /tmp/cc0Oqfy6.s:194    .text.ss_num_commands:00000020 $d
     /tmp/cc0Oqfy6.s:199    .text.ss_get_commands:00000000 $t
     /tmp/cc0Oqfy6.s:205    .text.ss_get_commands:00000000 ss_get_commands
     /tmp/cc0Oqfy6.s:318    .text.ss_get_commands:0000004c $d
     /tmp/cc0Oqfy6.s:324    .text.ss_crc:00000000 $t
     /tmp/cc0Oqfy6.s:330    .text.ss_crc:00000000 ss_crc
     /tmp/cc0Oqfy6.s:400    .text.hex_decode:00000000 $t
     /tmp/cc0Oqfy6.s:406    .text.hex_decode:00000000 hex_decode
     /tmp/cc0Oqfy6.s:571    .text.simpleserial_addcmd_flags:00000000 $t
     /tmp/cc0Oqfy6.s:577    .text.simpleserial_addcmd_flags:00000000 simpleserial_addcmd_flags
     /tmp/cc0Oqfy6.s:636    .text.simpleserial_addcmd_flags:00000028 $d
     /tmp/cc0Oqfy6.s:641    .text.simpleserial_addcmd:00000000 $t
     /tmp/cc0Oqfy6.s:647    .text.simpleserial_addcmd:00000000 simpleserial_addcmd
     /tmp/cc0Oqfy6.s:665    .text.simpleserial_init:00000000 $t
     /tmp/cc0Oqfy6.s:671    .text.simpleserial_init:00000000 simpleserial_init
     /tmp/cc0Oqfy6.s:710    .text.simpleserial_init:00000020 $d
     /tmp/cc0Oqfy6.s:717    .text.simpleserial_get:00000000 $t
     /tmp/cc0Oqfy6.s:723    .text.simpleserial_get:00000000 simpleserial_get
     /tmp/cc0Oqfy6.s:935    .text.simpleserial_get:000000b8 $d
     /tmp/cc0Oqfy6.s:941    .text.simpleserial_put:00000000 $t
     /tmp/cc0Oqfy6.s:947    .text.simpleserial_put:00000000 simpleserial_put
     /tmp/cc0Oqfy6.s:970    .rodata:00000000 hex_lookup
     /tmp/cc0Oqfy6.s:973    .bss:00000000 $d
     /tmp/cc0Oqfy6.s:977    .bss:00000000 num_commands
     /tmp/cc0Oqfy6.s:981    .bss:00000004 commands

UNDEFINED SYMBOLS
putch
getch
