   1              		.cpu cortex-m4
   2              		.arch armv7e-m
   3              		.fpu fpv4-sp-d16
   4              		.eabi_attribute 27, 1
   5              		.eabi_attribute 28, 1
   6              		.eabi_attribute 20, 1
   7              		.eabi_attribute 21, 1
   8              		.eabi_attribute 23, 3
   9              		.eabi_attribute 24, 1
  10              		.eabi_attribute 25, 1
  11              		.eabi_attribute 26, 1
  12              		.eabi_attribute 30, 4
  13              		.eabi_attribute 34, 1
  14              		.eabi_attribute 18, 4
  15              		.file	"stm32f4xx_hal_rng.c"
  16              		.text
  17              	.Ltext0:
  18              		.cfi_sections	.debug_frame
  19              		.file 1 "/home/pacl/Documents/Repository/chipwhisperer/firmware/mcu/hal/chipwhisperer-fw-extra/stm
  20              		.section	.text.HAL_RNG_MspInit,"ax",%progbits
  21              		.align	1
  22              		.weak	HAL_RNG_MspInit
  23              		.syntax unified
  24              		.thumb
  25              		.thumb_func
  27              	HAL_RNG_MspInit:
  28              	.LVL0:
  29              	.LFB128:
   1:/home/pacl/Documents/Repository/chipwhisperer/firmware/mcu/hal/chipwhisperer-fw-extra/stm32f4/stm32f4xx_hal_rng.c **** /**
   2:/home/pacl/Documents/Repository/chipwhisperer/firmware/mcu/hal/chipwhisperer-fw-extra/stm32f4/stm32f4xx_hal_rng.c ****   ******************************************************************************
   3:/home/pacl/Documents/Repository/chipwhisperer/firmware/mcu/hal/chipwhisperer-fw-extra/stm32f4/stm32f4xx_hal_rng.c ****   * @file    stm32f4xx_hal_rng.c
   4:/home/pacl/Documents/Repository/chipwhisperer/firmware/mcu/hal/chipwhisperer-fw-extra/stm32f4/stm32f4xx_hal_rng.c ****   * @author  MCD Application Team
   5:/home/pacl/Documents/Repository/chipwhisperer/firmware/mcu/hal/chipwhisperer-fw-extra/stm32f4/stm32f4xx_hal_rng.c ****   * @version V1.7.1
   6:/home/pacl/Documents/Repository/chipwhisperer/firmware/mcu/hal/chipwhisperer-fw-extra/stm32f4/stm32f4xx_hal_rng.c ****   * @date    14-April-2017
   7:/home/pacl/Documents/Repository/chipwhisperer/firmware/mcu/hal/chipwhisperer-fw-extra/stm32f4/stm32f4xx_hal_rng.c ****   * @brief   RNG HAL module driver.
   8:/home/pacl/Documents/Repository/chipwhisperer/firmware/mcu/hal/chipwhisperer-fw-extra/stm32f4/stm32f4xx_hal_rng.c ****   *          This file provides firmware functions to manage the following 
   9:/home/pacl/Documents/Repository/chipwhisperer/firmware/mcu/hal/chipwhisperer-fw-extra/stm32f4/stm32f4xx_hal_rng.c ****   *          functionalities of the Random Number Generator (RNG) peripheral:
  10:/home/pacl/Documents/Repository/chipwhisperer/firmware/mcu/hal/chipwhisperer-fw-extra/stm32f4/stm32f4xx_hal_rng.c ****   *           + Initialization/de-initialization functions
  11:/home/pacl/Documents/Repository/chipwhisperer/firmware/mcu/hal/chipwhisperer-fw-extra/stm32f4/stm32f4xx_hal_rng.c ****   *           + Peripheral Control functions 
  12:/home/pacl/Documents/Repository/chipwhisperer/firmware/mcu/hal/chipwhisperer-fw-extra/stm32f4/stm32f4xx_hal_rng.c ****   *           + Peripheral State functions
  13:/home/pacl/Documents/Repository/chipwhisperer/firmware/mcu/hal/chipwhisperer-fw-extra/stm32f4/stm32f4xx_hal_rng.c ****   *         
  14:/home/pacl/Documents/Repository/chipwhisperer/firmware/mcu/hal/chipwhisperer-fw-extra/stm32f4/stm32f4xx_hal_rng.c ****   @verbatim
  15:/home/pacl/Documents/Repository/chipwhisperer/firmware/mcu/hal/chipwhisperer-fw-extra/stm32f4/stm32f4xx_hal_rng.c ****   ==============================================================================
  16:/home/pacl/Documents/Repository/chipwhisperer/firmware/mcu/hal/chipwhisperer-fw-extra/stm32f4/stm32f4xx_hal_rng.c ****                      ##### How to use this driver #####
  17:/home/pacl/Documents/Repository/chipwhisperer/firmware/mcu/hal/chipwhisperer-fw-extra/stm32f4/stm32f4xx_hal_rng.c ****   ==============================================================================
  18:/home/pacl/Documents/Repository/chipwhisperer/firmware/mcu/hal/chipwhisperer-fw-extra/stm32f4/stm32f4xx_hal_rng.c ****   [..]
  19:/home/pacl/Documents/Repository/chipwhisperer/firmware/mcu/hal/chipwhisperer-fw-extra/stm32f4/stm32f4xx_hal_rng.c ****       The RNG HAL driver can be used as follows:
  20:/home/pacl/Documents/Repository/chipwhisperer/firmware/mcu/hal/chipwhisperer-fw-extra/stm32f4/stm32f4xx_hal_rng.c **** 
  21:/home/pacl/Documents/Repository/chipwhisperer/firmware/mcu/hal/chipwhisperer-fw-extra/stm32f4/stm32f4xx_hal_rng.c ****       (#) Enable the RNG controller clock using __HAL_RCC_RNG_CLK_ENABLE() macro 
  22:/home/pacl/Documents/Repository/chipwhisperer/firmware/mcu/hal/chipwhisperer-fw-extra/stm32f4/stm32f4xx_hal_rng.c ****           in HAL_RNG_MspInit().
  23:/home/pacl/Documents/Repository/chipwhisperer/firmware/mcu/hal/chipwhisperer-fw-extra/stm32f4/stm32f4xx_hal_rng.c ****       (#) Activate the RNG peripheral using HAL_RNG_Init() function.
  24:/home/pacl/Documents/Repository/chipwhisperer/firmware/mcu/hal/chipwhisperer-fw-extra/stm32f4/stm32f4xx_hal_rng.c ****       (#) Wait until the 32 bit Random Number Generator contains a valid 
  25:/home/pacl/Documents/Repository/chipwhisperer/firmware/mcu/hal/chipwhisperer-fw-extra/stm32f4/stm32f4xx_hal_rng.c ****           random data using (polling/interrupt) mode.   
  26:/home/pacl/Documents/Repository/chipwhisperer/firmware/mcu/hal/chipwhisperer-fw-extra/stm32f4/stm32f4xx_hal_rng.c ****       (#) Get the 32 bit random number using HAL_RNG_GenerateRandomNumber() function.
  27:/home/pacl/Documents/Repository/chipwhisperer/firmware/mcu/hal/chipwhisperer-fw-extra/stm32f4/stm32f4xx_hal_rng.c ****   
  28:/home/pacl/Documents/Repository/chipwhisperer/firmware/mcu/hal/chipwhisperer-fw-extra/stm32f4/stm32f4xx_hal_rng.c ****   @endverbatim
  29:/home/pacl/Documents/Repository/chipwhisperer/firmware/mcu/hal/chipwhisperer-fw-extra/stm32f4/stm32f4xx_hal_rng.c ****   ******************************************************************************
  30:/home/pacl/Documents/Repository/chipwhisperer/firmware/mcu/hal/chipwhisperer-fw-extra/stm32f4/stm32f4xx_hal_rng.c ****   * @attention
  31:/home/pacl/Documents/Repository/chipwhisperer/firmware/mcu/hal/chipwhisperer-fw-extra/stm32f4/stm32f4xx_hal_rng.c ****   *
  32:/home/pacl/Documents/Repository/chipwhisperer/firmware/mcu/hal/chipwhisperer-fw-extra/stm32f4/stm32f4xx_hal_rng.c ****   * <h2><center>&copy; COPYRIGHT(c) 2017 STMicroelectronics</center></h2>
  33:/home/pacl/Documents/Repository/chipwhisperer/firmware/mcu/hal/chipwhisperer-fw-extra/stm32f4/stm32f4xx_hal_rng.c ****   *
  34:/home/pacl/Documents/Repository/chipwhisperer/firmware/mcu/hal/chipwhisperer-fw-extra/stm32f4/stm32f4xx_hal_rng.c ****   * Redistribution and use in source and binary forms, with or without modification,
  35:/home/pacl/Documents/Repository/chipwhisperer/firmware/mcu/hal/chipwhisperer-fw-extra/stm32f4/stm32f4xx_hal_rng.c ****   * are permitted provided that the following conditions are met:
  36:/home/pacl/Documents/Repository/chipwhisperer/firmware/mcu/hal/chipwhisperer-fw-extra/stm32f4/stm32f4xx_hal_rng.c ****   *   1. Redistributions of source code must retain the above copyright notice,
  37:/home/pacl/Documents/Repository/chipwhisperer/firmware/mcu/hal/chipwhisperer-fw-extra/stm32f4/stm32f4xx_hal_rng.c ****   *      this list of conditions and the following disclaimer.
  38:/home/pacl/Documents/Repository/chipwhisperer/firmware/mcu/hal/chipwhisperer-fw-extra/stm32f4/stm32f4xx_hal_rng.c ****   *   2. Redistributions in binary form must reproduce the above copyright notice,
  39:/home/pacl/Documents/Repository/chipwhisperer/firmware/mcu/hal/chipwhisperer-fw-extra/stm32f4/stm32f4xx_hal_rng.c ****   *      this list of conditions and the following disclaimer in the documentation
  40:/home/pacl/Documents/Repository/chipwhisperer/firmware/mcu/hal/chipwhisperer-fw-extra/stm32f4/stm32f4xx_hal_rng.c ****   *      and/or other materials provided with the distribution.
  41:/home/pacl/Documents/Repository/chipwhisperer/firmware/mcu/hal/chipwhisperer-fw-extra/stm32f4/stm32f4xx_hal_rng.c ****   *   3. Neither the name of STMicroelectronics nor the names of its contributors
  42:/home/pacl/Documents/Repository/chipwhisperer/firmware/mcu/hal/chipwhisperer-fw-extra/stm32f4/stm32f4xx_hal_rng.c ****   *      may be used to endorse or promote products derived from this software
  43:/home/pacl/Documents/Repository/chipwhisperer/firmware/mcu/hal/chipwhisperer-fw-extra/stm32f4/stm32f4xx_hal_rng.c ****   *      without specific prior written permission.
  44:/home/pacl/Documents/Repository/chipwhisperer/firmware/mcu/hal/chipwhisperer-fw-extra/stm32f4/stm32f4xx_hal_rng.c ****   *
  45:/home/pacl/Documents/Repository/chipwhisperer/firmware/mcu/hal/chipwhisperer-fw-extra/stm32f4/stm32f4xx_hal_rng.c ****   * THIS SOFTWARE IS PROVIDED BY THE COPYRIGHT HOLDERS AND CONTRIBUTORS "AS IS"
  46:/home/pacl/Documents/Repository/chipwhisperer/firmware/mcu/hal/chipwhisperer-fw-extra/stm32f4/stm32f4xx_hal_rng.c ****   * AND ANY EXPRESS OR IMPLIED WARRANTIES, INCLUDING, BUT NOT LIMITED TO, THE
  47:/home/pacl/Documents/Repository/chipwhisperer/firmware/mcu/hal/chipwhisperer-fw-extra/stm32f4/stm32f4xx_hal_rng.c ****   * IMPLIED WARRANTIES OF MERCHANTABILITY AND FITNESS FOR A PARTICULAR PURPOSE ARE
  48:/home/pacl/Documents/Repository/chipwhisperer/firmware/mcu/hal/chipwhisperer-fw-extra/stm32f4/stm32f4xx_hal_rng.c ****   * DISCLAIMED. IN NO EVENT SHALL THE COPYRIGHT HOLDER OR CONTRIBUTORS BE LIABLE
  49:/home/pacl/Documents/Repository/chipwhisperer/firmware/mcu/hal/chipwhisperer-fw-extra/stm32f4/stm32f4xx_hal_rng.c ****   * FOR ANY DIRECT, INDIRECT, INCIDENTAL, SPECIAL, EXEMPLARY, OR CONSEQUENTIAL
  50:/home/pacl/Documents/Repository/chipwhisperer/firmware/mcu/hal/chipwhisperer-fw-extra/stm32f4/stm32f4xx_hal_rng.c ****   * DAMAGES (INCLUDING, BUT NOT LIMITED TO, PROCUREMENT OF SUBSTITUTE GOODS OR
  51:/home/pacl/Documents/Repository/chipwhisperer/firmware/mcu/hal/chipwhisperer-fw-extra/stm32f4/stm32f4xx_hal_rng.c ****   * SERVICES; LOSS OF USE, DATA, OR PROFITS; OR BUSINESS INTERRUPTION) HOWEVER
  52:/home/pacl/Documents/Repository/chipwhisperer/firmware/mcu/hal/chipwhisperer-fw-extra/stm32f4/stm32f4xx_hal_rng.c ****   * CAUSED AND ON ANY THEORY OF LIABILITY, WHETHER IN CONTRACT, STRICT LIABILITY,
  53:/home/pacl/Documents/Repository/chipwhisperer/firmware/mcu/hal/chipwhisperer-fw-extra/stm32f4/stm32f4xx_hal_rng.c ****   * OR TORT (INCLUDING NEGLIGENCE OR OTHERWISE) ARISING IN ANY WAY OUT OF THE USE
  54:/home/pacl/Documents/Repository/chipwhisperer/firmware/mcu/hal/chipwhisperer-fw-extra/stm32f4/stm32f4xx_hal_rng.c ****   * OF THIS SOFTWARE, EVEN IF ADVISED OF THE POSSIBILITY OF SUCH DAMAGE.
  55:/home/pacl/Documents/Repository/chipwhisperer/firmware/mcu/hal/chipwhisperer-fw-extra/stm32f4/stm32f4xx_hal_rng.c ****   *
  56:/home/pacl/Documents/Repository/chipwhisperer/firmware/mcu/hal/chipwhisperer-fw-extra/stm32f4/stm32f4xx_hal_rng.c ****   ******************************************************************************
  57:/home/pacl/Documents/Repository/chipwhisperer/firmware/mcu/hal/chipwhisperer-fw-extra/stm32f4/stm32f4xx_hal_rng.c ****   */ 
  58:/home/pacl/Documents/Repository/chipwhisperer/firmware/mcu/hal/chipwhisperer-fw-extra/stm32f4/stm32f4xx_hal_rng.c **** 
  59:/home/pacl/Documents/Repository/chipwhisperer/firmware/mcu/hal/chipwhisperer-fw-extra/stm32f4/stm32f4xx_hal_rng.c **** /* Includes ------------------------------------------------------------------*/
  60:/home/pacl/Documents/Repository/chipwhisperer/firmware/mcu/hal/chipwhisperer-fw-extra/stm32f4/stm32f4xx_hal_rng.c **** //#include "stm32f4xx_hal.h"
  61:/home/pacl/Documents/Repository/chipwhisperer/firmware/mcu/hal/chipwhisperer-fw-extra/stm32f4/stm32f4xx_hal_rng.c **** #include "stm32f4xx_hal_rng.h"
  62:/home/pacl/Documents/Repository/chipwhisperer/firmware/mcu/hal/chipwhisperer-fw-extra/stm32f4/stm32f4xx_hal_rng.c **** 
  63:/home/pacl/Documents/Repository/chipwhisperer/firmware/mcu/hal/chipwhisperer-fw-extra/stm32f4/stm32f4xx_hal_rng.c **** extern uint32_t HAL_GetTick(void);
  64:/home/pacl/Documents/Repository/chipwhisperer/firmware/mcu/hal/chipwhisperer-fw-extra/stm32f4/stm32f4xx_hal_rng.c **** 
  65:/home/pacl/Documents/Repository/chipwhisperer/firmware/mcu/hal/chipwhisperer-fw-extra/stm32f4/stm32f4xx_hal_rng.c **** /** @addtogroup STM32F4xx_HAL_Driver
  66:/home/pacl/Documents/Repository/chipwhisperer/firmware/mcu/hal/chipwhisperer-fw-extra/stm32f4/stm32f4xx_hal_rng.c ****   * @{
  67:/home/pacl/Documents/Repository/chipwhisperer/firmware/mcu/hal/chipwhisperer-fw-extra/stm32f4/stm32f4xx_hal_rng.c ****   */
  68:/home/pacl/Documents/Repository/chipwhisperer/firmware/mcu/hal/chipwhisperer-fw-extra/stm32f4/stm32f4xx_hal_rng.c **** 
  69:/home/pacl/Documents/Repository/chipwhisperer/firmware/mcu/hal/chipwhisperer-fw-extra/stm32f4/stm32f4xx_hal_rng.c **** /** @addtogroup RNG 
  70:/home/pacl/Documents/Repository/chipwhisperer/firmware/mcu/hal/chipwhisperer-fw-extra/stm32f4/stm32f4xx_hal_rng.c ****   * @{
  71:/home/pacl/Documents/Repository/chipwhisperer/firmware/mcu/hal/chipwhisperer-fw-extra/stm32f4/stm32f4xx_hal_rng.c ****   */
  72:/home/pacl/Documents/Repository/chipwhisperer/firmware/mcu/hal/chipwhisperer-fw-extra/stm32f4/stm32f4xx_hal_rng.c **** 
  73:/home/pacl/Documents/Repository/chipwhisperer/firmware/mcu/hal/chipwhisperer-fw-extra/stm32f4/stm32f4xx_hal_rng.c **** //#ifdef HAL_RNG_MODULE_ENABLED
  74:/home/pacl/Documents/Repository/chipwhisperer/firmware/mcu/hal/chipwhisperer-fw-extra/stm32f4/stm32f4xx_hal_rng.c **** 
  75:/home/pacl/Documents/Repository/chipwhisperer/firmware/mcu/hal/chipwhisperer-fw-extra/stm32f4/stm32f4xx_hal_rng.c **** #if defined(STM32F405xx) || defined(STM32F415xx) || defined(STM32F407xx) || defined(STM32F417xx) ||
  76:/home/pacl/Documents/Repository/chipwhisperer/firmware/mcu/hal/chipwhisperer-fw-extra/stm32f4/stm32f4xx_hal_rng.c ****     defined(STM32F427xx) || defined(STM32F437xx) || defined(STM32F429xx) || defined(STM32F439xx) ||
  77:/home/pacl/Documents/Repository/chipwhisperer/firmware/mcu/hal/chipwhisperer-fw-extra/stm32f4/stm32f4xx_hal_rng.c ****     defined(STM32F410Tx) || defined(STM32F410Cx) || defined(STM32F410Rx) || defined(STM32F469xx) ||
  78:/home/pacl/Documents/Repository/chipwhisperer/firmware/mcu/hal/chipwhisperer-fw-extra/stm32f4/stm32f4xx_hal_rng.c ****     defined(STM32F479xx) || defined(STM32F412Zx) || defined(STM32F412Vx) || defined(STM32F412Rx) ||
  79:/home/pacl/Documents/Repository/chipwhisperer/firmware/mcu/hal/chipwhisperer-fw-extra/stm32f4/stm32f4xx_hal_rng.c ****     defined(STM32F412Cx) || defined(STM32F413xx) || defined(STM32F423xx)
  80:/home/pacl/Documents/Repository/chipwhisperer/firmware/mcu/hal/chipwhisperer-fw-extra/stm32f4/stm32f4xx_hal_rng.c **** 
  81:/home/pacl/Documents/Repository/chipwhisperer/firmware/mcu/hal/chipwhisperer-fw-extra/stm32f4/stm32f4xx_hal_rng.c **** 
  82:/home/pacl/Documents/Repository/chipwhisperer/firmware/mcu/hal/chipwhisperer-fw-extra/stm32f4/stm32f4xx_hal_rng.c **** /* Private types -------------------------------------------------------------*/
  83:/home/pacl/Documents/Repository/chipwhisperer/firmware/mcu/hal/chipwhisperer-fw-extra/stm32f4/stm32f4xx_hal_rng.c **** /* Private defines -----------------------------------------------------------*/
  84:/home/pacl/Documents/Repository/chipwhisperer/firmware/mcu/hal/chipwhisperer-fw-extra/stm32f4/stm32f4xx_hal_rng.c **** /* Private variables ---------------------------------------------------------*/
  85:/home/pacl/Documents/Repository/chipwhisperer/firmware/mcu/hal/chipwhisperer-fw-extra/stm32f4/stm32f4xx_hal_rng.c **** /* Private constants ---------------------------------------------------------*/
  86:/home/pacl/Documents/Repository/chipwhisperer/firmware/mcu/hal/chipwhisperer-fw-extra/stm32f4/stm32f4xx_hal_rng.c **** /** @addtogroup RNG_Private_Constants
  87:/home/pacl/Documents/Repository/chipwhisperer/firmware/mcu/hal/chipwhisperer-fw-extra/stm32f4/stm32f4xx_hal_rng.c ****   * @{
  88:/home/pacl/Documents/Repository/chipwhisperer/firmware/mcu/hal/chipwhisperer-fw-extra/stm32f4/stm32f4xx_hal_rng.c ****   */
  89:/home/pacl/Documents/Repository/chipwhisperer/firmware/mcu/hal/chipwhisperer-fw-extra/stm32f4/stm32f4xx_hal_rng.c **** #define RNG_TIMEOUT_VALUE     2U
  90:/home/pacl/Documents/Repository/chipwhisperer/firmware/mcu/hal/chipwhisperer-fw-extra/stm32f4/stm32f4xx_hal_rng.c **** /**
  91:/home/pacl/Documents/Repository/chipwhisperer/firmware/mcu/hal/chipwhisperer-fw-extra/stm32f4/stm32f4xx_hal_rng.c ****   * @}
  92:/home/pacl/Documents/Repository/chipwhisperer/firmware/mcu/hal/chipwhisperer-fw-extra/stm32f4/stm32f4xx_hal_rng.c ****   */ 
  93:/home/pacl/Documents/Repository/chipwhisperer/firmware/mcu/hal/chipwhisperer-fw-extra/stm32f4/stm32f4xx_hal_rng.c **** /* Private macros ------------------------------------------------------------*/
  94:/home/pacl/Documents/Repository/chipwhisperer/firmware/mcu/hal/chipwhisperer-fw-extra/stm32f4/stm32f4xx_hal_rng.c **** /* Private functions prototypes ----------------------------------------------*/
  95:/home/pacl/Documents/Repository/chipwhisperer/firmware/mcu/hal/chipwhisperer-fw-extra/stm32f4/stm32f4xx_hal_rng.c **** /* Private functions ---------------------------------------------------------*/
  96:/home/pacl/Documents/Repository/chipwhisperer/firmware/mcu/hal/chipwhisperer-fw-extra/stm32f4/stm32f4xx_hal_rng.c **** /* Exported functions --------------------------------------------------------*/
  97:/home/pacl/Documents/Repository/chipwhisperer/firmware/mcu/hal/chipwhisperer-fw-extra/stm32f4/stm32f4xx_hal_rng.c **** 
  98:/home/pacl/Documents/Repository/chipwhisperer/firmware/mcu/hal/chipwhisperer-fw-extra/stm32f4/stm32f4xx_hal_rng.c **** /** @addtogroup RNG_Exported_Functions
  99:/home/pacl/Documents/Repository/chipwhisperer/firmware/mcu/hal/chipwhisperer-fw-extra/stm32f4/stm32f4xx_hal_rng.c ****   * @{
 100:/home/pacl/Documents/Repository/chipwhisperer/firmware/mcu/hal/chipwhisperer-fw-extra/stm32f4/stm32f4xx_hal_rng.c ****   */
 101:/home/pacl/Documents/Repository/chipwhisperer/firmware/mcu/hal/chipwhisperer-fw-extra/stm32f4/stm32f4xx_hal_rng.c **** 
 102:/home/pacl/Documents/Repository/chipwhisperer/firmware/mcu/hal/chipwhisperer-fw-extra/stm32f4/stm32f4xx_hal_rng.c **** /** @addtogroup RNG_Exported_Functions_Group1
 103:/home/pacl/Documents/Repository/chipwhisperer/firmware/mcu/hal/chipwhisperer-fw-extra/stm32f4/stm32f4xx_hal_rng.c ****  *  @brief   Initialization and de-initialization functions
 104:/home/pacl/Documents/Repository/chipwhisperer/firmware/mcu/hal/chipwhisperer-fw-extra/stm32f4/stm32f4xx_hal_rng.c ****  *
 105:/home/pacl/Documents/Repository/chipwhisperer/firmware/mcu/hal/chipwhisperer-fw-extra/stm32f4/stm32f4xx_hal_rng.c **** @verbatim
 106:/home/pacl/Documents/Repository/chipwhisperer/firmware/mcu/hal/chipwhisperer-fw-extra/stm32f4/stm32f4xx_hal_rng.c ****  ===============================================================================
 107:/home/pacl/Documents/Repository/chipwhisperer/firmware/mcu/hal/chipwhisperer-fw-extra/stm32f4/stm32f4xx_hal_rng.c ****           ##### Initialization and de-initialization functions #####
 108:/home/pacl/Documents/Repository/chipwhisperer/firmware/mcu/hal/chipwhisperer-fw-extra/stm32f4/stm32f4xx_hal_rng.c ****  ===============================================================================
 109:/home/pacl/Documents/Repository/chipwhisperer/firmware/mcu/hal/chipwhisperer-fw-extra/stm32f4/stm32f4xx_hal_rng.c ****     [..]  This section provides functions allowing to:
 110:/home/pacl/Documents/Repository/chipwhisperer/firmware/mcu/hal/chipwhisperer-fw-extra/stm32f4/stm32f4xx_hal_rng.c ****       (+) Initialize the RNG according to the specified parameters 
 111:/home/pacl/Documents/Repository/chipwhisperer/firmware/mcu/hal/chipwhisperer-fw-extra/stm32f4/stm32f4xx_hal_rng.c ****           in the RNG_InitTypeDef and create the associated handle
 112:/home/pacl/Documents/Repository/chipwhisperer/firmware/mcu/hal/chipwhisperer-fw-extra/stm32f4/stm32f4xx_hal_rng.c ****       (+) DeInitialize the RNG peripheral
 113:/home/pacl/Documents/Repository/chipwhisperer/firmware/mcu/hal/chipwhisperer-fw-extra/stm32f4/stm32f4xx_hal_rng.c ****       (+) Initialize the RNG MSP
 114:/home/pacl/Documents/Repository/chipwhisperer/firmware/mcu/hal/chipwhisperer-fw-extra/stm32f4/stm32f4xx_hal_rng.c ****       (+) DeInitialize RNG MSP 
 115:/home/pacl/Documents/Repository/chipwhisperer/firmware/mcu/hal/chipwhisperer-fw-extra/stm32f4/stm32f4xx_hal_rng.c **** 
 116:/home/pacl/Documents/Repository/chipwhisperer/firmware/mcu/hal/chipwhisperer-fw-extra/stm32f4/stm32f4xx_hal_rng.c **** @endverbatim
 117:/home/pacl/Documents/Repository/chipwhisperer/firmware/mcu/hal/chipwhisperer-fw-extra/stm32f4/stm32f4xx_hal_rng.c ****   * @{
 118:/home/pacl/Documents/Repository/chipwhisperer/firmware/mcu/hal/chipwhisperer-fw-extra/stm32f4/stm32f4xx_hal_rng.c ****   */
 119:/home/pacl/Documents/Repository/chipwhisperer/firmware/mcu/hal/chipwhisperer-fw-extra/stm32f4/stm32f4xx_hal_rng.c ****   
 120:/home/pacl/Documents/Repository/chipwhisperer/firmware/mcu/hal/chipwhisperer-fw-extra/stm32f4/stm32f4xx_hal_rng.c **** /**
 121:/home/pacl/Documents/Repository/chipwhisperer/firmware/mcu/hal/chipwhisperer-fw-extra/stm32f4/stm32f4xx_hal_rng.c ****   * @brief  Initializes the RNG peripheral and creates the associated handle.
 122:/home/pacl/Documents/Repository/chipwhisperer/firmware/mcu/hal/chipwhisperer-fw-extra/stm32f4/stm32f4xx_hal_rng.c ****   * @param  hrng: pointer to a RNG_HandleTypeDef structure that contains
 123:/home/pacl/Documents/Repository/chipwhisperer/firmware/mcu/hal/chipwhisperer-fw-extra/stm32f4/stm32f4xx_hal_rng.c ****   *                the configuration information for RNG.
 124:/home/pacl/Documents/Repository/chipwhisperer/firmware/mcu/hal/chipwhisperer-fw-extra/stm32f4/stm32f4xx_hal_rng.c ****   * @retval HAL status
 125:/home/pacl/Documents/Repository/chipwhisperer/firmware/mcu/hal/chipwhisperer-fw-extra/stm32f4/stm32f4xx_hal_rng.c ****   */
 126:/home/pacl/Documents/Repository/chipwhisperer/firmware/mcu/hal/chipwhisperer-fw-extra/stm32f4/stm32f4xx_hal_rng.c **** HAL_StatusTypeDef HAL_RNG_Init(RNG_HandleTypeDef *hrng)
 127:/home/pacl/Documents/Repository/chipwhisperer/firmware/mcu/hal/chipwhisperer-fw-extra/stm32f4/stm32f4xx_hal_rng.c **** { 
 128:/home/pacl/Documents/Repository/chipwhisperer/firmware/mcu/hal/chipwhisperer-fw-extra/stm32f4/stm32f4xx_hal_rng.c ****   /* Check the RNG handle allocation */
 129:/home/pacl/Documents/Repository/chipwhisperer/firmware/mcu/hal/chipwhisperer-fw-extra/stm32f4/stm32f4xx_hal_rng.c ****   if(hrng == NULL)
 130:/home/pacl/Documents/Repository/chipwhisperer/firmware/mcu/hal/chipwhisperer-fw-extra/stm32f4/stm32f4xx_hal_rng.c ****   {
 131:/home/pacl/Documents/Repository/chipwhisperer/firmware/mcu/hal/chipwhisperer-fw-extra/stm32f4/stm32f4xx_hal_rng.c ****     return HAL_ERROR;
 132:/home/pacl/Documents/Repository/chipwhisperer/firmware/mcu/hal/chipwhisperer-fw-extra/stm32f4/stm32f4xx_hal_rng.c ****   }
 133:/home/pacl/Documents/Repository/chipwhisperer/firmware/mcu/hal/chipwhisperer-fw-extra/stm32f4/stm32f4xx_hal_rng.c ****   
 134:/home/pacl/Documents/Repository/chipwhisperer/firmware/mcu/hal/chipwhisperer-fw-extra/stm32f4/stm32f4xx_hal_rng.c ****   __HAL_LOCK(hrng);
 135:/home/pacl/Documents/Repository/chipwhisperer/firmware/mcu/hal/chipwhisperer-fw-extra/stm32f4/stm32f4xx_hal_rng.c ****   
 136:/home/pacl/Documents/Repository/chipwhisperer/firmware/mcu/hal/chipwhisperer-fw-extra/stm32f4/stm32f4xx_hal_rng.c ****   if(hrng->State == HAL_RNG_STATE_RESET)
 137:/home/pacl/Documents/Repository/chipwhisperer/firmware/mcu/hal/chipwhisperer-fw-extra/stm32f4/stm32f4xx_hal_rng.c ****   {  
 138:/home/pacl/Documents/Repository/chipwhisperer/firmware/mcu/hal/chipwhisperer-fw-extra/stm32f4/stm32f4xx_hal_rng.c ****     /* Allocate lock resource and initialize it */
 139:/home/pacl/Documents/Repository/chipwhisperer/firmware/mcu/hal/chipwhisperer-fw-extra/stm32f4/stm32f4xx_hal_rng.c ****     hrng->Lock = HAL_UNLOCKED;
 140:/home/pacl/Documents/Repository/chipwhisperer/firmware/mcu/hal/chipwhisperer-fw-extra/stm32f4/stm32f4xx_hal_rng.c ****     /* Init the low level hardware */
 141:/home/pacl/Documents/Repository/chipwhisperer/firmware/mcu/hal/chipwhisperer-fw-extra/stm32f4/stm32f4xx_hal_rng.c ****     HAL_RNG_MspInit(hrng);
 142:/home/pacl/Documents/Repository/chipwhisperer/firmware/mcu/hal/chipwhisperer-fw-extra/stm32f4/stm32f4xx_hal_rng.c ****   }
 143:/home/pacl/Documents/Repository/chipwhisperer/firmware/mcu/hal/chipwhisperer-fw-extra/stm32f4/stm32f4xx_hal_rng.c ****   
 144:/home/pacl/Documents/Repository/chipwhisperer/firmware/mcu/hal/chipwhisperer-fw-extra/stm32f4/stm32f4xx_hal_rng.c ****   /* Change RNG peripheral state */
 145:/home/pacl/Documents/Repository/chipwhisperer/firmware/mcu/hal/chipwhisperer-fw-extra/stm32f4/stm32f4xx_hal_rng.c ****   hrng->State = HAL_RNG_STATE_BUSY;
 146:/home/pacl/Documents/Repository/chipwhisperer/firmware/mcu/hal/chipwhisperer-fw-extra/stm32f4/stm32f4xx_hal_rng.c **** 
 147:/home/pacl/Documents/Repository/chipwhisperer/firmware/mcu/hal/chipwhisperer-fw-extra/stm32f4/stm32f4xx_hal_rng.c ****   /* Enable the RNG Peripheral */
 148:/home/pacl/Documents/Repository/chipwhisperer/firmware/mcu/hal/chipwhisperer-fw-extra/stm32f4/stm32f4xx_hal_rng.c ****   __HAL_RNG_ENABLE(hrng);
 149:/home/pacl/Documents/Repository/chipwhisperer/firmware/mcu/hal/chipwhisperer-fw-extra/stm32f4/stm32f4xx_hal_rng.c **** 
 150:/home/pacl/Documents/Repository/chipwhisperer/firmware/mcu/hal/chipwhisperer-fw-extra/stm32f4/stm32f4xx_hal_rng.c ****   /* Initialize the RNG state */
 151:/home/pacl/Documents/Repository/chipwhisperer/firmware/mcu/hal/chipwhisperer-fw-extra/stm32f4/stm32f4xx_hal_rng.c ****   hrng->State = HAL_RNG_STATE_READY;
 152:/home/pacl/Documents/Repository/chipwhisperer/firmware/mcu/hal/chipwhisperer-fw-extra/stm32f4/stm32f4xx_hal_rng.c ****   
 153:/home/pacl/Documents/Repository/chipwhisperer/firmware/mcu/hal/chipwhisperer-fw-extra/stm32f4/stm32f4xx_hal_rng.c ****   __HAL_UNLOCK(hrng);
 154:/home/pacl/Documents/Repository/chipwhisperer/firmware/mcu/hal/chipwhisperer-fw-extra/stm32f4/stm32f4xx_hal_rng.c ****   
 155:/home/pacl/Documents/Repository/chipwhisperer/firmware/mcu/hal/chipwhisperer-fw-extra/stm32f4/stm32f4xx_hal_rng.c ****   /* Return function status */
 156:/home/pacl/Documents/Repository/chipwhisperer/firmware/mcu/hal/chipwhisperer-fw-extra/stm32f4/stm32f4xx_hal_rng.c ****   return HAL_OK;
 157:/home/pacl/Documents/Repository/chipwhisperer/firmware/mcu/hal/chipwhisperer-fw-extra/stm32f4/stm32f4xx_hal_rng.c **** }
 158:/home/pacl/Documents/Repository/chipwhisperer/firmware/mcu/hal/chipwhisperer-fw-extra/stm32f4/stm32f4xx_hal_rng.c **** 
 159:/home/pacl/Documents/Repository/chipwhisperer/firmware/mcu/hal/chipwhisperer-fw-extra/stm32f4/stm32f4xx_hal_rng.c **** /**
 160:/home/pacl/Documents/Repository/chipwhisperer/firmware/mcu/hal/chipwhisperer-fw-extra/stm32f4/stm32f4xx_hal_rng.c ****   * @brief  DeInitializes the RNG peripheral. 
 161:/home/pacl/Documents/Repository/chipwhisperer/firmware/mcu/hal/chipwhisperer-fw-extra/stm32f4/stm32f4xx_hal_rng.c ****   * @param  hrng: pointer to a RNG_HandleTypeDef structure that contains
 162:/home/pacl/Documents/Repository/chipwhisperer/firmware/mcu/hal/chipwhisperer-fw-extra/stm32f4/stm32f4xx_hal_rng.c ****   *                the configuration information for RNG.
 163:/home/pacl/Documents/Repository/chipwhisperer/firmware/mcu/hal/chipwhisperer-fw-extra/stm32f4/stm32f4xx_hal_rng.c ****   * @retval HAL status
 164:/home/pacl/Documents/Repository/chipwhisperer/firmware/mcu/hal/chipwhisperer-fw-extra/stm32f4/stm32f4xx_hal_rng.c ****   */
 165:/home/pacl/Documents/Repository/chipwhisperer/firmware/mcu/hal/chipwhisperer-fw-extra/stm32f4/stm32f4xx_hal_rng.c **** HAL_StatusTypeDef HAL_RNG_DeInit(RNG_HandleTypeDef *hrng)
 166:/home/pacl/Documents/Repository/chipwhisperer/firmware/mcu/hal/chipwhisperer-fw-extra/stm32f4/stm32f4xx_hal_rng.c **** { 
 167:/home/pacl/Documents/Repository/chipwhisperer/firmware/mcu/hal/chipwhisperer-fw-extra/stm32f4/stm32f4xx_hal_rng.c ****   /* Check the RNG handle allocation */
 168:/home/pacl/Documents/Repository/chipwhisperer/firmware/mcu/hal/chipwhisperer-fw-extra/stm32f4/stm32f4xx_hal_rng.c ****   if(hrng == NULL)
 169:/home/pacl/Documents/Repository/chipwhisperer/firmware/mcu/hal/chipwhisperer-fw-extra/stm32f4/stm32f4xx_hal_rng.c ****   {
 170:/home/pacl/Documents/Repository/chipwhisperer/firmware/mcu/hal/chipwhisperer-fw-extra/stm32f4/stm32f4xx_hal_rng.c ****     return HAL_ERROR;
 171:/home/pacl/Documents/Repository/chipwhisperer/firmware/mcu/hal/chipwhisperer-fw-extra/stm32f4/stm32f4xx_hal_rng.c ****   }
 172:/home/pacl/Documents/Repository/chipwhisperer/firmware/mcu/hal/chipwhisperer-fw-extra/stm32f4/stm32f4xx_hal_rng.c ****   /* Disable the RNG Peripheral */
 173:/home/pacl/Documents/Repository/chipwhisperer/firmware/mcu/hal/chipwhisperer-fw-extra/stm32f4/stm32f4xx_hal_rng.c ****   CLEAR_BIT(hrng->Instance->CR, RNG_CR_IE | RNG_CR_RNGEN);
 174:/home/pacl/Documents/Repository/chipwhisperer/firmware/mcu/hal/chipwhisperer-fw-extra/stm32f4/stm32f4xx_hal_rng.c ****   
 175:/home/pacl/Documents/Repository/chipwhisperer/firmware/mcu/hal/chipwhisperer-fw-extra/stm32f4/stm32f4xx_hal_rng.c ****   /* Clear RNG interrupt status flags */
 176:/home/pacl/Documents/Repository/chipwhisperer/firmware/mcu/hal/chipwhisperer-fw-extra/stm32f4/stm32f4xx_hal_rng.c ****   CLEAR_BIT(hrng->Instance->SR, RNG_SR_CEIS | RNG_SR_SEIS);
 177:/home/pacl/Documents/Repository/chipwhisperer/firmware/mcu/hal/chipwhisperer-fw-extra/stm32f4/stm32f4xx_hal_rng.c ****   
 178:/home/pacl/Documents/Repository/chipwhisperer/firmware/mcu/hal/chipwhisperer-fw-extra/stm32f4/stm32f4xx_hal_rng.c ****   /* DeInit the low level hardware */
 179:/home/pacl/Documents/Repository/chipwhisperer/firmware/mcu/hal/chipwhisperer-fw-extra/stm32f4/stm32f4xx_hal_rng.c ****   HAL_RNG_MspDeInit(hrng);
 180:/home/pacl/Documents/Repository/chipwhisperer/firmware/mcu/hal/chipwhisperer-fw-extra/stm32f4/stm32f4xx_hal_rng.c ****   
 181:/home/pacl/Documents/Repository/chipwhisperer/firmware/mcu/hal/chipwhisperer-fw-extra/stm32f4/stm32f4xx_hal_rng.c ****   /* Update the RNG state */
 182:/home/pacl/Documents/Repository/chipwhisperer/firmware/mcu/hal/chipwhisperer-fw-extra/stm32f4/stm32f4xx_hal_rng.c ****   hrng->State = HAL_RNG_STATE_RESET; 
 183:/home/pacl/Documents/Repository/chipwhisperer/firmware/mcu/hal/chipwhisperer-fw-extra/stm32f4/stm32f4xx_hal_rng.c **** 
 184:/home/pacl/Documents/Repository/chipwhisperer/firmware/mcu/hal/chipwhisperer-fw-extra/stm32f4/stm32f4xx_hal_rng.c ****   /* Release Lock */
 185:/home/pacl/Documents/Repository/chipwhisperer/firmware/mcu/hal/chipwhisperer-fw-extra/stm32f4/stm32f4xx_hal_rng.c ****   __HAL_UNLOCK(hrng);
 186:/home/pacl/Documents/Repository/chipwhisperer/firmware/mcu/hal/chipwhisperer-fw-extra/stm32f4/stm32f4xx_hal_rng.c ****   
 187:/home/pacl/Documents/Repository/chipwhisperer/firmware/mcu/hal/chipwhisperer-fw-extra/stm32f4/stm32f4xx_hal_rng.c ****   /* Return the function status */
 188:/home/pacl/Documents/Repository/chipwhisperer/firmware/mcu/hal/chipwhisperer-fw-extra/stm32f4/stm32f4xx_hal_rng.c ****   return HAL_OK;
 189:/home/pacl/Documents/Repository/chipwhisperer/firmware/mcu/hal/chipwhisperer-fw-extra/stm32f4/stm32f4xx_hal_rng.c **** }
 190:/home/pacl/Documents/Repository/chipwhisperer/firmware/mcu/hal/chipwhisperer-fw-extra/stm32f4/stm32f4xx_hal_rng.c **** 
 191:/home/pacl/Documents/Repository/chipwhisperer/firmware/mcu/hal/chipwhisperer-fw-extra/stm32f4/stm32f4xx_hal_rng.c **** /**
 192:/home/pacl/Documents/Repository/chipwhisperer/firmware/mcu/hal/chipwhisperer-fw-extra/stm32f4/stm32f4xx_hal_rng.c ****   * @brief  Initializes the RNG MSP.
 193:/home/pacl/Documents/Repository/chipwhisperer/firmware/mcu/hal/chipwhisperer-fw-extra/stm32f4/stm32f4xx_hal_rng.c ****   * @param  hrng: pointer to a RNG_HandleTypeDef structure that contains
 194:/home/pacl/Documents/Repository/chipwhisperer/firmware/mcu/hal/chipwhisperer-fw-extra/stm32f4/stm32f4xx_hal_rng.c ****   *                the configuration information for RNG.
 195:/home/pacl/Documents/Repository/chipwhisperer/firmware/mcu/hal/chipwhisperer-fw-extra/stm32f4/stm32f4xx_hal_rng.c ****   * @retval None
 196:/home/pacl/Documents/Repository/chipwhisperer/firmware/mcu/hal/chipwhisperer-fw-extra/stm32f4/stm32f4xx_hal_rng.c ****   */
 197:/home/pacl/Documents/Repository/chipwhisperer/firmware/mcu/hal/chipwhisperer-fw-extra/stm32f4/stm32f4xx_hal_rng.c **** __weak void HAL_RNG_MspInit(RNG_HandleTypeDef *hrng)
 198:/home/pacl/Documents/Repository/chipwhisperer/firmware/mcu/hal/chipwhisperer-fw-extra/stm32f4/stm32f4xx_hal_rng.c **** {
  30              		.loc 1 198 1 view -0
  31              		.cfi_startproc
  32              		@ args = 0, pretend = 0, frame = 0
  33              		@ frame_needed = 0, uses_anonymous_args = 0
  34              		@ link register save eliminated.
 199:/home/pacl/Documents/Repository/chipwhisperer/firmware/mcu/hal/chipwhisperer-fw-extra/stm32f4/stm32f4xx_hal_rng.c ****   /* Prevent unused argument(s) compilation warning */
 200:/home/pacl/Documents/Repository/chipwhisperer/firmware/mcu/hal/chipwhisperer-fw-extra/stm32f4/stm32f4xx_hal_rng.c ****   UNUSED(hrng);
  35              		.loc 1 200 3 view .LVU1
 201:/home/pacl/Documents/Repository/chipwhisperer/firmware/mcu/hal/chipwhisperer-fw-extra/stm32f4/stm32f4xx_hal_rng.c ****   /* NOTE : This function should not be modified. When the callback is needed,
 202:/home/pacl/Documents/Repository/chipwhisperer/firmware/mcu/hal/chipwhisperer-fw-extra/stm32f4/stm32f4xx_hal_rng.c ****             function HAL_RNG_MspInit must be implemented in the user file.
 203:/home/pacl/Documents/Repository/chipwhisperer/firmware/mcu/hal/chipwhisperer-fw-extra/stm32f4/stm32f4xx_hal_rng.c ****    */
 204:/home/pacl/Documents/Repository/chipwhisperer/firmware/mcu/hal/chipwhisperer-fw-extra/stm32f4/stm32f4xx_hal_rng.c **** }
  36              		.loc 1 204 1 is_stmt 0 view .LVU2
  37 0000 7047     		bx	lr
  38              		.cfi_endproc
  39              	.LFE128:
  41              		.section	.text.HAL_RNG_Init,"ax",%progbits
  42              		.align	1
  43              		.global	HAL_RNG_Init
  44              		.syntax unified
  45              		.thumb
  46              		.thumb_func
  48              	HAL_RNG_Init:
  49              	.LVL1:
  50              	.LFB126:
 127:/home/pacl/Documents/Repository/chipwhisperer/firmware/mcu/hal/chipwhisperer-fw-extra/stm32f4/stm32f4xx_hal_rng.c ****   /* Check the RNG handle allocation */
  51              		.loc 1 127 1 is_stmt 1 view -0
  52              		.cfi_startproc
  53              		@ args = 0, pretend = 0, frame = 0
  54              		@ frame_needed = 0, uses_anonymous_args = 0
 129:/home/pacl/Documents/Repository/chipwhisperer/firmware/mcu/hal/chipwhisperer-fw-extra/stm32f4/stm32f4xx_hal_rng.c ****   {
  55              		.loc 1 129 3 view .LVU4
 127:/home/pacl/Documents/Repository/chipwhisperer/firmware/mcu/hal/chipwhisperer-fw-extra/stm32f4/stm32f4xx_hal_rng.c ****   /* Check the RNG handle allocation */
  56              		.loc 1 127 1 is_stmt 0 view .LVU5
  57 0000 10B5     		push	{r4, lr}
  58              	.LCFI0:
  59              		.cfi_def_cfa_offset 8
  60              		.cfi_offset 4, -8
  61              		.cfi_offset 14, -4
 129:/home/pacl/Documents/Repository/chipwhisperer/firmware/mcu/hal/chipwhisperer-fw-extra/stm32f4/stm32f4xx_hal_rng.c ****   {
  62              		.loc 1 129 5 view .LVU6
  63 0002 0446     		mov	r4, r0
  64 0004 A8B1     		cbz	r0, .L5
 134:/home/pacl/Documents/Repository/chipwhisperer/firmware/mcu/hal/chipwhisperer-fw-extra/stm32f4/stm32f4xx_hal_rng.c ****   
  65              		.loc 1 134 3 is_stmt 1 view .LVU7
 134:/home/pacl/Documents/Repository/chipwhisperer/firmware/mcu/hal/chipwhisperer-fw-extra/stm32f4/stm32f4xx_hal_rng.c ****   
  66              		.loc 1 134 3 view .LVU8
  67 0006 0379     		ldrb	r3, [r0, #4]	@ zero_extendqisi2
  68 0008 012B     		cmp	r3, #1
  69 000a 14D0     		beq	.L6
 134:/home/pacl/Documents/Repository/chipwhisperer/firmware/mcu/hal/chipwhisperer-fw-extra/stm32f4/stm32f4xx_hal_rng.c ****   
  70              		.loc 1 134 3 discriminator 2 view .LVU9
 134:/home/pacl/Documents/Repository/chipwhisperer/firmware/mcu/hal/chipwhisperer-fw-extra/stm32f4/stm32f4xx_hal_rng.c ****   
  71              		.loc 1 134 3 discriminator 2 view .LVU10
 136:/home/pacl/Documents/Repository/chipwhisperer/firmware/mcu/hal/chipwhisperer-fw-extra/stm32f4/stm32f4xx_hal_rng.c ****   {  
  72              		.loc 1 136 3 view .LVU11
 136:/home/pacl/Documents/Repository/chipwhisperer/firmware/mcu/hal/chipwhisperer-fw-extra/stm32f4/stm32f4xx_hal_rng.c ****   {  
  73              		.loc 1 136 10 is_stmt 0 view .LVU12
  74 000c 4379     		ldrb	r3, [r0, #5]	@ zero_extendqisi2
 136:/home/pacl/Documents/Repository/chipwhisperer/firmware/mcu/hal/chipwhisperer-fw-extra/stm32f4/stm32f4xx_hal_rng.c ****   {  
  75              		.loc 1 136 5 view .LVU13
  76 000e 03F0FF02 		and	r2, r3, #255
  77 0012 13B9     		cbnz	r3, .L4
 139:/home/pacl/Documents/Repository/chipwhisperer/firmware/mcu/hal/chipwhisperer-fw-extra/stm32f4/stm32f4xx_hal_rng.c ****     /* Init the low level hardware */
  78              		.loc 1 139 5 is_stmt 1 view .LVU14
 139:/home/pacl/Documents/Repository/chipwhisperer/firmware/mcu/hal/chipwhisperer-fw-extra/stm32f4/stm32f4xx_hal_rng.c ****     /* Init the low level hardware */
  79              		.loc 1 139 16 is_stmt 0 view .LVU15
  80 0014 0271     		strb	r2, [r0, #4]
 141:/home/pacl/Documents/Repository/chipwhisperer/firmware/mcu/hal/chipwhisperer-fw-extra/stm32f4/stm32f4xx_hal_rng.c ****   }
  81              		.loc 1 141 5 is_stmt 1 view .LVU16
  82 0016 FFF7FEFF 		bl	HAL_RNG_MspInit
  83              	.LVL2:
  84              	.L4:
 145:/home/pacl/Documents/Repository/chipwhisperer/firmware/mcu/hal/chipwhisperer-fw-extra/stm32f4/stm32f4xx_hal_rng.c **** 
  85              		.loc 1 145 3 view .LVU17
 148:/home/pacl/Documents/Repository/chipwhisperer/firmware/mcu/hal/chipwhisperer-fw-extra/stm32f4/stm32f4xx_hal_rng.c **** 
  86              		.loc 1 148 3 is_stmt 0 view .LVU18
  87 001a 2268     		ldr	r2, [r4]
 145:/home/pacl/Documents/Repository/chipwhisperer/firmware/mcu/hal/chipwhisperer-fw-extra/stm32f4/stm32f4xx_hal_rng.c **** 
  88              		.loc 1 145 15 view .LVU19
  89 001c 0223     		movs	r3, #2
  90 001e 6371     		strb	r3, [r4, #5]
 148:/home/pacl/Documents/Repository/chipwhisperer/firmware/mcu/hal/chipwhisperer-fw-extra/stm32f4/stm32f4xx_hal_rng.c **** 
  91              		.loc 1 148 3 is_stmt 1 view .LVU20
  92 0020 1368     		ldr	r3, [r2]
  93 0022 43F00403 		orr	r3, r3, #4
  94 0026 1360     		str	r3, [r2]
 151:/home/pacl/Documents/Repository/chipwhisperer/firmware/mcu/hal/chipwhisperer-fw-extra/stm32f4/stm32f4xx_hal_rng.c ****   
  95              		.loc 1 151 3 view .LVU21
 153:/home/pacl/Documents/Repository/chipwhisperer/firmware/mcu/hal/chipwhisperer-fw-extra/stm32f4/stm32f4xx_hal_rng.c ****   
  96              		.loc 1 153 3 is_stmt 0 view .LVU22
  97 0028 0020     		movs	r0, #0
 151:/home/pacl/Documents/Repository/chipwhisperer/firmware/mcu/hal/chipwhisperer-fw-extra/stm32f4/stm32f4xx_hal_rng.c ****   
  98              		.loc 1 151 15 view .LVU23
  99 002a 0123     		movs	r3, #1
 100 002c 6371     		strb	r3, [r4, #5]
 153:/home/pacl/Documents/Repository/chipwhisperer/firmware/mcu/hal/chipwhisperer-fw-extra/stm32f4/stm32f4xx_hal_rng.c ****   
 101              		.loc 1 153 3 is_stmt 1 view .LVU24
 153:/home/pacl/Documents/Repository/chipwhisperer/firmware/mcu/hal/chipwhisperer-fw-extra/stm32f4/stm32f4xx_hal_rng.c ****   
 102              		.loc 1 153 3 view .LVU25
 103 002e 2071     		strb	r0, [r4, #4]
 153:/home/pacl/Documents/Repository/chipwhisperer/firmware/mcu/hal/chipwhisperer-fw-extra/stm32f4/stm32f4xx_hal_rng.c ****   
 104              		.loc 1 153 3 view .LVU26
 156:/home/pacl/Documents/Repository/chipwhisperer/firmware/mcu/hal/chipwhisperer-fw-extra/stm32f4/stm32f4xx_hal_rng.c **** }
 105              		.loc 1 156 3 view .LVU27
 106              	.L3:
 157:/home/pacl/Documents/Repository/chipwhisperer/firmware/mcu/hal/chipwhisperer-fw-extra/stm32f4/stm32f4xx_hal_rng.c **** 
 107              		.loc 1 157 1 is_stmt 0 view .LVU28
 108 0030 10BD     		pop	{r4, pc}
 109              	.LVL3:
 110              	.L5:
 131:/home/pacl/Documents/Repository/chipwhisperer/firmware/mcu/hal/chipwhisperer-fw-extra/stm32f4/stm32f4xx_hal_rng.c ****   }
 111              		.loc 1 131 12 view .LVU29
 112 0032 0120     		movs	r0, #1
 113              	.LVL4:
 131:/home/pacl/Documents/Repository/chipwhisperer/firmware/mcu/hal/chipwhisperer-fw-extra/stm32f4/stm32f4xx_hal_rng.c ****   }
 114              		.loc 1 131 12 view .LVU30
 115 0034 FCE7     		b	.L3
 116              	.LVL5:
 117              	.L6:
 134:/home/pacl/Documents/Repository/chipwhisperer/firmware/mcu/hal/chipwhisperer-fw-extra/stm32f4/stm32f4xx_hal_rng.c ****   
 118              		.loc 1 134 3 discriminator 1 view .LVU31
 119 0036 0220     		movs	r0, #2
 120              	.LVL6:
 134:/home/pacl/Documents/Repository/chipwhisperer/firmware/mcu/hal/chipwhisperer-fw-extra/stm32f4/stm32f4xx_hal_rng.c ****   
 121              		.loc 1 134 3 discriminator 1 view .LVU32
 122 0038 FAE7     		b	.L3
 123              		.cfi_endproc
 124              	.LFE126:
 126              		.section	.text.HAL_RNG_MspDeInit,"ax",%progbits
 127              		.align	1
 128              		.weak	HAL_RNG_MspDeInit
 129              		.syntax unified
 130              		.thumb
 131              		.thumb_func
 133              	HAL_RNG_MspDeInit:
 134              	.LFB140:
 135              		.cfi_startproc
 205:/home/pacl/Documents/Repository/chipwhisperer/firmware/mcu/hal/chipwhisperer-fw-extra/stm32f4/stm32f4xx_hal_rng.c **** 
 206:/home/pacl/Documents/Repository/chipwhisperer/firmware/mcu/hal/chipwhisperer-fw-extra/stm32f4/stm32f4xx_hal_rng.c **** /**
 207:/home/pacl/Documents/Repository/chipwhisperer/firmware/mcu/hal/chipwhisperer-fw-extra/stm32f4/stm32f4xx_hal_rng.c ****   * @brief  DeInitializes the RNG MSP.
 208:/home/pacl/Documents/Repository/chipwhisperer/firmware/mcu/hal/chipwhisperer-fw-extra/stm32f4/stm32f4xx_hal_rng.c ****   * @param  hrng: pointer to a RNG_HandleTypeDef structure that contains
 209:/home/pacl/Documents/Repository/chipwhisperer/firmware/mcu/hal/chipwhisperer-fw-extra/stm32f4/stm32f4xx_hal_rng.c ****   *                the configuration information for RNG.
 210:/home/pacl/Documents/Repository/chipwhisperer/firmware/mcu/hal/chipwhisperer-fw-extra/stm32f4/stm32f4xx_hal_rng.c ****   * @retval None
 211:/home/pacl/Documents/Repository/chipwhisperer/firmware/mcu/hal/chipwhisperer-fw-extra/stm32f4/stm32f4xx_hal_rng.c ****   */
 212:/home/pacl/Documents/Repository/chipwhisperer/firmware/mcu/hal/chipwhisperer-fw-extra/stm32f4/stm32f4xx_hal_rng.c **** __weak void HAL_RNG_MspDeInit(RNG_HandleTypeDef *hrng)
 136              		.loc 1 212 13 is_stmt 1 view -0
 137              		@ args = 0, pretend = 0, frame = 0
 138              		@ frame_needed = 0, uses_anonymous_args = 0
 139              		@ link register save eliminated.
 140 0000 7047     		bx	lr
 141              		.cfi_endproc
 142              	.LFE140:
 144              		.section	.text.HAL_RNG_DeInit,"ax",%progbits
 145              		.align	1
 146              		.global	HAL_RNG_DeInit
 147              		.syntax unified
 148              		.thumb
 149              		.thumb_func
 151              	HAL_RNG_DeInit:
 152              	.LVL7:
 153              	.LFB127:
 166:/home/pacl/Documents/Repository/chipwhisperer/firmware/mcu/hal/chipwhisperer-fw-extra/stm32f4/stm32f4xx_hal_rng.c ****   /* Check the RNG handle allocation */
 154              		.loc 1 166 1 view -0
 155              		.cfi_startproc
 156              		@ args = 0, pretend = 0, frame = 0
 157              		@ frame_needed = 0, uses_anonymous_args = 0
 168:/home/pacl/Documents/Repository/chipwhisperer/firmware/mcu/hal/chipwhisperer-fw-extra/stm32f4/stm32f4xx_hal_rng.c ****   {
 158              		.loc 1 168 3 view .LVU35
 166:/home/pacl/Documents/Repository/chipwhisperer/firmware/mcu/hal/chipwhisperer-fw-extra/stm32f4/stm32f4xx_hal_rng.c ****   /* Check the RNG handle allocation */
 159              		.loc 1 166 1 is_stmt 0 view .LVU36
 160 0000 10B5     		push	{r4, lr}
 161              	.LCFI1:
 162              		.cfi_def_cfa_offset 8
 163              		.cfi_offset 4, -8
 164              		.cfi_offset 14, -4
 168:/home/pacl/Documents/Repository/chipwhisperer/firmware/mcu/hal/chipwhisperer-fw-extra/stm32f4/stm32f4xx_hal_rng.c ****   {
 165              		.loc 1 168 5 view .LVU37
 166 0002 0446     		mov	r4, r0
 167 0004 70B1     		cbz	r0, .L10
 173:/home/pacl/Documents/Repository/chipwhisperer/firmware/mcu/hal/chipwhisperer-fw-extra/stm32f4/stm32f4xx_hal_rng.c ****   
 168              		.loc 1 173 3 is_stmt 1 view .LVU38
 169 0006 0368     		ldr	r3, [r0]
 170 0008 1A68     		ldr	r2, [r3]
 171 000a 22F00C02 		bic	r2, r2, #12
 172 000e 1A60     		str	r2, [r3]
 176:/home/pacl/Documents/Repository/chipwhisperer/firmware/mcu/hal/chipwhisperer-fw-extra/stm32f4/stm32f4xx_hal_rng.c ****   
 173              		.loc 1 176 3 view .LVU39
 174 0010 5A68     		ldr	r2, [r3, #4]
 175 0012 22F06002 		bic	r2, r2, #96
 176 0016 5A60     		str	r2, [r3, #4]
 179:/home/pacl/Documents/Repository/chipwhisperer/firmware/mcu/hal/chipwhisperer-fw-extra/stm32f4/stm32f4xx_hal_rng.c ****   
 177              		.loc 1 179 3 view .LVU40
 178 0018 FFF7FEFF 		bl	HAL_RNG_MspDeInit
 179              	.LVL8:
 182:/home/pacl/Documents/Repository/chipwhisperer/firmware/mcu/hal/chipwhisperer-fw-extra/stm32f4/stm32f4xx_hal_rng.c **** 
 180              		.loc 1 182 3 view .LVU41
 182:/home/pacl/Documents/Repository/chipwhisperer/firmware/mcu/hal/chipwhisperer-fw-extra/stm32f4/stm32f4xx_hal_rng.c **** 
 181              		.loc 1 182 15 is_stmt 0 view .LVU42
 182 001c 0020     		movs	r0, #0
 183 001e 6071     		strb	r0, [r4, #5]
 185:/home/pacl/Documents/Repository/chipwhisperer/firmware/mcu/hal/chipwhisperer-fw-extra/stm32f4/stm32f4xx_hal_rng.c ****   
 184              		.loc 1 185 3 is_stmt 1 view .LVU43
 185:/home/pacl/Documents/Repository/chipwhisperer/firmware/mcu/hal/chipwhisperer-fw-extra/stm32f4/stm32f4xx_hal_rng.c ****   
 185              		.loc 1 185 3 view .LVU44
 186 0020 2071     		strb	r0, [r4, #4]
 185:/home/pacl/Documents/Repository/chipwhisperer/firmware/mcu/hal/chipwhisperer-fw-extra/stm32f4/stm32f4xx_hal_rng.c ****   
 187              		.loc 1 185 3 view .LVU45
 188:/home/pacl/Documents/Repository/chipwhisperer/firmware/mcu/hal/chipwhisperer-fw-extra/stm32f4/stm32f4xx_hal_rng.c **** }
 188              		.loc 1 188 3 view .LVU46
 189              	.L9:
 189:/home/pacl/Documents/Repository/chipwhisperer/firmware/mcu/hal/chipwhisperer-fw-extra/stm32f4/stm32f4xx_hal_rng.c **** 
 190              		.loc 1 189 1 is_stmt 0 view .LVU47
 191 0022 10BD     		pop	{r4, pc}
 192              	.LVL9:
 193              	.L10:
 170:/home/pacl/Documents/Repository/chipwhisperer/firmware/mcu/hal/chipwhisperer-fw-extra/stm32f4/stm32f4xx_hal_rng.c ****   }
 194              		.loc 1 170 12 view .LVU48
 195 0024 0120     		movs	r0, #1
 196              	.LVL10:
 170:/home/pacl/Documents/Repository/chipwhisperer/firmware/mcu/hal/chipwhisperer-fw-extra/stm32f4/stm32f4xx_hal_rng.c ****   }
 197              		.loc 1 170 12 view .LVU49
 198 0026 FCE7     		b	.L9
 199              		.cfi_endproc
 200              	.LFE127:
 202              		.section	.text.HAL_RNG_GenerateRandomNumber,"ax",%progbits
 203              		.align	1
 204              		.global	HAL_RNG_GenerateRandomNumber
 205              		.syntax unified
 206              		.thumb
 207              		.thumb_func
 209              	HAL_RNG_GenerateRandomNumber:
 210              	.LVL11:
 211              	.LFB130:
 213:/home/pacl/Documents/Repository/chipwhisperer/firmware/mcu/hal/chipwhisperer-fw-extra/stm32f4/stm32f4xx_hal_rng.c **** {
 214:/home/pacl/Documents/Repository/chipwhisperer/firmware/mcu/hal/chipwhisperer-fw-extra/stm32f4/stm32f4xx_hal_rng.c ****   /* Prevent unused argument(s) compilation warning */
 215:/home/pacl/Documents/Repository/chipwhisperer/firmware/mcu/hal/chipwhisperer-fw-extra/stm32f4/stm32f4xx_hal_rng.c ****   UNUSED(hrng);
 216:/home/pacl/Documents/Repository/chipwhisperer/firmware/mcu/hal/chipwhisperer-fw-extra/stm32f4/stm32f4xx_hal_rng.c ****   /* NOTE : This function should not be modified. When the callback is needed,
 217:/home/pacl/Documents/Repository/chipwhisperer/firmware/mcu/hal/chipwhisperer-fw-extra/stm32f4/stm32f4xx_hal_rng.c ****             function HAL_RNG_MspDeInit must be implemented in the user file.
 218:/home/pacl/Documents/Repository/chipwhisperer/firmware/mcu/hal/chipwhisperer-fw-extra/stm32f4/stm32f4xx_hal_rng.c ****    */
 219:/home/pacl/Documents/Repository/chipwhisperer/firmware/mcu/hal/chipwhisperer-fw-extra/stm32f4/stm32f4xx_hal_rng.c **** }
 220:/home/pacl/Documents/Repository/chipwhisperer/firmware/mcu/hal/chipwhisperer-fw-extra/stm32f4/stm32f4xx_hal_rng.c **** 
 221:/home/pacl/Documents/Repository/chipwhisperer/firmware/mcu/hal/chipwhisperer-fw-extra/stm32f4/stm32f4xx_hal_rng.c **** /**
 222:/home/pacl/Documents/Repository/chipwhisperer/firmware/mcu/hal/chipwhisperer-fw-extra/stm32f4/stm32f4xx_hal_rng.c ****   * @}
 223:/home/pacl/Documents/Repository/chipwhisperer/firmware/mcu/hal/chipwhisperer-fw-extra/stm32f4/stm32f4xx_hal_rng.c ****   */
 224:/home/pacl/Documents/Repository/chipwhisperer/firmware/mcu/hal/chipwhisperer-fw-extra/stm32f4/stm32f4xx_hal_rng.c **** 
 225:/home/pacl/Documents/Repository/chipwhisperer/firmware/mcu/hal/chipwhisperer-fw-extra/stm32f4/stm32f4xx_hal_rng.c **** /** @addtogroup RNG_Exported_Functions_Group2
 226:/home/pacl/Documents/Repository/chipwhisperer/firmware/mcu/hal/chipwhisperer-fw-extra/stm32f4/stm32f4xx_hal_rng.c ****  *  @brief   Peripheral Control functions 
 227:/home/pacl/Documents/Repository/chipwhisperer/firmware/mcu/hal/chipwhisperer-fw-extra/stm32f4/stm32f4xx_hal_rng.c ****  *
 228:/home/pacl/Documents/Repository/chipwhisperer/firmware/mcu/hal/chipwhisperer-fw-extra/stm32f4/stm32f4xx_hal_rng.c **** @verbatim   
 229:/home/pacl/Documents/Repository/chipwhisperer/firmware/mcu/hal/chipwhisperer-fw-extra/stm32f4/stm32f4xx_hal_rng.c ****  ===============================================================================
 230:/home/pacl/Documents/Repository/chipwhisperer/firmware/mcu/hal/chipwhisperer-fw-extra/stm32f4/stm32f4xx_hal_rng.c ****                       ##### Peripheral Control functions #####
 231:/home/pacl/Documents/Repository/chipwhisperer/firmware/mcu/hal/chipwhisperer-fw-extra/stm32f4/stm32f4xx_hal_rng.c ****  ===============================================================================  
 232:/home/pacl/Documents/Repository/chipwhisperer/firmware/mcu/hal/chipwhisperer-fw-extra/stm32f4/stm32f4xx_hal_rng.c ****     [..]  This section provides functions allowing to:
 233:/home/pacl/Documents/Repository/chipwhisperer/firmware/mcu/hal/chipwhisperer-fw-extra/stm32f4/stm32f4xx_hal_rng.c ****       (+) Get the 32 bit Random number
 234:/home/pacl/Documents/Repository/chipwhisperer/firmware/mcu/hal/chipwhisperer-fw-extra/stm32f4/stm32f4xx_hal_rng.c ****       (+) Get the 32 bit Random number with interrupt enabled
 235:/home/pacl/Documents/Repository/chipwhisperer/firmware/mcu/hal/chipwhisperer-fw-extra/stm32f4/stm32f4xx_hal_rng.c ****       (+) Handle RNG interrupt request 
 236:/home/pacl/Documents/Repository/chipwhisperer/firmware/mcu/hal/chipwhisperer-fw-extra/stm32f4/stm32f4xx_hal_rng.c **** 
 237:/home/pacl/Documents/Repository/chipwhisperer/firmware/mcu/hal/chipwhisperer-fw-extra/stm32f4/stm32f4xx_hal_rng.c **** @endverbatim
 238:/home/pacl/Documents/Repository/chipwhisperer/firmware/mcu/hal/chipwhisperer-fw-extra/stm32f4/stm32f4xx_hal_rng.c ****   * @{
 239:/home/pacl/Documents/Repository/chipwhisperer/firmware/mcu/hal/chipwhisperer-fw-extra/stm32f4/stm32f4xx_hal_rng.c ****   */
 240:/home/pacl/Documents/Repository/chipwhisperer/firmware/mcu/hal/chipwhisperer-fw-extra/stm32f4/stm32f4xx_hal_rng.c ****    
 241:/home/pacl/Documents/Repository/chipwhisperer/firmware/mcu/hal/chipwhisperer-fw-extra/stm32f4/stm32f4xx_hal_rng.c **** /**
 242:/home/pacl/Documents/Repository/chipwhisperer/firmware/mcu/hal/chipwhisperer-fw-extra/stm32f4/stm32f4xx_hal_rng.c ****   * @brief  Generates a 32-bit random number.
 243:/home/pacl/Documents/Repository/chipwhisperer/firmware/mcu/hal/chipwhisperer-fw-extra/stm32f4/stm32f4xx_hal_rng.c ****   * @note   Each time the random number data is read the RNG_FLAG_DRDY flag 
 244:/home/pacl/Documents/Repository/chipwhisperer/firmware/mcu/hal/chipwhisperer-fw-extra/stm32f4/stm32f4xx_hal_rng.c ****   *         is automatically cleared.
 245:/home/pacl/Documents/Repository/chipwhisperer/firmware/mcu/hal/chipwhisperer-fw-extra/stm32f4/stm32f4xx_hal_rng.c ****   * @param  hrng: pointer to a RNG_HandleTypeDef structure that contains
 246:/home/pacl/Documents/Repository/chipwhisperer/firmware/mcu/hal/chipwhisperer-fw-extra/stm32f4/stm32f4xx_hal_rng.c ****   *                the configuration information for RNG.
 247:/home/pacl/Documents/Repository/chipwhisperer/firmware/mcu/hal/chipwhisperer-fw-extra/stm32f4/stm32f4xx_hal_rng.c ****   * @param  random32bit: pointer to generated random number variable if successful.
 248:/home/pacl/Documents/Repository/chipwhisperer/firmware/mcu/hal/chipwhisperer-fw-extra/stm32f4/stm32f4xx_hal_rng.c ****   * @retval HAL status
 249:/home/pacl/Documents/Repository/chipwhisperer/firmware/mcu/hal/chipwhisperer-fw-extra/stm32f4/stm32f4xx_hal_rng.c ****   */
 250:/home/pacl/Documents/Repository/chipwhisperer/firmware/mcu/hal/chipwhisperer-fw-extra/stm32f4/stm32f4xx_hal_rng.c **** 
 251:/home/pacl/Documents/Repository/chipwhisperer/firmware/mcu/hal/chipwhisperer-fw-extra/stm32f4/stm32f4xx_hal_rng.c **** HAL_StatusTypeDef HAL_RNG_GenerateRandomNumber(RNG_HandleTypeDef *hrng, uint32_t *random32bit)
 252:/home/pacl/Documents/Repository/chipwhisperer/firmware/mcu/hal/chipwhisperer-fw-extra/stm32f4/stm32f4xx_hal_rng.c **** {
 212              		.loc 1 252 1 is_stmt 1 view -0
 213              		.cfi_startproc
 214              		@ args = 0, pretend = 0, frame = 0
 215              		@ frame_needed = 0, uses_anonymous_args = 0
 253:/home/pacl/Documents/Repository/chipwhisperer/firmware/mcu/hal/chipwhisperer-fw-extra/stm32f4/stm32f4xx_hal_rng.c ****   uint32_t tickstart = 0U;    
 216              		.loc 1 253 3 view .LVU51
 254:/home/pacl/Documents/Repository/chipwhisperer/firmware/mcu/hal/chipwhisperer-fw-extra/stm32f4/stm32f4xx_hal_rng.c ****   HAL_StatusTypeDef status = HAL_OK;
 217              		.loc 1 254 3 view .LVU52
 255:/home/pacl/Documents/Repository/chipwhisperer/firmware/mcu/hal/chipwhisperer-fw-extra/stm32f4/stm32f4xx_hal_rng.c **** 
 256:/home/pacl/Documents/Repository/chipwhisperer/firmware/mcu/hal/chipwhisperer-fw-extra/stm32f4/stm32f4xx_hal_rng.c ****   /* Process Locked */
 257:/home/pacl/Documents/Repository/chipwhisperer/firmware/mcu/hal/chipwhisperer-fw-extra/stm32f4/stm32f4xx_hal_rng.c ****   __HAL_LOCK(hrng); 
 218              		.loc 1 257 3 view .LVU53
 219              		.loc 1 257 3 view .LVU54
 252:/home/pacl/Documents/Repository/chipwhisperer/firmware/mcu/hal/chipwhisperer-fw-extra/stm32f4/stm32f4xx_hal_rng.c ****   uint32_t tickstart = 0U;    
 220              		.loc 1 252 1 is_stmt 0 view .LVU55
 221 0000 F8B5     		push	{r3, r4, r5, r6, r7, lr}
 222              	.LCFI2:
 223              		.cfi_def_cfa_offset 24
 224              		.cfi_offset 3, -24
 225              		.cfi_offset 4, -20
 226              		.cfi_offset 5, -16
 227              		.cfi_offset 6, -12
 228              		.cfi_offset 7, -8
 229              		.cfi_offset 14, -4
 230              		.loc 1 257 3 view .LVU56
 231 0002 0379     		ldrb	r3, [r0, #4]	@ zero_extendqisi2
 232 0004 012B     		cmp	r3, #1
 252:/home/pacl/Documents/Repository/chipwhisperer/firmware/mcu/hal/chipwhisperer-fw-extra/stm32f4/stm32f4xx_hal_rng.c ****   uint32_t tickstart = 0U;    
 233              		.loc 1 252 1 view .LVU57
 234 0006 0446     		mov	r4, r0
 235 0008 0E46     		mov	r6, r1
 236              		.loc 1 257 3 view .LVU58
 237 000a 21D0     		beq	.L16
 238              		.loc 1 257 3 is_stmt 1 discriminator 2 view .LVU59
 258:/home/pacl/Documents/Repository/chipwhisperer/firmware/mcu/hal/chipwhisperer-fw-extra/stm32f4/stm32f4xx_hal_rng.c ****   
 259:/home/pacl/Documents/Repository/chipwhisperer/firmware/mcu/hal/chipwhisperer-fw-extra/stm32f4/stm32f4xx_hal_rng.c ****   /* Check RNG peripheral state */
 260:/home/pacl/Documents/Repository/chipwhisperer/firmware/mcu/hal/chipwhisperer-fw-extra/stm32f4/stm32f4xx_hal_rng.c ****   if(hrng->State == HAL_RNG_STATE_READY)
 239              		.loc 1 260 10 is_stmt 0 view .LVU60
 240 000c 6379     		ldrb	r3, [r4, #5]	@ zero_extendqisi2
 257:/home/pacl/Documents/Repository/chipwhisperer/firmware/mcu/hal/chipwhisperer-fw-extra/stm32f4/stm32f4xx_hal_rng.c ****   
 241              		.loc 1 257 3 discriminator 2 view .LVU61
 242 000e 0120     		movs	r0, #1
 243              	.LVL12:
 244              		.loc 1 260 5 view .LVU62
 245 0010 8342     		cmp	r3, r0
 257:/home/pacl/Documents/Repository/chipwhisperer/firmware/mcu/hal/chipwhisperer-fw-extra/stm32f4/stm32f4xx_hal_rng.c ****   
 246              		.loc 1 257 3 discriminator 2 view .LVU63
 247 0012 2071     		strb	r0, [r4, #4]
 257:/home/pacl/Documents/Repository/chipwhisperer/firmware/mcu/hal/chipwhisperer-fw-extra/stm32f4/stm32f4xx_hal_rng.c ****   
 248              		.loc 1 257 3 is_stmt 1 discriminator 2 view .LVU64
 249              		.loc 1 260 3 view .LVU65
 250              		.loc 1 260 5 is_stmt 0 view .LVU66
 251 0014 0FD1     		bne	.L13
 261:/home/pacl/Documents/Repository/chipwhisperer/firmware/mcu/hal/chipwhisperer-fw-extra/stm32f4/stm32f4xx_hal_rng.c ****   {
 262:/home/pacl/Documents/Repository/chipwhisperer/firmware/mcu/hal/chipwhisperer-fw-extra/stm32f4/stm32f4xx_hal_rng.c ****     /* Change RNG peripheral state */  
 263:/home/pacl/Documents/Repository/chipwhisperer/firmware/mcu/hal/chipwhisperer-fw-extra/stm32f4/stm32f4xx_hal_rng.c ****     hrng->State = HAL_RNG_STATE_BUSY;  
 252              		.loc 1 263 5 is_stmt 1 view .LVU67
 253              		.loc 1 263 17 is_stmt 0 view .LVU68
 254 0016 0223     		movs	r3, #2
 255 0018 6371     		strb	r3, [r4, #5]
 264:/home/pacl/Documents/Repository/chipwhisperer/firmware/mcu/hal/chipwhisperer-fw-extra/stm32f4/stm32f4xx_hal_rng.c **** 
 265:/home/pacl/Documents/Repository/chipwhisperer/firmware/mcu/hal/chipwhisperer-fw-extra/stm32f4/stm32f4xx_hal_rng.c ****     /* Get tick */
 266:/home/pacl/Documents/Repository/chipwhisperer/firmware/mcu/hal/chipwhisperer-fw-extra/stm32f4/stm32f4xx_hal_rng.c ****     tickstart = HAL_GetTick();
 256              		.loc 1 266 5 is_stmt 1 view .LVU69
 257              		.loc 1 266 17 is_stmt 0 view .LVU70
 258 001a FFF7FEFF 		bl	HAL_GetTick
 259              	.LVL13:
 260              		.loc 1 266 17 view .LVU71
 261 001e 0746     		mov	r7, r0
 262              	.LVL14:
 267:/home/pacl/Documents/Repository/chipwhisperer/firmware/mcu/hal/chipwhisperer-fw-extra/stm32f4/stm32f4xx_hal_rng.c ****   
 268:/home/pacl/Documents/Repository/chipwhisperer/firmware/mcu/hal/chipwhisperer-fw-extra/stm32f4/stm32f4xx_hal_rng.c ****     /* Check if data register contains valid random data */
 269:/home/pacl/Documents/Repository/chipwhisperer/firmware/mcu/hal/chipwhisperer-fw-extra/stm32f4/stm32f4xx_hal_rng.c ****     while(__HAL_RNG_GET_FLAG(hrng, RNG_FLAG_DRDY) == RESET)
 263              		.loc 1 269 5 is_stmt 1 view .LVU72
 264              	.L14:
 265              		.loc 1 269 51 view .LVU73
 266              		.loc 1 269 11 is_stmt 0 view .LVU74
 267 0020 2268     		ldr	r2, [r4]
 268 0022 5568     		ldr	r5, [r2, #4]
 269              		.loc 1 269 51 view .LVU75
 270 0024 15F00105 		ands	r5, r5, #1
 271 0028 08D0     		beq	.L15
 270:/home/pacl/Documents/Repository/chipwhisperer/firmware/mcu/hal/chipwhisperer-fw-extra/stm32f4/stm32f4xx_hal_rng.c ****     {
 271:/home/pacl/Documents/Repository/chipwhisperer/firmware/mcu/hal/chipwhisperer-fw-extra/stm32f4/stm32f4xx_hal_rng.c ****       if((HAL_GetTick() - tickstart ) > RNG_TIMEOUT_VALUE)
 272:/home/pacl/Documents/Repository/chipwhisperer/firmware/mcu/hal/chipwhisperer-fw-extra/stm32f4/stm32f4xx_hal_rng.c ****       {    
 273:/home/pacl/Documents/Repository/chipwhisperer/firmware/mcu/hal/chipwhisperer-fw-extra/stm32f4/stm32f4xx_hal_rng.c ****         hrng->State = HAL_RNG_STATE_ERROR;
 274:/home/pacl/Documents/Repository/chipwhisperer/firmware/mcu/hal/chipwhisperer-fw-extra/stm32f4/stm32f4xx_hal_rng.c **** 
 275:/home/pacl/Documents/Repository/chipwhisperer/firmware/mcu/hal/chipwhisperer-fw-extra/stm32f4/stm32f4xx_hal_rng.c ****         /* Process Unlocked */
 276:/home/pacl/Documents/Repository/chipwhisperer/firmware/mcu/hal/chipwhisperer-fw-extra/stm32f4/stm32f4xx_hal_rng.c ****         __HAL_UNLOCK(hrng);
 277:/home/pacl/Documents/Repository/chipwhisperer/firmware/mcu/hal/chipwhisperer-fw-extra/stm32f4/stm32f4xx_hal_rng.c ****       
 278:/home/pacl/Documents/Repository/chipwhisperer/firmware/mcu/hal/chipwhisperer-fw-extra/stm32f4/stm32f4xx_hal_rng.c ****         return HAL_TIMEOUT;
 279:/home/pacl/Documents/Repository/chipwhisperer/firmware/mcu/hal/chipwhisperer-fw-extra/stm32f4/stm32f4xx_hal_rng.c ****       } 
 280:/home/pacl/Documents/Repository/chipwhisperer/firmware/mcu/hal/chipwhisperer-fw-extra/stm32f4/stm32f4xx_hal_rng.c ****     }
 281:/home/pacl/Documents/Repository/chipwhisperer/firmware/mcu/hal/chipwhisperer-fw-extra/stm32f4/stm32f4xx_hal_rng.c ****   
 282:/home/pacl/Documents/Repository/chipwhisperer/firmware/mcu/hal/chipwhisperer-fw-extra/stm32f4/stm32f4xx_hal_rng.c ****     /* Get a 32bit Random number */
 283:/home/pacl/Documents/Repository/chipwhisperer/firmware/mcu/hal/chipwhisperer-fw-extra/stm32f4/stm32f4xx_hal_rng.c ****     hrng->RandomNumber = hrng->Instance->DR;
 272              		.loc 1 283 5 is_stmt 1 view .LVU76
 273              		.loc 1 283 40 is_stmt 0 view .LVU77
 274 002a 9368     		ldr	r3, [r2, #8]
 275              		.loc 1 283 24 view .LVU78
 276 002c A360     		str	r3, [r4, #8]
 284:/home/pacl/Documents/Repository/chipwhisperer/firmware/mcu/hal/chipwhisperer-fw-extra/stm32f4/stm32f4xx_hal_rng.c ****     *random32bit = hrng->RandomNumber;
 277              		.loc 1 284 5 is_stmt 1 view .LVU79
 278              		.loc 1 284 18 is_stmt 0 view .LVU80
 279 002e 3360     		str	r3, [r6]
 285:/home/pacl/Documents/Repository/chipwhisperer/firmware/mcu/hal/chipwhisperer-fw-extra/stm32f4/stm32f4xx_hal_rng.c ****   
 286:/home/pacl/Documents/Repository/chipwhisperer/firmware/mcu/hal/chipwhisperer-fw-extra/stm32f4/stm32f4xx_hal_rng.c ****     hrng->State = HAL_RNG_STATE_READY;
 280              		.loc 1 286 5 is_stmt 1 view .LVU81
 281              		.loc 1 286 17 is_stmt 0 view .LVU82
 282 0030 0123     		movs	r3, #1
 283 0032 6371     		strb	r3, [r4, #5]
 254:/home/pacl/Documents/Repository/chipwhisperer/firmware/mcu/hal/chipwhisperer-fw-extra/stm32f4/stm32f4xx_hal_rng.c **** 
 284              		.loc 1 254 21 view .LVU83
 285 0034 0020     		movs	r0, #0
 286              	.LVL15:
 287              	.L13:
 287:/home/pacl/Documents/Repository/chipwhisperer/firmware/mcu/hal/chipwhisperer-fw-extra/stm32f4/stm32f4xx_hal_rng.c ****   }
 288:/home/pacl/Documents/Repository/chipwhisperer/firmware/mcu/hal/chipwhisperer-fw-extra/stm32f4/stm32f4xx_hal_rng.c ****   else
 289:/home/pacl/Documents/Repository/chipwhisperer/firmware/mcu/hal/chipwhisperer-fw-extra/stm32f4/stm32f4xx_hal_rng.c ****   {
 290:/home/pacl/Documents/Repository/chipwhisperer/firmware/mcu/hal/chipwhisperer-fw-extra/stm32f4/stm32f4xx_hal_rng.c ****     status = HAL_ERROR;
 291:/home/pacl/Documents/Repository/chipwhisperer/firmware/mcu/hal/chipwhisperer-fw-extra/stm32f4/stm32f4xx_hal_rng.c ****   }
 292:/home/pacl/Documents/Repository/chipwhisperer/firmware/mcu/hal/chipwhisperer-fw-extra/stm32f4/stm32f4xx_hal_rng.c ****   
 293:/home/pacl/Documents/Repository/chipwhisperer/firmware/mcu/hal/chipwhisperer-fw-extra/stm32f4/stm32f4xx_hal_rng.c ****   /* Process Unlocked */
 294:/home/pacl/Documents/Repository/chipwhisperer/firmware/mcu/hal/chipwhisperer-fw-extra/stm32f4/stm32f4xx_hal_rng.c ****   __HAL_UNLOCK(hrng);
 288              		.loc 1 294 3 is_stmt 1 view .LVU84
 289              		.loc 1 294 3 view .LVU85
 290 0036 0023     		movs	r3, #0
 291 0038 2371     		strb	r3, [r4, #4]
 292              		.loc 1 294 3 view .LVU86
 295:/home/pacl/Documents/Repository/chipwhisperer/firmware/mcu/hal/chipwhisperer-fw-extra/stm32f4/stm32f4xx_hal_rng.c ****   
 296:/home/pacl/Documents/Repository/chipwhisperer/firmware/mcu/hal/chipwhisperer-fw-extra/stm32f4/stm32f4xx_hal_rng.c ****   return status;
 293              		.loc 1 296 3 view .LVU87
 294              		.loc 1 296 10 is_stmt 0 view .LVU88
 295 003a 08E0     		b	.L12
 296              	.LVL16:
 297              	.L15:
 271:/home/pacl/Documents/Repository/chipwhisperer/firmware/mcu/hal/chipwhisperer-fw-extra/stm32f4/stm32f4xx_hal_rng.c ****       {    
 298              		.loc 1 271 7 is_stmt 1 view .LVU89
 271:/home/pacl/Documents/Repository/chipwhisperer/firmware/mcu/hal/chipwhisperer-fw-extra/stm32f4/stm32f4xx_hal_rng.c ****       {    
 299              		.loc 1 271 11 is_stmt 0 view .LVU90
 300 003c FFF7FEFF 		bl	HAL_GetTick
 301              	.LVL17:
 271:/home/pacl/Documents/Repository/chipwhisperer/firmware/mcu/hal/chipwhisperer-fw-extra/stm32f4/stm32f4xx_hal_rng.c ****       {    
 302              		.loc 1 271 25 discriminator 1 view .LVU91
 303 0040 C01B     		subs	r0, r0, r7
 271:/home/pacl/Documents/Repository/chipwhisperer/firmware/mcu/hal/chipwhisperer-fw-extra/stm32f4/stm32f4xx_hal_rng.c ****       {    
 304              		.loc 1 271 9 discriminator 1 view .LVU92
 305 0042 0228     		cmp	r0, #2
 306 0044 ECD9     		bls	.L14
 273:/home/pacl/Documents/Repository/chipwhisperer/firmware/mcu/hal/chipwhisperer-fw-extra/stm32f4/stm32f4xx_hal_rng.c **** 
 307              		.loc 1 273 9 is_stmt 1 view .LVU93
 273:/home/pacl/Documents/Repository/chipwhisperer/firmware/mcu/hal/chipwhisperer-fw-extra/stm32f4/stm32f4xx_hal_rng.c **** 
 308              		.loc 1 273 21 is_stmt 0 view .LVU94
 309 0046 0423     		movs	r3, #4
 310 0048 6371     		strb	r3, [r4, #5]
 276:/home/pacl/Documents/Repository/chipwhisperer/firmware/mcu/hal/chipwhisperer-fw-extra/stm32f4/stm32f4xx_hal_rng.c ****       
 311              		.loc 1 276 9 is_stmt 1 view .LVU95
 276:/home/pacl/Documents/Repository/chipwhisperer/firmware/mcu/hal/chipwhisperer-fw-extra/stm32f4/stm32f4xx_hal_rng.c ****       
 312              		.loc 1 276 9 view .LVU96
 313 004a 2571     		strb	r5, [r4, #4]
 276:/home/pacl/Documents/Repository/chipwhisperer/firmware/mcu/hal/chipwhisperer-fw-extra/stm32f4/stm32f4xx_hal_rng.c ****       
 314              		.loc 1 276 9 view .LVU97
 278:/home/pacl/Documents/Repository/chipwhisperer/firmware/mcu/hal/chipwhisperer-fw-extra/stm32f4/stm32f4xx_hal_rng.c ****       } 
 315              		.loc 1 278 9 view .LVU98
 278:/home/pacl/Documents/Repository/chipwhisperer/firmware/mcu/hal/chipwhisperer-fw-extra/stm32f4/stm32f4xx_hal_rng.c ****       } 
 316              		.loc 1 278 16 is_stmt 0 view .LVU99
 317 004c 0320     		movs	r0, #3
 318              	.LVL18:
 319              	.L12:
 297:/home/pacl/Documents/Repository/chipwhisperer/firmware/mcu/hal/chipwhisperer-fw-extra/stm32f4/stm32f4xx_hal_rng.c **** }
 320              		.loc 1 297 1 view .LVU100
 321 004e F8BD     		pop	{r3, r4, r5, r6, r7, pc}
 322              	.LVL19:
 323              	.L16:
 257:/home/pacl/Documents/Repository/chipwhisperer/firmware/mcu/hal/chipwhisperer-fw-extra/stm32f4/stm32f4xx_hal_rng.c ****   
 324              		.loc 1 257 3 discriminator 1 view .LVU101
 325 0050 0220     		movs	r0, #2
 326              	.LVL20:
 257:/home/pacl/Documents/Repository/chipwhisperer/firmware/mcu/hal/chipwhisperer-fw-extra/stm32f4/stm32f4xx_hal_rng.c ****   
 327              		.loc 1 257 3 discriminator 1 view .LVU102
 328 0052 FCE7     		b	.L12
 329              		.cfi_endproc
 330              	.LFE130:
 332              		.section	.text.HAL_RNG_GenerateRandomNumber_IT,"ax",%progbits
 333              		.align	1
 334              		.global	HAL_RNG_GenerateRandomNumber_IT
 335              		.syntax unified
 336              		.thumb
 337              		.thumb_func
 339              	HAL_RNG_GenerateRandomNumber_IT:
 340              	.LVL21:
 341              	.LFB131:
 298:/home/pacl/Documents/Repository/chipwhisperer/firmware/mcu/hal/chipwhisperer-fw-extra/stm32f4/stm32f4xx_hal_rng.c **** 
 299:/home/pacl/Documents/Repository/chipwhisperer/firmware/mcu/hal/chipwhisperer-fw-extra/stm32f4/stm32f4xx_hal_rng.c **** /**
 300:/home/pacl/Documents/Repository/chipwhisperer/firmware/mcu/hal/chipwhisperer-fw-extra/stm32f4/stm32f4xx_hal_rng.c ****   * @brief  Generates a 32-bit random number in interrupt mode.
 301:/home/pacl/Documents/Repository/chipwhisperer/firmware/mcu/hal/chipwhisperer-fw-extra/stm32f4/stm32f4xx_hal_rng.c ****   * @param  hrng: pointer to a RNG_HandleTypeDef structure that contains
 302:/home/pacl/Documents/Repository/chipwhisperer/firmware/mcu/hal/chipwhisperer-fw-extra/stm32f4/stm32f4xx_hal_rng.c ****   *                the configuration information for RNG.
 303:/home/pacl/Documents/Repository/chipwhisperer/firmware/mcu/hal/chipwhisperer-fw-extra/stm32f4/stm32f4xx_hal_rng.c ****   * @retval HAL status
 304:/home/pacl/Documents/Repository/chipwhisperer/firmware/mcu/hal/chipwhisperer-fw-extra/stm32f4/stm32f4xx_hal_rng.c ****   */
 305:/home/pacl/Documents/Repository/chipwhisperer/firmware/mcu/hal/chipwhisperer-fw-extra/stm32f4/stm32f4xx_hal_rng.c **** HAL_StatusTypeDef HAL_RNG_GenerateRandomNumber_IT(RNG_HandleTypeDef *hrng)
 306:/home/pacl/Documents/Repository/chipwhisperer/firmware/mcu/hal/chipwhisperer-fw-extra/stm32f4/stm32f4xx_hal_rng.c **** {
 342              		.loc 1 306 1 is_stmt 1 view -0
 343              		.cfi_startproc
 344              		@ args = 0, pretend = 0, frame = 0
 345              		@ frame_needed = 0, uses_anonymous_args = 0
 346              		@ link register save eliminated.
 307:/home/pacl/Documents/Repository/chipwhisperer/firmware/mcu/hal/chipwhisperer-fw-extra/stm32f4/stm32f4xx_hal_rng.c ****   HAL_StatusTypeDef status = HAL_OK;
 347              		.loc 1 307 3 view .LVU104
 308:/home/pacl/Documents/Repository/chipwhisperer/firmware/mcu/hal/chipwhisperer-fw-extra/stm32f4/stm32f4xx_hal_rng.c ****   
 309:/home/pacl/Documents/Repository/chipwhisperer/firmware/mcu/hal/chipwhisperer-fw-extra/stm32f4/stm32f4xx_hal_rng.c ****   /* Process Locked */
 310:/home/pacl/Documents/Repository/chipwhisperer/firmware/mcu/hal/chipwhisperer-fw-extra/stm32f4/stm32f4xx_hal_rng.c ****   __HAL_LOCK(hrng);
 348              		.loc 1 310 3 view .LVU105
 349              		.loc 1 310 3 view .LVU106
 350 0000 0379     		ldrb	r3, [r0, #4]	@ zero_extendqisi2
 351 0002 012B     		cmp	r3, #1
 352 0004 11D0     		beq	.L22
 353              		.loc 1 310 3 discriminator 2 view .LVU107
 354              		.loc 1 310 3 discriminator 2 view .LVU108
 311:/home/pacl/Documents/Repository/chipwhisperer/firmware/mcu/hal/chipwhisperer-fw-extra/stm32f4/stm32f4xx_hal_rng.c ****   
 312:/home/pacl/Documents/Repository/chipwhisperer/firmware/mcu/hal/chipwhisperer-fw-extra/stm32f4/stm32f4xx_hal_rng.c ****   /* Check RNG peripheral state */
 313:/home/pacl/Documents/Repository/chipwhisperer/firmware/mcu/hal/chipwhisperer-fw-extra/stm32f4/stm32f4xx_hal_rng.c ****   if(hrng->State == HAL_RNG_STATE_READY)
 355              		.loc 1 313 3 view .LVU109
 356              		.loc 1 313 10 is_stmt 0 view .LVU110
 357 0006 4379     		ldrb	r3, [r0, #5]	@ zero_extendqisi2
 358              		.loc 1 313 5 view .LVU111
 359 0008 012B     		cmp	r3, #1
 360 000a 4FF00003 		mov	r3, #0
 361 000e 09D1     		bne	.L21
 314:/home/pacl/Documents/Repository/chipwhisperer/firmware/mcu/hal/chipwhisperer-fw-extra/stm32f4/stm32f4xx_hal_rng.c ****   {
 315:/home/pacl/Documents/Repository/chipwhisperer/firmware/mcu/hal/chipwhisperer-fw-extra/stm32f4/stm32f4xx_hal_rng.c ****     /* Change RNG peripheral state */  
 316:/home/pacl/Documents/Repository/chipwhisperer/firmware/mcu/hal/chipwhisperer-fw-extra/stm32f4/stm32f4xx_hal_rng.c ****     hrng->State = HAL_RNG_STATE_BUSY;  
 362              		.loc 1 316 5 is_stmt 1 view .LVU112
 317:/home/pacl/Documents/Repository/chipwhisperer/firmware/mcu/hal/chipwhisperer-fw-extra/stm32f4/stm32f4xx_hal_rng.c ****   
 318:/home/pacl/Documents/Repository/chipwhisperer/firmware/mcu/hal/chipwhisperer-fw-extra/stm32f4/stm32f4xx_hal_rng.c ****     /* Process Unlocked */
 319:/home/pacl/Documents/Repository/chipwhisperer/firmware/mcu/hal/chipwhisperer-fw-extra/stm32f4/stm32f4xx_hal_rng.c ****     __HAL_UNLOCK(hrng);
 320:/home/pacl/Documents/Repository/chipwhisperer/firmware/mcu/hal/chipwhisperer-fw-extra/stm32f4/stm32f4xx_hal_rng.c ****     
 321:/home/pacl/Documents/Repository/chipwhisperer/firmware/mcu/hal/chipwhisperer-fw-extra/stm32f4/stm32f4xx_hal_rng.c ****     /* Enable the RNG Interrupts: Data Ready, Clock error, Seed error */ 
 322:/home/pacl/Documents/Repository/chipwhisperer/firmware/mcu/hal/chipwhisperer-fw-extra/stm32f4/stm32f4xx_hal_rng.c ****     __HAL_RNG_ENABLE_IT(hrng);
 363              		.loc 1 322 5 is_stmt 0 view .LVU113
 364 0010 0168     		ldr	r1, [r0]
 319:/home/pacl/Documents/Repository/chipwhisperer/firmware/mcu/hal/chipwhisperer-fw-extra/stm32f4/stm32f4xx_hal_rng.c ****     
 365              		.loc 1 319 5 view .LVU114
 366 0012 0371     		strb	r3, [r0, #4]
 316:/home/pacl/Documents/Repository/chipwhisperer/firmware/mcu/hal/chipwhisperer-fw-extra/stm32f4/stm32f4xx_hal_rng.c ****   
 367              		.loc 1 316 17 view .LVU115
 368 0014 0222     		movs	r2, #2
 369 0016 4271     		strb	r2, [r0, #5]
 319:/home/pacl/Documents/Repository/chipwhisperer/firmware/mcu/hal/chipwhisperer-fw-extra/stm32f4/stm32f4xx_hal_rng.c ****     
 370              		.loc 1 319 5 is_stmt 1 view .LVU116
 319:/home/pacl/Documents/Repository/chipwhisperer/firmware/mcu/hal/chipwhisperer-fw-extra/stm32f4/stm32f4xx_hal_rng.c ****     
 371              		.loc 1 319 5 view .LVU117
 319:/home/pacl/Documents/Repository/chipwhisperer/firmware/mcu/hal/chipwhisperer-fw-extra/stm32f4/stm32f4xx_hal_rng.c ****     
 372              		.loc 1 319 5 view .LVU118
 373              		.loc 1 322 5 view .LVU119
 374 0018 0A68     		ldr	r2, [r1]
 375 001a 42F00802 		orr	r2, r2, #8
 376 001e 0A60     		str	r2, [r1]
 307:/home/pacl/Documents/Repository/chipwhisperer/firmware/mcu/hal/chipwhisperer-fw-extra/stm32f4/stm32f4xx_hal_rng.c ****   
 377              		.loc 1 307 21 is_stmt 0 view .LVU120
 378 0020 1846     		mov	r0, r3
 379              	.LVL22:
 307:/home/pacl/Documents/Repository/chipwhisperer/firmware/mcu/hal/chipwhisperer-fw-extra/stm32f4/stm32f4xx_hal_rng.c ****   
 380              		.loc 1 307 21 view .LVU121
 381 0022 7047     		bx	lr
 382              	.LVL23:
 383              	.L21:
 323:/home/pacl/Documents/Repository/chipwhisperer/firmware/mcu/hal/chipwhisperer-fw-extra/stm32f4/stm32f4xx_hal_rng.c ****   }
 324:/home/pacl/Documents/Repository/chipwhisperer/firmware/mcu/hal/chipwhisperer-fw-extra/stm32f4/stm32f4xx_hal_rng.c ****   else
 325:/home/pacl/Documents/Repository/chipwhisperer/firmware/mcu/hal/chipwhisperer-fw-extra/stm32f4/stm32f4xx_hal_rng.c ****   {
 326:/home/pacl/Documents/Repository/chipwhisperer/firmware/mcu/hal/chipwhisperer-fw-extra/stm32f4/stm32f4xx_hal_rng.c ****     /* Process Unlocked */
 327:/home/pacl/Documents/Repository/chipwhisperer/firmware/mcu/hal/chipwhisperer-fw-extra/stm32f4/stm32f4xx_hal_rng.c ****     __HAL_UNLOCK(hrng);
 384              		.loc 1 327 5 is_stmt 1 view .LVU122
 385              		.loc 1 327 5 view .LVU123
 386 0024 0371     		strb	r3, [r0, #4]
 387              		.loc 1 327 5 view .LVU124
 328:/home/pacl/Documents/Repository/chipwhisperer/firmware/mcu/hal/chipwhisperer-fw-extra/stm32f4/stm32f4xx_hal_rng.c ****     
 329:/home/pacl/Documents/Repository/chipwhisperer/firmware/mcu/hal/chipwhisperer-fw-extra/stm32f4/stm32f4xx_hal_rng.c ****     status = HAL_ERROR;
 388              		.loc 1 329 5 view .LVU125
 389              	.LVL24:
 390              		.loc 1 329 12 is_stmt 0 view .LVU126
 391 0026 0120     		movs	r0, #1
 392              	.LVL25:
 393              		.loc 1 329 12 view .LVU127
 394 0028 7047     		bx	lr
 395              	.LVL26:
 396              	.L22:
 310:/home/pacl/Documents/Repository/chipwhisperer/firmware/mcu/hal/chipwhisperer-fw-extra/stm32f4/stm32f4xx_hal_rng.c ****   
 397              		.loc 1 310 3 discriminator 1 view .LVU128
 398 002a 0220     		movs	r0, #2
 399              	.LVL27:
 330:/home/pacl/Documents/Repository/chipwhisperer/firmware/mcu/hal/chipwhisperer-fw-extra/stm32f4/stm32f4xx_hal_rng.c ****   }
 331:/home/pacl/Documents/Repository/chipwhisperer/firmware/mcu/hal/chipwhisperer-fw-extra/stm32f4/stm32f4xx_hal_rng.c ****   
 332:/home/pacl/Documents/Repository/chipwhisperer/firmware/mcu/hal/chipwhisperer-fw-extra/stm32f4/stm32f4xx_hal_rng.c ****   return status;
 333:/home/pacl/Documents/Repository/chipwhisperer/firmware/mcu/hal/chipwhisperer-fw-extra/stm32f4/stm32f4xx_hal_rng.c **** }
 400              		.loc 1 333 1 view .LVU129
 401 002c 7047     		bx	lr
 402              		.cfi_endproc
 403              	.LFE131:
 405              		.section	.text.HAL_RNG_GetRandomNumber,"ax",%progbits
 406              		.align	1
 407              		.global	HAL_RNG_GetRandomNumber
 408              		.syntax unified
 409              		.thumb
 410              		.thumb_func
 412              	HAL_RNG_GetRandomNumber:
 413              	.LVL28:
 414              	.LFB133:
 334:/home/pacl/Documents/Repository/chipwhisperer/firmware/mcu/hal/chipwhisperer-fw-extra/stm32f4/stm32f4xx_hal_rng.c **** 
 335:/home/pacl/Documents/Repository/chipwhisperer/firmware/mcu/hal/chipwhisperer-fw-extra/stm32f4/stm32f4xx_hal_rng.c **** /**
 336:/home/pacl/Documents/Repository/chipwhisperer/firmware/mcu/hal/chipwhisperer-fw-extra/stm32f4/stm32f4xx_hal_rng.c ****   * @brief  Handles RNG interrupt request.
 337:/home/pacl/Documents/Repository/chipwhisperer/firmware/mcu/hal/chipwhisperer-fw-extra/stm32f4/stm32f4xx_hal_rng.c ****   * @note   In the case of a clock error, the RNG is no more able to generate 
 338:/home/pacl/Documents/Repository/chipwhisperer/firmware/mcu/hal/chipwhisperer-fw-extra/stm32f4/stm32f4xx_hal_rng.c ****   *         random numbers because the PLL48CLK clock is not correct. User has 
 339:/home/pacl/Documents/Repository/chipwhisperer/firmware/mcu/hal/chipwhisperer-fw-extra/stm32f4/stm32f4xx_hal_rng.c ****   *         to check that the clock controller is correctly configured to provide
 340:/home/pacl/Documents/Repository/chipwhisperer/firmware/mcu/hal/chipwhisperer-fw-extra/stm32f4/stm32f4xx_hal_rng.c ****   *         the RNG clock and clear the CEIS bit using __HAL_RNG_CLEAR_IT(). 
 341:/home/pacl/Documents/Repository/chipwhisperer/firmware/mcu/hal/chipwhisperer-fw-extra/stm32f4/stm32f4xx_hal_rng.c ****   *         The clock error has no impact on the previously generated 
 342:/home/pacl/Documents/Repository/chipwhisperer/firmware/mcu/hal/chipwhisperer-fw-extra/stm32f4/stm32f4xx_hal_rng.c ****   *         random numbers, and the RNG_DR register contents can be used.
 343:/home/pacl/Documents/Repository/chipwhisperer/firmware/mcu/hal/chipwhisperer-fw-extra/stm32f4/stm32f4xx_hal_rng.c ****   * @note   In the case of a seed error, the generation of random numbers is 
 344:/home/pacl/Documents/Repository/chipwhisperer/firmware/mcu/hal/chipwhisperer-fw-extra/stm32f4/stm32f4xx_hal_rng.c ****   *         interrupted as long as the SECS bit is '1'. If a number is 
 345:/home/pacl/Documents/Repository/chipwhisperer/firmware/mcu/hal/chipwhisperer-fw-extra/stm32f4/stm32f4xx_hal_rng.c ****   *         available in the RNG_DR register, it must not be used because it may 
 346:/home/pacl/Documents/Repository/chipwhisperer/firmware/mcu/hal/chipwhisperer-fw-extra/stm32f4/stm32f4xx_hal_rng.c ****   *         not have enough entropy. In this case, it is recommended to clear the 
 347:/home/pacl/Documents/Repository/chipwhisperer/firmware/mcu/hal/chipwhisperer-fw-extra/stm32f4/stm32f4xx_hal_rng.c ****   *         SEIS bit using __HAL_RNG_CLEAR_IT(), then disable and enable 
 348:/home/pacl/Documents/Repository/chipwhisperer/firmware/mcu/hal/chipwhisperer-fw-extra/stm32f4/stm32f4xx_hal_rng.c ****   *         the RNG peripheral to reinitialize and restart the RNG.
 349:/home/pacl/Documents/Repository/chipwhisperer/firmware/mcu/hal/chipwhisperer-fw-extra/stm32f4/stm32f4xx_hal_rng.c ****   * @note   User-written HAL_RNG_ErrorCallback() API is called once whether SEIS
 350:/home/pacl/Documents/Repository/chipwhisperer/firmware/mcu/hal/chipwhisperer-fw-extra/stm32f4/stm32f4xx_hal_rng.c ****   *         or CEIS are set.  
 351:/home/pacl/Documents/Repository/chipwhisperer/firmware/mcu/hal/chipwhisperer-fw-extra/stm32f4/stm32f4xx_hal_rng.c ****   * @param  hrng: pointer to a RNG_HandleTypeDef structure that contains
 352:/home/pacl/Documents/Repository/chipwhisperer/firmware/mcu/hal/chipwhisperer-fw-extra/stm32f4/stm32f4xx_hal_rng.c ****   *                the configuration information for RNG.
 353:/home/pacl/Documents/Repository/chipwhisperer/firmware/mcu/hal/chipwhisperer-fw-extra/stm32f4/stm32f4xx_hal_rng.c ****   * @retval None
 354:/home/pacl/Documents/Repository/chipwhisperer/firmware/mcu/hal/chipwhisperer-fw-extra/stm32f4/stm32f4xx_hal_rng.c **** 
 355:/home/pacl/Documents/Repository/chipwhisperer/firmware/mcu/hal/chipwhisperer-fw-extra/stm32f4/stm32f4xx_hal_rng.c ****   */
 356:/home/pacl/Documents/Repository/chipwhisperer/firmware/mcu/hal/chipwhisperer-fw-extra/stm32f4/stm32f4xx_hal_rng.c **** void HAL_RNG_IRQHandler(RNG_HandleTypeDef *hrng)
 357:/home/pacl/Documents/Repository/chipwhisperer/firmware/mcu/hal/chipwhisperer-fw-extra/stm32f4/stm32f4xx_hal_rng.c **** {
 358:/home/pacl/Documents/Repository/chipwhisperer/firmware/mcu/hal/chipwhisperer-fw-extra/stm32f4/stm32f4xx_hal_rng.c ****   /* RNG clock error interrupt occurred */
 359:/home/pacl/Documents/Repository/chipwhisperer/firmware/mcu/hal/chipwhisperer-fw-extra/stm32f4/stm32f4xx_hal_rng.c ****   if((__HAL_RNG_GET_IT(hrng, RNG_IT_CEI) != RESET) ||  (__HAL_RNG_GET_IT(hrng, RNG_IT_SEI) != RESET
 360:/home/pacl/Documents/Repository/chipwhisperer/firmware/mcu/hal/chipwhisperer-fw-extra/stm32f4/stm32f4xx_hal_rng.c ****   { 
 361:/home/pacl/Documents/Repository/chipwhisperer/firmware/mcu/hal/chipwhisperer-fw-extra/stm32f4/stm32f4xx_hal_rng.c ****     /* Change RNG peripheral state */
 362:/home/pacl/Documents/Repository/chipwhisperer/firmware/mcu/hal/chipwhisperer-fw-extra/stm32f4/stm32f4xx_hal_rng.c ****     hrng->State = HAL_RNG_STATE_ERROR;
 363:/home/pacl/Documents/Repository/chipwhisperer/firmware/mcu/hal/chipwhisperer-fw-extra/stm32f4/stm32f4xx_hal_rng.c ****   
 364:/home/pacl/Documents/Repository/chipwhisperer/firmware/mcu/hal/chipwhisperer-fw-extra/stm32f4/stm32f4xx_hal_rng.c ****     HAL_RNG_ErrorCallback(hrng);
 365:/home/pacl/Documents/Repository/chipwhisperer/firmware/mcu/hal/chipwhisperer-fw-extra/stm32f4/stm32f4xx_hal_rng.c ****     
 366:/home/pacl/Documents/Repository/chipwhisperer/firmware/mcu/hal/chipwhisperer-fw-extra/stm32f4/stm32f4xx_hal_rng.c ****     /* Clear the clock error flag */
 367:/home/pacl/Documents/Repository/chipwhisperer/firmware/mcu/hal/chipwhisperer-fw-extra/stm32f4/stm32f4xx_hal_rng.c ****     __HAL_RNG_CLEAR_IT(hrng, RNG_IT_CEI|RNG_IT_SEI);
 368:/home/pacl/Documents/Repository/chipwhisperer/firmware/mcu/hal/chipwhisperer-fw-extra/stm32f4/stm32f4xx_hal_rng.c ****     
 369:/home/pacl/Documents/Repository/chipwhisperer/firmware/mcu/hal/chipwhisperer-fw-extra/stm32f4/stm32f4xx_hal_rng.c ****   }
 370:/home/pacl/Documents/Repository/chipwhisperer/firmware/mcu/hal/chipwhisperer-fw-extra/stm32f4/stm32f4xx_hal_rng.c ****   
 371:/home/pacl/Documents/Repository/chipwhisperer/firmware/mcu/hal/chipwhisperer-fw-extra/stm32f4/stm32f4xx_hal_rng.c ****   /* Check RNG data ready interrupt occurred */    
 372:/home/pacl/Documents/Repository/chipwhisperer/firmware/mcu/hal/chipwhisperer-fw-extra/stm32f4/stm32f4xx_hal_rng.c ****   if(__HAL_RNG_GET_IT(hrng, RNG_IT_DRDY) != RESET)
 373:/home/pacl/Documents/Repository/chipwhisperer/firmware/mcu/hal/chipwhisperer-fw-extra/stm32f4/stm32f4xx_hal_rng.c ****   {
 374:/home/pacl/Documents/Repository/chipwhisperer/firmware/mcu/hal/chipwhisperer-fw-extra/stm32f4/stm32f4xx_hal_rng.c ****     /* Generate random number once, so disable the IT */
 375:/home/pacl/Documents/Repository/chipwhisperer/firmware/mcu/hal/chipwhisperer-fw-extra/stm32f4/stm32f4xx_hal_rng.c ****     __HAL_RNG_DISABLE_IT(hrng);
 376:/home/pacl/Documents/Repository/chipwhisperer/firmware/mcu/hal/chipwhisperer-fw-extra/stm32f4/stm32f4xx_hal_rng.c ****     
 377:/home/pacl/Documents/Repository/chipwhisperer/firmware/mcu/hal/chipwhisperer-fw-extra/stm32f4/stm32f4xx_hal_rng.c ****     /* Get the 32bit Random number (DRDY flag automatically cleared) */ 
 378:/home/pacl/Documents/Repository/chipwhisperer/firmware/mcu/hal/chipwhisperer-fw-extra/stm32f4/stm32f4xx_hal_rng.c ****     hrng->RandomNumber = hrng->Instance->DR;
 379:/home/pacl/Documents/Repository/chipwhisperer/firmware/mcu/hal/chipwhisperer-fw-extra/stm32f4/stm32f4xx_hal_rng.c ****     
 380:/home/pacl/Documents/Repository/chipwhisperer/firmware/mcu/hal/chipwhisperer-fw-extra/stm32f4/stm32f4xx_hal_rng.c ****     if(hrng->State != HAL_RNG_STATE_ERROR)
 381:/home/pacl/Documents/Repository/chipwhisperer/firmware/mcu/hal/chipwhisperer-fw-extra/stm32f4/stm32f4xx_hal_rng.c ****     {
 382:/home/pacl/Documents/Repository/chipwhisperer/firmware/mcu/hal/chipwhisperer-fw-extra/stm32f4/stm32f4xx_hal_rng.c ****       /* Change RNG peripheral state */
 383:/home/pacl/Documents/Repository/chipwhisperer/firmware/mcu/hal/chipwhisperer-fw-extra/stm32f4/stm32f4xx_hal_rng.c ****       hrng->State = HAL_RNG_STATE_READY; 
 384:/home/pacl/Documents/Repository/chipwhisperer/firmware/mcu/hal/chipwhisperer-fw-extra/stm32f4/stm32f4xx_hal_rng.c ****       
 385:/home/pacl/Documents/Repository/chipwhisperer/firmware/mcu/hal/chipwhisperer-fw-extra/stm32f4/stm32f4xx_hal_rng.c ****       /* Data Ready callback */ 
 386:/home/pacl/Documents/Repository/chipwhisperer/firmware/mcu/hal/chipwhisperer-fw-extra/stm32f4/stm32f4xx_hal_rng.c ****       HAL_RNG_ReadyDataCallback(hrng, hrng->RandomNumber);
 387:/home/pacl/Documents/Repository/chipwhisperer/firmware/mcu/hal/chipwhisperer-fw-extra/stm32f4/stm32f4xx_hal_rng.c ****     } 
 388:/home/pacl/Documents/Repository/chipwhisperer/firmware/mcu/hal/chipwhisperer-fw-extra/stm32f4/stm32f4xx_hal_rng.c ****   }
 389:/home/pacl/Documents/Repository/chipwhisperer/firmware/mcu/hal/chipwhisperer-fw-extra/stm32f4/stm32f4xx_hal_rng.c **** } 
 390:/home/pacl/Documents/Repository/chipwhisperer/firmware/mcu/hal/chipwhisperer-fw-extra/stm32f4/stm32f4xx_hal_rng.c **** 
 391:/home/pacl/Documents/Repository/chipwhisperer/firmware/mcu/hal/chipwhisperer-fw-extra/stm32f4/stm32f4xx_hal_rng.c **** /**
 392:/home/pacl/Documents/Repository/chipwhisperer/firmware/mcu/hal/chipwhisperer-fw-extra/stm32f4/stm32f4xx_hal_rng.c ****   * @brief  Returns generated random number in polling mode (Obsolete)
 393:/home/pacl/Documents/Repository/chipwhisperer/firmware/mcu/hal/chipwhisperer-fw-extra/stm32f4/stm32f4xx_hal_rng.c ****   *         Use HAL_RNG_GenerateRandomNumber() API instead.
 394:/home/pacl/Documents/Repository/chipwhisperer/firmware/mcu/hal/chipwhisperer-fw-extra/stm32f4/stm32f4xx_hal_rng.c ****   * @param  hrng: pointer to a RNG_HandleTypeDef structure that contains
 395:/home/pacl/Documents/Repository/chipwhisperer/firmware/mcu/hal/chipwhisperer-fw-extra/stm32f4/stm32f4xx_hal_rng.c ****   *                the configuration information for RNG.
 396:/home/pacl/Documents/Repository/chipwhisperer/firmware/mcu/hal/chipwhisperer-fw-extra/stm32f4/stm32f4xx_hal_rng.c ****   * @retval Random value
 397:/home/pacl/Documents/Repository/chipwhisperer/firmware/mcu/hal/chipwhisperer-fw-extra/stm32f4/stm32f4xx_hal_rng.c ****   */
 398:/home/pacl/Documents/Repository/chipwhisperer/firmware/mcu/hal/chipwhisperer-fw-extra/stm32f4/stm32f4xx_hal_rng.c **** uint32_t HAL_RNG_GetRandomNumber(RNG_HandleTypeDef *hrng)
 399:/home/pacl/Documents/Repository/chipwhisperer/firmware/mcu/hal/chipwhisperer-fw-extra/stm32f4/stm32f4xx_hal_rng.c **** {
 415              		.loc 1 399 1 is_stmt 1 view -0
 416              		.cfi_startproc
 417              		@ args = 0, pretend = 0, frame = 0
 418              		@ frame_needed = 0, uses_anonymous_args = 0
 400:/home/pacl/Documents/Repository/chipwhisperer/firmware/mcu/hal/chipwhisperer-fw-extra/stm32f4/stm32f4xx_hal_rng.c ****   if(HAL_RNG_GenerateRandomNumber(hrng, &(hrng->RandomNumber)) == HAL_OK)
 419              		.loc 1 400 3 view .LVU131
 399:/home/pacl/Documents/Repository/chipwhisperer/firmware/mcu/hal/chipwhisperer-fw-extra/stm32f4/stm32f4xx_hal_rng.c ****   if(HAL_RNG_GenerateRandomNumber(hrng, &(hrng->RandomNumber)) == HAL_OK)
 420              		.loc 1 399 1 is_stmt 0 view .LVU132
 421 0000 10B5     		push	{r4, lr}
 422              	.LCFI3:
 423              		.cfi_def_cfa_offset 8
 424              		.cfi_offset 4, -8
 425              		.cfi_offset 14, -4
 426              		.loc 1 400 6 view .LVU133
 427 0002 00F10801 		add	r1, r0, #8
 399:/home/pacl/Documents/Repository/chipwhisperer/firmware/mcu/hal/chipwhisperer-fw-extra/stm32f4/stm32f4xx_hal_rng.c ****   if(HAL_RNG_GenerateRandomNumber(hrng, &(hrng->RandomNumber)) == HAL_OK)
 428              		.loc 1 399 1 view .LVU134
 429 0006 0446     		mov	r4, r0
 430              		.loc 1 400 6 view .LVU135
 431 0008 FFF7FEFF 		bl	HAL_RNG_GenerateRandomNumber
 432              	.LVL29:
 433              		.loc 1 400 5 discriminator 1 view .LVU136
 434 000c 08B9     		cbnz	r0, .L25
 401:/home/pacl/Documents/Repository/chipwhisperer/firmware/mcu/hal/chipwhisperer-fw-extra/stm32f4/stm32f4xx_hal_rng.c ****   {
 402:/home/pacl/Documents/Repository/chipwhisperer/firmware/mcu/hal/chipwhisperer-fw-extra/stm32f4/stm32f4xx_hal_rng.c ****     return hrng->RandomNumber; 
 435              		.loc 1 402 5 is_stmt 1 view .LVU137
 436              		.loc 1 402 16 is_stmt 0 view .LVU138
 437 000e A068     		ldr	r0, [r4, #8]
 438              	.L23:
 403:/home/pacl/Documents/Repository/chipwhisperer/firmware/mcu/hal/chipwhisperer-fw-extra/stm32f4/stm32f4xx_hal_rng.c ****   }
 404:/home/pacl/Documents/Repository/chipwhisperer/firmware/mcu/hal/chipwhisperer-fw-extra/stm32f4/stm32f4xx_hal_rng.c ****   else
 405:/home/pacl/Documents/Repository/chipwhisperer/firmware/mcu/hal/chipwhisperer-fw-extra/stm32f4/stm32f4xx_hal_rng.c ****   {
 406:/home/pacl/Documents/Repository/chipwhisperer/firmware/mcu/hal/chipwhisperer-fw-extra/stm32f4/stm32f4xx_hal_rng.c ****     return 0U;
 407:/home/pacl/Documents/Repository/chipwhisperer/firmware/mcu/hal/chipwhisperer-fw-extra/stm32f4/stm32f4xx_hal_rng.c ****   }
 408:/home/pacl/Documents/Repository/chipwhisperer/firmware/mcu/hal/chipwhisperer-fw-extra/stm32f4/stm32f4xx_hal_rng.c **** }
 439              		.loc 1 408 1 view .LVU139
 440 0010 10BD     		pop	{r4, pc}
 441              	.LVL30:
 442              	.L25:
 406:/home/pacl/Documents/Repository/chipwhisperer/firmware/mcu/hal/chipwhisperer-fw-extra/stm32f4/stm32f4xx_hal_rng.c ****   }
 443              		.loc 1 406 12 view .LVU140
 444 0012 0020     		movs	r0, #0
 445 0014 FCE7     		b	.L23
 446              		.cfi_endproc
 447              	.LFE133:
 449              		.section	.text.HAL_RNG_GetRandomNumber_IT,"ax",%progbits
 450              		.align	1
 451              		.global	HAL_RNG_GetRandomNumber_IT
 452              		.syntax unified
 453              		.thumb
 454              		.thumb_func
 456              	HAL_RNG_GetRandomNumber_IT:
 457              	.LVL31:
 458              	.LFB134:
 409:/home/pacl/Documents/Repository/chipwhisperer/firmware/mcu/hal/chipwhisperer-fw-extra/stm32f4/stm32f4xx_hal_rng.c **** 
 410:/home/pacl/Documents/Repository/chipwhisperer/firmware/mcu/hal/chipwhisperer-fw-extra/stm32f4/stm32f4xx_hal_rng.c **** /**
 411:/home/pacl/Documents/Repository/chipwhisperer/firmware/mcu/hal/chipwhisperer-fw-extra/stm32f4/stm32f4xx_hal_rng.c ****   * @brief  Returns a 32-bit random number with interrupt enabled (Obsolete),
 412:/home/pacl/Documents/Repository/chipwhisperer/firmware/mcu/hal/chipwhisperer-fw-extra/stm32f4/stm32f4xx_hal_rng.c ****   *         Use HAL_RNG_GenerateRandomNumber_IT() API instead.
 413:/home/pacl/Documents/Repository/chipwhisperer/firmware/mcu/hal/chipwhisperer-fw-extra/stm32f4/stm32f4xx_hal_rng.c ****   * @param  hrng: pointer to a RNG_HandleTypeDef structure that contains
 414:/home/pacl/Documents/Repository/chipwhisperer/firmware/mcu/hal/chipwhisperer-fw-extra/stm32f4/stm32f4xx_hal_rng.c ****   *                the configuration information for RNG.
 415:/home/pacl/Documents/Repository/chipwhisperer/firmware/mcu/hal/chipwhisperer-fw-extra/stm32f4/stm32f4xx_hal_rng.c ****   * @retval 32-bit random number
 416:/home/pacl/Documents/Repository/chipwhisperer/firmware/mcu/hal/chipwhisperer-fw-extra/stm32f4/stm32f4xx_hal_rng.c ****   */
 417:/home/pacl/Documents/Repository/chipwhisperer/firmware/mcu/hal/chipwhisperer-fw-extra/stm32f4/stm32f4xx_hal_rng.c **** uint32_t HAL_RNG_GetRandomNumber_IT(RNG_HandleTypeDef *hrng)
 418:/home/pacl/Documents/Repository/chipwhisperer/firmware/mcu/hal/chipwhisperer-fw-extra/stm32f4/stm32f4xx_hal_rng.c **** {
 459              		.loc 1 418 1 is_stmt 1 view -0
 460              		.cfi_startproc
 461              		@ args = 0, pretend = 0, frame = 0
 462              		@ frame_needed = 0, uses_anonymous_args = 0
 463              		@ link register save eliminated.
 419:/home/pacl/Documents/Repository/chipwhisperer/firmware/mcu/hal/chipwhisperer-fw-extra/stm32f4/stm32f4xx_hal_rng.c ****   uint32_t random32bit = 0U;
 464              		.loc 1 419 3 view .LVU142
 420:/home/pacl/Documents/Repository/chipwhisperer/firmware/mcu/hal/chipwhisperer-fw-extra/stm32f4/stm32f4xx_hal_rng.c ****   
 421:/home/pacl/Documents/Repository/chipwhisperer/firmware/mcu/hal/chipwhisperer-fw-extra/stm32f4/stm32f4xx_hal_rng.c ****   /* Process locked */
 422:/home/pacl/Documents/Repository/chipwhisperer/firmware/mcu/hal/chipwhisperer-fw-extra/stm32f4/stm32f4xx_hal_rng.c ****   __HAL_LOCK(hrng);
 465              		.loc 1 422 3 view .LVU143
 466              		.loc 1 422 3 view .LVU144
 467 0000 0379     		ldrb	r3, [r0, #4]	@ zero_extendqisi2
 468 0002 012B     		cmp	r3, #1
 469 0004 4FF00203 		mov	r3, #2
 470 0008 09D0     		beq	.L28
 471              		.loc 1 422 3 discriminator 2 view .LVU145
 423:/home/pacl/Documents/Repository/chipwhisperer/firmware/mcu/hal/chipwhisperer-fw-extra/stm32f4/stm32f4xx_hal_rng.c ****   
 424:/home/pacl/Documents/Repository/chipwhisperer/firmware/mcu/hal/chipwhisperer-fw-extra/stm32f4/stm32f4xx_hal_rng.c ****   /* Change RNG peripheral state */  
 425:/home/pacl/Documents/Repository/chipwhisperer/firmware/mcu/hal/chipwhisperer-fw-extra/stm32f4/stm32f4xx_hal_rng.c ****   hrng->State = HAL_RNG_STATE_BUSY;  
 472              		.loc 1 425 15 is_stmt 0 view .LVU146
 473 000a 4371     		strb	r3, [r0, #5]
 422:/home/pacl/Documents/Repository/chipwhisperer/firmware/mcu/hal/chipwhisperer-fw-extra/stm32f4/stm32f4xx_hal_rng.c ****   
 474              		.loc 1 422 3 discriminator 2 view .LVU147
 475 000c 0122     		movs	r2, #1
 426:/home/pacl/Documents/Repository/chipwhisperer/firmware/mcu/hal/chipwhisperer-fw-extra/stm32f4/stm32f4xx_hal_rng.c ****   
 427:/home/pacl/Documents/Repository/chipwhisperer/firmware/mcu/hal/chipwhisperer-fw-extra/stm32f4/stm32f4xx_hal_rng.c ****   /* Get a 32bit Random number */ 
 428:/home/pacl/Documents/Repository/chipwhisperer/firmware/mcu/hal/chipwhisperer-fw-extra/stm32f4/stm32f4xx_hal_rng.c ****   random32bit = hrng->Instance->DR;
 476              		.loc 1 428 21 view .LVU148
 477 000e 0368     		ldr	r3, [r0]
 422:/home/pacl/Documents/Repository/chipwhisperer/firmware/mcu/hal/chipwhisperer-fw-extra/stm32f4/stm32f4xx_hal_rng.c ****   
 478              		.loc 1 422 3 discriminator 2 view .LVU149
 479 0010 0271     		strb	r2, [r0, #4]
 422:/home/pacl/Documents/Repository/chipwhisperer/firmware/mcu/hal/chipwhisperer-fw-extra/stm32f4/stm32f4xx_hal_rng.c ****   
 480              		.loc 1 422 3 is_stmt 1 discriminator 2 view .LVU150
 425:/home/pacl/Documents/Repository/chipwhisperer/firmware/mcu/hal/chipwhisperer-fw-extra/stm32f4/stm32f4xx_hal_rng.c ****   
 481              		.loc 1 425 3 view .LVU151
 482              		.loc 1 428 3 view .LVU152
 483              		.loc 1 428 15 is_stmt 0 view .LVU153
 484 0012 9868     		ldr	r0, [r3, #8]
 485              	.LVL32:
 429:/home/pacl/Documents/Repository/chipwhisperer/firmware/mcu/hal/chipwhisperer-fw-extra/stm32f4/stm32f4xx_hal_rng.c ****   
 430:/home/pacl/Documents/Repository/chipwhisperer/firmware/mcu/hal/chipwhisperer-fw-extra/stm32f4/stm32f4xx_hal_rng.c ****   /* Enable the RNG Interrupts: Data Ready, Clock error, Seed error */ 
 431:/home/pacl/Documents/Repository/chipwhisperer/firmware/mcu/hal/chipwhisperer-fw-extra/stm32f4/stm32f4xx_hal_rng.c ****   __HAL_RNG_ENABLE_IT(hrng); 
 486              		.loc 1 431 3 is_stmt 1 view .LVU154
 487 0014 1A68     		ldr	r2, [r3]
 488 0016 42F00802 		orr	r2, r2, #8
 489 001a 1A60     		str	r2, [r3]
 432:/home/pacl/Documents/Repository/chipwhisperer/firmware/mcu/hal/chipwhisperer-fw-extra/stm32f4/stm32f4xx_hal_rng.c ****   
 433:/home/pacl/Documents/Repository/chipwhisperer/firmware/mcu/hal/chipwhisperer-fw-extra/stm32f4/stm32f4xx_hal_rng.c ****   /* Return the 32 bit random number */   
 434:/home/pacl/Documents/Repository/chipwhisperer/firmware/mcu/hal/chipwhisperer-fw-extra/stm32f4/stm32f4xx_hal_rng.c ****   return random32bit;
 490              		.loc 1 434 3 view .LVU155
 491              		.loc 1 434 10 is_stmt 0 view .LVU156
 492 001c 7047     		bx	lr
 493              	.LVL33:
 494              	.L28:
 422:/home/pacl/Documents/Repository/chipwhisperer/firmware/mcu/hal/chipwhisperer-fw-extra/stm32f4/stm32f4xx_hal_rng.c ****   
 495              		.loc 1 422 3 discriminator 1 view .LVU157
 496 001e 1846     		mov	r0, r3
 497              	.LVL34:
 435:/home/pacl/Documents/Repository/chipwhisperer/firmware/mcu/hal/chipwhisperer-fw-extra/stm32f4/stm32f4xx_hal_rng.c **** }
 498              		.loc 1 435 1 view .LVU158
 499 0020 7047     		bx	lr
 500              		.cfi_endproc
 501              	.LFE134:
 503              		.section	.text.HAL_RNG_ReadLastRandomNumber,"ax",%progbits
 504              		.align	1
 505              		.global	HAL_RNG_ReadLastRandomNumber
 506              		.syntax unified
 507              		.thumb
 508              		.thumb_func
 510              	HAL_RNG_ReadLastRandomNumber:
 511              	.LVL35:
 512              	.LFB135:
 436:/home/pacl/Documents/Repository/chipwhisperer/firmware/mcu/hal/chipwhisperer-fw-extra/stm32f4/stm32f4xx_hal_rng.c **** 
 437:/home/pacl/Documents/Repository/chipwhisperer/firmware/mcu/hal/chipwhisperer-fw-extra/stm32f4/stm32f4xx_hal_rng.c **** /**
 438:/home/pacl/Documents/Repository/chipwhisperer/firmware/mcu/hal/chipwhisperer-fw-extra/stm32f4/stm32f4xx_hal_rng.c ****   * @brief  Read latest generated random number. 
 439:/home/pacl/Documents/Repository/chipwhisperer/firmware/mcu/hal/chipwhisperer-fw-extra/stm32f4/stm32f4xx_hal_rng.c ****   * @param  hrng: pointer to a RNG_HandleTypeDef structure that contains
 440:/home/pacl/Documents/Repository/chipwhisperer/firmware/mcu/hal/chipwhisperer-fw-extra/stm32f4/stm32f4xx_hal_rng.c ****   *                the configuration information for RNG.
 441:/home/pacl/Documents/Repository/chipwhisperer/firmware/mcu/hal/chipwhisperer-fw-extra/stm32f4/stm32f4xx_hal_rng.c ****   * @retval random value
 442:/home/pacl/Documents/Repository/chipwhisperer/firmware/mcu/hal/chipwhisperer-fw-extra/stm32f4/stm32f4xx_hal_rng.c ****   */
 443:/home/pacl/Documents/Repository/chipwhisperer/firmware/mcu/hal/chipwhisperer-fw-extra/stm32f4/stm32f4xx_hal_rng.c **** uint32_t HAL_RNG_ReadLastRandomNumber(RNG_HandleTypeDef *hrng)
 444:/home/pacl/Documents/Repository/chipwhisperer/firmware/mcu/hal/chipwhisperer-fw-extra/stm32f4/stm32f4xx_hal_rng.c **** {
 513              		.loc 1 444 1 is_stmt 1 view -0
 514              		.cfi_startproc
 515              		@ args = 0, pretend = 0, frame = 0
 516              		@ frame_needed = 0, uses_anonymous_args = 0
 517              		@ link register save eliminated.
 445:/home/pacl/Documents/Repository/chipwhisperer/firmware/mcu/hal/chipwhisperer-fw-extra/stm32f4/stm32f4xx_hal_rng.c ****   return(hrng->RandomNumber);
 518              		.loc 1 445 3 view .LVU160
 446:/home/pacl/Documents/Repository/chipwhisperer/firmware/mcu/hal/chipwhisperer-fw-extra/stm32f4/stm32f4xx_hal_rng.c **** }
 519              		.loc 1 446 1 is_stmt 0 view .LVU161
 520 0000 8068     		ldr	r0, [r0, #8]
 521              	.LVL36:
 522              		.loc 1 446 1 view .LVU162
 523 0002 7047     		bx	lr
 524              		.cfi_endproc
 525              	.LFE135:
 527              		.section	.text.HAL_RNG_ReadyDataCallback,"ax",%progbits
 528              		.align	1
 529              		.weak	HAL_RNG_ReadyDataCallback
 530              		.syntax unified
 531              		.thumb
 532              		.thumb_func
 534              	HAL_RNG_ReadyDataCallback:
 535              	.LVL37:
 536              	.LFB136:
 447:/home/pacl/Documents/Repository/chipwhisperer/firmware/mcu/hal/chipwhisperer-fw-extra/stm32f4/stm32f4xx_hal_rng.c **** 
 448:/home/pacl/Documents/Repository/chipwhisperer/firmware/mcu/hal/chipwhisperer-fw-extra/stm32f4/stm32f4xx_hal_rng.c **** /**
 449:/home/pacl/Documents/Repository/chipwhisperer/firmware/mcu/hal/chipwhisperer-fw-extra/stm32f4/stm32f4xx_hal_rng.c ****   * @brief  Data Ready callback in non-blocking mode. 
 450:/home/pacl/Documents/Repository/chipwhisperer/firmware/mcu/hal/chipwhisperer-fw-extra/stm32f4/stm32f4xx_hal_rng.c ****   * @param  hrng: pointer to a RNG_HandleTypeDef structure that contains
 451:/home/pacl/Documents/Repository/chipwhisperer/firmware/mcu/hal/chipwhisperer-fw-extra/stm32f4/stm32f4xx_hal_rng.c ****   *                the configuration information for RNG.
 452:/home/pacl/Documents/Repository/chipwhisperer/firmware/mcu/hal/chipwhisperer-fw-extra/stm32f4/stm32f4xx_hal_rng.c ****   * @param  random32bit: generated random number.
 453:/home/pacl/Documents/Repository/chipwhisperer/firmware/mcu/hal/chipwhisperer-fw-extra/stm32f4/stm32f4xx_hal_rng.c ****   * @retval None
 454:/home/pacl/Documents/Repository/chipwhisperer/firmware/mcu/hal/chipwhisperer-fw-extra/stm32f4/stm32f4xx_hal_rng.c ****   */
 455:/home/pacl/Documents/Repository/chipwhisperer/firmware/mcu/hal/chipwhisperer-fw-extra/stm32f4/stm32f4xx_hal_rng.c **** __weak void HAL_RNG_ReadyDataCallback(RNG_HandleTypeDef *hrng, uint32_t random32bit)
 456:/home/pacl/Documents/Repository/chipwhisperer/firmware/mcu/hal/chipwhisperer-fw-extra/stm32f4/stm32f4xx_hal_rng.c **** {
 537              		.loc 1 456 1 is_stmt 1 view -0
 538              		.cfi_startproc
 539              		@ args = 0, pretend = 0, frame = 0
 540              		@ frame_needed = 0, uses_anonymous_args = 0
 541              		@ link register save eliminated.
 457:/home/pacl/Documents/Repository/chipwhisperer/firmware/mcu/hal/chipwhisperer-fw-extra/stm32f4/stm32f4xx_hal_rng.c ****   /* Prevent unused argument(s) compilation warning */
 458:/home/pacl/Documents/Repository/chipwhisperer/firmware/mcu/hal/chipwhisperer-fw-extra/stm32f4/stm32f4xx_hal_rng.c ****   UNUSED(hrng);
 542              		.loc 1 458 3 view .LVU164
 459:/home/pacl/Documents/Repository/chipwhisperer/firmware/mcu/hal/chipwhisperer-fw-extra/stm32f4/stm32f4xx_hal_rng.c ****   UNUSED(random32bit);
 543              		.loc 1 459 3 view .LVU165
 460:/home/pacl/Documents/Repository/chipwhisperer/firmware/mcu/hal/chipwhisperer-fw-extra/stm32f4/stm32f4xx_hal_rng.c ****   /* NOTE : This function should not be modified. When the callback is needed,
 461:/home/pacl/Documents/Repository/chipwhisperer/firmware/mcu/hal/chipwhisperer-fw-extra/stm32f4/stm32f4xx_hal_rng.c ****             function HAL_RNG_ReadyDataCallback must be implemented in the user file.
 462:/home/pacl/Documents/Repository/chipwhisperer/firmware/mcu/hal/chipwhisperer-fw-extra/stm32f4/stm32f4xx_hal_rng.c ****    */
 463:/home/pacl/Documents/Repository/chipwhisperer/firmware/mcu/hal/chipwhisperer-fw-extra/stm32f4/stm32f4xx_hal_rng.c **** }
 544              		.loc 1 463 1 is_stmt 0 view .LVU166
 545 0000 7047     		bx	lr
 546              		.cfi_endproc
 547              	.LFE136:
 549              		.section	.text.HAL_RNG_ErrorCallback,"ax",%progbits
 550              		.align	1
 551              		.weak	HAL_RNG_ErrorCallback
 552              		.syntax unified
 553              		.thumb
 554              		.thumb_func
 556              	HAL_RNG_ErrorCallback:
 557              	.LFB142:
 558              		.cfi_startproc
 464:/home/pacl/Documents/Repository/chipwhisperer/firmware/mcu/hal/chipwhisperer-fw-extra/stm32f4/stm32f4xx_hal_rng.c **** 
 465:/home/pacl/Documents/Repository/chipwhisperer/firmware/mcu/hal/chipwhisperer-fw-extra/stm32f4/stm32f4xx_hal_rng.c **** /**
 466:/home/pacl/Documents/Repository/chipwhisperer/firmware/mcu/hal/chipwhisperer-fw-extra/stm32f4/stm32f4xx_hal_rng.c ****   * @brief  RNG error callbacks.
 467:/home/pacl/Documents/Repository/chipwhisperer/firmware/mcu/hal/chipwhisperer-fw-extra/stm32f4/stm32f4xx_hal_rng.c ****   * @param  hrng: pointer to a RNG_HandleTypeDef structure that contains
 468:/home/pacl/Documents/Repository/chipwhisperer/firmware/mcu/hal/chipwhisperer-fw-extra/stm32f4/stm32f4xx_hal_rng.c ****   *                the configuration information for RNG.
 469:/home/pacl/Documents/Repository/chipwhisperer/firmware/mcu/hal/chipwhisperer-fw-extra/stm32f4/stm32f4xx_hal_rng.c ****   * @retval None
 470:/home/pacl/Documents/Repository/chipwhisperer/firmware/mcu/hal/chipwhisperer-fw-extra/stm32f4/stm32f4xx_hal_rng.c ****   */
 471:/home/pacl/Documents/Repository/chipwhisperer/firmware/mcu/hal/chipwhisperer-fw-extra/stm32f4/stm32f4xx_hal_rng.c **** __weak void HAL_RNG_ErrorCallback(RNG_HandleTypeDef *hrng)
 559              		.loc 1 471 13 is_stmt 1 view -0
 560              		@ args = 0, pretend = 0, frame = 0
 561              		@ frame_needed = 0, uses_anonymous_args = 0
 562              		@ link register save eliminated.
 563 0000 7047     		bx	lr
 564              		.cfi_endproc
 565              	.LFE142:
 567              		.section	.text.HAL_RNG_IRQHandler,"ax",%progbits
 568              		.align	1
 569              		.global	HAL_RNG_IRQHandler
 570              		.syntax unified
 571              		.thumb
 572              		.thumb_func
 574              	HAL_RNG_IRQHandler:
 575              	.LVL38:
 576              	.LFB132:
 357:/home/pacl/Documents/Repository/chipwhisperer/firmware/mcu/hal/chipwhisperer-fw-extra/stm32f4/stm32f4xx_hal_rng.c ****   /* RNG clock error interrupt occurred */
 577              		.loc 1 357 1 view -0
 578              		.cfi_startproc
 579              		@ args = 0, pretend = 0, frame = 0
 580              		@ frame_needed = 0, uses_anonymous_args = 0
 359:/home/pacl/Documents/Repository/chipwhisperer/firmware/mcu/hal/chipwhisperer-fw-extra/stm32f4/stm32f4xx_hal_rng.c ****   { 
 581              		.loc 1 359 3 view .LVU169
 359:/home/pacl/Documents/Repository/chipwhisperer/firmware/mcu/hal/chipwhisperer-fw-extra/stm32f4/stm32f4xx_hal_rng.c ****   { 
 582              		.loc 1 359 7 is_stmt 0 view .LVU170
 583 0000 0368     		ldr	r3, [r0]
 584 0002 5A68     		ldr	r2, [r3, #4]
 357:/home/pacl/Documents/Repository/chipwhisperer/firmware/mcu/hal/chipwhisperer-fw-extra/stm32f4/stm32f4xx_hal_rng.c ****   /* RNG clock error interrupt occurred */
 585              		.loc 1 357 1 view .LVU171
 586 0004 10B5     		push	{r4, lr}
 587              	.LCFI4:
 588              		.cfi_def_cfa_offset 8
 589              		.cfi_offset 4, -8
 590              		.cfi_offset 14, -4
 357:/home/pacl/Documents/Repository/chipwhisperer/firmware/mcu/hal/chipwhisperer-fw-extra/stm32f4/stm32f4xx_hal_rng.c ****   /* RNG clock error interrupt occurred */
 591              		.loc 1 357 1 view .LVU172
 592 0006 0446     		mov	r4, r0
 359:/home/pacl/Documents/Repository/chipwhisperer/firmware/mcu/hal/chipwhisperer-fw-extra/stm32f4/stm32f4xx_hal_rng.c ****   { 
 593              		.loc 1 359 5 view .LVU173
 594 0008 9006     		lsls	r0, r2, #26
 595              	.LVL39:
 359:/home/pacl/Documents/Repository/chipwhisperer/firmware/mcu/hal/chipwhisperer-fw-extra/stm32f4/stm32f4xx_hal_rng.c ****   { 
 596              		.loc 1 359 5 view .LVU174
 597 000a 02D4     		bmi	.L33
 359:/home/pacl/Documents/Repository/chipwhisperer/firmware/mcu/hal/chipwhisperer-fw-extra/stm32f4/stm32f4xx_hal_rng.c ****   { 
 598              		.loc 1 359 57 discriminator 1 view .LVU175
 599 000c 5B68     		ldr	r3, [r3, #4]
 359:/home/pacl/Documents/Repository/chipwhisperer/firmware/mcu/hal/chipwhisperer-fw-extra/stm32f4/stm32f4xx_hal_rng.c ****   { 
 600              		.loc 1 359 52 discriminator 1 view .LVU176
 601 000e 5906     		lsls	r1, r3, #25
 602 0010 08D5     		bpl	.L34
 603              	.L33:
 362:/home/pacl/Documents/Repository/chipwhisperer/firmware/mcu/hal/chipwhisperer-fw-extra/stm32f4/stm32f4xx_hal_rng.c ****   
 604              		.loc 1 362 5 is_stmt 1 view .LVU177
 362:/home/pacl/Documents/Repository/chipwhisperer/firmware/mcu/hal/chipwhisperer-fw-extra/stm32f4/stm32f4xx_hal_rng.c ****   
 605              		.loc 1 362 17 is_stmt 0 view .LVU178
 606 0012 0423     		movs	r3, #4
 607 0014 6371     		strb	r3, [r4, #5]
 364:/home/pacl/Documents/Repository/chipwhisperer/firmware/mcu/hal/chipwhisperer-fw-extra/stm32f4/stm32f4xx_hal_rng.c ****     
 608              		.loc 1 364 5 is_stmt 1 view .LVU179
 609 0016 2046     		mov	r0, r4
 610 0018 FFF7FEFF 		bl	HAL_RNG_ErrorCallback
 611              	.LVL40:
 367:/home/pacl/Documents/Repository/chipwhisperer/firmware/mcu/hal/chipwhisperer-fw-extra/stm32f4/stm32f4xx_hal_rng.c ****     
 612              		.loc 1 367 5 view .LVU180
 613 001c 2368     		ldr	r3, [r4]
 614 001e 6FF06002 		mvn	r2, #96
 615 0022 5A60     		str	r2, [r3, #4]
 616              	.L34:
 372:/home/pacl/Documents/Repository/chipwhisperer/firmware/mcu/hal/chipwhisperer-fw-extra/stm32f4/stm32f4xx_hal_rng.c ****   {
 617              		.loc 1 372 3 view .LVU181
 372:/home/pacl/Documents/Repository/chipwhisperer/firmware/mcu/hal/chipwhisperer-fw-extra/stm32f4/stm32f4xx_hal_rng.c ****   {
 618              		.loc 1 372 6 is_stmt 0 view .LVU182
 619 0024 2368     		ldr	r3, [r4]
 620 0026 5A68     		ldr	r2, [r3, #4]
 372:/home/pacl/Documents/Repository/chipwhisperer/firmware/mcu/hal/chipwhisperer-fw-extra/stm32f4/stm32f4xx_hal_rng.c ****   {
 621              		.loc 1 372 5 view .LVU183
 622 0028 D207     		lsls	r2, r2, #31
 623 002a 0DD5     		bpl	.L32
 375:/home/pacl/Documents/Repository/chipwhisperer/firmware/mcu/hal/chipwhisperer-fw-extra/stm32f4/stm32f4xx_hal_rng.c ****     
 624              		.loc 1 375 5 is_stmt 1 view .LVU184
 625 002c 1A68     		ldr	r2, [r3]
 626 002e 22F00802 		bic	r2, r2, #8
 627 0032 1A60     		str	r2, [r3]
 378:/home/pacl/Documents/Repository/chipwhisperer/firmware/mcu/hal/chipwhisperer-fw-extra/stm32f4/stm32f4xx_hal_rng.c ****     
 628              		.loc 1 378 5 view .LVU185
 378:/home/pacl/Documents/Repository/chipwhisperer/firmware/mcu/hal/chipwhisperer-fw-extra/stm32f4/stm32f4xx_hal_rng.c ****     
 629              		.loc 1 378 40 is_stmt 0 view .LVU186
 630 0034 9968     		ldr	r1, [r3, #8]
 380:/home/pacl/Documents/Repository/chipwhisperer/firmware/mcu/hal/chipwhisperer-fw-extra/stm32f4/stm32f4xx_hal_rng.c ****     {
 631              		.loc 1 380 12 view .LVU187
 632 0036 6379     		ldrb	r3, [r4, #5]	@ zero_extendqisi2
 378:/home/pacl/Documents/Repository/chipwhisperer/firmware/mcu/hal/chipwhisperer-fw-extra/stm32f4/stm32f4xx_hal_rng.c ****     
 633              		.loc 1 378 24 view .LVU188
 634 0038 A160     		str	r1, [r4, #8]
 380:/home/pacl/Documents/Repository/chipwhisperer/firmware/mcu/hal/chipwhisperer-fw-extra/stm32f4/stm32f4xx_hal_rng.c ****     {
 635              		.loc 1 380 5 is_stmt 1 view .LVU189
 380:/home/pacl/Documents/Repository/chipwhisperer/firmware/mcu/hal/chipwhisperer-fw-extra/stm32f4/stm32f4xx_hal_rng.c ****     {
 636              		.loc 1 380 7 is_stmt 0 view .LVU190
 637 003a 042B     		cmp	r3, #4
 638 003c 04D0     		beq	.L32
 383:/home/pacl/Documents/Repository/chipwhisperer/firmware/mcu/hal/chipwhisperer-fw-extra/stm32f4/stm32f4xx_hal_rng.c ****       
 639              		.loc 1 383 7 is_stmt 1 view .LVU191
 383:/home/pacl/Documents/Repository/chipwhisperer/firmware/mcu/hal/chipwhisperer-fw-extra/stm32f4/stm32f4xx_hal_rng.c ****       
 640              		.loc 1 383 19 is_stmt 0 view .LVU192
 641 003e 0123     		movs	r3, #1
 642 0040 6371     		strb	r3, [r4, #5]
 386:/home/pacl/Documents/Repository/chipwhisperer/firmware/mcu/hal/chipwhisperer-fw-extra/stm32f4/stm32f4xx_hal_rng.c ****     } 
 643              		.loc 1 386 7 is_stmt 1 view .LVU193
 644 0042 2046     		mov	r0, r4
 645 0044 FFF7FEFF 		bl	HAL_RNG_ReadyDataCallback
 646              	.LVL41:
 647              	.L32:
 389:/home/pacl/Documents/Repository/chipwhisperer/firmware/mcu/hal/chipwhisperer-fw-extra/stm32f4/stm32f4xx_hal_rng.c **** 
 648              		.loc 1 389 1 is_stmt 0 view .LVU194
 649 0048 10BD     		pop	{r4, pc}
 389:/home/pacl/Documents/Repository/chipwhisperer/firmware/mcu/hal/chipwhisperer-fw-extra/stm32f4/stm32f4xx_hal_rng.c **** 
 650              		.loc 1 389 1 view .LVU195
 651              		.cfi_endproc
 652              	.LFE132:
 654              		.section	.text.HAL_RNG_GetState,"ax",%progbits
 655              		.align	1
 656              		.global	HAL_RNG_GetState
 657              		.syntax unified
 658              		.thumb
 659              		.thumb_func
 661              	HAL_RNG_GetState:
 662              	.LVL42:
 663              	.LFB138:
 472:/home/pacl/Documents/Repository/chipwhisperer/firmware/mcu/hal/chipwhisperer-fw-extra/stm32f4/stm32f4xx_hal_rng.c **** {
 473:/home/pacl/Documents/Repository/chipwhisperer/firmware/mcu/hal/chipwhisperer-fw-extra/stm32f4/stm32f4xx_hal_rng.c ****   /* Prevent unused argument(s) compilation warning */
 474:/home/pacl/Documents/Repository/chipwhisperer/firmware/mcu/hal/chipwhisperer-fw-extra/stm32f4/stm32f4xx_hal_rng.c ****   UNUSED(hrng);
 475:/home/pacl/Documents/Repository/chipwhisperer/firmware/mcu/hal/chipwhisperer-fw-extra/stm32f4/stm32f4xx_hal_rng.c ****   /* NOTE : This function should not be modified. When the callback is needed,
 476:/home/pacl/Documents/Repository/chipwhisperer/firmware/mcu/hal/chipwhisperer-fw-extra/stm32f4/stm32f4xx_hal_rng.c ****             function HAL_RNG_ErrorCallback must be implemented in the user file.
 477:/home/pacl/Documents/Repository/chipwhisperer/firmware/mcu/hal/chipwhisperer-fw-extra/stm32f4/stm32f4xx_hal_rng.c ****    */
 478:/home/pacl/Documents/Repository/chipwhisperer/firmware/mcu/hal/chipwhisperer-fw-extra/stm32f4/stm32f4xx_hal_rng.c **** }
 479:/home/pacl/Documents/Repository/chipwhisperer/firmware/mcu/hal/chipwhisperer-fw-extra/stm32f4/stm32f4xx_hal_rng.c **** /**
 480:/home/pacl/Documents/Repository/chipwhisperer/firmware/mcu/hal/chipwhisperer-fw-extra/stm32f4/stm32f4xx_hal_rng.c ****   * @}
 481:/home/pacl/Documents/Repository/chipwhisperer/firmware/mcu/hal/chipwhisperer-fw-extra/stm32f4/stm32f4xx_hal_rng.c ****   */ 
 482:/home/pacl/Documents/Repository/chipwhisperer/firmware/mcu/hal/chipwhisperer-fw-extra/stm32f4/stm32f4xx_hal_rng.c **** 
 483:/home/pacl/Documents/Repository/chipwhisperer/firmware/mcu/hal/chipwhisperer-fw-extra/stm32f4/stm32f4xx_hal_rng.c ****   
 484:/home/pacl/Documents/Repository/chipwhisperer/firmware/mcu/hal/chipwhisperer-fw-extra/stm32f4/stm32f4xx_hal_rng.c **** /** @addtogroup RNG_Exported_Functions_Group3
 485:/home/pacl/Documents/Repository/chipwhisperer/firmware/mcu/hal/chipwhisperer-fw-extra/stm32f4/stm32f4xx_hal_rng.c ****  *  @brief   Peripheral State functions 
 486:/home/pacl/Documents/Repository/chipwhisperer/firmware/mcu/hal/chipwhisperer-fw-extra/stm32f4/stm32f4xx_hal_rng.c ****  *
 487:/home/pacl/Documents/Repository/chipwhisperer/firmware/mcu/hal/chipwhisperer-fw-extra/stm32f4/stm32f4xx_hal_rng.c **** @verbatim   
 488:/home/pacl/Documents/Repository/chipwhisperer/firmware/mcu/hal/chipwhisperer-fw-extra/stm32f4/stm32f4xx_hal_rng.c ****  ===============================================================================
 489:/home/pacl/Documents/Repository/chipwhisperer/firmware/mcu/hal/chipwhisperer-fw-extra/stm32f4/stm32f4xx_hal_rng.c ****                       ##### Peripheral State functions #####
 490:/home/pacl/Documents/Repository/chipwhisperer/firmware/mcu/hal/chipwhisperer-fw-extra/stm32f4/stm32f4xx_hal_rng.c ****  ===============================================================================  
 491:/home/pacl/Documents/Repository/chipwhisperer/firmware/mcu/hal/chipwhisperer-fw-extra/stm32f4/stm32f4xx_hal_rng.c ****     [..]
 492:/home/pacl/Documents/Repository/chipwhisperer/firmware/mcu/hal/chipwhisperer-fw-extra/stm32f4/stm32f4xx_hal_rng.c ****     This subsection permits to get in run-time the status of the peripheral 
 493:/home/pacl/Documents/Repository/chipwhisperer/firmware/mcu/hal/chipwhisperer-fw-extra/stm32f4/stm32f4xx_hal_rng.c ****     and the data flow.
 494:/home/pacl/Documents/Repository/chipwhisperer/firmware/mcu/hal/chipwhisperer-fw-extra/stm32f4/stm32f4xx_hal_rng.c **** 
 495:/home/pacl/Documents/Repository/chipwhisperer/firmware/mcu/hal/chipwhisperer-fw-extra/stm32f4/stm32f4xx_hal_rng.c **** @endverbatim
 496:/home/pacl/Documents/Repository/chipwhisperer/firmware/mcu/hal/chipwhisperer-fw-extra/stm32f4/stm32f4xx_hal_rng.c ****   * @{
 497:/home/pacl/Documents/Repository/chipwhisperer/firmware/mcu/hal/chipwhisperer-fw-extra/stm32f4/stm32f4xx_hal_rng.c ****   */
 498:/home/pacl/Documents/Repository/chipwhisperer/firmware/mcu/hal/chipwhisperer-fw-extra/stm32f4/stm32f4xx_hal_rng.c ****   
 499:/home/pacl/Documents/Repository/chipwhisperer/firmware/mcu/hal/chipwhisperer-fw-extra/stm32f4/stm32f4xx_hal_rng.c **** /**
 500:/home/pacl/Documents/Repository/chipwhisperer/firmware/mcu/hal/chipwhisperer-fw-extra/stm32f4/stm32f4xx_hal_rng.c ****   * @brief  Returns the RNG state.
 501:/home/pacl/Documents/Repository/chipwhisperer/firmware/mcu/hal/chipwhisperer-fw-extra/stm32f4/stm32f4xx_hal_rng.c ****   * @param  hrng: pointer to a RNG_HandleTypeDef structure that contains
 502:/home/pacl/Documents/Repository/chipwhisperer/firmware/mcu/hal/chipwhisperer-fw-extra/stm32f4/stm32f4xx_hal_rng.c ****   *                the configuration information for RNG.
 503:/home/pacl/Documents/Repository/chipwhisperer/firmware/mcu/hal/chipwhisperer-fw-extra/stm32f4/stm32f4xx_hal_rng.c ****   * @retval HAL state
 504:/home/pacl/Documents/Repository/chipwhisperer/firmware/mcu/hal/chipwhisperer-fw-extra/stm32f4/stm32f4xx_hal_rng.c ****   */
 505:/home/pacl/Documents/Repository/chipwhisperer/firmware/mcu/hal/chipwhisperer-fw-extra/stm32f4/stm32f4xx_hal_rng.c **** HAL_RNG_StateTypeDef HAL_RNG_GetState(RNG_HandleTypeDef *hrng)
 506:/home/pacl/Documents/Repository/chipwhisperer/firmware/mcu/hal/chipwhisperer-fw-extra/stm32f4/stm32f4xx_hal_rng.c **** {
 664              		.loc 1 506 1 is_stmt 1 view -0
 665              		.cfi_startproc
 666              		@ args = 0, pretend = 0, frame = 0
 667              		@ frame_needed = 0, uses_anonymous_args = 0
 668              		@ link register save eliminated.
 507:/home/pacl/Documents/Repository/chipwhisperer/firmware/mcu/hal/chipwhisperer-fw-extra/stm32f4/stm32f4xx_hal_rng.c ****   return hrng->State;
 669              		.loc 1 507 3 view .LVU197
 670              		.loc 1 507 14 is_stmt 0 view .LVU198
 671 0000 4079     		ldrb	r0, [r0, #5]	@ zero_extendqisi2
 672              	.LVL43:
 508:/home/pacl/Documents/Repository/chipwhisperer/firmware/mcu/hal/chipwhisperer-fw-extra/stm32f4/stm32f4xx_hal_rng.c **** }
 673              		.loc 1 508 1 view .LVU199
 674 0002 7047     		bx	lr
 675              		.cfi_endproc
 676              	.LFE138:
 678              		.text
 679              	.Letext0:
 680              		.file 2 "/home/pacl/Documents/Repository/chipwhisperer/firmware/mcu/hal/chipwhisperer-fw-extra/stm
 681              		.file 3 "/usr/lib/gcc/arm-none-eabi/13.2.1/include/stdint.h"
 682              		.file 4 "/home/pacl/Documents/Repository/chipwhisperer/firmware/mcu/hal/chipwhisperer-fw-extra/stm
 683              		.file 5 "/home/pacl/Documents/Repository/chipwhisperer/firmware/mcu/hal/chipwhisperer-fw-extra/stm
 684              		.file 6 "/home/pacl/Documents/Repository/chipwhisperer/firmware/mcu/hal/chipwhisperer-fw-extra/stm
DEFINED SYMBOLS
                            *ABS*:00000000 stm32f4xx_hal_rng.c
     /tmp/cczKfebU.s:21     .text.HAL_RNG_MspInit:00000000 $t
     /tmp/cczKfebU.s:27     .text.HAL_RNG_MspInit:00000000 HAL_RNG_MspInit
     /tmp/cczKfebU.s:42     .text.HAL_RNG_Init:00000000 $t
     /tmp/cczKfebU.s:48     .text.HAL_RNG_Init:00000000 HAL_RNG_Init
     /tmp/cczKfebU.s:127    .text.HAL_RNG_MspDeInit:00000000 $t
     /tmp/cczKfebU.s:133    .text.HAL_RNG_MspDeInit:00000000 HAL_RNG_MspDeInit
     /tmp/cczKfebU.s:145    .text.HAL_RNG_DeInit:00000000 $t
     /tmp/cczKfebU.s:151    .text.HAL_RNG_DeInit:00000000 HAL_RNG_DeInit
     /tmp/cczKfebU.s:203    .text.HAL_RNG_GenerateRandomNumber:00000000 $t
     /tmp/cczKfebU.s:209    .text.HAL_RNG_GenerateRandomNumber:00000000 HAL_RNG_GenerateRandomNumber
     /tmp/cczKfebU.s:333    .text.HAL_RNG_GenerateRandomNumber_IT:00000000 $t
     /tmp/cczKfebU.s:339    .text.HAL_RNG_GenerateRandomNumber_IT:00000000 HAL_RNG_GenerateRandomNumber_IT
     /tmp/cczKfebU.s:406    .text.HAL_RNG_GetRandomNumber:00000000 $t
     /tmp/cczKfebU.s:412    .text.HAL_RNG_GetRandomNumber:00000000 HAL_RNG_GetRandomNumber
     /tmp/cczKfebU.s:450    .text.HAL_RNG_GetRandomNumber_IT:00000000 $t
     /tmp/cczKfebU.s:456    .text.HAL_RNG_GetRandomNumber_IT:00000000 HAL_RNG_GetRandomNumber_IT
     /tmp/cczKfebU.s:504    .text.HAL_RNG_ReadLastRandomNumber:00000000 $t
     /tmp/cczKfebU.s:510    .text.HAL_RNG_ReadLastRandomNumber:00000000 HAL_RNG_ReadLastRandomNumber
     /tmp/cczKfebU.s:528    .text.HAL_RNG_ReadyDataCallback:00000000 $t
     /tmp/cczKfebU.s:534    .text.HAL_RNG_ReadyDataCallback:00000000 HAL_RNG_ReadyDataCallback
     /tmp/cczKfebU.s:550    .text.HAL_RNG_ErrorCallback:00000000 $t
     /tmp/cczKfebU.s:556    .text.HAL_RNG_ErrorCallback:00000000 HAL_RNG_ErrorCallback
     /tmp/cczKfebU.s:568    .text.HAL_RNG_IRQHandler:00000000 $t
     /tmp/cczKfebU.s:574    .text.HAL_RNG_IRQHandler:00000000 HAL_RNG_IRQHandler
     /tmp/cczKfebU.s:655    .text.HAL_RNG_GetState:00000000 $t
     /tmp/cczKfebU.s:661    .text.HAL_RNG_GetState:00000000 HAL_RNG_GetState

UNDEFINED SYMBOLS
HAL_GetTick
