   1              		.cpu cortex-m4
   2              		.arch armv7e-m
   3              		.fpu fpv4-sp-d16
   4              		.eabi_attribute 27, 1
   5              		.eabi_attribute 28, 1
   6              		.eabi_attribute 20, 1
   7              		.eabi_attribute 21, 1
   8              		.eabi_attribute 23, 3
   9              		.eabi_attribute 24, 1
  10              		.eabi_attribute 25, 1
  11              		.eabi_attribute 26, 1
  12              		.eabi_attribute 30, 4
  13              		.eabi_attribute 34, 1
  14              		.eabi_attribute 18, 4
  15              		.file	"stm32f4_hal_lowlevel.c"
  16              		.text
  17              	.Ltext0:
  18              		.cfi_sections	.debug_frame
  19              		.file 1 "/home/pacl/Documents/Repository/chipwhisperer/firmware/mcu/hal/chipwhisperer-fw-extra/stm
  20              		.section	.text.CRYP_SetKey.constprop.0,"ax",%progbits
  21              		.align	1
  22              		.syntax unified
  23              		.thumb
  24              		.thumb_func
  26              	CRYP_SetKey.constprop.0:
  27              	.LVL0:
  28              	.LFB147:
   1:/home/pacl/Documents/Repository/chipwhisperer/firmware/mcu/hal/chipwhisperer-fw-extra/stm32f4/stm32f4_hal_lowlevel.c **** /* This file combines several STM32F4 HAL Functions into one file. This was done
   2:/home/pacl/Documents/Repository/chipwhisperer/firmware/mcu/hal/chipwhisperer-fw-extra/stm32f4/stm32f4_hal_lowlevel.c ****    for space reasons, to avoid having several MB of HAL functions that most people
   3:/home/pacl/Documents/Repository/chipwhisperer/firmware/mcu/hal/chipwhisperer-fw-extra/stm32f4/stm32f4_hal_lowlevel.c ****    will not use. In addition this HAL is slightly less demanding (no interrupts),
   4:/home/pacl/Documents/Repository/chipwhisperer/firmware/mcu/hal/chipwhisperer-fw-extra/stm32f4/stm32f4_hal_lowlevel.c ****    but less robust as doesn't implement the timeouts.
   5:/home/pacl/Documents/Repository/chipwhisperer/firmware/mcu/hal/chipwhisperer-fw-extra/stm32f4/stm32f4_hal_lowlevel.c ****    
   6:/home/pacl/Documents/Repository/chipwhisperer/firmware/mcu/hal/chipwhisperer-fw-extra/stm32f4/stm32f4_hal_lowlevel.c ****    The original HAL files are COPYRIGHT STMicroelectronics, as shown below:
   7:/home/pacl/Documents/Repository/chipwhisperer/firmware/mcu/hal/chipwhisperer-fw-extra/stm32f4/stm32f4_hal_lowlevel.c **** */
   8:/home/pacl/Documents/Repository/chipwhisperer/firmware/mcu/hal/chipwhisperer-fw-extra/stm32f4/stm32f4_hal_lowlevel.c **** 
   9:/home/pacl/Documents/Repository/chipwhisperer/firmware/mcu/hal/chipwhisperer-fw-extra/stm32f4/stm32f4_hal_lowlevel.c **** /*
  10:/home/pacl/Documents/Repository/chipwhisperer/firmware/mcu/hal/chipwhisperer-fw-extra/stm32f4/stm32f4_hal_lowlevel.c ****   * COPYRIGHT(c) 2017 STMicroelectronics
  11:/home/pacl/Documents/Repository/chipwhisperer/firmware/mcu/hal/chipwhisperer-fw-extra/stm32f4/stm32f4_hal_lowlevel.c ****   *
  12:/home/pacl/Documents/Repository/chipwhisperer/firmware/mcu/hal/chipwhisperer-fw-extra/stm32f4/stm32f4_hal_lowlevel.c ****   * Redistribution and use in source and binary forms, with or without modification,
  13:/home/pacl/Documents/Repository/chipwhisperer/firmware/mcu/hal/chipwhisperer-fw-extra/stm32f4/stm32f4_hal_lowlevel.c ****   * are permitted provided that the following conditions are met:
  14:/home/pacl/Documents/Repository/chipwhisperer/firmware/mcu/hal/chipwhisperer-fw-extra/stm32f4/stm32f4_hal_lowlevel.c ****   *   1. Redistributions of source code must retain the above copyright notice,
  15:/home/pacl/Documents/Repository/chipwhisperer/firmware/mcu/hal/chipwhisperer-fw-extra/stm32f4/stm32f4_hal_lowlevel.c ****   *      this list of conditions and the following disclaimer.
  16:/home/pacl/Documents/Repository/chipwhisperer/firmware/mcu/hal/chipwhisperer-fw-extra/stm32f4/stm32f4_hal_lowlevel.c ****   *   2. Redistributions in binary form must reproduce the above copyright notice,
  17:/home/pacl/Documents/Repository/chipwhisperer/firmware/mcu/hal/chipwhisperer-fw-extra/stm32f4/stm32f4_hal_lowlevel.c ****   *      this list of conditions and the following disclaimer in the documentation
  18:/home/pacl/Documents/Repository/chipwhisperer/firmware/mcu/hal/chipwhisperer-fw-extra/stm32f4/stm32f4_hal_lowlevel.c ****   *      and/or other materials provided with the distribution.
  19:/home/pacl/Documents/Repository/chipwhisperer/firmware/mcu/hal/chipwhisperer-fw-extra/stm32f4/stm32f4_hal_lowlevel.c ****   *   3. Neither the name of STMicroelectronics nor the names of its contributors
  20:/home/pacl/Documents/Repository/chipwhisperer/firmware/mcu/hal/chipwhisperer-fw-extra/stm32f4/stm32f4_hal_lowlevel.c ****   *      may be used to endorse or promote products derived from this software
  21:/home/pacl/Documents/Repository/chipwhisperer/firmware/mcu/hal/chipwhisperer-fw-extra/stm32f4/stm32f4_hal_lowlevel.c ****   *      without specific prior written permission.
  22:/home/pacl/Documents/Repository/chipwhisperer/firmware/mcu/hal/chipwhisperer-fw-extra/stm32f4/stm32f4_hal_lowlevel.c ****   *
  23:/home/pacl/Documents/Repository/chipwhisperer/firmware/mcu/hal/chipwhisperer-fw-extra/stm32f4/stm32f4_hal_lowlevel.c ****   * THIS SOFTWARE IS PROVIDED BY THE COPYRIGHT HOLDERS AND CONTRIBUTORS "AS IS"
  24:/home/pacl/Documents/Repository/chipwhisperer/firmware/mcu/hal/chipwhisperer-fw-extra/stm32f4/stm32f4_hal_lowlevel.c ****   * AND ANY EXPRESS OR IMPLIED WARRANTIES, INCLUDING, BUT NOT LIMITED TO, THE
  25:/home/pacl/Documents/Repository/chipwhisperer/firmware/mcu/hal/chipwhisperer-fw-extra/stm32f4/stm32f4_hal_lowlevel.c ****   * IMPLIED WARRANTIES OF MERCHANTABILITY AND FITNESS FOR A PARTICULAR PURPOSE ARE
  26:/home/pacl/Documents/Repository/chipwhisperer/firmware/mcu/hal/chipwhisperer-fw-extra/stm32f4/stm32f4_hal_lowlevel.c ****   * DISCLAIMED. IN NO EVENT SHALL THE COPYRIGHT HOLDER OR CONTRIBUTORS BE LIABLE
  27:/home/pacl/Documents/Repository/chipwhisperer/firmware/mcu/hal/chipwhisperer-fw-extra/stm32f4/stm32f4_hal_lowlevel.c ****   * FOR ANY DIRECT, INDIRECT, INCIDENTAL, SPECIAL, EXEMPLARY, OR CONSEQUENTIAL
  28:/home/pacl/Documents/Repository/chipwhisperer/firmware/mcu/hal/chipwhisperer-fw-extra/stm32f4/stm32f4_hal_lowlevel.c ****   * DAMAGES (INCLUDING, BUT NOT LIMITED TO, PROCUREMENT OF SUBSTITUTE GOODS OR
  29:/home/pacl/Documents/Repository/chipwhisperer/firmware/mcu/hal/chipwhisperer-fw-extra/stm32f4/stm32f4_hal_lowlevel.c ****   * SERVICES; LOSS OF USE, DATA, OR PROFITS; OR BUSINESS INTERRUPTION) HOWEVER
  30:/home/pacl/Documents/Repository/chipwhisperer/firmware/mcu/hal/chipwhisperer-fw-extra/stm32f4/stm32f4_hal_lowlevel.c ****   * CAUSED AND ON ANY THEORY OF LIABILITY, WHETHER IN CONTRACT, STRICT LIABILITY,
  31:/home/pacl/Documents/Repository/chipwhisperer/firmware/mcu/hal/chipwhisperer-fw-extra/stm32f4/stm32f4_hal_lowlevel.c ****   * OR TORT (INCLUDING NEGLIGENCE OR OTHERWISE) ARISING IN ANY WAY OUT OF THE USE
  32:/home/pacl/Documents/Repository/chipwhisperer/firmware/mcu/hal/chipwhisperer-fw-extra/stm32f4/stm32f4_hal_lowlevel.c ****   * OF THIS SOFTWARE, EVEN IF ADVISED OF THE POSSIBILITY OF SUCH DAMAGE.
  33:/home/pacl/Documents/Repository/chipwhisperer/firmware/mcu/hal/chipwhisperer-fw-extra/stm32f4/stm32f4_hal_lowlevel.c ****   *
  34:/home/pacl/Documents/Repository/chipwhisperer/firmware/mcu/hal/chipwhisperer-fw-extra/stm32f4/stm32f4_hal_lowlevel.c ****   ******************************************************************************
  35:/home/pacl/Documents/Repository/chipwhisperer/firmware/mcu/hal/chipwhisperer-fw-extra/stm32f4/stm32f4_hal_lowlevel.c **** */ 
  36:/home/pacl/Documents/Repository/chipwhisperer/firmware/mcu/hal/chipwhisperer-fw-extra/stm32f4/stm32f4_hal_lowlevel.c **** 
  37:/home/pacl/Documents/Repository/chipwhisperer/firmware/mcu/hal/chipwhisperer-fw-extra/stm32f4/stm32f4_hal_lowlevel.c **** 
  38:/home/pacl/Documents/Repository/chipwhisperer/firmware/mcu/hal/chipwhisperer-fw-extra/stm32f4/stm32f4_hal_lowlevel.c **** #include "stm32f4_hal.h"
  39:/home/pacl/Documents/Repository/chipwhisperer/firmware/mcu/hal/chipwhisperer-fw-extra/stm32f4/stm32f4_hal_lowlevel.c **** #include "stm32f4_hal_lowlevel.h"
  40:/home/pacl/Documents/Repository/chipwhisperer/firmware/mcu/hal/chipwhisperer-fw-extra/stm32f4/stm32f4_hal_lowlevel.c **** #include "stm32f4xx_hal_rcc.h"
  41:/home/pacl/Documents/Repository/chipwhisperer/firmware/mcu/hal/chipwhisperer-fw-extra/stm32f4/stm32f4_hal_lowlevel.c **** #include "stm32f4xx_hal_gpio.h"
  42:/home/pacl/Documents/Repository/chipwhisperer/firmware/mcu/hal/chipwhisperer-fw-extra/stm32f4/stm32f4_hal_lowlevel.c **** #include "stm32f4xx_hal_dma.h"
  43:/home/pacl/Documents/Repository/chipwhisperer/firmware/mcu/hal/chipwhisperer-fw-extra/stm32f4/stm32f4_hal_lowlevel.c **** #include "stm32f4xx_hal_uart.h"
  44:/home/pacl/Documents/Repository/chipwhisperer/firmware/mcu/hal/chipwhisperer-fw-extra/stm32f4/stm32f4_hal_lowlevel.c **** #include "stm32f4xx_hal_flash.h"
  45:/home/pacl/Documents/Repository/chipwhisperer/firmware/mcu/hal/chipwhisperer-fw-extra/stm32f4/stm32f4_hal_lowlevel.c **** #include "stm32f4xx_hal_cryp.h"
  46:/home/pacl/Documents/Repository/chipwhisperer/firmware/mcu/hal/chipwhisperer-fw-extra/stm32f4/stm32f4_hal_lowlevel.c **** 
  47:/home/pacl/Documents/Repository/chipwhisperer/firmware/mcu/hal/chipwhisperer-fw-extra/stm32f4/stm32f4_hal_lowlevel.c **** #define assert_param(expr) ((void)0U)
  48:/home/pacl/Documents/Repository/chipwhisperer/firmware/mcu/hal/chipwhisperer-fw-extra/stm32f4/stm32f4_hal_lowlevel.c **** 
  49:/home/pacl/Documents/Repository/chipwhisperer/firmware/mcu/hal/chipwhisperer-fw-extra/stm32f4/stm32f4_hal_lowlevel.c **** #define CLOCKSWITCH_TIMEOUT_VALUE  5000U /* 5 s */
  50:/home/pacl/Documents/Repository/chipwhisperer/firmware/mcu/hal/chipwhisperer-fw-extra/stm32f4/stm32f4_hal_lowlevel.c **** 
  51:/home/pacl/Documents/Repository/chipwhisperer/firmware/mcu/hal/chipwhisperer-fw-extra/stm32f4/stm32f4_hal_lowlevel.c **** 
  52:/home/pacl/Documents/Repository/chipwhisperer/firmware/mcu/hal/chipwhisperer-fw-extra/stm32f4/stm32f4_hal_lowlevel.c **** uint32_t HAL_GetTick(void)
  53:/home/pacl/Documents/Repository/chipwhisperer/firmware/mcu/hal/chipwhisperer-fw-extra/stm32f4/stm32f4_hal_lowlevel.c **** {
  54:/home/pacl/Documents/Repository/chipwhisperer/firmware/mcu/hal/chipwhisperer-fw-extra/stm32f4/stm32f4_hal_lowlevel.c **** 	static uint32_t tick;
  55:/home/pacl/Documents/Repository/chipwhisperer/firmware/mcu/hal/chipwhisperer-fw-extra/stm32f4/stm32f4_hal_lowlevel.c **** 	return tick++;;
  56:/home/pacl/Documents/Repository/chipwhisperer/firmware/mcu/hal/chipwhisperer-fw-extra/stm32f4/stm32f4_hal_lowlevel.c **** }
  57:/home/pacl/Documents/Repository/chipwhisperer/firmware/mcu/hal/chipwhisperer-fw-extra/stm32f4/stm32f4_hal_lowlevel.c **** 
  58:/home/pacl/Documents/Repository/chipwhisperer/firmware/mcu/hal/chipwhisperer-fw-extra/stm32f4/stm32f4_hal_lowlevel.c **** /**
  59:/home/pacl/Documents/Repository/chipwhisperer/firmware/mcu/hal/chipwhisperer-fw-extra/stm32f4/stm32f4_hal_lowlevel.c ****   * @brief  Enables or disables the AHB2 peripheral clock.
  60:/home/pacl/Documents/Repository/chipwhisperer/firmware/mcu/hal/chipwhisperer-fw-extra/stm32f4/stm32f4_hal_lowlevel.c ****   * @note   After reset, the peripheral clock (used for registers read/write access)
  61:/home/pacl/Documents/Repository/chipwhisperer/firmware/mcu/hal/chipwhisperer-fw-extra/stm32f4/stm32f4_hal_lowlevel.c ****   *         is disabled and the application software has to enable this clock before 
  62:/home/pacl/Documents/Repository/chipwhisperer/firmware/mcu/hal/chipwhisperer-fw-extra/stm32f4/stm32f4_hal_lowlevel.c ****   *         using it. 
  63:/home/pacl/Documents/Repository/chipwhisperer/firmware/mcu/hal/chipwhisperer-fw-extra/stm32f4/stm32f4_hal_lowlevel.c ****   * @param  RCC_AHBPeriph: specifies the AHB2 peripheral to gates its clock.
  64:/home/pacl/Documents/Repository/chipwhisperer/firmware/mcu/hal/chipwhisperer-fw-extra/stm32f4/stm32f4_hal_lowlevel.c ****   *          This parameter can be any combination of the following values:
  65:/home/pacl/Documents/Repository/chipwhisperer/firmware/mcu/hal/chipwhisperer-fw-extra/stm32f4/stm32f4_hal_lowlevel.c ****   *            @arg RCC_AHB2Periph_DCMI:   DCMI clock
  66:/home/pacl/Documents/Repository/chipwhisperer/firmware/mcu/hal/chipwhisperer-fw-extra/stm32f4/stm32f4_hal_lowlevel.c ****   *            @arg RCC_AHB2Periph_CRYP:   CRYP clock
  67:/home/pacl/Documents/Repository/chipwhisperer/firmware/mcu/hal/chipwhisperer-fw-extra/stm32f4/stm32f4_hal_lowlevel.c ****   *            @arg RCC_AHB2Periph_HASH:   HASH clock
  68:/home/pacl/Documents/Repository/chipwhisperer/firmware/mcu/hal/chipwhisperer-fw-extra/stm32f4/stm32f4_hal_lowlevel.c ****   *            @arg RCC_AHB2Periph_RNG:    RNG clock
  69:/home/pacl/Documents/Repository/chipwhisperer/firmware/mcu/hal/chipwhisperer-fw-extra/stm32f4/stm32f4_hal_lowlevel.c ****   *            @arg RCC_AHB2Periph_OTG_FS: USB OTG FS clock
  70:/home/pacl/Documents/Repository/chipwhisperer/firmware/mcu/hal/chipwhisperer-fw-extra/stm32f4/stm32f4_hal_lowlevel.c ****   * @param  NewState: new state of the specified peripheral clock.
  71:/home/pacl/Documents/Repository/chipwhisperer/firmware/mcu/hal/chipwhisperer-fw-extra/stm32f4/stm32f4_hal_lowlevel.c ****   *          This parameter can be: ENABLE or DISABLE.
  72:/home/pacl/Documents/Repository/chipwhisperer/firmware/mcu/hal/chipwhisperer-fw-extra/stm32f4/stm32f4_hal_lowlevel.c ****   * @retval None
  73:/home/pacl/Documents/Repository/chipwhisperer/firmware/mcu/hal/chipwhisperer-fw-extra/stm32f4/stm32f4_hal_lowlevel.c ****   */
  74:/home/pacl/Documents/Repository/chipwhisperer/firmware/mcu/hal/chipwhisperer-fw-extra/stm32f4/stm32f4_hal_lowlevel.c **** void RCC_AHB2PeriphClockCmd(uint32_t RCC_AHB2Periph, FunctionalState NewState)
  75:/home/pacl/Documents/Repository/chipwhisperer/firmware/mcu/hal/chipwhisperer-fw-extra/stm32f4/stm32f4_hal_lowlevel.c **** {
  76:/home/pacl/Documents/Repository/chipwhisperer/firmware/mcu/hal/chipwhisperer-fw-extra/stm32f4/stm32f4_hal_lowlevel.c ****   /* Check the parameters */
  77:/home/pacl/Documents/Repository/chipwhisperer/firmware/mcu/hal/chipwhisperer-fw-extra/stm32f4/stm32f4_hal_lowlevel.c ****   assert_param(IS_RCC_AHB2_PERIPH(RCC_AHB2Periph));
  78:/home/pacl/Documents/Repository/chipwhisperer/firmware/mcu/hal/chipwhisperer-fw-extra/stm32f4/stm32f4_hal_lowlevel.c ****   assert_param(IS_FUNCTIONAL_STATE(NewState));
  79:/home/pacl/Documents/Repository/chipwhisperer/firmware/mcu/hal/chipwhisperer-fw-extra/stm32f4/stm32f4_hal_lowlevel.c **** 
  80:/home/pacl/Documents/Repository/chipwhisperer/firmware/mcu/hal/chipwhisperer-fw-extra/stm32f4/stm32f4_hal_lowlevel.c ****   if (NewState != DISABLE)
  81:/home/pacl/Documents/Repository/chipwhisperer/firmware/mcu/hal/chipwhisperer-fw-extra/stm32f4/stm32f4_hal_lowlevel.c ****   {
  82:/home/pacl/Documents/Repository/chipwhisperer/firmware/mcu/hal/chipwhisperer-fw-extra/stm32f4/stm32f4_hal_lowlevel.c ****     RCC->AHB2ENR |= RCC_AHB2Periph;
  83:/home/pacl/Documents/Repository/chipwhisperer/firmware/mcu/hal/chipwhisperer-fw-extra/stm32f4/stm32f4_hal_lowlevel.c ****   }
  84:/home/pacl/Documents/Repository/chipwhisperer/firmware/mcu/hal/chipwhisperer-fw-extra/stm32f4/stm32f4_hal_lowlevel.c ****   else
  85:/home/pacl/Documents/Repository/chipwhisperer/firmware/mcu/hal/chipwhisperer-fw-extra/stm32f4/stm32f4_hal_lowlevel.c ****   {
  86:/home/pacl/Documents/Repository/chipwhisperer/firmware/mcu/hal/chipwhisperer-fw-extra/stm32f4/stm32f4_hal_lowlevel.c ****     RCC->AHB2ENR &= ~RCC_AHB2Periph;
  87:/home/pacl/Documents/Repository/chipwhisperer/firmware/mcu/hal/chipwhisperer-fw-extra/stm32f4/stm32f4_hal_lowlevel.c ****   }
  88:/home/pacl/Documents/Repository/chipwhisperer/firmware/mcu/hal/chipwhisperer-fw-extra/stm32f4/stm32f4_hal_lowlevel.c **** }
  89:/home/pacl/Documents/Repository/chipwhisperer/firmware/mcu/hal/chipwhisperer-fw-extra/stm32f4/stm32f4_hal_lowlevel.c **** 
  90:/home/pacl/Documents/Repository/chipwhisperer/firmware/mcu/hal/chipwhisperer-fw-extra/stm32f4/stm32f4_hal_lowlevel.c **** /**
  91:/home/pacl/Documents/Repository/chipwhisperer/firmware/mcu/hal/chipwhisperer-fw-extra/stm32f4/stm32f4_hal_lowlevel.c ****   * @brief  Initializes the RCC Oscillators according to the specified parameters in the
  92:/home/pacl/Documents/Repository/chipwhisperer/firmware/mcu/hal/chipwhisperer-fw-extra/stm32f4/stm32f4_hal_lowlevel.c ****   *         RCC_OscInitTypeDef.
  93:/home/pacl/Documents/Repository/chipwhisperer/firmware/mcu/hal/chipwhisperer-fw-extra/stm32f4/stm32f4_hal_lowlevel.c ****   * @param  RCC_OscInitStruct: pointer to an RCC_OscInitTypeDef structure that
  94:/home/pacl/Documents/Repository/chipwhisperer/firmware/mcu/hal/chipwhisperer-fw-extra/stm32f4/stm32f4_hal_lowlevel.c ****   *         contains the configuration information for the RCC Oscillators.
  95:/home/pacl/Documents/Repository/chipwhisperer/firmware/mcu/hal/chipwhisperer-fw-extra/stm32f4/stm32f4_hal_lowlevel.c ****   * @note   The PLL is not disabled when used as system clock.
  96:/home/pacl/Documents/Repository/chipwhisperer/firmware/mcu/hal/chipwhisperer-fw-extra/stm32f4/stm32f4_hal_lowlevel.c ****   * @note   Transitions LSE Bypass to LSE On and LSE On to LSE Bypass are not
  97:/home/pacl/Documents/Repository/chipwhisperer/firmware/mcu/hal/chipwhisperer-fw-extra/stm32f4/stm32f4_hal_lowlevel.c ****   *         supported by this API. User should request a transition to LSE Off
  98:/home/pacl/Documents/Repository/chipwhisperer/firmware/mcu/hal/chipwhisperer-fw-extra/stm32f4/stm32f4_hal_lowlevel.c ****   *         first and then LSE On or LSE Bypass.
  99:/home/pacl/Documents/Repository/chipwhisperer/firmware/mcu/hal/chipwhisperer-fw-extra/stm32f4/stm32f4_hal_lowlevel.c ****   * @note   Transition HSE Bypass to HSE On and HSE On to HSE Bypass are not
 100:/home/pacl/Documents/Repository/chipwhisperer/firmware/mcu/hal/chipwhisperer-fw-extra/stm32f4/stm32f4_hal_lowlevel.c ****   *         supported by this API. User should request a transition to HSE Off
 101:/home/pacl/Documents/Repository/chipwhisperer/firmware/mcu/hal/chipwhisperer-fw-extra/stm32f4/stm32f4_hal_lowlevel.c ****   *         first and then HSE On or HSE Bypass.
 102:/home/pacl/Documents/Repository/chipwhisperer/firmware/mcu/hal/chipwhisperer-fw-extra/stm32f4/stm32f4_hal_lowlevel.c ****   * @retval HAL status
 103:/home/pacl/Documents/Repository/chipwhisperer/firmware/mcu/hal/chipwhisperer-fw-extra/stm32f4/stm32f4_hal_lowlevel.c ****   */
 104:/home/pacl/Documents/Repository/chipwhisperer/firmware/mcu/hal/chipwhisperer-fw-extra/stm32f4/stm32f4_hal_lowlevel.c **** HAL_StatusTypeDef HAL_RCC_OscConfig(RCC_OscInitTypeDef  *RCC_OscInitStruct)
 105:/home/pacl/Documents/Repository/chipwhisperer/firmware/mcu/hal/chipwhisperer-fw-extra/stm32f4/stm32f4_hal_lowlevel.c **** {
 106:/home/pacl/Documents/Repository/chipwhisperer/firmware/mcu/hal/chipwhisperer-fw-extra/stm32f4/stm32f4_hal_lowlevel.c ****   uint32_t tickstart = 0U;
 107:/home/pacl/Documents/Repository/chipwhisperer/firmware/mcu/hal/chipwhisperer-fw-extra/stm32f4/stm32f4_hal_lowlevel.c **** 
 108:/home/pacl/Documents/Repository/chipwhisperer/firmware/mcu/hal/chipwhisperer-fw-extra/stm32f4/stm32f4_hal_lowlevel.c ****   /* Check the parameters */
 109:/home/pacl/Documents/Repository/chipwhisperer/firmware/mcu/hal/chipwhisperer-fw-extra/stm32f4/stm32f4_hal_lowlevel.c ****   assert_param(IS_RCC_OSCILLATORTYPE(RCC_OscInitStruct->OscillatorType));
 110:/home/pacl/Documents/Repository/chipwhisperer/firmware/mcu/hal/chipwhisperer-fw-extra/stm32f4/stm32f4_hal_lowlevel.c ****   /*------------------------------- HSE Configuration ------------------------*/
 111:/home/pacl/Documents/Repository/chipwhisperer/firmware/mcu/hal/chipwhisperer-fw-extra/stm32f4/stm32f4_hal_lowlevel.c ****   if(((RCC_OscInitStruct->OscillatorType) & RCC_OSCILLATORTYPE_HSE) == RCC_OSCILLATORTYPE_HSE)
 112:/home/pacl/Documents/Repository/chipwhisperer/firmware/mcu/hal/chipwhisperer-fw-extra/stm32f4/stm32f4_hal_lowlevel.c ****   {
 113:/home/pacl/Documents/Repository/chipwhisperer/firmware/mcu/hal/chipwhisperer-fw-extra/stm32f4/stm32f4_hal_lowlevel.c ****     /* Check the parameters */
 114:/home/pacl/Documents/Repository/chipwhisperer/firmware/mcu/hal/chipwhisperer-fw-extra/stm32f4/stm32f4_hal_lowlevel.c ****     assert_param(IS_RCC_HSE(RCC_OscInitStruct->HSEState));
 115:/home/pacl/Documents/Repository/chipwhisperer/firmware/mcu/hal/chipwhisperer-fw-extra/stm32f4/stm32f4_hal_lowlevel.c ****     /* When the HSE is used as system clock or clock source for PLL in these cases HSE will not dis
 116:/home/pacl/Documents/Repository/chipwhisperer/firmware/mcu/hal/chipwhisperer-fw-extra/stm32f4/stm32f4_hal_lowlevel.c ****     if((__HAL_RCC_GET_SYSCLK_SOURCE() == RCC_CFGR_SWS_HSE) ||\
 117:/home/pacl/Documents/Repository/chipwhisperer/firmware/mcu/hal/chipwhisperer-fw-extra/stm32f4/stm32f4_hal_lowlevel.c ****       ((__HAL_RCC_GET_SYSCLK_SOURCE() == RCC_CFGR_SWS_PLL) && ((RCC->PLLCFGR & RCC_PLLCFGR_PLLSRC) 
 118:/home/pacl/Documents/Repository/chipwhisperer/firmware/mcu/hal/chipwhisperer-fw-extra/stm32f4/stm32f4_hal_lowlevel.c ****     {
 119:/home/pacl/Documents/Repository/chipwhisperer/firmware/mcu/hal/chipwhisperer-fw-extra/stm32f4/stm32f4_hal_lowlevel.c ****       if((__HAL_RCC_GET_FLAG(RCC_FLAG_HSERDY) != RESET) && (RCC_OscInitStruct->HSEState == RCC_HSE_
 120:/home/pacl/Documents/Repository/chipwhisperer/firmware/mcu/hal/chipwhisperer-fw-extra/stm32f4/stm32f4_hal_lowlevel.c ****       {
 121:/home/pacl/Documents/Repository/chipwhisperer/firmware/mcu/hal/chipwhisperer-fw-extra/stm32f4/stm32f4_hal_lowlevel.c ****         return HAL_ERROR;
 122:/home/pacl/Documents/Repository/chipwhisperer/firmware/mcu/hal/chipwhisperer-fw-extra/stm32f4/stm32f4_hal_lowlevel.c ****       }
 123:/home/pacl/Documents/Repository/chipwhisperer/firmware/mcu/hal/chipwhisperer-fw-extra/stm32f4/stm32f4_hal_lowlevel.c ****     }
 124:/home/pacl/Documents/Repository/chipwhisperer/firmware/mcu/hal/chipwhisperer-fw-extra/stm32f4/stm32f4_hal_lowlevel.c ****     else
 125:/home/pacl/Documents/Repository/chipwhisperer/firmware/mcu/hal/chipwhisperer-fw-extra/stm32f4/stm32f4_hal_lowlevel.c ****     {
 126:/home/pacl/Documents/Repository/chipwhisperer/firmware/mcu/hal/chipwhisperer-fw-extra/stm32f4/stm32f4_hal_lowlevel.c ****       /* Set the new HSE configuration ---------------------------------------*/
 127:/home/pacl/Documents/Repository/chipwhisperer/firmware/mcu/hal/chipwhisperer-fw-extra/stm32f4/stm32f4_hal_lowlevel.c ****       __HAL_RCC_HSE_CONFIG(RCC_OscInitStruct->HSEState);
 128:/home/pacl/Documents/Repository/chipwhisperer/firmware/mcu/hal/chipwhisperer-fw-extra/stm32f4/stm32f4_hal_lowlevel.c **** 
 129:/home/pacl/Documents/Repository/chipwhisperer/firmware/mcu/hal/chipwhisperer-fw-extra/stm32f4/stm32f4_hal_lowlevel.c ****       /* Check the HSE State */
 130:/home/pacl/Documents/Repository/chipwhisperer/firmware/mcu/hal/chipwhisperer-fw-extra/stm32f4/stm32f4_hal_lowlevel.c ****       if((RCC_OscInitStruct->HSEState) != RCC_HSE_OFF)
 131:/home/pacl/Documents/Repository/chipwhisperer/firmware/mcu/hal/chipwhisperer-fw-extra/stm32f4/stm32f4_hal_lowlevel.c ****       {
 132:/home/pacl/Documents/Repository/chipwhisperer/firmware/mcu/hal/chipwhisperer-fw-extra/stm32f4/stm32f4_hal_lowlevel.c ****         /* Get Start Tick*/
 133:/home/pacl/Documents/Repository/chipwhisperer/firmware/mcu/hal/chipwhisperer-fw-extra/stm32f4/stm32f4_hal_lowlevel.c ****         tickstart = HAL_GetTick();
 134:/home/pacl/Documents/Repository/chipwhisperer/firmware/mcu/hal/chipwhisperer-fw-extra/stm32f4/stm32f4_hal_lowlevel.c **** 
 135:/home/pacl/Documents/Repository/chipwhisperer/firmware/mcu/hal/chipwhisperer-fw-extra/stm32f4/stm32f4_hal_lowlevel.c ****         /* Wait till HSE is ready */
 136:/home/pacl/Documents/Repository/chipwhisperer/firmware/mcu/hal/chipwhisperer-fw-extra/stm32f4/stm32f4_hal_lowlevel.c ****         while(__HAL_RCC_GET_FLAG(RCC_FLAG_HSERDY) == RESET)
 137:/home/pacl/Documents/Repository/chipwhisperer/firmware/mcu/hal/chipwhisperer-fw-extra/stm32f4/stm32f4_hal_lowlevel.c ****         {
 138:/home/pacl/Documents/Repository/chipwhisperer/firmware/mcu/hal/chipwhisperer-fw-extra/stm32f4/stm32f4_hal_lowlevel.c ****           if((HAL_GetTick() - tickstart ) > HSE_TIMEOUT_VALUE)
 139:/home/pacl/Documents/Repository/chipwhisperer/firmware/mcu/hal/chipwhisperer-fw-extra/stm32f4/stm32f4_hal_lowlevel.c ****           {
 140:/home/pacl/Documents/Repository/chipwhisperer/firmware/mcu/hal/chipwhisperer-fw-extra/stm32f4/stm32f4_hal_lowlevel.c ****             return HAL_TIMEOUT;
 141:/home/pacl/Documents/Repository/chipwhisperer/firmware/mcu/hal/chipwhisperer-fw-extra/stm32f4/stm32f4_hal_lowlevel.c ****           }
 142:/home/pacl/Documents/Repository/chipwhisperer/firmware/mcu/hal/chipwhisperer-fw-extra/stm32f4/stm32f4_hal_lowlevel.c ****         }
 143:/home/pacl/Documents/Repository/chipwhisperer/firmware/mcu/hal/chipwhisperer-fw-extra/stm32f4/stm32f4_hal_lowlevel.c ****       }
 144:/home/pacl/Documents/Repository/chipwhisperer/firmware/mcu/hal/chipwhisperer-fw-extra/stm32f4/stm32f4_hal_lowlevel.c ****       else
 145:/home/pacl/Documents/Repository/chipwhisperer/firmware/mcu/hal/chipwhisperer-fw-extra/stm32f4/stm32f4_hal_lowlevel.c ****       {
 146:/home/pacl/Documents/Repository/chipwhisperer/firmware/mcu/hal/chipwhisperer-fw-extra/stm32f4/stm32f4_hal_lowlevel.c ****         /* Get Start Tick*/
 147:/home/pacl/Documents/Repository/chipwhisperer/firmware/mcu/hal/chipwhisperer-fw-extra/stm32f4/stm32f4_hal_lowlevel.c ****         tickstart = HAL_GetTick();
 148:/home/pacl/Documents/Repository/chipwhisperer/firmware/mcu/hal/chipwhisperer-fw-extra/stm32f4/stm32f4_hal_lowlevel.c **** 
 149:/home/pacl/Documents/Repository/chipwhisperer/firmware/mcu/hal/chipwhisperer-fw-extra/stm32f4/stm32f4_hal_lowlevel.c ****         /* Wait till HSE is bypassed or disabled */
 150:/home/pacl/Documents/Repository/chipwhisperer/firmware/mcu/hal/chipwhisperer-fw-extra/stm32f4/stm32f4_hal_lowlevel.c ****         while(__HAL_RCC_GET_FLAG(RCC_FLAG_HSERDY) != RESET)
 151:/home/pacl/Documents/Repository/chipwhisperer/firmware/mcu/hal/chipwhisperer-fw-extra/stm32f4/stm32f4_hal_lowlevel.c ****         {
 152:/home/pacl/Documents/Repository/chipwhisperer/firmware/mcu/hal/chipwhisperer-fw-extra/stm32f4/stm32f4_hal_lowlevel.c ****           if((HAL_GetTick() - tickstart ) > HSE_TIMEOUT_VALUE)
 153:/home/pacl/Documents/Repository/chipwhisperer/firmware/mcu/hal/chipwhisperer-fw-extra/stm32f4/stm32f4_hal_lowlevel.c ****           {
 154:/home/pacl/Documents/Repository/chipwhisperer/firmware/mcu/hal/chipwhisperer-fw-extra/stm32f4/stm32f4_hal_lowlevel.c ****             return HAL_TIMEOUT;
 155:/home/pacl/Documents/Repository/chipwhisperer/firmware/mcu/hal/chipwhisperer-fw-extra/stm32f4/stm32f4_hal_lowlevel.c ****           }
 156:/home/pacl/Documents/Repository/chipwhisperer/firmware/mcu/hal/chipwhisperer-fw-extra/stm32f4/stm32f4_hal_lowlevel.c ****         }
 157:/home/pacl/Documents/Repository/chipwhisperer/firmware/mcu/hal/chipwhisperer-fw-extra/stm32f4/stm32f4_hal_lowlevel.c ****       }
 158:/home/pacl/Documents/Repository/chipwhisperer/firmware/mcu/hal/chipwhisperer-fw-extra/stm32f4/stm32f4_hal_lowlevel.c ****     }
 159:/home/pacl/Documents/Repository/chipwhisperer/firmware/mcu/hal/chipwhisperer-fw-extra/stm32f4/stm32f4_hal_lowlevel.c ****   }
 160:/home/pacl/Documents/Repository/chipwhisperer/firmware/mcu/hal/chipwhisperer-fw-extra/stm32f4/stm32f4_hal_lowlevel.c ****   /*----------------------------- HSI Configuration --------------------------*/
 161:/home/pacl/Documents/Repository/chipwhisperer/firmware/mcu/hal/chipwhisperer-fw-extra/stm32f4/stm32f4_hal_lowlevel.c ****   if(((RCC_OscInitStruct->OscillatorType) & RCC_OSCILLATORTYPE_HSI) == RCC_OSCILLATORTYPE_HSI)
 162:/home/pacl/Documents/Repository/chipwhisperer/firmware/mcu/hal/chipwhisperer-fw-extra/stm32f4/stm32f4_hal_lowlevel.c ****   {
 163:/home/pacl/Documents/Repository/chipwhisperer/firmware/mcu/hal/chipwhisperer-fw-extra/stm32f4/stm32f4_hal_lowlevel.c ****     /* Check the parameters */
 164:/home/pacl/Documents/Repository/chipwhisperer/firmware/mcu/hal/chipwhisperer-fw-extra/stm32f4/stm32f4_hal_lowlevel.c ****     assert_param(IS_RCC_HSI(RCC_OscInitStruct->HSIState));
 165:/home/pacl/Documents/Repository/chipwhisperer/firmware/mcu/hal/chipwhisperer-fw-extra/stm32f4/stm32f4_hal_lowlevel.c ****     assert_param(IS_RCC_CALIBRATION_VALUE(RCC_OscInitStruct->HSICalibrationValue));
 166:/home/pacl/Documents/Repository/chipwhisperer/firmware/mcu/hal/chipwhisperer-fw-extra/stm32f4/stm32f4_hal_lowlevel.c **** 
 167:/home/pacl/Documents/Repository/chipwhisperer/firmware/mcu/hal/chipwhisperer-fw-extra/stm32f4/stm32f4_hal_lowlevel.c ****     /* Check if HSI is used as system clock or as PLL source when PLL is selected as system clock *
 168:/home/pacl/Documents/Repository/chipwhisperer/firmware/mcu/hal/chipwhisperer-fw-extra/stm32f4/stm32f4_hal_lowlevel.c ****     if((__HAL_RCC_GET_SYSCLK_SOURCE() == RCC_CFGR_SWS_HSI) ||\
 169:/home/pacl/Documents/Repository/chipwhisperer/firmware/mcu/hal/chipwhisperer-fw-extra/stm32f4/stm32f4_hal_lowlevel.c ****       ((__HAL_RCC_GET_SYSCLK_SOURCE() == RCC_CFGR_SWS_PLL) && ((RCC->PLLCFGR & RCC_PLLCFGR_PLLSRC) 
 170:/home/pacl/Documents/Repository/chipwhisperer/firmware/mcu/hal/chipwhisperer-fw-extra/stm32f4/stm32f4_hal_lowlevel.c ****     {
 171:/home/pacl/Documents/Repository/chipwhisperer/firmware/mcu/hal/chipwhisperer-fw-extra/stm32f4/stm32f4_hal_lowlevel.c ****       /* When HSI is used as system clock it will not disabled */
 172:/home/pacl/Documents/Repository/chipwhisperer/firmware/mcu/hal/chipwhisperer-fw-extra/stm32f4/stm32f4_hal_lowlevel.c ****       if((__HAL_RCC_GET_FLAG(RCC_FLAG_HSIRDY) != RESET) && (RCC_OscInitStruct->HSIState != RCC_HSI_
 173:/home/pacl/Documents/Repository/chipwhisperer/firmware/mcu/hal/chipwhisperer-fw-extra/stm32f4/stm32f4_hal_lowlevel.c ****       {
 174:/home/pacl/Documents/Repository/chipwhisperer/firmware/mcu/hal/chipwhisperer-fw-extra/stm32f4/stm32f4_hal_lowlevel.c ****         return HAL_ERROR;
 175:/home/pacl/Documents/Repository/chipwhisperer/firmware/mcu/hal/chipwhisperer-fw-extra/stm32f4/stm32f4_hal_lowlevel.c ****       }
 176:/home/pacl/Documents/Repository/chipwhisperer/firmware/mcu/hal/chipwhisperer-fw-extra/stm32f4/stm32f4_hal_lowlevel.c ****       /* Otherwise, just the calibration is allowed */
 177:/home/pacl/Documents/Repository/chipwhisperer/firmware/mcu/hal/chipwhisperer-fw-extra/stm32f4/stm32f4_hal_lowlevel.c ****       else
 178:/home/pacl/Documents/Repository/chipwhisperer/firmware/mcu/hal/chipwhisperer-fw-extra/stm32f4/stm32f4_hal_lowlevel.c ****       {
 179:/home/pacl/Documents/Repository/chipwhisperer/firmware/mcu/hal/chipwhisperer-fw-extra/stm32f4/stm32f4_hal_lowlevel.c ****         /* Adjusts the Internal High Speed oscillator (HSI) calibration value.*/
 180:/home/pacl/Documents/Repository/chipwhisperer/firmware/mcu/hal/chipwhisperer-fw-extra/stm32f4/stm32f4_hal_lowlevel.c ****         __HAL_RCC_HSI_CALIBRATIONVALUE_ADJUST(RCC_OscInitStruct->HSICalibrationValue);
 181:/home/pacl/Documents/Repository/chipwhisperer/firmware/mcu/hal/chipwhisperer-fw-extra/stm32f4/stm32f4_hal_lowlevel.c ****       }
 182:/home/pacl/Documents/Repository/chipwhisperer/firmware/mcu/hal/chipwhisperer-fw-extra/stm32f4/stm32f4_hal_lowlevel.c ****     }
 183:/home/pacl/Documents/Repository/chipwhisperer/firmware/mcu/hal/chipwhisperer-fw-extra/stm32f4/stm32f4_hal_lowlevel.c ****     else
 184:/home/pacl/Documents/Repository/chipwhisperer/firmware/mcu/hal/chipwhisperer-fw-extra/stm32f4/stm32f4_hal_lowlevel.c ****     {
 185:/home/pacl/Documents/Repository/chipwhisperer/firmware/mcu/hal/chipwhisperer-fw-extra/stm32f4/stm32f4_hal_lowlevel.c ****       /* Check the HSI State */
 186:/home/pacl/Documents/Repository/chipwhisperer/firmware/mcu/hal/chipwhisperer-fw-extra/stm32f4/stm32f4_hal_lowlevel.c ****       if((RCC_OscInitStruct->HSIState)!= RCC_HSI_OFF)
 187:/home/pacl/Documents/Repository/chipwhisperer/firmware/mcu/hal/chipwhisperer-fw-extra/stm32f4/stm32f4_hal_lowlevel.c ****       {
 188:/home/pacl/Documents/Repository/chipwhisperer/firmware/mcu/hal/chipwhisperer-fw-extra/stm32f4/stm32f4_hal_lowlevel.c ****         /* Enable the Internal High Speed oscillator (HSI). */
 189:/home/pacl/Documents/Repository/chipwhisperer/firmware/mcu/hal/chipwhisperer-fw-extra/stm32f4/stm32f4_hal_lowlevel.c ****         __HAL_RCC_HSI_ENABLE();
 190:/home/pacl/Documents/Repository/chipwhisperer/firmware/mcu/hal/chipwhisperer-fw-extra/stm32f4/stm32f4_hal_lowlevel.c **** 
 191:/home/pacl/Documents/Repository/chipwhisperer/firmware/mcu/hal/chipwhisperer-fw-extra/stm32f4/stm32f4_hal_lowlevel.c ****         /* Get Start Tick*/
 192:/home/pacl/Documents/Repository/chipwhisperer/firmware/mcu/hal/chipwhisperer-fw-extra/stm32f4/stm32f4_hal_lowlevel.c ****         tickstart = HAL_GetTick();
 193:/home/pacl/Documents/Repository/chipwhisperer/firmware/mcu/hal/chipwhisperer-fw-extra/stm32f4/stm32f4_hal_lowlevel.c **** 
 194:/home/pacl/Documents/Repository/chipwhisperer/firmware/mcu/hal/chipwhisperer-fw-extra/stm32f4/stm32f4_hal_lowlevel.c ****         /* Wait till HSI is ready */
 195:/home/pacl/Documents/Repository/chipwhisperer/firmware/mcu/hal/chipwhisperer-fw-extra/stm32f4/stm32f4_hal_lowlevel.c ****         while(__HAL_RCC_GET_FLAG(RCC_FLAG_HSIRDY) == RESET)
 196:/home/pacl/Documents/Repository/chipwhisperer/firmware/mcu/hal/chipwhisperer-fw-extra/stm32f4/stm32f4_hal_lowlevel.c ****         {
 197:/home/pacl/Documents/Repository/chipwhisperer/firmware/mcu/hal/chipwhisperer-fw-extra/stm32f4/stm32f4_hal_lowlevel.c ****           if((HAL_GetTick() - tickstart ) > HSI_TIMEOUT_VALUE)
 198:/home/pacl/Documents/Repository/chipwhisperer/firmware/mcu/hal/chipwhisperer-fw-extra/stm32f4/stm32f4_hal_lowlevel.c ****           {
 199:/home/pacl/Documents/Repository/chipwhisperer/firmware/mcu/hal/chipwhisperer-fw-extra/stm32f4/stm32f4_hal_lowlevel.c ****             return HAL_TIMEOUT;
 200:/home/pacl/Documents/Repository/chipwhisperer/firmware/mcu/hal/chipwhisperer-fw-extra/stm32f4/stm32f4_hal_lowlevel.c ****           }
 201:/home/pacl/Documents/Repository/chipwhisperer/firmware/mcu/hal/chipwhisperer-fw-extra/stm32f4/stm32f4_hal_lowlevel.c ****         }
 202:/home/pacl/Documents/Repository/chipwhisperer/firmware/mcu/hal/chipwhisperer-fw-extra/stm32f4/stm32f4_hal_lowlevel.c **** 
 203:/home/pacl/Documents/Repository/chipwhisperer/firmware/mcu/hal/chipwhisperer-fw-extra/stm32f4/stm32f4_hal_lowlevel.c ****         /* Adjusts the Internal High Speed oscillator (HSI) calibration value.*/
 204:/home/pacl/Documents/Repository/chipwhisperer/firmware/mcu/hal/chipwhisperer-fw-extra/stm32f4/stm32f4_hal_lowlevel.c ****         __HAL_RCC_HSI_CALIBRATIONVALUE_ADJUST(RCC_OscInitStruct->HSICalibrationValue);
 205:/home/pacl/Documents/Repository/chipwhisperer/firmware/mcu/hal/chipwhisperer-fw-extra/stm32f4/stm32f4_hal_lowlevel.c ****       }
 206:/home/pacl/Documents/Repository/chipwhisperer/firmware/mcu/hal/chipwhisperer-fw-extra/stm32f4/stm32f4_hal_lowlevel.c ****       else
 207:/home/pacl/Documents/Repository/chipwhisperer/firmware/mcu/hal/chipwhisperer-fw-extra/stm32f4/stm32f4_hal_lowlevel.c ****       {
 208:/home/pacl/Documents/Repository/chipwhisperer/firmware/mcu/hal/chipwhisperer-fw-extra/stm32f4/stm32f4_hal_lowlevel.c ****         /* Disable the Internal High Speed oscillator (HSI). */
 209:/home/pacl/Documents/Repository/chipwhisperer/firmware/mcu/hal/chipwhisperer-fw-extra/stm32f4/stm32f4_hal_lowlevel.c ****         __HAL_RCC_HSI_DISABLE();
 210:/home/pacl/Documents/Repository/chipwhisperer/firmware/mcu/hal/chipwhisperer-fw-extra/stm32f4/stm32f4_hal_lowlevel.c **** 
 211:/home/pacl/Documents/Repository/chipwhisperer/firmware/mcu/hal/chipwhisperer-fw-extra/stm32f4/stm32f4_hal_lowlevel.c ****         /* Get Start Tick*/
 212:/home/pacl/Documents/Repository/chipwhisperer/firmware/mcu/hal/chipwhisperer-fw-extra/stm32f4/stm32f4_hal_lowlevel.c ****         tickstart = HAL_GetTick();
 213:/home/pacl/Documents/Repository/chipwhisperer/firmware/mcu/hal/chipwhisperer-fw-extra/stm32f4/stm32f4_hal_lowlevel.c **** 
 214:/home/pacl/Documents/Repository/chipwhisperer/firmware/mcu/hal/chipwhisperer-fw-extra/stm32f4/stm32f4_hal_lowlevel.c ****         /* Wait till HSI is ready */
 215:/home/pacl/Documents/Repository/chipwhisperer/firmware/mcu/hal/chipwhisperer-fw-extra/stm32f4/stm32f4_hal_lowlevel.c ****         while(__HAL_RCC_GET_FLAG(RCC_FLAG_HSIRDY) != RESET)
 216:/home/pacl/Documents/Repository/chipwhisperer/firmware/mcu/hal/chipwhisperer-fw-extra/stm32f4/stm32f4_hal_lowlevel.c ****         {
 217:/home/pacl/Documents/Repository/chipwhisperer/firmware/mcu/hal/chipwhisperer-fw-extra/stm32f4/stm32f4_hal_lowlevel.c ****           if((HAL_GetTick() - tickstart ) > HSI_TIMEOUT_VALUE)
 218:/home/pacl/Documents/Repository/chipwhisperer/firmware/mcu/hal/chipwhisperer-fw-extra/stm32f4/stm32f4_hal_lowlevel.c ****           {
 219:/home/pacl/Documents/Repository/chipwhisperer/firmware/mcu/hal/chipwhisperer-fw-extra/stm32f4/stm32f4_hal_lowlevel.c ****             return HAL_TIMEOUT;
 220:/home/pacl/Documents/Repository/chipwhisperer/firmware/mcu/hal/chipwhisperer-fw-extra/stm32f4/stm32f4_hal_lowlevel.c ****           }
 221:/home/pacl/Documents/Repository/chipwhisperer/firmware/mcu/hal/chipwhisperer-fw-extra/stm32f4/stm32f4_hal_lowlevel.c ****         }
 222:/home/pacl/Documents/Repository/chipwhisperer/firmware/mcu/hal/chipwhisperer-fw-extra/stm32f4/stm32f4_hal_lowlevel.c ****       }
 223:/home/pacl/Documents/Repository/chipwhisperer/firmware/mcu/hal/chipwhisperer-fw-extra/stm32f4/stm32f4_hal_lowlevel.c ****     }
 224:/home/pacl/Documents/Repository/chipwhisperer/firmware/mcu/hal/chipwhisperer-fw-extra/stm32f4/stm32f4_hal_lowlevel.c ****   }
 225:/home/pacl/Documents/Repository/chipwhisperer/firmware/mcu/hal/chipwhisperer-fw-extra/stm32f4/stm32f4_hal_lowlevel.c ****   /*------------------------------ LSI Configuration -------------------------*/
 226:/home/pacl/Documents/Repository/chipwhisperer/firmware/mcu/hal/chipwhisperer-fw-extra/stm32f4/stm32f4_hal_lowlevel.c ****   if(((RCC_OscInitStruct->OscillatorType) & RCC_OSCILLATORTYPE_LSI) == RCC_OSCILLATORTYPE_LSI)
 227:/home/pacl/Documents/Repository/chipwhisperer/firmware/mcu/hal/chipwhisperer-fw-extra/stm32f4/stm32f4_hal_lowlevel.c ****   {
 228:/home/pacl/Documents/Repository/chipwhisperer/firmware/mcu/hal/chipwhisperer-fw-extra/stm32f4/stm32f4_hal_lowlevel.c ****     /* Check the parameters */
 229:/home/pacl/Documents/Repository/chipwhisperer/firmware/mcu/hal/chipwhisperer-fw-extra/stm32f4/stm32f4_hal_lowlevel.c ****     assert_param(IS_RCC_LSI(RCC_OscInitStruct->LSIState));
 230:/home/pacl/Documents/Repository/chipwhisperer/firmware/mcu/hal/chipwhisperer-fw-extra/stm32f4/stm32f4_hal_lowlevel.c **** 
 231:/home/pacl/Documents/Repository/chipwhisperer/firmware/mcu/hal/chipwhisperer-fw-extra/stm32f4/stm32f4_hal_lowlevel.c ****     /* Check the LSI State */
 232:/home/pacl/Documents/Repository/chipwhisperer/firmware/mcu/hal/chipwhisperer-fw-extra/stm32f4/stm32f4_hal_lowlevel.c ****     if((RCC_OscInitStruct->LSIState)!= RCC_LSI_OFF)
 233:/home/pacl/Documents/Repository/chipwhisperer/firmware/mcu/hal/chipwhisperer-fw-extra/stm32f4/stm32f4_hal_lowlevel.c ****     {
 234:/home/pacl/Documents/Repository/chipwhisperer/firmware/mcu/hal/chipwhisperer-fw-extra/stm32f4/stm32f4_hal_lowlevel.c ****       /* Enable the Internal Low Speed oscillator (LSI). */
 235:/home/pacl/Documents/Repository/chipwhisperer/firmware/mcu/hal/chipwhisperer-fw-extra/stm32f4/stm32f4_hal_lowlevel.c ****       __HAL_RCC_LSI_ENABLE();
 236:/home/pacl/Documents/Repository/chipwhisperer/firmware/mcu/hal/chipwhisperer-fw-extra/stm32f4/stm32f4_hal_lowlevel.c **** 
 237:/home/pacl/Documents/Repository/chipwhisperer/firmware/mcu/hal/chipwhisperer-fw-extra/stm32f4/stm32f4_hal_lowlevel.c ****       /* Get Start Tick*/
 238:/home/pacl/Documents/Repository/chipwhisperer/firmware/mcu/hal/chipwhisperer-fw-extra/stm32f4/stm32f4_hal_lowlevel.c ****       tickstart = HAL_GetTick();
 239:/home/pacl/Documents/Repository/chipwhisperer/firmware/mcu/hal/chipwhisperer-fw-extra/stm32f4/stm32f4_hal_lowlevel.c **** 
 240:/home/pacl/Documents/Repository/chipwhisperer/firmware/mcu/hal/chipwhisperer-fw-extra/stm32f4/stm32f4_hal_lowlevel.c ****       /* Wait till LSI is ready */
 241:/home/pacl/Documents/Repository/chipwhisperer/firmware/mcu/hal/chipwhisperer-fw-extra/stm32f4/stm32f4_hal_lowlevel.c ****       while(__HAL_RCC_GET_FLAG(RCC_FLAG_LSIRDY) == RESET)
 242:/home/pacl/Documents/Repository/chipwhisperer/firmware/mcu/hal/chipwhisperer-fw-extra/stm32f4/stm32f4_hal_lowlevel.c ****       {
 243:/home/pacl/Documents/Repository/chipwhisperer/firmware/mcu/hal/chipwhisperer-fw-extra/stm32f4/stm32f4_hal_lowlevel.c ****         if((HAL_GetTick() - tickstart ) > LSI_TIMEOUT_VALUE)
 244:/home/pacl/Documents/Repository/chipwhisperer/firmware/mcu/hal/chipwhisperer-fw-extra/stm32f4/stm32f4_hal_lowlevel.c ****         {
 245:/home/pacl/Documents/Repository/chipwhisperer/firmware/mcu/hal/chipwhisperer-fw-extra/stm32f4/stm32f4_hal_lowlevel.c ****           return HAL_TIMEOUT;
 246:/home/pacl/Documents/Repository/chipwhisperer/firmware/mcu/hal/chipwhisperer-fw-extra/stm32f4/stm32f4_hal_lowlevel.c ****         }
 247:/home/pacl/Documents/Repository/chipwhisperer/firmware/mcu/hal/chipwhisperer-fw-extra/stm32f4/stm32f4_hal_lowlevel.c ****       }
 248:/home/pacl/Documents/Repository/chipwhisperer/firmware/mcu/hal/chipwhisperer-fw-extra/stm32f4/stm32f4_hal_lowlevel.c ****     }
 249:/home/pacl/Documents/Repository/chipwhisperer/firmware/mcu/hal/chipwhisperer-fw-extra/stm32f4/stm32f4_hal_lowlevel.c ****     else
 250:/home/pacl/Documents/Repository/chipwhisperer/firmware/mcu/hal/chipwhisperer-fw-extra/stm32f4/stm32f4_hal_lowlevel.c ****     {
 251:/home/pacl/Documents/Repository/chipwhisperer/firmware/mcu/hal/chipwhisperer-fw-extra/stm32f4/stm32f4_hal_lowlevel.c ****       /* Disable the Internal Low Speed oscillator (LSI). */
 252:/home/pacl/Documents/Repository/chipwhisperer/firmware/mcu/hal/chipwhisperer-fw-extra/stm32f4/stm32f4_hal_lowlevel.c ****       __HAL_RCC_LSI_DISABLE();
 253:/home/pacl/Documents/Repository/chipwhisperer/firmware/mcu/hal/chipwhisperer-fw-extra/stm32f4/stm32f4_hal_lowlevel.c **** 
 254:/home/pacl/Documents/Repository/chipwhisperer/firmware/mcu/hal/chipwhisperer-fw-extra/stm32f4/stm32f4_hal_lowlevel.c ****       /* Get Start Tick*/
 255:/home/pacl/Documents/Repository/chipwhisperer/firmware/mcu/hal/chipwhisperer-fw-extra/stm32f4/stm32f4_hal_lowlevel.c ****       tickstart = HAL_GetTick();
 256:/home/pacl/Documents/Repository/chipwhisperer/firmware/mcu/hal/chipwhisperer-fw-extra/stm32f4/stm32f4_hal_lowlevel.c **** 
 257:/home/pacl/Documents/Repository/chipwhisperer/firmware/mcu/hal/chipwhisperer-fw-extra/stm32f4/stm32f4_hal_lowlevel.c ****       /* Wait till LSI is ready */
 258:/home/pacl/Documents/Repository/chipwhisperer/firmware/mcu/hal/chipwhisperer-fw-extra/stm32f4/stm32f4_hal_lowlevel.c ****       while(__HAL_RCC_GET_FLAG(RCC_FLAG_LSIRDY) != RESET)
 259:/home/pacl/Documents/Repository/chipwhisperer/firmware/mcu/hal/chipwhisperer-fw-extra/stm32f4/stm32f4_hal_lowlevel.c ****       {
 260:/home/pacl/Documents/Repository/chipwhisperer/firmware/mcu/hal/chipwhisperer-fw-extra/stm32f4/stm32f4_hal_lowlevel.c ****         if((HAL_GetTick() - tickstart ) > LSI_TIMEOUT_VALUE)
 261:/home/pacl/Documents/Repository/chipwhisperer/firmware/mcu/hal/chipwhisperer-fw-extra/stm32f4/stm32f4_hal_lowlevel.c ****         {
 262:/home/pacl/Documents/Repository/chipwhisperer/firmware/mcu/hal/chipwhisperer-fw-extra/stm32f4/stm32f4_hal_lowlevel.c ****           return HAL_TIMEOUT;
 263:/home/pacl/Documents/Repository/chipwhisperer/firmware/mcu/hal/chipwhisperer-fw-extra/stm32f4/stm32f4_hal_lowlevel.c ****         }
 264:/home/pacl/Documents/Repository/chipwhisperer/firmware/mcu/hal/chipwhisperer-fw-extra/stm32f4/stm32f4_hal_lowlevel.c ****       }
 265:/home/pacl/Documents/Repository/chipwhisperer/firmware/mcu/hal/chipwhisperer-fw-extra/stm32f4/stm32f4_hal_lowlevel.c ****     }
 266:/home/pacl/Documents/Repository/chipwhisperer/firmware/mcu/hal/chipwhisperer-fw-extra/stm32f4/stm32f4_hal_lowlevel.c ****   }
 267:/home/pacl/Documents/Repository/chipwhisperer/firmware/mcu/hal/chipwhisperer-fw-extra/stm32f4/stm32f4_hal_lowlevel.c ****   /*------------------------------ LSE Configuration -------------------------*/
 268:/home/pacl/Documents/Repository/chipwhisperer/firmware/mcu/hal/chipwhisperer-fw-extra/stm32f4/stm32f4_hal_lowlevel.c ****   if(((RCC_OscInitStruct->OscillatorType) & RCC_OSCILLATORTYPE_LSE) == RCC_OSCILLATORTYPE_LSE)
 269:/home/pacl/Documents/Repository/chipwhisperer/firmware/mcu/hal/chipwhisperer-fw-extra/stm32f4/stm32f4_hal_lowlevel.c ****   {
 270:/home/pacl/Documents/Repository/chipwhisperer/firmware/mcu/hal/chipwhisperer-fw-extra/stm32f4/stm32f4_hal_lowlevel.c ****     /* Check the parameters */
 271:/home/pacl/Documents/Repository/chipwhisperer/firmware/mcu/hal/chipwhisperer-fw-extra/stm32f4/stm32f4_hal_lowlevel.c ****     assert_param(IS_RCC_LSE(RCC_OscInitStruct->LSEState));
 272:/home/pacl/Documents/Repository/chipwhisperer/firmware/mcu/hal/chipwhisperer-fw-extra/stm32f4/stm32f4_hal_lowlevel.c **** 
 273:/home/pacl/Documents/Repository/chipwhisperer/firmware/mcu/hal/chipwhisperer-fw-extra/stm32f4/stm32f4_hal_lowlevel.c ****     /* Enable Power Clock*/
 274:/home/pacl/Documents/Repository/chipwhisperer/firmware/mcu/hal/chipwhisperer-fw-extra/stm32f4/stm32f4_hal_lowlevel.c ****     __HAL_RCC_PWR_CLK_ENABLE();
 275:/home/pacl/Documents/Repository/chipwhisperer/firmware/mcu/hal/chipwhisperer-fw-extra/stm32f4/stm32f4_hal_lowlevel.c **** 
 276:/home/pacl/Documents/Repository/chipwhisperer/firmware/mcu/hal/chipwhisperer-fw-extra/stm32f4/stm32f4_hal_lowlevel.c ****     /* Enable write access to Backup domain */
 277:/home/pacl/Documents/Repository/chipwhisperer/firmware/mcu/hal/chipwhisperer-fw-extra/stm32f4/stm32f4_hal_lowlevel.c ****     PWR->CR |= PWR_CR_DBP;
 278:/home/pacl/Documents/Repository/chipwhisperer/firmware/mcu/hal/chipwhisperer-fw-extra/stm32f4/stm32f4_hal_lowlevel.c **** 
 279:/home/pacl/Documents/Repository/chipwhisperer/firmware/mcu/hal/chipwhisperer-fw-extra/stm32f4/stm32f4_hal_lowlevel.c ****     /* Wait for Backup domain Write protection enable */
 280:/home/pacl/Documents/Repository/chipwhisperer/firmware/mcu/hal/chipwhisperer-fw-extra/stm32f4/stm32f4_hal_lowlevel.c ****     tickstart = HAL_GetTick();
 281:/home/pacl/Documents/Repository/chipwhisperer/firmware/mcu/hal/chipwhisperer-fw-extra/stm32f4/stm32f4_hal_lowlevel.c **** 
 282:/home/pacl/Documents/Repository/chipwhisperer/firmware/mcu/hal/chipwhisperer-fw-extra/stm32f4/stm32f4_hal_lowlevel.c ****     while((PWR->CR & PWR_CR_DBP) == RESET)
 283:/home/pacl/Documents/Repository/chipwhisperer/firmware/mcu/hal/chipwhisperer-fw-extra/stm32f4/stm32f4_hal_lowlevel.c ****     {
 284:/home/pacl/Documents/Repository/chipwhisperer/firmware/mcu/hal/chipwhisperer-fw-extra/stm32f4/stm32f4_hal_lowlevel.c ****       if((HAL_GetTick() - tickstart ) > RCC_DBP_TIMEOUT_VALUE)
 285:/home/pacl/Documents/Repository/chipwhisperer/firmware/mcu/hal/chipwhisperer-fw-extra/stm32f4/stm32f4_hal_lowlevel.c ****       {
 286:/home/pacl/Documents/Repository/chipwhisperer/firmware/mcu/hal/chipwhisperer-fw-extra/stm32f4/stm32f4_hal_lowlevel.c ****         return HAL_TIMEOUT;
 287:/home/pacl/Documents/Repository/chipwhisperer/firmware/mcu/hal/chipwhisperer-fw-extra/stm32f4/stm32f4_hal_lowlevel.c ****       }
 288:/home/pacl/Documents/Repository/chipwhisperer/firmware/mcu/hal/chipwhisperer-fw-extra/stm32f4/stm32f4_hal_lowlevel.c ****     }
 289:/home/pacl/Documents/Repository/chipwhisperer/firmware/mcu/hal/chipwhisperer-fw-extra/stm32f4/stm32f4_hal_lowlevel.c **** 
 290:/home/pacl/Documents/Repository/chipwhisperer/firmware/mcu/hal/chipwhisperer-fw-extra/stm32f4/stm32f4_hal_lowlevel.c ****     /* Set the new LSE configuration -----------------------------------------*/
 291:/home/pacl/Documents/Repository/chipwhisperer/firmware/mcu/hal/chipwhisperer-fw-extra/stm32f4/stm32f4_hal_lowlevel.c ****     __HAL_RCC_LSE_CONFIG(RCC_OscInitStruct->LSEState);
 292:/home/pacl/Documents/Repository/chipwhisperer/firmware/mcu/hal/chipwhisperer-fw-extra/stm32f4/stm32f4_hal_lowlevel.c ****     /* Check the LSE State */
 293:/home/pacl/Documents/Repository/chipwhisperer/firmware/mcu/hal/chipwhisperer-fw-extra/stm32f4/stm32f4_hal_lowlevel.c ****     if((RCC_OscInitStruct->LSEState) != RCC_LSE_OFF)
 294:/home/pacl/Documents/Repository/chipwhisperer/firmware/mcu/hal/chipwhisperer-fw-extra/stm32f4/stm32f4_hal_lowlevel.c ****     {
 295:/home/pacl/Documents/Repository/chipwhisperer/firmware/mcu/hal/chipwhisperer-fw-extra/stm32f4/stm32f4_hal_lowlevel.c ****       /* Get Start Tick*/
 296:/home/pacl/Documents/Repository/chipwhisperer/firmware/mcu/hal/chipwhisperer-fw-extra/stm32f4/stm32f4_hal_lowlevel.c ****       tickstart = HAL_GetTick();
 297:/home/pacl/Documents/Repository/chipwhisperer/firmware/mcu/hal/chipwhisperer-fw-extra/stm32f4/stm32f4_hal_lowlevel.c **** 
 298:/home/pacl/Documents/Repository/chipwhisperer/firmware/mcu/hal/chipwhisperer-fw-extra/stm32f4/stm32f4_hal_lowlevel.c ****       /* Wait till LSE is ready */
 299:/home/pacl/Documents/Repository/chipwhisperer/firmware/mcu/hal/chipwhisperer-fw-extra/stm32f4/stm32f4_hal_lowlevel.c ****       while(__HAL_RCC_GET_FLAG(RCC_FLAG_LSERDY) == RESET)
 300:/home/pacl/Documents/Repository/chipwhisperer/firmware/mcu/hal/chipwhisperer-fw-extra/stm32f4/stm32f4_hal_lowlevel.c ****       {
 301:/home/pacl/Documents/Repository/chipwhisperer/firmware/mcu/hal/chipwhisperer-fw-extra/stm32f4/stm32f4_hal_lowlevel.c ****         if((HAL_GetTick() - tickstart ) > RCC_LSE_TIMEOUT_VALUE)
 302:/home/pacl/Documents/Repository/chipwhisperer/firmware/mcu/hal/chipwhisperer-fw-extra/stm32f4/stm32f4_hal_lowlevel.c ****         {
 303:/home/pacl/Documents/Repository/chipwhisperer/firmware/mcu/hal/chipwhisperer-fw-extra/stm32f4/stm32f4_hal_lowlevel.c ****           return HAL_TIMEOUT;
 304:/home/pacl/Documents/Repository/chipwhisperer/firmware/mcu/hal/chipwhisperer-fw-extra/stm32f4/stm32f4_hal_lowlevel.c ****         }
 305:/home/pacl/Documents/Repository/chipwhisperer/firmware/mcu/hal/chipwhisperer-fw-extra/stm32f4/stm32f4_hal_lowlevel.c ****       }
 306:/home/pacl/Documents/Repository/chipwhisperer/firmware/mcu/hal/chipwhisperer-fw-extra/stm32f4/stm32f4_hal_lowlevel.c ****     }
 307:/home/pacl/Documents/Repository/chipwhisperer/firmware/mcu/hal/chipwhisperer-fw-extra/stm32f4/stm32f4_hal_lowlevel.c ****     else
 308:/home/pacl/Documents/Repository/chipwhisperer/firmware/mcu/hal/chipwhisperer-fw-extra/stm32f4/stm32f4_hal_lowlevel.c ****     {
 309:/home/pacl/Documents/Repository/chipwhisperer/firmware/mcu/hal/chipwhisperer-fw-extra/stm32f4/stm32f4_hal_lowlevel.c ****       /* Get Start Tick*/
 310:/home/pacl/Documents/Repository/chipwhisperer/firmware/mcu/hal/chipwhisperer-fw-extra/stm32f4/stm32f4_hal_lowlevel.c ****       tickstart = HAL_GetTick();
 311:/home/pacl/Documents/Repository/chipwhisperer/firmware/mcu/hal/chipwhisperer-fw-extra/stm32f4/stm32f4_hal_lowlevel.c **** 
 312:/home/pacl/Documents/Repository/chipwhisperer/firmware/mcu/hal/chipwhisperer-fw-extra/stm32f4/stm32f4_hal_lowlevel.c ****       /* Wait till LSE is ready */
 313:/home/pacl/Documents/Repository/chipwhisperer/firmware/mcu/hal/chipwhisperer-fw-extra/stm32f4/stm32f4_hal_lowlevel.c ****       while(__HAL_RCC_GET_FLAG(RCC_FLAG_LSERDY) != RESET)
 314:/home/pacl/Documents/Repository/chipwhisperer/firmware/mcu/hal/chipwhisperer-fw-extra/stm32f4/stm32f4_hal_lowlevel.c ****       {
 315:/home/pacl/Documents/Repository/chipwhisperer/firmware/mcu/hal/chipwhisperer-fw-extra/stm32f4/stm32f4_hal_lowlevel.c ****         if((HAL_GetTick() - tickstart ) > RCC_LSE_TIMEOUT_VALUE)
 316:/home/pacl/Documents/Repository/chipwhisperer/firmware/mcu/hal/chipwhisperer-fw-extra/stm32f4/stm32f4_hal_lowlevel.c ****         {
 317:/home/pacl/Documents/Repository/chipwhisperer/firmware/mcu/hal/chipwhisperer-fw-extra/stm32f4/stm32f4_hal_lowlevel.c ****           return HAL_TIMEOUT;
 318:/home/pacl/Documents/Repository/chipwhisperer/firmware/mcu/hal/chipwhisperer-fw-extra/stm32f4/stm32f4_hal_lowlevel.c ****         }
 319:/home/pacl/Documents/Repository/chipwhisperer/firmware/mcu/hal/chipwhisperer-fw-extra/stm32f4/stm32f4_hal_lowlevel.c ****       }
 320:/home/pacl/Documents/Repository/chipwhisperer/firmware/mcu/hal/chipwhisperer-fw-extra/stm32f4/stm32f4_hal_lowlevel.c ****     }
 321:/home/pacl/Documents/Repository/chipwhisperer/firmware/mcu/hal/chipwhisperer-fw-extra/stm32f4/stm32f4_hal_lowlevel.c ****   }
 322:/home/pacl/Documents/Repository/chipwhisperer/firmware/mcu/hal/chipwhisperer-fw-extra/stm32f4/stm32f4_hal_lowlevel.c ****   /*-------------------------------- PLL Configuration -----------------------*/
 323:/home/pacl/Documents/Repository/chipwhisperer/firmware/mcu/hal/chipwhisperer-fw-extra/stm32f4/stm32f4_hal_lowlevel.c ****   /* Check the parameters */
 324:/home/pacl/Documents/Repository/chipwhisperer/firmware/mcu/hal/chipwhisperer-fw-extra/stm32f4/stm32f4_hal_lowlevel.c ****   assert_param(IS_RCC_PLL(RCC_OscInitStruct->PLL.PLLState));
 325:/home/pacl/Documents/Repository/chipwhisperer/firmware/mcu/hal/chipwhisperer-fw-extra/stm32f4/stm32f4_hal_lowlevel.c ****   if ((RCC_OscInitStruct->PLL.PLLState) != RCC_PLL_NONE)
 326:/home/pacl/Documents/Repository/chipwhisperer/firmware/mcu/hal/chipwhisperer-fw-extra/stm32f4/stm32f4_hal_lowlevel.c ****   {
 327:/home/pacl/Documents/Repository/chipwhisperer/firmware/mcu/hal/chipwhisperer-fw-extra/stm32f4/stm32f4_hal_lowlevel.c ****     /* Check if the PLL is used as system clock or not */
 328:/home/pacl/Documents/Repository/chipwhisperer/firmware/mcu/hal/chipwhisperer-fw-extra/stm32f4/stm32f4_hal_lowlevel.c ****     if(__HAL_RCC_GET_SYSCLK_SOURCE() != RCC_CFGR_SWS_PLL)
 329:/home/pacl/Documents/Repository/chipwhisperer/firmware/mcu/hal/chipwhisperer-fw-extra/stm32f4/stm32f4_hal_lowlevel.c ****     {
 330:/home/pacl/Documents/Repository/chipwhisperer/firmware/mcu/hal/chipwhisperer-fw-extra/stm32f4/stm32f4_hal_lowlevel.c ****       if((RCC_OscInitStruct->PLL.PLLState) == RCC_PLL_ON)
 331:/home/pacl/Documents/Repository/chipwhisperer/firmware/mcu/hal/chipwhisperer-fw-extra/stm32f4/stm32f4_hal_lowlevel.c ****       {
 332:/home/pacl/Documents/Repository/chipwhisperer/firmware/mcu/hal/chipwhisperer-fw-extra/stm32f4/stm32f4_hal_lowlevel.c ****         /* Check the parameters */
 333:/home/pacl/Documents/Repository/chipwhisperer/firmware/mcu/hal/chipwhisperer-fw-extra/stm32f4/stm32f4_hal_lowlevel.c ****         assert_param(IS_RCC_PLLSOURCE(RCC_OscInitStruct->PLL.PLLSource));
 334:/home/pacl/Documents/Repository/chipwhisperer/firmware/mcu/hal/chipwhisperer-fw-extra/stm32f4/stm32f4_hal_lowlevel.c ****         assert_param(IS_RCC_PLLM_VALUE(RCC_OscInitStruct->PLL.PLLM));
 335:/home/pacl/Documents/Repository/chipwhisperer/firmware/mcu/hal/chipwhisperer-fw-extra/stm32f4/stm32f4_hal_lowlevel.c ****         assert_param(IS_RCC_PLLN_VALUE(RCC_OscInitStruct->PLL.PLLN));
 336:/home/pacl/Documents/Repository/chipwhisperer/firmware/mcu/hal/chipwhisperer-fw-extra/stm32f4/stm32f4_hal_lowlevel.c ****         assert_param(IS_RCC_PLLP_VALUE(RCC_OscInitStruct->PLL.PLLP));
 337:/home/pacl/Documents/Repository/chipwhisperer/firmware/mcu/hal/chipwhisperer-fw-extra/stm32f4/stm32f4_hal_lowlevel.c ****         assert_param(IS_RCC_PLLQ_VALUE(RCC_OscInitStruct->PLL.PLLQ));
 338:/home/pacl/Documents/Repository/chipwhisperer/firmware/mcu/hal/chipwhisperer-fw-extra/stm32f4/stm32f4_hal_lowlevel.c **** 
 339:/home/pacl/Documents/Repository/chipwhisperer/firmware/mcu/hal/chipwhisperer-fw-extra/stm32f4/stm32f4_hal_lowlevel.c ****         /* Disable the main PLL. */
 340:/home/pacl/Documents/Repository/chipwhisperer/firmware/mcu/hal/chipwhisperer-fw-extra/stm32f4/stm32f4_hal_lowlevel.c ****         __HAL_RCC_PLL_DISABLE();
 341:/home/pacl/Documents/Repository/chipwhisperer/firmware/mcu/hal/chipwhisperer-fw-extra/stm32f4/stm32f4_hal_lowlevel.c **** 
 342:/home/pacl/Documents/Repository/chipwhisperer/firmware/mcu/hal/chipwhisperer-fw-extra/stm32f4/stm32f4_hal_lowlevel.c ****         /* Get Start Tick*/
 343:/home/pacl/Documents/Repository/chipwhisperer/firmware/mcu/hal/chipwhisperer-fw-extra/stm32f4/stm32f4_hal_lowlevel.c ****         tickstart = HAL_GetTick();
 344:/home/pacl/Documents/Repository/chipwhisperer/firmware/mcu/hal/chipwhisperer-fw-extra/stm32f4/stm32f4_hal_lowlevel.c **** 
 345:/home/pacl/Documents/Repository/chipwhisperer/firmware/mcu/hal/chipwhisperer-fw-extra/stm32f4/stm32f4_hal_lowlevel.c ****         /* Wait till PLL is ready */
 346:/home/pacl/Documents/Repository/chipwhisperer/firmware/mcu/hal/chipwhisperer-fw-extra/stm32f4/stm32f4_hal_lowlevel.c ****         while(__HAL_RCC_GET_FLAG(RCC_FLAG_PLLRDY) != RESET)
 347:/home/pacl/Documents/Repository/chipwhisperer/firmware/mcu/hal/chipwhisperer-fw-extra/stm32f4/stm32f4_hal_lowlevel.c ****         {
 348:/home/pacl/Documents/Repository/chipwhisperer/firmware/mcu/hal/chipwhisperer-fw-extra/stm32f4/stm32f4_hal_lowlevel.c ****           if((HAL_GetTick() - tickstart ) > PLL_TIMEOUT_VALUE)
 349:/home/pacl/Documents/Repository/chipwhisperer/firmware/mcu/hal/chipwhisperer-fw-extra/stm32f4/stm32f4_hal_lowlevel.c ****           {
 350:/home/pacl/Documents/Repository/chipwhisperer/firmware/mcu/hal/chipwhisperer-fw-extra/stm32f4/stm32f4_hal_lowlevel.c ****             return HAL_TIMEOUT;
 351:/home/pacl/Documents/Repository/chipwhisperer/firmware/mcu/hal/chipwhisperer-fw-extra/stm32f4/stm32f4_hal_lowlevel.c ****           }
 352:/home/pacl/Documents/Repository/chipwhisperer/firmware/mcu/hal/chipwhisperer-fw-extra/stm32f4/stm32f4_hal_lowlevel.c ****         }
 353:/home/pacl/Documents/Repository/chipwhisperer/firmware/mcu/hal/chipwhisperer-fw-extra/stm32f4/stm32f4_hal_lowlevel.c **** 
 354:/home/pacl/Documents/Repository/chipwhisperer/firmware/mcu/hal/chipwhisperer-fw-extra/stm32f4/stm32f4_hal_lowlevel.c ****         /* Configure the main PLL clock source, multiplication and division factors. */
 355:/home/pacl/Documents/Repository/chipwhisperer/firmware/mcu/hal/chipwhisperer-fw-extra/stm32f4/stm32f4_hal_lowlevel.c ****         WRITE_REG(RCC->PLLCFGR, (RCC_OscInitStruct->PLL.PLLSource                                  
 356:/home/pacl/Documents/Repository/chipwhisperer/firmware/mcu/hal/chipwhisperer-fw-extra/stm32f4/stm32f4_hal_lowlevel.c ****                                  RCC_OscInitStruct->PLL.PLLM                                       
 357:/home/pacl/Documents/Repository/chipwhisperer/firmware/mcu/hal/chipwhisperer-fw-extra/stm32f4/stm32f4_hal_lowlevel.c ****                                  (RCC_OscInitStruct->PLL.PLLN << POSITION_VAL(RCC_PLLCFGR_PLLN))   
 358:/home/pacl/Documents/Repository/chipwhisperer/firmware/mcu/hal/chipwhisperer-fw-extra/stm32f4/stm32f4_hal_lowlevel.c ****                                  (((RCC_OscInitStruct->PLL.PLLP >> 1U) - 1U) << POSITION_VAL(RCC_PL
 359:/home/pacl/Documents/Repository/chipwhisperer/firmware/mcu/hal/chipwhisperer-fw-extra/stm32f4/stm32f4_hal_lowlevel.c ****                                  (RCC_OscInitStruct->PLL.PLLQ << POSITION_VAL(RCC_PLLCFGR_PLLQ))));
 360:/home/pacl/Documents/Repository/chipwhisperer/firmware/mcu/hal/chipwhisperer-fw-extra/stm32f4/stm32f4_hal_lowlevel.c ****         /* Enable the main PLL. */
 361:/home/pacl/Documents/Repository/chipwhisperer/firmware/mcu/hal/chipwhisperer-fw-extra/stm32f4/stm32f4_hal_lowlevel.c ****         __HAL_RCC_PLL_ENABLE();
 362:/home/pacl/Documents/Repository/chipwhisperer/firmware/mcu/hal/chipwhisperer-fw-extra/stm32f4/stm32f4_hal_lowlevel.c **** 
 363:/home/pacl/Documents/Repository/chipwhisperer/firmware/mcu/hal/chipwhisperer-fw-extra/stm32f4/stm32f4_hal_lowlevel.c ****         /* Get Start Tick*/
 364:/home/pacl/Documents/Repository/chipwhisperer/firmware/mcu/hal/chipwhisperer-fw-extra/stm32f4/stm32f4_hal_lowlevel.c ****         tickstart = HAL_GetTick();
 365:/home/pacl/Documents/Repository/chipwhisperer/firmware/mcu/hal/chipwhisperer-fw-extra/stm32f4/stm32f4_hal_lowlevel.c **** 
 366:/home/pacl/Documents/Repository/chipwhisperer/firmware/mcu/hal/chipwhisperer-fw-extra/stm32f4/stm32f4_hal_lowlevel.c ****         /* Wait till PLL is ready */
 367:/home/pacl/Documents/Repository/chipwhisperer/firmware/mcu/hal/chipwhisperer-fw-extra/stm32f4/stm32f4_hal_lowlevel.c ****         while(__HAL_RCC_GET_FLAG(RCC_FLAG_PLLRDY) == RESET)
 368:/home/pacl/Documents/Repository/chipwhisperer/firmware/mcu/hal/chipwhisperer-fw-extra/stm32f4/stm32f4_hal_lowlevel.c ****         {
 369:/home/pacl/Documents/Repository/chipwhisperer/firmware/mcu/hal/chipwhisperer-fw-extra/stm32f4/stm32f4_hal_lowlevel.c ****           if((HAL_GetTick() - tickstart ) > PLL_TIMEOUT_VALUE)
 370:/home/pacl/Documents/Repository/chipwhisperer/firmware/mcu/hal/chipwhisperer-fw-extra/stm32f4/stm32f4_hal_lowlevel.c ****           {
 371:/home/pacl/Documents/Repository/chipwhisperer/firmware/mcu/hal/chipwhisperer-fw-extra/stm32f4/stm32f4_hal_lowlevel.c ****             return HAL_TIMEOUT;
 372:/home/pacl/Documents/Repository/chipwhisperer/firmware/mcu/hal/chipwhisperer-fw-extra/stm32f4/stm32f4_hal_lowlevel.c ****           }
 373:/home/pacl/Documents/Repository/chipwhisperer/firmware/mcu/hal/chipwhisperer-fw-extra/stm32f4/stm32f4_hal_lowlevel.c ****         }
 374:/home/pacl/Documents/Repository/chipwhisperer/firmware/mcu/hal/chipwhisperer-fw-extra/stm32f4/stm32f4_hal_lowlevel.c ****       }
 375:/home/pacl/Documents/Repository/chipwhisperer/firmware/mcu/hal/chipwhisperer-fw-extra/stm32f4/stm32f4_hal_lowlevel.c ****       else
 376:/home/pacl/Documents/Repository/chipwhisperer/firmware/mcu/hal/chipwhisperer-fw-extra/stm32f4/stm32f4_hal_lowlevel.c ****       {
 377:/home/pacl/Documents/Repository/chipwhisperer/firmware/mcu/hal/chipwhisperer-fw-extra/stm32f4/stm32f4_hal_lowlevel.c ****         /* Disable the main PLL. */
 378:/home/pacl/Documents/Repository/chipwhisperer/firmware/mcu/hal/chipwhisperer-fw-extra/stm32f4/stm32f4_hal_lowlevel.c ****         __HAL_RCC_PLL_DISABLE();
 379:/home/pacl/Documents/Repository/chipwhisperer/firmware/mcu/hal/chipwhisperer-fw-extra/stm32f4/stm32f4_hal_lowlevel.c **** 
 380:/home/pacl/Documents/Repository/chipwhisperer/firmware/mcu/hal/chipwhisperer-fw-extra/stm32f4/stm32f4_hal_lowlevel.c ****         /* Get Start Tick*/
 381:/home/pacl/Documents/Repository/chipwhisperer/firmware/mcu/hal/chipwhisperer-fw-extra/stm32f4/stm32f4_hal_lowlevel.c ****         tickstart = HAL_GetTick();
 382:/home/pacl/Documents/Repository/chipwhisperer/firmware/mcu/hal/chipwhisperer-fw-extra/stm32f4/stm32f4_hal_lowlevel.c **** 
 383:/home/pacl/Documents/Repository/chipwhisperer/firmware/mcu/hal/chipwhisperer-fw-extra/stm32f4/stm32f4_hal_lowlevel.c ****         /* Wait till PLL is ready */
 384:/home/pacl/Documents/Repository/chipwhisperer/firmware/mcu/hal/chipwhisperer-fw-extra/stm32f4/stm32f4_hal_lowlevel.c ****         while(__HAL_RCC_GET_FLAG(RCC_FLAG_PLLRDY) != RESET)
 385:/home/pacl/Documents/Repository/chipwhisperer/firmware/mcu/hal/chipwhisperer-fw-extra/stm32f4/stm32f4_hal_lowlevel.c ****         {
 386:/home/pacl/Documents/Repository/chipwhisperer/firmware/mcu/hal/chipwhisperer-fw-extra/stm32f4/stm32f4_hal_lowlevel.c ****           if((HAL_GetTick() - tickstart ) > PLL_TIMEOUT_VALUE)
 387:/home/pacl/Documents/Repository/chipwhisperer/firmware/mcu/hal/chipwhisperer-fw-extra/stm32f4/stm32f4_hal_lowlevel.c ****           {
 388:/home/pacl/Documents/Repository/chipwhisperer/firmware/mcu/hal/chipwhisperer-fw-extra/stm32f4/stm32f4_hal_lowlevel.c ****             return HAL_TIMEOUT;
 389:/home/pacl/Documents/Repository/chipwhisperer/firmware/mcu/hal/chipwhisperer-fw-extra/stm32f4/stm32f4_hal_lowlevel.c ****           }
 390:/home/pacl/Documents/Repository/chipwhisperer/firmware/mcu/hal/chipwhisperer-fw-extra/stm32f4/stm32f4_hal_lowlevel.c ****         }
 391:/home/pacl/Documents/Repository/chipwhisperer/firmware/mcu/hal/chipwhisperer-fw-extra/stm32f4/stm32f4_hal_lowlevel.c ****       }
 392:/home/pacl/Documents/Repository/chipwhisperer/firmware/mcu/hal/chipwhisperer-fw-extra/stm32f4/stm32f4_hal_lowlevel.c ****     }
 393:/home/pacl/Documents/Repository/chipwhisperer/firmware/mcu/hal/chipwhisperer-fw-extra/stm32f4/stm32f4_hal_lowlevel.c ****     else
 394:/home/pacl/Documents/Repository/chipwhisperer/firmware/mcu/hal/chipwhisperer-fw-extra/stm32f4/stm32f4_hal_lowlevel.c ****     {
 395:/home/pacl/Documents/Repository/chipwhisperer/firmware/mcu/hal/chipwhisperer-fw-extra/stm32f4/stm32f4_hal_lowlevel.c ****       return HAL_ERROR;
 396:/home/pacl/Documents/Repository/chipwhisperer/firmware/mcu/hal/chipwhisperer-fw-extra/stm32f4/stm32f4_hal_lowlevel.c ****     }
 397:/home/pacl/Documents/Repository/chipwhisperer/firmware/mcu/hal/chipwhisperer-fw-extra/stm32f4/stm32f4_hal_lowlevel.c ****   }
 398:/home/pacl/Documents/Repository/chipwhisperer/firmware/mcu/hal/chipwhisperer-fw-extra/stm32f4/stm32f4_hal_lowlevel.c ****   return HAL_OK;
 399:/home/pacl/Documents/Repository/chipwhisperer/firmware/mcu/hal/chipwhisperer-fw-extra/stm32f4/stm32f4_hal_lowlevel.c **** }
 400:/home/pacl/Documents/Repository/chipwhisperer/firmware/mcu/hal/chipwhisperer-fw-extra/stm32f4/stm32f4_hal_lowlevel.c **** 
 401:/home/pacl/Documents/Repository/chipwhisperer/firmware/mcu/hal/chipwhisperer-fw-extra/stm32f4/stm32f4_hal_lowlevel.c **** /**
 402:/home/pacl/Documents/Repository/chipwhisperer/firmware/mcu/hal/chipwhisperer-fw-extra/stm32f4/stm32f4_hal_lowlevel.c ****   * @brief  Initializes the CPU, AHB and APB busses clocks according to the specified
 403:/home/pacl/Documents/Repository/chipwhisperer/firmware/mcu/hal/chipwhisperer-fw-extra/stm32f4/stm32f4_hal_lowlevel.c ****   *         parameters in the RCC_ClkInitStruct.
 404:/home/pacl/Documents/Repository/chipwhisperer/firmware/mcu/hal/chipwhisperer-fw-extra/stm32f4/stm32f4_hal_lowlevel.c ****   * @param  RCC_ClkInitStruct: pointer to an RCC_OscInitTypeDef structure that
 405:/home/pacl/Documents/Repository/chipwhisperer/firmware/mcu/hal/chipwhisperer-fw-extra/stm32f4/stm32f4_hal_lowlevel.c ****   *         contains the configuration information for the RCC peripheral.
 406:/home/pacl/Documents/Repository/chipwhisperer/firmware/mcu/hal/chipwhisperer-fw-extra/stm32f4/stm32f4_hal_lowlevel.c ****   * @param  FLatency: FLASH Latency, this parameter depend on device selected
 407:/home/pacl/Documents/Repository/chipwhisperer/firmware/mcu/hal/chipwhisperer-fw-extra/stm32f4/stm32f4_hal_lowlevel.c ****   *
 408:/home/pacl/Documents/Repository/chipwhisperer/firmware/mcu/hal/chipwhisperer-fw-extra/stm32f4/stm32f4_hal_lowlevel.c ****   * @note   The SystemCoreClock CMSIS variable is used to store System Clock Frequency
 409:/home/pacl/Documents/Repository/chipwhisperer/firmware/mcu/hal/chipwhisperer-fw-extra/stm32f4/stm32f4_hal_lowlevel.c ****   *         and updated by HAL_RCC_GetHCLKFreq() function called within this function
 410:/home/pacl/Documents/Repository/chipwhisperer/firmware/mcu/hal/chipwhisperer-fw-extra/stm32f4/stm32f4_hal_lowlevel.c ****   *
 411:/home/pacl/Documents/Repository/chipwhisperer/firmware/mcu/hal/chipwhisperer-fw-extra/stm32f4/stm32f4_hal_lowlevel.c ****   * @note   The HSI is used (enabled by hardware) as system clock source after
 412:/home/pacl/Documents/Repository/chipwhisperer/firmware/mcu/hal/chipwhisperer-fw-extra/stm32f4/stm32f4_hal_lowlevel.c ****   *         startup from Reset, wake-up from STOP and STANDBY mode, or in case
 413:/home/pacl/Documents/Repository/chipwhisperer/firmware/mcu/hal/chipwhisperer-fw-extra/stm32f4/stm32f4_hal_lowlevel.c ****   *         of failure of the HSE used directly or indirectly as system clock
 414:/home/pacl/Documents/Repository/chipwhisperer/firmware/mcu/hal/chipwhisperer-fw-extra/stm32f4/stm32f4_hal_lowlevel.c ****   *         (if the Clock Security System CSS is enabled).
 415:/home/pacl/Documents/Repository/chipwhisperer/firmware/mcu/hal/chipwhisperer-fw-extra/stm32f4/stm32f4_hal_lowlevel.c ****   *
 416:/home/pacl/Documents/Repository/chipwhisperer/firmware/mcu/hal/chipwhisperer-fw-extra/stm32f4/stm32f4_hal_lowlevel.c ****   * @note   A switch from one clock source to another occurs only if the target
 417:/home/pacl/Documents/Repository/chipwhisperer/firmware/mcu/hal/chipwhisperer-fw-extra/stm32f4/stm32f4_hal_lowlevel.c ****   *         clock source is ready (clock stable after startup delay or PLL locked).
 418:/home/pacl/Documents/Repository/chipwhisperer/firmware/mcu/hal/chipwhisperer-fw-extra/stm32f4/stm32f4_hal_lowlevel.c ****   *         If a clock source which is not yet ready is selected, the switch will
 419:/home/pacl/Documents/Repository/chipwhisperer/firmware/mcu/hal/chipwhisperer-fw-extra/stm32f4/stm32f4_hal_lowlevel.c ****   *         occur when the clock source will be ready.
 420:/home/pacl/Documents/Repository/chipwhisperer/firmware/mcu/hal/chipwhisperer-fw-extra/stm32f4/stm32f4_hal_lowlevel.c ****   *
 421:/home/pacl/Documents/Repository/chipwhisperer/firmware/mcu/hal/chipwhisperer-fw-extra/stm32f4/stm32f4_hal_lowlevel.c ****   * @note   Depending on the device voltage range, the software has to set correctly
 422:/home/pacl/Documents/Repository/chipwhisperer/firmware/mcu/hal/chipwhisperer-fw-extra/stm32f4/stm32f4_hal_lowlevel.c ****   *         HPRE[3:0] bits to ensure that HCLK not exceed the maximum allowed frequency
 423:/home/pacl/Documents/Repository/chipwhisperer/firmware/mcu/hal/chipwhisperer-fw-extra/stm32f4/stm32f4_hal_lowlevel.c ****   *         (for more details refer to section above "Initialization/de-initialization functions")
 424:/home/pacl/Documents/Repository/chipwhisperer/firmware/mcu/hal/chipwhisperer-fw-extra/stm32f4/stm32f4_hal_lowlevel.c ****   * @retval None
 425:/home/pacl/Documents/Repository/chipwhisperer/firmware/mcu/hal/chipwhisperer-fw-extra/stm32f4/stm32f4_hal_lowlevel.c ****   */
 426:/home/pacl/Documents/Repository/chipwhisperer/firmware/mcu/hal/chipwhisperer-fw-extra/stm32f4/stm32f4_hal_lowlevel.c **** HAL_StatusTypeDef HAL_RCC_ClockConfig(RCC_ClkInitTypeDef  *RCC_ClkInitStruct, uint32_t FLatency)
 427:/home/pacl/Documents/Repository/chipwhisperer/firmware/mcu/hal/chipwhisperer-fw-extra/stm32f4/stm32f4_hal_lowlevel.c **** {
 428:/home/pacl/Documents/Repository/chipwhisperer/firmware/mcu/hal/chipwhisperer-fw-extra/stm32f4/stm32f4_hal_lowlevel.c ****   uint32_t tickstart = 0U;
 429:/home/pacl/Documents/Repository/chipwhisperer/firmware/mcu/hal/chipwhisperer-fw-extra/stm32f4/stm32f4_hal_lowlevel.c **** 
 430:/home/pacl/Documents/Repository/chipwhisperer/firmware/mcu/hal/chipwhisperer-fw-extra/stm32f4/stm32f4_hal_lowlevel.c ****   /* Check the parameters */
 431:/home/pacl/Documents/Repository/chipwhisperer/firmware/mcu/hal/chipwhisperer-fw-extra/stm32f4/stm32f4_hal_lowlevel.c ****   assert_param(IS_RCC_CLOCKTYPE(RCC_ClkInitStruct->ClockType));
 432:/home/pacl/Documents/Repository/chipwhisperer/firmware/mcu/hal/chipwhisperer-fw-extra/stm32f4/stm32f4_hal_lowlevel.c ****   assert_param(IS_FLASH_LATENCY(FLatency));
 433:/home/pacl/Documents/Repository/chipwhisperer/firmware/mcu/hal/chipwhisperer-fw-extra/stm32f4/stm32f4_hal_lowlevel.c **** 
 434:/home/pacl/Documents/Repository/chipwhisperer/firmware/mcu/hal/chipwhisperer-fw-extra/stm32f4/stm32f4_hal_lowlevel.c ****   /* To correctly read data from FLASH memory, the number of wait states (LATENCY)
 435:/home/pacl/Documents/Repository/chipwhisperer/firmware/mcu/hal/chipwhisperer-fw-extra/stm32f4/stm32f4_hal_lowlevel.c ****     must be correctly programmed according to the frequency of the CPU clock
 436:/home/pacl/Documents/Repository/chipwhisperer/firmware/mcu/hal/chipwhisperer-fw-extra/stm32f4/stm32f4_hal_lowlevel.c ****     (HCLK) and the supply voltage of the device. */
 437:/home/pacl/Documents/Repository/chipwhisperer/firmware/mcu/hal/chipwhisperer-fw-extra/stm32f4/stm32f4_hal_lowlevel.c **** 
 438:/home/pacl/Documents/Repository/chipwhisperer/firmware/mcu/hal/chipwhisperer-fw-extra/stm32f4/stm32f4_hal_lowlevel.c ****   /* Increasing the number of wait states because of higher CPU frequency */
 439:/home/pacl/Documents/Repository/chipwhisperer/firmware/mcu/hal/chipwhisperer-fw-extra/stm32f4/stm32f4_hal_lowlevel.c ****   if(FLatency > (FLASH->ACR & FLASH_ACR_LATENCY))
 440:/home/pacl/Documents/Repository/chipwhisperer/firmware/mcu/hal/chipwhisperer-fw-extra/stm32f4/stm32f4_hal_lowlevel.c ****   {
 441:/home/pacl/Documents/Repository/chipwhisperer/firmware/mcu/hal/chipwhisperer-fw-extra/stm32f4/stm32f4_hal_lowlevel.c ****     /* Program the new number of wait states to the LATENCY bits in the FLASH_ACR register */
 442:/home/pacl/Documents/Repository/chipwhisperer/firmware/mcu/hal/chipwhisperer-fw-extra/stm32f4/stm32f4_hal_lowlevel.c ****     __HAL_FLASH_SET_LATENCY(FLatency);
 443:/home/pacl/Documents/Repository/chipwhisperer/firmware/mcu/hal/chipwhisperer-fw-extra/stm32f4/stm32f4_hal_lowlevel.c **** 
 444:/home/pacl/Documents/Repository/chipwhisperer/firmware/mcu/hal/chipwhisperer-fw-extra/stm32f4/stm32f4_hal_lowlevel.c ****     /* Check that the new number of wait states is taken into account to access the Flash
 445:/home/pacl/Documents/Repository/chipwhisperer/firmware/mcu/hal/chipwhisperer-fw-extra/stm32f4/stm32f4_hal_lowlevel.c ****     memory by reading the FLASH_ACR register */
 446:/home/pacl/Documents/Repository/chipwhisperer/firmware/mcu/hal/chipwhisperer-fw-extra/stm32f4/stm32f4_hal_lowlevel.c ****     if((FLASH->ACR & FLASH_ACR_LATENCY) != FLatency)
 447:/home/pacl/Documents/Repository/chipwhisperer/firmware/mcu/hal/chipwhisperer-fw-extra/stm32f4/stm32f4_hal_lowlevel.c ****     {
 448:/home/pacl/Documents/Repository/chipwhisperer/firmware/mcu/hal/chipwhisperer-fw-extra/stm32f4/stm32f4_hal_lowlevel.c ****       return HAL_ERROR;
 449:/home/pacl/Documents/Repository/chipwhisperer/firmware/mcu/hal/chipwhisperer-fw-extra/stm32f4/stm32f4_hal_lowlevel.c ****     }
 450:/home/pacl/Documents/Repository/chipwhisperer/firmware/mcu/hal/chipwhisperer-fw-extra/stm32f4/stm32f4_hal_lowlevel.c ****   }
 451:/home/pacl/Documents/Repository/chipwhisperer/firmware/mcu/hal/chipwhisperer-fw-extra/stm32f4/stm32f4_hal_lowlevel.c **** 
 452:/home/pacl/Documents/Repository/chipwhisperer/firmware/mcu/hal/chipwhisperer-fw-extra/stm32f4/stm32f4_hal_lowlevel.c ****   /*-------------------------- HCLK Configuration --------------------------*/
 453:/home/pacl/Documents/Repository/chipwhisperer/firmware/mcu/hal/chipwhisperer-fw-extra/stm32f4/stm32f4_hal_lowlevel.c ****   if(((RCC_ClkInitStruct->ClockType) & RCC_CLOCKTYPE_HCLK) == RCC_CLOCKTYPE_HCLK)
 454:/home/pacl/Documents/Repository/chipwhisperer/firmware/mcu/hal/chipwhisperer-fw-extra/stm32f4/stm32f4_hal_lowlevel.c ****   {
 455:/home/pacl/Documents/Repository/chipwhisperer/firmware/mcu/hal/chipwhisperer-fw-extra/stm32f4/stm32f4_hal_lowlevel.c ****     assert_param(IS_RCC_HCLK(RCC_ClkInitStruct->AHBCLKDivider));
 456:/home/pacl/Documents/Repository/chipwhisperer/firmware/mcu/hal/chipwhisperer-fw-extra/stm32f4/stm32f4_hal_lowlevel.c ****     MODIFY_REG(RCC->CFGR, RCC_CFGR_HPRE, RCC_ClkInitStruct->AHBCLKDivider);
 457:/home/pacl/Documents/Repository/chipwhisperer/firmware/mcu/hal/chipwhisperer-fw-extra/stm32f4/stm32f4_hal_lowlevel.c ****   }
 458:/home/pacl/Documents/Repository/chipwhisperer/firmware/mcu/hal/chipwhisperer-fw-extra/stm32f4/stm32f4_hal_lowlevel.c **** 
 459:/home/pacl/Documents/Repository/chipwhisperer/firmware/mcu/hal/chipwhisperer-fw-extra/stm32f4/stm32f4_hal_lowlevel.c ****   /*------------------------- SYSCLK Configuration ---------------------------*/
 460:/home/pacl/Documents/Repository/chipwhisperer/firmware/mcu/hal/chipwhisperer-fw-extra/stm32f4/stm32f4_hal_lowlevel.c ****   if(((RCC_ClkInitStruct->ClockType) & RCC_CLOCKTYPE_SYSCLK) == RCC_CLOCKTYPE_SYSCLK)
 461:/home/pacl/Documents/Repository/chipwhisperer/firmware/mcu/hal/chipwhisperer-fw-extra/stm32f4/stm32f4_hal_lowlevel.c ****   {
 462:/home/pacl/Documents/Repository/chipwhisperer/firmware/mcu/hal/chipwhisperer-fw-extra/stm32f4/stm32f4_hal_lowlevel.c ****     assert_param(IS_RCC_SYSCLKSOURCE(RCC_ClkInitStruct->SYSCLKSource));
 463:/home/pacl/Documents/Repository/chipwhisperer/firmware/mcu/hal/chipwhisperer-fw-extra/stm32f4/stm32f4_hal_lowlevel.c **** 
 464:/home/pacl/Documents/Repository/chipwhisperer/firmware/mcu/hal/chipwhisperer-fw-extra/stm32f4/stm32f4_hal_lowlevel.c ****     /* HSE is selected as System Clock Source */
 465:/home/pacl/Documents/Repository/chipwhisperer/firmware/mcu/hal/chipwhisperer-fw-extra/stm32f4/stm32f4_hal_lowlevel.c ****     if(RCC_ClkInitStruct->SYSCLKSource == RCC_SYSCLKSOURCE_HSE)
 466:/home/pacl/Documents/Repository/chipwhisperer/firmware/mcu/hal/chipwhisperer-fw-extra/stm32f4/stm32f4_hal_lowlevel.c ****     {
 467:/home/pacl/Documents/Repository/chipwhisperer/firmware/mcu/hal/chipwhisperer-fw-extra/stm32f4/stm32f4_hal_lowlevel.c ****       /* Check the HSE ready flag */
 468:/home/pacl/Documents/Repository/chipwhisperer/firmware/mcu/hal/chipwhisperer-fw-extra/stm32f4/stm32f4_hal_lowlevel.c ****       if(__HAL_RCC_GET_FLAG(RCC_FLAG_HSERDY) == RESET)
 469:/home/pacl/Documents/Repository/chipwhisperer/firmware/mcu/hal/chipwhisperer-fw-extra/stm32f4/stm32f4_hal_lowlevel.c ****       {
 470:/home/pacl/Documents/Repository/chipwhisperer/firmware/mcu/hal/chipwhisperer-fw-extra/stm32f4/stm32f4_hal_lowlevel.c ****         return HAL_ERROR;
 471:/home/pacl/Documents/Repository/chipwhisperer/firmware/mcu/hal/chipwhisperer-fw-extra/stm32f4/stm32f4_hal_lowlevel.c ****       }
 472:/home/pacl/Documents/Repository/chipwhisperer/firmware/mcu/hal/chipwhisperer-fw-extra/stm32f4/stm32f4_hal_lowlevel.c ****     }
 473:/home/pacl/Documents/Repository/chipwhisperer/firmware/mcu/hal/chipwhisperer-fw-extra/stm32f4/stm32f4_hal_lowlevel.c ****     /* PLL is selected as System Clock Source */
 474:/home/pacl/Documents/Repository/chipwhisperer/firmware/mcu/hal/chipwhisperer-fw-extra/stm32f4/stm32f4_hal_lowlevel.c ****     else if((RCC_ClkInitStruct->SYSCLKSource == RCC_SYSCLKSOURCE_PLLCLK)   ||
 475:/home/pacl/Documents/Repository/chipwhisperer/firmware/mcu/hal/chipwhisperer-fw-extra/stm32f4/stm32f4_hal_lowlevel.c ****             (RCC_ClkInitStruct->SYSCLKSource == RCC_SYSCLKSOURCE_PLLRCLK))
 476:/home/pacl/Documents/Repository/chipwhisperer/firmware/mcu/hal/chipwhisperer-fw-extra/stm32f4/stm32f4_hal_lowlevel.c ****     {
 477:/home/pacl/Documents/Repository/chipwhisperer/firmware/mcu/hal/chipwhisperer-fw-extra/stm32f4/stm32f4_hal_lowlevel.c ****       /* Check the PLL ready flag */
 478:/home/pacl/Documents/Repository/chipwhisperer/firmware/mcu/hal/chipwhisperer-fw-extra/stm32f4/stm32f4_hal_lowlevel.c ****       if(__HAL_RCC_GET_FLAG(RCC_FLAG_PLLRDY) == RESET)
 479:/home/pacl/Documents/Repository/chipwhisperer/firmware/mcu/hal/chipwhisperer-fw-extra/stm32f4/stm32f4_hal_lowlevel.c ****       {
 480:/home/pacl/Documents/Repository/chipwhisperer/firmware/mcu/hal/chipwhisperer-fw-extra/stm32f4/stm32f4_hal_lowlevel.c ****         return HAL_ERROR;
 481:/home/pacl/Documents/Repository/chipwhisperer/firmware/mcu/hal/chipwhisperer-fw-extra/stm32f4/stm32f4_hal_lowlevel.c ****       }
 482:/home/pacl/Documents/Repository/chipwhisperer/firmware/mcu/hal/chipwhisperer-fw-extra/stm32f4/stm32f4_hal_lowlevel.c ****     }
 483:/home/pacl/Documents/Repository/chipwhisperer/firmware/mcu/hal/chipwhisperer-fw-extra/stm32f4/stm32f4_hal_lowlevel.c ****     /* HSI is selected as System Clock Source */
 484:/home/pacl/Documents/Repository/chipwhisperer/firmware/mcu/hal/chipwhisperer-fw-extra/stm32f4/stm32f4_hal_lowlevel.c ****     else
 485:/home/pacl/Documents/Repository/chipwhisperer/firmware/mcu/hal/chipwhisperer-fw-extra/stm32f4/stm32f4_hal_lowlevel.c ****     {
 486:/home/pacl/Documents/Repository/chipwhisperer/firmware/mcu/hal/chipwhisperer-fw-extra/stm32f4/stm32f4_hal_lowlevel.c ****       /* Check the HSI ready flag */
 487:/home/pacl/Documents/Repository/chipwhisperer/firmware/mcu/hal/chipwhisperer-fw-extra/stm32f4/stm32f4_hal_lowlevel.c ****       if(__HAL_RCC_GET_FLAG(RCC_FLAG_HSIRDY) == RESET)
 488:/home/pacl/Documents/Repository/chipwhisperer/firmware/mcu/hal/chipwhisperer-fw-extra/stm32f4/stm32f4_hal_lowlevel.c ****       {
 489:/home/pacl/Documents/Repository/chipwhisperer/firmware/mcu/hal/chipwhisperer-fw-extra/stm32f4/stm32f4_hal_lowlevel.c ****         return HAL_ERROR;
 490:/home/pacl/Documents/Repository/chipwhisperer/firmware/mcu/hal/chipwhisperer-fw-extra/stm32f4/stm32f4_hal_lowlevel.c ****       }
 491:/home/pacl/Documents/Repository/chipwhisperer/firmware/mcu/hal/chipwhisperer-fw-extra/stm32f4/stm32f4_hal_lowlevel.c ****     }
 492:/home/pacl/Documents/Repository/chipwhisperer/firmware/mcu/hal/chipwhisperer-fw-extra/stm32f4/stm32f4_hal_lowlevel.c **** 
 493:/home/pacl/Documents/Repository/chipwhisperer/firmware/mcu/hal/chipwhisperer-fw-extra/stm32f4/stm32f4_hal_lowlevel.c ****     __HAL_RCC_SYSCLK_CONFIG(RCC_ClkInitStruct->SYSCLKSource);
 494:/home/pacl/Documents/Repository/chipwhisperer/firmware/mcu/hal/chipwhisperer-fw-extra/stm32f4/stm32f4_hal_lowlevel.c ****     /* Get Start Tick*/
 495:/home/pacl/Documents/Repository/chipwhisperer/firmware/mcu/hal/chipwhisperer-fw-extra/stm32f4/stm32f4_hal_lowlevel.c ****     tickstart = HAL_GetTick();
 496:/home/pacl/Documents/Repository/chipwhisperer/firmware/mcu/hal/chipwhisperer-fw-extra/stm32f4/stm32f4_hal_lowlevel.c **** 
 497:/home/pacl/Documents/Repository/chipwhisperer/firmware/mcu/hal/chipwhisperer-fw-extra/stm32f4/stm32f4_hal_lowlevel.c ****     if(RCC_ClkInitStruct->SYSCLKSource == RCC_SYSCLKSOURCE_HSE)
 498:/home/pacl/Documents/Repository/chipwhisperer/firmware/mcu/hal/chipwhisperer-fw-extra/stm32f4/stm32f4_hal_lowlevel.c ****     {
 499:/home/pacl/Documents/Repository/chipwhisperer/firmware/mcu/hal/chipwhisperer-fw-extra/stm32f4/stm32f4_hal_lowlevel.c ****       while (__HAL_RCC_GET_SYSCLK_SOURCE() != RCC_SYSCLKSOURCE_STATUS_HSE)
 500:/home/pacl/Documents/Repository/chipwhisperer/firmware/mcu/hal/chipwhisperer-fw-extra/stm32f4/stm32f4_hal_lowlevel.c ****       {
 501:/home/pacl/Documents/Repository/chipwhisperer/firmware/mcu/hal/chipwhisperer-fw-extra/stm32f4/stm32f4_hal_lowlevel.c ****         if((HAL_GetTick() - tickstart ) > CLOCKSWITCH_TIMEOUT_VALUE)
 502:/home/pacl/Documents/Repository/chipwhisperer/firmware/mcu/hal/chipwhisperer-fw-extra/stm32f4/stm32f4_hal_lowlevel.c ****         {
 503:/home/pacl/Documents/Repository/chipwhisperer/firmware/mcu/hal/chipwhisperer-fw-extra/stm32f4/stm32f4_hal_lowlevel.c ****           return HAL_TIMEOUT;
 504:/home/pacl/Documents/Repository/chipwhisperer/firmware/mcu/hal/chipwhisperer-fw-extra/stm32f4/stm32f4_hal_lowlevel.c ****         }
 505:/home/pacl/Documents/Repository/chipwhisperer/firmware/mcu/hal/chipwhisperer-fw-extra/stm32f4/stm32f4_hal_lowlevel.c ****       }
 506:/home/pacl/Documents/Repository/chipwhisperer/firmware/mcu/hal/chipwhisperer-fw-extra/stm32f4/stm32f4_hal_lowlevel.c ****     }
 507:/home/pacl/Documents/Repository/chipwhisperer/firmware/mcu/hal/chipwhisperer-fw-extra/stm32f4/stm32f4_hal_lowlevel.c ****     else if(RCC_ClkInitStruct->SYSCLKSource == RCC_SYSCLKSOURCE_PLLCLK)
 508:/home/pacl/Documents/Repository/chipwhisperer/firmware/mcu/hal/chipwhisperer-fw-extra/stm32f4/stm32f4_hal_lowlevel.c ****     {
 509:/home/pacl/Documents/Repository/chipwhisperer/firmware/mcu/hal/chipwhisperer-fw-extra/stm32f4/stm32f4_hal_lowlevel.c ****       while (__HAL_RCC_GET_SYSCLK_SOURCE() != RCC_SYSCLKSOURCE_STATUS_PLLCLK)
 510:/home/pacl/Documents/Repository/chipwhisperer/firmware/mcu/hal/chipwhisperer-fw-extra/stm32f4/stm32f4_hal_lowlevel.c ****       {
 511:/home/pacl/Documents/Repository/chipwhisperer/firmware/mcu/hal/chipwhisperer-fw-extra/stm32f4/stm32f4_hal_lowlevel.c ****         if((HAL_GetTick() - tickstart ) > CLOCKSWITCH_TIMEOUT_VALUE)
 512:/home/pacl/Documents/Repository/chipwhisperer/firmware/mcu/hal/chipwhisperer-fw-extra/stm32f4/stm32f4_hal_lowlevel.c ****         {
 513:/home/pacl/Documents/Repository/chipwhisperer/firmware/mcu/hal/chipwhisperer-fw-extra/stm32f4/stm32f4_hal_lowlevel.c ****           return HAL_TIMEOUT;
 514:/home/pacl/Documents/Repository/chipwhisperer/firmware/mcu/hal/chipwhisperer-fw-extra/stm32f4/stm32f4_hal_lowlevel.c ****         }
 515:/home/pacl/Documents/Repository/chipwhisperer/firmware/mcu/hal/chipwhisperer-fw-extra/stm32f4/stm32f4_hal_lowlevel.c ****       }
 516:/home/pacl/Documents/Repository/chipwhisperer/firmware/mcu/hal/chipwhisperer-fw-extra/stm32f4/stm32f4_hal_lowlevel.c ****     }
 517:/home/pacl/Documents/Repository/chipwhisperer/firmware/mcu/hal/chipwhisperer-fw-extra/stm32f4/stm32f4_hal_lowlevel.c ****     else if(RCC_ClkInitStruct->SYSCLKSource == RCC_SYSCLKSOURCE_PLLRCLK)
 518:/home/pacl/Documents/Repository/chipwhisperer/firmware/mcu/hal/chipwhisperer-fw-extra/stm32f4/stm32f4_hal_lowlevel.c ****     {
 519:/home/pacl/Documents/Repository/chipwhisperer/firmware/mcu/hal/chipwhisperer-fw-extra/stm32f4/stm32f4_hal_lowlevel.c ****       while (__HAL_RCC_GET_SYSCLK_SOURCE() != RCC_SYSCLKSOURCE_STATUS_PLLRCLK)
 520:/home/pacl/Documents/Repository/chipwhisperer/firmware/mcu/hal/chipwhisperer-fw-extra/stm32f4/stm32f4_hal_lowlevel.c ****       {
 521:/home/pacl/Documents/Repository/chipwhisperer/firmware/mcu/hal/chipwhisperer-fw-extra/stm32f4/stm32f4_hal_lowlevel.c ****         if((HAL_GetTick() - tickstart ) > CLOCKSWITCH_TIMEOUT_VALUE)
 522:/home/pacl/Documents/Repository/chipwhisperer/firmware/mcu/hal/chipwhisperer-fw-extra/stm32f4/stm32f4_hal_lowlevel.c ****         {
 523:/home/pacl/Documents/Repository/chipwhisperer/firmware/mcu/hal/chipwhisperer-fw-extra/stm32f4/stm32f4_hal_lowlevel.c ****           return HAL_TIMEOUT;
 524:/home/pacl/Documents/Repository/chipwhisperer/firmware/mcu/hal/chipwhisperer-fw-extra/stm32f4/stm32f4_hal_lowlevel.c ****         }
 525:/home/pacl/Documents/Repository/chipwhisperer/firmware/mcu/hal/chipwhisperer-fw-extra/stm32f4/stm32f4_hal_lowlevel.c ****       }
 526:/home/pacl/Documents/Repository/chipwhisperer/firmware/mcu/hal/chipwhisperer-fw-extra/stm32f4/stm32f4_hal_lowlevel.c ****     }
 527:/home/pacl/Documents/Repository/chipwhisperer/firmware/mcu/hal/chipwhisperer-fw-extra/stm32f4/stm32f4_hal_lowlevel.c ****     else
 528:/home/pacl/Documents/Repository/chipwhisperer/firmware/mcu/hal/chipwhisperer-fw-extra/stm32f4/stm32f4_hal_lowlevel.c ****     {
 529:/home/pacl/Documents/Repository/chipwhisperer/firmware/mcu/hal/chipwhisperer-fw-extra/stm32f4/stm32f4_hal_lowlevel.c ****       while(__HAL_RCC_GET_SYSCLK_SOURCE() != RCC_SYSCLKSOURCE_STATUS_HSI)
 530:/home/pacl/Documents/Repository/chipwhisperer/firmware/mcu/hal/chipwhisperer-fw-extra/stm32f4/stm32f4_hal_lowlevel.c ****       {
 531:/home/pacl/Documents/Repository/chipwhisperer/firmware/mcu/hal/chipwhisperer-fw-extra/stm32f4/stm32f4_hal_lowlevel.c ****         if((HAL_GetTick() - tickstart ) > CLOCKSWITCH_TIMEOUT_VALUE)
 532:/home/pacl/Documents/Repository/chipwhisperer/firmware/mcu/hal/chipwhisperer-fw-extra/stm32f4/stm32f4_hal_lowlevel.c ****         {
 533:/home/pacl/Documents/Repository/chipwhisperer/firmware/mcu/hal/chipwhisperer-fw-extra/stm32f4/stm32f4_hal_lowlevel.c ****           return HAL_TIMEOUT;
 534:/home/pacl/Documents/Repository/chipwhisperer/firmware/mcu/hal/chipwhisperer-fw-extra/stm32f4/stm32f4_hal_lowlevel.c ****         }
 535:/home/pacl/Documents/Repository/chipwhisperer/firmware/mcu/hal/chipwhisperer-fw-extra/stm32f4/stm32f4_hal_lowlevel.c ****       }
 536:/home/pacl/Documents/Repository/chipwhisperer/firmware/mcu/hal/chipwhisperer-fw-extra/stm32f4/stm32f4_hal_lowlevel.c ****     }
 537:/home/pacl/Documents/Repository/chipwhisperer/firmware/mcu/hal/chipwhisperer-fw-extra/stm32f4/stm32f4_hal_lowlevel.c ****   }
 538:/home/pacl/Documents/Repository/chipwhisperer/firmware/mcu/hal/chipwhisperer-fw-extra/stm32f4/stm32f4_hal_lowlevel.c **** 
 539:/home/pacl/Documents/Repository/chipwhisperer/firmware/mcu/hal/chipwhisperer-fw-extra/stm32f4/stm32f4_hal_lowlevel.c ****   /* Decreasing the number of wait states because of lower CPU frequency */
 540:/home/pacl/Documents/Repository/chipwhisperer/firmware/mcu/hal/chipwhisperer-fw-extra/stm32f4/stm32f4_hal_lowlevel.c ****   if(FLatency < (FLASH->ACR & FLASH_ACR_LATENCY))
 541:/home/pacl/Documents/Repository/chipwhisperer/firmware/mcu/hal/chipwhisperer-fw-extra/stm32f4/stm32f4_hal_lowlevel.c ****   {
 542:/home/pacl/Documents/Repository/chipwhisperer/firmware/mcu/hal/chipwhisperer-fw-extra/stm32f4/stm32f4_hal_lowlevel.c ****      /* Program the new number of wait states to the LATENCY bits in the FLASH_ACR register */
 543:/home/pacl/Documents/Repository/chipwhisperer/firmware/mcu/hal/chipwhisperer-fw-extra/stm32f4/stm32f4_hal_lowlevel.c ****     __HAL_FLASH_SET_LATENCY(FLatency);
 544:/home/pacl/Documents/Repository/chipwhisperer/firmware/mcu/hal/chipwhisperer-fw-extra/stm32f4/stm32f4_hal_lowlevel.c **** 
 545:/home/pacl/Documents/Repository/chipwhisperer/firmware/mcu/hal/chipwhisperer-fw-extra/stm32f4/stm32f4_hal_lowlevel.c ****     /* Check that the new number of wait states is taken into account to access the Flash
 546:/home/pacl/Documents/Repository/chipwhisperer/firmware/mcu/hal/chipwhisperer-fw-extra/stm32f4/stm32f4_hal_lowlevel.c ****     memory by reading the FLASH_ACR register */
 547:/home/pacl/Documents/Repository/chipwhisperer/firmware/mcu/hal/chipwhisperer-fw-extra/stm32f4/stm32f4_hal_lowlevel.c ****     if((FLASH->ACR & FLASH_ACR_LATENCY) != FLatency)
 548:/home/pacl/Documents/Repository/chipwhisperer/firmware/mcu/hal/chipwhisperer-fw-extra/stm32f4/stm32f4_hal_lowlevel.c ****     {
 549:/home/pacl/Documents/Repository/chipwhisperer/firmware/mcu/hal/chipwhisperer-fw-extra/stm32f4/stm32f4_hal_lowlevel.c ****       return HAL_ERROR;
 550:/home/pacl/Documents/Repository/chipwhisperer/firmware/mcu/hal/chipwhisperer-fw-extra/stm32f4/stm32f4_hal_lowlevel.c ****     }
 551:/home/pacl/Documents/Repository/chipwhisperer/firmware/mcu/hal/chipwhisperer-fw-extra/stm32f4/stm32f4_hal_lowlevel.c ****  }
 552:/home/pacl/Documents/Repository/chipwhisperer/firmware/mcu/hal/chipwhisperer-fw-extra/stm32f4/stm32f4_hal_lowlevel.c **** 
 553:/home/pacl/Documents/Repository/chipwhisperer/firmware/mcu/hal/chipwhisperer-fw-extra/stm32f4/stm32f4_hal_lowlevel.c ****   /*-------------------------- PCLK1 Configuration ---------------------------*/
 554:/home/pacl/Documents/Repository/chipwhisperer/firmware/mcu/hal/chipwhisperer-fw-extra/stm32f4/stm32f4_hal_lowlevel.c ****   if(((RCC_ClkInitStruct->ClockType) & RCC_CLOCKTYPE_PCLK1) == RCC_CLOCKTYPE_PCLK1)
 555:/home/pacl/Documents/Repository/chipwhisperer/firmware/mcu/hal/chipwhisperer-fw-extra/stm32f4/stm32f4_hal_lowlevel.c ****   {
 556:/home/pacl/Documents/Repository/chipwhisperer/firmware/mcu/hal/chipwhisperer-fw-extra/stm32f4/stm32f4_hal_lowlevel.c ****     assert_param(IS_RCC_PCLK(RCC_ClkInitStruct->APB1CLKDivider));
 557:/home/pacl/Documents/Repository/chipwhisperer/firmware/mcu/hal/chipwhisperer-fw-extra/stm32f4/stm32f4_hal_lowlevel.c ****     MODIFY_REG(RCC->CFGR, RCC_CFGR_PPRE1, RCC_ClkInitStruct->APB1CLKDivider);
 558:/home/pacl/Documents/Repository/chipwhisperer/firmware/mcu/hal/chipwhisperer-fw-extra/stm32f4/stm32f4_hal_lowlevel.c ****   }
 559:/home/pacl/Documents/Repository/chipwhisperer/firmware/mcu/hal/chipwhisperer-fw-extra/stm32f4/stm32f4_hal_lowlevel.c **** 
 560:/home/pacl/Documents/Repository/chipwhisperer/firmware/mcu/hal/chipwhisperer-fw-extra/stm32f4/stm32f4_hal_lowlevel.c ****   /*-------------------------- PCLK2 Configuration ---------------------------*/
 561:/home/pacl/Documents/Repository/chipwhisperer/firmware/mcu/hal/chipwhisperer-fw-extra/stm32f4/stm32f4_hal_lowlevel.c ****   if(((RCC_ClkInitStruct->ClockType) & RCC_CLOCKTYPE_PCLK2) == RCC_CLOCKTYPE_PCLK2)
 562:/home/pacl/Documents/Repository/chipwhisperer/firmware/mcu/hal/chipwhisperer-fw-extra/stm32f4/stm32f4_hal_lowlevel.c ****   {
 563:/home/pacl/Documents/Repository/chipwhisperer/firmware/mcu/hal/chipwhisperer-fw-extra/stm32f4/stm32f4_hal_lowlevel.c ****     assert_param(IS_RCC_PCLK(RCC_ClkInitStruct->APB2CLKDivider));
 564:/home/pacl/Documents/Repository/chipwhisperer/firmware/mcu/hal/chipwhisperer-fw-extra/stm32f4/stm32f4_hal_lowlevel.c ****     MODIFY_REG(RCC->CFGR, RCC_CFGR_PPRE2, ((RCC_ClkInitStruct->APB2CLKDivider) << 3U));
 565:/home/pacl/Documents/Repository/chipwhisperer/firmware/mcu/hal/chipwhisperer-fw-extra/stm32f4/stm32f4_hal_lowlevel.c ****   }
 566:/home/pacl/Documents/Repository/chipwhisperer/firmware/mcu/hal/chipwhisperer-fw-extra/stm32f4/stm32f4_hal_lowlevel.c **** 
 567:/home/pacl/Documents/Repository/chipwhisperer/firmware/mcu/hal/chipwhisperer-fw-extra/stm32f4/stm32f4_hal_lowlevel.c ****   /* Update the SystemCoreClock global variable */
 568:/home/pacl/Documents/Repository/chipwhisperer/firmware/mcu/hal/chipwhisperer-fw-extra/stm32f4/stm32f4_hal_lowlevel.c ****   //SystemCoreClock = HAL_RCC_GetSysClockFreq() >> AHBPrescTable[(RCC->CFGR & RCC_CFGR_HPRE)>> POSI
 569:/home/pacl/Documents/Repository/chipwhisperer/firmware/mcu/hal/chipwhisperer-fw-extra/stm32f4/stm32f4_hal_lowlevel.c **** 
 570:/home/pacl/Documents/Repository/chipwhisperer/firmware/mcu/hal/chipwhisperer-fw-extra/stm32f4/stm32f4_hal_lowlevel.c ****   /* Configure the source of time base considering new system clocks settings*/
 571:/home/pacl/Documents/Repository/chipwhisperer/firmware/mcu/hal/chipwhisperer-fw-extra/stm32f4/stm32f4_hal_lowlevel.c ****   //HAL_InitTick (TICK_INT_PRIORITY);
 572:/home/pacl/Documents/Repository/chipwhisperer/firmware/mcu/hal/chipwhisperer-fw-extra/stm32f4/stm32f4_hal_lowlevel.c **** 
 573:/home/pacl/Documents/Repository/chipwhisperer/firmware/mcu/hal/chipwhisperer-fw-extra/stm32f4/stm32f4_hal_lowlevel.c ****   return HAL_OK;
 574:/home/pacl/Documents/Repository/chipwhisperer/firmware/mcu/hal/chipwhisperer-fw-extra/stm32f4/stm32f4_hal_lowlevel.c **** }
 575:/home/pacl/Documents/Repository/chipwhisperer/firmware/mcu/hal/chipwhisperer-fw-extra/stm32f4/stm32f4_hal_lowlevel.c **** 
 576:/home/pacl/Documents/Repository/chipwhisperer/firmware/mcu/hal/chipwhisperer-fw-extra/stm32f4/stm32f4_hal_lowlevel.c **** /**
 577:/home/pacl/Documents/Repository/chipwhisperer/firmware/mcu/hal/chipwhisperer-fw-extra/stm32f4/stm32f4_hal_lowlevel.c ****   * @brief  Returns the PCLK1 frequency
 578:/home/pacl/Documents/Repository/chipwhisperer/firmware/mcu/hal/chipwhisperer-fw-extra/stm32f4/stm32f4_hal_lowlevel.c ****   * @note   Each time PCLK1 changes, this function must be called to update the
 579:/home/pacl/Documents/Repository/chipwhisperer/firmware/mcu/hal/chipwhisperer-fw-extra/stm32f4/stm32f4_hal_lowlevel.c ****   *         right PCLK1 value. Otherwise, any configuration based on this function will be incorrec
 580:/home/pacl/Documents/Repository/chipwhisperer/firmware/mcu/hal/chipwhisperer-fw-extra/stm32f4/stm32f4_hal_lowlevel.c ****   * @retval PCLK1 frequency
 581:/home/pacl/Documents/Repository/chipwhisperer/firmware/mcu/hal/chipwhisperer-fw-extra/stm32f4/stm32f4_hal_lowlevel.c ****   */
 582:/home/pacl/Documents/Repository/chipwhisperer/firmware/mcu/hal/chipwhisperer-fw-extra/stm32f4/stm32f4_hal_lowlevel.c **** uint32_t HAL_RCC_GetPCLK1Freq(void)
 583:/home/pacl/Documents/Repository/chipwhisperer/firmware/mcu/hal/chipwhisperer-fw-extra/stm32f4/stm32f4_hal_lowlevel.c **** {
 584:/home/pacl/Documents/Repository/chipwhisperer/firmware/mcu/hal/chipwhisperer-fw-extra/stm32f4/stm32f4_hal_lowlevel.c ****   /* Get HCLK source and Compute PCLK1 frequency ---------------------------*/
 585:/home/pacl/Documents/Repository/chipwhisperer/firmware/mcu/hal/chipwhisperer-fw-extra/stm32f4/stm32f4_hal_lowlevel.c ****   //return (HAL_RCC_GetHCLKFreq() >> APBPrescTable[(RCC->CFGR & RCC_CFGR_PPRE1)>> POSITION_VAL(RCC_
 586:/home/pacl/Documents/Repository/chipwhisperer/firmware/mcu/hal/chipwhisperer-fw-extra/stm32f4/stm32f4_hal_lowlevel.c ****   return 7.37E6;
 587:/home/pacl/Documents/Repository/chipwhisperer/firmware/mcu/hal/chipwhisperer-fw-extra/stm32f4/stm32f4_hal_lowlevel.c **** }
 588:/home/pacl/Documents/Repository/chipwhisperer/firmware/mcu/hal/chipwhisperer-fw-extra/stm32f4/stm32f4_hal_lowlevel.c **** 
 589:/home/pacl/Documents/Repository/chipwhisperer/firmware/mcu/hal/chipwhisperer-fw-extra/stm32f4/stm32f4_hal_lowlevel.c **** /**
 590:/home/pacl/Documents/Repository/chipwhisperer/firmware/mcu/hal/chipwhisperer-fw-extra/stm32f4/stm32f4_hal_lowlevel.c ****   * @brief  Returns the PCLK2 frequency
 591:/home/pacl/Documents/Repository/chipwhisperer/firmware/mcu/hal/chipwhisperer-fw-extra/stm32f4/stm32f4_hal_lowlevel.c ****   * @note   Each time PCLK2 changes, this function must be called to update the
 592:/home/pacl/Documents/Repository/chipwhisperer/firmware/mcu/hal/chipwhisperer-fw-extra/stm32f4/stm32f4_hal_lowlevel.c ****   *         right PCLK2 value. Otherwise, any configuration based on this function will be incorrec
 593:/home/pacl/Documents/Repository/chipwhisperer/firmware/mcu/hal/chipwhisperer-fw-extra/stm32f4/stm32f4_hal_lowlevel.c ****   * @retval PCLK2 frequency
 594:/home/pacl/Documents/Repository/chipwhisperer/firmware/mcu/hal/chipwhisperer-fw-extra/stm32f4/stm32f4_hal_lowlevel.c ****   */
 595:/home/pacl/Documents/Repository/chipwhisperer/firmware/mcu/hal/chipwhisperer-fw-extra/stm32f4/stm32f4_hal_lowlevel.c **** uint32_t HAL_RCC_GetPCLK2Freq(void)
 596:/home/pacl/Documents/Repository/chipwhisperer/firmware/mcu/hal/chipwhisperer-fw-extra/stm32f4/stm32f4_hal_lowlevel.c **** {
 597:/home/pacl/Documents/Repository/chipwhisperer/firmware/mcu/hal/chipwhisperer-fw-extra/stm32f4/stm32f4_hal_lowlevel.c ****   /* Get HCLK source and Compute PCLK2 frequency ---------------------------*/
 598:/home/pacl/Documents/Repository/chipwhisperer/firmware/mcu/hal/chipwhisperer-fw-extra/stm32f4/stm32f4_hal_lowlevel.c ****   //return (HAL_RCC_GetHCLKFreq()>> APBPrescTable[(RCC->CFGR & RCC_CFGR_PPRE2)>> POSITION_VAL(RCC_C
 599:/home/pacl/Documents/Repository/chipwhisperer/firmware/mcu/hal/chipwhisperer-fw-extra/stm32f4/stm32f4_hal_lowlevel.c ****   return 7.37E6;
 600:/home/pacl/Documents/Repository/chipwhisperer/firmware/mcu/hal/chipwhisperer-fw-extra/stm32f4/stm32f4_hal_lowlevel.c **** }
 601:/home/pacl/Documents/Repository/chipwhisperer/firmware/mcu/hal/chipwhisperer-fw-extra/stm32f4/stm32f4_hal_lowlevel.c **** 
 602:/home/pacl/Documents/Repository/chipwhisperer/firmware/mcu/hal/chipwhisperer-fw-extra/stm32f4/stm32f4_hal_lowlevel.c **** 
 603:/home/pacl/Documents/Repository/chipwhisperer/firmware/mcu/hal/chipwhisperer-fw-extra/stm32f4/stm32f4_hal_lowlevel.c **** 
 604:/home/pacl/Documents/Repository/chipwhisperer/firmware/mcu/hal/chipwhisperer-fw-extra/stm32f4/stm32f4_hal_lowlevel.c **** #define GPIO_MODE             0x00000003U
 605:/home/pacl/Documents/Repository/chipwhisperer/firmware/mcu/hal/chipwhisperer-fw-extra/stm32f4/stm32f4_hal_lowlevel.c **** #define EXTI_MODE             0x10000000U
 606:/home/pacl/Documents/Repository/chipwhisperer/firmware/mcu/hal/chipwhisperer-fw-extra/stm32f4/stm32f4_hal_lowlevel.c **** #define GPIO_MODE_IT          0x00010000U
 607:/home/pacl/Documents/Repository/chipwhisperer/firmware/mcu/hal/chipwhisperer-fw-extra/stm32f4/stm32f4_hal_lowlevel.c **** #define GPIO_MODE_EVT         0x00020000U
 608:/home/pacl/Documents/Repository/chipwhisperer/firmware/mcu/hal/chipwhisperer-fw-extra/stm32f4/stm32f4_hal_lowlevel.c **** #define RISING_EDGE           0x00100000U
 609:/home/pacl/Documents/Repository/chipwhisperer/firmware/mcu/hal/chipwhisperer-fw-extra/stm32f4/stm32f4_hal_lowlevel.c **** #define FALLING_EDGE          0x00200000U
 610:/home/pacl/Documents/Repository/chipwhisperer/firmware/mcu/hal/chipwhisperer-fw-extra/stm32f4/stm32f4_hal_lowlevel.c **** #define GPIO_OUTPUT_TYPE      0x00000010U
 611:/home/pacl/Documents/Repository/chipwhisperer/firmware/mcu/hal/chipwhisperer-fw-extra/stm32f4/stm32f4_hal_lowlevel.c **** 
 612:/home/pacl/Documents/Repository/chipwhisperer/firmware/mcu/hal/chipwhisperer-fw-extra/stm32f4/stm32f4_hal_lowlevel.c **** #define GPIO_NUMBER           16U
 613:/home/pacl/Documents/Repository/chipwhisperer/firmware/mcu/hal/chipwhisperer-fw-extra/stm32f4/stm32f4_hal_lowlevel.c **** 
 614:/home/pacl/Documents/Repository/chipwhisperer/firmware/mcu/hal/chipwhisperer-fw-extra/stm32f4/stm32f4_hal_lowlevel.c **** /**
 615:/home/pacl/Documents/Repository/chipwhisperer/firmware/mcu/hal/chipwhisperer-fw-extra/stm32f4/stm32f4_hal_lowlevel.c ****   * @brief  Initializes the GPIOx peripheral according to the specified parameters in the GPIO_Init
 616:/home/pacl/Documents/Repository/chipwhisperer/firmware/mcu/hal/chipwhisperer-fw-extra/stm32f4/stm32f4_hal_lowlevel.c ****   * @param  GPIOx: where x can be (A..K) to select the GPIO peripheral for STM32F429X device or
 617:/home/pacl/Documents/Repository/chipwhisperer/firmware/mcu/hal/chipwhisperer-fw-extra/stm32f4/stm32f4_hal_lowlevel.c ****   *                      x can be (A..I) to select the GPIO peripheral for STM32F40XX and STM32F427
 618:/home/pacl/Documents/Repository/chipwhisperer/firmware/mcu/hal/chipwhisperer-fw-extra/stm32f4/stm32f4_hal_lowlevel.c ****   * @param  GPIO_Init: pointer to a GPIO_InitTypeDef structure that contains
 619:/home/pacl/Documents/Repository/chipwhisperer/firmware/mcu/hal/chipwhisperer-fw-extra/stm32f4/stm32f4_hal_lowlevel.c ****   *         the configuration information for the specified GPIO peripheral.
 620:/home/pacl/Documents/Repository/chipwhisperer/firmware/mcu/hal/chipwhisperer-fw-extra/stm32f4/stm32f4_hal_lowlevel.c ****   * @retval None
 621:/home/pacl/Documents/Repository/chipwhisperer/firmware/mcu/hal/chipwhisperer-fw-extra/stm32f4/stm32f4_hal_lowlevel.c ****   */
 622:/home/pacl/Documents/Repository/chipwhisperer/firmware/mcu/hal/chipwhisperer-fw-extra/stm32f4/stm32f4_hal_lowlevel.c **** void HAL_GPIO_Init(GPIO_TypeDef  *GPIOx, GPIO_InitTypeDef *GPIO_Init)
 623:/home/pacl/Documents/Repository/chipwhisperer/firmware/mcu/hal/chipwhisperer-fw-extra/stm32f4/stm32f4_hal_lowlevel.c **** {
 624:/home/pacl/Documents/Repository/chipwhisperer/firmware/mcu/hal/chipwhisperer-fw-extra/stm32f4/stm32f4_hal_lowlevel.c ****   uint32_t position;
 625:/home/pacl/Documents/Repository/chipwhisperer/firmware/mcu/hal/chipwhisperer-fw-extra/stm32f4/stm32f4_hal_lowlevel.c ****   uint32_t ioposition = 0x00U;
 626:/home/pacl/Documents/Repository/chipwhisperer/firmware/mcu/hal/chipwhisperer-fw-extra/stm32f4/stm32f4_hal_lowlevel.c ****   uint32_t iocurrent = 0x00U;
 627:/home/pacl/Documents/Repository/chipwhisperer/firmware/mcu/hal/chipwhisperer-fw-extra/stm32f4/stm32f4_hal_lowlevel.c ****   uint32_t temp = 0x00U;
 628:/home/pacl/Documents/Repository/chipwhisperer/firmware/mcu/hal/chipwhisperer-fw-extra/stm32f4/stm32f4_hal_lowlevel.c **** 
 629:/home/pacl/Documents/Repository/chipwhisperer/firmware/mcu/hal/chipwhisperer-fw-extra/stm32f4/stm32f4_hal_lowlevel.c ****   /* Check the parameters */
 630:/home/pacl/Documents/Repository/chipwhisperer/firmware/mcu/hal/chipwhisperer-fw-extra/stm32f4/stm32f4_hal_lowlevel.c ****   assert_param(IS_GPIO_ALL_INSTANCE(GPIOx));
 631:/home/pacl/Documents/Repository/chipwhisperer/firmware/mcu/hal/chipwhisperer-fw-extra/stm32f4/stm32f4_hal_lowlevel.c ****   assert_param(IS_GPIO_PIN(GPIO_Init->Pin));
 632:/home/pacl/Documents/Repository/chipwhisperer/firmware/mcu/hal/chipwhisperer-fw-extra/stm32f4/stm32f4_hal_lowlevel.c ****   assert_param(IS_GPIO_MODE(GPIO_Init->Mode));
 633:/home/pacl/Documents/Repository/chipwhisperer/firmware/mcu/hal/chipwhisperer-fw-extra/stm32f4/stm32f4_hal_lowlevel.c ****   assert_param(IS_GPIO_PULL(GPIO_Init->Pull));
 634:/home/pacl/Documents/Repository/chipwhisperer/firmware/mcu/hal/chipwhisperer-fw-extra/stm32f4/stm32f4_hal_lowlevel.c **** 
 635:/home/pacl/Documents/Repository/chipwhisperer/firmware/mcu/hal/chipwhisperer-fw-extra/stm32f4/stm32f4_hal_lowlevel.c ****   /* Configure the port pins */
 636:/home/pacl/Documents/Repository/chipwhisperer/firmware/mcu/hal/chipwhisperer-fw-extra/stm32f4/stm32f4_hal_lowlevel.c ****   for(position = 0U; position < GPIO_NUMBER; position++)
 637:/home/pacl/Documents/Repository/chipwhisperer/firmware/mcu/hal/chipwhisperer-fw-extra/stm32f4/stm32f4_hal_lowlevel.c ****   {
 638:/home/pacl/Documents/Repository/chipwhisperer/firmware/mcu/hal/chipwhisperer-fw-extra/stm32f4/stm32f4_hal_lowlevel.c ****     /* Get the IO position */
 639:/home/pacl/Documents/Repository/chipwhisperer/firmware/mcu/hal/chipwhisperer-fw-extra/stm32f4/stm32f4_hal_lowlevel.c ****     ioposition = 0x01U << position;
 640:/home/pacl/Documents/Repository/chipwhisperer/firmware/mcu/hal/chipwhisperer-fw-extra/stm32f4/stm32f4_hal_lowlevel.c ****     /* Get the current IO position */
 641:/home/pacl/Documents/Repository/chipwhisperer/firmware/mcu/hal/chipwhisperer-fw-extra/stm32f4/stm32f4_hal_lowlevel.c ****     iocurrent = (uint32_t)(GPIO_Init->Pin) & ioposition;
 642:/home/pacl/Documents/Repository/chipwhisperer/firmware/mcu/hal/chipwhisperer-fw-extra/stm32f4/stm32f4_hal_lowlevel.c **** 
 643:/home/pacl/Documents/Repository/chipwhisperer/firmware/mcu/hal/chipwhisperer-fw-extra/stm32f4/stm32f4_hal_lowlevel.c ****     if(iocurrent == ioposition)
 644:/home/pacl/Documents/Repository/chipwhisperer/firmware/mcu/hal/chipwhisperer-fw-extra/stm32f4/stm32f4_hal_lowlevel.c ****     {
 645:/home/pacl/Documents/Repository/chipwhisperer/firmware/mcu/hal/chipwhisperer-fw-extra/stm32f4/stm32f4_hal_lowlevel.c ****       /*--------------------- GPIO Mode Configuration ------------------------*/
 646:/home/pacl/Documents/Repository/chipwhisperer/firmware/mcu/hal/chipwhisperer-fw-extra/stm32f4/stm32f4_hal_lowlevel.c ****       /* In case of Alternate function mode selection */
 647:/home/pacl/Documents/Repository/chipwhisperer/firmware/mcu/hal/chipwhisperer-fw-extra/stm32f4/stm32f4_hal_lowlevel.c ****       if((GPIO_Init->Mode == GPIO_MODE_AF_PP) || (GPIO_Init->Mode == GPIO_MODE_AF_OD))
 648:/home/pacl/Documents/Repository/chipwhisperer/firmware/mcu/hal/chipwhisperer-fw-extra/stm32f4/stm32f4_hal_lowlevel.c ****       {
 649:/home/pacl/Documents/Repository/chipwhisperer/firmware/mcu/hal/chipwhisperer-fw-extra/stm32f4/stm32f4_hal_lowlevel.c ****         /* Check the Alternate function parameter */
 650:/home/pacl/Documents/Repository/chipwhisperer/firmware/mcu/hal/chipwhisperer-fw-extra/stm32f4/stm32f4_hal_lowlevel.c ****         assert_param(IS_GPIO_AF(GPIO_Init->Alternate));
 651:/home/pacl/Documents/Repository/chipwhisperer/firmware/mcu/hal/chipwhisperer-fw-extra/stm32f4/stm32f4_hal_lowlevel.c ****         /* Configure Alternate function mapped with the current IO */
 652:/home/pacl/Documents/Repository/chipwhisperer/firmware/mcu/hal/chipwhisperer-fw-extra/stm32f4/stm32f4_hal_lowlevel.c ****         temp = GPIOx->AFR[position >> 3U];
 653:/home/pacl/Documents/Repository/chipwhisperer/firmware/mcu/hal/chipwhisperer-fw-extra/stm32f4/stm32f4_hal_lowlevel.c ****         temp &= ~(0xFU << ((uint32_t)(position & 0x07U) * 4U)) ;
 654:/home/pacl/Documents/Repository/chipwhisperer/firmware/mcu/hal/chipwhisperer-fw-extra/stm32f4/stm32f4_hal_lowlevel.c ****         temp |= ((uint32_t)(GPIO_Init->Alternate) << (((uint32_t)position & 0x07U) * 4U));
 655:/home/pacl/Documents/Repository/chipwhisperer/firmware/mcu/hal/chipwhisperer-fw-extra/stm32f4/stm32f4_hal_lowlevel.c ****         GPIOx->AFR[position >> 3U] = temp;
 656:/home/pacl/Documents/Repository/chipwhisperer/firmware/mcu/hal/chipwhisperer-fw-extra/stm32f4/stm32f4_hal_lowlevel.c ****       }
 657:/home/pacl/Documents/Repository/chipwhisperer/firmware/mcu/hal/chipwhisperer-fw-extra/stm32f4/stm32f4_hal_lowlevel.c **** 
 658:/home/pacl/Documents/Repository/chipwhisperer/firmware/mcu/hal/chipwhisperer-fw-extra/stm32f4/stm32f4_hal_lowlevel.c ****       /* Configure IO Direction mode (Input, Output, Alternate or Analog) */
 659:/home/pacl/Documents/Repository/chipwhisperer/firmware/mcu/hal/chipwhisperer-fw-extra/stm32f4/stm32f4_hal_lowlevel.c ****       temp = GPIOx->MODER;
 660:/home/pacl/Documents/Repository/chipwhisperer/firmware/mcu/hal/chipwhisperer-fw-extra/stm32f4/stm32f4_hal_lowlevel.c ****       temp &= ~(GPIO_MODER_MODER0 << (position * 2U));
 661:/home/pacl/Documents/Repository/chipwhisperer/firmware/mcu/hal/chipwhisperer-fw-extra/stm32f4/stm32f4_hal_lowlevel.c ****       temp |= ((GPIO_Init->Mode & GPIO_MODE) << (position * 2U));
 662:/home/pacl/Documents/Repository/chipwhisperer/firmware/mcu/hal/chipwhisperer-fw-extra/stm32f4/stm32f4_hal_lowlevel.c ****       GPIOx->MODER = temp;
 663:/home/pacl/Documents/Repository/chipwhisperer/firmware/mcu/hal/chipwhisperer-fw-extra/stm32f4/stm32f4_hal_lowlevel.c **** 
 664:/home/pacl/Documents/Repository/chipwhisperer/firmware/mcu/hal/chipwhisperer-fw-extra/stm32f4/stm32f4_hal_lowlevel.c ****       /* In case of Output or Alternate function mode selection */
 665:/home/pacl/Documents/Repository/chipwhisperer/firmware/mcu/hal/chipwhisperer-fw-extra/stm32f4/stm32f4_hal_lowlevel.c ****       if((GPIO_Init->Mode == GPIO_MODE_OUTPUT_PP) || (GPIO_Init->Mode == GPIO_MODE_AF_PP) ||
 666:/home/pacl/Documents/Repository/chipwhisperer/firmware/mcu/hal/chipwhisperer-fw-extra/stm32f4/stm32f4_hal_lowlevel.c ****          (GPIO_Init->Mode == GPIO_MODE_OUTPUT_OD) || (GPIO_Init->Mode == GPIO_MODE_AF_OD))
 667:/home/pacl/Documents/Repository/chipwhisperer/firmware/mcu/hal/chipwhisperer-fw-extra/stm32f4/stm32f4_hal_lowlevel.c ****       {
 668:/home/pacl/Documents/Repository/chipwhisperer/firmware/mcu/hal/chipwhisperer-fw-extra/stm32f4/stm32f4_hal_lowlevel.c ****         /* Check the Speed parameter */
 669:/home/pacl/Documents/Repository/chipwhisperer/firmware/mcu/hal/chipwhisperer-fw-extra/stm32f4/stm32f4_hal_lowlevel.c ****         assert_param(IS_GPIO_SPEED(GPIO_Init->Speed));
 670:/home/pacl/Documents/Repository/chipwhisperer/firmware/mcu/hal/chipwhisperer-fw-extra/stm32f4/stm32f4_hal_lowlevel.c ****         /* Configure the IO Speed */
 671:/home/pacl/Documents/Repository/chipwhisperer/firmware/mcu/hal/chipwhisperer-fw-extra/stm32f4/stm32f4_hal_lowlevel.c ****         temp = GPIOx->OSPEEDR;
 672:/home/pacl/Documents/Repository/chipwhisperer/firmware/mcu/hal/chipwhisperer-fw-extra/stm32f4/stm32f4_hal_lowlevel.c ****         temp &= ~(GPIO_OSPEEDER_OSPEEDR0 << (position * 2U));
 673:/home/pacl/Documents/Repository/chipwhisperer/firmware/mcu/hal/chipwhisperer-fw-extra/stm32f4/stm32f4_hal_lowlevel.c ****         temp |= (GPIO_Init->Speed << (position * 2U));
 674:/home/pacl/Documents/Repository/chipwhisperer/firmware/mcu/hal/chipwhisperer-fw-extra/stm32f4/stm32f4_hal_lowlevel.c ****         GPIOx->OSPEEDR = temp;
 675:/home/pacl/Documents/Repository/chipwhisperer/firmware/mcu/hal/chipwhisperer-fw-extra/stm32f4/stm32f4_hal_lowlevel.c **** 
 676:/home/pacl/Documents/Repository/chipwhisperer/firmware/mcu/hal/chipwhisperer-fw-extra/stm32f4/stm32f4_hal_lowlevel.c ****         /* Configure the IO Output Type */
 677:/home/pacl/Documents/Repository/chipwhisperer/firmware/mcu/hal/chipwhisperer-fw-extra/stm32f4/stm32f4_hal_lowlevel.c ****         temp = GPIOx->OTYPER;
 678:/home/pacl/Documents/Repository/chipwhisperer/firmware/mcu/hal/chipwhisperer-fw-extra/stm32f4/stm32f4_hal_lowlevel.c ****         temp &= ~(GPIO_OTYPER_OT_0 << position) ;
 679:/home/pacl/Documents/Repository/chipwhisperer/firmware/mcu/hal/chipwhisperer-fw-extra/stm32f4/stm32f4_hal_lowlevel.c ****         temp |= (((GPIO_Init->Mode & GPIO_OUTPUT_TYPE) >> 4U) << position);
 680:/home/pacl/Documents/Repository/chipwhisperer/firmware/mcu/hal/chipwhisperer-fw-extra/stm32f4/stm32f4_hal_lowlevel.c ****         GPIOx->OTYPER = temp;
 681:/home/pacl/Documents/Repository/chipwhisperer/firmware/mcu/hal/chipwhisperer-fw-extra/stm32f4/stm32f4_hal_lowlevel.c ****       }
 682:/home/pacl/Documents/Repository/chipwhisperer/firmware/mcu/hal/chipwhisperer-fw-extra/stm32f4/stm32f4_hal_lowlevel.c **** 
 683:/home/pacl/Documents/Repository/chipwhisperer/firmware/mcu/hal/chipwhisperer-fw-extra/stm32f4/stm32f4_hal_lowlevel.c ****       /* Activate the Pull-up or Pull down resistor for the current IO */
 684:/home/pacl/Documents/Repository/chipwhisperer/firmware/mcu/hal/chipwhisperer-fw-extra/stm32f4/stm32f4_hal_lowlevel.c ****       temp = GPIOx->PUPDR;
 685:/home/pacl/Documents/Repository/chipwhisperer/firmware/mcu/hal/chipwhisperer-fw-extra/stm32f4/stm32f4_hal_lowlevel.c ****       temp &= ~(GPIO_PUPDR_PUPDR0 << (position * 2U));
 686:/home/pacl/Documents/Repository/chipwhisperer/firmware/mcu/hal/chipwhisperer-fw-extra/stm32f4/stm32f4_hal_lowlevel.c ****       temp |= ((GPIO_Init->Pull) << (position * 2U));
 687:/home/pacl/Documents/Repository/chipwhisperer/firmware/mcu/hal/chipwhisperer-fw-extra/stm32f4/stm32f4_hal_lowlevel.c ****       GPIOx->PUPDR = temp;
 688:/home/pacl/Documents/Repository/chipwhisperer/firmware/mcu/hal/chipwhisperer-fw-extra/stm32f4/stm32f4_hal_lowlevel.c **** 
 689:/home/pacl/Documents/Repository/chipwhisperer/firmware/mcu/hal/chipwhisperer-fw-extra/stm32f4/stm32f4_hal_lowlevel.c ****       /*--------------------- EXTI Mode Configuration ------------------------*/
 690:/home/pacl/Documents/Repository/chipwhisperer/firmware/mcu/hal/chipwhisperer-fw-extra/stm32f4/stm32f4_hal_lowlevel.c ****       /* Configure the External Interrupt or event for the current IO */
 691:/home/pacl/Documents/Repository/chipwhisperer/firmware/mcu/hal/chipwhisperer-fw-extra/stm32f4/stm32f4_hal_lowlevel.c ****       if((GPIO_Init->Mode & EXTI_MODE) == EXTI_MODE)
 692:/home/pacl/Documents/Repository/chipwhisperer/firmware/mcu/hal/chipwhisperer-fw-extra/stm32f4/stm32f4_hal_lowlevel.c ****       {
 693:/home/pacl/Documents/Repository/chipwhisperer/firmware/mcu/hal/chipwhisperer-fw-extra/stm32f4/stm32f4_hal_lowlevel.c ****         /* Enable SYSCFG Clock */
 694:/home/pacl/Documents/Repository/chipwhisperer/firmware/mcu/hal/chipwhisperer-fw-extra/stm32f4/stm32f4_hal_lowlevel.c ****         __HAL_RCC_SYSCFG_CLK_ENABLE();
 695:/home/pacl/Documents/Repository/chipwhisperer/firmware/mcu/hal/chipwhisperer-fw-extra/stm32f4/stm32f4_hal_lowlevel.c **** 
 696:/home/pacl/Documents/Repository/chipwhisperer/firmware/mcu/hal/chipwhisperer-fw-extra/stm32f4/stm32f4_hal_lowlevel.c ****         temp = SYSCFG->EXTICR[position >> 2U];
 697:/home/pacl/Documents/Repository/chipwhisperer/firmware/mcu/hal/chipwhisperer-fw-extra/stm32f4/stm32f4_hal_lowlevel.c ****         temp &= ~(0x0FU << (4U * (position & 0x03U)));
 698:/home/pacl/Documents/Repository/chipwhisperer/firmware/mcu/hal/chipwhisperer-fw-extra/stm32f4/stm32f4_hal_lowlevel.c ****         temp |= ((uint32_t)(GPIO_GET_INDEX(GPIOx)) << (4U * (position & 0x03U)));
 699:/home/pacl/Documents/Repository/chipwhisperer/firmware/mcu/hal/chipwhisperer-fw-extra/stm32f4/stm32f4_hal_lowlevel.c ****         SYSCFG->EXTICR[position >> 2U] = temp;
 700:/home/pacl/Documents/Repository/chipwhisperer/firmware/mcu/hal/chipwhisperer-fw-extra/stm32f4/stm32f4_hal_lowlevel.c **** 
 701:/home/pacl/Documents/Repository/chipwhisperer/firmware/mcu/hal/chipwhisperer-fw-extra/stm32f4/stm32f4_hal_lowlevel.c ****         /* Clear EXTI line configuration */
 702:/home/pacl/Documents/Repository/chipwhisperer/firmware/mcu/hal/chipwhisperer-fw-extra/stm32f4/stm32f4_hal_lowlevel.c ****         temp = EXTI->IMR;
 703:/home/pacl/Documents/Repository/chipwhisperer/firmware/mcu/hal/chipwhisperer-fw-extra/stm32f4/stm32f4_hal_lowlevel.c ****         temp &= ~((uint32_t)iocurrent);
 704:/home/pacl/Documents/Repository/chipwhisperer/firmware/mcu/hal/chipwhisperer-fw-extra/stm32f4/stm32f4_hal_lowlevel.c ****         if((GPIO_Init->Mode & GPIO_MODE_IT) == GPIO_MODE_IT)
 705:/home/pacl/Documents/Repository/chipwhisperer/firmware/mcu/hal/chipwhisperer-fw-extra/stm32f4/stm32f4_hal_lowlevel.c ****         {
 706:/home/pacl/Documents/Repository/chipwhisperer/firmware/mcu/hal/chipwhisperer-fw-extra/stm32f4/stm32f4_hal_lowlevel.c ****           temp |= iocurrent;
 707:/home/pacl/Documents/Repository/chipwhisperer/firmware/mcu/hal/chipwhisperer-fw-extra/stm32f4/stm32f4_hal_lowlevel.c ****         }
 708:/home/pacl/Documents/Repository/chipwhisperer/firmware/mcu/hal/chipwhisperer-fw-extra/stm32f4/stm32f4_hal_lowlevel.c ****         EXTI->IMR = temp;
 709:/home/pacl/Documents/Repository/chipwhisperer/firmware/mcu/hal/chipwhisperer-fw-extra/stm32f4/stm32f4_hal_lowlevel.c **** 
 710:/home/pacl/Documents/Repository/chipwhisperer/firmware/mcu/hal/chipwhisperer-fw-extra/stm32f4/stm32f4_hal_lowlevel.c ****         temp = EXTI->EMR;
 711:/home/pacl/Documents/Repository/chipwhisperer/firmware/mcu/hal/chipwhisperer-fw-extra/stm32f4/stm32f4_hal_lowlevel.c ****         temp &= ~((uint32_t)iocurrent);
 712:/home/pacl/Documents/Repository/chipwhisperer/firmware/mcu/hal/chipwhisperer-fw-extra/stm32f4/stm32f4_hal_lowlevel.c ****         if((GPIO_Init->Mode & GPIO_MODE_EVT) == GPIO_MODE_EVT)
 713:/home/pacl/Documents/Repository/chipwhisperer/firmware/mcu/hal/chipwhisperer-fw-extra/stm32f4/stm32f4_hal_lowlevel.c ****         {
 714:/home/pacl/Documents/Repository/chipwhisperer/firmware/mcu/hal/chipwhisperer-fw-extra/stm32f4/stm32f4_hal_lowlevel.c ****           temp |= iocurrent;
 715:/home/pacl/Documents/Repository/chipwhisperer/firmware/mcu/hal/chipwhisperer-fw-extra/stm32f4/stm32f4_hal_lowlevel.c ****         }
 716:/home/pacl/Documents/Repository/chipwhisperer/firmware/mcu/hal/chipwhisperer-fw-extra/stm32f4/stm32f4_hal_lowlevel.c ****         EXTI->EMR = temp;
 717:/home/pacl/Documents/Repository/chipwhisperer/firmware/mcu/hal/chipwhisperer-fw-extra/stm32f4/stm32f4_hal_lowlevel.c **** 
 718:/home/pacl/Documents/Repository/chipwhisperer/firmware/mcu/hal/chipwhisperer-fw-extra/stm32f4/stm32f4_hal_lowlevel.c ****         /* Clear Rising Falling edge configuration */
 719:/home/pacl/Documents/Repository/chipwhisperer/firmware/mcu/hal/chipwhisperer-fw-extra/stm32f4/stm32f4_hal_lowlevel.c ****         temp = EXTI->RTSR;
 720:/home/pacl/Documents/Repository/chipwhisperer/firmware/mcu/hal/chipwhisperer-fw-extra/stm32f4/stm32f4_hal_lowlevel.c ****         temp &= ~((uint32_t)iocurrent);
 721:/home/pacl/Documents/Repository/chipwhisperer/firmware/mcu/hal/chipwhisperer-fw-extra/stm32f4/stm32f4_hal_lowlevel.c ****         if((GPIO_Init->Mode & RISING_EDGE) == RISING_EDGE)
 722:/home/pacl/Documents/Repository/chipwhisperer/firmware/mcu/hal/chipwhisperer-fw-extra/stm32f4/stm32f4_hal_lowlevel.c ****         {
 723:/home/pacl/Documents/Repository/chipwhisperer/firmware/mcu/hal/chipwhisperer-fw-extra/stm32f4/stm32f4_hal_lowlevel.c ****           temp |= iocurrent;
 724:/home/pacl/Documents/Repository/chipwhisperer/firmware/mcu/hal/chipwhisperer-fw-extra/stm32f4/stm32f4_hal_lowlevel.c ****         }
 725:/home/pacl/Documents/Repository/chipwhisperer/firmware/mcu/hal/chipwhisperer-fw-extra/stm32f4/stm32f4_hal_lowlevel.c ****         EXTI->RTSR = temp;
 726:/home/pacl/Documents/Repository/chipwhisperer/firmware/mcu/hal/chipwhisperer-fw-extra/stm32f4/stm32f4_hal_lowlevel.c **** 
 727:/home/pacl/Documents/Repository/chipwhisperer/firmware/mcu/hal/chipwhisperer-fw-extra/stm32f4/stm32f4_hal_lowlevel.c ****         temp = EXTI->FTSR;
 728:/home/pacl/Documents/Repository/chipwhisperer/firmware/mcu/hal/chipwhisperer-fw-extra/stm32f4/stm32f4_hal_lowlevel.c ****         temp &= ~((uint32_t)iocurrent);
 729:/home/pacl/Documents/Repository/chipwhisperer/firmware/mcu/hal/chipwhisperer-fw-extra/stm32f4/stm32f4_hal_lowlevel.c ****         if((GPIO_Init->Mode & FALLING_EDGE) == FALLING_EDGE)
 730:/home/pacl/Documents/Repository/chipwhisperer/firmware/mcu/hal/chipwhisperer-fw-extra/stm32f4/stm32f4_hal_lowlevel.c ****         {
 731:/home/pacl/Documents/Repository/chipwhisperer/firmware/mcu/hal/chipwhisperer-fw-extra/stm32f4/stm32f4_hal_lowlevel.c ****           temp |= iocurrent;
 732:/home/pacl/Documents/Repository/chipwhisperer/firmware/mcu/hal/chipwhisperer-fw-extra/stm32f4/stm32f4_hal_lowlevel.c ****         }
 733:/home/pacl/Documents/Repository/chipwhisperer/firmware/mcu/hal/chipwhisperer-fw-extra/stm32f4/stm32f4_hal_lowlevel.c ****         EXTI->FTSR = temp;
 734:/home/pacl/Documents/Repository/chipwhisperer/firmware/mcu/hal/chipwhisperer-fw-extra/stm32f4/stm32f4_hal_lowlevel.c ****       }
 735:/home/pacl/Documents/Repository/chipwhisperer/firmware/mcu/hal/chipwhisperer-fw-extra/stm32f4/stm32f4_hal_lowlevel.c ****     }
 736:/home/pacl/Documents/Repository/chipwhisperer/firmware/mcu/hal/chipwhisperer-fw-extra/stm32f4/stm32f4_hal_lowlevel.c ****   }
 737:/home/pacl/Documents/Repository/chipwhisperer/firmware/mcu/hal/chipwhisperer-fw-extra/stm32f4/stm32f4_hal_lowlevel.c **** }
 738:/home/pacl/Documents/Repository/chipwhisperer/firmware/mcu/hal/chipwhisperer-fw-extra/stm32f4/stm32f4_hal_lowlevel.c **** 
 739:/home/pacl/Documents/Repository/chipwhisperer/firmware/mcu/hal/chipwhisperer-fw-extra/stm32f4/stm32f4_hal_lowlevel.c **** /**
 740:/home/pacl/Documents/Repository/chipwhisperer/firmware/mcu/hal/chipwhisperer-fw-extra/stm32f4/stm32f4_hal_lowlevel.c ****   * @brief  Sets or clears the selected data port bit.
 741:/home/pacl/Documents/Repository/chipwhisperer/firmware/mcu/hal/chipwhisperer-fw-extra/stm32f4/stm32f4_hal_lowlevel.c ****   *
 742:/home/pacl/Documents/Repository/chipwhisperer/firmware/mcu/hal/chipwhisperer-fw-extra/stm32f4/stm32f4_hal_lowlevel.c ****   * @note   This function uses GPIOx_BSRR register to allow atomic read/modify
 743:/home/pacl/Documents/Repository/chipwhisperer/firmware/mcu/hal/chipwhisperer-fw-extra/stm32f4/stm32f4_hal_lowlevel.c ****   *         accesses. In this way, there is no risk of an IRQ occurring between
 744:/home/pacl/Documents/Repository/chipwhisperer/firmware/mcu/hal/chipwhisperer-fw-extra/stm32f4/stm32f4_hal_lowlevel.c ****   *         the read and the modify access.
 745:/home/pacl/Documents/Repository/chipwhisperer/firmware/mcu/hal/chipwhisperer-fw-extra/stm32f4/stm32f4_hal_lowlevel.c ****   *
 746:/home/pacl/Documents/Repository/chipwhisperer/firmware/mcu/hal/chipwhisperer-fw-extra/stm32f4/stm32f4_hal_lowlevel.c ****   * @param  GPIOx: where x can be (A..K) to select the GPIO peripheral for STM32F429X device or
 747:/home/pacl/Documents/Repository/chipwhisperer/firmware/mcu/hal/chipwhisperer-fw-extra/stm32f4/stm32f4_hal_lowlevel.c ****   *                      x can be (A..I) to select the GPIO peripheral for STM32F40XX and STM32F427
 748:/home/pacl/Documents/Repository/chipwhisperer/firmware/mcu/hal/chipwhisperer-fw-extra/stm32f4/stm32f4_hal_lowlevel.c ****   * @param  GPIO_Pin: specifies the port bit to be written.
 749:/home/pacl/Documents/Repository/chipwhisperer/firmware/mcu/hal/chipwhisperer-fw-extra/stm32f4/stm32f4_hal_lowlevel.c ****   *          This parameter can be one of GPIO_PIN_x where x can be (0..15).
 750:/home/pacl/Documents/Repository/chipwhisperer/firmware/mcu/hal/chipwhisperer-fw-extra/stm32f4/stm32f4_hal_lowlevel.c ****   * @param  PinState: specifies the value to be written to the selected bit.
 751:/home/pacl/Documents/Repository/chipwhisperer/firmware/mcu/hal/chipwhisperer-fw-extra/stm32f4/stm32f4_hal_lowlevel.c ****   *          This parameter can be one of the GPIO_PinState enum values:
 752:/home/pacl/Documents/Repository/chipwhisperer/firmware/mcu/hal/chipwhisperer-fw-extra/stm32f4/stm32f4_hal_lowlevel.c ****   *            @arg GPIO_PIN_RESET: to clear the port pin
 753:/home/pacl/Documents/Repository/chipwhisperer/firmware/mcu/hal/chipwhisperer-fw-extra/stm32f4/stm32f4_hal_lowlevel.c ****   *            @arg GPIO_PIN_SET: to set the port pin
 754:/home/pacl/Documents/Repository/chipwhisperer/firmware/mcu/hal/chipwhisperer-fw-extra/stm32f4/stm32f4_hal_lowlevel.c ****   * @retval None
 755:/home/pacl/Documents/Repository/chipwhisperer/firmware/mcu/hal/chipwhisperer-fw-extra/stm32f4/stm32f4_hal_lowlevel.c ****   */
 756:/home/pacl/Documents/Repository/chipwhisperer/firmware/mcu/hal/chipwhisperer-fw-extra/stm32f4/stm32f4_hal_lowlevel.c **** void HAL_GPIO_WritePin(GPIO_TypeDef* GPIOx, uint16_t GPIO_Pin, GPIO_PinState PinState)
 757:/home/pacl/Documents/Repository/chipwhisperer/firmware/mcu/hal/chipwhisperer-fw-extra/stm32f4/stm32f4_hal_lowlevel.c **** {
 758:/home/pacl/Documents/Repository/chipwhisperer/firmware/mcu/hal/chipwhisperer-fw-extra/stm32f4/stm32f4_hal_lowlevel.c ****   /* Check the parameters */
 759:/home/pacl/Documents/Repository/chipwhisperer/firmware/mcu/hal/chipwhisperer-fw-extra/stm32f4/stm32f4_hal_lowlevel.c ****   assert_param(IS_GPIO_PIN(GPIO_Pin));
 760:/home/pacl/Documents/Repository/chipwhisperer/firmware/mcu/hal/chipwhisperer-fw-extra/stm32f4/stm32f4_hal_lowlevel.c ****   assert_param(IS_GPIO_PIN_ACTION(PinState));
 761:/home/pacl/Documents/Repository/chipwhisperer/firmware/mcu/hal/chipwhisperer-fw-extra/stm32f4/stm32f4_hal_lowlevel.c **** 
 762:/home/pacl/Documents/Repository/chipwhisperer/firmware/mcu/hal/chipwhisperer-fw-extra/stm32f4/stm32f4_hal_lowlevel.c ****   if(PinState != GPIO_PIN_RESET)
 763:/home/pacl/Documents/Repository/chipwhisperer/firmware/mcu/hal/chipwhisperer-fw-extra/stm32f4/stm32f4_hal_lowlevel.c ****   {
 764:/home/pacl/Documents/Repository/chipwhisperer/firmware/mcu/hal/chipwhisperer-fw-extra/stm32f4/stm32f4_hal_lowlevel.c ****     GPIOx->BSRR = GPIO_Pin;
 765:/home/pacl/Documents/Repository/chipwhisperer/firmware/mcu/hal/chipwhisperer-fw-extra/stm32f4/stm32f4_hal_lowlevel.c ****   }
 766:/home/pacl/Documents/Repository/chipwhisperer/firmware/mcu/hal/chipwhisperer-fw-extra/stm32f4/stm32f4_hal_lowlevel.c ****   else
 767:/home/pacl/Documents/Repository/chipwhisperer/firmware/mcu/hal/chipwhisperer-fw-extra/stm32f4/stm32f4_hal_lowlevel.c ****   {
 768:/home/pacl/Documents/Repository/chipwhisperer/firmware/mcu/hal/chipwhisperer-fw-extra/stm32f4/stm32f4_hal_lowlevel.c ****     GPIOx->BSRR = (uint32_t)GPIO_Pin << 16U;
 769:/home/pacl/Documents/Repository/chipwhisperer/firmware/mcu/hal/chipwhisperer-fw-extra/stm32f4/stm32f4_hal_lowlevel.c ****   }
 770:/home/pacl/Documents/Repository/chipwhisperer/firmware/mcu/hal/chipwhisperer-fw-extra/stm32f4/stm32f4_hal_lowlevel.c **** }
 771:/home/pacl/Documents/Repository/chipwhisperer/firmware/mcu/hal/chipwhisperer-fw-extra/stm32f4/stm32f4_hal_lowlevel.c **** 
 772:/home/pacl/Documents/Repository/chipwhisperer/firmware/mcu/hal/chipwhisperer-fw-extra/stm32f4/stm32f4_hal_lowlevel.c **** 
 773:/home/pacl/Documents/Repository/chipwhisperer/firmware/mcu/hal/chipwhisperer-fw-extra/stm32f4/stm32f4_hal_lowlevel.c **** /**
 774:/home/pacl/Documents/Repository/chipwhisperer/firmware/mcu/hal/chipwhisperer-fw-extra/stm32f4/stm32f4_hal_lowlevel.c ****   * @brief  Configures the UART peripheral.
 775:/home/pacl/Documents/Repository/chipwhisperer/firmware/mcu/hal/chipwhisperer-fw-extra/stm32f4/stm32f4_hal_lowlevel.c ****   * @param  huart: pointer to a UART_HandleTypeDef structure that contains
 776:/home/pacl/Documents/Repository/chipwhisperer/firmware/mcu/hal/chipwhisperer-fw-extra/stm32f4/stm32f4_hal_lowlevel.c ****   *                the configuration information for the specified UART module.
 777:/home/pacl/Documents/Repository/chipwhisperer/firmware/mcu/hal/chipwhisperer-fw-extra/stm32f4/stm32f4_hal_lowlevel.c ****   * @retval None
 778:/home/pacl/Documents/Repository/chipwhisperer/firmware/mcu/hal/chipwhisperer-fw-extra/stm32f4/stm32f4_hal_lowlevel.c ****   */
 779:/home/pacl/Documents/Repository/chipwhisperer/firmware/mcu/hal/chipwhisperer-fw-extra/stm32f4/stm32f4_hal_lowlevel.c **** static void UART_SetConfig(UART_HandleTypeDef *huart)
 780:/home/pacl/Documents/Repository/chipwhisperer/firmware/mcu/hal/chipwhisperer-fw-extra/stm32f4/stm32f4_hal_lowlevel.c **** {
 781:/home/pacl/Documents/Repository/chipwhisperer/firmware/mcu/hal/chipwhisperer-fw-extra/stm32f4/stm32f4_hal_lowlevel.c ****   uint32_t tmpreg = 0x00U;
 782:/home/pacl/Documents/Repository/chipwhisperer/firmware/mcu/hal/chipwhisperer-fw-extra/stm32f4/stm32f4_hal_lowlevel.c **** 
 783:/home/pacl/Documents/Repository/chipwhisperer/firmware/mcu/hal/chipwhisperer-fw-extra/stm32f4/stm32f4_hal_lowlevel.c ****   /* Check the parameters */
 784:/home/pacl/Documents/Repository/chipwhisperer/firmware/mcu/hal/chipwhisperer-fw-extra/stm32f4/stm32f4_hal_lowlevel.c ****   assert_param(IS_UART_BAUDRATE(huart->Init.BaudRate));
 785:/home/pacl/Documents/Repository/chipwhisperer/firmware/mcu/hal/chipwhisperer-fw-extra/stm32f4/stm32f4_hal_lowlevel.c ****   assert_param(IS_UART_STOPBITS(huart->Init.StopBits));
 786:/home/pacl/Documents/Repository/chipwhisperer/firmware/mcu/hal/chipwhisperer-fw-extra/stm32f4/stm32f4_hal_lowlevel.c ****   assert_param(IS_UART_PARITY(huart->Init.Parity));
 787:/home/pacl/Documents/Repository/chipwhisperer/firmware/mcu/hal/chipwhisperer-fw-extra/stm32f4/stm32f4_hal_lowlevel.c ****   assert_param(IS_UART_MODE(huart->Init.Mode));
 788:/home/pacl/Documents/Repository/chipwhisperer/firmware/mcu/hal/chipwhisperer-fw-extra/stm32f4/stm32f4_hal_lowlevel.c **** 
 789:/home/pacl/Documents/Repository/chipwhisperer/firmware/mcu/hal/chipwhisperer-fw-extra/stm32f4/stm32f4_hal_lowlevel.c ****   /*-------------------------- USART CR2 Configuration -----------------------*/
 790:/home/pacl/Documents/Repository/chipwhisperer/firmware/mcu/hal/chipwhisperer-fw-extra/stm32f4/stm32f4_hal_lowlevel.c ****   tmpreg = huart->Instance->CR2;
 791:/home/pacl/Documents/Repository/chipwhisperer/firmware/mcu/hal/chipwhisperer-fw-extra/stm32f4/stm32f4_hal_lowlevel.c **** 
 792:/home/pacl/Documents/Repository/chipwhisperer/firmware/mcu/hal/chipwhisperer-fw-extra/stm32f4/stm32f4_hal_lowlevel.c ****   /* Clear STOP[13:12] bits */
 793:/home/pacl/Documents/Repository/chipwhisperer/firmware/mcu/hal/chipwhisperer-fw-extra/stm32f4/stm32f4_hal_lowlevel.c ****   tmpreg &= (uint32_t)~((uint32_t)USART_CR2_STOP);
 794:/home/pacl/Documents/Repository/chipwhisperer/firmware/mcu/hal/chipwhisperer-fw-extra/stm32f4/stm32f4_hal_lowlevel.c **** 
 795:/home/pacl/Documents/Repository/chipwhisperer/firmware/mcu/hal/chipwhisperer-fw-extra/stm32f4/stm32f4_hal_lowlevel.c ****   /* Configure the UART Stop Bits: Set STOP[13:12] bits according to huart->Init.StopBits value */
 796:/home/pacl/Documents/Repository/chipwhisperer/firmware/mcu/hal/chipwhisperer-fw-extra/stm32f4/stm32f4_hal_lowlevel.c ****   tmpreg |= (uint32_t)huart->Init.StopBits;
 797:/home/pacl/Documents/Repository/chipwhisperer/firmware/mcu/hal/chipwhisperer-fw-extra/stm32f4/stm32f4_hal_lowlevel.c **** 
 798:/home/pacl/Documents/Repository/chipwhisperer/firmware/mcu/hal/chipwhisperer-fw-extra/stm32f4/stm32f4_hal_lowlevel.c ****   /* Write to USART CR2 */
 799:/home/pacl/Documents/Repository/chipwhisperer/firmware/mcu/hal/chipwhisperer-fw-extra/stm32f4/stm32f4_hal_lowlevel.c ****   WRITE_REG(huart->Instance->CR2, (uint32_t)tmpreg);
 800:/home/pacl/Documents/Repository/chipwhisperer/firmware/mcu/hal/chipwhisperer-fw-extra/stm32f4/stm32f4_hal_lowlevel.c **** 
 801:/home/pacl/Documents/Repository/chipwhisperer/firmware/mcu/hal/chipwhisperer-fw-extra/stm32f4/stm32f4_hal_lowlevel.c ****   /*-------------------------- USART CR1 Configuration -----------------------*/
 802:/home/pacl/Documents/Repository/chipwhisperer/firmware/mcu/hal/chipwhisperer-fw-extra/stm32f4/stm32f4_hal_lowlevel.c ****   tmpreg = huart->Instance->CR1;
 803:/home/pacl/Documents/Repository/chipwhisperer/firmware/mcu/hal/chipwhisperer-fw-extra/stm32f4/stm32f4_hal_lowlevel.c **** 
 804:/home/pacl/Documents/Repository/chipwhisperer/firmware/mcu/hal/chipwhisperer-fw-extra/stm32f4/stm32f4_hal_lowlevel.c ****   /* Clear M, PCE, PS, TE and RE bits */
 805:/home/pacl/Documents/Repository/chipwhisperer/firmware/mcu/hal/chipwhisperer-fw-extra/stm32f4/stm32f4_hal_lowlevel.c ****   tmpreg &= (uint32_t)~((uint32_t)(USART_CR1_M | USART_CR1_PCE | USART_CR1_PS | USART_CR1_TE | \
 806:/home/pacl/Documents/Repository/chipwhisperer/firmware/mcu/hal/chipwhisperer-fw-extra/stm32f4/stm32f4_hal_lowlevel.c ****                                    USART_CR1_RE | USART_CR1_OVER8));
 807:/home/pacl/Documents/Repository/chipwhisperer/firmware/mcu/hal/chipwhisperer-fw-extra/stm32f4/stm32f4_hal_lowlevel.c **** 
 808:/home/pacl/Documents/Repository/chipwhisperer/firmware/mcu/hal/chipwhisperer-fw-extra/stm32f4/stm32f4_hal_lowlevel.c ****   /* Configure the UART Word Length, Parity and mode:
 809:/home/pacl/Documents/Repository/chipwhisperer/firmware/mcu/hal/chipwhisperer-fw-extra/stm32f4/stm32f4_hal_lowlevel.c ****      Set the M bits according to huart->Init.WordLength value
 810:/home/pacl/Documents/Repository/chipwhisperer/firmware/mcu/hal/chipwhisperer-fw-extra/stm32f4/stm32f4_hal_lowlevel.c ****      Set PCE and PS bits according to huart->Init.Parity value
 811:/home/pacl/Documents/Repository/chipwhisperer/firmware/mcu/hal/chipwhisperer-fw-extra/stm32f4/stm32f4_hal_lowlevel.c ****      Set TE and RE bits according to huart->Init.Mode value
 812:/home/pacl/Documents/Repository/chipwhisperer/firmware/mcu/hal/chipwhisperer-fw-extra/stm32f4/stm32f4_hal_lowlevel.c ****      Set OVER8 bit according to huart->Init.OverSampling value */
 813:/home/pacl/Documents/Repository/chipwhisperer/firmware/mcu/hal/chipwhisperer-fw-extra/stm32f4/stm32f4_hal_lowlevel.c ****   tmpreg |= (uint32_t)huart->Init.WordLength | huart->Init.Parity | huart->Init.Mode | huart->Init.
 814:/home/pacl/Documents/Repository/chipwhisperer/firmware/mcu/hal/chipwhisperer-fw-extra/stm32f4/stm32f4_hal_lowlevel.c **** 
 815:/home/pacl/Documents/Repository/chipwhisperer/firmware/mcu/hal/chipwhisperer-fw-extra/stm32f4/stm32f4_hal_lowlevel.c ****   /* Write to USART CR1 */
 816:/home/pacl/Documents/Repository/chipwhisperer/firmware/mcu/hal/chipwhisperer-fw-extra/stm32f4/stm32f4_hal_lowlevel.c ****   WRITE_REG(huart->Instance->CR1, (uint32_t)tmpreg);
 817:/home/pacl/Documents/Repository/chipwhisperer/firmware/mcu/hal/chipwhisperer-fw-extra/stm32f4/stm32f4_hal_lowlevel.c **** 
 818:/home/pacl/Documents/Repository/chipwhisperer/firmware/mcu/hal/chipwhisperer-fw-extra/stm32f4/stm32f4_hal_lowlevel.c ****   /*-------------------------- USART CR3 Configuration -----------------------*/
 819:/home/pacl/Documents/Repository/chipwhisperer/firmware/mcu/hal/chipwhisperer-fw-extra/stm32f4/stm32f4_hal_lowlevel.c ****   tmpreg = huart->Instance->CR3;
 820:/home/pacl/Documents/Repository/chipwhisperer/firmware/mcu/hal/chipwhisperer-fw-extra/stm32f4/stm32f4_hal_lowlevel.c **** 
 821:/home/pacl/Documents/Repository/chipwhisperer/firmware/mcu/hal/chipwhisperer-fw-extra/stm32f4/stm32f4_hal_lowlevel.c ****   /* Clear CTSE and RTSE bits */
 822:/home/pacl/Documents/Repository/chipwhisperer/firmware/mcu/hal/chipwhisperer-fw-extra/stm32f4/stm32f4_hal_lowlevel.c ****   tmpreg &= (uint32_t)~((uint32_t)(USART_CR3_RTSE | USART_CR3_CTSE));
 823:/home/pacl/Documents/Repository/chipwhisperer/firmware/mcu/hal/chipwhisperer-fw-extra/stm32f4/stm32f4_hal_lowlevel.c **** 
 824:/home/pacl/Documents/Repository/chipwhisperer/firmware/mcu/hal/chipwhisperer-fw-extra/stm32f4/stm32f4_hal_lowlevel.c ****   /* Configure the UART HFC: Set CTSE and RTSE bits according to huart->Init.HwFlowCtl value */
 825:/home/pacl/Documents/Repository/chipwhisperer/firmware/mcu/hal/chipwhisperer-fw-extra/stm32f4/stm32f4_hal_lowlevel.c ****   tmpreg |= huart->Init.HwFlowCtl;
 826:/home/pacl/Documents/Repository/chipwhisperer/firmware/mcu/hal/chipwhisperer-fw-extra/stm32f4/stm32f4_hal_lowlevel.c **** 
 827:/home/pacl/Documents/Repository/chipwhisperer/firmware/mcu/hal/chipwhisperer-fw-extra/stm32f4/stm32f4_hal_lowlevel.c ****   /* Write to USART CR3 */
 828:/home/pacl/Documents/Repository/chipwhisperer/firmware/mcu/hal/chipwhisperer-fw-extra/stm32f4/stm32f4_hal_lowlevel.c ****   WRITE_REG(huart->Instance->CR3, (uint32_t)tmpreg);
 829:/home/pacl/Documents/Repository/chipwhisperer/firmware/mcu/hal/chipwhisperer-fw-extra/stm32f4/stm32f4_hal_lowlevel.c **** 
 830:/home/pacl/Documents/Repository/chipwhisperer/firmware/mcu/hal/chipwhisperer-fw-extra/stm32f4/stm32f4_hal_lowlevel.c ****   /* Check the Over Sampling */
 831:/home/pacl/Documents/Repository/chipwhisperer/firmware/mcu/hal/chipwhisperer-fw-extra/stm32f4/stm32f4_hal_lowlevel.c ****   if(huart->Init.OverSampling == UART_OVERSAMPLING_8)
 832:/home/pacl/Documents/Repository/chipwhisperer/firmware/mcu/hal/chipwhisperer-fw-extra/stm32f4/stm32f4_hal_lowlevel.c ****   {
 833:/home/pacl/Documents/Repository/chipwhisperer/firmware/mcu/hal/chipwhisperer-fw-extra/stm32f4/stm32f4_hal_lowlevel.c ****     /*-------------------------- USART BRR Configuration ---------------------*/
 834:/home/pacl/Documents/Repository/chipwhisperer/firmware/mcu/hal/chipwhisperer-fw-extra/stm32f4/stm32f4_hal_lowlevel.c **** #if defined(USART6)
 835:/home/pacl/Documents/Repository/chipwhisperer/firmware/mcu/hal/chipwhisperer-fw-extra/stm32f4/stm32f4_hal_lowlevel.c ****     if((huart->Instance == USART1) || (huart->Instance == USART6))
 836:/home/pacl/Documents/Repository/chipwhisperer/firmware/mcu/hal/chipwhisperer-fw-extra/stm32f4/stm32f4_hal_lowlevel.c ****     {
 837:/home/pacl/Documents/Repository/chipwhisperer/firmware/mcu/hal/chipwhisperer-fw-extra/stm32f4/stm32f4_hal_lowlevel.c ****       huart->Instance->BRR = UART_BRR_SAMPLING8(HAL_RCC_GetPCLK2Freq(), huart->Init.BaudRate);
 838:/home/pacl/Documents/Repository/chipwhisperer/firmware/mcu/hal/chipwhisperer-fw-extra/stm32f4/stm32f4_hal_lowlevel.c ****     }
 839:/home/pacl/Documents/Repository/chipwhisperer/firmware/mcu/hal/chipwhisperer-fw-extra/stm32f4/stm32f4_hal_lowlevel.c **** #else
 840:/home/pacl/Documents/Repository/chipwhisperer/firmware/mcu/hal/chipwhisperer-fw-extra/stm32f4/stm32f4_hal_lowlevel.c ****     if(huart->Instance == USART1)
 841:/home/pacl/Documents/Repository/chipwhisperer/firmware/mcu/hal/chipwhisperer-fw-extra/stm32f4/stm32f4_hal_lowlevel.c ****     {
 842:/home/pacl/Documents/Repository/chipwhisperer/firmware/mcu/hal/chipwhisperer-fw-extra/stm32f4/stm32f4_hal_lowlevel.c ****       huart->Instance->BRR = UART_BRR_SAMPLING8(HAL_RCC_GetPCLK2Freq(), huart->Init.BaudRate);
 843:/home/pacl/Documents/Repository/chipwhisperer/firmware/mcu/hal/chipwhisperer-fw-extra/stm32f4/stm32f4_hal_lowlevel.c ****     }
 844:/home/pacl/Documents/Repository/chipwhisperer/firmware/mcu/hal/chipwhisperer-fw-extra/stm32f4/stm32f4_hal_lowlevel.c **** #endif /* USART6 */
 845:/home/pacl/Documents/Repository/chipwhisperer/firmware/mcu/hal/chipwhisperer-fw-extra/stm32f4/stm32f4_hal_lowlevel.c ****     else
 846:/home/pacl/Documents/Repository/chipwhisperer/firmware/mcu/hal/chipwhisperer-fw-extra/stm32f4/stm32f4_hal_lowlevel.c ****     {
 847:/home/pacl/Documents/Repository/chipwhisperer/firmware/mcu/hal/chipwhisperer-fw-extra/stm32f4/stm32f4_hal_lowlevel.c ****       huart->Instance->BRR = UART_BRR_SAMPLING8(HAL_RCC_GetPCLK1Freq(), huart->Init.BaudRate);
 848:/home/pacl/Documents/Repository/chipwhisperer/firmware/mcu/hal/chipwhisperer-fw-extra/stm32f4/stm32f4_hal_lowlevel.c ****     }
 849:/home/pacl/Documents/Repository/chipwhisperer/firmware/mcu/hal/chipwhisperer-fw-extra/stm32f4/stm32f4_hal_lowlevel.c ****   }
 850:/home/pacl/Documents/Repository/chipwhisperer/firmware/mcu/hal/chipwhisperer-fw-extra/stm32f4/stm32f4_hal_lowlevel.c ****   else
 851:/home/pacl/Documents/Repository/chipwhisperer/firmware/mcu/hal/chipwhisperer-fw-extra/stm32f4/stm32f4_hal_lowlevel.c ****   {
 852:/home/pacl/Documents/Repository/chipwhisperer/firmware/mcu/hal/chipwhisperer-fw-extra/stm32f4/stm32f4_hal_lowlevel.c ****     /*-------------------------- USART BRR Configuration ---------------------*/
 853:/home/pacl/Documents/Repository/chipwhisperer/firmware/mcu/hal/chipwhisperer-fw-extra/stm32f4/stm32f4_hal_lowlevel.c **** #if defined(USART6)
 854:/home/pacl/Documents/Repository/chipwhisperer/firmware/mcu/hal/chipwhisperer-fw-extra/stm32f4/stm32f4_hal_lowlevel.c ****     if((huart->Instance == USART1) || (huart->Instance == USART6))
 855:/home/pacl/Documents/Repository/chipwhisperer/firmware/mcu/hal/chipwhisperer-fw-extra/stm32f4/stm32f4_hal_lowlevel.c ****     {
 856:/home/pacl/Documents/Repository/chipwhisperer/firmware/mcu/hal/chipwhisperer-fw-extra/stm32f4/stm32f4_hal_lowlevel.c ****       huart->Instance->BRR = UART_BRR_SAMPLING16(HAL_RCC_GetPCLK2Freq(), huart->Init.BaudRate);
 857:/home/pacl/Documents/Repository/chipwhisperer/firmware/mcu/hal/chipwhisperer-fw-extra/stm32f4/stm32f4_hal_lowlevel.c ****     }
 858:/home/pacl/Documents/Repository/chipwhisperer/firmware/mcu/hal/chipwhisperer-fw-extra/stm32f4/stm32f4_hal_lowlevel.c **** #else
 859:/home/pacl/Documents/Repository/chipwhisperer/firmware/mcu/hal/chipwhisperer-fw-extra/stm32f4/stm32f4_hal_lowlevel.c ****     if(huart->Instance == USART1)
 860:/home/pacl/Documents/Repository/chipwhisperer/firmware/mcu/hal/chipwhisperer-fw-extra/stm32f4/stm32f4_hal_lowlevel.c ****     {
 861:/home/pacl/Documents/Repository/chipwhisperer/firmware/mcu/hal/chipwhisperer-fw-extra/stm32f4/stm32f4_hal_lowlevel.c ****       huart->Instance->BRR = UART_BRR_SAMPLING16(HAL_RCC_GetPCLK2Freq(), huart->Init.BaudRate);
 862:/home/pacl/Documents/Repository/chipwhisperer/firmware/mcu/hal/chipwhisperer-fw-extra/stm32f4/stm32f4_hal_lowlevel.c ****     }
 863:/home/pacl/Documents/Repository/chipwhisperer/firmware/mcu/hal/chipwhisperer-fw-extra/stm32f4/stm32f4_hal_lowlevel.c **** #endif /* USART6 */
 864:/home/pacl/Documents/Repository/chipwhisperer/firmware/mcu/hal/chipwhisperer-fw-extra/stm32f4/stm32f4_hal_lowlevel.c ****     else
 865:/home/pacl/Documents/Repository/chipwhisperer/firmware/mcu/hal/chipwhisperer-fw-extra/stm32f4/stm32f4_hal_lowlevel.c ****     {
 866:/home/pacl/Documents/Repository/chipwhisperer/firmware/mcu/hal/chipwhisperer-fw-extra/stm32f4/stm32f4_hal_lowlevel.c ****       huart->Instance->BRR = UART_BRR_SAMPLING16(HAL_RCC_GetPCLK1Freq(), huart->Init.BaudRate);
 867:/home/pacl/Documents/Repository/chipwhisperer/firmware/mcu/hal/chipwhisperer-fw-extra/stm32f4/stm32f4_hal_lowlevel.c ****     }
 868:/home/pacl/Documents/Repository/chipwhisperer/firmware/mcu/hal/chipwhisperer-fw-extra/stm32f4/stm32f4_hal_lowlevel.c ****   }
 869:/home/pacl/Documents/Repository/chipwhisperer/firmware/mcu/hal/chipwhisperer-fw-extra/stm32f4/stm32f4_hal_lowlevel.c **** }
 870:/home/pacl/Documents/Repository/chipwhisperer/firmware/mcu/hal/chipwhisperer-fw-extra/stm32f4/stm32f4_hal_lowlevel.c **** 
 871:/home/pacl/Documents/Repository/chipwhisperer/firmware/mcu/hal/chipwhisperer-fw-extra/stm32f4/stm32f4_hal_lowlevel.c **** /**
 872:/home/pacl/Documents/Repository/chipwhisperer/firmware/mcu/hal/chipwhisperer-fw-extra/stm32f4/stm32f4_hal_lowlevel.c ****   * @brief  Initializes the UART mode according to the specified parameters in
 873:/home/pacl/Documents/Repository/chipwhisperer/firmware/mcu/hal/chipwhisperer-fw-extra/stm32f4/stm32f4_hal_lowlevel.c ****   *         the UART_InitTypeDef and create the associated handle.
 874:/home/pacl/Documents/Repository/chipwhisperer/firmware/mcu/hal/chipwhisperer-fw-extra/stm32f4/stm32f4_hal_lowlevel.c ****   * @param  huart: pointer to a UART_HandleTypeDef structure that contains
 875:/home/pacl/Documents/Repository/chipwhisperer/firmware/mcu/hal/chipwhisperer-fw-extra/stm32f4/stm32f4_hal_lowlevel.c ****   *                the configuration information for the specified UART module.
 876:/home/pacl/Documents/Repository/chipwhisperer/firmware/mcu/hal/chipwhisperer-fw-extra/stm32f4/stm32f4_hal_lowlevel.c ****   * @retval HAL status
 877:/home/pacl/Documents/Repository/chipwhisperer/firmware/mcu/hal/chipwhisperer-fw-extra/stm32f4/stm32f4_hal_lowlevel.c ****   */
 878:/home/pacl/Documents/Repository/chipwhisperer/firmware/mcu/hal/chipwhisperer-fw-extra/stm32f4/stm32f4_hal_lowlevel.c **** HAL_StatusTypeDef HAL_UART_Init(UART_HandleTypeDef *huart)
 879:/home/pacl/Documents/Repository/chipwhisperer/firmware/mcu/hal/chipwhisperer-fw-extra/stm32f4/stm32f4_hal_lowlevel.c **** {
 880:/home/pacl/Documents/Repository/chipwhisperer/firmware/mcu/hal/chipwhisperer-fw-extra/stm32f4/stm32f4_hal_lowlevel.c ****   /* Check the UART handle allocation */
 881:/home/pacl/Documents/Repository/chipwhisperer/firmware/mcu/hal/chipwhisperer-fw-extra/stm32f4/stm32f4_hal_lowlevel.c ****   if(huart == NULL)
 882:/home/pacl/Documents/Repository/chipwhisperer/firmware/mcu/hal/chipwhisperer-fw-extra/stm32f4/stm32f4_hal_lowlevel.c ****   {
 883:/home/pacl/Documents/Repository/chipwhisperer/firmware/mcu/hal/chipwhisperer-fw-extra/stm32f4/stm32f4_hal_lowlevel.c ****     return HAL_ERROR;
 884:/home/pacl/Documents/Repository/chipwhisperer/firmware/mcu/hal/chipwhisperer-fw-extra/stm32f4/stm32f4_hal_lowlevel.c ****   }
 885:/home/pacl/Documents/Repository/chipwhisperer/firmware/mcu/hal/chipwhisperer-fw-extra/stm32f4/stm32f4_hal_lowlevel.c **** 
 886:/home/pacl/Documents/Repository/chipwhisperer/firmware/mcu/hal/chipwhisperer-fw-extra/stm32f4/stm32f4_hal_lowlevel.c ****   /* Check the parameters */
 887:/home/pacl/Documents/Repository/chipwhisperer/firmware/mcu/hal/chipwhisperer-fw-extra/stm32f4/stm32f4_hal_lowlevel.c ****   if(huart->Init.HwFlowCtl != UART_HWCONTROL_NONE)
 888:/home/pacl/Documents/Repository/chipwhisperer/firmware/mcu/hal/chipwhisperer-fw-extra/stm32f4/stm32f4_hal_lowlevel.c ****   {
 889:/home/pacl/Documents/Repository/chipwhisperer/firmware/mcu/hal/chipwhisperer-fw-extra/stm32f4/stm32f4_hal_lowlevel.c ****     /* The hardware flow control is available only for USART1, USART2, USART3 and USART6 */
 890:/home/pacl/Documents/Repository/chipwhisperer/firmware/mcu/hal/chipwhisperer-fw-extra/stm32f4/stm32f4_hal_lowlevel.c ****     assert_param(IS_UART_HWFLOW_INSTANCE(huart->Instance));
 891:/home/pacl/Documents/Repository/chipwhisperer/firmware/mcu/hal/chipwhisperer-fw-extra/stm32f4/stm32f4_hal_lowlevel.c ****     assert_param(IS_UART_HARDWARE_FLOW_CONTROL(huart->Init.HwFlowCtl));
 892:/home/pacl/Documents/Repository/chipwhisperer/firmware/mcu/hal/chipwhisperer-fw-extra/stm32f4/stm32f4_hal_lowlevel.c ****   }
 893:/home/pacl/Documents/Repository/chipwhisperer/firmware/mcu/hal/chipwhisperer-fw-extra/stm32f4/stm32f4_hal_lowlevel.c ****   else
 894:/home/pacl/Documents/Repository/chipwhisperer/firmware/mcu/hal/chipwhisperer-fw-extra/stm32f4/stm32f4_hal_lowlevel.c ****   {
 895:/home/pacl/Documents/Repository/chipwhisperer/firmware/mcu/hal/chipwhisperer-fw-extra/stm32f4/stm32f4_hal_lowlevel.c ****     assert_param(IS_UART_INSTANCE(huart->Instance));
 896:/home/pacl/Documents/Repository/chipwhisperer/firmware/mcu/hal/chipwhisperer-fw-extra/stm32f4/stm32f4_hal_lowlevel.c ****   }
 897:/home/pacl/Documents/Repository/chipwhisperer/firmware/mcu/hal/chipwhisperer-fw-extra/stm32f4/stm32f4_hal_lowlevel.c ****   assert_param(IS_UART_WORD_LENGTH(huart->Init.WordLength));
 898:/home/pacl/Documents/Repository/chipwhisperer/firmware/mcu/hal/chipwhisperer-fw-extra/stm32f4/stm32f4_hal_lowlevel.c ****   assert_param(IS_UART_OVERSAMPLING(huart->Init.OverSampling));
 899:/home/pacl/Documents/Repository/chipwhisperer/firmware/mcu/hal/chipwhisperer-fw-extra/stm32f4/stm32f4_hal_lowlevel.c **** 
 900:/home/pacl/Documents/Repository/chipwhisperer/firmware/mcu/hal/chipwhisperer-fw-extra/stm32f4/stm32f4_hal_lowlevel.c ****   if(huart->gState == HAL_UART_STATE_RESET)
 901:/home/pacl/Documents/Repository/chipwhisperer/firmware/mcu/hal/chipwhisperer-fw-extra/stm32f4/stm32f4_hal_lowlevel.c ****   {
 902:/home/pacl/Documents/Repository/chipwhisperer/firmware/mcu/hal/chipwhisperer-fw-extra/stm32f4/stm32f4_hal_lowlevel.c ****     /* Allocate lock resource and initialize it */
 903:/home/pacl/Documents/Repository/chipwhisperer/firmware/mcu/hal/chipwhisperer-fw-extra/stm32f4/stm32f4_hal_lowlevel.c ****     huart->Lock = HAL_UNLOCKED;
 904:/home/pacl/Documents/Repository/chipwhisperer/firmware/mcu/hal/chipwhisperer-fw-extra/stm32f4/stm32f4_hal_lowlevel.c ****     /* Init the low level hardware */
 905:/home/pacl/Documents/Repository/chipwhisperer/firmware/mcu/hal/chipwhisperer-fw-extra/stm32f4/stm32f4_hal_lowlevel.c ****     //HAL_UART_MspInit(huart);
 906:/home/pacl/Documents/Repository/chipwhisperer/firmware/mcu/hal/chipwhisperer-fw-extra/stm32f4/stm32f4_hal_lowlevel.c ****   }
 907:/home/pacl/Documents/Repository/chipwhisperer/firmware/mcu/hal/chipwhisperer-fw-extra/stm32f4/stm32f4_hal_lowlevel.c **** 
 908:/home/pacl/Documents/Repository/chipwhisperer/firmware/mcu/hal/chipwhisperer-fw-extra/stm32f4/stm32f4_hal_lowlevel.c ****   huart->gState = HAL_UART_STATE_BUSY;
 909:/home/pacl/Documents/Repository/chipwhisperer/firmware/mcu/hal/chipwhisperer-fw-extra/stm32f4/stm32f4_hal_lowlevel.c **** 
 910:/home/pacl/Documents/Repository/chipwhisperer/firmware/mcu/hal/chipwhisperer-fw-extra/stm32f4/stm32f4_hal_lowlevel.c ****   /* Disable the peripheral */
 911:/home/pacl/Documents/Repository/chipwhisperer/firmware/mcu/hal/chipwhisperer-fw-extra/stm32f4/stm32f4_hal_lowlevel.c ****   __HAL_UART_DISABLE(huart);
 912:/home/pacl/Documents/Repository/chipwhisperer/firmware/mcu/hal/chipwhisperer-fw-extra/stm32f4/stm32f4_hal_lowlevel.c **** 
 913:/home/pacl/Documents/Repository/chipwhisperer/firmware/mcu/hal/chipwhisperer-fw-extra/stm32f4/stm32f4_hal_lowlevel.c ****   /* Set the UART Communication parameters */
 914:/home/pacl/Documents/Repository/chipwhisperer/firmware/mcu/hal/chipwhisperer-fw-extra/stm32f4/stm32f4_hal_lowlevel.c ****   UART_SetConfig(huart);
 915:/home/pacl/Documents/Repository/chipwhisperer/firmware/mcu/hal/chipwhisperer-fw-extra/stm32f4/stm32f4_hal_lowlevel.c **** 
 916:/home/pacl/Documents/Repository/chipwhisperer/firmware/mcu/hal/chipwhisperer-fw-extra/stm32f4/stm32f4_hal_lowlevel.c ****   /* In asynchronous mode, the following bits must be kept cleared:
 917:/home/pacl/Documents/Repository/chipwhisperer/firmware/mcu/hal/chipwhisperer-fw-extra/stm32f4/stm32f4_hal_lowlevel.c ****      - LINEN and CLKEN bits in the USART_CR2 register,
 918:/home/pacl/Documents/Repository/chipwhisperer/firmware/mcu/hal/chipwhisperer-fw-extra/stm32f4/stm32f4_hal_lowlevel.c ****      - SCEN, HDSEL and IREN  bits in the USART_CR3 register.*/
 919:/home/pacl/Documents/Repository/chipwhisperer/firmware/mcu/hal/chipwhisperer-fw-extra/stm32f4/stm32f4_hal_lowlevel.c ****   CLEAR_BIT(huart->Instance->CR2, (USART_CR2_LINEN | USART_CR2_CLKEN));
 920:/home/pacl/Documents/Repository/chipwhisperer/firmware/mcu/hal/chipwhisperer-fw-extra/stm32f4/stm32f4_hal_lowlevel.c ****   CLEAR_BIT(huart->Instance->CR3, (USART_CR3_SCEN | USART_CR3_HDSEL | USART_CR3_IREN));
 921:/home/pacl/Documents/Repository/chipwhisperer/firmware/mcu/hal/chipwhisperer-fw-extra/stm32f4/stm32f4_hal_lowlevel.c **** 
 922:/home/pacl/Documents/Repository/chipwhisperer/firmware/mcu/hal/chipwhisperer-fw-extra/stm32f4/stm32f4_hal_lowlevel.c ****   /* Enable the peripheral */
 923:/home/pacl/Documents/Repository/chipwhisperer/firmware/mcu/hal/chipwhisperer-fw-extra/stm32f4/stm32f4_hal_lowlevel.c ****   __HAL_UART_ENABLE(huart);
 924:/home/pacl/Documents/Repository/chipwhisperer/firmware/mcu/hal/chipwhisperer-fw-extra/stm32f4/stm32f4_hal_lowlevel.c **** 
 925:/home/pacl/Documents/Repository/chipwhisperer/firmware/mcu/hal/chipwhisperer-fw-extra/stm32f4/stm32f4_hal_lowlevel.c ****   /* Initialize the UART state */
 926:/home/pacl/Documents/Repository/chipwhisperer/firmware/mcu/hal/chipwhisperer-fw-extra/stm32f4/stm32f4_hal_lowlevel.c ****   huart->ErrorCode = HAL_UART_ERROR_NONE;
 927:/home/pacl/Documents/Repository/chipwhisperer/firmware/mcu/hal/chipwhisperer-fw-extra/stm32f4/stm32f4_hal_lowlevel.c ****   huart->gState= HAL_UART_STATE_READY;
 928:/home/pacl/Documents/Repository/chipwhisperer/firmware/mcu/hal/chipwhisperer-fw-extra/stm32f4/stm32f4_hal_lowlevel.c ****   huart->RxState= HAL_UART_STATE_READY;
 929:/home/pacl/Documents/Repository/chipwhisperer/firmware/mcu/hal/chipwhisperer-fw-extra/stm32f4/stm32f4_hal_lowlevel.c **** 
 930:/home/pacl/Documents/Repository/chipwhisperer/firmware/mcu/hal/chipwhisperer-fw-extra/stm32f4/stm32f4_hal_lowlevel.c ****   return HAL_OK;
 931:/home/pacl/Documents/Repository/chipwhisperer/firmware/mcu/hal/chipwhisperer-fw-extra/stm32f4/stm32f4_hal_lowlevel.c **** }
 932:/home/pacl/Documents/Repository/chipwhisperer/firmware/mcu/hal/chipwhisperer-fw-extra/stm32f4/stm32f4_hal_lowlevel.c **** 
 933:/home/pacl/Documents/Repository/chipwhisperer/firmware/mcu/hal/chipwhisperer-fw-extra/stm32f4/stm32f4_hal_lowlevel.c **** static HAL_StatusTypeDef UART_WaitOnFlagForever(UART_HandleTypeDef *huart, uint32_t Flag, FlagStatu
 934:/home/pacl/Documents/Repository/chipwhisperer/firmware/mcu/hal/chipwhisperer-fw-extra/stm32f4/stm32f4_hal_lowlevel.c **** {
 935:/home/pacl/Documents/Repository/chipwhisperer/firmware/mcu/hal/chipwhisperer-fw-extra/stm32f4/stm32f4_hal_lowlevel.c ****   /* Wait until flag is set */
 936:/home/pacl/Documents/Repository/chipwhisperer/firmware/mcu/hal/chipwhisperer-fw-extra/stm32f4/stm32f4_hal_lowlevel.c ****   while((__HAL_UART_GET_FLAG(huart, Flag) ? SET : RESET) == Status);
 937:/home/pacl/Documents/Repository/chipwhisperer/firmware/mcu/hal/chipwhisperer-fw-extra/stm32f4/stm32f4_hal_lowlevel.c ****   return HAL_OK;
 938:/home/pacl/Documents/Repository/chipwhisperer/firmware/mcu/hal/chipwhisperer-fw-extra/stm32f4/stm32f4_hal_lowlevel.c **** }
 939:/home/pacl/Documents/Repository/chipwhisperer/firmware/mcu/hal/chipwhisperer-fw-extra/stm32f4/stm32f4_hal_lowlevel.c **** 
 940:/home/pacl/Documents/Repository/chipwhisperer/firmware/mcu/hal/chipwhisperer-fw-extra/stm32f4/stm32f4_hal_lowlevel.c **** /**
 941:/home/pacl/Documents/Repository/chipwhisperer/firmware/mcu/hal/chipwhisperer-fw-extra/stm32f4/stm32f4_hal_lowlevel.c ****   * @brief  Sends an amount of data in blocking mode.
 942:/home/pacl/Documents/Repository/chipwhisperer/firmware/mcu/hal/chipwhisperer-fw-extra/stm32f4/stm32f4_hal_lowlevel.c ****   * @param  huart: pointer to a UART_HandleTypeDef structure that contains
 943:/home/pacl/Documents/Repository/chipwhisperer/firmware/mcu/hal/chipwhisperer-fw-extra/stm32f4/stm32f4_hal_lowlevel.c ****   *                the configuration information for the specified UART module.
 944:/home/pacl/Documents/Repository/chipwhisperer/firmware/mcu/hal/chipwhisperer-fw-extra/stm32f4/stm32f4_hal_lowlevel.c ****   * @param  pData: Pointer to data buffer
 945:/home/pacl/Documents/Repository/chipwhisperer/firmware/mcu/hal/chipwhisperer-fw-extra/stm32f4/stm32f4_hal_lowlevel.c ****   * @param  Size: Amount of data to be sent
 946:/home/pacl/Documents/Repository/chipwhisperer/firmware/mcu/hal/chipwhisperer-fw-extra/stm32f4/stm32f4_hal_lowlevel.c ****   * @param  Timeout: Timeout duration
 947:/home/pacl/Documents/Repository/chipwhisperer/firmware/mcu/hal/chipwhisperer-fw-extra/stm32f4/stm32f4_hal_lowlevel.c ****   * @retval HAL status
 948:/home/pacl/Documents/Repository/chipwhisperer/firmware/mcu/hal/chipwhisperer-fw-extra/stm32f4/stm32f4_hal_lowlevel.c ****   */
 949:/home/pacl/Documents/Repository/chipwhisperer/firmware/mcu/hal/chipwhisperer-fw-extra/stm32f4/stm32f4_hal_lowlevel.c **** HAL_StatusTypeDef HAL_UART_Transmit(UART_HandleTypeDef *huart, uint8_t *pData, uint16_t Size, uint3
 950:/home/pacl/Documents/Repository/chipwhisperer/firmware/mcu/hal/chipwhisperer-fw-extra/stm32f4/stm32f4_hal_lowlevel.c **** {
 951:/home/pacl/Documents/Repository/chipwhisperer/firmware/mcu/hal/chipwhisperer-fw-extra/stm32f4/stm32f4_hal_lowlevel.c ****   uint16_t* tmp;
 952:/home/pacl/Documents/Repository/chipwhisperer/firmware/mcu/hal/chipwhisperer-fw-extra/stm32f4/stm32f4_hal_lowlevel.c ****   //uint32_t tickstart = 0U;
 953:/home/pacl/Documents/Repository/chipwhisperer/firmware/mcu/hal/chipwhisperer-fw-extra/stm32f4/stm32f4_hal_lowlevel.c **** 
 954:/home/pacl/Documents/Repository/chipwhisperer/firmware/mcu/hal/chipwhisperer-fw-extra/stm32f4/stm32f4_hal_lowlevel.c ****   /* Check that a Tx process is not already ongoing */
 955:/home/pacl/Documents/Repository/chipwhisperer/firmware/mcu/hal/chipwhisperer-fw-extra/stm32f4/stm32f4_hal_lowlevel.c ****   if(huart->gState == HAL_UART_STATE_READY)
 956:/home/pacl/Documents/Repository/chipwhisperer/firmware/mcu/hal/chipwhisperer-fw-extra/stm32f4/stm32f4_hal_lowlevel.c ****   {
 957:/home/pacl/Documents/Repository/chipwhisperer/firmware/mcu/hal/chipwhisperer-fw-extra/stm32f4/stm32f4_hal_lowlevel.c ****     if((pData == NULL ) || (Size == 0))
 958:/home/pacl/Documents/Repository/chipwhisperer/firmware/mcu/hal/chipwhisperer-fw-extra/stm32f4/stm32f4_hal_lowlevel.c ****     {
 959:/home/pacl/Documents/Repository/chipwhisperer/firmware/mcu/hal/chipwhisperer-fw-extra/stm32f4/stm32f4_hal_lowlevel.c ****       return  HAL_ERROR;
 960:/home/pacl/Documents/Repository/chipwhisperer/firmware/mcu/hal/chipwhisperer-fw-extra/stm32f4/stm32f4_hal_lowlevel.c ****     }
 961:/home/pacl/Documents/Repository/chipwhisperer/firmware/mcu/hal/chipwhisperer-fw-extra/stm32f4/stm32f4_hal_lowlevel.c **** 
 962:/home/pacl/Documents/Repository/chipwhisperer/firmware/mcu/hal/chipwhisperer-fw-extra/stm32f4/stm32f4_hal_lowlevel.c ****     /* Process Locked */
 963:/home/pacl/Documents/Repository/chipwhisperer/firmware/mcu/hal/chipwhisperer-fw-extra/stm32f4/stm32f4_hal_lowlevel.c ****     __HAL_LOCK(huart);
 964:/home/pacl/Documents/Repository/chipwhisperer/firmware/mcu/hal/chipwhisperer-fw-extra/stm32f4/stm32f4_hal_lowlevel.c **** 
 965:/home/pacl/Documents/Repository/chipwhisperer/firmware/mcu/hal/chipwhisperer-fw-extra/stm32f4/stm32f4_hal_lowlevel.c ****     huart->ErrorCode = HAL_UART_ERROR_NONE;
 966:/home/pacl/Documents/Repository/chipwhisperer/firmware/mcu/hal/chipwhisperer-fw-extra/stm32f4/stm32f4_hal_lowlevel.c ****     huart->gState = HAL_UART_STATE_BUSY_TX;
 967:/home/pacl/Documents/Repository/chipwhisperer/firmware/mcu/hal/chipwhisperer-fw-extra/stm32f4/stm32f4_hal_lowlevel.c **** 
 968:/home/pacl/Documents/Repository/chipwhisperer/firmware/mcu/hal/chipwhisperer-fw-extra/stm32f4/stm32f4_hal_lowlevel.c ****     /* Init tickstart for timeout managment */
 969:/home/pacl/Documents/Repository/chipwhisperer/firmware/mcu/hal/chipwhisperer-fw-extra/stm32f4/stm32f4_hal_lowlevel.c ****     //tickstart = HAL_GetTick();
 970:/home/pacl/Documents/Repository/chipwhisperer/firmware/mcu/hal/chipwhisperer-fw-extra/stm32f4/stm32f4_hal_lowlevel.c **** 
 971:/home/pacl/Documents/Repository/chipwhisperer/firmware/mcu/hal/chipwhisperer-fw-extra/stm32f4/stm32f4_hal_lowlevel.c ****     huart->TxXferSize = Size;
 972:/home/pacl/Documents/Repository/chipwhisperer/firmware/mcu/hal/chipwhisperer-fw-extra/stm32f4/stm32f4_hal_lowlevel.c ****     huart->TxXferCount = Size;
 973:/home/pacl/Documents/Repository/chipwhisperer/firmware/mcu/hal/chipwhisperer-fw-extra/stm32f4/stm32f4_hal_lowlevel.c ****     while(huart->TxXferCount > 0U)
 974:/home/pacl/Documents/Repository/chipwhisperer/firmware/mcu/hal/chipwhisperer-fw-extra/stm32f4/stm32f4_hal_lowlevel.c ****     {
 975:/home/pacl/Documents/Repository/chipwhisperer/firmware/mcu/hal/chipwhisperer-fw-extra/stm32f4/stm32f4_hal_lowlevel.c ****       huart->TxXferCount--;
 976:/home/pacl/Documents/Repository/chipwhisperer/firmware/mcu/hal/chipwhisperer-fw-extra/stm32f4/stm32f4_hal_lowlevel.c ****       if(huart->Init.WordLength == UART_WORDLENGTH_9B)
 977:/home/pacl/Documents/Repository/chipwhisperer/firmware/mcu/hal/chipwhisperer-fw-extra/stm32f4/stm32f4_hal_lowlevel.c ****       {
 978:/home/pacl/Documents/Repository/chipwhisperer/firmware/mcu/hal/chipwhisperer-fw-extra/stm32f4/stm32f4_hal_lowlevel.c ****         if(UART_WaitOnFlagForever(huart, UART_FLAG_TXE, RESET) != HAL_OK)
 979:/home/pacl/Documents/Repository/chipwhisperer/firmware/mcu/hal/chipwhisperer-fw-extra/stm32f4/stm32f4_hal_lowlevel.c ****         {
 980:/home/pacl/Documents/Repository/chipwhisperer/firmware/mcu/hal/chipwhisperer-fw-extra/stm32f4/stm32f4_hal_lowlevel.c ****           return HAL_TIMEOUT;
 981:/home/pacl/Documents/Repository/chipwhisperer/firmware/mcu/hal/chipwhisperer-fw-extra/stm32f4/stm32f4_hal_lowlevel.c ****         }
 982:/home/pacl/Documents/Repository/chipwhisperer/firmware/mcu/hal/chipwhisperer-fw-extra/stm32f4/stm32f4_hal_lowlevel.c ****         tmp = (uint16_t*) pData;
 983:/home/pacl/Documents/Repository/chipwhisperer/firmware/mcu/hal/chipwhisperer-fw-extra/stm32f4/stm32f4_hal_lowlevel.c ****         huart->Instance->DR = (*tmp & (uint16_t)0x01FF);
 984:/home/pacl/Documents/Repository/chipwhisperer/firmware/mcu/hal/chipwhisperer-fw-extra/stm32f4/stm32f4_hal_lowlevel.c ****         if(huart->Init.Parity == UART_PARITY_NONE)
 985:/home/pacl/Documents/Repository/chipwhisperer/firmware/mcu/hal/chipwhisperer-fw-extra/stm32f4/stm32f4_hal_lowlevel.c ****         {
 986:/home/pacl/Documents/Repository/chipwhisperer/firmware/mcu/hal/chipwhisperer-fw-extra/stm32f4/stm32f4_hal_lowlevel.c ****           pData +=2U;
 987:/home/pacl/Documents/Repository/chipwhisperer/firmware/mcu/hal/chipwhisperer-fw-extra/stm32f4/stm32f4_hal_lowlevel.c ****         }
 988:/home/pacl/Documents/Repository/chipwhisperer/firmware/mcu/hal/chipwhisperer-fw-extra/stm32f4/stm32f4_hal_lowlevel.c ****         else
 989:/home/pacl/Documents/Repository/chipwhisperer/firmware/mcu/hal/chipwhisperer-fw-extra/stm32f4/stm32f4_hal_lowlevel.c ****         {
 990:/home/pacl/Documents/Repository/chipwhisperer/firmware/mcu/hal/chipwhisperer-fw-extra/stm32f4/stm32f4_hal_lowlevel.c ****           pData +=1U;
 991:/home/pacl/Documents/Repository/chipwhisperer/firmware/mcu/hal/chipwhisperer-fw-extra/stm32f4/stm32f4_hal_lowlevel.c ****         }
 992:/home/pacl/Documents/Repository/chipwhisperer/firmware/mcu/hal/chipwhisperer-fw-extra/stm32f4/stm32f4_hal_lowlevel.c ****       }
 993:/home/pacl/Documents/Repository/chipwhisperer/firmware/mcu/hal/chipwhisperer-fw-extra/stm32f4/stm32f4_hal_lowlevel.c ****       else
 994:/home/pacl/Documents/Repository/chipwhisperer/firmware/mcu/hal/chipwhisperer-fw-extra/stm32f4/stm32f4_hal_lowlevel.c ****       {
 995:/home/pacl/Documents/Repository/chipwhisperer/firmware/mcu/hal/chipwhisperer-fw-extra/stm32f4/stm32f4_hal_lowlevel.c ****         if(UART_WaitOnFlagForever(huart, UART_FLAG_TXE, RESET) != HAL_OK)
 996:/home/pacl/Documents/Repository/chipwhisperer/firmware/mcu/hal/chipwhisperer-fw-extra/stm32f4/stm32f4_hal_lowlevel.c ****         {
 997:/home/pacl/Documents/Repository/chipwhisperer/firmware/mcu/hal/chipwhisperer-fw-extra/stm32f4/stm32f4_hal_lowlevel.c ****           return HAL_TIMEOUT;
 998:/home/pacl/Documents/Repository/chipwhisperer/firmware/mcu/hal/chipwhisperer-fw-extra/stm32f4/stm32f4_hal_lowlevel.c ****         }
 999:/home/pacl/Documents/Repository/chipwhisperer/firmware/mcu/hal/chipwhisperer-fw-extra/stm32f4/stm32f4_hal_lowlevel.c ****         huart->Instance->DR = (*pData++ & (uint8_t)0xFF);
1000:/home/pacl/Documents/Repository/chipwhisperer/firmware/mcu/hal/chipwhisperer-fw-extra/stm32f4/stm32f4_hal_lowlevel.c ****       }
1001:/home/pacl/Documents/Repository/chipwhisperer/firmware/mcu/hal/chipwhisperer-fw-extra/stm32f4/stm32f4_hal_lowlevel.c ****     }
1002:/home/pacl/Documents/Repository/chipwhisperer/firmware/mcu/hal/chipwhisperer-fw-extra/stm32f4/stm32f4_hal_lowlevel.c **** 
1003:/home/pacl/Documents/Repository/chipwhisperer/firmware/mcu/hal/chipwhisperer-fw-extra/stm32f4/stm32f4_hal_lowlevel.c ****     if(UART_WaitOnFlagForever(huart, UART_FLAG_TC, RESET) != HAL_OK)
1004:/home/pacl/Documents/Repository/chipwhisperer/firmware/mcu/hal/chipwhisperer-fw-extra/stm32f4/stm32f4_hal_lowlevel.c ****     {
1005:/home/pacl/Documents/Repository/chipwhisperer/firmware/mcu/hal/chipwhisperer-fw-extra/stm32f4/stm32f4_hal_lowlevel.c ****       return HAL_TIMEOUT;
1006:/home/pacl/Documents/Repository/chipwhisperer/firmware/mcu/hal/chipwhisperer-fw-extra/stm32f4/stm32f4_hal_lowlevel.c ****     }
1007:/home/pacl/Documents/Repository/chipwhisperer/firmware/mcu/hal/chipwhisperer-fw-extra/stm32f4/stm32f4_hal_lowlevel.c **** 
1008:/home/pacl/Documents/Repository/chipwhisperer/firmware/mcu/hal/chipwhisperer-fw-extra/stm32f4/stm32f4_hal_lowlevel.c ****     /* At end of Tx process, restore huart->gState to Ready */
1009:/home/pacl/Documents/Repository/chipwhisperer/firmware/mcu/hal/chipwhisperer-fw-extra/stm32f4/stm32f4_hal_lowlevel.c ****       huart->gState = HAL_UART_STATE_READY;
1010:/home/pacl/Documents/Repository/chipwhisperer/firmware/mcu/hal/chipwhisperer-fw-extra/stm32f4/stm32f4_hal_lowlevel.c **** 
1011:/home/pacl/Documents/Repository/chipwhisperer/firmware/mcu/hal/chipwhisperer-fw-extra/stm32f4/stm32f4_hal_lowlevel.c ****     /* Process Unlocked */
1012:/home/pacl/Documents/Repository/chipwhisperer/firmware/mcu/hal/chipwhisperer-fw-extra/stm32f4/stm32f4_hal_lowlevel.c ****     __HAL_UNLOCK(huart);
1013:/home/pacl/Documents/Repository/chipwhisperer/firmware/mcu/hal/chipwhisperer-fw-extra/stm32f4/stm32f4_hal_lowlevel.c **** 
1014:/home/pacl/Documents/Repository/chipwhisperer/firmware/mcu/hal/chipwhisperer-fw-extra/stm32f4/stm32f4_hal_lowlevel.c ****     return HAL_OK;
1015:/home/pacl/Documents/Repository/chipwhisperer/firmware/mcu/hal/chipwhisperer-fw-extra/stm32f4/stm32f4_hal_lowlevel.c ****   }
1016:/home/pacl/Documents/Repository/chipwhisperer/firmware/mcu/hal/chipwhisperer-fw-extra/stm32f4/stm32f4_hal_lowlevel.c ****   else
1017:/home/pacl/Documents/Repository/chipwhisperer/firmware/mcu/hal/chipwhisperer-fw-extra/stm32f4/stm32f4_hal_lowlevel.c ****   {
1018:/home/pacl/Documents/Repository/chipwhisperer/firmware/mcu/hal/chipwhisperer-fw-extra/stm32f4/stm32f4_hal_lowlevel.c ****     return HAL_BUSY;
1019:/home/pacl/Documents/Repository/chipwhisperer/firmware/mcu/hal/chipwhisperer-fw-extra/stm32f4/stm32f4_hal_lowlevel.c ****   }
1020:/home/pacl/Documents/Repository/chipwhisperer/firmware/mcu/hal/chipwhisperer-fw-extra/stm32f4/stm32f4_hal_lowlevel.c **** }
1021:/home/pacl/Documents/Repository/chipwhisperer/firmware/mcu/hal/chipwhisperer-fw-extra/stm32f4/stm32f4_hal_lowlevel.c **** 
1022:/home/pacl/Documents/Repository/chipwhisperer/firmware/mcu/hal/chipwhisperer-fw-extra/stm32f4/stm32f4_hal_lowlevel.c **** 
1023:/home/pacl/Documents/Repository/chipwhisperer/firmware/mcu/hal/chipwhisperer-fw-extra/stm32f4/stm32f4_hal_lowlevel.c **** 
1024:/home/pacl/Documents/Repository/chipwhisperer/firmware/mcu/hal/chipwhisperer-fw-extra/stm32f4/stm32f4_hal_lowlevel.c **** /**
1025:/home/pacl/Documents/Repository/chipwhisperer/firmware/mcu/hal/chipwhisperer-fw-extra/stm32f4/stm32f4_hal_lowlevel.c ****   * @brief  Receives an amount of data in blocking mode.
1026:/home/pacl/Documents/Repository/chipwhisperer/firmware/mcu/hal/chipwhisperer-fw-extra/stm32f4/stm32f4_hal_lowlevel.c ****   * @param  huart: pointer to a UART_HandleTypeDef structure that contains
1027:/home/pacl/Documents/Repository/chipwhisperer/firmware/mcu/hal/chipwhisperer-fw-extra/stm32f4/stm32f4_hal_lowlevel.c ****   *                the configuration information for the specified UART module.
1028:/home/pacl/Documents/Repository/chipwhisperer/firmware/mcu/hal/chipwhisperer-fw-extra/stm32f4/stm32f4_hal_lowlevel.c ****   * @param  pData: Pointer to data buffer
1029:/home/pacl/Documents/Repository/chipwhisperer/firmware/mcu/hal/chipwhisperer-fw-extra/stm32f4/stm32f4_hal_lowlevel.c ****   * @param  Size: Amount of data to be received
1030:/home/pacl/Documents/Repository/chipwhisperer/firmware/mcu/hal/chipwhisperer-fw-extra/stm32f4/stm32f4_hal_lowlevel.c ****   * @param  Timeout: Timeout duration
1031:/home/pacl/Documents/Repository/chipwhisperer/firmware/mcu/hal/chipwhisperer-fw-extra/stm32f4/stm32f4_hal_lowlevel.c ****   * @retval HAL status
1032:/home/pacl/Documents/Repository/chipwhisperer/firmware/mcu/hal/chipwhisperer-fw-extra/stm32f4/stm32f4_hal_lowlevel.c ****   */
1033:/home/pacl/Documents/Repository/chipwhisperer/firmware/mcu/hal/chipwhisperer-fw-extra/stm32f4/stm32f4_hal_lowlevel.c **** HAL_StatusTypeDef HAL_UART_Receive(UART_HandleTypeDef *huart, uint8_t *pData, uint16_t Size, uint32
1034:/home/pacl/Documents/Repository/chipwhisperer/firmware/mcu/hal/chipwhisperer-fw-extra/stm32f4/stm32f4_hal_lowlevel.c **** {
1035:/home/pacl/Documents/Repository/chipwhisperer/firmware/mcu/hal/chipwhisperer-fw-extra/stm32f4/stm32f4_hal_lowlevel.c ****   uint16_t* tmp;
1036:/home/pacl/Documents/Repository/chipwhisperer/firmware/mcu/hal/chipwhisperer-fw-extra/stm32f4/stm32f4_hal_lowlevel.c ****   //uint32_t tickstart = 0U;
1037:/home/pacl/Documents/Repository/chipwhisperer/firmware/mcu/hal/chipwhisperer-fw-extra/stm32f4/stm32f4_hal_lowlevel.c **** 
1038:/home/pacl/Documents/Repository/chipwhisperer/firmware/mcu/hal/chipwhisperer-fw-extra/stm32f4/stm32f4_hal_lowlevel.c ****   /* Check that a Rx process is not already ongoing */
1039:/home/pacl/Documents/Repository/chipwhisperer/firmware/mcu/hal/chipwhisperer-fw-extra/stm32f4/stm32f4_hal_lowlevel.c ****   if(huart->RxState == HAL_UART_STATE_READY)
1040:/home/pacl/Documents/Repository/chipwhisperer/firmware/mcu/hal/chipwhisperer-fw-extra/stm32f4/stm32f4_hal_lowlevel.c ****   {
1041:/home/pacl/Documents/Repository/chipwhisperer/firmware/mcu/hal/chipwhisperer-fw-extra/stm32f4/stm32f4_hal_lowlevel.c ****     if((pData == NULL ) || (Size == 0))
1042:/home/pacl/Documents/Repository/chipwhisperer/firmware/mcu/hal/chipwhisperer-fw-extra/stm32f4/stm32f4_hal_lowlevel.c ****     {
1043:/home/pacl/Documents/Repository/chipwhisperer/firmware/mcu/hal/chipwhisperer-fw-extra/stm32f4/stm32f4_hal_lowlevel.c ****       return  HAL_ERROR;
1044:/home/pacl/Documents/Repository/chipwhisperer/firmware/mcu/hal/chipwhisperer-fw-extra/stm32f4/stm32f4_hal_lowlevel.c ****     }
1045:/home/pacl/Documents/Repository/chipwhisperer/firmware/mcu/hal/chipwhisperer-fw-extra/stm32f4/stm32f4_hal_lowlevel.c **** 
1046:/home/pacl/Documents/Repository/chipwhisperer/firmware/mcu/hal/chipwhisperer-fw-extra/stm32f4/stm32f4_hal_lowlevel.c ****     /* Process Locked */
1047:/home/pacl/Documents/Repository/chipwhisperer/firmware/mcu/hal/chipwhisperer-fw-extra/stm32f4/stm32f4_hal_lowlevel.c ****     __HAL_LOCK(huart);
1048:/home/pacl/Documents/Repository/chipwhisperer/firmware/mcu/hal/chipwhisperer-fw-extra/stm32f4/stm32f4_hal_lowlevel.c **** 
1049:/home/pacl/Documents/Repository/chipwhisperer/firmware/mcu/hal/chipwhisperer-fw-extra/stm32f4/stm32f4_hal_lowlevel.c ****     huart->ErrorCode = HAL_UART_ERROR_NONE;
1050:/home/pacl/Documents/Repository/chipwhisperer/firmware/mcu/hal/chipwhisperer-fw-extra/stm32f4/stm32f4_hal_lowlevel.c ****     huart->RxState = HAL_UART_STATE_BUSY_RX;
1051:/home/pacl/Documents/Repository/chipwhisperer/firmware/mcu/hal/chipwhisperer-fw-extra/stm32f4/stm32f4_hal_lowlevel.c **** 
1052:/home/pacl/Documents/Repository/chipwhisperer/firmware/mcu/hal/chipwhisperer-fw-extra/stm32f4/stm32f4_hal_lowlevel.c ****     /* Init tickstart for timeout managment */
1053:/home/pacl/Documents/Repository/chipwhisperer/firmware/mcu/hal/chipwhisperer-fw-extra/stm32f4/stm32f4_hal_lowlevel.c ****     //tickstart = HAL_GetTick();
1054:/home/pacl/Documents/Repository/chipwhisperer/firmware/mcu/hal/chipwhisperer-fw-extra/stm32f4/stm32f4_hal_lowlevel.c **** 
1055:/home/pacl/Documents/Repository/chipwhisperer/firmware/mcu/hal/chipwhisperer-fw-extra/stm32f4/stm32f4_hal_lowlevel.c ****     huart->RxXferSize = Size;
1056:/home/pacl/Documents/Repository/chipwhisperer/firmware/mcu/hal/chipwhisperer-fw-extra/stm32f4/stm32f4_hal_lowlevel.c ****     huart->RxXferCount = Size;
1057:/home/pacl/Documents/Repository/chipwhisperer/firmware/mcu/hal/chipwhisperer-fw-extra/stm32f4/stm32f4_hal_lowlevel.c **** 
1058:/home/pacl/Documents/Repository/chipwhisperer/firmware/mcu/hal/chipwhisperer-fw-extra/stm32f4/stm32f4_hal_lowlevel.c ****     /* Check the remain data to be received */
1059:/home/pacl/Documents/Repository/chipwhisperer/firmware/mcu/hal/chipwhisperer-fw-extra/stm32f4/stm32f4_hal_lowlevel.c ****     while(huart->RxXferCount > 0U)
1060:/home/pacl/Documents/Repository/chipwhisperer/firmware/mcu/hal/chipwhisperer-fw-extra/stm32f4/stm32f4_hal_lowlevel.c ****     {
1061:/home/pacl/Documents/Repository/chipwhisperer/firmware/mcu/hal/chipwhisperer-fw-extra/stm32f4/stm32f4_hal_lowlevel.c ****       huart->RxXferCount--;
1062:/home/pacl/Documents/Repository/chipwhisperer/firmware/mcu/hal/chipwhisperer-fw-extra/stm32f4/stm32f4_hal_lowlevel.c ****       if(huart->Init.WordLength == UART_WORDLENGTH_9B)
1063:/home/pacl/Documents/Repository/chipwhisperer/firmware/mcu/hal/chipwhisperer-fw-extra/stm32f4/stm32f4_hal_lowlevel.c ****       {
1064:/home/pacl/Documents/Repository/chipwhisperer/firmware/mcu/hal/chipwhisperer-fw-extra/stm32f4/stm32f4_hal_lowlevel.c ****         if(UART_WaitOnFlagForever(huart, UART_FLAG_RXNE, RESET) != HAL_OK)
1065:/home/pacl/Documents/Repository/chipwhisperer/firmware/mcu/hal/chipwhisperer-fw-extra/stm32f4/stm32f4_hal_lowlevel.c ****         {
1066:/home/pacl/Documents/Repository/chipwhisperer/firmware/mcu/hal/chipwhisperer-fw-extra/stm32f4/stm32f4_hal_lowlevel.c ****           return HAL_TIMEOUT;
1067:/home/pacl/Documents/Repository/chipwhisperer/firmware/mcu/hal/chipwhisperer-fw-extra/stm32f4/stm32f4_hal_lowlevel.c ****         }
1068:/home/pacl/Documents/Repository/chipwhisperer/firmware/mcu/hal/chipwhisperer-fw-extra/stm32f4/stm32f4_hal_lowlevel.c ****         tmp = (uint16_t*) pData;
1069:/home/pacl/Documents/Repository/chipwhisperer/firmware/mcu/hal/chipwhisperer-fw-extra/stm32f4/stm32f4_hal_lowlevel.c ****         if(huart->Init.Parity == UART_PARITY_NONE)
1070:/home/pacl/Documents/Repository/chipwhisperer/firmware/mcu/hal/chipwhisperer-fw-extra/stm32f4/stm32f4_hal_lowlevel.c ****         {
1071:/home/pacl/Documents/Repository/chipwhisperer/firmware/mcu/hal/chipwhisperer-fw-extra/stm32f4/stm32f4_hal_lowlevel.c ****           *tmp = (uint16_t)(huart->Instance->DR & (uint16_t)0x01FF);
1072:/home/pacl/Documents/Repository/chipwhisperer/firmware/mcu/hal/chipwhisperer-fw-extra/stm32f4/stm32f4_hal_lowlevel.c ****           pData +=2U;
1073:/home/pacl/Documents/Repository/chipwhisperer/firmware/mcu/hal/chipwhisperer-fw-extra/stm32f4/stm32f4_hal_lowlevel.c ****         }
1074:/home/pacl/Documents/Repository/chipwhisperer/firmware/mcu/hal/chipwhisperer-fw-extra/stm32f4/stm32f4_hal_lowlevel.c ****         else
1075:/home/pacl/Documents/Repository/chipwhisperer/firmware/mcu/hal/chipwhisperer-fw-extra/stm32f4/stm32f4_hal_lowlevel.c ****         {
1076:/home/pacl/Documents/Repository/chipwhisperer/firmware/mcu/hal/chipwhisperer-fw-extra/stm32f4/stm32f4_hal_lowlevel.c ****           *tmp = (uint16_t)(huart->Instance->DR & (uint16_t)0x00FF);
1077:/home/pacl/Documents/Repository/chipwhisperer/firmware/mcu/hal/chipwhisperer-fw-extra/stm32f4/stm32f4_hal_lowlevel.c ****           pData +=1U;
1078:/home/pacl/Documents/Repository/chipwhisperer/firmware/mcu/hal/chipwhisperer-fw-extra/stm32f4/stm32f4_hal_lowlevel.c ****         }
1079:/home/pacl/Documents/Repository/chipwhisperer/firmware/mcu/hal/chipwhisperer-fw-extra/stm32f4/stm32f4_hal_lowlevel.c **** 
1080:/home/pacl/Documents/Repository/chipwhisperer/firmware/mcu/hal/chipwhisperer-fw-extra/stm32f4/stm32f4_hal_lowlevel.c ****       }
1081:/home/pacl/Documents/Repository/chipwhisperer/firmware/mcu/hal/chipwhisperer-fw-extra/stm32f4/stm32f4_hal_lowlevel.c ****       else
1082:/home/pacl/Documents/Repository/chipwhisperer/firmware/mcu/hal/chipwhisperer-fw-extra/stm32f4/stm32f4_hal_lowlevel.c ****       {
1083:/home/pacl/Documents/Repository/chipwhisperer/firmware/mcu/hal/chipwhisperer-fw-extra/stm32f4/stm32f4_hal_lowlevel.c ****         if(UART_WaitOnFlagForever(huart, UART_FLAG_RXNE, RESET) != HAL_OK)
1084:/home/pacl/Documents/Repository/chipwhisperer/firmware/mcu/hal/chipwhisperer-fw-extra/stm32f4/stm32f4_hal_lowlevel.c ****         {
1085:/home/pacl/Documents/Repository/chipwhisperer/firmware/mcu/hal/chipwhisperer-fw-extra/stm32f4/stm32f4_hal_lowlevel.c ****           return HAL_TIMEOUT;
1086:/home/pacl/Documents/Repository/chipwhisperer/firmware/mcu/hal/chipwhisperer-fw-extra/stm32f4/stm32f4_hal_lowlevel.c ****         }
1087:/home/pacl/Documents/Repository/chipwhisperer/firmware/mcu/hal/chipwhisperer-fw-extra/stm32f4/stm32f4_hal_lowlevel.c ****         if(huart->Init.Parity == UART_PARITY_NONE)
1088:/home/pacl/Documents/Repository/chipwhisperer/firmware/mcu/hal/chipwhisperer-fw-extra/stm32f4/stm32f4_hal_lowlevel.c ****         {
1089:/home/pacl/Documents/Repository/chipwhisperer/firmware/mcu/hal/chipwhisperer-fw-extra/stm32f4/stm32f4_hal_lowlevel.c ****           *pData++ = (uint8_t)(huart->Instance->DR & (uint8_t)0x00FF);
1090:/home/pacl/Documents/Repository/chipwhisperer/firmware/mcu/hal/chipwhisperer-fw-extra/stm32f4/stm32f4_hal_lowlevel.c ****         }
1091:/home/pacl/Documents/Repository/chipwhisperer/firmware/mcu/hal/chipwhisperer-fw-extra/stm32f4/stm32f4_hal_lowlevel.c ****         else
1092:/home/pacl/Documents/Repository/chipwhisperer/firmware/mcu/hal/chipwhisperer-fw-extra/stm32f4/stm32f4_hal_lowlevel.c ****         {
1093:/home/pacl/Documents/Repository/chipwhisperer/firmware/mcu/hal/chipwhisperer-fw-extra/stm32f4/stm32f4_hal_lowlevel.c ****           *pData++ = (uint8_t)(huart->Instance->DR & (uint8_t)0x007F);
1094:/home/pacl/Documents/Repository/chipwhisperer/firmware/mcu/hal/chipwhisperer-fw-extra/stm32f4/stm32f4_hal_lowlevel.c ****         }
1095:/home/pacl/Documents/Repository/chipwhisperer/firmware/mcu/hal/chipwhisperer-fw-extra/stm32f4/stm32f4_hal_lowlevel.c **** 
1096:/home/pacl/Documents/Repository/chipwhisperer/firmware/mcu/hal/chipwhisperer-fw-extra/stm32f4/stm32f4_hal_lowlevel.c ****       }
1097:/home/pacl/Documents/Repository/chipwhisperer/firmware/mcu/hal/chipwhisperer-fw-extra/stm32f4/stm32f4_hal_lowlevel.c ****     }
1098:/home/pacl/Documents/Repository/chipwhisperer/firmware/mcu/hal/chipwhisperer-fw-extra/stm32f4/stm32f4_hal_lowlevel.c **** 
1099:/home/pacl/Documents/Repository/chipwhisperer/firmware/mcu/hal/chipwhisperer-fw-extra/stm32f4/stm32f4_hal_lowlevel.c ****     /* At end of Rx process, restore huart->RxState to Ready */
1100:/home/pacl/Documents/Repository/chipwhisperer/firmware/mcu/hal/chipwhisperer-fw-extra/stm32f4/stm32f4_hal_lowlevel.c ****     huart->RxState = HAL_UART_STATE_READY;
1101:/home/pacl/Documents/Repository/chipwhisperer/firmware/mcu/hal/chipwhisperer-fw-extra/stm32f4/stm32f4_hal_lowlevel.c **** 
1102:/home/pacl/Documents/Repository/chipwhisperer/firmware/mcu/hal/chipwhisperer-fw-extra/stm32f4/stm32f4_hal_lowlevel.c ****     /* Process Unlocked */
1103:/home/pacl/Documents/Repository/chipwhisperer/firmware/mcu/hal/chipwhisperer-fw-extra/stm32f4/stm32f4_hal_lowlevel.c ****     __HAL_UNLOCK(huart);
1104:/home/pacl/Documents/Repository/chipwhisperer/firmware/mcu/hal/chipwhisperer-fw-extra/stm32f4/stm32f4_hal_lowlevel.c **** 
1105:/home/pacl/Documents/Repository/chipwhisperer/firmware/mcu/hal/chipwhisperer-fw-extra/stm32f4/stm32f4_hal_lowlevel.c ****     return HAL_OK;
1106:/home/pacl/Documents/Repository/chipwhisperer/firmware/mcu/hal/chipwhisperer-fw-extra/stm32f4/stm32f4_hal_lowlevel.c ****   }
1107:/home/pacl/Documents/Repository/chipwhisperer/firmware/mcu/hal/chipwhisperer-fw-extra/stm32f4/stm32f4_hal_lowlevel.c ****   else
1108:/home/pacl/Documents/Repository/chipwhisperer/firmware/mcu/hal/chipwhisperer-fw-extra/stm32f4/stm32f4_hal_lowlevel.c ****   {
1109:/home/pacl/Documents/Repository/chipwhisperer/firmware/mcu/hal/chipwhisperer-fw-extra/stm32f4/stm32f4_hal_lowlevel.c ****     return HAL_BUSY;
1110:/home/pacl/Documents/Repository/chipwhisperer/firmware/mcu/hal/chipwhisperer-fw-extra/stm32f4/stm32f4_hal_lowlevel.c ****   }
1111:/home/pacl/Documents/Repository/chipwhisperer/firmware/mcu/hal/chipwhisperer-fw-extra/stm32f4/stm32f4_hal_lowlevel.c **** }
1112:/home/pacl/Documents/Repository/chipwhisperer/firmware/mcu/hal/chipwhisperer-fw-extra/stm32f4/stm32f4_hal_lowlevel.c **** 
1113:/home/pacl/Documents/Repository/chipwhisperer/firmware/mcu/hal/chipwhisperer-fw-extra/stm32f4/stm32f4_hal_lowlevel.c **** ///// ----- From stm32f4xx_cryp.c ------------------------------------------------
1114:/home/pacl/Documents/Repository/chipwhisperer/firmware/mcu/hal/chipwhisperer-fw-extra/stm32f4/stm32f4_hal_lowlevel.c **** //#define FLAG_MASK     ((uint8_t)0x20)
1115:/home/pacl/Documents/Repository/chipwhisperer/firmware/mcu/hal/chipwhisperer-fw-extra/stm32f4/stm32f4_hal_lowlevel.c **** 
1116:/home/pacl/Documents/Repository/chipwhisperer/firmware/mcu/hal/chipwhisperer-fw-extra/stm32f4/stm32f4_hal_lowlevel.c **** ///**
1117:/home/pacl/Documents/Repository/chipwhisperer/firmware/mcu/hal/chipwhisperer-fw-extra/stm32f4/stm32f4_hal_lowlevel.c ****   //* @brief  Fills each CRYP_KeyInitStruct member with its default value.
1118:/home/pacl/Documents/Repository/chipwhisperer/firmware/mcu/hal/chipwhisperer-fw-extra/stm32f4/stm32f4_hal_lowlevel.c ****   //* @param  CRYP_KeyInitStruct: pointer to a CRYP_KeyInitTypeDef structure 
1119:/home/pacl/Documents/Repository/chipwhisperer/firmware/mcu/hal/chipwhisperer-fw-extra/stm32f4/stm32f4_hal_lowlevel.c ****   //*         which will be initialized.
1120:/home/pacl/Documents/Repository/chipwhisperer/firmware/mcu/hal/chipwhisperer-fw-extra/stm32f4/stm32f4_hal_lowlevel.c ****   //* @retval None
1121:/home/pacl/Documents/Repository/chipwhisperer/firmware/mcu/hal/chipwhisperer-fw-extra/stm32f4/stm32f4_hal_lowlevel.c ****   //*/
1122:/home/pacl/Documents/Repository/chipwhisperer/firmware/mcu/hal/chipwhisperer-fw-extra/stm32f4/stm32f4_hal_lowlevel.c **** //void CRYP_KeyStructInit(CRYP_KeyInitTypeDef* CRYP_KeyInitStruct)
1123:/home/pacl/Documents/Repository/chipwhisperer/firmware/mcu/hal/chipwhisperer-fw-extra/stm32f4/stm32f4_hal_lowlevel.c **** //{
1124:/home/pacl/Documents/Repository/chipwhisperer/firmware/mcu/hal/chipwhisperer-fw-extra/stm32f4/stm32f4_hal_lowlevel.c ****   //CRYP_KeyInitStruct->CRYP_Key0Left  = 0;
1125:/home/pacl/Documents/Repository/chipwhisperer/firmware/mcu/hal/chipwhisperer-fw-extra/stm32f4/stm32f4_hal_lowlevel.c ****   //CRYP_KeyInitStruct->CRYP_Key0Right = 0;
1126:/home/pacl/Documents/Repository/chipwhisperer/firmware/mcu/hal/chipwhisperer-fw-extra/stm32f4/stm32f4_hal_lowlevel.c ****   //CRYP_KeyInitStruct->CRYP_Key1Left  = 0;
1127:/home/pacl/Documents/Repository/chipwhisperer/firmware/mcu/hal/chipwhisperer-fw-extra/stm32f4/stm32f4_hal_lowlevel.c ****   //CRYP_KeyInitStruct->CRYP_Key1Right = 0;
1128:/home/pacl/Documents/Repository/chipwhisperer/firmware/mcu/hal/chipwhisperer-fw-extra/stm32f4/stm32f4_hal_lowlevel.c ****   //CRYP_KeyInitStruct->CRYP_Key2Left  = 0;
1129:/home/pacl/Documents/Repository/chipwhisperer/firmware/mcu/hal/chipwhisperer-fw-extra/stm32f4/stm32f4_hal_lowlevel.c ****   //CRYP_KeyInitStruct->CRYP_Key2Right = 0;
1130:/home/pacl/Documents/Repository/chipwhisperer/firmware/mcu/hal/chipwhisperer-fw-extra/stm32f4/stm32f4_hal_lowlevel.c ****   //CRYP_KeyInitStruct->CRYP_Key3Left  = 0;
1131:/home/pacl/Documents/Repository/chipwhisperer/firmware/mcu/hal/chipwhisperer-fw-extra/stm32f4/stm32f4_hal_lowlevel.c ****   //CRYP_KeyInitStruct->CRYP_Key3Right = 0;
1132:/home/pacl/Documents/Repository/chipwhisperer/firmware/mcu/hal/chipwhisperer-fw-extra/stm32f4/stm32f4_hal_lowlevel.c **** //}
1133:/home/pacl/Documents/Repository/chipwhisperer/firmware/mcu/hal/chipwhisperer-fw-extra/stm32f4/stm32f4_hal_lowlevel.c **** 
1134:/home/pacl/Documents/Repository/chipwhisperer/firmware/mcu/hal/chipwhisperer-fw-extra/stm32f4/stm32f4_hal_lowlevel.c **** ///**
1135:/home/pacl/Documents/Repository/chipwhisperer/firmware/mcu/hal/chipwhisperer-fw-extra/stm32f4/stm32f4_hal_lowlevel.c ****   //* @brief  Flushes the IN and OUT FIFOs (that is read and write pointers of the 
1136:/home/pacl/Documents/Repository/chipwhisperer/firmware/mcu/hal/chipwhisperer-fw-extra/stm32f4/stm32f4_hal_lowlevel.c ****   //*         FIFOs are reset)
1137:/home/pacl/Documents/Repository/chipwhisperer/firmware/mcu/hal/chipwhisperer-fw-extra/stm32f4/stm32f4_hal_lowlevel.c ****   //* @note   The FIFOs must be flushed only when BUSY flag is reset.  
1138:/home/pacl/Documents/Repository/chipwhisperer/firmware/mcu/hal/chipwhisperer-fw-extra/stm32f4/stm32f4_hal_lowlevel.c ****   //* @param  None
1139:/home/pacl/Documents/Repository/chipwhisperer/firmware/mcu/hal/chipwhisperer-fw-extra/stm32f4/stm32f4_hal_lowlevel.c ****   //* @retval None
1140:/home/pacl/Documents/Repository/chipwhisperer/firmware/mcu/hal/chipwhisperer-fw-extra/stm32f4/stm32f4_hal_lowlevel.c ****   //*/
1141:/home/pacl/Documents/Repository/chipwhisperer/firmware/mcu/hal/chipwhisperer-fw-extra/stm32f4/stm32f4_hal_lowlevel.c **** //void CRYP_FIFOFlush(void)
1142:/home/pacl/Documents/Repository/chipwhisperer/firmware/mcu/hal/chipwhisperer-fw-extra/stm32f4/stm32f4_hal_lowlevel.c **** //{
1143:/home/pacl/Documents/Repository/chipwhisperer/firmware/mcu/hal/chipwhisperer-fw-extra/stm32f4/stm32f4_hal_lowlevel.c ****   ///* Reset the read and write pointers of the FIFOs */
1144:/home/pacl/Documents/Repository/chipwhisperer/firmware/mcu/hal/chipwhisperer-fw-extra/stm32f4/stm32f4_hal_lowlevel.c ****   //CRYP->CR |= CRYP_CR_FFLUSH;
1145:/home/pacl/Documents/Repository/chipwhisperer/firmware/mcu/hal/chipwhisperer-fw-extra/stm32f4/stm32f4_hal_lowlevel.c **** //}
1146:/home/pacl/Documents/Repository/chipwhisperer/firmware/mcu/hal/chipwhisperer-fw-extra/stm32f4/stm32f4_hal_lowlevel.c **** 
1147:/home/pacl/Documents/Repository/chipwhisperer/firmware/mcu/hal/chipwhisperer-fw-extra/stm32f4/stm32f4_hal_lowlevel.c **** ///**
1148:/home/pacl/Documents/Repository/chipwhisperer/firmware/mcu/hal/chipwhisperer-fw-extra/stm32f4/stm32f4_hal_lowlevel.c ****   //* @brief  Initializes the CRYP peripheral according to the specified parameters
1149:/home/pacl/Documents/Repository/chipwhisperer/firmware/mcu/hal/chipwhisperer-fw-extra/stm32f4/stm32f4_hal_lowlevel.c ****   //*         in the CRYP_InitStruct.
1150:/home/pacl/Documents/Repository/chipwhisperer/firmware/mcu/hal/chipwhisperer-fw-extra/stm32f4/stm32f4_hal_lowlevel.c ****   //* @param  CRYP_InitStruct: pointer to a CRYP_InitTypeDef structure that contains
1151:/home/pacl/Documents/Repository/chipwhisperer/firmware/mcu/hal/chipwhisperer-fw-extra/stm32f4/stm32f4_hal_lowlevel.c ****   //*         the configuration information for the CRYP peripheral.
1152:/home/pacl/Documents/Repository/chipwhisperer/firmware/mcu/hal/chipwhisperer-fw-extra/stm32f4/stm32f4_hal_lowlevel.c ****   //* @retval None
1153:/home/pacl/Documents/Repository/chipwhisperer/firmware/mcu/hal/chipwhisperer-fw-extra/stm32f4/stm32f4_hal_lowlevel.c ****   //*/
1154:/home/pacl/Documents/Repository/chipwhisperer/firmware/mcu/hal/chipwhisperer-fw-extra/stm32f4/stm32f4_hal_lowlevel.c **** //void CRYP_Init(CRYP_InitTypeDef* CRYP_InitStruct)
1155:/home/pacl/Documents/Repository/chipwhisperer/firmware/mcu/hal/chipwhisperer-fw-extra/stm32f4/stm32f4_hal_lowlevel.c **** //{
1156:/home/pacl/Documents/Repository/chipwhisperer/firmware/mcu/hal/chipwhisperer-fw-extra/stm32f4/stm32f4_hal_lowlevel.c ****   ///* Check the parameters */
1157:/home/pacl/Documents/Repository/chipwhisperer/firmware/mcu/hal/chipwhisperer-fw-extra/stm32f4/stm32f4_hal_lowlevel.c ****   //assert_param(IS_CRYP_ALGOMODE(CRYP_InitStruct->CRYP_AlgoMode));
1158:/home/pacl/Documents/Repository/chipwhisperer/firmware/mcu/hal/chipwhisperer-fw-extra/stm32f4/stm32f4_hal_lowlevel.c ****   //assert_param(IS_CRYP_DATATYPE(CRYP_InitStruct->CRYP_DataType));
1159:/home/pacl/Documents/Repository/chipwhisperer/firmware/mcu/hal/chipwhisperer-fw-extra/stm32f4/stm32f4_hal_lowlevel.c ****   //assert_param(IS_CRYP_ALGODIR(CRYP_InitStruct->CRYP_AlgoDir));
1160:/home/pacl/Documents/Repository/chipwhisperer/firmware/mcu/hal/chipwhisperer-fw-extra/stm32f4/stm32f4_hal_lowlevel.c **** 
1161:/home/pacl/Documents/Repository/chipwhisperer/firmware/mcu/hal/chipwhisperer-fw-extra/stm32f4/stm32f4_hal_lowlevel.c ****   ///* Select Algorithm mode*/  
1162:/home/pacl/Documents/Repository/chipwhisperer/firmware/mcu/hal/chipwhisperer-fw-extra/stm32f4/stm32f4_hal_lowlevel.c ****   //CRYP->CR &= ~CRYP_CR_ALGOMODE;
1163:/home/pacl/Documents/Repository/chipwhisperer/firmware/mcu/hal/chipwhisperer-fw-extra/stm32f4/stm32f4_hal_lowlevel.c ****   //CRYP->CR |= CRYP_InitStruct->CRYP_AlgoMode;
1164:/home/pacl/Documents/Repository/chipwhisperer/firmware/mcu/hal/chipwhisperer-fw-extra/stm32f4/stm32f4_hal_lowlevel.c **** 
1165:/home/pacl/Documents/Repository/chipwhisperer/firmware/mcu/hal/chipwhisperer-fw-extra/stm32f4/stm32f4_hal_lowlevel.c ****   ///* Select dataType */ 
1166:/home/pacl/Documents/Repository/chipwhisperer/firmware/mcu/hal/chipwhisperer-fw-extra/stm32f4/stm32f4_hal_lowlevel.c ****   //CRYP->CR &= ~CRYP_CR_DATATYPE;
1167:/home/pacl/Documents/Repository/chipwhisperer/firmware/mcu/hal/chipwhisperer-fw-extra/stm32f4/stm32f4_hal_lowlevel.c ****   //CRYP->CR |= CRYP_InitStruct->CRYP_DataType;
1168:/home/pacl/Documents/Repository/chipwhisperer/firmware/mcu/hal/chipwhisperer-fw-extra/stm32f4/stm32f4_hal_lowlevel.c **** 
1169:/home/pacl/Documents/Repository/chipwhisperer/firmware/mcu/hal/chipwhisperer-fw-extra/stm32f4/stm32f4_hal_lowlevel.c ****   ///* select Key size (used only with AES algorithm) */
1170:/home/pacl/Documents/Repository/chipwhisperer/firmware/mcu/hal/chipwhisperer-fw-extra/stm32f4/stm32f4_hal_lowlevel.c ****   //if ((CRYP_InitStruct->CRYP_AlgoMode != CRYP_AlgoMode_TDES_ECB) &&
1171:/home/pacl/Documents/Repository/chipwhisperer/firmware/mcu/hal/chipwhisperer-fw-extra/stm32f4/stm32f4_hal_lowlevel.c ****       //(CRYP_InitStruct->CRYP_AlgoMode != CRYP_AlgoMode_TDES_CBC) &&
1172:/home/pacl/Documents/Repository/chipwhisperer/firmware/mcu/hal/chipwhisperer-fw-extra/stm32f4/stm32f4_hal_lowlevel.c ****       //(CRYP_InitStruct->CRYP_AlgoMode != CRYP_AlgoMode_DES_ECB) &&
1173:/home/pacl/Documents/Repository/chipwhisperer/firmware/mcu/hal/chipwhisperer-fw-extra/stm32f4/stm32f4_hal_lowlevel.c ****       //(CRYP_InitStruct->CRYP_AlgoMode != CRYP_AlgoMode_DES_CBC))
1174:/home/pacl/Documents/Repository/chipwhisperer/firmware/mcu/hal/chipwhisperer-fw-extra/stm32f4/stm32f4_hal_lowlevel.c ****   //{
1175:/home/pacl/Documents/Repository/chipwhisperer/firmware/mcu/hal/chipwhisperer-fw-extra/stm32f4/stm32f4_hal_lowlevel.c ****     //assert_param(IS_CRYP_KEYSIZE(CRYP_InitStruct->CRYP_KeySize));
1176:/home/pacl/Documents/Repository/chipwhisperer/firmware/mcu/hal/chipwhisperer-fw-extra/stm32f4/stm32f4_hal_lowlevel.c ****     //CRYP->CR &= ~CRYP_CR_KEYSIZE;
1177:/home/pacl/Documents/Repository/chipwhisperer/firmware/mcu/hal/chipwhisperer-fw-extra/stm32f4/stm32f4_hal_lowlevel.c ****     //CRYP->CR |= CRYP_InitStruct->CRYP_KeySize; /* Key size and value must be 
1178:/home/pacl/Documents/Repository/chipwhisperer/firmware/mcu/hal/chipwhisperer-fw-extra/stm32f4/stm32f4_hal_lowlevel.c ****                                                   //configured once the key has 
1179:/home/pacl/Documents/Repository/chipwhisperer/firmware/mcu/hal/chipwhisperer-fw-extra/stm32f4/stm32f4_hal_lowlevel.c ****                                                   //been prepared */
1180:/home/pacl/Documents/Repository/chipwhisperer/firmware/mcu/hal/chipwhisperer-fw-extra/stm32f4/stm32f4_hal_lowlevel.c ****   //}
1181:/home/pacl/Documents/Repository/chipwhisperer/firmware/mcu/hal/chipwhisperer-fw-extra/stm32f4/stm32f4_hal_lowlevel.c **** 
1182:/home/pacl/Documents/Repository/chipwhisperer/firmware/mcu/hal/chipwhisperer-fw-extra/stm32f4/stm32f4_hal_lowlevel.c ****   ///* Select data Direction */ 
1183:/home/pacl/Documents/Repository/chipwhisperer/firmware/mcu/hal/chipwhisperer-fw-extra/stm32f4/stm32f4_hal_lowlevel.c ****   //CRYP->CR &= ~CRYP_CR_ALGODIR;
1184:/home/pacl/Documents/Repository/chipwhisperer/firmware/mcu/hal/chipwhisperer-fw-extra/stm32f4/stm32f4_hal_lowlevel.c ****   //CRYP->CR |= CRYP_InitStruct->CRYP_AlgoDir;
1185:/home/pacl/Documents/Repository/chipwhisperer/firmware/mcu/hal/chipwhisperer-fw-extra/stm32f4/stm32f4_hal_lowlevel.c **** //}
1186:/home/pacl/Documents/Repository/chipwhisperer/firmware/mcu/hal/chipwhisperer-fw-extra/stm32f4/stm32f4_hal_lowlevel.c **** 
1187:/home/pacl/Documents/Repository/chipwhisperer/firmware/mcu/hal/chipwhisperer-fw-extra/stm32f4/stm32f4_hal_lowlevel.c **** ///**
1188:/home/pacl/Documents/Repository/chipwhisperer/firmware/mcu/hal/chipwhisperer-fw-extra/stm32f4/stm32f4_hal_lowlevel.c ****   //* @brief  Initializes the CRYP Keys according to the specified parameters in
1189:/home/pacl/Documents/Repository/chipwhisperer/firmware/mcu/hal/chipwhisperer-fw-extra/stm32f4/stm32f4_hal_lowlevel.c ****   //*         the CRYP_KeyInitStruct.
1190:/home/pacl/Documents/Repository/chipwhisperer/firmware/mcu/hal/chipwhisperer-fw-extra/stm32f4/stm32f4_hal_lowlevel.c ****   //* @param  CRYP_KeyInitStruct: pointer to a CRYP_KeyInitTypeDef structure that
1191:/home/pacl/Documents/Repository/chipwhisperer/firmware/mcu/hal/chipwhisperer-fw-extra/stm32f4/stm32f4_hal_lowlevel.c ****   //*         contains the configuration information for the CRYP Keys.
1192:/home/pacl/Documents/Repository/chipwhisperer/firmware/mcu/hal/chipwhisperer-fw-extra/stm32f4/stm32f4_hal_lowlevel.c ****   //* @retval None
1193:/home/pacl/Documents/Repository/chipwhisperer/firmware/mcu/hal/chipwhisperer-fw-extra/stm32f4/stm32f4_hal_lowlevel.c ****   //*/
1194:/home/pacl/Documents/Repository/chipwhisperer/firmware/mcu/hal/chipwhisperer-fw-extra/stm32f4/stm32f4_hal_lowlevel.c **** //void CRYP_KeyInit(CRYP_KeyInitTypeDef* CRYP_KeyInitStruct)
1195:/home/pacl/Documents/Repository/chipwhisperer/firmware/mcu/hal/chipwhisperer-fw-extra/stm32f4/stm32f4_hal_lowlevel.c **** //{
1196:/home/pacl/Documents/Repository/chipwhisperer/firmware/mcu/hal/chipwhisperer-fw-extra/stm32f4/stm32f4_hal_lowlevel.c ****   ///* Key Initialisation */
1197:/home/pacl/Documents/Repository/chipwhisperer/firmware/mcu/hal/chipwhisperer-fw-extra/stm32f4/stm32f4_hal_lowlevel.c ****   //CRYP->K0LR = CRYP_KeyInitStruct->CRYP_Key0Left;
1198:/home/pacl/Documents/Repository/chipwhisperer/firmware/mcu/hal/chipwhisperer-fw-extra/stm32f4/stm32f4_hal_lowlevel.c ****   //CRYP->K0RR = CRYP_KeyInitStruct->CRYP_Key0Right;
1199:/home/pacl/Documents/Repository/chipwhisperer/firmware/mcu/hal/chipwhisperer-fw-extra/stm32f4/stm32f4_hal_lowlevel.c ****   //CRYP->K1LR = CRYP_KeyInitStruct->CRYP_Key1Left;
1200:/home/pacl/Documents/Repository/chipwhisperer/firmware/mcu/hal/chipwhisperer-fw-extra/stm32f4/stm32f4_hal_lowlevel.c ****   //CRYP->K1RR = CRYP_KeyInitStruct->CRYP_Key1Right;
1201:/home/pacl/Documents/Repository/chipwhisperer/firmware/mcu/hal/chipwhisperer-fw-extra/stm32f4/stm32f4_hal_lowlevel.c ****   //CRYP->K2LR = CRYP_KeyInitStruct->CRYP_Key2Left;
1202:/home/pacl/Documents/Repository/chipwhisperer/firmware/mcu/hal/chipwhisperer-fw-extra/stm32f4/stm32f4_hal_lowlevel.c ****   //CRYP->K2RR = CRYP_KeyInitStruct->CRYP_Key2Right;
1203:/home/pacl/Documents/Repository/chipwhisperer/firmware/mcu/hal/chipwhisperer-fw-extra/stm32f4/stm32f4_hal_lowlevel.c ****   //CRYP->K3LR = CRYP_KeyInitStruct->CRYP_Key3Left;
1204:/home/pacl/Documents/Repository/chipwhisperer/firmware/mcu/hal/chipwhisperer-fw-extra/stm32f4/stm32f4_hal_lowlevel.c ****   //CRYP->K3RR = CRYP_KeyInitStruct->CRYP_Key3Right;
1205:/home/pacl/Documents/Repository/chipwhisperer/firmware/mcu/hal/chipwhisperer-fw-extra/stm32f4/stm32f4_hal_lowlevel.c **** //}
1206:/home/pacl/Documents/Repository/chipwhisperer/firmware/mcu/hal/chipwhisperer-fw-extra/stm32f4/stm32f4_hal_lowlevel.c **** 
1207:/home/pacl/Documents/Repository/chipwhisperer/firmware/mcu/hal/chipwhisperer-fw-extra/stm32f4/stm32f4_hal_lowlevel.c **** ///**
1208:/home/pacl/Documents/Repository/chipwhisperer/firmware/mcu/hal/chipwhisperer-fw-extra/stm32f4/stm32f4_hal_lowlevel.c ****   //* @brief  Enables or disables the CRYP peripheral.
1209:/home/pacl/Documents/Repository/chipwhisperer/firmware/mcu/hal/chipwhisperer-fw-extra/stm32f4/stm32f4_hal_lowlevel.c ****   //* @param  NewState: new state of the CRYP peripheral.
1210:/home/pacl/Documents/Repository/chipwhisperer/firmware/mcu/hal/chipwhisperer-fw-extra/stm32f4/stm32f4_hal_lowlevel.c ****   //*          This parameter can be: ENABLE or DISABLE.
1211:/home/pacl/Documents/Repository/chipwhisperer/firmware/mcu/hal/chipwhisperer-fw-extra/stm32f4/stm32f4_hal_lowlevel.c ****   //* @retval None
1212:/home/pacl/Documents/Repository/chipwhisperer/firmware/mcu/hal/chipwhisperer-fw-extra/stm32f4/stm32f4_hal_lowlevel.c ****   //*/
1213:/home/pacl/Documents/Repository/chipwhisperer/firmware/mcu/hal/chipwhisperer-fw-extra/stm32f4/stm32f4_hal_lowlevel.c **** //void CRYP_Cmd(FunctionalState NewState)
1214:/home/pacl/Documents/Repository/chipwhisperer/firmware/mcu/hal/chipwhisperer-fw-extra/stm32f4/stm32f4_hal_lowlevel.c **** //{
1215:/home/pacl/Documents/Repository/chipwhisperer/firmware/mcu/hal/chipwhisperer-fw-extra/stm32f4/stm32f4_hal_lowlevel.c ****   ///* Check the parameters */
1216:/home/pacl/Documents/Repository/chipwhisperer/firmware/mcu/hal/chipwhisperer-fw-extra/stm32f4/stm32f4_hal_lowlevel.c ****   //assert_param(IS_FUNCTIONAL_STATE(NewState));
1217:/home/pacl/Documents/Repository/chipwhisperer/firmware/mcu/hal/chipwhisperer-fw-extra/stm32f4/stm32f4_hal_lowlevel.c **** 
1218:/home/pacl/Documents/Repository/chipwhisperer/firmware/mcu/hal/chipwhisperer-fw-extra/stm32f4/stm32f4_hal_lowlevel.c ****   //if (NewState != DISABLE)
1219:/home/pacl/Documents/Repository/chipwhisperer/firmware/mcu/hal/chipwhisperer-fw-extra/stm32f4/stm32f4_hal_lowlevel.c ****   //{
1220:/home/pacl/Documents/Repository/chipwhisperer/firmware/mcu/hal/chipwhisperer-fw-extra/stm32f4/stm32f4_hal_lowlevel.c ****     ///* Enable the Cryptographic processor */
1221:/home/pacl/Documents/Repository/chipwhisperer/firmware/mcu/hal/chipwhisperer-fw-extra/stm32f4/stm32f4_hal_lowlevel.c ****     //CRYP->CR |= CRYP_CR_CRYPEN;
1222:/home/pacl/Documents/Repository/chipwhisperer/firmware/mcu/hal/chipwhisperer-fw-extra/stm32f4/stm32f4_hal_lowlevel.c ****   //}
1223:/home/pacl/Documents/Repository/chipwhisperer/firmware/mcu/hal/chipwhisperer-fw-extra/stm32f4/stm32f4_hal_lowlevel.c ****   //else
1224:/home/pacl/Documents/Repository/chipwhisperer/firmware/mcu/hal/chipwhisperer-fw-extra/stm32f4/stm32f4_hal_lowlevel.c ****   //{
1225:/home/pacl/Documents/Repository/chipwhisperer/firmware/mcu/hal/chipwhisperer-fw-extra/stm32f4/stm32f4_hal_lowlevel.c ****     ///* Disable the Cryptographic processor */
1226:/home/pacl/Documents/Repository/chipwhisperer/firmware/mcu/hal/chipwhisperer-fw-extra/stm32f4/stm32f4_hal_lowlevel.c ****     //CRYP->CR &= ~CRYP_CR_CRYPEN;
1227:/home/pacl/Documents/Repository/chipwhisperer/firmware/mcu/hal/chipwhisperer-fw-extra/stm32f4/stm32f4_hal_lowlevel.c ****   //}
1228:/home/pacl/Documents/Repository/chipwhisperer/firmware/mcu/hal/chipwhisperer-fw-extra/stm32f4/stm32f4_hal_lowlevel.c **** //}
1229:/home/pacl/Documents/Repository/chipwhisperer/firmware/mcu/hal/chipwhisperer-fw-extra/stm32f4/stm32f4_hal_lowlevel.c **** 
1230:/home/pacl/Documents/Repository/chipwhisperer/firmware/mcu/hal/chipwhisperer-fw-extra/stm32f4/stm32f4_hal_lowlevel.c **** ///**
1231:/home/pacl/Documents/Repository/chipwhisperer/firmware/mcu/hal/chipwhisperer-fw-extra/stm32f4/stm32f4_hal_lowlevel.c ****   //* @brief  Returns whether CRYP peripheral is enabled or disabled.
1232:/home/pacl/Documents/Repository/chipwhisperer/firmware/mcu/hal/chipwhisperer-fw-extra/stm32f4/stm32f4_hal_lowlevel.c ****   //* @param  none.
1233:/home/pacl/Documents/Repository/chipwhisperer/firmware/mcu/hal/chipwhisperer-fw-extra/stm32f4/stm32f4_hal_lowlevel.c ****   //* @retval Current state of the CRYP peripheral (ENABLE or DISABLE).
1234:/home/pacl/Documents/Repository/chipwhisperer/firmware/mcu/hal/chipwhisperer-fw-extra/stm32f4/stm32f4_hal_lowlevel.c ****   //*/
1235:/home/pacl/Documents/Repository/chipwhisperer/firmware/mcu/hal/chipwhisperer-fw-extra/stm32f4/stm32f4_hal_lowlevel.c **** //FunctionalState CRYP_GetCmdStatus(void)
1236:/home/pacl/Documents/Repository/chipwhisperer/firmware/mcu/hal/chipwhisperer-fw-extra/stm32f4/stm32f4_hal_lowlevel.c **** //{
1237:/home/pacl/Documents/Repository/chipwhisperer/firmware/mcu/hal/chipwhisperer-fw-extra/stm32f4/stm32f4_hal_lowlevel.c ****   //FunctionalState state = DISABLE;
1238:/home/pacl/Documents/Repository/chipwhisperer/firmware/mcu/hal/chipwhisperer-fw-extra/stm32f4/stm32f4_hal_lowlevel.c **** 
1239:/home/pacl/Documents/Repository/chipwhisperer/firmware/mcu/hal/chipwhisperer-fw-extra/stm32f4/stm32f4_hal_lowlevel.c ****   //if ((CRYP->CR & CRYP_CR_CRYPEN) != 0)
1240:/home/pacl/Documents/Repository/chipwhisperer/firmware/mcu/hal/chipwhisperer-fw-extra/stm32f4/stm32f4_hal_lowlevel.c ****   //{
1241:/home/pacl/Documents/Repository/chipwhisperer/firmware/mcu/hal/chipwhisperer-fw-extra/stm32f4/stm32f4_hal_lowlevel.c ****     ///* CRYPEN bit is set */
1242:/home/pacl/Documents/Repository/chipwhisperer/firmware/mcu/hal/chipwhisperer-fw-extra/stm32f4/stm32f4_hal_lowlevel.c ****     //state = ENABLE;
1243:/home/pacl/Documents/Repository/chipwhisperer/firmware/mcu/hal/chipwhisperer-fw-extra/stm32f4/stm32f4_hal_lowlevel.c ****   //}
1244:/home/pacl/Documents/Repository/chipwhisperer/firmware/mcu/hal/chipwhisperer-fw-extra/stm32f4/stm32f4_hal_lowlevel.c ****   //else
1245:/home/pacl/Documents/Repository/chipwhisperer/firmware/mcu/hal/chipwhisperer-fw-extra/stm32f4/stm32f4_hal_lowlevel.c ****   //{
1246:/home/pacl/Documents/Repository/chipwhisperer/firmware/mcu/hal/chipwhisperer-fw-extra/stm32f4/stm32f4_hal_lowlevel.c ****     ///* CRYPEN bit is reset */
1247:/home/pacl/Documents/Repository/chipwhisperer/firmware/mcu/hal/chipwhisperer-fw-extra/stm32f4/stm32f4_hal_lowlevel.c ****     //state = DISABLE;
1248:/home/pacl/Documents/Repository/chipwhisperer/firmware/mcu/hal/chipwhisperer-fw-extra/stm32f4/stm32f4_hal_lowlevel.c ****   //}
1249:/home/pacl/Documents/Repository/chipwhisperer/firmware/mcu/hal/chipwhisperer-fw-extra/stm32f4/stm32f4_hal_lowlevel.c ****   //return state;
1250:/home/pacl/Documents/Repository/chipwhisperer/firmware/mcu/hal/chipwhisperer-fw-extra/stm32f4/stm32f4_hal_lowlevel.c **** //}
1251:/home/pacl/Documents/Repository/chipwhisperer/firmware/mcu/hal/chipwhisperer-fw-extra/stm32f4/stm32f4_hal_lowlevel.c **** 
1252:/home/pacl/Documents/Repository/chipwhisperer/firmware/mcu/hal/chipwhisperer-fw-extra/stm32f4/stm32f4_hal_lowlevel.c **** ///**
1253:/home/pacl/Documents/Repository/chipwhisperer/firmware/mcu/hal/chipwhisperer-fw-extra/stm32f4/stm32f4_hal_lowlevel.c ****   //* @brief  Writes data in the Data Input register (DIN).
1254:/home/pacl/Documents/Repository/chipwhisperer/firmware/mcu/hal/chipwhisperer-fw-extra/stm32f4/stm32f4_hal_lowlevel.c ****   //* @note   After the DIN register has been read once or several times, 
1255:/home/pacl/Documents/Repository/chipwhisperer/firmware/mcu/hal/chipwhisperer-fw-extra/stm32f4/stm32f4_hal_lowlevel.c ****   //*         the FIFO must be flushed (using CRYP_FIFOFlush() function).  
1256:/home/pacl/Documents/Repository/chipwhisperer/firmware/mcu/hal/chipwhisperer-fw-extra/stm32f4/stm32f4_hal_lowlevel.c ****   //* @param  Data: data to write in Data Input register
1257:/home/pacl/Documents/Repository/chipwhisperer/firmware/mcu/hal/chipwhisperer-fw-extra/stm32f4/stm32f4_hal_lowlevel.c ****   //* @retval None
1258:/home/pacl/Documents/Repository/chipwhisperer/firmware/mcu/hal/chipwhisperer-fw-extra/stm32f4/stm32f4_hal_lowlevel.c ****   //*/
1259:/home/pacl/Documents/Repository/chipwhisperer/firmware/mcu/hal/chipwhisperer-fw-extra/stm32f4/stm32f4_hal_lowlevel.c **** //void CRYP_DataIn(uint32_t Data)
1260:/home/pacl/Documents/Repository/chipwhisperer/firmware/mcu/hal/chipwhisperer-fw-extra/stm32f4/stm32f4_hal_lowlevel.c **** //{
1261:/home/pacl/Documents/Repository/chipwhisperer/firmware/mcu/hal/chipwhisperer-fw-extra/stm32f4/stm32f4_hal_lowlevel.c ****   //CRYP->DR = Data;
1262:/home/pacl/Documents/Repository/chipwhisperer/firmware/mcu/hal/chipwhisperer-fw-extra/stm32f4/stm32f4_hal_lowlevel.c **** //}
1263:/home/pacl/Documents/Repository/chipwhisperer/firmware/mcu/hal/chipwhisperer-fw-extra/stm32f4/stm32f4_hal_lowlevel.c **** 
1264:/home/pacl/Documents/Repository/chipwhisperer/firmware/mcu/hal/chipwhisperer-fw-extra/stm32f4/stm32f4_hal_lowlevel.c **** ///**
1265:/home/pacl/Documents/Repository/chipwhisperer/firmware/mcu/hal/chipwhisperer-fw-extra/stm32f4/stm32f4_hal_lowlevel.c ****   //* @brief  Returns the last data entered into the output FIFO.
1266:/home/pacl/Documents/Repository/chipwhisperer/firmware/mcu/hal/chipwhisperer-fw-extra/stm32f4/stm32f4_hal_lowlevel.c ****   //* @param  None
1267:/home/pacl/Documents/Repository/chipwhisperer/firmware/mcu/hal/chipwhisperer-fw-extra/stm32f4/stm32f4_hal_lowlevel.c ****   //* @retval Last data entered into the output FIFO.
1268:/home/pacl/Documents/Repository/chipwhisperer/firmware/mcu/hal/chipwhisperer-fw-extra/stm32f4/stm32f4_hal_lowlevel.c ****   //*/
1269:/home/pacl/Documents/Repository/chipwhisperer/firmware/mcu/hal/chipwhisperer-fw-extra/stm32f4/stm32f4_hal_lowlevel.c **** //uint32_t CRYP_DataOut(void)
1270:/home/pacl/Documents/Repository/chipwhisperer/firmware/mcu/hal/chipwhisperer-fw-extra/stm32f4/stm32f4_hal_lowlevel.c **** //{
1271:/home/pacl/Documents/Repository/chipwhisperer/firmware/mcu/hal/chipwhisperer-fw-extra/stm32f4/stm32f4_hal_lowlevel.c ****   //return CRYP->DOUT;
1272:/home/pacl/Documents/Repository/chipwhisperer/firmware/mcu/hal/chipwhisperer-fw-extra/stm32f4/stm32f4_hal_lowlevel.c **** //}
1273:/home/pacl/Documents/Repository/chipwhisperer/firmware/mcu/hal/chipwhisperer-fw-extra/stm32f4/stm32f4_hal_lowlevel.c **** 
1274:/home/pacl/Documents/Repository/chipwhisperer/firmware/mcu/hal/chipwhisperer-fw-extra/stm32f4/stm32f4_hal_lowlevel.c **** ///**
1275:/home/pacl/Documents/Repository/chipwhisperer/firmware/mcu/hal/chipwhisperer-fw-extra/stm32f4/stm32f4_hal_lowlevel.c ****   //* @brief  Checks whether the specified CRYP flag is set or not.
1276:/home/pacl/Documents/Repository/chipwhisperer/firmware/mcu/hal/chipwhisperer-fw-extra/stm32f4/stm32f4_hal_lowlevel.c ****   //* @param  CRYP_FLAG: specifies the CRYP flag to check.
1277:/home/pacl/Documents/Repository/chipwhisperer/firmware/mcu/hal/chipwhisperer-fw-extra/stm32f4/stm32f4_hal_lowlevel.c ****   //*          This parameter can be one of the following values:
1278:/home/pacl/Documents/Repository/chipwhisperer/firmware/mcu/hal/chipwhisperer-fw-extra/stm32f4/stm32f4_hal_lowlevel.c ****   //*            @arg CRYP_FLAG_IFEM: Input FIFO Empty flag.
1279:/home/pacl/Documents/Repository/chipwhisperer/firmware/mcu/hal/chipwhisperer-fw-extra/stm32f4/stm32f4_hal_lowlevel.c ****   //*            @arg CRYP_FLAG_IFNF: Input FIFO Not Full flag.
1280:/home/pacl/Documents/Repository/chipwhisperer/firmware/mcu/hal/chipwhisperer-fw-extra/stm32f4/stm32f4_hal_lowlevel.c ****   //*            @arg CRYP_FLAG_OFNE: Output FIFO Not Empty flag.
1281:/home/pacl/Documents/Repository/chipwhisperer/firmware/mcu/hal/chipwhisperer-fw-extra/stm32f4/stm32f4_hal_lowlevel.c ****   //*            @arg CRYP_FLAG_OFFU: Output FIFO Full flag.
1282:/home/pacl/Documents/Repository/chipwhisperer/firmware/mcu/hal/chipwhisperer-fw-extra/stm32f4/stm32f4_hal_lowlevel.c ****   //*            @arg CRYP_FLAG_BUSY: Busy flag.
1283:/home/pacl/Documents/Repository/chipwhisperer/firmware/mcu/hal/chipwhisperer-fw-extra/stm32f4/stm32f4_hal_lowlevel.c ****   //*            @arg CRYP_FLAG_OUTRIS: Output FIFO raw interrupt flag.
1284:/home/pacl/Documents/Repository/chipwhisperer/firmware/mcu/hal/chipwhisperer-fw-extra/stm32f4/stm32f4_hal_lowlevel.c ****   //*            @arg CRYP_FLAG_INRIS: Input FIFO raw interrupt flag.
1285:/home/pacl/Documents/Repository/chipwhisperer/firmware/mcu/hal/chipwhisperer-fw-extra/stm32f4/stm32f4_hal_lowlevel.c ****   //* @retval The new state of CRYP_FLAG (SET or RESET).
1286:/home/pacl/Documents/Repository/chipwhisperer/firmware/mcu/hal/chipwhisperer-fw-extra/stm32f4/stm32f4_hal_lowlevel.c ****   //*/
1287:/home/pacl/Documents/Repository/chipwhisperer/firmware/mcu/hal/chipwhisperer-fw-extra/stm32f4/stm32f4_hal_lowlevel.c **** //FlagStatus CRYP_GetFlagStatus(uint8_t CRYP_FLAG)
1288:/home/pacl/Documents/Repository/chipwhisperer/firmware/mcu/hal/chipwhisperer-fw-extra/stm32f4/stm32f4_hal_lowlevel.c **** //{
1289:/home/pacl/Documents/Repository/chipwhisperer/firmware/mcu/hal/chipwhisperer-fw-extra/stm32f4/stm32f4_hal_lowlevel.c ****   //FlagStatus bitstatus = RESET;
1290:/home/pacl/Documents/Repository/chipwhisperer/firmware/mcu/hal/chipwhisperer-fw-extra/stm32f4/stm32f4_hal_lowlevel.c ****   //uint32_t tempreg = 0;
1291:/home/pacl/Documents/Repository/chipwhisperer/firmware/mcu/hal/chipwhisperer-fw-extra/stm32f4/stm32f4_hal_lowlevel.c **** 
1292:/home/pacl/Documents/Repository/chipwhisperer/firmware/mcu/hal/chipwhisperer-fw-extra/stm32f4/stm32f4_hal_lowlevel.c ****   ///* Check the parameters */
1293:/home/pacl/Documents/Repository/chipwhisperer/firmware/mcu/hal/chipwhisperer-fw-extra/stm32f4/stm32f4_hal_lowlevel.c ****   //assert_param(IS_CRYP_GET_FLAG(CRYP_FLAG));
1294:/home/pacl/Documents/Repository/chipwhisperer/firmware/mcu/hal/chipwhisperer-fw-extra/stm32f4/stm32f4_hal_lowlevel.c **** 
1295:/home/pacl/Documents/Repository/chipwhisperer/firmware/mcu/hal/chipwhisperer-fw-extra/stm32f4/stm32f4_hal_lowlevel.c ****   ///* check if the FLAG is in RISR register */
1296:/home/pacl/Documents/Repository/chipwhisperer/firmware/mcu/hal/chipwhisperer-fw-extra/stm32f4/stm32f4_hal_lowlevel.c ****   //if ((CRYP_FLAG & FLAG_MASK) != 0x00) 
1297:/home/pacl/Documents/Repository/chipwhisperer/firmware/mcu/hal/chipwhisperer-fw-extra/stm32f4/stm32f4_hal_lowlevel.c ****   //{
1298:/home/pacl/Documents/Repository/chipwhisperer/firmware/mcu/hal/chipwhisperer-fw-extra/stm32f4/stm32f4_hal_lowlevel.c ****     //tempreg = CRYP->RISR;
1299:/home/pacl/Documents/Repository/chipwhisperer/firmware/mcu/hal/chipwhisperer-fw-extra/stm32f4/stm32f4_hal_lowlevel.c ****   //}
1300:/home/pacl/Documents/Repository/chipwhisperer/firmware/mcu/hal/chipwhisperer-fw-extra/stm32f4/stm32f4_hal_lowlevel.c ****   //else  /* The FLAG is in SR register */
1301:/home/pacl/Documents/Repository/chipwhisperer/firmware/mcu/hal/chipwhisperer-fw-extra/stm32f4/stm32f4_hal_lowlevel.c ****   //{
1302:/home/pacl/Documents/Repository/chipwhisperer/firmware/mcu/hal/chipwhisperer-fw-extra/stm32f4/stm32f4_hal_lowlevel.c ****     //tempreg = CRYP->SR;
1303:/home/pacl/Documents/Repository/chipwhisperer/firmware/mcu/hal/chipwhisperer-fw-extra/stm32f4/stm32f4_hal_lowlevel.c ****   //}
1304:/home/pacl/Documents/Repository/chipwhisperer/firmware/mcu/hal/chipwhisperer-fw-extra/stm32f4/stm32f4_hal_lowlevel.c **** 
1305:/home/pacl/Documents/Repository/chipwhisperer/firmware/mcu/hal/chipwhisperer-fw-extra/stm32f4/stm32f4_hal_lowlevel.c **** 
1306:/home/pacl/Documents/Repository/chipwhisperer/firmware/mcu/hal/chipwhisperer-fw-extra/stm32f4/stm32f4_hal_lowlevel.c ****   ///* Check the status of the specified CRYP flag */
1307:/home/pacl/Documents/Repository/chipwhisperer/firmware/mcu/hal/chipwhisperer-fw-extra/stm32f4/stm32f4_hal_lowlevel.c ****   //if ((tempreg & CRYP_FLAG ) != (uint8_t)RESET)
1308:/home/pacl/Documents/Repository/chipwhisperer/firmware/mcu/hal/chipwhisperer-fw-extra/stm32f4/stm32f4_hal_lowlevel.c ****   //{
1309:/home/pacl/Documents/Repository/chipwhisperer/firmware/mcu/hal/chipwhisperer-fw-extra/stm32f4/stm32f4_hal_lowlevel.c ****     ///* CRYP_FLAG is set */
1310:/home/pacl/Documents/Repository/chipwhisperer/firmware/mcu/hal/chipwhisperer-fw-extra/stm32f4/stm32f4_hal_lowlevel.c ****     //bitstatus = SET;
1311:/home/pacl/Documents/Repository/chipwhisperer/firmware/mcu/hal/chipwhisperer-fw-extra/stm32f4/stm32f4_hal_lowlevel.c ****   //}
1312:/home/pacl/Documents/Repository/chipwhisperer/firmware/mcu/hal/chipwhisperer-fw-extra/stm32f4/stm32f4_hal_lowlevel.c ****   //else
1313:/home/pacl/Documents/Repository/chipwhisperer/firmware/mcu/hal/chipwhisperer-fw-extra/stm32f4/stm32f4_hal_lowlevel.c ****   //{
1314:/home/pacl/Documents/Repository/chipwhisperer/firmware/mcu/hal/chipwhisperer-fw-extra/stm32f4/stm32f4_hal_lowlevel.c ****     ///* CRYP_FLAG is reset */
1315:/home/pacl/Documents/Repository/chipwhisperer/firmware/mcu/hal/chipwhisperer-fw-extra/stm32f4/stm32f4_hal_lowlevel.c ****     //bitstatus = RESET;
1316:/home/pacl/Documents/Repository/chipwhisperer/firmware/mcu/hal/chipwhisperer-fw-extra/stm32f4/stm32f4_hal_lowlevel.c ****   //}
1317:/home/pacl/Documents/Repository/chipwhisperer/firmware/mcu/hal/chipwhisperer-fw-extra/stm32f4/stm32f4_hal_lowlevel.c **** 
1318:/home/pacl/Documents/Repository/chipwhisperer/firmware/mcu/hal/chipwhisperer-fw-extra/stm32f4/stm32f4_hal_lowlevel.c ****   ///* Return the CRYP_FLAG status */
1319:/home/pacl/Documents/Repository/chipwhisperer/firmware/mcu/hal/chipwhisperer-fw-extra/stm32f4/stm32f4_hal_lowlevel.c ****   //return  bitstatus;
1320:/home/pacl/Documents/Repository/chipwhisperer/firmware/mcu/hal/chipwhisperer-fw-extra/stm32f4/stm32f4_hal_lowlevel.c **** //}
1321:/home/pacl/Documents/Repository/chipwhisperer/firmware/mcu/hal/chipwhisperer-fw-extra/stm32f4/stm32f4_hal_lowlevel.c **** 
1322:/home/pacl/Documents/Repository/chipwhisperer/firmware/mcu/hal/chipwhisperer-fw-extra/stm32f4/stm32f4_hal_lowlevel.c **** ///// ----- From stm32f4xx_cryp_aes.c --------------------------------------------
1323:/home/pacl/Documents/Repository/chipwhisperer/firmware/mcu/hal/chipwhisperer-fw-extra/stm32f4/stm32f4_hal_lowlevel.c **** //#define AESBUSY_TIMEOUT    ((uint32_t) 0x00010000)
1324:/home/pacl/Documents/Repository/chipwhisperer/firmware/mcu/hal/chipwhisperer-fw-extra/stm32f4/stm32f4_hal_lowlevel.c **** 
1325:/home/pacl/Documents/Repository/chipwhisperer/firmware/mcu/hal/chipwhisperer-fw-extra/stm32f4/stm32f4_hal_lowlevel.c **** ///**
1326:/home/pacl/Documents/Repository/chipwhisperer/firmware/mcu/hal/chipwhisperer-fw-extra/stm32f4/stm32f4_hal_lowlevel.c ****   //* @brief  Encrypt and decrypt using AES in ECB Mode
1327:/home/pacl/Documents/Repository/chipwhisperer/firmware/mcu/hal/chipwhisperer-fw-extra/stm32f4/stm32f4_hal_lowlevel.c ****   //* @param  Mode: encryption or decryption Mode.
1328:/home/pacl/Documents/Repository/chipwhisperer/firmware/mcu/hal/chipwhisperer-fw-extra/stm32f4/stm32f4_hal_lowlevel.c ****   //*          This parameter can be one of the following values:
1329:/home/pacl/Documents/Repository/chipwhisperer/firmware/mcu/hal/chipwhisperer-fw-extra/stm32f4/stm32f4_hal_lowlevel.c ****   //*            @arg MODE_ENCRYPT: Encryption
1330:/home/pacl/Documents/Repository/chipwhisperer/firmware/mcu/hal/chipwhisperer-fw-extra/stm32f4/stm32f4_hal_lowlevel.c ****   //*            @arg MODE_DECRYPT: Decryption
1331:/home/pacl/Documents/Repository/chipwhisperer/firmware/mcu/hal/chipwhisperer-fw-extra/stm32f4/stm32f4_hal_lowlevel.c ****   //* @param  Key: Key used for AES algorithm.
1332:/home/pacl/Documents/Repository/chipwhisperer/firmware/mcu/hal/chipwhisperer-fw-extra/stm32f4/stm32f4_hal_lowlevel.c ****   //* @param  Keysize: length of the Key, must be a 128, 192 or 256.
1333:/home/pacl/Documents/Repository/chipwhisperer/firmware/mcu/hal/chipwhisperer-fw-extra/stm32f4/stm32f4_hal_lowlevel.c ****   //* @param  Input: pointer to the Input buffer.
1334:/home/pacl/Documents/Repository/chipwhisperer/firmware/mcu/hal/chipwhisperer-fw-extra/stm32f4/stm32f4_hal_lowlevel.c ****   //* @param  Ilength: length of the Input buffer, must be a multiple of 16.
1335:/home/pacl/Documents/Repository/chipwhisperer/firmware/mcu/hal/chipwhisperer-fw-extra/stm32f4/stm32f4_hal_lowlevel.c ****   //* @param  Output: pointer to the returned buffer.
1336:/home/pacl/Documents/Repository/chipwhisperer/firmware/mcu/hal/chipwhisperer-fw-extra/stm32f4/stm32f4_hal_lowlevel.c ****   //* @retval An ErrorStatus enumeration value:
1337:/home/pacl/Documents/Repository/chipwhisperer/firmware/mcu/hal/chipwhisperer-fw-extra/stm32f4/stm32f4_hal_lowlevel.c ****   //*          - SUCCESS: Operation done
1338:/home/pacl/Documents/Repository/chipwhisperer/firmware/mcu/hal/chipwhisperer-fw-extra/stm32f4/stm32f4_hal_lowlevel.c ****   //*          - ERROR: Operation failed
1339:/home/pacl/Documents/Repository/chipwhisperer/firmware/mcu/hal/chipwhisperer-fw-extra/stm32f4/stm32f4_hal_lowlevel.c ****   //*/
1340:/home/pacl/Documents/Repository/chipwhisperer/firmware/mcu/hal/chipwhisperer-fw-extra/stm32f4/stm32f4_hal_lowlevel.c **** //ErrorStatus CRYP_AES_ECB(uint8_t Mode, uint8_t* Key, uint16_t Keysize,
1341:/home/pacl/Documents/Repository/chipwhisperer/firmware/mcu/hal/chipwhisperer-fw-extra/stm32f4/stm32f4_hal_lowlevel.c ****                          //uint8_t* Input, uint32_t Ilength, uint8_t* Output)
1342:/home/pacl/Documents/Repository/chipwhisperer/firmware/mcu/hal/chipwhisperer-fw-extra/stm32f4/stm32f4_hal_lowlevel.c **** //{
1343:/home/pacl/Documents/Repository/chipwhisperer/firmware/mcu/hal/chipwhisperer-fw-extra/stm32f4/stm32f4_hal_lowlevel.c ****   //CRYP_InitTypeDef AES_CRYP_InitStructure;
1344:/home/pacl/Documents/Repository/chipwhisperer/firmware/mcu/hal/chipwhisperer-fw-extra/stm32f4/stm32f4_hal_lowlevel.c ****   //CRYP_KeyInitTypeDef AES_CRYP_KeyInitStructure;
1345:/home/pacl/Documents/Repository/chipwhisperer/firmware/mcu/hal/chipwhisperer-fw-extra/stm32f4/stm32f4_hal_lowlevel.c ****   //__IO uint32_t counter = 0;
1346:/home/pacl/Documents/Repository/chipwhisperer/firmware/mcu/hal/chipwhisperer-fw-extra/stm32f4/stm32f4_hal_lowlevel.c ****   //uint32_t busystatus = 0;
1347:/home/pacl/Documents/Repository/chipwhisperer/firmware/mcu/hal/chipwhisperer-fw-extra/stm32f4/stm32f4_hal_lowlevel.c ****   //ErrorStatus status = SUCCESS;
1348:/home/pacl/Documents/Repository/chipwhisperer/firmware/mcu/hal/chipwhisperer-fw-extra/stm32f4/stm32f4_hal_lowlevel.c ****   //uint32_t keyaddr    = (uint32_t)Key;
1349:/home/pacl/Documents/Repository/chipwhisperer/firmware/mcu/hal/chipwhisperer-fw-extra/stm32f4/stm32f4_hal_lowlevel.c ****   //uint32_t inputaddr  = (uint32_t)Input;
1350:/home/pacl/Documents/Repository/chipwhisperer/firmware/mcu/hal/chipwhisperer-fw-extra/stm32f4/stm32f4_hal_lowlevel.c ****   //uint32_t outputaddr = (uint32_t)Output;
1351:/home/pacl/Documents/Repository/chipwhisperer/firmware/mcu/hal/chipwhisperer-fw-extra/stm32f4/stm32f4_hal_lowlevel.c ****   //uint32_t i = 0;
1352:/home/pacl/Documents/Repository/chipwhisperer/firmware/mcu/hal/chipwhisperer-fw-extra/stm32f4/stm32f4_hal_lowlevel.c **** 
1353:/home/pacl/Documents/Repository/chipwhisperer/firmware/mcu/hal/chipwhisperer-fw-extra/stm32f4/stm32f4_hal_lowlevel.c ****   ///* Crypto structures initialisation*/
1354:/home/pacl/Documents/Repository/chipwhisperer/firmware/mcu/hal/chipwhisperer-fw-extra/stm32f4/stm32f4_hal_lowlevel.c ****   //CRYP_KeyStructInit(&AES_CRYP_KeyInitStructure);
1355:/home/pacl/Documents/Repository/chipwhisperer/firmware/mcu/hal/chipwhisperer-fw-extra/stm32f4/stm32f4_hal_lowlevel.c **** 
1356:/home/pacl/Documents/Repository/chipwhisperer/firmware/mcu/hal/chipwhisperer-fw-extra/stm32f4/stm32f4_hal_lowlevel.c ****   //switch(Keysize)
1357:/home/pacl/Documents/Repository/chipwhisperer/firmware/mcu/hal/chipwhisperer-fw-extra/stm32f4/stm32f4_hal_lowlevel.c ****   //{
1358:/home/pacl/Documents/Repository/chipwhisperer/firmware/mcu/hal/chipwhisperer-fw-extra/stm32f4/stm32f4_hal_lowlevel.c ****     //case 128:
1359:/home/pacl/Documents/Repository/chipwhisperer/firmware/mcu/hal/chipwhisperer-fw-extra/stm32f4/stm32f4_hal_lowlevel.c ****     //AES_CRYP_InitStructure.CRYP_KeySize = CRYP_KeySize_128b;
1360:/home/pacl/Documents/Repository/chipwhisperer/firmware/mcu/hal/chipwhisperer-fw-extra/stm32f4/stm32f4_hal_lowlevel.c ****     //AES_CRYP_KeyInitStructure.CRYP_Key2Left = __REV(*(uint32_t*)(keyaddr));
1361:/home/pacl/Documents/Repository/chipwhisperer/firmware/mcu/hal/chipwhisperer-fw-extra/stm32f4/stm32f4_hal_lowlevel.c ****     //keyaddr+=4;
1362:/home/pacl/Documents/Repository/chipwhisperer/firmware/mcu/hal/chipwhisperer-fw-extra/stm32f4/stm32f4_hal_lowlevel.c ****     //AES_CRYP_KeyInitStructure.CRYP_Key2Right= __REV(*(uint32_t*)(keyaddr));
1363:/home/pacl/Documents/Repository/chipwhisperer/firmware/mcu/hal/chipwhisperer-fw-extra/stm32f4/stm32f4_hal_lowlevel.c ****     //keyaddr+=4;
1364:/home/pacl/Documents/Repository/chipwhisperer/firmware/mcu/hal/chipwhisperer-fw-extra/stm32f4/stm32f4_hal_lowlevel.c ****     //AES_CRYP_KeyInitStructure.CRYP_Key3Left = __REV(*(uint32_t*)(keyaddr));
1365:/home/pacl/Documents/Repository/chipwhisperer/firmware/mcu/hal/chipwhisperer-fw-extra/stm32f4/stm32f4_hal_lowlevel.c ****     //keyaddr+=4;
1366:/home/pacl/Documents/Repository/chipwhisperer/firmware/mcu/hal/chipwhisperer-fw-extra/stm32f4/stm32f4_hal_lowlevel.c ****     //AES_CRYP_KeyInitStructure.CRYP_Key3Right= __REV(*(uint32_t*)(keyaddr));
1367:/home/pacl/Documents/Repository/chipwhisperer/firmware/mcu/hal/chipwhisperer-fw-extra/stm32f4/stm32f4_hal_lowlevel.c ****     //break;
1368:/home/pacl/Documents/Repository/chipwhisperer/firmware/mcu/hal/chipwhisperer-fw-extra/stm32f4/stm32f4_hal_lowlevel.c ****     //case 192:
1369:/home/pacl/Documents/Repository/chipwhisperer/firmware/mcu/hal/chipwhisperer-fw-extra/stm32f4/stm32f4_hal_lowlevel.c ****     //AES_CRYP_InitStructure.CRYP_KeySize  = CRYP_KeySize_192b;
1370:/home/pacl/Documents/Repository/chipwhisperer/firmware/mcu/hal/chipwhisperer-fw-extra/stm32f4/stm32f4_hal_lowlevel.c ****     //AES_CRYP_KeyInitStructure.CRYP_Key1Left = __REV(*(uint32_t*)(keyaddr));
1371:/home/pacl/Documents/Repository/chipwhisperer/firmware/mcu/hal/chipwhisperer-fw-extra/stm32f4/stm32f4_hal_lowlevel.c ****     //keyaddr+=4;
1372:/home/pacl/Documents/Repository/chipwhisperer/firmware/mcu/hal/chipwhisperer-fw-extra/stm32f4/stm32f4_hal_lowlevel.c ****     //AES_CRYP_KeyInitStructure.CRYP_Key1Right= __REV(*(uint32_t*)(keyaddr));
1373:/home/pacl/Documents/Repository/chipwhisperer/firmware/mcu/hal/chipwhisperer-fw-extra/stm32f4/stm32f4_hal_lowlevel.c ****     //keyaddr+=4;
1374:/home/pacl/Documents/Repository/chipwhisperer/firmware/mcu/hal/chipwhisperer-fw-extra/stm32f4/stm32f4_hal_lowlevel.c ****     //AES_CRYP_KeyInitStructure.CRYP_Key2Left = __REV(*(uint32_t*)(keyaddr));
1375:/home/pacl/Documents/Repository/chipwhisperer/firmware/mcu/hal/chipwhisperer-fw-extra/stm32f4/stm32f4_hal_lowlevel.c ****     //keyaddr+=4;
1376:/home/pacl/Documents/Repository/chipwhisperer/firmware/mcu/hal/chipwhisperer-fw-extra/stm32f4/stm32f4_hal_lowlevel.c ****     //AES_CRYP_KeyInitStructure.CRYP_Key2Right= __REV(*(uint32_t*)(keyaddr));
1377:/home/pacl/Documents/Repository/chipwhisperer/firmware/mcu/hal/chipwhisperer-fw-extra/stm32f4/stm32f4_hal_lowlevel.c ****     //keyaddr+=4;
1378:/home/pacl/Documents/Repository/chipwhisperer/firmware/mcu/hal/chipwhisperer-fw-extra/stm32f4/stm32f4_hal_lowlevel.c ****     //AES_CRYP_KeyInitStructure.CRYP_Key3Left = __REV(*(uint32_t*)(keyaddr));
1379:/home/pacl/Documents/Repository/chipwhisperer/firmware/mcu/hal/chipwhisperer-fw-extra/stm32f4/stm32f4_hal_lowlevel.c ****     //keyaddr+=4;
1380:/home/pacl/Documents/Repository/chipwhisperer/firmware/mcu/hal/chipwhisperer-fw-extra/stm32f4/stm32f4_hal_lowlevel.c ****     //AES_CRYP_KeyInitStructure.CRYP_Key3Right= __REV(*(uint32_t*)(keyaddr));
1381:/home/pacl/Documents/Repository/chipwhisperer/firmware/mcu/hal/chipwhisperer-fw-extra/stm32f4/stm32f4_hal_lowlevel.c ****     //break;
1382:/home/pacl/Documents/Repository/chipwhisperer/firmware/mcu/hal/chipwhisperer-fw-extra/stm32f4/stm32f4_hal_lowlevel.c ****     //case 256:
1383:/home/pacl/Documents/Repository/chipwhisperer/firmware/mcu/hal/chipwhisperer-fw-extra/stm32f4/stm32f4_hal_lowlevel.c ****     //AES_CRYP_InitStructure.CRYP_KeySize  = CRYP_KeySize_256b;
1384:/home/pacl/Documents/Repository/chipwhisperer/firmware/mcu/hal/chipwhisperer-fw-extra/stm32f4/stm32f4_hal_lowlevel.c ****     //AES_CRYP_KeyInitStructure.CRYP_Key0Left = __REV(*(uint32_t*)(keyaddr));
1385:/home/pacl/Documents/Repository/chipwhisperer/firmware/mcu/hal/chipwhisperer-fw-extra/stm32f4/stm32f4_hal_lowlevel.c ****     //keyaddr+=4;
1386:/home/pacl/Documents/Repository/chipwhisperer/firmware/mcu/hal/chipwhisperer-fw-extra/stm32f4/stm32f4_hal_lowlevel.c ****     //AES_CRYP_KeyInitStructure.CRYP_Key0Right= __REV(*(uint32_t*)(keyaddr));
1387:/home/pacl/Documents/Repository/chipwhisperer/firmware/mcu/hal/chipwhisperer-fw-extra/stm32f4/stm32f4_hal_lowlevel.c ****     //keyaddr+=4;
1388:/home/pacl/Documents/Repository/chipwhisperer/firmware/mcu/hal/chipwhisperer-fw-extra/stm32f4/stm32f4_hal_lowlevel.c ****     //AES_CRYP_KeyInitStructure.CRYP_Key1Left = __REV(*(uint32_t*)(keyaddr));
1389:/home/pacl/Documents/Repository/chipwhisperer/firmware/mcu/hal/chipwhisperer-fw-extra/stm32f4/stm32f4_hal_lowlevel.c ****     //keyaddr+=4;
1390:/home/pacl/Documents/Repository/chipwhisperer/firmware/mcu/hal/chipwhisperer-fw-extra/stm32f4/stm32f4_hal_lowlevel.c ****     //AES_CRYP_KeyInitStructure.CRYP_Key1Right= __REV(*(uint32_t*)(keyaddr));
1391:/home/pacl/Documents/Repository/chipwhisperer/firmware/mcu/hal/chipwhisperer-fw-extra/stm32f4/stm32f4_hal_lowlevel.c ****     //keyaddr+=4;
1392:/home/pacl/Documents/Repository/chipwhisperer/firmware/mcu/hal/chipwhisperer-fw-extra/stm32f4/stm32f4_hal_lowlevel.c ****     //AES_CRYP_KeyInitStructure.CRYP_Key2Left = __REV(*(uint32_t*)(keyaddr));
1393:/home/pacl/Documents/Repository/chipwhisperer/firmware/mcu/hal/chipwhisperer-fw-extra/stm32f4/stm32f4_hal_lowlevel.c ****     //keyaddr+=4;
1394:/home/pacl/Documents/Repository/chipwhisperer/firmware/mcu/hal/chipwhisperer-fw-extra/stm32f4/stm32f4_hal_lowlevel.c ****     //AES_CRYP_KeyInitStructure.CRYP_Key2Right= __REV(*(uint32_t*)(keyaddr));
1395:/home/pacl/Documents/Repository/chipwhisperer/firmware/mcu/hal/chipwhisperer-fw-extra/stm32f4/stm32f4_hal_lowlevel.c ****     //keyaddr+=4;
1396:/home/pacl/Documents/Repository/chipwhisperer/firmware/mcu/hal/chipwhisperer-fw-extra/stm32f4/stm32f4_hal_lowlevel.c ****     //AES_CRYP_KeyInitStructure.CRYP_Key3Left = __REV(*(uint32_t*)(keyaddr));
1397:/home/pacl/Documents/Repository/chipwhisperer/firmware/mcu/hal/chipwhisperer-fw-extra/stm32f4/stm32f4_hal_lowlevel.c ****     //keyaddr+=4;
1398:/home/pacl/Documents/Repository/chipwhisperer/firmware/mcu/hal/chipwhisperer-fw-extra/stm32f4/stm32f4_hal_lowlevel.c ****     //AES_CRYP_KeyInitStructure.CRYP_Key3Right= __REV(*(uint32_t*)(keyaddr));
1399:/home/pacl/Documents/Repository/chipwhisperer/firmware/mcu/hal/chipwhisperer-fw-extra/stm32f4/stm32f4_hal_lowlevel.c ****     //break;
1400:/home/pacl/Documents/Repository/chipwhisperer/firmware/mcu/hal/chipwhisperer-fw-extra/stm32f4/stm32f4_hal_lowlevel.c ****     //default:
1401:/home/pacl/Documents/Repository/chipwhisperer/firmware/mcu/hal/chipwhisperer-fw-extra/stm32f4/stm32f4_hal_lowlevel.c ****     //break;
1402:/home/pacl/Documents/Repository/chipwhisperer/firmware/mcu/hal/chipwhisperer-fw-extra/stm32f4/stm32f4_hal_lowlevel.c ****   //}
1403:/home/pacl/Documents/Repository/chipwhisperer/firmware/mcu/hal/chipwhisperer-fw-extra/stm32f4/stm32f4_hal_lowlevel.c ****   
1404:/home/pacl/Documents/Repository/chipwhisperer/firmware/mcu/hal/chipwhisperer-fw-extra/stm32f4/stm32f4_hal_lowlevel.c ****   ///*------------------ AES Decryption ------------------*/
1405:/home/pacl/Documents/Repository/chipwhisperer/firmware/mcu/hal/chipwhisperer-fw-extra/stm32f4/stm32f4_hal_lowlevel.c ****   //if(Mode == MODE_DECRYPT) /* AES decryption */
1406:/home/pacl/Documents/Repository/chipwhisperer/firmware/mcu/hal/chipwhisperer-fw-extra/stm32f4/stm32f4_hal_lowlevel.c ****   //{
1407:/home/pacl/Documents/Repository/chipwhisperer/firmware/mcu/hal/chipwhisperer-fw-extra/stm32f4/stm32f4_hal_lowlevel.c ****     ///* Flush IN/OUT FIFOs */
1408:/home/pacl/Documents/Repository/chipwhisperer/firmware/mcu/hal/chipwhisperer-fw-extra/stm32f4/stm32f4_hal_lowlevel.c ****     //CRYP_FIFOFlush();
1409:/home/pacl/Documents/Repository/chipwhisperer/firmware/mcu/hal/chipwhisperer-fw-extra/stm32f4/stm32f4_hal_lowlevel.c **** 
1410:/home/pacl/Documents/Repository/chipwhisperer/firmware/mcu/hal/chipwhisperer-fw-extra/stm32f4/stm32f4_hal_lowlevel.c ****     ///* Crypto Init for Key preparation for decryption process */
1411:/home/pacl/Documents/Repository/chipwhisperer/firmware/mcu/hal/chipwhisperer-fw-extra/stm32f4/stm32f4_hal_lowlevel.c ****     //AES_CRYP_InitStructure.CRYP_AlgoDir = CRYP_AlgoDir_Decrypt;
1412:/home/pacl/Documents/Repository/chipwhisperer/firmware/mcu/hal/chipwhisperer-fw-extra/stm32f4/stm32f4_hal_lowlevel.c ****     //AES_CRYP_InitStructure.CRYP_AlgoMode = CRYP_AlgoMode_AES_Key;
1413:/home/pacl/Documents/Repository/chipwhisperer/firmware/mcu/hal/chipwhisperer-fw-extra/stm32f4/stm32f4_hal_lowlevel.c ****     //AES_CRYP_InitStructure.CRYP_DataType = CRYP_DataType_32b;
1414:/home/pacl/Documents/Repository/chipwhisperer/firmware/mcu/hal/chipwhisperer-fw-extra/stm32f4/stm32f4_hal_lowlevel.c ****     //CRYP_Init(&AES_CRYP_InitStructure);
1415:/home/pacl/Documents/Repository/chipwhisperer/firmware/mcu/hal/chipwhisperer-fw-extra/stm32f4/stm32f4_hal_lowlevel.c **** 
1416:/home/pacl/Documents/Repository/chipwhisperer/firmware/mcu/hal/chipwhisperer-fw-extra/stm32f4/stm32f4_hal_lowlevel.c ****     ///* Key Initialisation */
1417:/home/pacl/Documents/Repository/chipwhisperer/firmware/mcu/hal/chipwhisperer-fw-extra/stm32f4/stm32f4_hal_lowlevel.c ****     //CRYP_KeyInit(&AES_CRYP_KeyInitStructure);
1418:/home/pacl/Documents/Repository/chipwhisperer/firmware/mcu/hal/chipwhisperer-fw-extra/stm32f4/stm32f4_hal_lowlevel.c **** 
1419:/home/pacl/Documents/Repository/chipwhisperer/firmware/mcu/hal/chipwhisperer-fw-extra/stm32f4/stm32f4_hal_lowlevel.c ****     ///* Enable Crypto processor */
1420:/home/pacl/Documents/Repository/chipwhisperer/firmware/mcu/hal/chipwhisperer-fw-extra/stm32f4/stm32f4_hal_lowlevel.c ****     //CRYP_Cmd(ENABLE);
1421:/home/pacl/Documents/Repository/chipwhisperer/firmware/mcu/hal/chipwhisperer-fw-extra/stm32f4/stm32f4_hal_lowlevel.c **** 
1422:/home/pacl/Documents/Repository/chipwhisperer/firmware/mcu/hal/chipwhisperer-fw-extra/stm32f4/stm32f4_hal_lowlevel.c ****     ///* wait until the Busy flag is RESET */
1423:/home/pacl/Documents/Repository/chipwhisperer/firmware/mcu/hal/chipwhisperer-fw-extra/stm32f4/stm32f4_hal_lowlevel.c ****     //do
1424:/home/pacl/Documents/Repository/chipwhisperer/firmware/mcu/hal/chipwhisperer-fw-extra/stm32f4/stm32f4_hal_lowlevel.c ****     //{
1425:/home/pacl/Documents/Repository/chipwhisperer/firmware/mcu/hal/chipwhisperer-fw-extra/stm32f4/stm32f4_hal_lowlevel.c ****       //busystatus = CRYP_GetFlagStatus(CRYP_FLAG_BUSY);
1426:/home/pacl/Documents/Repository/chipwhisperer/firmware/mcu/hal/chipwhisperer-fw-extra/stm32f4/stm32f4_hal_lowlevel.c ****       //counter++;
1427:/home/pacl/Documents/Repository/chipwhisperer/firmware/mcu/hal/chipwhisperer-fw-extra/stm32f4/stm32f4_hal_lowlevel.c ****     //}while ((counter != AESBUSY_TIMEOUT) && (busystatus != RESET));
1428:/home/pacl/Documents/Repository/chipwhisperer/firmware/mcu/hal/chipwhisperer-fw-extra/stm32f4/stm32f4_hal_lowlevel.c **** 
1429:/home/pacl/Documents/Repository/chipwhisperer/firmware/mcu/hal/chipwhisperer-fw-extra/stm32f4/stm32f4_hal_lowlevel.c ****     //if (busystatus != RESET)
1430:/home/pacl/Documents/Repository/chipwhisperer/firmware/mcu/hal/chipwhisperer-fw-extra/stm32f4/stm32f4_hal_lowlevel.c ****    //{
1431:/home/pacl/Documents/Repository/chipwhisperer/firmware/mcu/hal/chipwhisperer-fw-extra/stm32f4/stm32f4_hal_lowlevel.c ****        //status = ERROR;
1432:/home/pacl/Documents/Repository/chipwhisperer/firmware/mcu/hal/chipwhisperer-fw-extra/stm32f4/stm32f4_hal_lowlevel.c ****     //}
1433:/home/pacl/Documents/Repository/chipwhisperer/firmware/mcu/hal/chipwhisperer-fw-extra/stm32f4/stm32f4_hal_lowlevel.c ****     //else
1434:/home/pacl/Documents/Repository/chipwhisperer/firmware/mcu/hal/chipwhisperer-fw-extra/stm32f4/stm32f4_hal_lowlevel.c ****     //{
1435:/home/pacl/Documents/Repository/chipwhisperer/firmware/mcu/hal/chipwhisperer-fw-extra/stm32f4/stm32f4_hal_lowlevel.c ****       ///* Crypto Init for decryption process */  
1436:/home/pacl/Documents/Repository/chipwhisperer/firmware/mcu/hal/chipwhisperer-fw-extra/stm32f4/stm32f4_hal_lowlevel.c ****       //AES_CRYP_InitStructure.CRYP_AlgoDir = CRYP_AlgoDir_Decrypt;
1437:/home/pacl/Documents/Repository/chipwhisperer/firmware/mcu/hal/chipwhisperer-fw-extra/stm32f4/stm32f4_hal_lowlevel.c ****     //}
1438:/home/pacl/Documents/Repository/chipwhisperer/firmware/mcu/hal/chipwhisperer-fw-extra/stm32f4/stm32f4_hal_lowlevel.c ****   //}
1439:/home/pacl/Documents/Repository/chipwhisperer/firmware/mcu/hal/chipwhisperer-fw-extra/stm32f4/stm32f4_hal_lowlevel.c ****   ///*------------------ AES Encryption ------------------*/
1440:/home/pacl/Documents/Repository/chipwhisperer/firmware/mcu/hal/chipwhisperer-fw-extra/stm32f4/stm32f4_hal_lowlevel.c ****   //else /* AES encryption */
1441:/home/pacl/Documents/Repository/chipwhisperer/firmware/mcu/hal/chipwhisperer-fw-extra/stm32f4/stm32f4_hal_lowlevel.c ****   //{
1442:/home/pacl/Documents/Repository/chipwhisperer/firmware/mcu/hal/chipwhisperer-fw-extra/stm32f4/stm32f4_hal_lowlevel.c **** 
1443:/home/pacl/Documents/Repository/chipwhisperer/firmware/mcu/hal/chipwhisperer-fw-extra/stm32f4/stm32f4_hal_lowlevel.c ****     //CRYP_KeyInit(&AES_CRYP_KeyInitStructure);
1444:/home/pacl/Documents/Repository/chipwhisperer/firmware/mcu/hal/chipwhisperer-fw-extra/stm32f4/stm32f4_hal_lowlevel.c **** 
1445:/home/pacl/Documents/Repository/chipwhisperer/firmware/mcu/hal/chipwhisperer-fw-extra/stm32f4/stm32f4_hal_lowlevel.c ****     ///* Crypto Init for Encryption process */
1446:/home/pacl/Documents/Repository/chipwhisperer/firmware/mcu/hal/chipwhisperer-fw-extra/stm32f4/stm32f4_hal_lowlevel.c ****     //AES_CRYP_InitStructure.CRYP_AlgoDir  = CRYP_AlgoDir_Encrypt;
1447:/home/pacl/Documents/Repository/chipwhisperer/firmware/mcu/hal/chipwhisperer-fw-extra/stm32f4/stm32f4_hal_lowlevel.c ****   //}
1448:/home/pacl/Documents/Repository/chipwhisperer/firmware/mcu/hal/chipwhisperer-fw-extra/stm32f4/stm32f4_hal_lowlevel.c **** 
1449:/home/pacl/Documents/Repository/chipwhisperer/firmware/mcu/hal/chipwhisperer-fw-extra/stm32f4/stm32f4_hal_lowlevel.c ****   //AES_CRYP_InitStructure.CRYP_AlgoMode = CRYP_AlgoMode_AES_ECB;
1450:/home/pacl/Documents/Repository/chipwhisperer/firmware/mcu/hal/chipwhisperer-fw-extra/stm32f4/stm32f4_hal_lowlevel.c ****   //AES_CRYP_InitStructure.CRYP_DataType = CRYP_DataType_8b;
1451:/home/pacl/Documents/Repository/chipwhisperer/firmware/mcu/hal/chipwhisperer-fw-extra/stm32f4/stm32f4_hal_lowlevel.c ****   //CRYP_Init(&AES_CRYP_InitStructure);
1452:/home/pacl/Documents/Repository/chipwhisperer/firmware/mcu/hal/chipwhisperer-fw-extra/stm32f4/stm32f4_hal_lowlevel.c **** 
1453:/home/pacl/Documents/Repository/chipwhisperer/firmware/mcu/hal/chipwhisperer-fw-extra/stm32f4/stm32f4_hal_lowlevel.c ****   ///* Flush IN/OUT FIFOs */
1454:/home/pacl/Documents/Repository/chipwhisperer/firmware/mcu/hal/chipwhisperer-fw-extra/stm32f4/stm32f4_hal_lowlevel.c ****   //CRYP_FIFOFlush();
1455:/home/pacl/Documents/Repository/chipwhisperer/firmware/mcu/hal/chipwhisperer-fw-extra/stm32f4/stm32f4_hal_lowlevel.c **** 
1456:/home/pacl/Documents/Repository/chipwhisperer/firmware/mcu/hal/chipwhisperer-fw-extra/stm32f4/stm32f4_hal_lowlevel.c ****   ///* Enable Crypto processor */
1457:/home/pacl/Documents/Repository/chipwhisperer/firmware/mcu/hal/chipwhisperer-fw-extra/stm32f4/stm32f4_hal_lowlevel.c ****   //CRYP_Cmd(ENABLE);
1458:/home/pacl/Documents/Repository/chipwhisperer/firmware/mcu/hal/chipwhisperer-fw-extra/stm32f4/stm32f4_hal_lowlevel.c **** 
1459:/home/pacl/Documents/Repository/chipwhisperer/firmware/mcu/hal/chipwhisperer-fw-extra/stm32f4/stm32f4_hal_lowlevel.c ****   //if(CRYP_GetCmdStatus() == DISABLE)
1460:/home/pacl/Documents/Repository/chipwhisperer/firmware/mcu/hal/chipwhisperer-fw-extra/stm32f4/stm32f4_hal_lowlevel.c ****   //{
1461:/home/pacl/Documents/Repository/chipwhisperer/firmware/mcu/hal/chipwhisperer-fw-extra/stm32f4/stm32f4_hal_lowlevel.c ****     ///* The CRYP peripheral clock is not enabled or the device doesn't embed 
1462:/home/pacl/Documents/Repository/chipwhisperer/firmware/mcu/hal/chipwhisperer-fw-extra/stm32f4/stm32f4_hal_lowlevel.c ****        //the CRYP peripheral (please check the device sales type. */
1463:/home/pacl/Documents/Repository/chipwhisperer/firmware/mcu/hal/chipwhisperer-fw-extra/stm32f4/stm32f4_hal_lowlevel.c ****     //return(ERROR);
1464:/home/pacl/Documents/Repository/chipwhisperer/firmware/mcu/hal/chipwhisperer-fw-extra/stm32f4/stm32f4_hal_lowlevel.c ****   //}
1465:/home/pacl/Documents/Repository/chipwhisperer/firmware/mcu/hal/chipwhisperer-fw-extra/stm32f4/stm32f4_hal_lowlevel.c ****   
1466:/home/pacl/Documents/Repository/chipwhisperer/firmware/mcu/hal/chipwhisperer-fw-extra/stm32f4/stm32f4_hal_lowlevel.c ****   //for(i=0; ((i<Ilength) && (status != ERROR)); i+=16)
1467:/home/pacl/Documents/Repository/chipwhisperer/firmware/mcu/hal/chipwhisperer-fw-extra/stm32f4/stm32f4_hal_lowlevel.c ****   //{
1468:/home/pacl/Documents/Repository/chipwhisperer/firmware/mcu/hal/chipwhisperer-fw-extra/stm32f4/stm32f4_hal_lowlevel.c **** 
1469:/home/pacl/Documents/Repository/chipwhisperer/firmware/mcu/hal/chipwhisperer-fw-extra/stm32f4/stm32f4_hal_lowlevel.c ****     ///* Write the Input block in the IN FIFO */
1470:/home/pacl/Documents/Repository/chipwhisperer/firmware/mcu/hal/chipwhisperer-fw-extra/stm32f4/stm32f4_hal_lowlevel.c ****     //CRYP_DataIn(*(uint32_t*)(inputaddr));
1471:/home/pacl/Documents/Repository/chipwhisperer/firmware/mcu/hal/chipwhisperer-fw-extra/stm32f4/stm32f4_hal_lowlevel.c ****     //inputaddr+=4;
1472:/home/pacl/Documents/Repository/chipwhisperer/firmware/mcu/hal/chipwhisperer-fw-extra/stm32f4/stm32f4_hal_lowlevel.c ****     //CRYP_DataIn(*(uint32_t*)(inputaddr));
1473:/home/pacl/Documents/Repository/chipwhisperer/firmware/mcu/hal/chipwhisperer-fw-extra/stm32f4/stm32f4_hal_lowlevel.c ****     //inputaddr+=4;
1474:/home/pacl/Documents/Repository/chipwhisperer/firmware/mcu/hal/chipwhisperer-fw-extra/stm32f4/stm32f4_hal_lowlevel.c ****     //CRYP_DataIn(*(uint32_t*)(inputaddr));
1475:/home/pacl/Documents/Repository/chipwhisperer/firmware/mcu/hal/chipwhisperer-fw-extra/stm32f4/stm32f4_hal_lowlevel.c ****     //inputaddr+=4;
1476:/home/pacl/Documents/Repository/chipwhisperer/firmware/mcu/hal/chipwhisperer-fw-extra/stm32f4/stm32f4_hal_lowlevel.c ****     //CRYP_DataIn(*(uint32_t*)(inputaddr));
1477:/home/pacl/Documents/Repository/chipwhisperer/firmware/mcu/hal/chipwhisperer-fw-extra/stm32f4/stm32f4_hal_lowlevel.c ****     //inputaddr+=4;
1478:/home/pacl/Documents/Repository/chipwhisperer/firmware/mcu/hal/chipwhisperer-fw-extra/stm32f4/stm32f4_hal_lowlevel.c **** 
1479:/home/pacl/Documents/Repository/chipwhisperer/firmware/mcu/hal/chipwhisperer-fw-extra/stm32f4/stm32f4_hal_lowlevel.c ****     ///* Wait until the complete message has been processed */
1480:/home/pacl/Documents/Repository/chipwhisperer/firmware/mcu/hal/chipwhisperer-fw-extra/stm32f4/stm32f4_hal_lowlevel.c ****     //counter = 0;
1481:/home/pacl/Documents/Repository/chipwhisperer/firmware/mcu/hal/chipwhisperer-fw-extra/stm32f4/stm32f4_hal_lowlevel.c ****     //do
1482:/home/pacl/Documents/Repository/chipwhisperer/firmware/mcu/hal/chipwhisperer-fw-extra/stm32f4/stm32f4_hal_lowlevel.c ****     //{
1483:/home/pacl/Documents/Repository/chipwhisperer/firmware/mcu/hal/chipwhisperer-fw-extra/stm32f4/stm32f4_hal_lowlevel.c ****       //busystatus = CRYP_GetFlagStatus(CRYP_FLAG_BUSY);
1484:/home/pacl/Documents/Repository/chipwhisperer/firmware/mcu/hal/chipwhisperer-fw-extra/stm32f4/stm32f4_hal_lowlevel.c ****       //counter++;
1485:/home/pacl/Documents/Repository/chipwhisperer/firmware/mcu/hal/chipwhisperer-fw-extra/stm32f4/stm32f4_hal_lowlevel.c ****     //}while ((counter != AESBUSY_TIMEOUT) && (busystatus != RESET));
1486:/home/pacl/Documents/Repository/chipwhisperer/firmware/mcu/hal/chipwhisperer-fw-extra/stm32f4/stm32f4_hal_lowlevel.c **** 
1487:/home/pacl/Documents/Repository/chipwhisperer/firmware/mcu/hal/chipwhisperer-fw-extra/stm32f4/stm32f4_hal_lowlevel.c ****     //if (busystatus != RESET)
1488:/home/pacl/Documents/Repository/chipwhisperer/firmware/mcu/hal/chipwhisperer-fw-extra/stm32f4/stm32f4_hal_lowlevel.c ****    //{
1489:/home/pacl/Documents/Repository/chipwhisperer/firmware/mcu/hal/chipwhisperer-fw-extra/stm32f4/stm32f4_hal_lowlevel.c ****        //status = ERROR;
1490:/home/pacl/Documents/Repository/chipwhisperer/firmware/mcu/hal/chipwhisperer-fw-extra/stm32f4/stm32f4_hal_lowlevel.c ****     //}
1491:/home/pacl/Documents/Repository/chipwhisperer/firmware/mcu/hal/chipwhisperer-fw-extra/stm32f4/stm32f4_hal_lowlevel.c ****     //else
1492:/home/pacl/Documents/Repository/chipwhisperer/firmware/mcu/hal/chipwhisperer-fw-extra/stm32f4/stm32f4_hal_lowlevel.c ****     //{
1493:/home/pacl/Documents/Repository/chipwhisperer/firmware/mcu/hal/chipwhisperer-fw-extra/stm32f4/stm32f4_hal_lowlevel.c **** 
1494:/home/pacl/Documents/Repository/chipwhisperer/firmware/mcu/hal/chipwhisperer-fw-extra/stm32f4/stm32f4_hal_lowlevel.c ****       ///* Read the Output block from the Output FIFO */
1495:/home/pacl/Documents/Repository/chipwhisperer/firmware/mcu/hal/chipwhisperer-fw-extra/stm32f4/stm32f4_hal_lowlevel.c ****       //*(uint32_t*)(outputaddr) = CRYP_DataOut();
1496:/home/pacl/Documents/Repository/chipwhisperer/firmware/mcu/hal/chipwhisperer-fw-extra/stm32f4/stm32f4_hal_lowlevel.c ****       //outputaddr+=4;
1497:/home/pacl/Documents/Repository/chipwhisperer/firmware/mcu/hal/chipwhisperer-fw-extra/stm32f4/stm32f4_hal_lowlevel.c ****       //*(uint32_t*)(outputaddr) = CRYP_DataOut();
1498:/home/pacl/Documents/Repository/chipwhisperer/firmware/mcu/hal/chipwhisperer-fw-extra/stm32f4/stm32f4_hal_lowlevel.c ****       //outputaddr+=4;
1499:/home/pacl/Documents/Repository/chipwhisperer/firmware/mcu/hal/chipwhisperer-fw-extra/stm32f4/stm32f4_hal_lowlevel.c ****       //*(uint32_t*)(outputaddr) = CRYP_DataOut();
1500:/home/pacl/Documents/Repository/chipwhisperer/firmware/mcu/hal/chipwhisperer-fw-extra/stm32f4/stm32f4_hal_lowlevel.c ****       //outputaddr+=4;
1501:/home/pacl/Documents/Repository/chipwhisperer/firmware/mcu/hal/chipwhisperer-fw-extra/stm32f4/stm32f4_hal_lowlevel.c ****       //*(uint32_t*)(outputaddr) = CRYP_DataOut(); 
1502:/home/pacl/Documents/Repository/chipwhisperer/firmware/mcu/hal/chipwhisperer-fw-extra/stm32f4/stm32f4_hal_lowlevel.c ****       //outputaddr+=4;
1503:/home/pacl/Documents/Repository/chipwhisperer/firmware/mcu/hal/chipwhisperer-fw-extra/stm32f4/stm32f4_hal_lowlevel.c ****     //}
1504:/home/pacl/Documents/Repository/chipwhisperer/firmware/mcu/hal/chipwhisperer-fw-extra/stm32f4/stm32f4_hal_lowlevel.c ****   //}
1505:/home/pacl/Documents/Repository/chipwhisperer/firmware/mcu/hal/chipwhisperer-fw-extra/stm32f4/stm32f4_hal_lowlevel.c **** 
1506:/home/pacl/Documents/Repository/chipwhisperer/firmware/mcu/hal/chipwhisperer-fw-extra/stm32f4/stm32f4_hal_lowlevel.c ****   ///* Disable Crypto */
1507:/home/pacl/Documents/Repository/chipwhisperer/firmware/mcu/hal/chipwhisperer-fw-extra/stm32f4/stm32f4_hal_lowlevel.c ****   //CRYP_Cmd(DISABLE);
1508:/home/pacl/Documents/Repository/chipwhisperer/firmware/mcu/hal/chipwhisperer-fw-extra/stm32f4/stm32f4_hal_lowlevel.c **** 
1509:/home/pacl/Documents/Repository/chipwhisperer/firmware/mcu/hal/chipwhisperer-fw-extra/stm32f4/stm32f4_hal_lowlevel.c ****   //return status; 
1510:/home/pacl/Documents/Repository/chipwhisperer/firmware/mcu/hal/chipwhisperer-fw-extra/stm32f4/stm32f4_hal_lowlevel.c **** //}
1511:/home/pacl/Documents/Repository/chipwhisperer/firmware/mcu/hal/chipwhisperer-fw-extra/stm32f4/stm32f4_hal_lowlevel.c **** 
1512:/home/pacl/Documents/Repository/chipwhisperer/firmware/mcu/hal/chipwhisperer-fw-extra/stm32f4/stm32f4_hal_lowlevel.c **** /**
1513:/home/pacl/Documents/Repository/chipwhisperer/firmware/mcu/hal/chipwhisperer-fw-extra/stm32f4/stm32f4_hal_lowlevel.c ****   * @brief  Writes the Key in Key registers. 
1514:/home/pacl/Documents/Repository/chipwhisperer/firmware/mcu/hal/chipwhisperer-fw-extra/stm32f4/stm32f4_hal_lowlevel.c ****   * @param  hcryp pointer to a CRYP_HandleTypeDef structure that contains
1515:/home/pacl/Documents/Repository/chipwhisperer/firmware/mcu/hal/chipwhisperer-fw-extra/stm32f4/stm32f4_hal_lowlevel.c ****   *         the configuration information for CRYP module
1516:/home/pacl/Documents/Repository/chipwhisperer/firmware/mcu/hal/chipwhisperer-fw-extra/stm32f4/stm32f4_hal_lowlevel.c ****   * @param  Key Pointer to Key buffer
1517:/home/pacl/Documents/Repository/chipwhisperer/firmware/mcu/hal/chipwhisperer-fw-extra/stm32f4/stm32f4_hal_lowlevel.c ****   * @param  KeySize Size of Key
1518:/home/pacl/Documents/Repository/chipwhisperer/firmware/mcu/hal/chipwhisperer-fw-extra/stm32f4/stm32f4_hal_lowlevel.c ****   * @retval None
1519:/home/pacl/Documents/Repository/chipwhisperer/firmware/mcu/hal/chipwhisperer-fw-extra/stm32f4/stm32f4_hal_lowlevel.c ****   */
1520:/home/pacl/Documents/Repository/chipwhisperer/firmware/mcu/hal/chipwhisperer-fw-extra/stm32f4/stm32f4_hal_lowlevel.c **** static void CRYP_SetKey(CRYP_HandleTypeDef *hcryp, uint8_t *Key, uint32_t KeySize)
  29              		.loc 1 1520 13 view -0
  30              		.cfi_startproc
  31              		@ args = 0, pretend = 0, frame = 0
  32              		@ frame_needed = 0, uses_anonymous_args = 0
  33              		@ link register save eliminated.
1521:/home/pacl/Documents/Repository/chipwhisperer/firmware/mcu/hal/chipwhisperer-fw-extra/stm32f4/stm32f4_hal_lowlevel.c **** {
1522:/home/pacl/Documents/Repository/chipwhisperer/firmware/mcu/hal/chipwhisperer-fw-extra/stm32f4/stm32f4_hal_lowlevel.c ****   uint32_t keyaddr = (uint32_t)Key;
  34              		.loc 1 1522 3 view .LVU1
1523:/home/pacl/Documents/Repository/chipwhisperer/firmware/mcu/hal/chipwhisperer-fw-extra/stm32f4/stm32f4_hal_lowlevel.c ****   
1524:/home/pacl/Documents/Repository/chipwhisperer/firmware/mcu/hal/chipwhisperer-fw-extra/stm32f4/stm32f4_hal_lowlevel.c ****   switch(KeySize)
  35              		.loc 1 1524 3 view .LVU2
  36 0000 B2F5807F 		cmp	r2, #256
  37 0004 1FD0     		beq	.L2
  38 0006 B2F5007F 		cmp	r2, #512
  39 000a 02D0     		beq	.L3
  40 000c 002A     		cmp	r2, #0
  41 000e 2CD0     		beq	.L4
  42 0010 7047     		bx	lr
  43              	.L3:
1525:/home/pacl/Documents/Repository/chipwhisperer/firmware/mcu/hal/chipwhisperer-fw-extra/stm32f4/stm32f4_hal_lowlevel.c ****   {
1526:/home/pacl/Documents/Repository/chipwhisperer/firmware/mcu/hal/chipwhisperer-fw-extra/stm32f4/stm32f4_hal_lowlevel.c ****   case CRYP_KEYSIZE_256B:
1527:/home/pacl/Documents/Repository/chipwhisperer/firmware/mcu/hal/chipwhisperer-fw-extra/stm32f4/stm32f4_hal_lowlevel.c ****     /* Key Initialisation */
1528:/home/pacl/Documents/Repository/chipwhisperer/firmware/mcu/hal/chipwhisperer-fw-extra/stm32f4/stm32f4_hal_lowlevel.c ****     hcryp->Instance->K0LR = __REV(*(uint32_t*)(keyaddr));
  44              		.loc 1 1528 5 view .LVU3
  45              	.LBB125:
  46              	.LBB126:
  47              		.file 2 "/home/pacl/Documents/Repository/chipwhisperer/firmware/mcu/hal/chipwhisperer-fw-extra/stm
   1:/home/pacl/Documents/Repository/chipwhisperer/firmware/mcu/hal/chipwhisperer-fw-extra/stm32f4/CMSIS/core/cmsis_gcc.h **** /**************************************************************************//**
   2:/home/pacl/Documents/Repository/chipwhisperer/firmware/mcu/hal/chipwhisperer-fw-extra/stm32f4/CMSIS/core/cmsis_gcc.h ****  * @file     cmsis_gcc.h
   3:/home/pacl/Documents/Repository/chipwhisperer/firmware/mcu/hal/chipwhisperer-fw-extra/stm32f4/CMSIS/core/cmsis_gcc.h ****  * @brief    CMSIS Cortex-M Core Function/Instruction Header File
   4:/home/pacl/Documents/Repository/chipwhisperer/firmware/mcu/hal/chipwhisperer-fw-extra/stm32f4/CMSIS/core/cmsis_gcc.h ****  * @version  V4.30
   5:/home/pacl/Documents/Repository/chipwhisperer/firmware/mcu/hal/chipwhisperer-fw-extra/stm32f4/CMSIS/core/cmsis_gcc.h ****  * @date     20. October 2015
   6:/home/pacl/Documents/Repository/chipwhisperer/firmware/mcu/hal/chipwhisperer-fw-extra/stm32f4/CMSIS/core/cmsis_gcc.h ****  ******************************************************************************/
   7:/home/pacl/Documents/Repository/chipwhisperer/firmware/mcu/hal/chipwhisperer-fw-extra/stm32f4/CMSIS/core/cmsis_gcc.h **** /* Copyright (c) 2009 - 2015 ARM LIMITED
   8:/home/pacl/Documents/Repository/chipwhisperer/firmware/mcu/hal/chipwhisperer-fw-extra/stm32f4/CMSIS/core/cmsis_gcc.h **** 
   9:/home/pacl/Documents/Repository/chipwhisperer/firmware/mcu/hal/chipwhisperer-fw-extra/stm32f4/CMSIS/core/cmsis_gcc.h ****    All rights reserved.
  10:/home/pacl/Documents/Repository/chipwhisperer/firmware/mcu/hal/chipwhisperer-fw-extra/stm32f4/CMSIS/core/cmsis_gcc.h ****    Redistribution and use in source and binary forms, with or without
  11:/home/pacl/Documents/Repository/chipwhisperer/firmware/mcu/hal/chipwhisperer-fw-extra/stm32f4/CMSIS/core/cmsis_gcc.h ****    modification, are permitted provided that the following conditions are met:
  12:/home/pacl/Documents/Repository/chipwhisperer/firmware/mcu/hal/chipwhisperer-fw-extra/stm32f4/CMSIS/core/cmsis_gcc.h ****    - Redistributions of source code must retain the above copyright
  13:/home/pacl/Documents/Repository/chipwhisperer/firmware/mcu/hal/chipwhisperer-fw-extra/stm32f4/CMSIS/core/cmsis_gcc.h ****      notice, this list of conditions and the following disclaimer.
  14:/home/pacl/Documents/Repository/chipwhisperer/firmware/mcu/hal/chipwhisperer-fw-extra/stm32f4/CMSIS/core/cmsis_gcc.h ****    - Redistributions in binary form must reproduce the above copyright
  15:/home/pacl/Documents/Repository/chipwhisperer/firmware/mcu/hal/chipwhisperer-fw-extra/stm32f4/CMSIS/core/cmsis_gcc.h ****      notice, this list of conditions and the following disclaimer in the
  16:/home/pacl/Documents/Repository/chipwhisperer/firmware/mcu/hal/chipwhisperer-fw-extra/stm32f4/CMSIS/core/cmsis_gcc.h ****      documentation and/or other materials provided with the distribution.
  17:/home/pacl/Documents/Repository/chipwhisperer/firmware/mcu/hal/chipwhisperer-fw-extra/stm32f4/CMSIS/core/cmsis_gcc.h ****    - Neither the name of ARM nor the names of its contributors may be used
  18:/home/pacl/Documents/Repository/chipwhisperer/firmware/mcu/hal/chipwhisperer-fw-extra/stm32f4/CMSIS/core/cmsis_gcc.h ****      to endorse or promote products derived from this software without
  19:/home/pacl/Documents/Repository/chipwhisperer/firmware/mcu/hal/chipwhisperer-fw-extra/stm32f4/CMSIS/core/cmsis_gcc.h ****      specific prior written permission.
  20:/home/pacl/Documents/Repository/chipwhisperer/firmware/mcu/hal/chipwhisperer-fw-extra/stm32f4/CMSIS/core/cmsis_gcc.h ****    *
  21:/home/pacl/Documents/Repository/chipwhisperer/firmware/mcu/hal/chipwhisperer-fw-extra/stm32f4/CMSIS/core/cmsis_gcc.h ****    THIS SOFTWARE IS PROVIDED BY THE COPYRIGHT HOLDERS AND CONTRIBUTORS "AS IS"
  22:/home/pacl/Documents/Repository/chipwhisperer/firmware/mcu/hal/chipwhisperer-fw-extra/stm32f4/CMSIS/core/cmsis_gcc.h ****    AND ANY EXPRESS OR IMPLIED WARRANTIES, INCLUDING, BUT NOT LIMITED TO, THE
  23:/home/pacl/Documents/Repository/chipwhisperer/firmware/mcu/hal/chipwhisperer-fw-extra/stm32f4/CMSIS/core/cmsis_gcc.h ****    IMPLIED WARRANTIES OF MERCHANTABILITY AND FITNESS FOR A PARTICULAR PURPOSE
  24:/home/pacl/Documents/Repository/chipwhisperer/firmware/mcu/hal/chipwhisperer-fw-extra/stm32f4/CMSIS/core/cmsis_gcc.h ****    ARE DISCLAIMED. IN NO EVENT SHALL COPYRIGHT HOLDERS AND CONTRIBUTORS BE
  25:/home/pacl/Documents/Repository/chipwhisperer/firmware/mcu/hal/chipwhisperer-fw-extra/stm32f4/CMSIS/core/cmsis_gcc.h ****    LIABLE FOR ANY DIRECT, INDIRECT, INCIDENTAL, SPECIAL, EXEMPLARY, OR
  26:/home/pacl/Documents/Repository/chipwhisperer/firmware/mcu/hal/chipwhisperer-fw-extra/stm32f4/CMSIS/core/cmsis_gcc.h ****    CONSEQUENTIAL DAMAGES (INCLUDING, BUT NOT LIMITED TO, PROCUREMENT OF
  27:/home/pacl/Documents/Repository/chipwhisperer/firmware/mcu/hal/chipwhisperer-fw-extra/stm32f4/CMSIS/core/cmsis_gcc.h ****    SUBSTITUTE GOODS OR SERVICES; LOSS OF USE, DATA, OR PROFITS; OR BUSINESS
  28:/home/pacl/Documents/Repository/chipwhisperer/firmware/mcu/hal/chipwhisperer-fw-extra/stm32f4/CMSIS/core/cmsis_gcc.h ****    INTERRUPTION) HOWEVER CAUSED AND ON ANY THEORY OF LIABILITY, WHETHER IN
  29:/home/pacl/Documents/Repository/chipwhisperer/firmware/mcu/hal/chipwhisperer-fw-extra/stm32f4/CMSIS/core/cmsis_gcc.h ****    CONTRACT, STRICT LIABILITY, OR TORT (INCLUDING NEGLIGENCE OR OTHERWISE)
  30:/home/pacl/Documents/Repository/chipwhisperer/firmware/mcu/hal/chipwhisperer-fw-extra/stm32f4/CMSIS/core/cmsis_gcc.h ****    ARISING IN ANY WAY OUT OF THE USE OF THIS SOFTWARE, EVEN IF ADVISED OF THE
  31:/home/pacl/Documents/Repository/chipwhisperer/firmware/mcu/hal/chipwhisperer-fw-extra/stm32f4/CMSIS/core/cmsis_gcc.h ****    POSSIBILITY OF SUCH DAMAGE.
  32:/home/pacl/Documents/Repository/chipwhisperer/firmware/mcu/hal/chipwhisperer-fw-extra/stm32f4/CMSIS/core/cmsis_gcc.h ****    ---------------------------------------------------------------------------*/
  33:/home/pacl/Documents/Repository/chipwhisperer/firmware/mcu/hal/chipwhisperer-fw-extra/stm32f4/CMSIS/core/cmsis_gcc.h **** 
  34:/home/pacl/Documents/Repository/chipwhisperer/firmware/mcu/hal/chipwhisperer-fw-extra/stm32f4/CMSIS/core/cmsis_gcc.h **** 
  35:/home/pacl/Documents/Repository/chipwhisperer/firmware/mcu/hal/chipwhisperer-fw-extra/stm32f4/CMSIS/core/cmsis_gcc.h **** #ifndef __CMSIS_GCC_H
  36:/home/pacl/Documents/Repository/chipwhisperer/firmware/mcu/hal/chipwhisperer-fw-extra/stm32f4/CMSIS/core/cmsis_gcc.h **** #define __CMSIS_GCC_H
  37:/home/pacl/Documents/Repository/chipwhisperer/firmware/mcu/hal/chipwhisperer-fw-extra/stm32f4/CMSIS/core/cmsis_gcc.h **** 
  38:/home/pacl/Documents/Repository/chipwhisperer/firmware/mcu/hal/chipwhisperer-fw-extra/stm32f4/CMSIS/core/cmsis_gcc.h **** /* ignore some GCC warnings */
  39:/home/pacl/Documents/Repository/chipwhisperer/firmware/mcu/hal/chipwhisperer-fw-extra/stm32f4/CMSIS/core/cmsis_gcc.h **** #if defined ( __GNUC__ )
  40:/home/pacl/Documents/Repository/chipwhisperer/firmware/mcu/hal/chipwhisperer-fw-extra/stm32f4/CMSIS/core/cmsis_gcc.h **** #pragma GCC diagnostic push
  41:/home/pacl/Documents/Repository/chipwhisperer/firmware/mcu/hal/chipwhisperer-fw-extra/stm32f4/CMSIS/core/cmsis_gcc.h **** #pragma GCC diagnostic ignored "-Wsign-conversion"
  42:/home/pacl/Documents/Repository/chipwhisperer/firmware/mcu/hal/chipwhisperer-fw-extra/stm32f4/CMSIS/core/cmsis_gcc.h **** #pragma GCC diagnostic ignored "-Wconversion"
  43:/home/pacl/Documents/Repository/chipwhisperer/firmware/mcu/hal/chipwhisperer-fw-extra/stm32f4/CMSIS/core/cmsis_gcc.h **** #pragma GCC diagnostic ignored "-Wunused-parameter"
  44:/home/pacl/Documents/Repository/chipwhisperer/firmware/mcu/hal/chipwhisperer-fw-extra/stm32f4/CMSIS/core/cmsis_gcc.h **** #endif
  45:/home/pacl/Documents/Repository/chipwhisperer/firmware/mcu/hal/chipwhisperer-fw-extra/stm32f4/CMSIS/core/cmsis_gcc.h **** 
  46:/home/pacl/Documents/Repository/chipwhisperer/firmware/mcu/hal/chipwhisperer-fw-extra/stm32f4/CMSIS/core/cmsis_gcc.h **** 
  47:/home/pacl/Documents/Repository/chipwhisperer/firmware/mcu/hal/chipwhisperer-fw-extra/stm32f4/CMSIS/core/cmsis_gcc.h **** /* ###########################  Core Function Access  ########################### */
  48:/home/pacl/Documents/Repository/chipwhisperer/firmware/mcu/hal/chipwhisperer-fw-extra/stm32f4/CMSIS/core/cmsis_gcc.h **** /** \ingroup  CMSIS_Core_FunctionInterface
  49:/home/pacl/Documents/Repository/chipwhisperer/firmware/mcu/hal/chipwhisperer-fw-extra/stm32f4/CMSIS/core/cmsis_gcc.h ****     \defgroup CMSIS_Core_RegAccFunctions CMSIS Core Register Access Functions
  50:/home/pacl/Documents/Repository/chipwhisperer/firmware/mcu/hal/chipwhisperer-fw-extra/stm32f4/CMSIS/core/cmsis_gcc.h ****   @{
  51:/home/pacl/Documents/Repository/chipwhisperer/firmware/mcu/hal/chipwhisperer-fw-extra/stm32f4/CMSIS/core/cmsis_gcc.h ****  */
  52:/home/pacl/Documents/Repository/chipwhisperer/firmware/mcu/hal/chipwhisperer-fw-extra/stm32f4/CMSIS/core/cmsis_gcc.h **** 
  53:/home/pacl/Documents/Repository/chipwhisperer/firmware/mcu/hal/chipwhisperer-fw-extra/stm32f4/CMSIS/core/cmsis_gcc.h **** /**
  54:/home/pacl/Documents/Repository/chipwhisperer/firmware/mcu/hal/chipwhisperer-fw-extra/stm32f4/CMSIS/core/cmsis_gcc.h ****   \brief   Enable IRQ Interrupts
  55:/home/pacl/Documents/Repository/chipwhisperer/firmware/mcu/hal/chipwhisperer-fw-extra/stm32f4/CMSIS/core/cmsis_gcc.h ****   \details Enables IRQ interrupts by clearing the I-bit in the CPSR.
  56:/home/pacl/Documents/Repository/chipwhisperer/firmware/mcu/hal/chipwhisperer-fw-extra/stm32f4/CMSIS/core/cmsis_gcc.h ****            Can only be executed in Privileged modes.
  57:/home/pacl/Documents/Repository/chipwhisperer/firmware/mcu/hal/chipwhisperer-fw-extra/stm32f4/CMSIS/core/cmsis_gcc.h ****  */
  58:/home/pacl/Documents/Repository/chipwhisperer/firmware/mcu/hal/chipwhisperer-fw-extra/stm32f4/CMSIS/core/cmsis_gcc.h **** __attribute__( ( always_inline ) ) __STATIC_INLINE void __enable_irq(void)
  59:/home/pacl/Documents/Repository/chipwhisperer/firmware/mcu/hal/chipwhisperer-fw-extra/stm32f4/CMSIS/core/cmsis_gcc.h **** {
  60:/home/pacl/Documents/Repository/chipwhisperer/firmware/mcu/hal/chipwhisperer-fw-extra/stm32f4/CMSIS/core/cmsis_gcc.h ****   __ASM volatile ("cpsie i" : : : "memory");
  61:/home/pacl/Documents/Repository/chipwhisperer/firmware/mcu/hal/chipwhisperer-fw-extra/stm32f4/CMSIS/core/cmsis_gcc.h **** }
  62:/home/pacl/Documents/Repository/chipwhisperer/firmware/mcu/hal/chipwhisperer-fw-extra/stm32f4/CMSIS/core/cmsis_gcc.h **** 
  63:/home/pacl/Documents/Repository/chipwhisperer/firmware/mcu/hal/chipwhisperer-fw-extra/stm32f4/CMSIS/core/cmsis_gcc.h **** 
  64:/home/pacl/Documents/Repository/chipwhisperer/firmware/mcu/hal/chipwhisperer-fw-extra/stm32f4/CMSIS/core/cmsis_gcc.h **** /**
  65:/home/pacl/Documents/Repository/chipwhisperer/firmware/mcu/hal/chipwhisperer-fw-extra/stm32f4/CMSIS/core/cmsis_gcc.h ****   \brief   Disable IRQ Interrupts
  66:/home/pacl/Documents/Repository/chipwhisperer/firmware/mcu/hal/chipwhisperer-fw-extra/stm32f4/CMSIS/core/cmsis_gcc.h ****   \details Disables IRQ interrupts by setting the I-bit in the CPSR.
  67:/home/pacl/Documents/Repository/chipwhisperer/firmware/mcu/hal/chipwhisperer-fw-extra/stm32f4/CMSIS/core/cmsis_gcc.h ****   Can only be executed in Privileged modes.
  68:/home/pacl/Documents/Repository/chipwhisperer/firmware/mcu/hal/chipwhisperer-fw-extra/stm32f4/CMSIS/core/cmsis_gcc.h ****  */
  69:/home/pacl/Documents/Repository/chipwhisperer/firmware/mcu/hal/chipwhisperer-fw-extra/stm32f4/CMSIS/core/cmsis_gcc.h **** __attribute__( ( always_inline ) ) __STATIC_INLINE void __disable_irq(void)
  70:/home/pacl/Documents/Repository/chipwhisperer/firmware/mcu/hal/chipwhisperer-fw-extra/stm32f4/CMSIS/core/cmsis_gcc.h **** {
  71:/home/pacl/Documents/Repository/chipwhisperer/firmware/mcu/hal/chipwhisperer-fw-extra/stm32f4/CMSIS/core/cmsis_gcc.h ****   __ASM volatile ("cpsid i" : : : "memory");
  72:/home/pacl/Documents/Repository/chipwhisperer/firmware/mcu/hal/chipwhisperer-fw-extra/stm32f4/CMSIS/core/cmsis_gcc.h **** }
  73:/home/pacl/Documents/Repository/chipwhisperer/firmware/mcu/hal/chipwhisperer-fw-extra/stm32f4/CMSIS/core/cmsis_gcc.h **** 
  74:/home/pacl/Documents/Repository/chipwhisperer/firmware/mcu/hal/chipwhisperer-fw-extra/stm32f4/CMSIS/core/cmsis_gcc.h **** 
  75:/home/pacl/Documents/Repository/chipwhisperer/firmware/mcu/hal/chipwhisperer-fw-extra/stm32f4/CMSIS/core/cmsis_gcc.h **** /**
  76:/home/pacl/Documents/Repository/chipwhisperer/firmware/mcu/hal/chipwhisperer-fw-extra/stm32f4/CMSIS/core/cmsis_gcc.h ****   \brief   Get Control Register
  77:/home/pacl/Documents/Repository/chipwhisperer/firmware/mcu/hal/chipwhisperer-fw-extra/stm32f4/CMSIS/core/cmsis_gcc.h ****   \details Returns the content of the Control Register.
  78:/home/pacl/Documents/Repository/chipwhisperer/firmware/mcu/hal/chipwhisperer-fw-extra/stm32f4/CMSIS/core/cmsis_gcc.h ****   \return               Control Register value
  79:/home/pacl/Documents/Repository/chipwhisperer/firmware/mcu/hal/chipwhisperer-fw-extra/stm32f4/CMSIS/core/cmsis_gcc.h ****  */
  80:/home/pacl/Documents/Repository/chipwhisperer/firmware/mcu/hal/chipwhisperer-fw-extra/stm32f4/CMSIS/core/cmsis_gcc.h **** __attribute__( ( always_inline ) ) __STATIC_INLINE uint32_t __get_CONTROL(void)
  81:/home/pacl/Documents/Repository/chipwhisperer/firmware/mcu/hal/chipwhisperer-fw-extra/stm32f4/CMSIS/core/cmsis_gcc.h **** {
  82:/home/pacl/Documents/Repository/chipwhisperer/firmware/mcu/hal/chipwhisperer-fw-extra/stm32f4/CMSIS/core/cmsis_gcc.h ****   uint32_t result;
  83:/home/pacl/Documents/Repository/chipwhisperer/firmware/mcu/hal/chipwhisperer-fw-extra/stm32f4/CMSIS/core/cmsis_gcc.h **** 
  84:/home/pacl/Documents/Repository/chipwhisperer/firmware/mcu/hal/chipwhisperer-fw-extra/stm32f4/CMSIS/core/cmsis_gcc.h ****   __ASM volatile ("MRS %0, control" : "=r" (result) );
  85:/home/pacl/Documents/Repository/chipwhisperer/firmware/mcu/hal/chipwhisperer-fw-extra/stm32f4/CMSIS/core/cmsis_gcc.h ****   return(result);
  86:/home/pacl/Documents/Repository/chipwhisperer/firmware/mcu/hal/chipwhisperer-fw-extra/stm32f4/CMSIS/core/cmsis_gcc.h **** }
  87:/home/pacl/Documents/Repository/chipwhisperer/firmware/mcu/hal/chipwhisperer-fw-extra/stm32f4/CMSIS/core/cmsis_gcc.h **** 
  88:/home/pacl/Documents/Repository/chipwhisperer/firmware/mcu/hal/chipwhisperer-fw-extra/stm32f4/CMSIS/core/cmsis_gcc.h **** 
  89:/home/pacl/Documents/Repository/chipwhisperer/firmware/mcu/hal/chipwhisperer-fw-extra/stm32f4/CMSIS/core/cmsis_gcc.h **** /**
  90:/home/pacl/Documents/Repository/chipwhisperer/firmware/mcu/hal/chipwhisperer-fw-extra/stm32f4/CMSIS/core/cmsis_gcc.h ****   \brief   Set Control Register
  91:/home/pacl/Documents/Repository/chipwhisperer/firmware/mcu/hal/chipwhisperer-fw-extra/stm32f4/CMSIS/core/cmsis_gcc.h ****   \details Writes the given value to the Control Register.
  92:/home/pacl/Documents/Repository/chipwhisperer/firmware/mcu/hal/chipwhisperer-fw-extra/stm32f4/CMSIS/core/cmsis_gcc.h ****   \param [in]    control  Control Register value to set
  93:/home/pacl/Documents/Repository/chipwhisperer/firmware/mcu/hal/chipwhisperer-fw-extra/stm32f4/CMSIS/core/cmsis_gcc.h ****  */
  94:/home/pacl/Documents/Repository/chipwhisperer/firmware/mcu/hal/chipwhisperer-fw-extra/stm32f4/CMSIS/core/cmsis_gcc.h **** __attribute__( ( always_inline ) ) __STATIC_INLINE void __set_CONTROL(uint32_t control)
  95:/home/pacl/Documents/Repository/chipwhisperer/firmware/mcu/hal/chipwhisperer-fw-extra/stm32f4/CMSIS/core/cmsis_gcc.h **** {
  96:/home/pacl/Documents/Repository/chipwhisperer/firmware/mcu/hal/chipwhisperer-fw-extra/stm32f4/CMSIS/core/cmsis_gcc.h ****   __ASM volatile ("MSR control, %0" : : "r" (control) : "memory");
  97:/home/pacl/Documents/Repository/chipwhisperer/firmware/mcu/hal/chipwhisperer-fw-extra/stm32f4/CMSIS/core/cmsis_gcc.h **** }
  98:/home/pacl/Documents/Repository/chipwhisperer/firmware/mcu/hal/chipwhisperer-fw-extra/stm32f4/CMSIS/core/cmsis_gcc.h **** 
  99:/home/pacl/Documents/Repository/chipwhisperer/firmware/mcu/hal/chipwhisperer-fw-extra/stm32f4/CMSIS/core/cmsis_gcc.h **** 
 100:/home/pacl/Documents/Repository/chipwhisperer/firmware/mcu/hal/chipwhisperer-fw-extra/stm32f4/CMSIS/core/cmsis_gcc.h **** /**
 101:/home/pacl/Documents/Repository/chipwhisperer/firmware/mcu/hal/chipwhisperer-fw-extra/stm32f4/CMSIS/core/cmsis_gcc.h ****   \brief   Get IPSR Register
 102:/home/pacl/Documents/Repository/chipwhisperer/firmware/mcu/hal/chipwhisperer-fw-extra/stm32f4/CMSIS/core/cmsis_gcc.h ****   \details Returns the content of the IPSR Register.
 103:/home/pacl/Documents/Repository/chipwhisperer/firmware/mcu/hal/chipwhisperer-fw-extra/stm32f4/CMSIS/core/cmsis_gcc.h ****   \return               IPSR Register value
 104:/home/pacl/Documents/Repository/chipwhisperer/firmware/mcu/hal/chipwhisperer-fw-extra/stm32f4/CMSIS/core/cmsis_gcc.h ****  */
 105:/home/pacl/Documents/Repository/chipwhisperer/firmware/mcu/hal/chipwhisperer-fw-extra/stm32f4/CMSIS/core/cmsis_gcc.h **** __attribute__( ( always_inline ) ) __STATIC_INLINE uint32_t __get_IPSR(void)
 106:/home/pacl/Documents/Repository/chipwhisperer/firmware/mcu/hal/chipwhisperer-fw-extra/stm32f4/CMSIS/core/cmsis_gcc.h **** {
 107:/home/pacl/Documents/Repository/chipwhisperer/firmware/mcu/hal/chipwhisperer-fw-extra/stm32f4/CMSIS/core/cmsis_gcc.h ****   uint32_t result;
 108:/home/pacl/Documents/Repository/chipwhisperer/firmware/mcu/hal/chipwhisperer-fw-extra/stm32f4/CMSIS/core/cmsis_gcc.h **** 
 109:/home/pacl/Documents/Repository/chipwhisperer/firmware/mcu/hal/chipwhisperer-fw-extra/stm32f4/CMSIS/core/cmsis_gcc.h ****   __ASM volatile ("MRS %0, ipsr" : "=r" (result) );
 110:/home/pacl/Documents/Repository/chipwhisperer/firmware/mcu/hal/chipwhisperer-fw-extra/stm32f4/CMSIS/core/cmsis_gcc.h ****   return(result);
 111:/home/pacl/Documents/Repository/chipwhisperer/firmware/mcu/hal/chipwhisperer-fw-extra/stm32f4/CMSIS/core/cmsis_gcc.h **** }
 112:/home/pacl/Documents/Repository/chipwhisperer/firmware/mcu/hal/chipwhisperer-fw-extra/stm32f4/CMSIS/core/cmsis_gcc.h **** 
 113:/home/pacl/Documents/Repository/chipwhisperer/firmware/mcu/hal/chipwhisperer-fw-extra/stm32f4/CMSIS/core/cmsis_gcc.h **** 
 114:/home/pacl/Documents/Repository/chipwhisperer/firmware/mcu/hal/chipwhisperer-fw-extra/stm32f4/CMSIS/core/cmsis_gcc.h **** /**
 115:/home/pacl/Documents/Repository/chipwhisperer/firmware/mcu/hal/chipwhisperer-fw-extra/stm32f4/CMSIS/core/cmsis_gcc.h ****   \brief   Get APSR Register
 116:/home/pacl/Documents/Repository/chipwhisperer/firmware/mcu/hal/chipwhisperer-fw-extra/stm32f4/CMSIS/core/cmsis_gcc.h ****   \details Returns the content of the APSR Register.
 117:/home/pacl/Documents/Repository/chipwhisperer/firmware/mcu/hal/chipwhisperer-fw-extra/stm32f4/CMSIS/core/cmsis_gcc.h ****   \return               APSR Register value
 118:/home/pacl/Documents/Repository/chipwhisperer/firmware/mcu/hal/chipwhisperer-fw-extra/stm32f4/CMSIS/core/cmsis_gcc.h ****  */
 119:/home/pacl/Documents/Repository/chipwhisperer/firmware/mcu/hal/chipwhisperer-fw-extra/stm32f4/CMSIS/core/cmsis_gcc.h **** __attribute__( ( always_inline ) ) __STATIC_INLINE uint32_t __get_APSR(void)
 120:/home/pacl/Documents/Repository/chipwhisperer/firmware/mcu/hal/chipwhisperer-fw-extra/stm32f4/CMSIS/core/cmsis_gcc.h **** {
 121:/home/pacl/Documents/Repository/chipwhisperer/firmware/mcu/hal/chipwhisperer-fw-extra/stm32f4/CMSIS/core/cmsis_gcc.h ****   uint32_t result;
 122:/home/pacl/Documents/Repository/chipwhisperer/firmware/mcu/hal/chipwhisperer-fw-extra/stm32f4/CMSIS/core/cmsis_gcc.h **** 
 123:/home/pacl/Documents/Repository/chipwhisperer/firmware/mcu/hal/chipwhisperer-fw-extra/stm32f4/CMSIS/core/cmsis_gcc.h ****   __ASM volatile ("MRS %0, apsr" : "=r" (result) );
 124:/home/pacl/Documents/Repository/chipwhisperer/firmware/mcu/hal/chipwhisperer-fw-extra/stm32f4/CMSIS/core/cmsis_gcc.h ****   return(result);
 125:/home/pacl/Documents/Repository/chipwhisperer/firmware/mcu/hal/chipwhisperer-fw-extra/stm32f4/CMSIS/core/cmsis_gcc.h **** }
 126:/home/pacl/Documents/Repository/chipwhisperer/firmware/mcu/hal/chipwhisperer-fw-extra/stm32f4/CMSIS/core/cmsis_gcc.h **** 
 127:/home/pacl/Documents/Repository/chipwhisperer/firmware/mcu/hal/chipwhisperer-fw-extra/stm32f4/CMSIS/core/cmsis_gcc.h **** 
 128:/home/pacl/Documents/Repository/chipwhisperer/firmware/mcu/hal/chipwhisperer-fw-extra/stm32f4/CMSIS/core/cmsis_gcc.h **** /**
 129:/home/pacl/Documents/Repository/chipwhisperer/firmware/mcu/hal/chipwhisperer-fw-extra/stm32f4/CMSIS/core/cmsis_gcc.h ****   \brief   Get xPSR Register
 130:/home/pacl/Documents/Repository/chipwhisperer/firmware/mcu/hal/chipwhisperer-fw-extra/stm32f4/CMSIS/core/cmsis_gcc.h ****   \details Returns the content of the xPSR Register.
 131:/home/pacl/Documents/Repository/chipwhisperer/firmware/mcu/hal/chipwhisperer-fw-extra/stm32f4/CMSIS/core/cmsis_gcc.h **** 
 132:/home/pacl/Documents/Repository/chipwhisperer/firmware/mcu/hal/chipwhisperer-fw-extra/stm32f4/CMSIS/core/cmsis_gcc.h ****     \return               xPSR Register value
 133:/home/pacl/Documents/Repository/chipwhisperer/firmware/mcu/hal/chipwhisperer-fw-extra/stm32f4/CMSIS/core/cmsis_gcc.h ****  */
 134:/home/pacl/Documents/Repository/chipwhisperer/firmware/mcu/hal/chipwhisperer-fw-extra/stm32f4/CMSIS/core/cmsis_gcc.h **** __attribute__( ( always_inline ) ) __STATIC_INLINE uint32_t __get_xPSR(void)
 135:/home/pacl/Documents/Repository/chipwhisperer/firmware/mcu/hal/chipwhisperer-fw-extra/stm32f4/CMSIS/core/cmsis_gcc.h **** {
 136:/home/pacl/Documents/Repository/chipwhisperer/firmware/mcu/hal/chipwhisperer-fw-extra/stm32f4/CMSIS/core/cmsis_gcc.h ****   uint32_t result;
 137:/home/pacl/Documents/Repository/chipwhisperer/firmware/mcu/hal/chipwhisperer-fw-extra/stm32f4/CMSIS/core/cmsis_gcc.h **** 
 138:/home/pacl/Documents/Repository/chipwhisperer/firmware/mcu/hal/chipwhisperer-fw-extra/stm32f4/CMSIS/core/cmsis_gcc.h ****   __ASM volatile ("MRS %0, xpsr" : "=r" (result) );
 139:/home/pacl/Documents/Repository/chipwhisperer/firmware/mcu/hal/chipwhisperer-fw-extra/stm32f4/CMSIS/core/cmsis_gcc.h ****   return(result);
 140:/home/pacl/Documents/Repository/chipwhisperer/firmware/mcu/hal/chipwhisperer-fw-extra/stm32f4/CMSIS/core/cmsis_gcc.h **** }
 141:/home/pacl/Documents/Repository/chipwhisperer/firmware/mcu/hal/chipwhisperer-fw-extra/stm32f4/CMSIS/core/cmsis_gcc.h **** 
 142:/home/pacl/Documents/Repository/chipwhisperer/firmware/mcu/hal/chipwhisperer-fw-extra/stm32f4/CMSIS/core/cmsis_gcc.h **** 
 143:/home/pacl/Documents/Repository/chipwhisperer/firmware/mcu/hal/chipwhisperer-fw-extra/stm32f4/CMSIS/core/cmsis_gcc.h **** /**
 144:/home/pacl/Documents/Repository/chipwhisperer/firmware/mcu/hal/chipwhisperer-fw-extra/stm32f4/CMSIS/core/cmsis_gcc.h ****   \brief   Get Process Stack Pointer
 145:/home/pacl/Documents/Repository/chipwhisperer/firmware/mcu/hal/chipwhisperer-fw-extra/stm32f4/CMSIS/core/cmsis_gcc.h ****   \details Returns the current value of the Process Stack Pointer (PSP).
 146:/home/pacl/Documents/Repository/chipwhisperer/firmware/mcu/hal/chipwhisperer-fw-extra/stm32f4/CMSIS/core/cmsis_gcc.h ****   \return               PSP Register value
 147:/home/pacl/Documents/Repository/chipwhisperer/firmware/mcu/hal/chipwhisperer-fw-extra/stm32f4/CMSIS/core/cmsis_gcc.h ****  */
 148:/home/pacl/Documents/Repository/chipwhisperer/firmware/mcu/hal/chipwhisperer-fw-extra/stm32f4/CMSIS/core/cmsis_gcc.h **** __attribute__( ( always_inline ) ) __STATIC_INLINE uint32_t __get_PSP(void)
 149:/home/pacl/Documents/Repository/chipwhisperer/firmware/mcu/hal/chipwhisperer-fw-extra/stm32f4/CMSIS/core/cmsis_gcc.h **** {
 150:/home/pacl/Documents/Repository/chipwhisperer/firmware/mcu/hal/chipwhisperer-fw-extra/stm32f4/CMSIS/core/cmsis_gcc.h ****   register uint32_t result;
 151:/home/pacl/Documents/Repository/chipwhisperer/firmware/mcu/hal/chipwhisperer-fw-extra/stm32f4/CMSIS/core/cmsis_gcc.h **** 
 152:/home/pacl/Documents/Repository/chipwhisperer/firmware/mcu/hal/chipwhisperer-fw-extra/stm32f4/CMSIS/core/cmsis_gcc.h ****   __ASM volatile ("MRS %0, psp\n"  : "=r" (result) );
 153:/home/pacl/Documents/Repository/chipwhisperer/firmware/mcu/hal/chipwhisperer-fw-extra/stm32f4/CMSIS/core/cmsis_gcc.h ****   return(result);
 154:/home/pacl/Documents/Repository/chipwhisperer/firmware/mcu/hal/chipwhisperer-fw-extra/stm32f4/CMSIS/core/cmsis_gcc.h **** }
 155:/home/pacl/Documents/Repository/chipwhisperer/firmware/mcu/hal/chipwhisperer-fw-extra/stm32f4/CMSIS/core/cmsis_gcc.h **** 
 156:/home/pacl/Documents/Repository/chipwhisperer/firmware/mcu/hal/chipwhisperer-fw-extra/stm32f4/CMSIS/core/cmsis_gcc.h **** 
 157:/home/pacl/Documents/Repository/chipwhisperer/firmware/mcu/hal/chipwhisperer-fw-extra/stm32f4/CMSIS/core/cmsis_gcc.h **** /**
 158:/home/pacl/Documents/Repository/chipwhisperer/firmware/mcu/hal/chipwhisperer-fw-extra/stm32f4/CMSIS/core/cmsis_gcc.h ****   \brief   Set Process Stack Pointer
 159:/home/pacl/Documents/Repository/chipwhisperer/firmware/mcu/hal/chipwhisperer-fw-extra/stm32f4/CMSIS/core/cmsis_gcc.h ****   \details Assigns the given value to the Process Stack Pointer (PSP).
 160:/home/pacl/Documents/Repository/chipwhisperer/firmware/mcu/hal/chipwhisperer-fw-extra/stm32f4/CMSIS/core/cmsis_gcc.h ****   \param [in]    topOfProcStack  Process Stack Pointer value to set
 161:/home/pacl/Documents/Repository/chipwhisperer/firmware/mcu/hal/chipwhisperer-fw-extra/stm32f4/CMSIS/core/cmsis_gcc.h ****  */
 162:/home/pacl/Documents/Repository/chipwhisperer/firmware/mcu/hal/chipwhisperer-fw-extra/stm32f4/CMSIS/core/cmsis_gcc.h **** __attribute__( ( always_inline ) ) __STATIC_INLINE void __set_PSP(uint32_t topOfProcStack)
 163:/home/pacl/Documents/Repository/chipwhisperer/firmware/mcu/hal/chipwhisperer-fw-extra/stm32f4/CMSIS/core/cmsis_gcc.h **** {
 164:/home/pacl/Documents/Repository/chipwhisperer/firmware/mcu/hal/chipwhisperer-fw-extra/stm32f4/CMSIS/core/cmsis_gcc.h ****   __ASM volatile ("MSR psp, %0\n" : : "r" (topOfProcStack) : "sp");
 165:/home/pacl/Documents/Repository/chipwhisperer/firmware/mcu/hal/chipwhisperer-fw-extra/stm32f4/CMSIS/core/cmsis_gcc.h **** }
 166:/home/pacl/Documents/Repository/chipwhisperer/firmware/mcu/hal/chipwhisperer-fw-extra/stm32f4/CMSIS/core/cmsis_gcc.h **** 
 167:/home/pacl/Documents/Repository/chipwhisperer/firmware/mcu/hal/chipwhisperer-fw-extra/stm32f4/CMSIS/core/cmsis_gcc.h **** 
 168:/home/pacl/Documents/Repository/chipwhisperer/firmware/mcu/hal/chipwhisperer-fw-extra/stm32f4/CMSIS/core/cmsis_gcc.h **** /**
 169:/home/pacl/Documents/Repository/chipwhisperer/firmware/mcu/hal/chipwhisperer-fw-extra/stm32f4/CMSIS/core/cmsis_gcc.h ****   \brief   Get Main Stack Pointer
 170:/home/pacl/Documents/Repository/chipwhisperer/firmware/mcu/hal/chipwhisperer-fw-extra/stm32f4/CMSIS/core/cmsis_gcc.h ****   \details Returns the current value of the Main Stack Pointer (MSP).
 171:/home/pacl/Documents/Repository/chipwhisperer/firmware/mcu/hal/chipwhisperer-fw-extra/stm32f4/CMSIS/core/cmsis_gcc.h ****   \return               MSP Register value
 172:/home/pacl/Documents/Repository/chipwhisperer/firmware/mcu/hal/chipwhisperer-fw-extra/stm32f4/CMSIS/core/cmsis_gcc.h ****  */
 173:/home/pacl/Documents/Repository/chipwhisperer/firmware/mcu/hal/chipwhisperer-fw-extra/stm32f4/CMSIS/core/cmsis_gcc.h **** __attribute__( ( always_inline ) ) __STATIC_INLINE uint32_t __get_MSP(void)
 174:/home/pacl/Documents/Repository/chipwhisperer/firmware/mcu/hal/chipwhisperer-fw-extra/stm32f4/CMSIS/core/cmsis_gcc.h **** {
 175:/home/pacl/Documents/Repository/chipwhisperer/firmware/mcu/hal/chipwhisperer-fw-extra/stm32f4/CMSIS/core/cmsis_gcc.h ****   register uint32_t result;
 176:/home/pacl/Documents/Repository/chipwhisperer/firmware/mcu/hal/chipwhisperer-fw-extra/stm32f4/CMSIS/core/cmsis_gcc.h **** 
 177:/home/pacl/Documents/Repository/chipwhisperer/firmware/mcu/hal/chipwhisperer-fw-extra/stm32f4/CMSIS/core/cmsis_gcc.h ****   __ASM volatile ("MRS %0, msp\n" : "=r" (result) );
 178:/home/pacl/Documents/Repository/chipwhisperer/firmware/mcu/hal/chipwhisperer-fw-extra/stm32f4/CMSIS/core/cmsis_gcc.h ****   return(result);
 179:/home/pacl/Documents/Repository/chipwhisperer/firmware/mcu/hal/chipwhisperer-fw-extra/stm32f4/CMSIS/core/cmsis_gcc.h **** }
 180:/home/pacl/Documents/Repository/chipwhisperer/firmware/mcu/hal/chipwhisperer-fw-extra/stm32f4/CMSIS/core/cmsis_gcc.h **** 
 181:/home/pacl/Documents/Repository/chipwhisperer/firmware/mcu/hal/chipwhisperer-fw-extra/stm32f4/CMSIS/core/cmsis_gcc.h **** 
 182:/home/pacl/Documents/Repository/chipwhisperer/firmware/mcu/hal/chipwhisperer-fw-extra/stm32f4/CMSIS/core/cmsis_gcc.h **** /**
 183:/home/pacl/Documents/Repository/chipwhisperer/firmware/mcu/hal/chipwhisperer-fw-extra/stm32f4/CMSIS/core/cmsis_gcc.h ****   \brief   Set Main Stack Pointer
 184:/home/pacl/Documents/Repository/chipwhisperer/firmware/mcu/hal/chipwhisperer-fw-extra/stm32f4/CMSIS/core/cmsis_gcc.h ****   \details Assigns the given value to the Main Stack Pointer (MSP).
 185:/home/pacl/Documents/Repository/chipwhisperer/firmware/mcu/hal/chipwhisperer-fw-extra/stm32f4/CMSIS/core/cmsis_gcc.h **** 
 186:/home/pacl/Documents/Repository/chipwhisperer/firmware/mcu/hal/chipwhisperer-fw-extra/stm32f4/CMSIS/core/cmsis_gcc.h ****     \param [in]    topOfMainStack  Main Stack Pointer value to set
 187:/home/pacl/Documents/Repository/chipwhisperer/firmware/mcu/hal/chipwhisperer-fw-extra/stm32f4/CMSIS/core/cmsis_gcc.h ****  */
 188:/home/pacl/Documents/Repository/chipwhisperer/firmware/mcu/hal/chipwhisperer-fw-extra/stm32f4/CMSIS/core/cmsis_gcc.h **** __attribute__( ( always_inline ) ) __STATIC_INLINE void __set_MSP(uint32_t topOfMainStack)
 189:/home/pacl/Documents/Repository/chipwhisperer/firmware/mcu/hal/chipwhisperer-fw-extra/stm32f4/CMSIS/core/cmsis_gcc.h **** {
 190:/home/pacl/Documents/Repository/chipwhisperer/firmware/mcu/hal/chipwhisperer-fw-extra/stm32f4/CMSIS/core/cmsis_gcc.h ****   __ASM volatile ("MSR msp, %0\n" : : "r" (topOfMainStack) : "sp");
 191:/home/pacl/Documents/Repository/chipwhisperer/firmware/mcu/hal/chipwhisperer-fw-extra/stm32f4/CMSIS/core/cmsis_gcc.h **** }
 192:/home/pacl/Documents/Repository/chipwhisperer/firmware/mcu/hal/chipwhisperer-fw-extra/stm32f4/CMSIS/core/cmsis_gcc.h **** 
 193:/home/pacl/Documents/Repository/chipwhisperer/firmware/mcu/hal/chipwhisperer-fw-extra/stm32f4/CMSIS/core/cmsis_gcc.h **** 
 194:/home/pacl/Documents/Repository/chipwhisperer/firmware/mcu/hal/chipwhisperer-fw-extra/stm32f4/CMSIS/core/cmsis_gcc.h **** /**
 195:/home/pacl/Documents/Repository/chipwhisperer/firmware/mcu/hal/chipwhisperer-fw-extra/stm32f4/CMSIS/core/cmsis_gcc.h ****   \brief   Get Priority Mask
 196:/home/pacl/Documents/Repository/chipwhisperer/firmware/mcu/hal/chipwhisperer-fw-extra/stm32f4/CMSIS/core/cmsis_gcc.h ****   \details Returns the current state of the priority mask bit from the Priority Mask Register.
 197:/home/pacl/Documents/Repository/chipwhisperer/firmware/mcu/hal/chipwhisperer-fw-extra/stm32f4/CMSIS/core/cmsis_gcc.h ****   \return               Priority Mask value
 198:/home/pacl/Documents/Repository/chipwhisperer/firmware/mcu/hal/chipwhisperer-fw-extra/stm32f4/CMSIS/core/cmsis_gcc.h ****  */
 199:/home/pacl/Documents/Repository/chipwhisperer/firmware/mcu/hal/chipwhisperer-fw-extra/stm32f4/CMSIS/core/cmsis_gcc.h **** __attribute__( ( always_inline ) ) __STATIC_INLINE uint32_t __get_PRIMASK(void)
 200:/home/pacl/Documents/Repository/chipwhisperer/firmware/mcu/hal/chipwhisperer-fw-extra/stm32f4/CMSIS/core/cmsis_gcc.h **** {
 201:/home/pacl/Documents/Repository/chipwhisperer/firmware/mcu/hal/chipwhisperer-fw-extra/stm32f4/CMSIS/core/cmsis_gcc.h ****   uint32_t result;
 202:/home/pacl/Documents/Repository/chipwhisperer/firmware/mcu/hal/chipwhisperer-fw-extra/stm32f4/CMSIS/core/cmsis_gcc.h **** 
 203:/home/pacl/Documents/Repository/chipwhisperer/firmware/mcu/hal/chipwhisperer-fw-extra/stm32f4/CMSIS/core/cmsis_gcc.h ****   __ASM volatile ("MRS %0, primask" : "=r" (result) );
 204:/home/pacl/Documents/Repository/chipwhisperer/firmware/mcu/hal/chipwhisperer-fw-extra/stm32f4/CMSIS/core/cmsis_gcc.h ****   return(result);
 205:/home/pacl/Documents/Repository/chipwhisperer/firmware/mcu/hal/chipwhisperer-fw-extra/stm32f4/CMSIS/core/cmsis_gcc.h **** }
 206:/home/pacl/Documents/Repository/chipwhisperer/firmware/mcu/hal/chipwhisperer-fw-extra/stm32f4/CMSIS/core/cmsis_gcc.h **** 
 207:/home/pacl/Documents/Repository/chipwhisperer/firmware/mcu/hal/chipwhisperer-fw-extra/stm32f4/CMSIS/core/cmsis_gcc.h **** 
 208:/home/pacl/Documents/Repository/chipwhisperer/firmware/mcu/hal/chipwhisperer-fw-extra/stm32f4/CMSIS/core/cmsis_gcc.h **** /**
 209:/home/pacl/Documents/Repository/chipwhisperer/firmware/mcu/hal/chipwhisperer-fw-extra/stm32f4/CMSIS/core/cmsis_gcc.h ****   \brief   Set Priority Mask
 210:/home/pacl/Documents/Repository/chipwhisperer/firmware/mcu/hal/chipwhisperer-fw-extra/stm32f4/CMSIS/core/cmsis_gcc.h ****   \details Assigns the given value to the Priority Mask Register.
 211:/home/pacl/Documents/Repository/chipwhisperer/firmware/mcu/hal/chipwhisperer-fw-extra/stm32f4/CMSIS/core/cmsis_gcc.h ****   \param [in]    priMask  Priority Mask
 212:/home/pacl/Documents/Repository/chipwhisperer/firmware/mcu/hal/chipwhisperer-fw-extra/stm32f4/CMSIS/core/cmsis_gcc.h ****  */
 213:/home/pacl/Documents/Repository/chipwhisperer/firmware/mcu/hal/chipwhisperer-fw-extra/stm32f4/CMSIS/core/cmsis_gcc.h **** __attribute__( ( always_inline ) ) __STATIC_INLINE void __set_PRIMASK(uint32_t priMask)
 214:/home/pacl/Documents/Repository/chipwhisperer/firmware/mcu/hal/chipwhisperer-fw-extra/stm32f4/CMSIS/core/cmsis_gcc.h **** {
 215:/home/pacl/Documents/Repository/chipwhisperer/firmware/mcu/hal/chipwhisperer-fw-extra/stm32f4/CMSIS/core/cmsis_gcc.h ****   __ASM volatile ("MSR primask, %0" : : "r" (priMask) : "memory");
 216:/home/pacl/Documents/Repository/chipwhisperer/firmware/mcu/hal/chipwhisperer-fw-extra/stm32f4/CMSIS/core/cmsis_gcc.h **** }
 217:/home/pacl/Documents/Repository/chipwhisperer/firmware/mcu/hal/chipwhisperer-fw-extra/stm32f4/CMSIS/core/cmsis_gcc.h **** 
 218:/home/pacl/Documents/Repository/chipwhisperer/firmware/mcu/hal/chipwhisperer-fw-extra/stm32f4/CMSIS/core/cmsis_gcc.h **** 
 219:/home/pacl/Documents/Repository/chipwhisperer/firmware/mcu/hal/chipwhisperer-fw-extra/stm32f4/CMSIS/core/cmsis_gcc.h **** #if       (__CORTEX_M >= 0x03U)
 220:/home/pacl/Documents/Repository/chipwhisperer/firmware/mcu/hal/chipwhisperer-fw-extra/stm32f4/CMSIS/core/cmsis_gcc.h **** 
 221:/home/pacl/Documents/Repository/chipwhisperer/firmware/mcu/hal/chipwhisperer-fw-extra/stm32f4/CMSIS/core/cmsis_gcc.h **** /**
 222:/home/pacl/Documents/Repository/chipwhisperer/firmware/mcu/hal/chipwhisperer-fw-extra/stm32f4/CMSIS/core/cmsis_gcc.h ****   \brief   Enable FIQ
 223:/home/pacl/Documents/Repository/chipwhisperer/firmware/mcu/hal/chipwhisperer-fw-extra/stm32f4/CMSIS/core/cmsis_gcc.h ****   \details Enables FIQ interrupts by clearing the F-bit in the CPSR.
 224:/home/pacl/Documents/Repository/chipwhisperer/firmware/mcu/hal/chipwhisperer-fw-extra/stm32f4/CMSIS/core/cmsis_gcc.h ****            Can only be executed in Privileged modes.
 225:/home/pacl/Documents/Repository/chipwhisperer/firmware/mcu/hal/chipwhisperer-fw-extra/stm32f4/CMSIS/core/cmsis_gcc.h ****  */
 226:/home/pacl/Documents/Repository/chipwhisperer/firmware/mcu/hal/chipwhisperer-fw-extra/stm32f4/CMSIS/core/cmsis_gcc.h **** __attribute__( ( always_inline ) ) __STATIC_INLINE void __enable_fault_irq(void)
 227:/home/pacl/Documents/Repository/chipwhisperer/firmware/mcu/hal/chipwhisperer-fw-extra/stm32f4/CMSIS/core/cmsis_gcc.h **** {
 228:/home/pacl/Documents/Repository/chipwhisperer/firmware/mcu/hal/chipwhisperer-fw-extra/stm32f4/CMSIS/core/cmsis_gcc.h ****   __ASM volatile ("cpsie f" : : : "memory");
 229:/home/pacl/Documents/Repository/chipwhisperer/firmware/mcu/hal/chipwhisperer-fw-extra/stm32f4/CMSIS/core/cmsis_gcc.h **** }
 230:/home/pacl/Documents/Repository/chipwhisperer/firmware/mcu/hal/chipwhisperer-fw-extra/stm32f4/CMSIS/core/cmsis_gcc.h **** 
 231:/home/pacl/Documents/Repository/chipwhisperer/firmware/mcu/hal/chipwhisperer-fw-extra/stm32f4/CMSIS/core/cmsis_gcc.h **** 
 232:/home/pacl/Documents/Repository/chipwhisperer/firmware/mcu/hal/chipwhisperer-fw-extra/stm32f4/CMSIS/core/cmsis_gcc.h **** /**
 233:/home/pacl/Documents/Repository/chipwhisperer/firmware/mcu/hal/chipwhisperer-fw-extra/stm32f4/CMSIS/core/cmsis_gcc.h ****   \brief   Disable FIQ
 234:/home/pacl/Documents/Repository/chipwhisperer/firmware/mcu/hal/chipwhisperer-fw-extra/stm32f4/CMSIS/core/cmsis_gcc.h ****   \details Disables FIQ interrupts by setting the F-bit in the CPSR.
 235:/home/pacl/Documents/Repository/chipwhisperer/firmware/mcu/hal/chipwhisperer-fw-extra/stm32f4/CMSIS/core/cmsis_gcc.h ****            Can only be executed in Privileged modes.
 236:/home/pacl/Documents/Repository/chipwhisperer/firmware/mcu/hal/chipwhisperer-fw-extra/stm32f4/CMSIS/core/cmsis_gcc.h ****  */
 237:/home/pacl/Documents/Repository/chipwhisperer/firmware/mcu/hal/chipwhisperer-fw-extra/stm32f4/CMSIS/core/cmsis_gcc.h **** __attribute__( ( always_inline ) ) __STATIC_INLINE void __disable_fault_irq(void)
 238:/home/pacl/Documents/Repository/chipwhisperer/firmware/mcu/hal/chipwhisperer-fw-extra/stm32f4/CMSIS/core/cmsis_gcc.h **** {
 239:/home/pacl/Documents/Repository/chipwhisperer/firmware/mcu/hal/chipwhisperer-fw-extra/stm32f4/CMSIS/core/cmsis_gcc.h ****   __ASM volatile ("cpsid f" : : : "memory");
 240:/home/pacl/Documents/Repository/chipwhisperer/firmware/mcu/hal/chipwhisperer-fw-extra/stm32f4/CMSIS/core/cmsis_gcc.h **** }
 241:/home/pacl/Documents/Repository/chipwhisperer/firmware/mcu/hal/chipwhisperer-fw-extra/stm32f4/CMSIS/core/cmsis_gcc.h **** 
 242:/home/pacl/Documents/Repository/chipwhisperer/firmware/mcu/hal/chipwhisperer-fw-extra/stm32f4/CMSIS/core/cmsis_gcc.h **** 
 243:/home/pacl/Documents/Repository/chipwhisperer/firmware/mcu/hal/chipwhisperer-fw-extra/stm32f4/CMSIS/core/cmsis_gcc.h **** /**
 244:/home/pacl/Documents/Repository/chipwhisperer/firmware/mcu/hal/chipwhisperer-fw-extra/stm32f4/CMSIS/core/cmsis_gcc.h ****   \brief   Get Base Priority
 245:/home/pacl/Documents/Repository/chipwhisperer/firmware/mcu/hal/chipwhisperer-fw-extra/stm32f4/CMSIS/core/cmsis_gcc.h ****   \details Returns the current value of the Base Priority register.
 246:/home/pacl/Documents/Repository/chipwhisperer/firmware/mcu/hal/chipwhisperer-fw-extra/stm32f4/CMSIS/core/cmsis_gcc.h ****   \return               Base Priority register value
 247:/home/pacl/Documents/Repository/chipwhisperer/firmware/mcu/hal/chipwhisperer-fw-extra/stm32f4/CMSIS/core/cmsis_gcc.h ****  */
 248:/home/pacl/Documents/Repository/chipwhisperer/firmware/mcu/hal/chipwhisperer-fw-extra/stm32f4/CMSIS/core/cmsis_gcc.h **** __attribute__( ( always_inline ) ) __STATIC_INLINE uint32_t __get_BASEPRI(void)
 249:/home/pacl/Documents/Repository/chipwhisperer/firmware/mcu/hal/chipwhisperer-fw-extra/stm32f4/CMSIS/core/cmsis_gcc.h **** {
 250:/home/pacl/Documents/Repository/chipwhisperer/firmware/mcu/hal/chipwhisperer-fw-extra/stm32f4/CMSIS/core/cmsis_gcc.h ****   uint32_t result;
 251:/home/pacl/Documents/Repository/chipwhisperer/firmware/mcu/hal/chipwhisperer-fw-extra/stm32f4/CMSIS/core/cmsis_gcc.h **** 
 252:/home/pacl/Documents/Repository/chipwhisperer/firmware/mcu/hal/chipwhisperer-fw-extra/stm32f4/CMSIS/core/cmsis_gcc.h ****   __ASM volatile ("MRS %0, basepri" : "=r" (result) );
 253:/home/pacl/Documents/Repository/chipwhisperer/firmware/mcu/hal/chipwhisperer-fw-extra/stm32f4/CMSIS/core/cmsis_gcc.h ****   return(result);
 254:/home/pacl/Documents/Repository/chipwhisperer/firmware/mcu/hal/chipwhisperer-fw-extra/stm32f4/CMSIS/core/cmsis_gcc.h **** }
 255:/home/pacl/Documents/Repository/chipwhisperer/firmware/mcu/hal/chipwhisperer-fw-extra/stm32f4/CMSIS/core/cmsis_gcc.h **** 
 256:/home/pacl/Documents/Repository/chipwhisperer/firmware/mcu/hal/chipwhisperer-fw-extra/stm32f4/CMSIS/core/cmsis_gcc.h **** 
 257:/home/pacl/Documents/Repository/chipwhisperer/firmware/mcu/hal/chipwhisperer-fw-extra/stm32f4/CMSIS/core/cmsis_gcc.h **** /**
 258:/home/pacl/Documents/Repository/chipwhisperer/firmware/mcu/hal/chipwhisperer-fw-extra/stm32f4/CMSIS/core/cmsis_gcc.h ****   \brief   Set Base Priority
 259:/home/pacl/Documents/Repository/chipwhisperer/firmware/mcu/hal/chipwhisperer-fw-extra/stm32f4/CMSIS/core/cmsis_gcc.h ****   \details Assigns the given value to the Base Priority register.
 260:/home/pacl/Documents/Repository/chipwhisperer/firmware/mcu/hal/chipwhisperer-fw-extra/stm32f4/CMSIS/core/cmsis_gcc.h ****   \param [in]    basePri  Base Priority value to set
 261:/home/pacl/Documents/Repository/chipwhisperer/firmware/mcu/hal/chipwhisperer-fw-extra/stm32f4/CMSIS/core/cmsis_gcc.h ****  */
 262:/home/pacl/Documents/Repository/chipwhisperer/firmware/mcu/hal/chipwhisperer-fw-extra/stm32f4/CMSIS/core/cmsis_gcc.h **** __attribute__( ( always_inline ) ) __STATIC_INLINE void __set_BASEPRI(uint32_t value)
 263:/home/pacl/Documents/Repository/chipwhisperer/firmware/mcu/hal/chipwhisperer-fw-extra/stm32f4/CMSIS/core/cmsis_gcc.h **** {
 264:/home/pacl/Documents/Repository/chipwhisperer/firmware/mcu/hal/chipwhisperer-fw-extra/stm32f4/CMSIS/core/cmsis_gcc.h ****   __ASM volatile ("MSR basepri, %0" : : "r" (value) : "memory");
 265:/home/pacl/Documents/Repository/chipwhisperer/firmware/mcu/hal/chipwhisperer-fw-extra/stm32f4/CMSIS/core/cmsis_gcc.h **** }
 266:/home/pacl/Documents/Repository/chipwhisperer/firmware/mcu/hal/chipwhisperer-fw-extra/stm32f4/CMSIS/core/cmsis_gcc.h **** 
 267:/home/pacl/Documents/Repository/chipwhisperer/firmware/mcu/hal/chipwhisperer-fw-extra/stm32f4/CMSIS/core/cmsis_gcc.h **** 
 268:/home/pacl/Documents/Repository/chipwhisperer/firmware/mcu/hal/chipwhisperer-fw-extra/stm32f4/CMSIS/core/cmsis_gcc.h **** /**
 269:/home/pacl/Documents/Repository/chipwhisperer/firmware/mcu/hal/chipwhisperer-fw-extra/stm32f4/CMSIS/core/cmsis_gcc.h ****   \brief   Set Base Priority with condition
 270:/home/pacl/Documents/Repository/chipwhisperer/firmware/mcu/hal/chipwhisperer-fw-extra/stm32f4/CMSIS/core/cmsis_gcc.h ****   \details Assigns the given value to the Base Priority register only if BASEPRI masking is disable
 271:/home/pacl/Documents/Repository/chipwhisperer/firmware/mcu/hal/chipwhisperer-fw-extra/stm32f4/CMSIS/core/cmsis_gcc.h ****            or the new value increases the BASEPRI priority level.
 272:/home/pacl/Documents/Repository/chipwhisperer/firmware/mcu/hal/chipwhisperer-fw-extra/stm32f4/CMSIS/core/cmsis_gcc.h ****   \param [in]    basePri  Base Priority value to set
 273:/home/pacl/Documents/Repository/chipwhisperer/firmware/mcu/hal/chipwhisperer-fw-extra/stm32f4/CMSIS/core/cmsis_gcc.h ****  */
 274:/home/pacl/Documents/Repository/chipwhisperer/firmware/mcu/hal/chipwhisperer-fw-extra/stm32f4/CMSIS/core/cmsis_gcc.h **** __attribute__( ( always_inline ) ) __STATIC_INLINE void __set_BASEPRI_MAX(uint32_t value)
 275:/home/pacl/Documents/Repository/chipwhisperer/firmware/mcu/hal/chipwhisperer-fw-extra/stm32f4/CMSIS/core/cmsis_gcc.h **** {
 276:/home/pacl/Documents/Repository/chipwhisperer/firmware/mcu/hal/chipwhisperer-fw-extra/stm32f4/CMSIS/core/cmsis_gcc.h ****   __ASM volatile ("MSR basepri_max, %0" : : "r" (value) : "memory");
 277:/home/pacl/Documents/Repository/chipwhisperer/firmware/mcu/hal/chipwhisperer-fw-extra/stm32f4/CMSIS/core/cmsis_gcc.h **** }
 278:/home/pacl/Documents/Repository/chipwhisperer/firmware/mcu/hal/chipwhisperer-fw-extra/stm32f4/CMSIS/core/cmsis_gcc.h **** 
 279:/home/pacl/Documents/Repository/chipwhisperer/firmware/mcu/hal/chipwhisperer-fw-extra/stm32f4/CMSIS/core/cmsis_gcc.h **** 
 280:/home/pacl/Documents/Repository/chipwhisperer/firmware/mcu/hal/chipwhisperer-fw-extra/stm32f4/CMSIS/core/cmsis_gcc.h **** /**
 281:/home/pacl/Documents/Repository/chipwhisperer/firmware/mcu/hal/chipwhisperer-fw-extra/stm32f4/CMSIS/core/cmsis_gcc.h ****   \brief   Get Fault Mask
 282:/home/pacl/Documents/Repository/chipwhisperer/firmware/mcu/hal/chipwhisperer-fw-extra/stm32f4/CMSIS/core/cmsis_gcc.h ****   \details Returns the current value of the Fault Mask register.
 283:/home/pacl/Documents/Repository/chipwhisperer/firmware/mcu/hal/chipwhisperer-fw-extra/stm32f4/CMSIS/core/cmsis_gcc.h ****   \return               Fault Mask register value
 284:/home/pacl/Documents/Repository/chipwhisperer/firmware/mcu/hal/chipwhisperer-fw-extra/stm32f4/CMSIS/core/cmsis_gcc.h ****  */
 285:/home/pacl/Documents/Repository/chipwhisperer/firmware/mcu/hal/chipwhisperer-fw-extra/stm32f4/CMSIS/core/cmsis_gcc.h **** __attribute__( ( always_inline ) ) __STATIC_INLINE uint32_t __get_FAULTMASK(void)
 286:/home/pacl/Documents/Repository/chipwhisperer/firmware/mcu/hal/chipwhisperer-fw-extra/stm32f4/CMSIS/core/cmsis_gcc.h **** {
 287:/home/pacl/Documents/Repository/chipwhisperer/firmware/mcu/hal/chipwhisperer-fw-extra/stm32f4/CMSIS/core/cmsis_gcc.h ****   uint32_t result;
 288:/home/pacl/Documents/Repository/chipwhisperer/firmware/mcu/hal/chipwhisperer-fw-extra/stm32f4/CMSIS/core/cmsis_gcc.h **** 
 289:/home/pacl/Documents/Repository/chipwhisperer/firmware/mcu/hal/chipwhisperer-fw-extra/stm32f4/CMSIS/core/cmsis_gcc.h ****   __ASM volatile ("MRS %0, faultmask" : "=r" (result) );
 290:/home/pacl/Documents/Repository/chipwhisperer/firmware/mcu/hal/chipwhisperer-fw-extra/stm32f4/CMSIS/core/cmsis_gcc.h ****   return(result);
 291:/home/pacl/Documents/Repository/chipwhisperer/firmware/mcu/hal/chipwhisperer-fw-extra/stm32f4/CMSIS/core/cmsis_gcc.h **** }
 292:/home/pacl/Documents/Repository/chipwhisperer/firmware/mcu/hal/chipwhisperer-fw-extra/stm32f4/CMSIS/core/cmsis_gcc.h **** 
 293:/home/pacl/Documents/Repository/chipwhisperer/firmware/mcu/hal/chipwhisperer-fw-extra/stm32f4/CMSIS/core/cmsis_gcc.h **** 
 294:/home/pacl/Documents/Repository/chipwhisperer/firmware/mcu/hal/chipwhisperer-fw-extra/stm32f4/CMSIS/core/cmsis_gcc.h **** /**
 295:/home/pacl/Documents/Repository/chipwhisperer/firmware/mcu/hal/chipwhisperer-fw-extra/stm32f4/CMSIS/core/cmsis_gcc.h ****   \brief   Set Fault Mask
 296:/home/pacl/Documents/Repository/chipwhisperer/firmware/mcu/hal/chipwhisperer-fw-extra/stm32f4/CMSIS/core/cmsis_gcc.h ****   \details Assigns the given value to the Fault Mask register.
 297:/home/pacl/Documents/Repository/chipwhisperer/firmware/mcu/hal/chipwhisperer-fw-extra/stm32f4/CMSIS/core/cmsis_gcc.h ****   \param [in]    faultMask  Fault Mask value to set
 298:/home/pacl/Documents/Repository/chipwhisperer/firmware/mcu/hal/chipwhisperer-fw-extra/stm32f4/CMSIS/core/cmsis_gcc.h ****  */
 299:/home/pacl/Documents/Repository/chipwhisperer/firmware/mcu/hal/chipwhisperer-fw-extra/stm32f4/CMSIS/core/cmsis_gcc.h **** __attribute__( ( always_inline ) ) __STATIC_INLINE void __set_FAULTMASK(uint32_t faultMask)
 300:/home/pacl/Documents/Repository/chipwhisperer/firmware/mcu/hal/chipwhisperer-fw-extra/stm32f4/CMSIS/core/cmsis_gcc.h **** {
 301:/home/pacl/Documents/Repository/chipwhisperer/firmware/mcu/hal/chipwhisperer-fw-extra/stm32f4/CMSIS/core/cmsis_gcc.h ****   __ASM volatile ("MSR faultmask, %0" : : "r" (faultMask) : "memory");
 302:/home/pacl/Documents/Repository/chipwhisperer/firmware/mcu/hal/chipwhisperer-fw-extra/stm32f4/CMSIS/core/cmsis_gcc.h **** }
 303:/home/pacl/Documents/Repository/chipwhisperer/firmware/mcu/hal/chipwhisperer-fw-extra/stm32f4/CMSIS/core/cmsis_gcc.h **** 
 304:/home/pacl/Documents/Repository/chipwhisperer/firmware/mcu/hal/chipwhisperer-fw-extra/stm32f4/CMSIS/core/cmsis_gcc.h **** #endif /* (__CORTEX_M >= 0x03U) */
 305:/home/pacl/Documents/Repository/chipwhisperer/firmware/mcu/hal/chipwhisperer-fw-extra/stm32f4/CMSIS/core/cmsis_gcc.h **** 
 306:/home/pacl/Documents/Repository/chipwhisperer/firmware/mcu/hal/chipwhisperer-fw-extra/stm32f4/CMSIS/core/cmsis_gcc.h **** 
 307:/home/pacl/Documents/Repository/chipwhisperer/firmware/mcu/hal/chipwhisperer-fw-extra/stm32f4/CMSIS/core/cmsis_gcc.h **** #if       (__CORTEX_M == 0x04U) || (__CORTEX_M == 0x07U)
 308:/home/pacl/Documents/Repository/chipwhisperer/firmware/mcu/hal/chipwhisperer-fw-extra/stm32f4/CMSIS/core/cmsis_gcc.h **** 
 309:/home/pacl/Documents/Repository/chipwhisperer/firmware/mcu/hal/chipwhisperer-fw-extra/stm32f4/CMSIS/core/cmsis_gcc.h **** /**
 310:/home/pacl/Documents/Repository/chipwhisperer/firmware/mcu/hal/chipwhisperer-fw-extra/stm32f4/CMSIS/core/cmsis_gcc.h ****   \brief   Get FPSCR
 311:/home/pacl/Documents/Repository/chipwhisperer/firmware/mcu/hal/chipwhisperer-fw-extra/stm32f4/CMSIS/core/cmsis_gcc.h ****   \details Returns the current value of the Floating Point Status/Control register.
 312:/home/pacl/Documents/Repository/chipwhisperer/firmware/mcu/hal/chipwhisperer-fw-extra/stm32f4/CMSIS/core/cmsis_gcc.h ****   \return               Floating Point Status/Control register value
 313:/home/pacl/Documents/Repository/chipwhisperer/firmware/mcu/hal/chipwhisperer-fw-extra/stm32f4/CMSIS/core/cmsis_gcc.h ****  */
 314:/home/pacl/Documents/Repository/chipwhisperer/firmware/mcu/hal/chipwhisperer-fw-extra/stm32f4/CMSIS/core/cmsis_gcc.h **** __attribute__( ( always_inline ) ) __STATIC_INLINE uint32_t __get_FPSCR(void)
 315:/home/pacl/Documents/Repository/chipwhisperer/firmware/mcu/hal/chipwhisperer-fw-extra/stm32f4/CMSIS/core/cmsis_gcc.h **** {
 316:/home/pacl/Documents/Repository/chipwhisperer/firmware/mcu/hal/chipwhisperer-fw-extra/stm32f4/CMSIS/core/cmsis_gcc.h **** #if (__FPU_PRESENT == 1U) && (__FPU_USED == 1U)
 317:/home/pacl/Documents/Repository/chipwhisperer/firmware/mcu/hal/chipwhisperer-fw-extra/stm32f4/CMSIS/core/cmsis_gcc.h ****   uint32_t result;
 318:/home/pacl/Documents/Repository/chipwhisperer/firmware/mcu/hal/chipwhisperer-fw-extra/stm32f4/CMSIS/core/cmsis_gcc.h **** 
 319:/home/pacl/Documents/Repository/chipwhisperer/firmware/mcu/hal/chipwhisperer-fw-extra/stm32f4/CMSIS/core/cmsis_gcc.h ****   /* Empty asm statement works as a scheduling barrier */
 320:/home/pacl/Documents/Repository/chipwhisperer/firmware/mcu/hal/chipwhisperer-fw-extra/stm32f4/CMSIS/core/cmsis_gcc.h ****   __ASM volatile ("");
 321:/home/pacl/Documents/Repository/chipwhisperer/firmware/mcu/hal/chipwhisperer-fw-extra/stm32f4/CMSIS/core/cmsis_gcc.h ****   __ASM volatile ("VMRS %0, fpscr" : "=r" (result) );
 322:/home/pacl/Documents/Repository/chipwhisperer/firmware/mcu/hal/chipwhisperer-fw-extra/stm32f4/CMSIS/core/cmsis_gcc.h ****   __ASM volatile ("");
 323:/home/pacl/Documents/Repository/chipwhisperer/firmware/mcu/hal/chipwhisperer-fw-extra/stm32f4/CMSIS/core/cmsis_gcc.h ****   return(result);
 324:/home/pacl/Documents/Repository/chipwhisperer/firmware/mcu/hal/chipwhisperer-fw-extra/stm32f4/CMSIS/core/cmsis_gcc.h **** #else
 325:/home/pacl/Documents/Repository/chipwhisperer/firmware/mcu/hal/chipwhisperer-fw-extra/stm32f4/CMSIS/core/cmsis_gcc.h ****    return(0);
 326:/home/pacl/Documents/Repository/chipwhisperer/firmware/mcu/hal/chipwhisperer-fw-extra/stm32f4/CMSIS/core/cmsis_gcc.h **** #endif
 327:/home/pacl/Documents/Repository/chipwhisperer/firmware/mcu/hal/chipwhisperer-fw-extra/stm32f4/CMSIS/core/cmsis_gcc.h **** }
 328:/home/pacl/Documents/Repository/chipwhisperer/firmware/mcu/hal/chipwhisperer-fw-extra/stm32f4/CMSIS/core/cmsis_gcc.h **** 
 329:/home/pacl/Documents/Repository/chipwhisperer/firmware/mcu/hal/chipwhisperer-fw-extra/stm32f4/CMSIS/core/cmsis_gcc.h **** 
 330:/home/pacl/Documents/Repository/chipwhisperer/firmware/mcu/hal/chipwhisperer-fw-extra/stm32f4/CMSIS/core/cmsis_gcc.h **** /**
 331:/home/pacl/Documents/Repository/chipwhisperer/firmware/mcu/hal/chipwhisperer-fw-extra/stm32f4/CMSIS/core/cmsis_gcc.h ****   \brief   Set FPSCR
 332:/home/pacl/Documents/Repository/chipwhisperer/firmware/mcu/hal/chipwhisperer-fw-extra/stm32f4/CMSIS/core/cmsis_gcc.h ****   \details Assigns the given value to the Floating Point Status/Control register.
 333:/home/pacl/Documents/Repository/chipwhisperer/firmware/mcu/hal/chipwhisperer-fw-extra/stm32f4/CMSIS/core/cmsis_gcc.h ****   \param [in]    fpscr  Floating Point Status/Control value to set
 334:/home/pacl/Documents/Repository/chipwhisperer/firmware/mcu/hal/chipwhisperer-fw-extra/stm32f4/CMSIS/core/cmsis_gcc.h ****  */
 335:/home/pacl/Documents/Repository/chipwhisperer/firmware/mcu/hal/chipwhisperer-fw-extra/stm32f4/CMSIS/core/cmsis_gcc.h **** __attribute__( ( always_inline ) ) __STATIC_INLINE void __set_FPSCR(uint32_t fpscr)
 336:/home/pacl/Documents/Repository/chipwhisperer/firmware/mcu/hal/chipwhisperer-fw-extra/stm32f4/CMSIS/core/cmsis_gcc.h **** {
 337:/home/pacl/Documents/Repository/chipwhisperer/firmware/mcu/hal/chipwhisperer-fw-extra/stm32f4/CMSIS/core/cmsis_gcc.h **** #if (__FPU_PRESENT == 1U) && (__FPU_USED == 1U)
 338:/home/pacl/Documents/Repository/chipwhisperer/firmware/mcu/hal/chipwhisperer-fw-extra/stm32f4/CMSIS/core/cmsis_gcc.h ****   /* Empty asm statement works as a scheduling barrier */
 339:/home/pacl/Documents/Repository/chipwhisperer/firmware/mcu/hal/chipwhisperer-fw-extra/stm32f4/CMSIS/core/cmsis_gcc.h ****   __ASM volatile ("");
 340:/home/pacl/Documents/Repository/chipwhisperer/firmware/mcu/hal/chipwhisperer-fw-extra/stm32f4/CMSIS/core/cmsis_gcc.h ****   __ASM volatile ("VMSR fpscr, %0" : : "r" (fpscr) : "vfpcc");
 341:/home/pacl/Documents/Repository/chipwhisperer/firmware/mcu/hal/chipwhisperer-fw-extra/stm32f4/CMSIS/core/cmsis_gcc.h ****   __ASM volatile ("");
 342:/home/pacl/Documents/Repository/chipwhisperer/firmware/mcu/hal/chipwhisperer-fw-extra/stm32f4/CMSIS/core/cmsis_gcc.h **** #endif
 343:/home/pacl/Documents/Repository/chipwhisperer/firmware/mcu/hal/chipwhisperer-fw-extra/stm32f4/CMSIS/core/cmsis_gcc.h **** }
 344:/home/pacl/Documents/Repository/chipwhisperer/firmware/mcu/hal/chipwhisperer-fw-extra/stm32f4/CMSIS/core/cmsis_gcc.h **** 
 345:/home/pacl/Documents/Repository/chipwhisperer/firmware/mcu/hal/chipwhisperer-fw-extra/stm32f4/CMSIS/core/cmsis_gcc.h **** #endif /* (__CORTEX_M == 0x04U) || (__CORTEX_M == 0x07U) */
 346:/home/pacl/Documents/Repository/chipwhisperer/firmware/mcu/hal/chipwhisperer-fw-extra/stm32f4/CMSIS/core/cmsis_gcc.h **** 
 347:/home/pacl/Documents/Repository/chipwhisperer/firmware/mcu/hal/chipwhisperer-fw-extra/stm32f4/CMSIS/core/cmsis_gcc.h **** 
 348:/home/pacl/Documents/Repository/chipwhisperer/firmware/mcu/hal/chipwhisperer-fw-extra/stm32f4/CMSIS/core/cmsis_gcc.h **** 
 349:/home/pacl/Documents/Repository/chipwhisperer/firmware/mcu/hal/chipwhisperer-fw-extra/stm32f4/CMSIS/core/cmsis_gcc.h **** /*@} end of CMSIS_Core_RegAccFunctions */
 350:/home/pacl/Documents/Repository/chipwhisperer/firmware/mcu/hal/chipwhisperer-fw-extra/stm32f4/CMSIS/core/cmsis_gcc.h **** 
 351:/home/pacl/Documents/Repository/chipwhisperer/firmware/mcu/hal/chipwhisperer-fw-extra/stm32f4/CMSIS/core/cmsis_gcc.h **** 
 352:/home/pacl/Documents/Repository/chipwhisperer/firmware/mcu/hal/chipwhisperer-fw-extra/stm32f4/CMSIS/core/cmsis_gcc.h **** /* ##########################  Core Instruction Access  ######################### */
 353:/home/pacl/Documents/Repository/chipwhisperer/firmware/mcu/hal/chipwhisperer-fw-extra/stm32f4/CMSIS/core/cmsis_gcc.h **** /** \defgroup CMSIS_Core_InstructionInterface CMSIS Core Instruction Interface
 354:/home/pacl/Documents/Repository/chipwhisperer/firmware/mcu/hal/chipwhisperer-fw-extra/stm32f4/CMSIS/core/cmsis_gcc.h ****   Access to dedicated instructions
 355:/home/pacl/Documents/Repository/chipwhisperer/firmware/mcu/hal/chipwhisperer-fw-extra/stm32f4/CMSIS/core/cmsis_gcc.h ****   @{
 356:/home/pacl/Documents/Repository/chipwhisperer/firmware/mcu/hal/chipwhisperer-fw-extra/stm32f4/CMSIS/core/cmsis_gcc.h **** */
 357:/home/pacl/Documents/Repository/chipwhisperer/firmware/mcu/hal/chipwhisperer-fw-extra/stm32f4/CMSIS/core/cmsis_gcc.h **** 
 358:/home/pacl/Documents/Repository/chipwhisperer/firmware/mcu/hal/chipwhisperer-fw-extra/stm32f4/CMSIS/core/cmsis_gcc.h **** /* Define macros for porting to both thumb1 and thumb2.
 359:/home/pacl/Documents/Repository/chipwhisperer/firmware/mcu/hal/chipwhisperer-fw-extra/stm32f4/CMSIS/core/cmsis_gcc.h ****  * For thumb1, use low register (r0-r7), specified by constraint "l"
 360:/home/pacl/Documents/Repository/chipwhisperer/firmware/mcu/hal/chipwhisperer-fw-extra/stm32f4/CMSIS/core/cmsis_gcc.h ****  * Otherwise, use general registers, specified by constraint "r" */
 361:/home/pacl/Documents/Repository/chipwhisperer/firmware/mcu/hal/chipwhisperer-fw-extra/stm32f4/CMSIS/core/cmsis_gcc.h **** #if defined (__thumb__) && !defined (__thumb2__)
 362:/home/pacl/Documents/Repository/chipwhisperer/firmware/mcu/hal/chipwhisperer-fw-extra/stm32f4/CMSIS/core/cmsis_gcc.h **** #define __CMSIS_GCC_OUT_REG(r) "=l" (r)
 363:/home/pacl/Documents/Repository/chipwhisperer/firmware/mcu/hal/chipwhisperer-fw-extra/stm32f4/CMSIS/core/cmsis_gcc.h **** #define __CMSIS_GCC_USE_REG(r) "l" (r)
 364:/home/pacl/Documents/Repository/chipwhisperer/firmware/mcu/hal/chipwhisperer-fw-extra/stm32f4/CMSIS/core/cmsis_gcc.h **** #else
 365:/home/pacl/Documents/Repository/chipwhisperer/firmware/mcu/hal/chipwhisperer-fw-extra/stm32f4/CMSIS/core/cmsis_gcc.h **** #define __CMSIS_GCC_OUT_REG(r) "=r" (r)
 366:/home/pacl/Documents/Repository/chipwhisperer/firmware/mcu/hal/chipwhisperer-fw-extra/stm32f4/CMSIS/core/cmsis_gcc.h **** #define __CMSIS_GCC_USE_REG(r) "r" (r)
 367:/home/pacl/Documents/Repository/chipwhisperer/firmware/mcu/hal/chipwhisperer-fw-extra/stm32f4/CMSIS/core/cmsis_gcc.h **** #endif
 368:/home/pacl/Documents/Repository/chipwhisperer/firmware/mcu/hal/chipwhisperer-fw-extra/stm32f4/CMSIS/core/cmsis_gcc.h **** 
 369:/home/pacl/Documents/Repository/chipwhisperer/firmware/mcu/hal/chipwhisperer-fw-extra/stm32f4/CMSIS/core/cmsis_gcc.h **** /**
 370:/home/pacl/Documents/Repository/chipwhisperer/firmware/mcu/hal/chipwhisperer-fw-extra/stm32f4/CMSIS/core/cmsis_gcc.h ****   \brief   No Operation
 371:/home/pacl/Documents/Repository/chipwhisperer/firmware/mcu/hal/chipwhisperer-fw-extra/stm32f4/CMSIS/core/cmsis_gcc.h ****   \details No Operation does nothing. This instruction can be used for code alignment purposes.
 372:/home/pacl/Documents/Repository/chipwhisperer/firmware/mcu/hal/chipwhisperer-fw-extra/stm32f4/CMSIS/core/cmsis_gcc.h ****  */
 373:/home/pacl/Documents/Repository/chipwhisperer/firmware/mcu/hal/chipwhisperer-fw-extra/stm32f4/CMSIS/core/cmsis_gcc.h **** __attribute__((always_inline)) __STATIC_INLINE void __NOP(void)
 374:/home/pacl/Documents/Repository/chipwhisperer/firmware/mcu/hal/chipwhisperer-fw-extra/stm32f4/CMSIS/core/cmsis_gcc.h **** {
 375:/home/pacl/Documents/Repository/chipwhisperer/firmware/mcu/hal/chipwhisperer-fw-extra/stm32f4/CMSIS/core/cmsis_gcc.h ****   __ASM volatile ("nop");
 376:/home/pacl/Documents/Repository/chipwhisperer/firmware/mcu/hal/chipwhisperer-fw-extra/stm32f4/CMSIS/core/cmsis_gcc.h **** }
 377:/home/pacl/Documents/Repository/chipwhisperer/firmware/mcu/hal/chipwhisperer-fw-extra/stm32f4/CMSIS/core/cmsis_gcc.h **** 
 378:/home/pacl/Documents/Repository/chipwhisperer/firmware/mcu/hal/chipwhisperer-fw-extra/stm32f4/CMSIS/core/cmsis_gcc.h **** 
 379:/home/pacl/Documents/Repository/chipwhisperer/firmware/mcu/hal/chipwhisperer-fw-extra/stm32f4/CMSIS/core/cmsis_gcc.h **** /**
 380:/home/pacl/Documents/Repository/chipwhisperer/firmware/mcu/hal/chipwhisperer-fw-extra/stm32f4/CMSIS/core/cmsis_gcc.h ****   \brief   Wait For Interrupt
 381:/home/pacl/Documents/Repository/chipwhisperer/firmware/mcu/hal/chipwhisperer-fw-extra/stm32f4/CMSIS/core/cmsis_gcc.h ****   \details Wait For Interrupt is a hint instruction that suspends execution until one of a number o
 382:/home/pacl/Documents/Repository/chipwhisperer/firmware/mcu/hal/chipwhisperer-fw-extra/stm32f4/CMSIS/core/cmsis_gcc.h ****  */
 383:/home/pacl/Documents/Repository/chipwhisperer/firmware/mcu/hal/chipwhisperer-fw-extra/stm32f4/CMSIS/core/cmsis_gcc.h **** __attribute__((always_inline)) __STATIC_INLINE void __WFI(void)
 384:/home/pacl/Documents/Repository/chipwhisperer/firmware/mcu/hal/chipwhisperer-fw-extra/stm32f4/CMSIS/core/cmsis_gcc.h **** {
 385:/home/pacl/Documents/Repository/chipwhisperer/firmware/mcu/hal/chipwhisperer-fw-extra/stm32f4/CMSIS/core/cmsis_gcc.h ****   __ASM volatile ("wfi");
 386:/home/pacl/Documents/Repository/chipwhisperer/firmware/mcu/hal/chipwhisperer-fw-extra/stm32f4/CMSIS/core/cmsis_gcc.h **** }
 387:/home/pacl/Documents/Repository/chipwhisperer/firmware/mcu/hal/chipwhisperer-fw-extra/stm32f4/CMSIS/core/cmsis_gcc.h **** 
 388:/home/pacl/Documents/Repository/chipwhisperer/firmware/mcu/hal/chipwhisperer-fw-extra/stm32f4/CMSIS/core/cmsis_gcc.h **** 
 389:/home/pacl/Documents/Repository/chipwhisperer/firmware/mcu/hal/chipwhisperer-fw-extra/stm32f4/CMSIS/core/cmsis_gcc.h **** /**
 390:/home/pacl/Documents/Repository/chipwhisperer/firmware/mcu/hal/chipwhisperer-fw-extra/stm32f4/CMSIS/core/cmsis_gcc.h ****   \brief   Wait For Event
 391:/home/pacl/Documents/Repository/chipwhisperer/firmware/mcu/hal/chipwhisperer-fw-extra/stm32f4/CMSIS/core/cmsis_gcc.h ****   \details Wait For Event is a hint instruction that permits the processor to enter
 392:/home/pacl/Documents/Repository/chipwhisperer/firmware/mcu/hal/chipwhisperer-fw-extra/stm32f4/CMSIS/core/cmsis_gcc.h ****     a low-power state until one of a number of events occurs.
 393:/home/pacl/Documents/Repository/chipwhisperer/firmware/mcu/hal/chipwhisperer-fw-extra/stm32f4/CMSIS/core/cmsis_gcc.h ****  */
 394:/home/pacl/Documents/Repository/chipwhisperer/firmware/mcu/hal/chipwhisperer-fw-extra/stm32f4/CMSIS/core/cmsis_gcc.h **** __attribute__((always_inline)) __STATIC_INLINE void __WFE(void)
 395:/home/pacl/Documents/Repository/chipwhisperer/firmware/mcu/hal/chipwhisperer-fw-extra/stm32f4/CMSIS/core/cmsis_gcc.h **** {
 396:/home/pacl/Documents/Repository/chipwhisperer/firmware/mcu/hal/chipwhisperer-fw-extra/stm32f4/CMSIS/core/cmsis_gcc.h ****   __ASM volatile ("wfe");
 397:/home/pacl/Documents/Repository/chipwhisperer/firmware/mcu/hal/chipwhisperer-fw-extra/stm32f4/CMSIS/core/cmsis_gcc.h **** }
 398:/home/pacl/Documents/Repository/chipwhisperer/firmware/mcu/hal/chipwhisperer-fw-extra/stm32f4/CMSIS/core/cmsis_gcc.h **** 
 399:/home/pacl/Documents/Repository/chipwhisperer/firmware/mcu/hal/chipwhisperer-fw-extra/stm32f4/CMSIS/core/cmsis_gcc.h **** 
 400:/home/pacl/Documents/Repository/chipwhisperer/firmware/mcu/hal/chipwhisperer-fw-extra/stm32f4/CMSIS/core/cmsis_gcc.h **** /**
 401:/home/pacl/Documents/Repository/chipwhisperer/firmware/mcu/hal/chipwhisperer-fw-extra/stm32f4/CMSIS/core/cmsis_gcc.h ****   \brief   Send Event
 402:/home/pacl/Documents/Repository/chipwhisperer/firmware/mcu/hal/chipwhisperer-fw-extra/stm32f4/CMSIS/core/cmsis_gcc.h ****   \details Send Event is a hint instruction. It causes an event to be signaled to the CPU.
 403:/home/pacl/Documents/Repository/chipwhisperer/firmware/mcu/hal/chipwhisperer-fw-extra/stm32f4/CMSIS/core/cmsis_gcc.h ****  */
 404:/home/pacl/Documents/Repository/chipwhisperer/firmware/mcu/hal/chipwhisperer-fw-extra/stm32f4/CMSIS/core/cmsis_gcc.h **** __attribute__((always_inline)) __STATIC_INLINE void __SEV(void)
 405:/home/pacl/Documents/Repository/chipwhisperer/firmware/mcu/hal/chipwhisperer-fw-extra/stm32f4/CMSIS/core/cmsis_gcc.h **** {
 406:/home/pacl/Documents/Repository/chipwhisperer/firmware/mcu/hal/chipwhisperer-fw-extra/stm32f4/CMSIS/core/cmsis_gcc.h ****   __ASM volatile ("sev");
 407:/home/pacl/Documents/Repository/chipwhisperer/firmware/mcu/hal/chipwhisperer-fw-extra/stm32f4/CMSIS/core/cmsis_gcc.h **** }
 408:/home/pacl/Documents/Repository/chipwhisperer/firmware/mcu/hal/chipwhisperer-fw-extra/stm32f4/CMSIS/core/cmsis_gcc.h **** 
 409:/home/pacl/Documents/Repository/chipwhisperer/firmware/mcu/hal/chipwhisperer-fw-extra/stm32f4/CMSIS/core/cmsis_gcc.h **** 
 410:/home/pacl/Documents/Repository/chipwhisperer/firmware/mcu/hal/chipwhisperer-fw-extra/stm32f4/CMSIS/core/cmsis_gcc.h **** /**
 411:/home/pacl/Documents/Repository/chipwhisperer/firmware/mcu/hal/chipwhisperer-fw-extra/stm32f4/CMSIS/core/cmsis_gcc.h ****   \brief   Instruction Synchronization Barrier
 412:/home/pacl/Documents/Repository/chipwhisperer/firmware/mcu/hal/chipwhisperer-fw-extra/stm32f4/CMSIS/core/cmsis_gcc.h ****   \details Instruction Synchronization Barrier flushes the pipeline in the processor,
 413:/home/pacl/Documents/Repository/chipwhisperer/firmware/mcu/hal/chipwhisperer-fw-extra/stm32f4/CMSIS/core/cmsis_gcc.h ****            so that all instructions following the ISB are fetched from cache or memory,
 414:/home/pacl/Documents/Repository/chipwhisperer/firmware/mcu/hal/chipwhisperer-fw-extra/stm32f4/CMSIS/core/cmsis_gcc.h ****            after the instruction has been completed.
 415:/home/pacl/Documents/Repository/chipwhisperer/firmware/mcu/hal/chipwhisperer-fw-extra/stm32f4/CMSIS/core/cmsis_gcc.h ****  */
 416:/home/pacl/Documents/Repository/chipwhisperer/firmware/mcu/hal/chipwhisperer-fw-extra/stm32f4/CMSIS/core/cmsis_gcc.h **** __attribute__((always_inline)) __STATIC_INLINE void __ISB(void)
 417:/home/pacl/Documents/Repository/chipwhisperer/firmware/mcu/hal/chipwhisperer-fw-extra/stm32f4/CMSIS/core/cmsis_gcc.h **** {
 418:/home/pacl/Documents/Repository/chipwhisperer/firmware/mcu/hal/chipwhisperer-fw-extra/stm32f4/CMSIS/core/cmsis_gcc.h ****   __ASM volatile ("isb 0xF":::"memory");
 419:/home/pacl/Documents/Repository/chipwhisperer/firmware/mcu/hal/chipwhisperer-fw-extra/stm32f4/CMSIS/core/cmsis_gcc.h **** }
 420:/home/pacl/Documents/Repository/chipwhisperer/firmware/mcu/hal/chipwhisperer-fw-extra/stm32f4/CMSIS/core/cmsis_gcc.h **** 
 421:/home/pacl/Documents/Repository/chipwhisperer/firmware/mcu/hal/chipwhisperer-fw-extra/stm32f4/CMSIS/core/cmsis_gcc.h **** 
 422:/home/pacl/Documents/Repository/chipwhisperer/firmware/mcu/hal/chipwhisperer-fw-extra/stm32f4/CMSIS/core/cmsis_gcc.h **** /**
 423:/home/pacl/Documents/Repository/chipwhisperer/firmware/mcu/hal/chipwhisperer-fw-extra/stm32f4/CMSIS/core/cmsis_gcc.h ****   \brief   Data Synchronization Barrier
 424:/home/pacl/Documents/Repository/chipwhisperer/firmware/mcu/hal/chipwhisperer-fw-extra/stm32f4/CMSIS/core/cmsis_gcc.h ****   \details Acts as a special kind of Data Memory Barrier.
 425:/home/pacl/Documents/Repository/chipwhisperer/firmware/mcu/hal/chipwhisperer-fw-extra/stm32f4/CMSIS/core/cmsis_gcc.h ****            It completes when all explicit memory accesses before this instruction complete.
 426:/home/pacl/Documents/Repository/chipwhisperer/firmware/mcu/hal/chipwhisperer-fw-extra/stm32f4/CMSIS/core/cmsis_gcc.h ****  */
 427:/home/pacl/Documents/Repository/chipwhisperer/firmware/mcu/hal/chipwhisperer-fw-extra/stm32f4/CMSIS/core/cmsis_gcc.h **** __attribute__((always_inline)) __STATIC_INLINE void __DSB(void)
 428:/home/pacl/Documents/Repository/chipwhisperer/firmware/mcu/hal/chipwhisperer-fw-extra/stm32f4/CMSIS/core/cmsis_gcc.h **** {
 429:/home/pacl/Documents/Repository/chipwhisperer/firmware/mcu/hal/chipwhisperer-fw-extra/stm32f4/CMSIS/core/cmsis_gcc.h ****   __ASM volatile ("dsb 0xF":::"memory");
 430:/home/pacl/Documents/Repository/chipwhisperer/firmware/mcu/hal/chipwhisperer-fw-extra/stm32f4/CMSIS/core/cmsis_gcc.h **** }
 431:/home/pacl/Documents/Repository/chipwhisperer/firmware/mcu/hal/chipwhisperer-fw-extra/stm32f4/CMSIS/core/cmsis_gcc.h **** 
 432:/home/pacl/Documents/Repository/chipwhisperer/firmware/mcu/hal/chipwhisperer-fw-extra/stm32f4/CMSIS/core/cmsis_gcc.h **** 
 433:/home/pacl/Documents/Repository/chipwhisperer/firmware/mcu/hal/chipwhisperer-fw-extra/stm32f4/CMSIS/core/cmsis_gcc.h **** /**
 434:/home/pacl/Documents/Repository/chipwhisperer/firmware/mcu/hal/chipwhisperer-fw-extra/stm32f4/CMSIS/core/cmsis_gcc.h ****   \brief   Data Memory Barrier
 435:/home/pacl/Documents/Repository/chipwhisperer/firmware/mcu/hal/chipwhisperer-fw-extra/stm32f4/CMSIS/core/cmsis_gcc.h ****   \details Ensures the apparent order of the explicit memory operations before
 436:/home/pacl/Documents/Repository/chipwhisperer/firmware/mcu/hal/chipwhisperer-fw-extra/stm32f4/CMSIS/core/cmsis_gcc.h ****            and after the instruction, without ensuring their completion.
 437:/home/pacl/Documents/Repository/chipwhisperer/firmware/mcu/hal/chipwhisperer-fw-extra/stm32f4/CMSIS/core/cmsis_gcc.h ****  */
 438:/home/pacl/Documents/Repository/chipwhisperer/firmware/mcu/hal/chipwhisperer-fw-extra/stm32f4/CMSIS/core/cmsis_gcc.h **** __attribute__((always_inline)) __STATIC_INLINE void __DMB(void)
 439:/home/pacl/Documents/Repository/chipwhisperer/firmware/mcu/hal/chipwhisperer-fw-extra/stm32f4/CMSIS/core/cmsis_gcc.h **** {
 440:/home/pacl/Documents/Repository/chipwhisperer/firmware/mcu/hal/chipwhisperer-fw-extra/stm32f4/CMSIS/core/cmsis_gcc.h ****   __ASM volatile ("dmb 0xF":::"memory");
 441:/home/pacl/Documents/Repository/chipwhisperer/firmware/mcu/hal/chipwhisperer-fw-extra/stm32f4/CMSIS/core/cmsis_gcc.h **** }
 442:/home/pacl/Documents/Repository/chipwhisperer/firmware/mcu/hal/chipwhisperer-fw-extra/stm32f4/CMSIS/core/cmsis_gcc.h **** 
 443:/home/pacl/Documents/Repository/chipwhisperer/firmware/mcu/hal/chipwhisperer-fw-extra/stm32f4/CMSIS/core/cmsis_gcc.h **** 
 444:/home/pacl/Documents/Repository/chipwhisperer/firmware/mcu/hal/chipwhisperer-fw-extra/stm32f4/CMSIS/core/cmsis_gcc.h **** /**
 445:/home/pacl/Documents/Repository/chipwhisperer/firmware/mcu/hal/chipwhisperer-fw-extra/stm32f4/CMSIS/core/cmsis_gcc.h ****   \brief   Reverse byte order (32 bit)
 446:/home/pacl/Documents/Repository/chipwhisperer/firmware/mcu/hal/chipwhisperer-fw-extra/stm32f4/CMSIS/core/cmsis_gcc.h ****   \details Reverses the byte order in integer value.
 447:/home/pacl/Documents/Repository/chipwhisperer/firmware/mcu/hal/chipwhisperer-fw-extra/stm32f4/CMSIS/core/cmsis_gcc.h ****   \param [in]    value  Value to reverse
 448:/home/pacl/Documents/Repository/chipwhisperer/firmware/mcu/hal/chipwhisperer-fw-extra/stm32f4/CMSIS/core/cmsis_gcc.h ****   \return               Reversed value
 449:/home/pacl/Documents/Repository/chipwhisperer/firmware/mcu/hal/chipwhisperer-fw-extra/stm32f4/CMSIS/core/cmsis_gcc.h ****  */
 450:/home/pacl/Documents/Repository/chipwhisperer/firmware/mcu/hal/chipwhisperer-fw-extra/stm32f4/CMSIS/core/cmsis_gcc.h **** __attribute__((always_inline)) __STATIC_INLINE uint32_t __REV(uint32_t value)
 451:/home/pacl/Documents/Repository/chipwhisperer/firmware/mcu/hal/chipwhisperer-fw-extra/stm32f4/CMSIS/core/cmsis_gcc.h **** {
 452:/home/pacl/Documents/Repository/chipwhisperer/firmware/mcu/hal/chipwhisperer-fw-extra/stm32f4/CMSIS/core/cmsis_gcc.h **** #if (__GNUC__ > 4) || (__GNUC__ == 4 && __GNUC_MINOR__ >= 5)
 453:/home/pacl/Documents/Repository/chipwhisperer/firmware/mcu/hal/chipwhisperer-fw-extra/stm32f4/CMSIS/core/cmsis_gcc.h ****   return __builtin_bswap32(value);
  48              		.loc 2 453 10 is_stmt 0 view .LVU4
  49 0012 0A68     		ldr	r2, [r1]
  50              	.LVL1:
  51              		.loc 2 453 10 view .LVU5
  52              	.LBE126:
  53              	.LBE125:
  54              		.loc 1 1528 10 view .LVU6
  55 0014 0368     		ldr	r3, [r0]
  56              	.LVL2:
  57              	.LBB128:
  58              	.LBI125:
 450:/home/pacl/Documents/Repository/chipwhisperer/firmware/mcu/hal/chipwhisperer-fw-extra/stm32f4/CMSIS/core/cmsis_gcc.h **** {
  59              		.loc 2 450 57 is_stmt 1 view .LVU7
  60              	.LBB127:
  61              		.loc 2 453 3 view .LVU8
  62              		.loc 2 453 10 is_stmt 0 view .LVU9
  63 0016 12BA     		rev	r2, r2
  64              	.LVL3:
  65              		.loc 2 453 10 view .LVU10
  66              	.LBE127:
  67              	.LBE128:
  68              		.loc 1 1528 27 discriminator 1 view .LVU11
  69 0018 1A62     		str	r2, [r3, #32]
1529:/home/pacl/Documents/Repository/chipwhisperer/firmware/mcu/hal/chipwhisperer-fw-extra/stm32f4/stm32f4_hal_lowlevel.c ****     keyaddr+=4U;
  70              		.loc 1 1529 5 is_stmt 1 view .LVU12
  71              	.LVL4:
1530:/home/pacl/Documents/Repository/chipwhisperer/firmware/mcu/hal/chipwhisperer-fw-extra/stm32f4/stm32f4_hal_lowlevel.c ****     hcryp->Instance->K0RR = __REV(*(uint32_t*)(keyaddr));
  72              		.loc 1 1530 5 view .LVU13
  73              	.LBB129:
  74              	.LBI129:
 450:/home/pacl/Documents/Repository/chipwhisperer/firmware/mcu/hal/chipwhisperer-fw-extra/stm32f4/CMSIS/core/cmsis_gcc.h **** {
  75              		.loc 2 450 57 view .LVU14
  76              	.LBB130:
  77              		.loc 2 453 3 view .LVU15
  78              		.loc 2 453 10 is_stmt 0 view .LVU16
  79 001a 4A68     		ldr	r2, [r1, #4]
  80 001c 12BA     		rev	r2, r2
  81              	.LVL5:
  82              		.loc 2 453 10 view .LVU17
  83              	.LBE130:
  84              	.LBE129:
  85              		.loc 1 1530 27 discriminator 1 view .LVU18
  86 001e 5A62     		str	r2, [r3, #36]
1531:/home/pacl/Documents/Repository/chipwhisperer/firmware/mcu/hal/chipwhisperer-fw-extra/stm32f4/stm32f4_hal_lowlevel.c ****     keyaddr+=4U;
  87              		.loc 1 1531 5 is_stmt 1 view .LVU19
  88              	.LVL6:
1532:/home/pacl/Documents/Repository/chipwhisperer/firmware/mcu/hal/chipwhisperer-fw-extra/stm32f4/stm32f4_hal_lowlevel.c ****     hcryp->Instance->K1LR = __REV(*(uint32_t*)(keyaddr));
  89              		.loc 1 1532 5 view .LVU20
  90              	.LBB131:
  91              	.LBI131:
 450:/home/pacl/Documents/Repository/chipwhisperer/firmware/mcu/hal/chipwhisperer-fw-extra/stm32f4/CMSIS/core/cmsis_gcc.h **** {
  92              		.loc 2 450 57 view .LVU21
  93              	.LBB132:
  94              		.loc 2 453 3 view .LVU22
  95              		.loc 2 453 10 is_stmt 0 view .LVU23
  96 0020 8A68     		ldr	r2, [r1, #8]
  97 0022 12BA     		rev	r2, r2
  98              	.LVL7:
  99              		.loc 2 453 10 view .LVU24
 100              	.LBE132:
 101              	.LBE131:
 102              		.loc 1 1532 27 discriminator 1 view .LVU25
 103 0024 9A62     		str	r2, [r3, #40]
1533:/home/pacl/Documents/Repository/chipwhisperer/firmware/mcu/hal/chipwhisperer-fw-extra/stm32f4/stm32f4_hal_lowlevel.c ****     keyaddr+=4U;
 104              		.loc 1 1533 5 is_stmt 1 view .LVU26
 105              	.LVL8:
1534:/home/pacl/Documents/Repository/chipwhisperer/firmware/mcu/hal/chipwhisperer-fw-extra/stm32f4/stm32f4_hal_lowlevel.c ****     hcryp->Instance->K1RR = __REV(*(uint32_t*)(keyaddr));
 106              		.loc 1 1534 5 view .LVU27
 107              	.LBB133:
 108              	.LBI133:
 450:/home/pacl/Documents/Repository/chipwhisperer/firmware/mcu/hal/chipwhisperer-fw-extra/stm32f4/CMSIS/core/cmsis_gcc.h **** {
 109              		.loc 2 450 57 view .LVU28
 110              	.LBB134:
 111              		.loc 2 453 3 view .LVU29
 112              		.loc 2 453 10 is_stmt 0 view .LVU30
 113 0026 CA68     		ldr	r2, [r1, #12]
 114 0028 12BA     		rev	r2, r2
 115              	.LVL9:
 116              		.loc 2 453 10 view .LVU31
 117              	.LBE134:
 118              	.LBE133:
 119              		.loc 1 1534 27 discriminator 1 view .LVU32
 120 002a DA62     		str	r2, [r3, #44]
1535:/home/pacl/Documents/Repository/chipwhisperer/firmware/mcu/hal/chipwhisperer-fw-extra/stm32f4/stm32f4_hal_lowlevel.c ****     keyaddr+=4U;
 121              		.loc 1 1535 5 is_stmt 1 view .LVU33
 122              	.LVL10:
1536:/home/pacl/Documents/Repository/chipwhisperer/firmware/mcu/hal/chipwhisperer-fw-extra/stm32f4/stm32f4_hal_lowlevel.c ****     hcryp->Instance->K2LR = __REV(*(uint32_t*)(keyaddr));
 123              		.loc 1 1536 5 view .LVU34
 124              	.LBB135:
 125              	.LBI135:
 450:/home/pacl/Documents/Repository/chipwhisperer/firmware/mcu/hal/chipwhisperer-fw-extra/stm32f4/CMSIS/core/cmsis_gcc.h **** {
 126              		.loc 2 450 57 view .LVU35
 127              	.LBB136:
 128              		.loc 2 453 3 view .LVU36
 129              		.loc 2 453 10 is_stmt 0 view .LVU37
 130 002c 0A69     		ldr	r2, [r1, #16]
 131 002e 12BA     		rev	r2, r2
 132              	.LVL11:
 133              		.loc 2 453 10 view .LVU38
 134              	.LBE136:
 135              	.LBE135:
 136              		.loc 1 1536 27 discriminator 1 view .LVU39
 137 0030 1A63     		str	r2, [r3, #48]
1537:/home/pacl/Documents/Repository/chipwhisperer/firmware/mcu/hal/chipwhisperer-fw-extra/stm32f4/stm32f4_hal_lowlevel.c ****     keyaddr+=4U;
 138              		.loc 1 1537 5 is_stmt 1 view .LVU40
 139              	.LVL12:
1538:/home/pacl/Documents/Repository/chipwhisperer/firmware/mcu/hal/chipwhisperer-fw-extra/stm32f4/stm32f4_hal_lowlevel.c ****     hcryp->Instance->K2RR = __REV(*(uint32_t*)(keyaddr));
 140              		.loc 1 1538 5 view .LVU41
 141              	.LBB137:
 142              	.LBI137:
 450:/home/pacl/Documents/Repository/chipwhisperer/firmware/mcu/hal/chipwhisperer-fw-extra/stm32f4/CMSIS/core/cmsis_gcc.h **** {
 143              		.loc 2 450 57 view .LVU42
 144              	.LBB138:
 145              		.loc 2 453 3 view .LVU43
 146              		.loc 2 453 10 is_stmt 0 view .LVU44
 147 0032 4A69     		ldr	r2, [r1, #20]
 148 0034 12BA     		rev	r2, r2
 149              	.LVL13:
 150              		.loc 2 453 10 view .LVU45
 151              	.LBE138:
 152              	.LBE137:
 153              		.loc 1 1538 27 discriminator 1 view .LVU46
 154 0036 5A63     		str	r2, [r3, #52]
1539:/home/pacl/Documents/Repository/chipwhisperer/firmware/mcu/hal/chipwhisperer-fw-extra/stm32f4/stm32f4_hal_lowlevel.c ****     keyaddr+=4U;
 155              		.loc 1 1539 5 is_stmt 1 view .LVU47
 156              	.LVL14:
1540:/home/pacl/Documents/Repository/chipwhisperer/firmware/mcu/hal/chipwhisperer-fw-extra/stm32f4/stm32f4_hal_lowlevel.c ****     hcryp->Instance->K3LR = __REV(*(uint32_t*)(keyaddr));
 157              		.loc 1 1540 5 view .LVU48
 158              	.LBB139:
 159              	.LBI139:
 450:/home/pacl/Documents/Repository/chipwhisperer/firmware/mcu/hal/chipwhisperer-fw-extra/stm32f4/CMSIS/core/cmsis_gcc.h **** {
 160              		.loc 2 450 57 view .LVU49
 161              	.LBB140:
 162              		.loc 2 453 3 view .LVU50
 163              		.loc 2 453 10 is_stmt 0 view .LVU51
 164 0038 8A69     		ldr	r2, [r1, #24]
 165 003a 12BA     		rev	r2, r2
 166              	.LVL15:
 167              		.loc 2 453 10 view .LVU52
 168              	.LBE140:
 169              	.LBE139:
 170              		.loc 1 1540 27 discriminator 1 view .LVU53
 171 003c 9A63     		str	r2, [r3, #56]
1541:/home/pacl/Documents/Repository/chipwhisperer/firmware/mcu/hal/chipwhisperer-fw-extra/stm32f4/stm32f4_hal_lowlevel.c ****     keyaddr+=4U;
 172              		.loc 1 1541 5 is_stmt 1 view .LVU54
 173              	.LVL16:
1542:/home/pacl/Documents/Repository/chipwhisperer/firmware/mcu/hal/chipwhisperer-fw-extra/stm32f4/stm32f4_hal_lowlevel.c ****     hcryp->Instance->K3RR = __REV(*(uint32_t*)(keyaddr));
 174              		.loc 1 1542 5 view .LVU55
 175              	.LBB141:
 176              	.LBI141:
 450:/home/pacl/Documents/Repository/chipwhisperer/firmware/mcu/hal/chipwhisperer-fw-extra/stm32f4/CMSIS/core/cmsis_gcc.h **** {
 177              		.loc 2 450 57 view .LVU56
 178              	.LBB142:
 179              		.loc 2 453 3 view .LVU57
 180              		.loc 2 453 10 is_stmt 0 view .LVU58
 181 003e CA69     		ldr	r2, [r1, #28]
 182              	.LVL17:
 183              	.L6:
 184              		.loc 2 453 10 view .LVU59
 185              	.LBE142:
 186              	.LBE141:
 187              	.LBB143:
 188              	.LBB144:
 189 0040 12BA     		rev	r2, r2
 190              	.LBE144:
 191              	.LBE143:
1543:/home/pacl/Documents/Repository/chipwhisperer/firmware/mcu/hal/chipwhisperer-fw-extra/stm32f4/stm32f4_hal_lowlevel.c ****     break;
1544:/home/pacl/Documents/Repository/chipwhisperer/firmware/mcu/hal/chipwhisperer-fw-extra/stm32f4/stm32f4_hal_lowlevel.c ****   case CRYP_KEYSIZE_192B:
1545:/home/pacl/Documents/Repository/chipwhisperer/firmware/mcu/hal/chipwhisperer-fw-extra/stm32f4/stm32f4_hal_lowlevel.c ****     hcryp->Instance->K1LR = __REV(*(uint32_t*)(keyaddr));
1546:/home/pacl/Documents/Repository/chipwhisperer/firmware/mcu/hal/chipwhisperer-fw-extra/stm32f4/stm32f4_hal_lowlevel.c ****     keyaddr+=4U;
1547:/home/pacl/Documents/Repository/chipwhisperer/firmware/mcu/hal/chipwhisperer-fw-extra/stm32f4/stm32f4_hal_lowlevel.c ****     hcryp->Instance->K1RR = __REV(*(uint32_t*)(keyaddr));
1548:/home/pacl/Documents/Repository/chipwhisperer/firmware/mcu/hal/chipwhisperer-fw-extra/stm32f4/stm32f4_hal_lowlevel.c ****     keyaddr+=4U;
1549:/home/pacl/Documents/Repository/chipwhisperer/firmware/mcu/hal/chipwhisperer-fw-extra/stm32f4/stm32f4_hal_lowlevel.c ****     hcryp->Instance->K2LR = __REV(*(uint32_t*)(keyaddr));
1550:/home/pacl/Documents/Repository/chipwhisperer/firmware/mcu/hal/chipwhisperer-fw-extra/stm32f4/stm32f4_hal_lowlevel.c ****     keyaddr+=4U;
1551:/home/pacl/Documents/Repository/chipwhisperer/firmware/mcu/hal/chipwhisperer-fw-extra/stm32f4/stm32f4_hal_lowlevel.c ****     hcryp->Instance->K2RR = __REV(*(uint32_t*)(keyaddr));
1552:/home/pacl/Documents/Repository/chipwhisperer/firmware/mcu/hal/chipwhisperer-fw-extra/stm32f4/stm32f4_hal_lowlevel.c ****     keyaddr+=4U;
1553:/home/pacl/Documents/Repository/chipwhisperer/firmware/mcu/hal/chipwhisperer-fw-extra/stm32f4/stm32f4_hal_lowlevel.c ****     hcryp->Instance->K3LR = __REV(*(uint32_t*)(keyaddr));
1554:/home/pacl/Documents/Repository/chipwhisperer/firmware/mcu/hal/chipwhisperer-fw-extra/stm32f4/stm32f4_hal_lowlevel.c ****     keyaddr+=4U;
1555:/home/pacl/Documents/Repository/chipwhisperer/firmware/mcu/hal/chipwhisperer-fw-extra/stm32f4/stm32f4_hal_lowlevel.c ****     hcryp->Instance->K3RR = __REV(*(uint32_t*)(keyaddr));
1556:/home/pacl/Documents/Repository/chipwhisperer/firmware/mcu/hal/chipwhisperer-fw-extra/stm32f4/stm32f4_hal_lowlevel.c ****     break;
1557:/home/pacl/Documents/Repository/chipwhisperer/firmware/mcu/hal/chipwhisperer-fw-extra/stm32f4/stm32f4_hal_lowlevel.c ****   case CRYP_KEYSIZE_128B:       
1558:/home/pacl/Documents/Repository/chipwhisperer/firmware/mcu/hal/chipwhisperer-fw-extra/stm32f4/stm32f4_hal_lowlevel.c ****     hcryp->Instance->K2LR = __REV(*(uint32_t*)(keyaddr));
1559:/home/pacl/Documents/Repository/chipwhisperer/firmware/mcu/hal/chipwhisperer-fw-extra/stm32f4/stm32f4_hal_lowlevel.c ****     keyaddr+=4U;
1560:/home/pacl/Documents/Repository/chipwhisperer/firmware/mcu/hal/chipwhisperer-fw-extra/stm32f4/stm32f4_hal_lowlevel.c ****     hcryp->Instance->K2RR = __REV(*(uint32_t*)(keyaddr));
1561:/home/pacl/Documents/Repository/chipwhisperer/firmware/mcu/hal/chipwhisperer-fw-extra/stm32f4/stm32f4_hal_lowlevel.c ****     keyaddr+=4U;
1562:/home/pacl/Documents/Repository/chipwhisperer/firmware/mcu/hal/chipwhisperer-fw-extra/stm32f4/stm32f4_hal_lowlevel.c ****     hcryp->Instance->K3LR = __REV(*(uint32_t*)(keyaddr));
1563:/home/pacl/Documents/Repository/chipwhisperer/firmware/mcu/hal/chipwhisperer-fw-extra/stm32f4/stm32f4_hal_lowlevel.c ****     keyaddr+=4U;
1564:/home/pacl/Documents/Repository/chipwhisperer/firmware/mcu/hal/chipwhisperer-fw-extra/stm32f4/stm32f4_hal_lowlevel.c ****     hcryp->Instance->K3RR = __REV(*(uint32_t*)(keyaddr));
 192              		.loc 1 1564 27 discriminator 1 view .LVU60
 193 0042 DA63     		str	r2, [r3, #60]
1565:/home/pacl/Documents/Repository/chipwhisperer/firmware/mcu/hal/chipwhisperer-fw-extra/stm32f4/stm32f4_hal_lowlevel.c ****     break;
 194              		.loc 1 1565 5 is_stmt 1 view .LVU61
1566:/home/pacl/Documents/Repository/chipwhisperer/firmware/mcu/hal/chipwhisperer-fw-extra/stm32f4/stm32f4_hal_lowlevel.c ****   default:
1567:/home/pacl/Documents/Repository/chipwhisperer/firmware/mcu/hal/chipwhisperer-fw-extra/stm32f4/stm32f4_hal_lowlevel.c ****     break;
1568:/home/pacl/Documents/Repository/chipwhisperer/firmware/mcu/hal/chipwhisperer-fw-extra/stm32f4/stm32f4_hal_lowlevel.c ****   }
1569:/home/pacl/Documents/Repository/chipwhisperer/firmware/mcu/hal/chipwhisperer-fw-extra/stm32f4/stm32f4_hal_lowlevel.c **** }
 195              		.loc 1 1569 1 is_stmt 0 view .LVU62
 196 0044 7047     		bx	lr
 197              	.LVL18:
 198              	.L2:
1545:/home/pacl/Documents/Repository/chipwhisperer/firmware/mcu/hal/chipwhisperer-fw-extra/stm32f4/stm32f4_hal_lowlevel.c ****     keyaddr+=4U;
 199              		.loc 1 1545 5 is_stmt 1 view .LVU63
 200              	.LBB146:
 201              	.LBB147:
 202              		.loc 2 453 10 is_stmt 0 view .LVU64
 203 0046 0A68     		ldr	r2, [r1]
 204              	.LVL19:
 205              		.loc 2 453 10 view .LVU65
 206              	.LBE147:
 207              	.LBE146:
1545:/home/pacl/Documents/Repository/chipwhisperer/firmware/mcu/hal/chipwhisperer-fw-extra/stm32f4/stm32f4_hal_lowlevel.c ****     keyaddr+=4U;
 208              		.loc 1 1545 10 view .LVU66
 209 0048 0368     		ldr	r3, [r0]
 210              	.LVL20:
 211              	.LBB149:
 212              	.LBI146:
 450:/home/pacl/Documents/Repository/chipwhisperer/firmware/mcu/hal/chipwhisperer-fw-extra/stm32f4/CMSIS/core/cmsis_gcc.h **** {
 213              		.loc 2 450 57 is_stmt 1 view .LVU67
 214              	.LBB148:
 215              		.loc 2 453 3 view .LVU68
 216              		.loc 2 453 10 is_stmt 0 view .LVU69
 217 004a 12BA     		rev	r2, r2
 218              	.LVL21:
 219              		.loc 2 453 10 view .LVU70
 220              	.LBE148:
 221              	.LBE149:
1545:/home/pacl/Documents/Repository/chipwhisperer/firmware/mcu/hal/chipwhisperer-fw-extra/stm32f4/stm32f4_hal_lowlevel.c ****     keyaddr+=4U;
 222              		.loc 1 1545 27 discriminator 1 view .LVU71
 223 004c 9A62     		str	r2, [r3, #40]
1546:/home/pacl/Documents/Repository/chipwhisperer/firmware/mcu/hal/chipwhisperer-fw-extra/stm32f4/stm32f4_hal_lowlevel.c ****     hcryp->Instance->K1RR = __REV(*(uint32_t*)(keyaddr));
 224              		.loc 1 1546 5 is_stmt 1 view .LVU72
 225              	.LVL22:
1547:/home/pacl/Documents/Repository/chipwhisperer/firmware/mcu/hal/chipwhisperer-fw-extra/stm32f4/stm32f4_hal_lowlevel.c ****     keyaddr+=4U;
 226              		.loc 1 1547 5 view .LVU73
 227              	.LBB150:
 228              	.LBI150:
 450:/home/pacl/Documents/Repository/chipwhisperer/firmware/mcu/hal/chipwhisperer-fw-extra/stm32f4/CMSIS/core/cmsis_gcc.h **** {
 229              		.loc 2 450 57 view .LVU74
 230              	.LBB151:
 231              		.loc 2 453 3 view .LVU75
 232              		.loc 2 453 10 is_stmt 0 view .LVU76
 233 004e 4A68     		ldr	r2, [r1, #4]
 234 0050 12BA     		rev	r2, r2
 235              	.LVL23:
 236              		.loc 2 453 10 view .LVU77
 237              	.LBE151:
 238              	.LBE150:
1547:/home/pacl/Documents/Repository/chipwhisperer/firmware/mcu/hal/chipwhisperer-fw-extra/stm32f4/stm32f4_hal_lowlevel.c ****     keyaddr+=4U;
 239              		.loc 1 1547 27 discriminator 1 view .LVU78
 240 0052 DA62     		str	r2, [r3, #44]
1548:/home/pacl/Documents/Repository/chipwhisperer/firmware/mcu/hal/chipwhisperer-fw-extra/stm32f4/stm32f4_hal_lowlevel.c ****     hcryp->Instance->K2LR = __REV(*(uint32_t*)(keyaddr));
 241              		.loc 1 1548 5 is_stmt 1 view .LVU79
 242              	.LVL24:
1549:/home/pacl/Documents/Repository/chipwhisperer/firmware/mcu/hal/chipwhisperer-fw-extra/stm32f4/stm32f4_hal_lowlevel.c ****     keyaddr+=4U;
 243              		.loc 1 1549 5 view .LVU80
 244              	.LBB152:
 245              	.LBI152:
 450:/home/pacl/Documents/Repository/chipwhisperer/firmware/mcu/hal/chipwhisperer-fw-extra/stm32f4/CMSIS/core/cmsis_gcc.h **** {
 246              		.loc 2 450 57 view .LVU81
 247              	.LBB153:
 248              		.loc 2 453 3 view .LVU82
 249              		.loc 2 453 10 is_stmt 0 view .LVU83
 250 0054 8A68     		ldr	r2, [r1, #8]
 251 0056 12BA     		rev	r2, r2
 252              	.LVL25:
 253              		.loc 2 453 10 view .LVU84
 254              	.LBE153:
 255              	.LBE152:
1549:/home/pacl/Documents/Repository/chipwhisperer/firmware/mcu/hal/chipwhisperer-fw-extra/stm32f4/stm32f4_hal_lowlevel.c ****     keyaddr+=4U;
 256              		.loc 1 1549 27 discriminator 1 view .LVU85
 257 0058 1A63     		str	r2, [r3, #48]
1550:/home/pacl/Documents/Repository/chipwhisperer/firmware/mcu/hal/chipwhisperer-fw-extra/stm32f4/stm32f4_hal_lowlevel.c ****     hcryp->Instance->K2RR = __REV(*(uint32_t*)(keyaddr));
 258              		.loc 1 1550 5 is_stmt 1 view .LVU86
 259              	.LVL26:
1551:/home/pacl/Documents/Repository/chipwhisperer/firmware/mcu/hal/chipwhisperer-fw-extra/stm32f4/stm32f4_hal_lowlevel.c ****     keyaddr+=4U;
 260              		.loc 1 1551 5 view .LVU87
 261              	.LBB154:
 262              	.LBI154:
 450:/home/pacl/Documents/Repository/chipwhisperer/firmware/mcu/hal/chipwhisperer-fw-extra/stm32f4/CMSIS/core/cmsis_gcc.h **** {
 263              		.loc 2 450 57 view .LVU88
 264              	.LBB155:
 265              		.loc 2 453 3 view .LVU89
 266              		.loc 2 453 10 is_stmt 0 view .LVU90
 267 005a CA68     		ldr	r2, [r1, #12]
 268 005c 12BA     		rev	r2, r2
 269              	.LVL27:
 270              		.loc 2 453 10 view .LVU91
 271              	.LBE155:
 272              	.LBE154:
1551:/home/pacl/Documents/Repository/chipwhisperer/firmware/mcu/hal/chipwhisperer-fw-extra/stm32f4/stm32f4_hal_lowlevel.c ****     keyaddr+=4U;
 273              		.loc 1 1551 27 discriminator 1 view .LVU92
 274 005e 5A63     		str	r2, [r3, #52]
1552:/home/pacl/Documents/Repository/chipwhisperer/firmware/mcu/hal/chipwhisperer-fw-extra/stm32f4/stm32f4_hal_lowlevel.c ****     hcryp->Instance->K3LR = __REV(*(uint32_t*)(keyaddr));
 275              		.loc 1 1552 5 is_stmt 1 view .LVU93
 276              	.LVL28:
1553:/home/pacl/Documents/Repository/chipwhisperer/firmware/mcu/hal/chipwhisperer-fw-extra/stm32f4/stm32f4_hal_lowlevel.c ****     keyaddr+=4U;
 277              		.loc 1 1553 5 view .LVU94
 278              	.LBB156:
 279              	.LBI156:
 450:/home/pacl/Documents/Repository/chipwhisperer/firmware/mcu/hal/chipwhisperer-fw-extra/stm32f4/CMSIS/core/cmsis_gcc.h **** {
 280              		.loc 2 450 57 view .LVU95
 281              	.LBB157:
 282              		.loc 2 453 3 view .LVU96
 283              		.loc 2 453 10 is_stmt 0 view .LVU97
 284 0060 0A69     		ldr	r2, [r1, #16]
 285 0062 12BA     		rev	r2, r2
 286              	.LVL29:
 287              		.loc 2 453 10 view .LVU98
 288              	.LBE157:
 289              	.LBE156:
1553:/home/pacl/Documents/Repository/chipwhisperer/firmware/mcu/hal/chipwhisperer-fw-extra/stm32f4/stm32f4_hal_lowlevel.c ****     keyaddr+=4U;
 290              		.loc 1 1553 27 discriminator 1 view .LVU99
 291 0064 9A63     		str	r2, [r3, #56]
1554:/home/pacl/Documents/Repository/chipwhisperer/firmware/mcu/hal/chipwhisperer-fw-extra/stm32f4/stm32f4_hal_lowlevel.c ****     hcryp->Instance->K3RR = __REV(*(uint32_t*)(keyaddr));
 292              		.loc 1 1554 5 is_stmt 1 view .LVU100
 293              	.LVL30:
1555:/home/pacl/Documents/Repository/chipwhisperer/firmware/mcu/hal/chipwhisperer-fw-extra/stm32f4/stm32f4_hal_lowlevel.c ****     break;
 294              		.loc 1 1555 5 view .LVU101
 295              	.LBB158:
 296              	.LBI158:
 450:/home/pacl/Documents/Repository/chipwhisperer/firmware/mcu/hal/chipwhisperer-fw-extra/stm32f4/CMSIS/core/cmsis_gcc.h **** {
 297              		.loc 2 450 57 view .LVU102
 298              	.LBB159:
 299              		.loc 2 453 3 view .LVU103
 300              		.loc 2 453 10 is_stmt 0 view .LVU104
 301 0066 4A69     		ldr	r2, [r1, #20]
 302 0068 EAE7     		b	.L6
 303              	.LVL31:
 304              	.L4:
 305              		.loc 2 453 10 view .LVU105
 306              	.LBE159:
 307              	.LBE158:
1558:/home/pacl/Documents/Repository/chipwhisperer/firmware/mcu/hal/chipwhisperer-fw-extra/stm32f4/stm32f4_hal_lowlevel.c ****     keyaddr+=4U;
 308              		.loc 1 1558 5 is_stmt 1 view .LVU106
 309              	.LBB160:
 310              	.LBB161:
 311              		.loc 2 453 10 is_stmt 0 view .LVU107
 312 006a 0A68     		ldr	r2, [r1]
 313              	.LVL32:
 314              		.loc 2 453 10 view .LVU108
 315              	.LBE161:
 316              	.LBE160:
1558:/home/pacl/Documents/Repository/chipwhisperer/firmware/mcu/hal/chipwhisperer-fw-extra/stm32f4/stm32f4_hal_lowlevel.c ****     keyaddr+=4U;
 317              		.loc 1 1558 10 view .LVU109
 318 006c 0368     		ldr	r3, [r0]
 319              	.LVL33:
 320              	.LBB163:
 321              	.LBI160:
 450:/home/pacl/Documents/Repository/chipwhisperer/firmware/mcu/hal/chipwhisperer-fw-extra/stm32f4/CMSIS/core/cmsis_gcc.h **** {
 322              		.loc 2 450 57 is_stmt 1 view .LVU110
 323              	.LBB162:
 324              		.loc 2 453 3 view .LVU111
 325              		.loc 2 453 10 is_stmt 0 view .LVU112
 326 006e 12BA     		rev	r2, r2
 327              	.LVL34:
 328              		.loc 2 453 10 view .LVU113
 329              	.LBE162:
 330              	.LBE163:
1558:/home/pacl/Documents/Repository/chipwhisperer/firmware/mcu/hal/chipwhisperer-fw-extra/stm32f4/stm32f4_hal_lowlevel.c ****     keyaddr+=4U;
 331              		.loc 1 1558 27 discriminator 1 view .LVU114
 332 0070 1A63     		str	r2, [r3, #48]
1559:/home/pacl/Documents/Repository/chipwhisperer/firmware/mcu/hal/chipwhisperer-fw-extra/stm32f4/stm32f4_hal_lowlevel.c ****     hcryp->Instance->K2RR = __REV(*(uint32_t*)(keyaddr));
 333              		.loc 1 1559 5 is_stmt 1 view .LVU115
 334              	.LVL35:
1560:/home/pacl/Documents/Repository/chipwhisperer/firmware/mcu/hal/chipwhisperer-fw-extra/stm32f4/stm32f4_hal_lowlevel.c ****     keyaddr+=4U;
 335              		.loc 1 1560 5 view .LVU116
 336              	.LBB164:
 337              	.LBI164:
 450:/home/pacl/Documents/Repository/chipwhisperer/firmware/mcu/hal/chipwhisperer-fw-extra/stm32f4/CMSIS/core/cmsis_gcc.h **** {
 338              		.loc 2 450 57 view .LVU117
 339              	.LBB165:
 340              		.loc 2 453 3 view .LVU118
 341              		.loc 2 453 10 is_stmt 0 view .LVU119
 342 0072 4A68     		ldr	r2, [r1, #4]
 343 0074 12BA     		rev	r2, r2
 344              	.LVL36:
 345              		.loc 2 453 10 view .LVU120
 346              	.LBE165:
 347              	.LBE164:
1560:/home/pacl/Documents/Repository/chipwhisperer/firmware/mcu/hal/chipwhisperer-fw-extra/stm32f4/stm32f4_hal_lowlevel.c ****     keyaddr+=4U;
 348              		.loc 1 1560 27 discriminator 1 view .LVU121
 349 0076 5A63     		str	r2, [r3, #52]
1561:/home/pacl/Documents/Repository/chipwhisperer/firmware/mcu/hal/chipwhisperer-fw-extra/stm32f4/stm32f4_hal_lowlevel.c ****     hcryp->Instance->K3LR = __REV(*(uint32_t*)(keyaddr));
 350              		.loc 1 1561 5 is_stmt 1 view .LVU122
 351              	.LVL37:
1562:/home/pacl/Documents/Repository/chipwhisperer/firmware/mcu/hal/chipwhisperer-fw-extra/stm32f4/stm32f4_hal_lowlevel.c ****     keyaddr+=4U;
 352              		.loc 1 1562 5 view .LVU123
 353              	.LBB166:
 354              	.LBI166:
 450:/home/pacl/Documents/Repository/chipwhisperer/firmware/mcu/hal/chipwhisperer-fw-extra/stm32f4/CMSIS/core/cmsis_gcc.h **** {
 355              		.loc 2 450 57 view .LVU124
 356              	.LBB167:
 357              		.loc 2 453 3 view .LVU125
 358              		.loc 2 453 10 is_stmt 0 view .LVU126
 359 0078 8A68     		ldr	r2, [r1, #8]
 360 007a 12BA     		rev	r2, r2
 361              	.LVL38:
 362              		.loc 2 453 10 view .LVU127
 363              	.LBE167:
 364              	.LBE166:
1562:/home/pacl/Documents/Repository/chipwhisperer/firmware/mcu/hal/chipwhisperer-fw-extra/stm32f4/stm32f4_hal_lowlevel.c ****     keyaddr+=4U;
 365              		.loc 1 1562 27 discriminator 1 view .LVU128
 366 007c 9A63     		str	r2, [r3, #56]
1563:/home/pacl/Documents/Repository/chipwhisperer/firmware/mcu/hal/chipwhisperer-fw-extra/stm32f4/stm32f4_hal_lowlevel.c ****     hcryp->Instance->K3RR = __REV(*(uint32_t*)(keyaddr));
 367              		.loc 1 1563 5 is_stmt 1 view .LVU129
 368              	.LVL39:
1564:/home/pacl/Documents/Repository/chipwhisperer/firmware/mcu/hal/chipwhisperer-fw-extra/stm32f4/stm32f4_hal_lowlevel.c ****     break;
 369              		.loc 1 1564 5 view .LVU130
 370              	.LBB168:
 371              	.LBI143:
 450:/home/pacl/Documents/Repository/chipwhisperer/firmware/mcu/hal/chipwhisperer-fw-extra/stm32f4/CMSIS/core/cmsis_gcc.h **** {
 372              		.loc 2 450 57 view .LVU131
 373              	.LBB145:
 374              		.loc 2 453 3 view .LVU132
 375              		.loc 2 453 10 is_stmt 0 view .LVU133
 376 007e CA68     		ldr	r2, [r1, #12]
 377 0080 DEE7     		b	.L6
 378              	.LBE145:
 379              	.LBE168:
 380              		.cfi_endproc
 381              	.LFE147:
 383              		.section	.text.HAL_GetTick,"ax",%progbits
 384              		.align	1
 385              		.global	HAL_GetTick
 386              		.syntax unified
 387              		.thumb
 388              		.thumb_func
 390              	HAL_GetTick:
 391              	.LFB126:
  53:/home/pacl/Documents/Repository/chipwhisperer/firmware/mcu/hal/chipwhisperer-fw-extra/stm32f4/stm32f4_hal_lowlevel.c **** 	static uint32_t tick;
 392              		.loc 1 53 1 is_stmt 1 view -0
 393              		.cfi_startproc
 394              		@ args = 0, pretend = 0, frame = 0
 395              		@ frame_needed = 0, uses_anonymous_args = 0
 396              		@ link register save eliminated.
  54:/home/pacl/Documents/Repository/chipwhisperer/firmware/mcu/hal/chipwhisperer-fw-extra/stm32f4/stm32f4_hal_lowlevel.c **** 	return tick++;;
 397              		.loc 1 54 2 view .LVU135
  55:/home/pacl/Documents/Repository/chipwhisperer/firmware/mcu/hal/chipwhisperer-fw-extra/stm32f4/stm32f4_hal_lowlevel.c **** }
 398              		.loc 1 55 2 view .LVU136
  55:/home/pacl/Documents/Repository/chipwhisperer/firmware/mcu/hal/chipwhisperer-fw-extra/stm32f4/stm32f4_hal_lowlevel.c **** }
 399              		.loc 1 55 13 is_stmt 0 view .LVU137
 400 0000 024B     		ldr	r3, .L8
 401 0002 1868     		ldr	r0, [r3]
 402 0004 421C     		adds	r2, r0, #1
 403 0006 1A60     		str	r2, [r3]
  55:/home/pacl/Documents/Repository/chipwhisperer/firmware/mcu/hal/chipwhisperer-fw-extra/stm32f4/stm32f4_hal_lowlevel.c **** }
 404              		.loc 1 55 16 is_stmt 1 discriminator 1 view .LVU138
  56:/home/pacl/Documents/Repository/chipwhisperer/firmware/mcu/hal/chipwhisperer-fw-extra/stm32f4/stm32f4_hal_lowlevel.c **** 
 405              		.loc 1 56 1 is_stmt 0 view .LVU139
 406 0008 7047     		bx	lr
 407              	.L9:
 408 000a 00BF     		.align	2
 409              	.L8:
 410 000c 00000000 		.word	.LANCHOR0
 411              		.cfi_endproc
 412              	.LFE126:
 414              		.section	.text.CRYP_ProcessData,"ax",%progbits
 415              		.align	1
 416              		.syntax unified
 417              		.thumb
 418              		.thumb_func
 420              	CRYP_ProcessData:
 421              	.LVL40:
 422              	.LFB140:
1570:/home/pacl/Documents/Repository/chipwhisperer/firmware/mcu/hal/chipwhisperer-fw-extra/stm32f4/stm32f4_hal_lowlevel.c **** 
1571:/home/pacl/Documents/Repository/chipwhisperer/firmware/mcu/hal/chipwhisperer-fw-extra/stm32f4/stm32f4_hal_lowlevel.c **** static HAL_StatusTypeDef CRYP_ProcessData(CRYP_HandleTypeDef *hcryp, uint8_t* Input, uint16_t Ileng
1572:/home/pacl/Documents/Repository/chipwhisperer/firmware/mcu/hal/chipwhisperer-fw-extra/stm32f4/stm32f4_hal_lowlevel.c **** 
1573:/home/pacl/Documents/Repository/chipwhisperer/firmware/mcu/hal/chipwhisperer-fw-extra/stm32f4/stm32f4_hal_lowlevel.c **** /**
1574:/home/pacl/Documents/Repository/chipwhisperer/firmware/mcu/hal/chipwhisperer-fw-extra/stm32f4/stm32f4_hal_lowlevel.c ****   * @brief  Process Data: Writes Input data in polling mode and read the output data
1575:/home/pacl/Documents/Repository/chipwhisperer/firmware/mcu/hal/chipwhisperer-fw-extra/stm32f4/stm32f4_hal_lowlevel.c ****   * @param  hcryp pointer to a CRYP_HandleTypeDef structure that contains
1576:/home/pacl/Documents/Repository/chipwhisperer/firmware/mcu/hal/chipwhisperer-fw-extra/stm32f4/stm32f4_hal_lowlevel.c ****   *         the configuration information for CRYP module
1577:/home/pacl/Documents/Repository/chipwhisperer/firmware/mcu/hal/chipwhisperer-fw-extra/stm32f4/stm32f4_hal_lowlevel.c ****   * @param  Input Pointer to the Input buffer
1578:/home/pacl/Documents/Repository/chipwhisperer/firmware/mcu/hal/chipwhisperer-fw-extra/stm32f4/stm32f4_hal_lowlevel.c ****   * @param  Ilength Length of the Input buffer, must be a multiple of 16.
1579:/home/pacl/Documents/Repository/chipwhisperer/firmware/mcu/hal/chipwhisperer-fw-extra/stm32f4/stm32f4_hal_lowlevel.c ****   * @param  Output Pointer to the returned buffer
1580:/home/pacl/Documents/Repository/chipwhisperer/firmware/mcu/hal/chipwhisperer-fw-extra/stm32f4/stm32f4_hal_lowlevel.c ****   * @param  Timeout Timeout value
1581:/home/pacl/Documents/Repository/chipwhisperer/firmware/mcu/hal/chipwhisperer-fw-extra/stm32f4/stm32f4_hal_lowlevel.c ****   * @retval None
1582:/home/pacl/Documents/Repository/chipwhisperer/firmware/mcu/hal/chipwhisperer-fw-extra/stm32f4/stm32f4_hal_lowlevel.c ****   */
1583:/home/pacl/Documents/Repository/chipwhisperer/firmware/mcu/hal/chipwhisperer-fw-extra/stm32f4/stm32f4_hal_lowlevel.c **** static HAL_StatusTypeDef CRYP_ProcessData(CRYP_HandleTypeDef *hcryp, uint8_t* Input, uint16_t Ileng
1584:/home/pacl/Documents/Repository/chipwhisperer/firmware/mcu/hal/chipwhisperer-fw-extra/stm32f4/stm32f4_hal_lowlevel.c **** {
 423              		.loc 1 1584 1 is_stmt 1 view -0
 424              		.cfi_startproc
 425              		@ args = 4, pretend = 0, frame = 0
 426              		@ frame_needed = 0, uses_anonymous_args = 0
 427              		.loc 1 1584 1 is_stmt 0 view .LVU141
 428 0000 2DE9F047 		push	{r4, r5, r6, r7, r8, r9, r10, lr}
 429              	.LCFI0:
 430              		.cfi_def_cfa_offset 32
 431              		.cfi_offset 4, -32
 432              		.cfi_offset 5, -28
 433              		.cfi_offset 6, -24
 434              		.cfi_offset 7, -20
 435              		.cfi_offset 8, -16
 436              		.cfi_offset 9, -12
 437              		.cfi_offset 10, -8
 438              		.cfi_offset 14, -4
 439 0004 01F11006 		add	r6, r1, #16
1585:/home/pacl/Documents/Repository/chipwhisperer/firmware/mcu/hal/chipwhisperer-fw-extra/stm32f4/stm32f4_hal_lowlevel.c ****   uint32_t tickstart = 0U;
1586:/home/pacl/Documents/Repository/chipwhisperer/firmware/mcu/hal/chipwhisperer-fw-extra/stm32f4/stm32f4_hal_lowlevel.c ****   
1587:/home/pacl/Documents/Repository/chipwhisperer/firmware/mcu/hal/chipwhisperer-fw-extra/stm32f4/stm32f4_hal_lowlevel.c ****   uint32_t i = 0U;
1588:/home/pacl/Documents/Repository/chipwhisperer/firmware/mcu/hal/chipwhisperer-fw-extra/stm32f4/stm32f4_hal_lowlevel.c ****   uint32_t inputaddr  = (uint32_t)Input;
1589:/home/pacl/Documents/Repository/chipwhisperer/firmware/mcu/hal/chipwhisperer-fw-extra/stm32f4/stm32f4_hal_lowlevel.c ****   uint32_t outputaddr = (uint32_t)Output;
1590:/home/pacl/Documents/Repository/chipwhisperer/firmware/mcu/hal/chipwhisperer-fw-extra/stm32f4/stm32f4_hal_lowlevel.c ****   
1591:/home/pacl/Documents/Repository/chipwhisperer/firmware/mcu/hal/chipwhisperer-fw-extra/stm32f4/stm32f4_hal_lowlevel.c ****   for(i=0U; (i < Ilength); i+=16U)
 440              		.loc 1 1591 16 discriminator 1 view .LVU142
 441 0008 C1F1FF21 		rsb	r1, r1, #-16711936
 442              	.LVL41:
 443              		.loc 1 1591 16 discriminator 1 view .LVU143
 444 000c 01F57F01 		add	r1, r1, #16711680
1584:/home/pacl/Documents/Repository/chipwhisperer/firmware/mcu/hal/chipwhisperer-fw-extra/stm32f4/stm32f4_hal_lowlevel.c ****   uint32_t tickstart = 0U;
 445              		.loc 1 1584 1 view .LVU144
 446 0010 DDF82090 		ldr	r9, [sp, #32]
 447 0014 0746     		mov	r7, r0
 448 0016 9046     		mov	r8, r2
1585:/home/pacl/Documents/Repository/chipwhisperer/firmware/mcu/hal/chipwhisperer-fw-extra/stm32f4/stm32f4_hal_lowlevel.c ****   uint32_t tickstart = 0U;
 449              		.loc 1 1585 3 is_stmt 1 view .LVU145
 450              	.LVL42:
1587:/home/pacl/Documents/Repository/chipwhisperer/firmware/mcu/hal/chipwhisperer-fw-extra/stm32f4/stm32f4_hal_lowlevel.c ****   uint32_t inputaddr  = (uint32_t)Input;
 451              		.loc 1 1587 3 view .LVU146
1588:/home/pacl/Documents/Repository/chipwhisperer/firmware/mcu/hal/chipwhisperer-fw-extra/stm32f4/stm32f4_hal_lowlevel.c ****   uint32_t outputaddr = (uint32_t)Output;
 452              		.loc 1 1588 3 view .LVU147
1589:/home/pacl/Documents/Repository/chipwhisperer/firmware/mcu/hal/chipwhisperer-fw-extra/stm32f4/stm32f4_hal_lowlevel.c ****   
 453              		.loc 1 1589 3 view .LVU148
 454              		.loc 1 1591 3 view .LVU149
 455              		.loc 1 1591 3 is_stmt 0 view .LVU150
 456 0018 03F11005 		add	r5, r3, #16
 457              		.loc 1 1591 16 discriminator 1 view .LVU151
 458 001c F031     		adds	r1, r1, #240
 459              	.LVL43:
 460              	.L11:
 461              		.loc 1 1591 16 is_stmt 1 discriminator 1 view .LVU152
 462 001e 8B19     		adds	r3, r1, r6
 463 0020 9845     		cmp	r8, r3
 464 0022 01D8     		bhi	.L18
1592:/home/pacl/Documents/Repository/chipwhisperer/firmware/mcu/hal/chipwhisperer-fw-extra/stm32f4/stm32f4_hal_lowlevel.c ****   {
1593:/home/pacl/Documents/Repository/chipwhisperer/firmware/mcu/hal/chipwhisperer-fw-extra/stm32f4/stm32f4_hal_lowlevel.c ****     /* Write the Input block in the IN FIFO */
1594:/home/pacl/Documents/Repository/chipwhisperer/firmware/mcu/hal/chipwhisperer-fw-extra/stm32f4/stm32f4_hal_lowlevel.c ****     hcryp->Instance->DR = *(uint32_t*)(inputaddr);
1595:/home/pacl/Documents/Repository/chipwhisperer/firmware/mcu/hal/chipwhisperer-fw-extra/stm32f4/stm32f4_hal_lowlevel.c ****     inputaddr+=4U;
1596:/home/pacl/Documents/Repository/chipwhisperer/firmware/mcu/hal/chipwhisperer-fw-extra/stm32f4/stm32f4_hal_lowlevel.c ****     hcryp->Instance->DR = *(uint32_t*)(inputaddr);
1597:/home/pacl/Documents/Repository/chipwhisperer/firmware/mcu/hal/chipwhisperer-fw-extra/stm32f4/stm32f4_hal_lowlevel.c ****     inputaddr+=4U;
1598:/home/pacl/Documents/Repository/chipwhisperer/firmware/mcu/hal/chipwhisperer-fw-extra/stm32f4/stm32f4_hal_lowlevel.c ****     hcryp->Instance->DR  = *(uint32_t*)(inputaddr);
1599:/home/pacl/Documents/Repository/chipwhisperer/firmware/mcu/hal/chipwhisperer-fw-extra/stm32f4/stm32f4_hal_lowlevel.c ****     inputaddr+=4U;
1600:/home/pacl/Documents/Repository/chipwhisperer/firmware/mcu/hal/chipwhisperer-fw-extra/stm32f4/stm32f4_hal_lowlevel.c ****     hcryp->Instance->DR = *(uint32_t*)(inputaddr);
1601:/home/pacl/Documents/Repository/chipwhisperer/firmware/mcu/hal/chipwhisperer-fw-extra/stm32f4/stm32f4_hal_lowlevel.c ****     inputaddr+=4U;
1602:/home/pacl/Documents/Repository/chipwhisperer/firmware/mcu/hal/chipwhisperer-fw-extra/stm32f4/stm32f4_hal_lowlevel.c ****     
1603:/home/pacl/Documents/Repository/chipwhisperer/firmware/mcu/hal/chipwhisperer-fw-extra/stm32f4/stm32f4_hal_lowlevel.c ****     /* Get tick */
1604:/home/pacl/Documents/Repository/chipwhisperer/firmware/mcu/hal/chipwhisperer-fw-extra/stm32f4/stm32f4_hal_lowlevel.c ****     tickstart = HAL_GetTick();
1605:/home/pacl/Documents/Repository/chipwhisperer/firmware/mcu/hal/chipwhisperer-fw-extra/stm32f4/stm32f4_hal_lowlevel.c **** 
1606:/home/pacl/Documents/Repository/chipwhisperer/firmware/mcu/hal/chipwhisperer-fw-extra/stm32f4/stm32f4_hal_lowlevel.c ****     while(HAL_IS_BIT_CLR(hcryp->Instance->SR, CRYP_FLAG_OFNE))
1607:/home/pacl/Documents/Repository/chipwhisperer/firmware/mcu/hal/chipwhisperer-fw-extra/stm32f4/stm32f4_hal_lowlevel.c ****     {    
1608:/home/pacl/Documents/Repository/chipwhisperer/firmware/mcu/hal/chipwhisperer-fw-extra/stm32f4/stm32f4_hal_lowlevel.c ****       /* Check for the Timeout */
1609:/home/pacl/Documents/Repository/chipwhisperer/firmware/mcu/hal/chipwhisperer-fw-extra/stm32f4/stm32f4_hal_lowlevel.c ****       if(Timeout != HAL_MAX_DELAY)
1610:/home/pacl/Documents/Repository/chipwhisperer/firmware/mcu/hal/chipwhisperer-fw-extra/stm32f4/stm32f4_hal_lowlevel.c ****       {
1611:/home/pacl/Documents/Repository/chipwhisperer/firmware/mcu/hal/chipwhisperer-fw-extra/stm32f4/stm32f4_hal_lowlevel.c ****         if((Timeout == 0U)||((HAL_GetTick() - tickstart ) > Timeout))
1612:/home/pacl/Documents/Repository/chipwhisperer/firmware/mcu/hal/chipwhisperer-fw-extra/stm32f4/stm32f4_hal_lowlevel.c ****         {
1613:/home/pacl/Documents/Repository/chipwhisperer/firmware/mcu/hal/chipwhisperer-fw-extra/stm32f4/stm32f4_hal_lowlevel.c ****           /* Change state */
1614:/home/pacl/Documents/Repository/chipwhisperer/firmware/mcu/hal/chipwhisperer-fw-extra/stm32f4/stm32f4_hal_lowlevel.c ****           hcryp->State = HAL_CRYP_STATE_TIMEOUT;
1615:/home/pacl/Documents/Repository/chipwhisperer/firmware/mcu/hal/chipwhisperer-fw-extra/stm32f4/stm32f4_hal_lowlevel.c ****           
1616:/home/pacl/Documents/Repository/chipwhisperer/firmware/mcu/hal/chipwhisperer-fw-extra/stm32f4/stm32f4_hal_lowlevel.c ****           /* Process Unlocked */
1617:/home/pacl/Documents/Repository/chipwhisperer/firmware/mcu/hal/chipwhisperer-fw-extra/stm32f4/stm32f4_hal_lowlevel.c ****           __HAL_UNLOCK(hcryp);
1618:/home/pacl/Documents/Repository/chipwhisperer/firmware/mcu/hal/chipwhisperer-fw-extra/stm32f4/stm32f4_hal_lowlevel.c ****         
1619:/home/pacl/Documents/Repository/chipwhisperer/firmware/mcu/hal/chipwhisperer-fw-extra/stm32f4/stm32f4_hal_lowlevel.c ****           return HAL_TIMEOUT;
1620:/home/pacl/Documents/Repository/chipwhisperer/firmware/mcu/hal/chipwhisperer-fw-extra/stm32f4/stm32f4_hal_lowlevel.c ****         }
1621:/home/pacl/Documents/Repository/chipwhisperer/firmware/mcu/hal/chipwhisperer-fw-extra/stm32f4/stm32f4_hal_lowlevel.c ****       }
1622:/home/pacl/Documents/Repository/chipwhisperer/firmware/mcu/hal/chipwhisperer-fw-extra/stm32f4/stm32f4_hal_lowlevel.c ****     }
1623:/home/pacl/Documents/Repository/chipwhisperer/firmware/mcu/hal/chipwhisperer-fw-extra/stm32f4/stm32f4_hal_lowlevel.c ****     /* Read the Output block from the Output FIFO */
1624:/home/pacl/Documents/Repository/chipwhisperer/firmware/mcu/hal/chipwhisperer-fw-extra/stm32f4/stm32f4_hal_lowlevel.c ****     *(uint32_t*)(outputaddr) = hcryp->Instance->DOUT;
1625:/home/pacl/Documents/Repository/chipwhisperer/firmware/mcu/hal/chipwhisperer-fw-extra/stm32f4/stm32f4_hal_lowlevel.c ****     outputaddr+=4U;
1626:/home/pacl/Documents/Repository/chipwhisperer/firmware/mcu/hal/chipwhisperer-fw-extra/stm32f4/stm32f4_hal_lowlevel.c ****     *(uint32_t*)(outputaddr) = hcryp->Instance->DOUT;
1627:/home/pacl/Documents/Repository/chipwhisperer/firmware/mcu/hal/chipwhisperer-fw-extra/stm32f4/stm32f4_hal_lowlevel.c ****     outputaddr+=4U;
1628:/home/pacl/Documents/Repository/chipwhisperer/firmware/mcu/hal/chipwhisperer-fw-extra/stm32f4/stm32f4_hal_lowlevel.c ****     *(uint32_t*)(outputaddr) = hcryp->Instance->DOUT;
1629:/home/pacl/Documents/Repository/chipwhisperer/firmware/mcu/hal/chipwhisperer-fw-extra/stm32f4/stm32f4_hal_lowlevel.c ****     outputaddr+=4U;
1630:/home/pacl/Documents/Repository/chipwhisperer/firmware/mcu/hal/chipwhisperer-fw-extra/stm32f4/stm32f4_hal_lowlevel.c ****     *(uint32_t*)(outputaddr) = hcryp->Instance->DOUT;
1631:/home/pacl/Documents/Repository/chipwhisperer/firmware/mcu/hal/chipwhisperer-fw-extra/stm32f4/stm32f4_hal_lowlevel.c ****     outputaddr+=4U;
1632:/home/pacl/Documents/Repository/chipwhisperer/firmware/mcu/hal/chipwhisperer-fw-extra/stm32f4/stm32f4_hal_lowlevel.c ****   }
1633:/home/pacl/Documents/Repository/chipwhisperer/firmware/mcu/hal/chipwhisperer-fw-extra/stm32f4/stm32f4_hal_lowlevel.c ****   /* Return function status */
1634:/home/pacl/Documents/Repository/chipwhisperer/firmware/mcu/hal/chipwhisperer-fw-extra/stm32f4/stm32f4_hal_lowlevel.c ****   return HAL_OK;
 465              		.loc 1 1634 10 is_stmt 0 view .LVU153
 466 0024 0020     		movs	r0, #0
 467 0026 2DE0     		b	.L15
 468              	.L18:
1594:/home/pacl/Documents/Repository/chipwhisperer/firmware/mcu/hal/chipwhisperer-fw-extra/stm32f4/stm32f4_hal_lowlevel.c ****     inputaddr+=4U;
 469              		.loc 1 1594 5 is_stmt 1 view .LVU154
1594:/home/pacl/Documents/Repository/chipwhisperer/firmware/mcu/hal/chipwhisperer-fw-extra/stm32f4/stm32f4_hal_lowlevel.c ****     inputaddr+=4U;
 470              		.loc 1 1594 10 is_stmt 0 view .LVU155
 471 0028 3C68     		ldr	r4, [r7]
1594:/home/pacl/Documents/Repository/chipwhisperer/firmware/mcu/hal/chipwhisperer-fw-extra/stm32f4/stm32f4_hal_lowlevel.c ****     inputaddr+=4U;
 472              		.loc 1 1594 27 view .LVU156
 473 002a 56F8103C 		ldr	r3, [r6, #-16]
1594:/home/pacl/Documents/Repository/chipwhisperer/firmware/mcu/hal/chipwhisperer-fw-extra/stm32f4/stm32f4_hal_lowlevel.c ****     inputaddr+=4U;
 474              		.loc 1 1594 25 view .LVU157
 475 002e A360     		str	r3, [r4, #8]
1595:/home/pacl/Documents/Repository/chipwhisperer/firmware/mcu/hal/chipwhisperer-fw-extra/stm32f4/stm32f4_hal_lowlevel.c ****     hcryp->Instance->DR = *(uint32_t*)(inputaddr);
 476              		.loc 1 1595 5 is_stmt 1 view .LVU158
 477              	.LVL44:
1596:/home/pacl/Documents/Repository/chipwhisperer/firmware/mcu/hal/chipwhisperer-fw-extra/stm32f4/stm32f4_hal_lowlevel.c ****     inputaddr+=4U;
 478              		.loc 1 1596 5 view .LVU159
1596:/home/pacl/Documents/Repository/chipwhisperer/firmware/mcu/hal/chipwhisperer-fw-extra/stm32f4/stm32f4_hal_lowlevel.c ****     inputaddr+=4U;
 479              		.loc 1 1596 27 is_stmt 0 view .LVU160
 480 0030 56F80C3C 		ldr	r3, [r6, #-12]
1596:/home/pacl/Documents/Repository/chipwhisperer/firmware/mcu/hal/chipwhisperer-fw-extra/stm32f4/stm32f4_hal_lowlevel.c ****     inputaddr+=4U;
 481              		.loc 1 1596 25 view .LVU161
 482 0034 A360     		str	r3, [r4, #8]
1597:/home/pacl/Documents/Repository/chipwhisperer/firmware/mcu/hal/chipwhisperer-fw-extra/stm32f4/stm32f4_hal_lowlevel.c ****     hcryp->Instance->DR  = *(uint32_t*)(inputaddr);
 483              		.loc 1 1597 5 is_stmt 1 view .LVU162
 484              	.LVL45:
1598:/home/pacl/Documents/Repository/chipwhisperer/firmware/mcu/hal/chipwhisperer-fw-extra/stm32f4/stm32f4_hal_lowlevel.c ****     inputaddr+=4U;
 485              		.loc 1 1598 5 view .LVU163
1598:/home/pacl/Documents/Repository/chipwhisperer/firmware/mcu/hal/chipwhisperer-fw-extra/stm32f4/stm32f4_hal_lowlevel.c ****     inputaddr+=4U;
 486              		.loc 1 1598 28 is_stmt 0 view .LVU164
 487 0036 56F8083C 		ldr	r3, [r6, #-8]
1598:/home/pacl/Documents/Repository/chipwhisperer/firmware/mcu/hal/chipwhisperer-fw-extra/stm32f4/stm32f4_hal_lowlevel.c ****     inputaddr+=4U;
 488              		.loc 1 1598 26 view .LVU165
 489 003a A360     		str	r3, [r4, #8]
1599:/home/pacl/Documents/Repository/chipwhisperer/firmware/mcu/hal/chipwhisperer-fw-extra/stm32f4/stm32f4_hal_lowlevel.c ****     hcryp->Instance->DR = *(uint32_t*)(inputaddr);
 490              		.loc 1 1599 5 is_stmt 1 view .LVU166
 491              	.LVL46:
1600:/home/pacl/Documents/Repository/chipwhisperer/firmware/mcu/hal/chipwhisperer-fw-extra/stm32f4/stm32f4_hal_lowlevel.c ****     inputaddr+=4U;
 492              		.loc 1 1600 5 view .LVU167
1600:/home/pacl/Documents/Repository/chipwhisperer/firmware/mcu/hal/chipwhisperer-fw-extra/stm32f4/stm32f4_hal_lowlevel.c ****     inputaddr+=4U;
 493              		.loc 1 1600 27 is_stmt 0 view .LVU168
 494 003c 56F8043C 		ldr	r3, [r6, #-4]
1600:/home/pacl/Documents/Repository/chipwhisperer/firmware/mcu/hal/chipwhisperer-fw-extra/stm32f4/stm32f4_hal_lowlevel.c ****     inputaddr+=4U;
 495              		.loc 1 1600 25 view .LVU169
 496 0040 A360     		str	r3, [r4, #8]
1601:/home/pacl/Documents/Repository/chipwhisperer/firmware/mcu/hal/chipwhisperer-fw-extra/stm32f4/stm32f4_hal_lowlevel.c ****     
 497              		.loc 1 1601 5 is_stmt 1 view .LVU170
 498              	.LVL47:
1604:/home/pacl/Documents/Repository/chipwhisperer/firmware/mcu/hal/chipwhisperer-fw-extra/stm32f4/stm32f4_hal_lowlevel.c **** 
 499              		.loc 1 1604 5 view .LVU171
1604:/home/pacl/Documents/Repository/chipwhisperer/firmware/mcu/hal/chipwhisperer-fw-extra/stm32f4/stm32f4_hal_lowlevel.c **** 
 500              		.loc 1 1604 17 is_stmt 0 view .LVU172
 501 0042 FFF7FEFF 		bl	HAL_GetTick
 502              	.LVL48:
 503 0046 8246     		mov	r10, r0
 504              	.LVL49:
1606:/home/pacl/Documents/Repository/chipwhisperer/firmware/mcu/hal/chipwhisperer-fw-extra/stm32f4/stm32f4_hal_lowlevel.c ****     {    
 505              		.loc 1 1606 5 is_stmt 1 view .LVU173
 506              	.L13:
1606:/home/pacl/Documents/Repository/chipwhisperer/firmware/mcu/hal/chipwhisperer-fw-extra/stm32f4/stm32f4_hal_lowlevel.c ****     {    
 507              		.loc 1 1606 11 view .LVU174
 508 0048 6368     		ldr	r3, [r4, #4]
 509 004a 5B07     		lsls	r3, r3, #29
 510 004c 0ED5     		bpl	.L17
1624:/home/pacl/Documents/Repository/chipwhisperer/firmware/mcu/hal/chipwhisperer-fw-extra/stm32f4/stm32f4_hal_lowlevel.c ****     outputaddr+=4U;
 511              		.loc 1 1624 5 view .LVU175
1624:/home/pacl/Documents/Repository/chipwhisperer/firmware/mcu/hal/chipwhisperer-fw-extra/stm32f4/stm32f4_hal_lowlevel.c ****     outputaddr+=4U;
 512              		.loc 1 1624 47 is_stmt 0 view .LVU176
 513 004e E368     		ldr	r3, [r4, #12]
1624:/home/pacl/Documents/Repository/chipwhisperer/firmware/mcu/hal/chipwhisperer-fw-extra/stm32f4/stm32f4_hal_lowlevel.c ****     outputaddr+=4U;
 514              		.loc 1 1624 30 view .LVU177
 515 0050 45F8103C 		str	r3, [r5, #-16]
1625:/home/pacl/Documents/Repository/chipwhisperer/firmware/mcu/hal/chipwhisperer-fw-extra/stm32f4/stm32f4_hal_lowlevel.c ****     *(uint32_t*)(outputaddr) = hcryp->Instance->DOUT;
 516              		.loc 1 1625 5 is_stmt 1 view .LVU178
1626:/home/pacl/Documents/Repository/chipwhisperer/firmware/mcu/hal/chipwhisperer-fw-extra/stm32f4/stm32f4_hal_lowlevel.c ****     outputaddr+=4U;
 517              		.loc 1 1626 5 view .LVU179
1626:/home/pacl/Documents/Repository/chipwhisperer/firmware/mcu/hal/chipwhisperer-fw-extra/stm32f4/stm32f4_hal_lowlevel.c ****     outputaddr+=4U;
 518              		.loc 1 1626 47 is_stmt 0 view .LVU180
 519 0054 E368     		ldr	r3, [r4, #12]
1626:/home/pacl/Documents/Repository/chipwhisperer/firmware/mcu/hal/chipwhisperer-fw-extra/stm32f4/stm32f4_hal_lowlevel.c ****     outputaddr+=4U;
 520              		.loc 1 1626 30 view .LVU181
 521 0056 45F80C3C 		str	r3, [r5, #-12]
1627:/home/pacl/Documents/Repository/chipwhisperer/firmware/mcu/hal/chipwhisperer-fw-extra/stm32f4/stm32f4_hal_lowlevel.c ****     *(uint32_t*)(outputaddr) = hcryp->Instance->DOUT;
 522              		.loc 1 1627 5 is_stmt 1 view .LVU182
1628:/home/pacl/Documents/Repository/chipwhisperer/firmware/mcu/hal/chipwhisperer-fw-extra/stm32f4/stm32f4_hal_lowlevel.c ****     outputaddr+=4U;
 523              		.loc 1 1628 5 view .LVU183
1628:/home/pacl/Documents/Repository/chipwhisperer/firmware/mcu/hal/chipwhisperer-fw-extra/stm32f4/stm32f4_hal_lowlevel.c ****     outputaddr+=4U;
 524              		.loc 1 1628 47 is_stmt 0 view .LVU184
 525 005a E368     		ldr	r3, [r4, #12]
1628:/home/pacl/Documents/Repository/chipwhisperer/firmware/mcu/hal/chipwhisperer-fw-extra/stm32f4/stm32f4_hal_lowlevel.c ****     outputaddr+=4U;
 526              		.loc 1 1628 30 view .LVU185
 527 005c 45F8083C 		str	r3, [r5, #-8]
1629:/home/pacl/Documents/Repository/chipwhisperer/firmware/mcu/hal/chipwhisperer-fw-extra/stm32f4/stm32f4_hal_lowlevel.c ****     *(uint32_t*)(outputaddr) = hcryp->Instance->DOUT;
 528              		.loc 1 1629 5 is_stmt 1 view .LVU186
1630:/home/pacl/Documents/Repository/chipwhisperer/firmware/mcu/hal/chipwhisperer-fw-extra/stm32f4/stm32f4_hal_lowlevel.c ****     outputaddr+=4U;
 529              		.loc 1 1630 5 view .LVU187
1630:/home/pacl/Documents/Repository/chipwhisperer/firmware/mcu/hal/chipwhisperer-fw-extra/stm32f4/stm32f4_hal_lowlevel.c ****     outputaddr+=4U;
 530              		.loc 1 1630 47 is_stmt 0 view .LVU188
 531 0060 E368     		ldr	r3, [r4, #12]
1630:/home/pacl/Documents/Repository/chipwhisperer/firmware/mcu/hal/chipwhisperer-fw-extra/stm32f4/stm32f4_hal_lowlevel.c ****     outputaddr+=4U;
 532              		.loc 1 1630 30 view .LVU189
 533 0062 45F8043C 		str	r3, [r5, #-4]
1631:/home/pacl/Documents/Repository/chipwhisperer/firmware/mcu/hal/chipwhisperer-fw-extra/stm32f4/stm32f4_hal_lowlevel.c ****   }
 534              		.loc 1 1631 5 is_stmt 1 view .LVU190
1591:/home/pacl/Documents/Repository/chipwhisperer/firmware/mcu/hal/chipwhisperer-fw-extra/stm32f4/stm32f4_hal_lowlevel.c ****   {
 535              		.loc 1 1591 29 discriminator 2 view .LVU191
1591:/home/pacl/Documents/Repository/chipwhisperer/firmware/mcu/hal/chipwhisperer-fw-extra/stm32f4/stm32f4_hal_lowlevel.c ****   {
 536              		.loc 1 1591 29 is_stmt 0 discriminator 2 view .LVU192
 537 0066 1036     		adds	r6, r6, #16
 538              	.LVL50:
1591:/home/pacl/Documents/Repository/chipwhisperer/firmware/mcu/hal/chipwhisperer-fw-extra/stm32f4/stm32f4_hal_lowlevel.c ****   {
 539              		.loc 1 1591 29 discriminator 2 view .LVU193
 540 0068 1035     		adds	r5, r5, #16
 541 006a D8E7     		b	.L11
 542              	.LVL51:
 543              	.L17:
1609:/home/pacl/Documents/Repository/chipwhisperer/firmware/mcu/hal/chipwhisperer-fw-extra/stm32f4/stm32f4_hal_lowlevel.c ****       {
 544              		.loc 1 1609 7 is_stmt 1 view .LVU194
1609:/home/pacl/Documents/Repository/chipwhisperer/firmware/mcu/hal/chipwhisperer-fw-extra/stm32f4/stm32f4_hal_lowlevel.c ****       {
 545              		.loc 1 1609 9 is_stmt 0 view .LVU195
 546 006c B9F1FF3F 		cmp	r9, #-1
 547 0070 EAD0     		beq	.L13
1611:/home/pacl/Documents/Repository/chipwhisperer/firmware/mcu/hal/chipwhisperer-fw-extra/stm32f4/stm32f4_hal_lowlevel.c ****         {
 548              		.loc 1 1611 9 is_stmt 1 view .LVU196
1611:/home/pacl/Documents/Repository/chipwhisperer/firmware/mcu/hal/chipwhisperer-fw-extra/stm32f4/stm32f4_hal_lowlevel.c ****         {
 549              		.loc 1 1611 11 is_stmt 0 view .LVU197
 550 0072 B9F1000F 		cmp	r9, #0
 551 0076 07D1     		bne	.L14
 552              	.L16:
1614:/home/pacl/Documents/Repository/chipwhisperer/firmware/mcu/hal/chipwhisperer-fw-extra/stm32f4/stm32f4_hal_lowlevel.c ****           
 553              		.loc 1 1614 11 is_stmt 1 view .LVU198
1614:/home/pacl/Documents/Repository/chipwhisperer/firmware/mcu/hal/chipwhisperer-fw-extra/stm32f4/stm32f4_hal_lowlevel.c ****           
 554              		.loc 1 1614 24 is_stmt 0 view .LVU199
 555 0078 0320     		movs	r0, #3
1617:/home/pacl/Documents/Repository/chipwhisperer/firmware/mcu/hal/chipwhisperer-fw-extra/stm32f4/stm32f4_hal_lowlevel.c ****         
 556              		.loc 1 1617 11 view .LVU200
 557 007a 0023     		movs	r3, #0
1614:/home/pacl/Documents/Repository/chipwhisperer/firmware/mcu/hal/chipwhisperer-fw-extra/stm32f4/stm32f4_hal_lowlevel.c ****           
 558              		.loc 1 1614 24 view .LVU201
 559 007c 87F83D00 		strb	r0, [r7, #61]
1617:/home/pacl/Documents/Repository/chipwhisperer/firmware/mcu/hal/chipwhisperer-fw-extra/stm32f4/stm32f4_hal_lowlevel.c ****         
 560              		.loc 1 1617 11 is_stmt 1 view .LVU202
1617:/home/pacl/Documents/Repository/chipwhisperer/firmware/mcu/hal/chipwhisperer-fw-extra/stm32f4/stm32f4_hal_lowlevel.c ****         
 561              		.loc 1 1617 11 view .LVU203
 562 0080 87F83C30 		strb	r3, [r7, #60]
1617:/home/pacl/Documents/Repository/chipwhisperer/firmware/mcu/hal/chipwhisperer-fw-extra/stm32f4/stm32f4_hal_lowlevel.c ****         
 563              		.loc 1 1617 11 view .LVU204
1619:/home/pacl/Documents/Repository/chipwhisperer/firmware/mcu/hal/chipwhisperer-fw-extra/stm32f4/stm32f4_hal_lowlevel.c ****         }
 564              		.loc 1 1619 11 view .LVU205
 565              	.LVL52:
 566              	.L15:
1635:/home/pacl/Documents/Repository/chipwhisperer/firmware/mcu/hal/chipwhisperer-fw-extra/stm32f4/stm32f4_hal_lowlevel.c **** }
 567              		.loc 1 1635 1 is_stmt 0 view .LVU206
 568 0084 BDE8F087 		pop	{r4, r5, r6, r7, r8, r9, r10, pc}
 569              	.LVL53:
 570              	.L14:
1611:/home/pacl/Documents/Repository/chipwhisperer/firmware/mcu/hal/chipwhisperer-fw-extra/stm32f4/stm32f4_hal_lowlevel.c ****         {
 571              		.loc 1 1611 31 discriminator 1 view .LVU207
 572 0088 FFF7FEFF 		bl	HAL_GetTick
 573              	.LVL54:
1611:/home/pacl/Documents/Repository/chipwhisperer/firmware/mcu/hal/chipwhisperer-fw-extra/stm32f4/stm32f4_hal_lowlevel.c ****         {
 574              		.loc 1 1611 45 discriminator 1 view .LVU208
 575 008c A0EB0A00 		sub	r0, r0, r10
1611:/home/pacl/Documents/Repository/chipwhisperer/firmware/mcu/hal/chipwhisperer-fw-extra/stm32f4/stm32f4_hal_lowlevel.c ****         {
 576              		.loc 1 1611 27 discriminator 1 view .LVU209
 577 0090 4845     		cmp	r0, r9
 578 0092 D9D9     		bls	.L13
 579 0094 F0E7     		b	.L16
 580              		.cfi_endproc
 581              	.LFE140:
 583              		.section	.text.RCC_AHB2PeriphClockCmd,"ax",%progbits
 584              		.align	1
 585              		.global	RCC_AHB2PeriphClockCmd
 586              		.syntax unified
 587              		.thumb
 588              		.thumb_func
 590              	RCC_AHB2PeriphClockCmd:
 591              	.LVL55:
 592              	.LFB127:
  75:/home/pacl/Documents/Repository/chipwhisperer/firmware/mcu/hal/chipwhisperer-fw-extra/stm32f4/stm32f4_hal_lowlevel.c ****   /* Check the parameters */
 593              		.loc 1 75 1 is_stmt 1 view -0
 594              		.cfi_startproc
 595              		@ args = 0, pretend = 0, frame = 0
 596              		@ frame_needed = 0, uses_anonymous_args = 0
 597              		@ link register save eliminated.
  77:/home/pacl/Documents/Repository/chipwhisperer/firmware/mcu/hal/chipwhisperer-fw-extra/stm32f4/stm32f4_hal_lowlevel.c ****   assert_param(IS_FUNCTIONAL_STATE(NewState));
 598              		.loc 1 77 3 view .LVU211
  78:/home/pacl/Documents/Repository/chipwhisperer/firmware/mcu/hal/chipwhisperer-fw-extra/stm32f4/stm32f4_hal_lowlevel.c **** 
 599              		.loc 1 78 3 view .LVU212
  80:/home/pacl/Documents/Repository/chipwhisperer/firmware/mcu/hal/chipwhisperer-fw-extra/stm32f4/stm32f4_hal_lowlevel.c ****   {
 600              		.loc 1 80 3 view .LVU213
 601 0000 044B     		ldr	r3, .L25
  82:/home/pacl/Documents/Repository/chipwhisperer/firmware/mcu/hal/chipwhisperer-fw-extra/stm32f4/stm32f4_hal_lowlevel.c ****   }
 602              		.loc 1 82 8 is_stmt 0 view .LVU214
 603 0002 5A6B     		ldr	r2, [r3, #52]
  80:/home/pacl/Documents/Repository/chipwhisperer/firmware/mcu/hal/chipwhisperer-fw-extra/stm32f4/stm32f4_hal_lowlevel.c ****   {
 604              		.loc 1 80 6 view .LVU215
 605 0004 11B1     		cbz	r1, .L22
  82:/home/pacl/Documents/Repository/chipwhisperer/firmware/mcu/hal/chipwhisperer-fw-extra/stm32f4/stm32f4_hal_lowlevel.c ****   }
 606              		.loc 1 82 5 is_stmt 1 view .LVU216
  82:/home/pacl/Documents/Repository/chipwhisperer/firmware/mcu/hal/chipwhisperer-fw-extra/stm32f4/stm32f4_hal_lowlevel.c ****   }
 607              		.loc 1 82 18 is_stmt 0 view .LVU217
 608 0006 0243     		orrs	r2, r2, r0
 609              	.L24:
  86:/home/pacl/Documents/Repository/chipwhisperer/firmware/mcu/hal/chipwhisperer-fw-extra/stm32f4/stm32f4_hal_lowlevel.c ****   }
 610              		.loc 1 86 18 view .LVU218
 611 0008 5A63     		str	r2, [r3, #52]
  88:/home/pacl/Documents/Repository/chipwhisperer/firmware/mcu/hal/chipwhisperer-fw-extra/stm32f4/stm32f4_hal_lowlevel.c **** 
 612              		.loc 1 88 1 view .LVU219
 613 000a 7047     		bx	lr
 614              	.L22:
  86:/home/pacl/Documents/Repository/chipwhisperer/firmware/mcu/hal/chipwhisperer-fw-extra/stm32f4/stm32f4_hal_lowlevel.c ****   }
 615              		.loc 1 86 5 is_stmt 1 view .LVU220
  86:/home/pacl/Documents/Repository/chipwhisperer/firmware/mcu/hal/chipwhisperer-fw-extra/stm32f4/stm32f4_hal_lowlevel.c ****   }
 616              		.loc 1 86 18 is_stmt 0 view .LVU221
 617 000c 22EA0002 		bic	r2, r2, r0
 618 0010 FAE7     		b	.L24
 619              	.L26:
 620 0012 00BF     		.align	2
 621              	.L25:
 622 0014 00380240 		.word	1073887232
 623              		.cfi_endproc
 624              	.LFE127:
 626              		.section	.text.HAL_RCC_OscConfig,"ax",%progbits
 627              		.align	1
 628              		.global	HAL_RCC_OscConfig
 629              		.syntax unified
 630              		.thumb
 631              		.thumb_func
 633              	HAL_RCC_OscConfig:
 634              	.LVL56:
 635              	.LFB128:
 105:/home/pacl/Documents/Repository/chipwhisperer/firmware/mcu/hal/chipwhisperer-fw-extra/stm32f4/stm32f4_hal_lowlevel.c ****   uint32_t tickstart = 0U;
 636              		.loc 1 105 1 is_stmt 1 view -0
 637              		.cfi_startproc
 638              		@ args = 0, pretend = 0, frame = 8
 639              		@ frame_needed = 0, uses_anonymous_args = 0
 106:/home/pacl/Documents/Repository/chipwhisperer/firmware/mcu/hal/chipwhisperer-fw-extra/stm32f4/stm32f4_hal_lowlevel.c **** 
 640              		.loc 1 106 3 view .LVU223
 109:/home/pacl/Documents/Repository/chipwhisperer/firmware/mcu/hal/chipwhisperer-fw-extra/stm32f4/stm32f4_hal_lowlevel.c ****   /*------------------------------- HSE Configuration ------------------------*/
 641              		.loc 1 109 3 view .LVU224
 111:/home/pacl/Documents/Repository/chipwhisperer/firmware/mcu/hal/chipwhisperer-fw-extra/stm32f4/stm32f4_hal_lowlevel.c ****   {
 642              		.loc 1 111 3 view .LVU225
 111:/home/pacl/Documents/Repository/chipwhisperer/firmware/mcu/hal/chipwhisperer-fw-extra/stm32f4/stm32f4_hal_lowlevel.c ****   {
 643              		.loc 1 111 43 is_stmt 0 view .LVU226
 644 0000 0368     		ldr	r3, [r0]
 105:/home/pacl/Documents/Repository/chipwhisperer/firmware/mcu/hal/chipwhisperer-fw-extra/stm32f4/stm32f4_hal_lowlevel.c ****   uint32_t tickstart = 0U;
 645              		.loc 1 105 1 view .LVU227
 646 0002 73B5     		push	{r0, r1, r4, r5, r6, lr}
 647              	.LCFI1:
 648              		.cfi_def_cfa_offset 24
 649              		.cfi_offset 4, -16
 650              		.cfi_offset 5, -12
 651              		.cfi_offset 6, -8
 652              		.cfi_offset 14, -4
 111:/home/pacl/Documents/Repository/chipwhisperer/firmware/mcu/hal/chipwhisperer-fw-extra/stm32f4/stm32f4_hal_lowlevel.c ****   {
 653              		.loc 1 111 5 view .LVU228
 654 0004 DE07     		lsls	r6, r3, #31
 105:/home/pacl/Documents/Repository/chipwhisperer/firmware/mcu/hal/chipwhisperer-fw-extra/stm32f4/stm32f4_hal_lowlevel.c ****   uint32_t tickstart = 0U;
 655              		.loc 1 105 1 view .LVU229
 656 0006 0146     		mov	r1, r0
 111:/home/pacl/Documents/Repository/chipwhisperer/firmware/mcu/hal/chipwhisperer-fw-extra/stm32f4/stm32f4_hal_lowlevel.c ****   {
 657              		.loc 1 111 5 view .LVU230
 658 0008 3BD4     		bmi	.L28
 659              	.LVL57:
 660              	.L33:
 161:/home/pacl/Documents/Repository/chipwhisperer/firmware/mcu/hal/chipwhisperer-fw-extra/stm32f4/stm32f4_hal_lowlevel.c ****   {
 661              		.loc 1 161 3 is_stmt 1 view .LVU231
 161:/home/pacl/Documents/Repository/chipwhisperer/firmware/mcu/hal/chipwhisperer-fw-extra/stm32f4/stm32f4_hal_lowlevel.c ****   {
 662              		.loc 1 161 43 is_stmt 0 view .LVU232
 663 000a 0B68     		ldr	r3, [r1]
 161:/home/pacl/Documents/Repository/chipwhisperer/firmware/mcu/hal/chipwhisperer-fw-extra/stm32f4/stm32f4_hal_lowlevel.c ****   {
 664              		.loc 1 161 5 view .LVU233
 665 000c 9D07     		lsls	r5, r3, #30
 666 000e 00F18880 		bmi	.L29
 667              	.L44:
 226:/home/pacl/Documents/Repository/chipwhisperer/firmware/mcu/hal/chipwhisperer-fw-extra/stm32f4/stm32f4_hal_lowlevel.c ****   {
 668              		.loc 1 226 3 is_stmt 1 view .LVU234
 226:/home/pacl/Documents/Repository/chipwhisperer/firmware/mcu/hal/chipwhisperer-fw-extra/stm32f4/stm32f4_hal_lowlevel.c ****   {
 669              		.loc 1 226 43 is_stmt 0 view .LVU235
 670 0012 0B68     		ldr	r3, [r1]
 226:/home/pacl/Documents/Repository/chipwhisperer/firmware/mcu/hal/chipwhisperer-fw-extra/stm32f4/stm32f4_hal_lowlevel.c ****   {
 671              		.loc 1 226 5 view .LVU236
 672 0014 1807     		lsls	r0, r3, #28
 673 0016 00F1D380 		bmi	.L54
 674              	.L60:
 268:/home/pacl/Documents/Repository/chipwhisperer/firmware/mcu/hal/chipwhisperer-fw-extra/stm32f4/stm32f4_hal_lowlevel.c ****   {
 675              		.loc 1 268 3 is_stmt 1 view .LVU237
 268:/home/pacl/Documents/Repository/chipwhisperer/firmware/mcu/hal/chipwhisperer-fw-extra/stm32f4/stm32f4_hal_lowlevel.c ****   {
 676              		.loc 1 268 43 is_stmt 0 view .LVU238
 677 001a 0B68     		ldr	r3, [r1]
 268:/home/pacl/Documents/Repository/chipwhisperer/firmware/mcu/hal/chipwhisperer-fw-extra/stm32f4/stm32f4_hal_lowlevel.c ****   {
 678              		.loc 1 268 5 view .LVU239
 679 001c 5A07     		lsls	r2, r3, #29
 680 001e 2AD5     		bpl	.L56
 271:/home/pacl/Documents/Repository/chipwhisperer/firmware/mcu/hal/chipwhisperer-fw-extra/stm32f4/stm32f4_hal_lowlevel.c **** 
 681              		.loc 1 271 5 is_stmt 1 view .LVU240
 274:/home/pacl/Documents/Repository/chipwhisperer/firmware/mcu/hal/chipwhisperer-fw-extra/stm32f4/stm32f4_hal_lowlevel.c **** 
 682              		.loc 1 274 5 view .LVU241
 683              	.LBB169:
 274:/home/pacl/Documents/Repository/chipwhisperer/firmware/mcu/hal/chipwhisperer-fw-extra/stm32f4/stm32f4_hal_lowlevel.c **** 
 684              		.loc 1 274 5 view .LVU242
 685 0020 0023     		movs	r3, #0
 686 0022 0193     		str	r3, [sp, #4]
 274:/home/pacl/Documents/Repository/chipwhisperer/firmware/mcu/hal/chipwhisperer-fw-extra/stm32f4/stm32f4_hal_lowlevel.c **** 
 687              		.loc 1 274 5 view .LVU243
 688 0024 904B     		ldr	r3, .L103
 689              	.LBE169:
 277:/home/pacl/Documents/Repository/chipwhisperer/firmware/mcu/hal/chipwhisperer-fw-extra/stm32f4/stm32f4_hal_lowlevel.c **** 
 690              		.loc 1 277 8 is_stmt 0 view .LVU244
 691 0026 914C     		ldr	r4, .L103+4
 692              	.LBB170:
 274:/home/pacl/Documents/Repository/chipwhisperer/firmware/mcu/hal/chipwhisperer-fw-extra/stm32f4/stm32f4_hal_lowlevel.c **** 
 693              		.loc 1 274 5 view .LVU245
 694 0028 1A6C     		ldr	r2, [r3, #64]
 695 002a 42F08052 		orr	r2, r2, #268435456
 696 002e 1A64     		str	r2, [r3, #64]
 274:/home/pacl/Documents/Repository/chipwhisperer/firmware/mcu/hal/chipwhisperer-fw-extra/stm32f4/stm32f4_hal_lowlevel.c **** 
 697              		.loc 1 274 5 is_stmt 1 view .LVU246
 698 0030 1B6C     		ldr	r3, [r3, #64]
 699 0032 03F08053 		and	r3, r3, #268435456
 700 0036 0193     		str	r3, [sp, #4]
 274:/home/pacl/Documents/Repository/chipwhisperer/firmware/mcu/hal/chipwhisperer-fw-extra/stm32f4/stm32f4_hal_lowlevel.c **** 
 701              		.loc 1 274 5 view .LVU247
 702 0038 019B     		ldr	r3, [sp, #4]
 703              	.LBE170:
 274:/home/pacl/Documents/Repository/chipwhisperer/firmware/mcu/hal/chipwhisperer-fw-extra/stm32f4/stm32f4_hal_lowlevel.c **** 
 704              		.loc 1 274 5 view .LVU248
 277:/home/pacl/Documents/Repository/chipwhisperer/firmware/mcu/hal/chipwhisperer-fw-extra/stm32f4/stm32f4_hal_lowlevel.c **** 
 705              		.loc 1 277 5 view .LVU249
 277:/home/pacl/Documents/Repository/chipwhisperer/firmware/mcu/hal/chipwhisperer-fw-extra/stm32f4/stm32f4_hal_lowlevel.c **** 
 706              		.loc 1 277 8 is_stmt 0 view .LVU250
 707 003a 2368     		ldr	r3, [r4]
 277:/home/pacl/Documents/Repository/chipwhisperer/firmware/mcu/hal/chipwhisperer-fw-extra/stm32f4/stm32f4_hal_lowlevel.c **** 
 708              		.loc 1 277 13 view .LVU251
 709 003c 43F48073 		orr	r3, r3, #256
 710 0040 2360     		str	r3, [r4]
 280:/home/pacl/Documents/Repository/chipwhisperer/firmware/mcu/hal/chipwhisperer-fw-extra/stm32f4/stm32f4_hal_lowlevel.c **** 
 711              		.loc 1 280 5 is_stmt 1 view .LVU252
 280:/home/pacl/Documents/Repository/chipwhisperer/firmware/mcu/hal/chipwhisperer-fw-extra/stm32f4/stm32f4_hal_lowlevel.c **** 
 712              		.loc 1 280 17 is_stmt 0 view .LVU253
 713 0042 FFF7FEFF 		bl	HAL_GetTick
 714              	.LVL58:
 715 0046 0546     		mov	r5, r0
 716              	.LVL59:
 282:/home/pacl/Documents/Repository/chipwhisperer/firmware/mcu/hal/chipwhisperer-fw-extra/stm32f4/stm32f4_hal_lowlevel.c ****     {
 717              		.loc 1 282 5 is_stmt 1 view .LVU254
 718              	.L65:
 282:/home/pacl/Documents/Repository/chipwhisperer/firmware/mcu/hal/chipwhisperer-fw-extra/stm32f4/stm32f4_hal_lowlevel.c ****     {
 719              		.loc 1 282 34 view .LVU255
 282:/home/pacl/Documents/Repository/chipwhisperer/firmware/mcu/hal/chipwhisperer-fw-extra/stm32f4/stm32f4_hal_lowlevel.c ****     {
 720              		.loc 1 282 15 is_stmt 0 view .LVU256
 721 0048 2368     		ldr	r3, [r4]
 282:/home/pacl/Documents/Repository/chipwhisperer/firmware/mcu/hal/chipwhisperer-fw-extra/stm32f4/stm32f4_hal_lowlevel.c ****     {
 722              		.loc 1 282 34 view .LVU257
 723 004a D805     		lsls	r0, r3, #23
 724 004c 40F1DC80 		bpl	.L66
 291:/home/pacl/Documents/Repository/chipwhisperer/firmware/mcu/hal/chipwhisperer-fw-extra/stm32f4/stm32f4_hal_lowlevel.c ****     /* Check the LSE State */
 725              		.loc 1 291 5 is_stmt 1 view .LVU258
 291:/home/pacl/Documents/Repository/chipwhisperer/firmware/mcu/hal/chipwhisperer-fw-extra/stm32f4/stm32f4_hal_lowlevel.c ****     /* Check the LSE State */
 726              		.loc 1 291 5 view .LVU259
 727 0050 8B68     		ldr	r3, [r1, #8]
 728 0052 854C     		ldr	r4, .L103
 729 0054 012B     		cmp	r3, #1
 730 0056 40F0DE80 		bne	.L67
 731              	.L102:
 291:/home/pacl/Documents/Repository/chipwhisperer/firmware/mcu/hal/chipwhisperer-fw-extra/stm32f4/stm32f4_hal_lowlevel.c ****     /* Check the LSE State */
 732              		.loc 1 291 5 discriminator 4 view .LVU260
 733 005a 236F     		ldr	r3, [r4, #112]
 734 005c 43F00103 		orr	r3, r3, #1
 735 0060 2367     		str	r3, [r4, #112]
 291:/home/pacl/Documents/Repository/chipwhisperer/firmware/mcu/hal/chipwhisperer-fw-extra/stm32f4/stm32f4_hal_lowlevel.c ****     /* Check the LSE State */
 736              		.loc 1 291 5 discriminator 7 view .LVU261
 293:/home/pacl/Documents/Repository/chipwhisperer/firmware/mcu/hal/chipwhisperer-fw-extra/stm32f4/stm32f4_hal_lowlevel.c ****     {
 737              		.loc 1 293 5 view .LVU262
 738              	.L68:
 296:/home/pacl/Documents/Repository/chipwhisperer/firmware/mcu/hal/chipwhisperer-fw-extra/stm32f4/stm32f4_hal_lowlevel.c **** 
 739              		.loc 1 296 7 view .LVU263
 296:/home/pacl/Documents/Repository/chipwhisperer/firmware/mcu/hal/chipwhisperer-fw-extra/stm32f4/stm32f4_hal_lowlevel.c **** 
 740              		.loc 1 296 19 is_stmt 0 view .LVU264
 741 0062 FFF7FEFF 		bl	HAL_GetTick
 742              	.LVL60:
 299:/home/pacl/Documents/Repository/chipwhisperer/firmware/mcu/hal/chipwhisperer-fw-extra/stm32f4/stm32f4_hal_lowlevel.c ****       {
 743              		.loc 1 299 13 view .LVU265
 744 0066 804D     		ldr	r5, .L103
 745              	.LVL61:
 296:/home/pacl/Documents/Repository/chipwhisperer/firmware/mcu/hal/chipwhisperer-fw-extra/stm32f4/stm32f4_hal_lowlevel.c **** 
 746              		.loc 1 296 19 view .LVU266
 747 0068 0446     		mov	r4, r0
 748              	.LVL62:
 299:/home/pacl/Documents/Repository/chipwhisperer/firmware/mcu/hal/chipwhisperer-fw-extra/stm32f4/stm32f4_hal_lowlevel.c ****       {
 749              		.loc 1 299 7 is_stmt 1 view .LVU267
 301:/home/pacl/Documents/Repository/chipwhisperer/firmware/mcu/hal/chipwhisperer-fw-extra/stm32f4/stm32f4_hal_lowlevel.c ****         {
 750              		.loc 1 301 11 is_stmt 0 discriminator 1 view .LVU268
 751 006a 41F28836 		movw	r6, #5000
 752              	.LVL63:
 753              	.L71:
 299:/home/pacl/Documents/Repository/chipwhisperer/firmware/mcu/hal/chipwhisperer-fw-extra/stm32f4/stm32f4_hal_lowlevel.c ****       {
 754              		.loc 1 299 49 is_stmt 1 view .LVU269
 299:/home/pacl/Documents/Repository/chipwhisperer/firmware/mcu/hal/chipwhisperer-fw-extra/stm32f4/stm32f4_hal_lowlevel.c ****       {
 755              		.loc 1 299 13 is_stmt 0 view .LVU270
 756 006e 2B6F     		ldr	r3, [r5, #112]
 299:/home/pacl/Documents/Repository/chipwhisperer/firmware/mcu/hal/chipwhisperer-fw-extra/stm32f4/stm32f4_hal_lowlevel.c ****       {
 757              		.loc 1 299 49 view .LVU271
 758 0070 9A07     		lsls	r2, r3, #30
 759 0072 40F1F180 		bpl	.L72
 760              	.LVL64:
 761              	.L56:
 324:/home/pacl/Documents/Repository/chipwhisperer/firmware/mcu/hal/chipwhisperer-fw-extra/stm32f4/stm32f4_hal_lowlevel.c ****   if ((RCC_OscInitStruct->PLL.PLLState) != RCC_PLL_NONE)
 762              		.loc 1 324 3 is_stmt 1 view .LVU272
 325:/home/pacl/Documents/Repository/chipwhisperer/firmware/mcu/hal/chipwhisperer-fw-extra/stm32f4/stm32f4_hal_lowlevel.c ****   {
 763              		.loc 1 325 3 view .LVU273
 325:/home/pacl/Documents/Repository/chipwhisperer/firmware/mcu/hal/chipwhisperer-fw-extra/stm32f4/stm32f4_hal_lowlevel.c ****   {
 764              		.loc 1 325 30 is_stmt 0 view .LVU274
 765 0076 8A69     		ldr	r2, [r1, #24]
 325:/home/pacl/Documents/Repository/chipwhisperer/firmware/mcu/hal/chipwhisperer-fw-extra/stm32f4/stm32f4_hal_lowlevel.c ****   {
 766              		.loc 1 325 6 view .LVU275
 767 0078 002A     		cmp	r2, #0
 768 007a 40F0FD80 		bne	.L63
 769              	.LVL65:
 770              	.L64:
 398:/home/pacl/Documents/Repository/chipwhisperer/firmware/mcu/hal/chipwhisperer-fw-extra/stm32f4/stm32f4_hal_lowlevel.c **** }
 771              		.loc 1 398 10 view .LVU276
 772 007e 0020     		movs	r0, #0
 773 0080 15E0     		b	.L34
 774              	.LVL66:
 775              	.L28:
 114:/home/pacl/Documents/Repository/chipwhisperer/firmware/mcu/hal/chipwhisperer-fw-extra/stm32f4/stm32f4_hal_lowlevel.c ****     /* When the HSE is used as system clock or clock source for PLL in these cases HSE will not dis
 776              		.loc 1 114 5 is_stmt 1 view .LVU277
 116:/home/pacl/Documents/Repository/chipwhisperer/firmware/mcu/hal/chipwhisperer-fw-extra/stm32f4/stm32f4_hal_lowlevel.c ****       ((__HAL_RCC_GET_SYSCLK_SOURCE() == RCC_CFGR_SWS_PLL) && ((RCC->PLLCFGR & RCC_PLLCFGR_PLLSRC) 
 777              		.loc 1 116 5 view .LVU278
 116:/home/pacl/Documents/Repository/chipwhisperer/firmware/mcu/hal/chipwhisperer-fw-extra/stm32f4/stm32f4_hal_lowlevel.c ****       ((__HAL_RCC_GET_SYSCLK_SOURCE() == RCC_CFGR_SWS_PLL) && ((RCC->PLLCFGR & RCC_PLLCFGR_PLLSRC) 
 778              		.loc 1 116 9 is_stmt 0 view .LVU279
 779 0082 794B     		ldr	r3, .L103
 780 0084 9A68     		ldr	r2, [r3, #8]
 781 0086 02F00C02 		and	r2, r2, #12
 116:/home/pacl/Documents/Repository/chipwhisperer/firmware/mcu/hal/chipwhisperer-fw-extra/stm32f4/stm32f4_hal_lowlevel.c ****       ((__HAL_RCC_GET_SYSCLK_SOURCE() == RCC_CFGR_SWS_PLL) && ((RCC->PLLCFGR & RCC_PLLCFGR_PLLSRC) 
 782              		.loc 1 116 7 view .LVU280
 783 008a 042A     		cmp	r2, #4
 784 008c 07D0     		beq	.L31
 117:/home/pacl/Documents/Repository/chipwhisperer/firmware/mcu/hal/chipwhisperer-fw-extra/stm32f4/stm32f4_hal_lowlevel.c ****     {
 785              		.loc 1 117 9 view .LVU281
 786 008e 9A68     		ldr	r2, [r3, #8]
 787 0090 02F00C02 		and	r2, r2, #12
 116:/home/pacl/Documents/Repository/chipwhisperer/firmware/mcu/hal/chipwhisperer-fw-extra/stm32f4/stm32f4_hal_lowlevel.c ****       ((__HAL_RCC_GET_SYSCLK_SOURCE() == RCC_CFGR_SWS_PLL) && ((RCC->PLLCFGR & RCC_PLLCFGR_PLLSRC) 
 788              		.loc 1 116 60 discriminator 1 view .LVU282
 789 0094 082A     		cmp	r2, #8
 790 0096 0CD1     		bne	.L32
 117:/home/pacl/Documents/Repository/chipwhisperer/firmware/mcu/hal/chipwhisperer-fw-extra/stm32f4/stm32f4_hal_lowlevel.c ****     {
 791              		.loc 1 117 68 view .LVU283
 792 0098 5B68     		ldr	r3, [r3, #4]
 117:/home/pacl/Documents/Repository/chipwhisperer/firmware/mcu/hal/chipwhisperer-fw-extra/stm32f4/stm32f4_hal_lowlevel.c ****     {
 793              		.loc 1 117 60 view .LVU284
 794 009a 5C02     		lsls	r4, r3, #9
 795 009c 09D5     		bpl	.L32
 796              	.L31:
 119:/home/pacl/Documents/Repository/chipwhisperer/firmware/mcu/hal/chipwhisperer-fw-extra/stm32f4/stm32f4_hal_lowlevel.c ****       {
 797              		.loc 1 119 7 is_stmt 1 view .LVU285
 119:/home/pacl/Documents/Repository/chipwhisperer/firmware/mcu/hal/chipwhisperer-fw-extra/stm32f4/stm32f4_hal_lowlevel.c ****       {
 798              		.loc 1 119 11 is_stmt 0 view .LVU286
 799 009e 724B     		ldr	r3, .L103
 800 00a0 1B68     		ldr	r3, [r3]
 119:/home/pacl/Documents/Repository/chipwhisperer/firmware/mcu/hal/chipwhisperer-fw-extra/stm32f4/stm32f4_hal_lowlevel.c ****       {
 801              		.loc 1 119 9 view .LVU287
 802 00a2 9803     		lsls	r0, r3, #14
 803              	.LVL67:
 119:/home/pacl/Documents/Repository/chipwhisperer/firmware/mcu/hal/chipwhisperer-fw-extra/stm32f4/stm32f4_hal_lowlevel.c ****       {
 804              		.loc 1 119 9 view .LVU288
 805 00a4 B1D5     		bpl	.L33
 119:/home/pacl/Documents/Repository/chipwhisperer/firmware/mcu/hal/chipwhisperer-fw-extra/stm32f4/stm32f4_hal_lowlevel.c ****       {
 806              		.loc 1 119 57 discriminator 1 view .LVU289
 807 00a6 4B68     		ldr	r3, [r1, #4]
 808 00a8 002B     		cmp	r3, #0
 809 00aa AED1     		bne	.L33
 810              	.LVL68:
 811              	.L48:
 121:/home/pacl/Documents/Repository/chipwhisperer/firmware/mcu/hal/chipwhisperer-fw-extra/stm32f4/stm32f4_hal_lowlevel.c ****       }
 812              		.loc 1 121 16 view .LVU290
 813 00ac 0120     		movs	r0, #1
 814              	.LVL69:
 815              	.L34:
 399:/home/pacl/Documents/Repository/chipwhisperer/firmware/mcu/hal/chipwhisperer-fw-extra/stm32f4/stm32f4_hal_lowlevel.c **** 
 816              		.loc 1 399 1 view .LVU291
 817 00ae 02B0     		add	sp, sp, #8
 818              	.LCFI2:
 819              		.cfi_remember_state
 820              		.cfi_def_cfa_offset 16
 821              		@ sp needed
 822 00b0 70BD     		pop	{r4, r5, r6, pc}
 823              	.LVL70:
 824              	.L32:
 825              	.LCFI3:
 826              		.cfi_restore_state
 127:/home/pacl/Documents/Repository/chipwhisperer/firmware/mcu/hal/chipwhisperer-fw-extra/stm32f4/stm32f4_hal_lowlevel.c **** 
 827              		.loc 1 127 7 is_stmt 1 view .LVU292
 127:/home/pacl/Documents/Repository/chipwhisperer/firmware/mcu/hal/chipwhisperer-fw-extra/stm32f4/stm32f4_hal_lowlevel.c **** 
 828              		.loc 1 127 7 view .LVU293
 829 00b2 4B68     		ldr	r3, [r1, #4]
 830 00b4 6C4C     		ldr	r4, .L103
 831 00b6 B3F5803F 		cmp	r3, #65536
 832 00ba 12D1     		bne	.L35
 833              	.L101:
 127:/home/pacl/Documents/Repository/chipwhisperer/firmware/mcu/hal/chipwhisperer-fw-extra/stm32f4/stm32f4_hal_lowlevel.c **** 
 834              		.loc 1 127 7 discriminator 4 view .LVU294
 835 00bc 2368     		ldr	r3, [r4]
 836 00be 43F48033 		orr	r3, r3, #65536
 837 00c2 2360     		str	r3, [r4]
 127:/home/pacl/Documents/Repository/chipwhisperer/firmware/mcu/hal/chipwhisperer-fw-extra/stm32f4/stm32f4_hal_lowlevel.c **** 
 838              		.loc 1 127 7 discriminator 7 view .LVU295
 130:/home/pacl/Documents/Repository/chipwhisperer/firmware/mcu/hal/chipwhisperer-fw-extra/stm32f4/stm32f4_hal_lowlevel.c ****       {
 839              		.loc 1 130 7 view .LVU296
 840              	.L36:
 133:/home/pacl/Documents/Repository/chipwhisperer/firmware/mcu/hal/chipwhisperer-fw-extra/stm32f4/stm32f4_hal_lowlevel.c **** 
 841              		.loc 1 133 9 view .LVU297
 133:/home/pacl/Documents/Repository/chipwhisperer/firmware/mcu/hal/chipwhisperer-fw-extra/stm32f4/stm32f4_hal_lowlevel.c **** 
 842              		.loc 1 133 21 is_stmt 0 view .LVU298
 843 00c4 FFF7FEFF 		bl	HAL_GetTick
 844              	.LVL71:
 136:/home/pacl/Documents/Repository/chipwhisperer/firmware/mcu/hal/chipwhisperer-fw-extra/stm32f4/stm32f4_hal_lowlevel.c ****         {
 845              		.loc 1 136 15 view .LVU299
 846 00c8 674D     		ldr	r5, .L103
 138:/home/pacl/Documents/Repository/chipwhisperer/firmware/mcu/hal/chipwhisperer-fw-extra/stm32f4/stm32f4_hal_lowlevel.c ****           {
 847              		.loc 1 138 13 discriminator 1 view .LVU300
 848 00ca 694E     		ldr	r6, .L103+8
 133:/home/pacl/Documents/Repository/chipwhisperer/firmware/mcu/hal/chipwhisperer-fw-extra/stm32f4/stm32f4_hal_lowlevel.c **** 
 849              		.loc 1 133 21 view .LVU301
 850 00cc 0446     		mov	r4, r0
 851              	.LVL72:
 136:/home/pacl/Documents/Repository/chipwhisperer/firmware/mcu/hal/chipwhisperer-fw-extra/stm32f4/stm32f4_hal_lowlevel.c ****         {
 852              		.loc 1 136 9 is_stmt 1 view .LVU302
 853              	.L39:
 136:/home/pacl/Documents/Repository/chipwhisperer/firmware/mcu/hal/chipwhisperer-fw-extra/stm32f4/stm32f4_hal_lowlevel.c ****         {
 854              		.loc 1 136 51 view .LVU303
 136:/home/pacl/Documents/Repository/chipwhisperer/firmware/mcu/hal/chipwhisperer-fw-extra/stm32f4/stm32f4_hal_lowlevel.c ****         {
 855              		.loc 1 136 15 is_stmt 0 view .LVU304
 856 00ce 2B68     		ldr	r3, [r5]
 136:/home/pacl/Documents/Repository/chipwhisperer/firmware/mcu/hal/chipwhisperer-fw-extra/stm32f4/stm32f4_hal_lowlevel.c ****         {
 857              		.loc 1 136 51 view .LVU305
 858 00d0 9A03     		lsls	r2, r3, #14
 859 00d2 9AD4     		bmi	.L33
 138:/home/pacl/Documents/Repository/chipwhisperer/firmware/mcu/hal/chipwhisperer-fw-extra/stm32f4/stm32f4_hal_lowlevel.c ****           {
 860              		.loc 1 138 11 is_stmt 1 view .LVU306
 138:/home/pacl/Documents/Repository/chipwhisperer/firmware/mcu/hal/chipwhisperer-fw-extra/stm32f4/stm32f4_hal_lowlevel.c ****           {
 861              		.loc 1 138 15 is_stmt 0 view .LVU307
 862 00d4 FFF7FEFF 		bl	HAL_GetTick
 863              	.LVL73:
 138:/home/pacl/Documents/Repository/chipwhisperer/firmware/mcu/hal/chipwhisperer-fw-extra/stm32f4/stm32f4_hal_lowlevel.c ****           {
 864              		.loc 1 138 29 discriminator 1 view .LVU308
 865 00d8 001B     		subs	r0, r0, r4
 138:/home/pacl/Documents/Repository/chipwhisperer/firmware/mcu/hal/chipwhisperer-fw-extra/stm32f4/stm32f4_hal_lowlevel.c ****           {
 866              		.loc 1 138 13 discriminator 1 view .LVU309
 867 00da B042     		cmp	r0, r6
 868 00dc F7D9     		bls	.L39
 869              	.LVL74:
 870              	.L42:
 140:/home/pacl/Documents/Repository/chipwhisperer/firmware/mcu/hal/chipwhisperer-fw-extra/stm32f4/stm32f4_hal_lowlevel.c ****           }
 871              		.loc 1 140 20 view .LVU310
 872 00de 0320     		movs	r0, #3
 873 00e0 E5E7     		b	.L34
 874              	.LVL75:
 875              	.L35:
 127:/home/pacl/Documents/Repository/chipwhisperer/firmware/mcu/hal/chipwhisperer-fw-extra/stm32f4/stm32f4_hal_lowlevel.c **** 
 876              		.loc 1 127 7 is_stmt 1 discriminator 2 view .LVU311
 877 00e2 B3F5A02F 		cmp	r3, #327680
 878 00e6 04D1     		bne	.L37
 127:/home/pacl/Documents/Repository/chipwhisperer/firmware/mcu/hal/chipwhisperer-fw-extra/stm32f4/stm32f4_hal_lowlevel.c **** 
 879              		.loc 1 127 7 discriminator 4 view .LVU312
 880 00e8 2368     		ldr	r3, [r4]
 881 00ea 43F48023 		orr	r3, r3, #262144
 882 00ee 2360     		str	r3, [r4]
 883 00f0 E4E7     		b	.L101
 884              	.L37:
 127:/home/pacl/Documents/Repository/chipwhisperer/firmware/mcu/hal/chipwhisperer-fw-extra/stm32f4/stm32f4_hal_lowlevel.c **** 
 885              		.loc 1 127 7 discriminator 5 view .LVU313
 886 00f2 2268     		ldr	r2, [r4]
 887 00f4 22F48032 		bic	r2, r2, #65536
 888 00f8 2260     		str	r2, [r4]
 127:/home/pacl/Documents/Repository/chipwhisperer/firmware/mcu/hal/chipwhisperer-fw-extra/stm32f4/stm32f4_hal_lowlevel.c **** 
 889              		.loc 1 127 7 discriminator 5 view .LVU314
 890 00fa 2268     		ldr	r2, [r4]
 891 00fc 22F48022 		bic	r2, r2, #262144
 892 0100 2260     		str	r2, [r4]
 127:/home/pacl/Documents/Repository/chipwhisperer/firmware/mcu/hal/chipwhisperer-fw-extra/stm32f4/stm32f4_hal_lowlevel.c **** 
 893              		.loc 1 127 7 discriminator 7 view .LVU315
 130:/home/pacl/Documents/Repository/chipwhisperer/firmware/mcu/hal/chipwhisperer-fw-extra/stm32f4/stm32f4_hal_lowlevel.c ****       {
 894              		.loc 1 130 7 view .LVU316
 130:/home/pacl/Documents/Repository/chipwhisperer/firmware/mcu/hal/chipwhisperer-fw-extra/stm32f4/stm32f4_hal_lowlevel.c ****       {
 895              		.loc 1 130 9 is_stmt 0 view .LVU317
 896 0102 002B     		cmp	r3, #0
 897 0104 DED1     		bne	.L36
 147:/home/pacl/Documents/Repository/chipwhisperer/firmware/mcu/hal/chipwhisperer-fw-extra/stm32f4/stm32f4_hal_lowlevel.c **** 
 898              		.loc 1 147 9 is_stmt 1 view .LVU318
 147:/home/pacl/Documents/Repository/chipwhisperer/firmware/mcu/hal/chipwhisperer-fw-extra/stm32f4/stm32f4_hal_lowlevel.c **** 
 899              		.loc 1 147 21 is_stmt 0 view .LVU319
 900 0106 FFF7FEFF 		bl	HAL_GetTick
 901              	.LVL76:
 152:/home/pacl/Documents/Repository/chipwhisperer/firmware/mcu/hal/chipwhisperer-fw-extra/stm32f4/stm32f4_hal_lowlevel.c ****           {
 902              		.loc 1 152 13 discriminator 1 view .LVU320
 903 010a 594E     		ldr	r6, .L103+8
 147:/home/pacl/Documents/Repository/chipwhisperer/firmware/mcu/hal/chipwhisperer-fw-extra/stm32f4/stm32f4_hal_lowlevel.c **** 
 904              		.loc 1 147 21 view .LVU321
 905 010c 0546     		mov	r5, r0
 906              	.LVL77:
 150:/home/pacl/Documents/Repository/chipwhisperer/firmware/mcu/hal/chipwhisperer-fw-extra/stm32f4/stm32f4_hal_lowlevel.c ****         {
 907              		.loc 1 150 9 is_stmt 1 view .LVU322
 908              	.L41:
 150:/home/pacl/Documents/Repository/chipwhisperer/firmware/mcu/hal/chipwhisperer-fw-extra/stm32f4/stm32f4_hal_lowlevel.c ****         {
 909              		.loc 1 150 51 view .LVU323
 150:/home/pacl/Documents/Repository/chipwhisperer/firmware/mcu/hal/chipwhisperer-fw-extra/stm32f4/stm32f4_hal_lowlevel.c ****         {
 910              		.loc 1 150 15 is_stmt 0 view .LVU324
 911 010e 2368     		ldr	r3, [r4]
 150:/home/pacl/Documents/Repository/chipwhisperer/firmware/mcu/hal/chipwhisperer-fw-extra/stm32f4/stm32f4_hal_lowlevel.c ****         {
 912              		.loc 1 150 51 view .LVU325
 913 0110 9B03     		lsls	r3, r3, #14
 914 0112 7FF57AAF 		bpl	.L33
 152:/home/pacl/Documents/Repository/chipwhisperer/firmware/mcu/hal/chipwhisperer-fw-extra/stm32f4/stm32f4_hal_lowlevel.c ****           {
 915              		.loc 1 152 11 is_stmt 1 view .LVU326
 152:/home/pacl/Documents/Repository/chipwhisperer/firmware/mcu/hal/chipwhisperer-fw-extra/stm32f4/stm32f4_hal_lowlevel.c ****           {
 916              		.loc 1 152 15 is_stmt 0 view .LVU327
 917 0116 FFF7FEFF 		bl	HAL_GetTick
 918              	.LVL78:
 152:/home/pacl/Documents/Repository/chipwhisperer/firmware/mcu/hal/chipwhisperer-fw-extra/stm32f4/stm32f4_hal_lowlevel.c ****           {
 919              		.loc 1 152 29 discriminator 1 view .LVU328
 920 011a 401B     		subs	r0, r0, r5
 152:/home/pacl/Documents/Repository/chipwhisperer/firmware/mcu/hal/chipwhisperer-fw-extra/stm32f4/stm32f4_hal_lowlevel.c ****           {
 921              		.loc 1 152 13 discriminator 1 view .LVU329
 922 011c B042     		cmp	r0, r6
 923 011e F6D9     		bls	.L41
 924 0120 DDE7     		b	.L42
 925              	.LVL79:
 926              	.L29:
 164:/home/pacl/Documents/Repository/chipwhisperer/firmware/mcu/hal/chipwhisperer-fw-extra/stm32f4/stm32f4_hal_lowlevel.c ****     assert_param(IS_RCC_CALIBRATION_VALUE(RCC_OscInitStruct->HSICalibrationValue));
 927              		.loc 1 164 5 is_stmt 1 view .LVU330
 165:/home/pacl/Documents/Repository/chipwhisperer/firmware/mcu/hal/chipwhisperer-fw-extra/stm32f4/stm32f4_hal_lowlevel.c **** 
 928              		.loc 1 165 5 view .LVU331
 168:/home/pacl/Documents/Repository/chipwhisperer/firmware/mcu/hal/chipwhisperer-fw-extra/stm32f4/stm32f4_hal_lowlevel.c ****       ((__HAL_RCC_GET_SYSCLK_SOURCE() == RCC_CFGR_SWS_PLL) && ((RCC->PLLCFGR & RCC_PLLCFGR_PLLSRC) 
 929              		.loc 1 168 5 view .LVU332
 168:/home/pacl/Documents/Repository/chipwhisperer/firmware/mcu/hal/chipwhisperer-fw-extra/stm32f4/stm32f4_hal_lowlevel.c ****       ((__HAL_RCC_GET_SYSCLK_SOURCE() == RCC_CFGR_SWS_PLL) && ((RCC->PLLCFGR & RCC_PLLCFGR_PLLSRC) 
 930              		.loc 1 168 9 is_stmt 0 view .LVU333
 931 0122 514B     		ldr	r3, .L103
 932 0124 9A68     		ldr	r2, [r3, #8]
 168:/home/pacl/Documents/Repository/chipwhisperer/firmware/mcu/hal/chipwhisperer-fw-extra/stm32f4/stm32f4_hal_lowlevel.c ****       ((__HAL_RCC_GET_SYSCLK_SOURCE() == RCC_CFGR_SWS_PLL) && ((RCC->PLLCFGR & RCC_PLLCFGR_PLLSRC) 
 933              		.loc 1 168 7 view .LVU334
 934 0126 12F00C0F 		tst	r2, #12
 935 012a 07D0     		beq	.L45
 169:/home/pacl/Documents/Repository/chipwhisperer/firmware/mcu/hal/chipwhisperer-fw-extra/stm32f4/stm32f4_hal_lowlevel.c ****     {
 936              		.loc 1 169 9 view .LVU335
 937 012c 9A68     		ldr	r2, [r3, #8]
 938 012e 02F00C02 		and	r2, r2, #12
 168:/home/pacl/Documents/Repository/chipwhisperer/firmware/mcu/hal/chipwhisperer-fw-extra/stm32f4/stm32f4_hal_lowlevel.c ****       ((__HAL_RCC_GET_SYSCLK_SOURCE() == RCC_CFGR_SWS_PLL) && ((RCC->PLLCFGR & RCC_PLLCFGR_PLLSRC) 
 939              		.loc 1 168 60 discriminator 1 view .LVU336
 940 0132 082A     		cmp	r2, #8
 941 0134 16D1     		bne	.L46
 169:/home/pacl/Documents/Repository/chipwhisperer/firmware/mcu/hal/chipwhisperer-fw-extra/stm32f4/stm32f4_hal_lowlevel.c ****     {
 942              		.loc 1 169 68 view .LVU337
 943 0136 5B68     		ldr	r3, [r3, #4]
 169:/home/pacl/Documents/Repository/chipwhisperer/firmware/mcu/hal/chipwhisperer-fw-extra/stm32f4/stm32f4_hal_lowlevel.c ****     {
 944              		.loc 1 169 60 view .LVU338
 945 0138 5802     		lsls	r0, r3, #9
 946 013a 13D4     		bmi	.L46
 947              	.L45:
 172:/home/pacl/Documents/Repository/chipwhisperer/firmware/mcu/hal/chipwhisperer-fw-extra/stm32f4/stm32f4_hal_lowlevel.c ****       {
 948              		.loc 1 172 7 is_stmt 1 view .LVU339
 172:/home/pacl/Documents/Repository/chipwhisperer/firmware/mcu/hal/chipwhisperer-fw-extra/stm32f4/stm32f4_hal_lowlevel.c ****       {
 949              		.loc 1 172 11 is_stmt 0 view .LVU340
 950 013c 4A48     		ldr	r0, .L103
 951 013e 0368     		ldr	r3, [r0]
 172:/home/pacl/Documents/Repository/chipwhisperer/firmware/mcu/hal/chipwhisperer-fw-extra/stm32f4/stm32f4_hal_lowlevel.c ****       {
 952              		.loc 1 172 9 view .LVU341
 953 0140 9A07     		lsls	r2, r3, #30
 954 0142 02D5     		bpl	.L47
 172:/home/pacl/Documents/Repository/chipwhisperer/firmware/mcu/hal/chipwhisperer-fw-extra/stm32f4/stm32f4_hal_lowlevel.c ****       {
 955              		.loc 1 172 57 discriminator 1 view .LVU342
 956 0144 CB68     		ldr	r3, [r1, #12]
 957 0146 012B     		cmp	r3, #1
 958 0148 B0D1     		bne	.L48
 959              	.L47:
 180:/home/pacl/Documents/Repository/chipwhisperer/firmware/mcu/hal/chipwhisperer-fw-extra/stm32f4/stm32f4_hal_lowlevel.c ****       }
 960              		.loc 1 180 9 is_stmt 1 view .LVU343
 961 014a 0468     		ldr	r4, [r0]
 962              	.LVL80:
 963              	.LBB171:
 964              	.LBI171:
 454:/home/pacl/Documents/Repository/chipwhisperer/firmware/mcu/hal/chipwhisperer-fw-extra/stm32f4/CMSIS/core/cmsis_gcc.h **** #else
 455:/home/pacl/Documents/Repository/chipwhisperer/firmware/mcu/hal/chipwhisperer-fw-extra/stm32f4/CMSIS/core/cmsis_gcc.h ****   uint32_t result;
 456:/home/pacl/Documents/Repository/chipwhisperer/firmware/mcu/hal/chipwhisperer-fw-extra/stm32f4/CMSIS/core/cmsis_gcc.h **** 
 457:/home/pacl/Documents/Repository/chipwhisperer/firmware/mcu/hal/chipwhisperer-fw-extra/stm32f4/CMSIS/core/cmsis_gcc.h ****   __ASM volatile ("rev %0, %1" : __CMSIS_GCC_OUT_REG (result) : __CMSIS_GCC_USE_REG (value) );
 458:/home/pacl/Documents/Repository/chipwhisperer/firmware/mcu/hal/chipwhisperer-fw-extra/stm32f4/CMSIS/core/cmsis_gcc.h ****   return(result);
 459:/home/pacl/Documents/Repository/chipwhisperer/firmware/mcu/hal/chipwhisperer-fw-extra/stm32f4/CMSIS/core/cmsis_gcc.h **** #endif
 460:/home/pacl/Documents/Repository/chipwhisperer/firmware/mcu/hal/chipwhisperer-fw-extra/stm32f4/CMSIS/core/cmsis_gcc.h **** }
 461:/home/pacl/Documents/Repository/chipwhisperer/firmware/mcu/hal/chipwhisperer-fw-extra/stm32f4/CMSIS/core/cmsis_gcc.h **** 
 462:/home/pacl/Documents/Repository/chipwhisperer/firmware/mcu/hal/chipwhisperer-fw-extra/stm32f4/CMSIS/core/cmsis_gcc.h **** 
 463:/home/pacl/Documents/Repository/chipwhisperer/firmware/mcu/hal/chipwhisperer-fw-extra/stm32f4/CMSIS/core/cmsis_gcc.h **** /**
 464:/home/pacl/Documents/Repository/chipwhisperer/firmware/mcu/hal/chipwhisperer-fw-extra/stm32f4/CMSIS/core/cmsis_gcc.h ****   \brief   Reverse byte order (16 bit)
 465:/home/pacl/Documents/Repository/chipwhisperer/firmware/mcu/hal/chipwhisperer-fw-extra/stm32f4/CMSIS/core/cmsis_gcc.h ****   \details Reverses the byte order in two unsigned short values.
 466:/home/pacl/Documents/Repository/chipwhisperer/firmware/mcu/hal/chipwhisperer-fw-extra/stm32f4/CMSIS/core/cmsis_gcc.h ****   \param [in]    value  Value to reverse
 467:/home/pacl/Documents/Repository/chipwhisperer/firmware/mcu/hal/chipwhisperer-fw-extra/stm32f4/CMSIS/core/cmsis_gcc.h ****   \return               Reversed value
 468:/home/pacl/Documents/Repository/chipwhisperer/firmware/mcu/hal/chipwhisperer-fw-extra/stm32f4/CMSIS/core/cmsis_gcc.h ****  */
 469:/home/pacl/Documents/Repository/chipwhisperer/firmware/mcu/hal/chipwhisperer-fw-extra/stm32f4/CMSIS/core/cmsis_gcc.h **** __attribute__((always_inline)) __STATIC_INLINE uint32_t __REV16(uint32_t value)
 470:/home/pacl/Documents/Repository/chipwhisperer/firmware/mcu/hal/chipwhisperer-fw-extra/stm32f4/CMSIS/core/cmsis_gcc.h **** {
 471:/home/pacl/Documents/Repository/chipwhisperer/firmware/mcu/hal/chipwhisperer-fw-extra/stm32f4/CMSIS/core/cmsis_gcc.h ****   uint32_t result;
 472:/home/pacl/Documents/Repository/chipwhisperer/firmware/mcu/hal/chipwhisperer-fw-extra/stm32f4/CMSIS/core/cmsis_gcc.h **** 
 473:/home/pacl/Documents/Repository/chipwhisperer/firmware/mcu/hal/chipwhisperer-fw-extra/stm32f4/CMSIS/core/cmsis_gcc.h ****   __ASM volatile ("rev16 %0, %1" : __CMSIS_GCC_OUT_REG (result) : __CMSIS_GCC_USE_REG (value) );
 474:/home/pacl/Documents/Repository/chipwhisperer/firmware/mcu/hal/chipwhisperer-fw-extra/stm32f4/CMSIS/core/cmsis_gcc.h ****   return(result);
 475:/home/pacl/Documents/Repository/chipwhisperer/firmware/mcu/hal/chipwhisperer-fw-extra/stm32f4/CMSIS/core/cmsis_gcc.h **** }
 476:/home/pacl/Documents/Repository/chipwhisperer/firmware/mcu/hal/chipwhisperer-fw-extra/stm32f4/CMSIS/core/cmsis_gcc.h **** 
 477:/home/pacl/Documents/Repository/chipwhisperer/firmware/mcu/hal/chipwhisperer-fw-extra/stm32f4/CMSIS/core/cmsis_gcc.h **** 
 478:/home/pacl/Documents/Repository/chipwhisperer/firmware/mcu/hal/chipwhisperer-fw-extra/stm32f4/CMSIS/core/cmsis_gcc.h **** /**
 479:/home/pacl/Documents/Repository/chipwhisperer/firmware/mcu/hal/chipwhisperer-fw-extra/stm32f4/CMSIS/core/cmsis_gcc.h ****   \brief   Reverse byte order in signed short value
 480:/home/pacl/Documents/Repository/chipwhisperer/firmware/mcu/hal/chipwhisperer-fw-extra/stm32f4/CMSIS/core/cmsis_gcc.h ****   \details Reverses the byte order in a signed short value with sign extension to integer.
 481:/home/pacl/Documents/Repository/chipwhisperer/firmware/mcu/hal/chipwhisperer-fw-extra/stm32f4/CMSIS/core/cmsis_gcc.h ****   \param [in]    value  Value to reverse
 482:/home/pacl/Documents/Repository/chipwhisperer/firmware/mcu/hal/chipwhisperer-fw-extra/stm32f4/CMSIS/core/cmsis_gcc.h ****   \return               Reversed value
 483:/home/pacl/Documents/Repository/chipwhisperer/firmware/mcu/hal/chipwhisperer-fw-extra/stm32f4/CMSIS/core/cmsis_gcc.h ****  */
 484:/home/pacl/Documents/Repository/chipwhisperer/firmware/mcu/hal/chipwhisperer-fw-extra/stm32f4/CMSIS/core/cmsis_gcc.h **** __attribute__((always_inline)) __STATIC_INLINE int32_t __REVSH(int32_t value)
 485:/home/pacl/Documents/Repository/chipwhisperer/firmware/mcu/hal/chipwhisperer-fw-extra/stm32f4/CMSIS/core/cmsis_gcc.h **** {
 486:/home/pacl/Documents/Repository/chipwhisperer/firmware/mcu/hal/chipwhisperer-fw-extra/stm32f4/CMSIS/core/cmsis_gcc.h **** #if (__GNUC__ > 4) || (__GNUC__ == 4 && __GNUC_MINOR__ >= 8)
 487:/home/pacl/Documents/Repository/chipwhisperer/firmware/mcu/hal/chipwhisperer-fw-extra/stm32f4/CMSIS/core/cmsis_gcc.h ****   return (short)__builtin_bswap16(value);
 488:/home/pacl/Documents/Repository/chipwhisperer/firmware/mcu/hal/chipwhisperer-fw-extra/stm32f4/CMSIS/core/cmsis_gcc.h **** #else
 489:/home/pacl/Documents/Repository/chipwhisperer/firmware/mcu/hal/chipwhisperer-fw-extra/stm32f4/CMSIS/core/cmsis_gcc.h ****   int32_t result;
 490:/home/pacl/Documents/Repository/chipwhisperer/firmware/mcu/hal/chipwhisperer-fw-extra/stm32f4/CMSIS/core/cmsis_gcc.h **** 
 491:/home/pacl/Documents/Repository/chipwhisperer/firmware/mcu/hal/chipwhisperer-fw-extra/stm32f4/CMSIS/core/cmsis_gcc.h ****   __ASM volatile ("revsh %0, %1" : __CMSIS_GCC_OUT_REG (result) : __CMSIS_GCC_USE_REG (value) );
 492:/home/pacl/Documents/Repository/chipwhisperer/firmware/mcu/hal/chipwhisperer-fw-extra/stm32f4/CMSIS/core/cmsis_gcc.h ****   return(result);
 493:/home/pacl/Documents/Repository/chipwhisperer/firmware/mcu/hal/chipwhisperer-fw-extra/stm32f4/CMSIS/core/cmsis_gcc.h **** #endif
 494:/home/pacl/Documents/Repository/chipwhisperer/firmware/mcu/hal/chipwhisperer-fw-extra/stm32f4/CMSIS/core/cmsis_gcc.h **** }
 495:/home/pacl/Documents/Repository/chipwhisperer/firmware/mcu/hal/chipwhisperer-fw-extra/stm32f4/CMSIS/core/cmsis_gcc.h **** 
 496:/home/pacl/Documents/Repository/chipwhisperer/firmware/mcu/hal/chipwhisperer-fw-extra/stm32f4/CMSIS/core/cmsis_gcc.h **** 
 497:/home/pacl/Documents/Repository/chipwhisperer/firmware/mcu/hal/chipwhisperer-fw-extra/stm32f4/CMSIS/core/cmsis_gcc.h **** /**
 498:/home/pacl/Documents/Repository/chipwhisperer/firmware/mcu/hal/chipwhisperer-fw-extra/stm32f4/CMSIS/core/cmsis_gcc.h ****   \brief   Rotate Right in unsigned value (32 bit)
 499:/home/pacl/Documents/Repository/chipwhisperer/firmware/mcu/hal/chipwhisperer-fw-extra/stm32f4/CMSIS/core/cmsis_gcc.h ****   \details Rotate Right (immediate) provides the value of the contents of a register rotated by a v
 500:/home/pacl/Documents/Repository/chipwhisperer/firmware/mcu/hal/chipwhisperer-fw-extra/stm32f4/CMSIS/core/cmsis_gcc.h ****   \param [in]    value  Value to rotate
 501:/home/pacl/Documents/Repository/chipwhisperer/firmware/mcu/hal/chipwhisperer-fw-extra/stm32f4/CMSIS/core/cmsis_gcc.h ****   \param [in]    value  Number of Bits to rotate
 502:/home/pacl/Documents/Repository/chipwhisperer/firmware/mcu/hal/chipwhisperer-fw-extra/stm32f4/CMSIS/core/cmsis_gcc.h ****   \return               Rotated value
 503:/home/pacl/Documents/Repository/chipwhisperer/firmware/mcu/hal/chipwhisperer-fw-extra/stm32f4/CMSIS/core/cmsis_gcc.h ****  */
 504:/home/pacl/Documents/Repository/chipwhisperer/firmware/mcu/hal/chipwhisperer-fw-extra/stm32f4/CMSIS/core/cmsis_gcc.h **** __attribute__((always_inline)) __STATIC_INLINE uint32_t __ROR(uint32_t op1, uint32_t op2)
 505:/home/pacl/Documents/Repository/chipwhisperer/firmware/mcu/hal/chipwhisperer-fw-extra/stm32f4/CMSIS/core/cmsis_gcc.h **** {
 506:/home/pacl/Documents/Repository/chipwhisperer/firmware/mcu/hal/chipwhisperer-fw-extra/stm32f4/CMSIS/core/cmsis_gcc.h ****   return (op1 >> op2) | (op1 << (32U - op2));
 507:/home/pacl/Documents/Repository/chipwhisperer/firmware/mcu/hal/chipwhisperer-fw-extra/stm32f4/CMSIS/core/cmsis_gcc.h **** }
 508:/home/pacl/Documents/Repository/chipwhisperer/firmware/mcu/hal/chipwhisperer-fw-extra/stm32f4/CMSIS/core/cmsis_gcc.h **** 
 509:/home/pacl/Documents/Repository/chipwhisperer/firmware/mcu/hal/chipwhisperer-fw-extra/stm32f4/CMSIS/core/cmsis_gcc.h **** 
 510:/home/pacl/Documents/Repository/chipwhisperer/firmware/mcu/hal/chipwhisperer-fw-extra/stm32f4/CMSIS/core/cmsis_gcc.h **** /**
 511:/home/pacl/Documents/Repository/chipwhisperer/firmware/mcu/hal/chipwhisperer-fw-extra/stm32f4/CMSIS/core/cmsis_gcc.h ****   \brief   Breakpoint
 512:/home/pacl/Documents/Repository/chipwhisperer/firmware/mcu/hal/chipwhisperer-fw-extra/stm32f4/CMSIS/core/cmsis_gcc.h ****   \details Causes the processor to enter Debug state.
 513:/home/pacl/Documents/Repository/chipwhisperer/firmware/mcu/hal/chipwhisperer-fw-extra/stm32f4/CMSIS/core/cmsis_gcc.h ****            Debug tools can use this to investigate system state when the instruction at a particula
 514:/home/pacl/Documents/Repository/chipwhisperer/firmware/mcu/hal/chipwhisperer-fw-extra/stm32f4/CMSIS/core/cmsis_gcc.h ****   \param [in]    value  is ignored by the processor.
 515:/home/pacl/Documents/Repository/chipwhisperer/firmware/mcu/hal/chipwhisperer-fw-extra/stm32f4/CMSIS/core/cmsis_gcc.h ****                  If required, a debugger can use it to store additional information about the break
 516:/home/pacl/Documents/Repository/chipwhisperer/firmware/mcu/hal/chipwhisperer-fw-extra/stm32f4/CMSIS/core/cmsis_gcc.h ****  */
 517:/home/pacl/Documents/Repository/chipwhisperer/firmware/mcu/hal/chipwhisperer-fw-extra/stm32f4/CMSIS/core/cmsis_gcc.h **** #define __BKPT(value)                       __ASM volatile ("bkpt "#value)
 518:/home/pacl/Documents/Repository/chipwhisperer/firmware/mcu/hal/chipwhisperer-fw-extra/stm32f4/CMSIS/core/cmsis_gcc.h **** 
 519:/home/pacl/Documents/Repository/chipwhisperer/firmware/mcu/hal/chipwhisperer-fw-extra/stm32f4/CMSIS/core/cmsis_gcc.h **** 
 520:/home/pacl/Documents/Repository/chipwhisperer/firmware/mcu/hal/chipwhisperer-fw-extra/stm32f4/CMSIS/core/cmsis_gcc.h **** /**
 521:/home/pacl/Documents/Repository/chipwhisperer/firmware/mcu/hal/chipwhisperer-fw-extra/stm32f4/CMSIS/core/cmsis_gcc.h ****   \brief   Reverse bit order of value
 522:/home/pacl/Documents/Repository/chipwhisperer/firmware/mcu/hal/chipwhisperer-fw-extra/stm32f4/CMSIS/core/cmsis_gcc.h ****   \details Reverses the bit order of the given value.
 523:/home/pacl/Documents/Repository/chipwhisperer/firmware/mcu/hal/chipwhisperer-fw-extra/stm32f4/CMSIS/core/cmsis_gcc.h ****   \param [in]    value  Value to reverse
 524:/home/pacl/Documents/Repository/chipwhisperer/firmware/mcu/hal/chipwhisperer-fw-extra/stm32f4/CMSIS/core/cmsis_gcc.h ****   \return               Reversed value
 525:/home/pacl/Documents/Repository/chipwhisperer/firmware/mcu/hal/chipwhisperer-fw-extra/stm32f4/CMSIS/core/cmsis_gcc.h ****  */
 526:/home/pacl/Documents/Repository/chipwhisperer/firmware/mcu/hal/chipwhisperer-fw-extra/stm32f4/CMSIS/core/cmsis_gcc.h **** __attribute__((always_inline)) __STATIC_INLINE uint32_t __RBIT(uint32_t value)
 965              		.loc 2 526 57 view .LVU344
 966              	.LBB172:
 527:/home/pacl/Documents/Repository/chipwhisperer/firmware/mcu/hal/chipwhisperer-fw-extra/stm32f4/CMSIS/core/cmsis_gcc.h **** {
 528:/home/pacl/Documents/Repository/chipwhisperer/firmware/mcu/hal/chipwhisperer-fw-extra/stm32f4/CMSIS/core/cmsis_gcc.h ****   uint32_t result;
 967              		.loc 2 528 3 view .LVU345
 529:/home/pacl/Documents/Repository/chipwhisperer/firmware/mcu/hal/chipwhisperer-fw-extra/stm32f4/CMSIS/core/cmsis_gcc.h **** 
 530:/home/pacl/Documents/Repository/chipwhisperer/firmware/mcu/hal/chipwhisperer-fw-extra/stm32f4/CMSIS/core/cmsis_gcc.h **** #if       (__CORTEX_M >= 0x03U) || (__CORTEX_SC >= 300U)
 531:/home/pacl/Documents/Repository/chipwhisperer/firmware/mcu/hal/chipwhisperer-fw-extra/stm32f4/CMSIS/core/cmsis_gcc.h ****    __ASM volatile ("rbit %0, %1" : "=r" (result) : "r" (value) );
 968              		.loc 2 531 4 view .LVU346
 969 014c F822     		movs	r2, #248
 970              		.syntax unified
 971              	@ 531 "/home/pacl/Documents/Repository/chipwhisperer/firmware/mcu/hal/chipwhisperer-fw-extra/stm32f
 972 014e 92FAA2F2 		rbit r2, r2
 973              	@ 0 "" 2
 974              	.LVL81:
 532:/home/pacl/Documents/Repository/chipwhisperer/firmware/mcu/hal/chipwhisperer-fw-extra/stm32f4/CMSIS/core/cmsis_gcc.h **** #else
 533:/home/pacl/Documents/Repository/chipwhisperer/firmware/mcu/hal/chipwhisperer-fw-extra/stm32f4/CMSIS/core/cmsis_gcc.h ****   int32_t s = 4 /*sizeof(v)*/ * 8 - 1; /* extra shift needed at end */
 534:/home/pacl/Documents/Repository/chipwhisperer/firmware/mcu/hal/chipwhisperer-fw-extra/stm32f4/CMSIS/core/cmsis_gcc.h **** 
 535:/home/pacl/Documents/Repository/chipwhisperer/firmware/mcu/hal/chipwhisperer-fw-extra/stm32f4/CMSIS/core/cmsis_gcc.h ****   result = value;                      /* r will be reversed bits of v; first get LSB of v */
 536:/home/pacl/Documents/Repository/chipwhisperer/firmware/mcu/hal/chipwhisperer-fw-extra/stm32f4/CMSIS/core/cmsis_gcc.h ****   for (value >>= 1U; value; value >>= 1U)
 537:/home/pacl/Documents/Repository/chipwhisperer/firmware/mcu/hal/chipwhisperer-fw-extra/stm32f4/CMSIS/core/cmsis_gcc.h ****   {
 538:/home/pacl/Documents/Repository/chipwhisperer/firmware/mcu/hal/chipwhisperer-fw-extra/stm32f4/CMSIS/core/cmsis_gcc.h ****     result <<= 1U;
 539:/home/pacl/Documents/Repository/chipwhisperer/firmware/mcu/hal/chipwhisperer-fw-extra/stm32f4/CMSIS/core/cmsis_gcc.h ****     result |= value & 1U;
 540:/home/pacl/Documents/Repository/chipwhisperer/firmware/mcu/hal/chipwhisperer-fw-extra/stm32f4/CMSIS/core/cmsis_gcc.h ****     s--;
 541:/home/pacl/Documents/Repository/chipwhisperer/firmware/mcu/hal/chipwhisperer-fw-extra/stm32f4/CMSIS/core/cmsis_gcc.h ****   }
 542:/home/pacl/Documents/Repository/chipwhisperer/firmware/mcu/hal/chipwhisperer-fw-extra/stm32f4/CMSIS/core/cmsis_gcc.h ****   result <<= s;                        /* shift when v's highest bits are zero */
 543:/home/pacl/Documents/Repository/chipwhisperer/firmware/mcu/hal/chipwhisperer-fw-extra/stm32f4/CMSIS/core/cmsis_gcc.h **** #endif
 544:/home/pacl/Documents/Repository/chipwhisperer/firmware/mcu/hal/chipwhisperer-fw-extra/stm32f4/CMSIS/core/cmsis_gcc.h ****   return(result);
 975              		.loc 2 544 3 view .LVU347
 976              		.loc 2 544 3 is_stmt 0 view .LVU348
 977              		.thumb
 978              		.syntax unified
 979              	.LBE172:
 980              	.LBE171:
 180:/home/pacl/Documents/Repository/chipwhisperer/firmware/mcu/hal/chipwhisperer-fw-extra/stm32f4/stm32f4_hal_lowlevel.c ****       }
 981              		.loc 1 180 9 discriminator 2 view .LVU349
 982 0152 0B69     		ldr	r3, [r1, #16]
 180:/home/pacl/Documents/Repository/chipwhisperer/firmware/mcu/hal/chipwhisperer-fw-extra/stm32f4/stm32f4_hal_lowlevel.c ****       }
 983              		.loc 1 180 9 discriminator 1 view .LVU350
 984 0154 B2FA82F2 		clz	r2, r2
 180:/home/pacl/Documents/Repository/chipwhisperer/firmware/mcu/hal/chipwhisperer-fw-extra/stm32f4/stm32f4_hal_lowlevel.c ****       }
 985              		.loc 1 180 9 discriminator 2 view .LVU351
 986 0158 9340     		lsls	r3, r3, r2
 180:/home/pacl/Documents/Repository/chipwhisperer/firmware/mcu/hal/chipwhisperer-fw-extra/stm32f4/stm32f4_hal_lowlevel.c ****       }
 987              		.loc 1 180 9 view .LVU352
 988 015a 24F0F802 		bic	r2, r4, #248
 180:/home/pacl/Documents/Repository/chipwhisperer/firmware/mcu/hal/chipwhisperer-fw-extra/stm32f4/stm32f4_hal_lowlevel.c ****       }
 989              		.loc 1 180 9 discriminator 2 view .LVU353
 990 015e 1343     		orrs	r3, r3, r2
 991 0160 0360     		str	r3, [r0]
 172:/home/pacl/Documents/Repository/chipwhisperer/firmware/mcu/hal/chipwhisperer-fw-extra/stm32f4/stm32f4_hal_lowlevel.c ****       {
 992              		.loc 1 172 9 view .LVU354
 993 0162 56E7     		b	.L44
 994              	.L46:
 186:/home/pacl/Documents/Repository/chipwhisperer/firmware/mcu/hal/chipwhisperer-fw-extra/stm32f4/stm32f4_hal_lowlevel.c ****       {
 995              		.loc 1 186 7 is_stmt 1 view .LVU355
 186:/home/pacl/Documents/Repository/chipwhisperer/firmware/mcu/hal/chipwhisperer-fw-extra/stm32f4/stm32f4_hal_lowlevel.c ****       {
 996              		.loc 1 186 9 is_stmt 0 view .LVU356
 997 0164 CA68     		ldr	r2, [r1, #12]
 998 0166 434B     		ldr	r3, .L103+12
 999 0168 DAB1     		cbz	r2, .L49
 189:/home/pacl/Documents/Repository/chipwhisperer/firmware/mcu/hal/chipwhisperer-fw-extra/stm32f4/stm32f4_hal_lowlevel.c **** 
 1000              		.loc 1 189 9 is_stmt 1 view .LVU357
 1001 016a 0122     		movs	r2, #1
 1002 016c 1A60     		str	r2, [r3]
 192:/home/pacl/Documents/Repository/chipwhisperer/firmware/mcu/hal/chipwhisperer-fw-extra/stm32f4/stm32f4_hal_lowlevel.c **** 
 1003              		.loc 1 192 9 view .LVU358
 192:/home/pacl/Documents/Repository/chipwhisperer/firmware/mcu/hal/chipwhisperer-fw-extra/stm32f4/stm32f4_hal_lowlevel.c **** 
 1004              		.loc 1 192 21 is_stmt 0 view .LVU359
 1005 016e FFF7FEFF 		bl	HAL_GetTick
 1006              	.LVL82:
 195:/home/pacl/Documents/Repository/chipwhisperer/firmware/mcu/hal/chipwhisperer-fw-extra/stm32f4/stm32f4_hal_lowlevel.c ****         {
 1007              		.loc 1 195 15 view .LVU360
 1008 0172 3D4C     		ldr	r4, .L103
 192:/home/pacl/Documents/Repository/chipwhisperer/firmware/mcu/hal/chipwhisperer-fw-extra/stm32f4/stm32f4_hal_lowlevel.c **** 
 1009              		.loc 1 192 21 view .LVU361
 1010 0174 0546     		mov	r5, r0
 1011              	.LVL83:
 195:/home/pacl/Documents/Repository/chipwhisperer/firmware/mcu/hal/chipwhisperer-fw-extra/stm32f4/stm32f4_hal_lowlevel.c ****         {
 1012              		.loc 1 195 9 is_stmt 1 view .LVU362
 1013              	.L50:
 195:/home/pacl/Documents/Repository/chipwhisperer/firmware/mcu/hal/chipwhisperer-fw-extra/stm32f4/stm32f4_hal_lowlevel.c ****         {
 1014              		.loc 1 195 51 view .LVU363
 195:/home/pacl/Documents/Repository/chipwhisperer/firmware/mcu/hal/chipwhisperer-fw-extra/stm32f4/stm32f4_hal_lowlevel.c ****         {
 1015              		.loc 1 195 15 is_stmt 0 view .LVU364
 1016 0176 2368     		ldr	r3, [r4]
 195:/home/pacl/Documents/Repository/chipwhisperer/firmware/mcu/hal/chipwhisperer-fw-extra/stm32f4/stm32f4_hal_lowlevel.c ****         {
 1017              		.loc 1 195 51 view .LVU365
 1018 0178 9B07     		lsls	r3, r3, #30
 1019 017a 0CD5     		bpl	.L51
 204:/home/pacl/Documents/Repository/chipwhisperer/firmware/mcu/hal/chipwhisperer-fw-extra/stm32f4/stm32f4_hal_lowlevel.c ****       }
 1020              		.loc 1 204 9 is_stmt 1 view .LVU366
 1021 017c 2068     		ldr	r0, [r4]
 1022              	.LVL84:
 1023              	.LBB173:
 1024              	.LBI173:
 526:/home/pacl/Documents/Repository/chipwhisperer/firmware/mcu/hal/chipwhisperer-fw-extra/stm32f4/CMSIS/core/cmsis_gcc.h **** {
 1025              		.loc 2 526 57 view .LVU367
 1026              	.LBB174:
 528:/home/pacl/Documents/Repository/chipwhisperer/firmware/mcu/hal/chipwhisperer-fw-extra/stm32f4/CMSIS/core/cmsis_gcc.h **** 
 1027              		.loc 2 528 3 view .LVU368
 531:/home/pacl/Documents/Repository/chipwhisperer/firmware/mcu/hal/chipwhisperer-fw-extra/stm32f4/CMSIS/core/cmsis_gcc.h **** #else
 1028              		.loc 2 531 4 view .LVU369
 1029 017e F822     		movs	r2, #248
 1030              		.syntax unified
 1031              	@ 531 "/home/pacl/Documents/Repository/chipwhisperer/firmware/mcu/hal/chipwhisperer-fw-extra/stm32f
 1032 0180 92FAA2F2 		rbit r2, r2
 1033              	@ 0 "" 2
 1034              	.LVL85:
 1035              		.loc 2 544 3 view .LVU370
 1036              		.loc 2 544 3 is_stmt 0 view .LVU371
 1037              		.thumb
 1038              		.syntax unified
 1039              	.LBE174:
 1040              	.LBE173:
 204:/home/pacl/Documents/Repository/chipwhisperer/firmware/mcu/hal/chipwhisperer-fw-extra/stm32f4/stm32f4_hal_lowlevel.c ****       }
 1041              		.loc 1 204 9 discriminator 2 view .LVU372
 1042 0184 0B69     		ldr	r3, [r1, #16]
 204:/home/pacl/Documents/Repository/chipwhisperer/firmware/mcu/hal/chipwhisperer-fw-extra/stm32f4/stm32f4_hal_lowlevel.c ****       }
 1043              		.loc 1 204 9 discriminator 1 view .LVU373
 1044 0186 B2FA82F2 		clz	r2, r2
 204:/home/pacl/Documents/Repository/chipwhisperer/firmware/mcu/hal/chipwhisperer-fw-extra/stm32f4/stm32f4_hal_lowlevel.c ****       }
 1045              		.loc 1 204 9 discriminator 2 view .LVU374
 1046 018a 9340     		lsls	r3, r3, r2
 204:/home/pacl/Documents/Repository/chipwhisperer/firmware/mcu/hal/chipwhisperer-fw-extra/stm32f4/stm32f4_hal_lowlevel.c ****       }
 1047              		.loc 1 204 9 view .LVU375
 1048 018c 20F0F802 		bic	r2, r0, #248
 204:/home/pacl/Documents/Repository/chipwhisperer/firmware/mcu/hal/chipwhisperer-fw-extra/stm32f4/stm32f4_hal_lowlevel.c ****       }
 1049              		.loc 1 204 9 discriminator 2 view .LVU376
 1050 0190 1343     		orrs	r3, r3, r2
 1051 0192 2360     		str	r3, [r4]
 1052 0194 3DE7     		b	.L44
 1053              	.L51:
 197:/home/pacl/Documents/Repository/chipwhisperer/firmware/mcu/hal/chipwhisperer-fw-extra/stm32f4/stm32f4_hal_lowlevel.c ****           {
 1054              		.loc 1 197 11 is_stmt 1 view .LVU377
 197:/home/pacl/Documents/Repository/chipwhisperer/firmware/mcu/hal/chipwhisperer-fw-extra/stm32f4/stm32f4_hal_lowlevel.c ****           {
 1055              		.loc 1 197 15 is_stmt 0 view .LVU378
 1056 0196 FFF7FEFF 		bl	HAL_GetTick
 1057              	.LVL86:
 197:/home/pacl/Documents/Repository/chipwhisperer/firmware/mcu/hal/chipwhisperer-fw-extra/stm32f4/stm32f4_hal_lowlevel.c ****           {
 1058              		.loc 1 197 29 discriminator 1 view .LVU379
 1059 019a 401B     		subs	r0, r0, r5
 197:/home/pacl/Documents/Repository/chipwhisperer/firmware/mcu/hal/chipwhisperer-fw-extra/stm32f4/stm32f4_hal_lowlevel.c ****           {
 1060              		.loc 1 197 13 discriminator 1 view .LVU380
 1061 019c 0228     		cmp	r0, #2
 1062 019e EAD9     		bls	.L50
 1063 01a0 9DE7     		b	.L42
 1064              	.LVL87:
 1065              	.L49:
 209:/home/pacl/Documents/Repository/chipwhisperer/firmware/mcu/hal/chipwhisperer-fw-extra/stm32f4/stm32f4_hal_lowlevel.c **** 
 1066              		.loc 1 209 9 is_stmt 1 view .LVU381
 1067 01a2 1A60     		str	r2, [r3]
 212:/home/pacl/Documents/Repository/chipwhisperer/firmware/mcu/hal/chipwhisperer-fw-extra/stm32f4/stm32f4_hal_lowlevel.c **** 
 1068              		.loc 1 212 9 view .LVU382
 212:/home/pacl/Documents/Repository/chipwhisperer/firmware/mcu/hal/chipwhisperer-fw-extra/stm32f4/stm32f4_hal_lowlevel.c **** 
 1069              		.loc 1 212 21 is_stmt 0 view .LVU383
 1070 01a4 FFF7FEFF 		bl	HAL_GetTick
 1071              	.LVL88:
 215:/home/pacl/Documents/Repository/chipwhisperer/firmware/mcu/hal/chipwhisperer-fw-extra/stm32f4/stm32f4_hal_lowlevel.c ****         {
 1072              		.loc 1 215 15 view .LVU384
 1073 01a8 2F4D     		ldr	r5, .L103
 212:/home/pacl/Documents/Repository/chipwhisperer/firmware/mcu/hal/chipwhisperer-fw-extra/stm32f4/stm32f4_hal_lowlevel.c **** 
 1074              		.loc 1 212 21 view .LVU385
 1075 01aa 0446     		mov	r4, r0
 1076              	.LVL89:
 215:/home/pacl/Documents/Repository/chipwhisperer/firmware/mcu/hal/chipwhisperer-fw-extra/stm32f4/stm32f4_hal_lowlevel.c ****         {
 1077              		.loc 1 215 9 is_stmt 1 view .LVU386
 1078              	.L52:
 215:/home/pacl/Documents/Repository/chipwhisperer/firmware/mcu/hal/chipwhisperer-fw-extra/stm32f4/stm32f4_hal_lowlevel.c ****         {
 1079              		.loc 1 215 51 view .LVU387
 215:/home/pacl/Documents/Repository/chipwhisperer/firmware/mcu/hal/chipwhisperer-fw-extra/stm32f4/stm32f4_hal_lowlevel.c ****         {
 1080              		.loc 1 215 15 is_stmt 0 view .LVU388
 1081 01ac 2B68     		ldr	r3, [r5]
 215:/home/pacl/Documents/Repository/chipwhisperer/firmware/mcu/hal/chipwhisperer-fw-extra/stm32f4/stm32f4_hal_lowlevel.c ****         {
 1082              		.loc 1 215 51 view .LVU389
 1083 01ae 9E07     		lsls	r6, r3, #30
 1084 01b0 7FF52FAF 		bpl	.L44
 217:/home/pacl/Documents/Repository/chipwhisperer/firmware/mcu/hal/chipwhisperer-fw-extra/stm32f4/stm32f4_hal_lowlevel.c ****           {
 1085              		.loc 1 217 11 is_stmt 1 view .LVU390
 217:/home/pacl/Documents/Repository/chipwhisperer/firmware/mcu/hal/chipwhisperer-fw-extra/stm32f4/stm32f4_hal_lowlevel.c ****           {
 1086              		.loc 1 217 15 is_stmt 0 view .LVU391
 1087 01b4 FFF7FEFF 		bl	HAL_GetTick
 1088              	.LVL90:
 217:/home/pacl/Documents/Repository/chipwhisperer/firmware/mcu/hal/chipwhisperer-fw-extra/stm32f4/stm32f4_hal_lowlevel.c ****           {
 1089              		.loc 1 217 29 discriminator 1 view .LVU392
 1090 01b8 001B     		subs	r0, r0, r4
 217:/home/pacl/Documents/Repository/chipwhisperer/firmware/mcu/hal/chipwhisperer-fw-extra/stm32f4/stm32f4_hal_lowlevel.c ****           {
 1091              		.loc 1 217 13 discriminator 1 view .LVU393
 1092 01ba 0228     		cmp	r0, #2
 1093 01bc F6D9     		bls	.L52
 1094 01be 8EE7     		b	.L42
 1095              	.LVL91:
 1096              	.L54:
 229:/home/pacl/Documents/Repository/chipwhisperer/firmware/mcu/hal/chipwhisperer-fw-extra/stm32f4/stm32f4_hal_lowlevel.c **** 
 1097              		.loc 1 229 5 is_stmt 1 view .LVU394
 232:/home/pacl/Documents/Repository/chipwhisperer/firmware/mcu/hal/chipwhisperer-fw-extra/stm32f4/stm32f4_hal_lowlevel.c ****     {
 1098              		.loc 1 232 5 view .LVU395
 232:/home/pacl/Documents/Repository/chipwhisperer/firmware/mcu/hal/chipwhisperer-fw-extra/stm32f4/stm32f4_hal_lowlevel.c ****     {
 1099              		.loc 1 232 7 is_stmt 0 view .LVU396
 1100 01c0 4A69     		ldr	r2, [r1, #20]
 1101 01c2 2C4B     		ldr	r3, .L103+12
 1102 01c4 82B1     		cbz	r2, .L57
 235:/home/pacl/Documents/Repository/chipwhisperer/firmware/mcu/hal/chipwhisperer-fw-extra/stm32f4/stm32f4_hal_lowlevel.c **** 
 1103              		.loc 1 235 7 is_stmt 1 view .LVU397
 1104 01c6 0122     		movs	r2, #1
 1105 01c8 C3F8802E 		str	r2, [r3, #3712]
 238:/home/pacl/Documents/Repository/chipwhisperer/firmware/mcu/hal/chipwhisperer-fw-extra/stm32f4/stm32f4_hal_lowlevel.c **** 
 1106              		.loc 1 238 7 view .LVU398
 238:/home/pacl/Documents/Repository/chipwhisperer/firmware/mcu/hal/chipwhisperer-fw-extra/stm32f4/stm32f4_hal_lowlevel.c **** 
 1107              		.loc 1 238 19 is_stmt 0 view .LVU399
 1108 01cc FFF7FEFF 		bl	HAL_GetTick
 1109              	.LVL92:
 241:/home/pacl/Documents/Repository/chipwhisperer/firmware/mcu/hal/chipwhisperer-fw-extra/stm32f4/stm32f4_hal_lowlevel.c ****       {
 1110              		.loc 1 241 13 view .LVU400
 1111 01d0 254D     		ldr	r5, .L103
 238:/home/pacl/Documents/Repository/chipwhisperer/firmware/mcu/hal/chipwhisperer-fw-extra/stm32f4/stm32f4_hal_lowlevel.c **** 
 1112              		.loc 1 238 19 view .LVU401
 1113 01d2 0446     		mov	r4, r0
 1114              	.LVL93:
 241:/home/pacl/Documents/Repository/chipwhisperer/firmware/mcu/hal/chipwhisperer-fw-extra/stm32f4/stm32f4_hal_lowlevel.c ****       {
 1115              		.loc 1 241 7 is_stmt 1 view .LVU402
 1116              	.L58:
 241:/home/pacl/Documents/Repository/chipwhisperer/firmware/mcu/hal/chipwhisperer-fw-extra/stm32f4/stm32f4_hal_lowlevel.c ****       {
 1117              		.loc 1 241 49 view .LVU403
 241:/home/pacl/Documents/Repository/chipwhisperer/firmware/mcu/hal/chipwhisperer-fw-extra/stm32f4/stm32f4_hal_lowlevel.c ****       {
 1118              		.loc 1 241 13 is_stmt 0 view .LVU404
 1119 01d4 6B6F     		ldr	r3, [r5, #116]
 241:/home/pacl/Documents/Repository/chipwhisperer/firmware/mcu/hal/chipwhisperer-fw-extra/stm32f4/stm32f4_hal_lowlevel.c ****       {
 1120              		.loc 1 241 49 view .LVU405
 1121 01d6 9B07     		lsls	r3, r3, #30
 1122 01d8 3FF51FAF 		bmi	.L60
 243:/home/pacl/Documents/Repository/chipwhisperer/firmware/mcu/hal/chipwhisperer-fw-extra/stm32f4/stm32f4_hal_lowlevel.c ****         {
 1123              		.loc 1 243 9 is_stmt 1 view .LVU406
 243:/home/pacl/Documents/Repository/chipwhisperer/firmware/mcu/hal/chipwhisperer-fw-extra/stm32f4/stm32f4_hal_lowlevel.c ****         {
 1124              		.loc 1 243 13 is_stmt 0 view .LVU407
 1125 01dc FFF7FEFF 		bl	HAL_GetTick
 1126              	.LVL94:
 243:/home/pacl/Documents/Repository/chipwhisperer/firmware/mcu/hal/chipwhisperer-fw-extra/stm32f4/stm32f4_hal_lowlevel.c ****         {
 1127              		.loc 1 243 27 discriminator 1 view .LVU408
 1128 01e0 001B     		subs	r0, r0, r4
 243:/home/pacl/Documents/Repository/chipwhisperer/firmware/mcu/hal/chipwhisperer-fw-extra/stm32f4/stm32f4_hal_lowlevel.c ****         {
 1129              		.loc 1 243 11 discriminator 1 view .LVU409
 1130 01e2 0228     		cmp	r0, #2
 1131 01e4 F6D9     		bls	.L58
 1132 01e6 7AE7     		b	.L42
 1133              	.LVL95:
 1134              	.L57:
 252:/home/pacl/Documents/Repository/chipwhisperer/firmware/mcu/hal/chipwhisperer-fw-extra/stm32f4/stm32f4_hal_lowlevel.c **** 
 1135              		.loc 1 252 7 is_stmt 1 view .LVU410
 1136 01e8 C3F8802E 		str	r2, [r3, #3712]
 255:/home/pacl/Documents/Repository/chipwhisperer/firmware/mcu/hal/chipwhisperer-fw-extra/stm32f4/stm32f4_hal_lowlevel.c **** 
 1137              		.loc 1 255 7 view .LVU411
 255:/home/pacl/Documents/Repository/chipwhisperer/firmware/mcu/hal/chipwhisperer-fw-extra/stm32f4/stm32f4_hal_lowlevel.c **** 
 1138              		.loc 1 255 19 is_stmt 0 view .LVU412
 1139 01ec FFF7FEFF 		bl	HAL_GetTick
 1140              	.LVL96:
 258:/home/pacl/Documents/Repository/chipwhisperer/firmware/mcu/hal/chipwhisperer-fw-extra/stm32f4/stm32f4_hal_lowlevel.c ****       {
 1141              		.loc 1 258 13 view .LVU413
 1142 01f0 1D4D     		ldr	r5, .L103
 255:/home/pacl/Documents/Repository/chipwhisperer/firmware/mcu/hal/chipwhisperer-fw-extra/stm32f4/stm32f4_hal_lowlevel.c **** 
 1143              		.loc 1 255 19 view .LVU414
 1144 01f2 0446     		mov	r4, r0
 1145              	.LVL97:
 258:/home/pacl/Documents/Repository/chipwhisperer/firmware/mcu/hal/chipwhisperer-fw-extra/stm32f4/stm32f4_hal_lowlevel.c ****       {
 1146              		.loc 1 258 7 is_stmt 1 view .LVU415
 1147              	.L61:
 258:/home/pacl/Documents/Repository/chipwhisperer/firmware/mcu/hal/chipwhisperer-fw-extra/stm32f4/stm32f4_hal_lowlevel.c ****       {
 1148              		.loc 1 258 49 view .LVU416
 258:/home/pacl/Documents/Repository/chipwhisperer/firmware/mcu/hal/chipwhisperer-fw-extra/stm32f4/stm32f4_hal_lowlevel.c ****       {
 1149              		.loc 1 258 13 is_stmt 0 view .LVU417
 1150 01f4 6B6F     		ldr	r3, [r5, #116]
 258:/home/pacl/Documents/Repository/chipwhisperer/firmware/mcu/hal/chipwhisperer-fw-extra/stm32f4/stm32f4_hal_lowlevel.c ****       {
 1151              		.loc 1 258 49 view .LVU418
 1152 01f6 9E07     		lsls	r6, r3, #30
 1153 01f8 7FF50FAF 		bpl	.L60
 260:/home/pacl/Documents/Repository/chipwhisperer/firmware/mcu/hal/chipwhisperer-fw-extra/stm32f4/stm32f4_hal_lowlevel.c ****         {
 1154              		.loc 1 260 9 is_stmt 1 view .LVU419
 260:/home/pacl/Documents/Repository/chipwhisperer/firmware/mcu/hal/chipwhisperer-fw-extra/stm32f4/stm32f4_hal_lowlevel.c ****         {
 1155              		.loc 1 260 13 is_stmt 0 view .LVU420
 1156 01fc FFF7FEFF 		bl	HAL_GetTick
 1157              	.LVL98:
 260:/home/pacl/Documents/Repository/chipwhisperer/firmware/mcu/hal/chipwhisperer-fw-extra/stm32f4/stm32f4_hal_lowlevel.c ****         {
 1158              		.loc 1 260 27 discriminator 1 view .LVU421
 1159 0200 001B     		subs	r0, r0, r4
 260:/home/pacl/Documents/Repository/chipwhisperer/firmware/mcu/hal/chipwhisperer-fw-extra/stm32f4/stm32f4_hal_lowlevel.c ****         {
 1160              		.loc 1 260 11 discriminator 1 view .LVU422
 1161 0202 0228     		cmp	r0, #2
 1162 0204 F6D9     		bls	.L61
 1163 0206 6AE7     		b	.L42
 1164              	.LVL99:
 1165              	.L66:
 284:/home/pacl/Documents/Repository/chipwhisperer/firmware/mcu/hal/chipwhisperer-fw-extra/stm32f4/stm32f4_hal_lowlevel.c ****       {
 1166              		.loc 1 284 7 is_stmt 1 view .LVU423
 284:/home/pacl/Documents/Repository/chipwhisperer/firmware/mcu/hal/chipwhisperer-fw-extra/stm32f4/stm32f4_hal_lowlevel.c ****       {
 1167              		.loc 1 284 11 is_stmt 0 view .LVU424
 1168 0208 FFF7FEFF 		bl	HAL_GetTick
 1169              	.LVL100:
 284:/home/pacl/Documents/Repository/chipwhisperer/firmware/mcu/hal/chipwhisperer-fw-extra/stm32f4/stm32f4_hal_lowlevel.c ****       {
 1170              		.loc 1 284 25 discriminator 1 view .LVU425
 1171 020c 401B     		subs	r0, r0, r5
 284:/home/pacl/Documents/Repository/chipwhisperer/firmware/mcu/hal/chipwhisperer-fw-extra/stm32f4/stm32f4_hal_lowlevel.c ****       {
 1172              		.loc 1 284 9 discriminator 1 view .LVU426
 1173 020e 0228     		cmp	r0, #2
 1174 0210 7FF61AAF 		bls	.L65
 1175 0214 63E7     		b	.L42
 1176              	.L67:
 291:/home/pacl/Documents/Repository/chipwhisperer/firmware/mcu/hal/chipwhisperer-fw-extra/stm32f4/stm32f4_hal_lowlevel.c ****     /* Check the LSE State */
 1177              		.loc 1 291 5 is_stmt 1 discriminator 2 view .LVU427
 1178 0216 052B     		cmp	r3, #5
 1179 0218 04D1     		bne	.L69
 291:/home/pacl/Documents/Repository/chipwhisperer/firmware/mcu/hal/chipwhisperer-fw-extra/stm32f4/stm32f4_hal_lowlevel.c ****     /* Check the LSE State */
 1180              		.loc 1 291 5 discriminator 4 view .LVU428
 1181 021a 236F     		ldr	r3, [r4, #112]
 1182 021c 43F00403 		orr	r3, r3, #4
 1183 0220 2367     		str	r3, [r4, #112]
 1184 0222 1AE7     		b	.L102
 1185              	.L69:
 291:/home/pacl/Documents/Repository/chipwhisperer/firmware/mcu/hal/chipwhisperer-fw-extra/stm32f4/stm32f4_hal_lowlevel.c ****     /* Check the LSE State */
 1186              		.loc 1 291 5 discriminator 5 view .LVU429
 1187 0224 226F     		ldr	r2, [r4, #112]
 1188 0226 22F00102 		bic	r2, r2, #1
 1189 022a 2267     		str	r2, [r4, #112]
 291:/home/pacl/Documents/Repository/chipwhisperer/firmware/mcu/hal/chipwhisperer-fw-extra/stm32f4/stm32f4_hal_lowlevel.c ****     /* Check the LSE State */
 1190              		.loc 1 291 5 discriminator 5 view .LVU430
 1191 022c 226F     		ldr	r2, [r4, #112]
 1192 022e 22F00402 		bic	r2, r2, #4
 1193 0232 2267     		str	r2, [r4, #112]
 291:/home/pacl/Documents/Repository/chipwhisperer/firmware/mcu/hal/chipwhisperer-fw-extra/stm32f4/stm32f4_hal_lowlevel.c ****     /* Check the LSE State */
 1194              		.loc 1 291 5 discriminator 7 view .LVU431
 293:/home/pacl/Documents/Repository/chipwhisperer/firmware/mcu/hal/chipwhisperer-fw-extra/stm32f4/stm32f4_hal_lowlevel.c ****     {
 1195              		.loc 1 293 5 view .LVU432
 293:/home/pacl/Documents/Repository/chipwhisperer/firmware/mcu/hal/chipwhisperer-fw-extra/stm32f4/stm32f4_hal_lowlevel.c ****     {
 1196              		.loc 1 293 7 is_stmt 0 view .LVU433
 1197 0234 002B     		cmp	r3, #0
 1198 0236 7FF414AF 		bne	.L68
 310:/home/pacl/Documents/Repository/chipwhisperer/firmware/mcu/hal/chipwhisperer-fw-extra/stm32f4/stm32f4_hal_lowlevel.c **** 
 1199              		.loc 1 310 7 is_stmt 1 view .LVU434
 310:/home/pacl/Documents/Repository/chipwhisperer/firmware/mcu/hal/chipwhisperer-fw-extra/stm32f4/stm32f4_hal_lowlevel.c **** 
 1200              		.loc 1 310 19 is_stmt 0 view .LVU435
 1201 023a FFF7FEFF 		bl	HAL_GetTick
 1202              	.LVL101:
 315:/home/pacl/Documents/Repository/chipwhisperer/firmware/mcu/hal/chipwhisperer-fw-extra/stm32f4/stm32f4_hal_lowlevel.c ****         {
 1203              		.loc 1 315 11 discriminator 1 view .LVU436
 1204 023e 41F28836 		movw	r6, #5000
 310:/home/pacl/Documents/Repository/chipwhisperer/firmware/mcu/hal/chipwhisperer-fw-extra/stm32f4/stm32f4_hal_lowlevel.c **** 
 1205              		.loc 1 310 19 view .LVU437
 1206 0242 0546     		mov	r5, r0
 1207              	.LVL102:
 313:/home/pacl/Documents/Repository/chipwhisperer/firmware/mcu/hal/chipwhisperer-fw-extra/stm32f4/stm32f4_hal_lowlevel.c ****       {
 1208              		.loc 1 313 7 is_stmt 1 view .LVU438
 1209              	.L73:
 313:/home/pacl/Documents/Repository/chipwhisperer/firmware/mcu/hal/chipwhisperer-fw-extra/stm32f4/stm32f4_hal_lowlevel.c ****       {
 1210              		.loc 1 313 49 view .LVU439
 313:/home/pacl/Documents/Repository/chipwhisperer/firmware/mcu/hal/chipwhisperer-fw-extra/stm32f4/stm32f4_hal_lowlevel.c ****       {
 1211              		.loc 1 313 13 is_stmt 0 view .LVU440
 1212 0244 236F     		ldr	r3, [r4, #112]
 313:/home/pacl/Documents/Repository/chipwhisperer/firmware/mcu/hal/chipwhisperer-fw-extra/stm32f4/stm32f4_hal_lowlevel.c ****       {
 1213              		.loc 1 313 49 view .LVU441
 1214 0246 9B07     		lsls	r3, r3, #30
 1215 0248 7FF515AF 		bpl	.L56
 315:/home/pacl/Documents/Repository/chipwhisperer/firmware/mcu/hal/chipwhisperer-fw-extra/stm32f4/stm32f4_hal_lowlevel.c ****         {
 1216              		.loc 1 315 9 is_stmt 1 view .LVU442
 315:/home/pacl/Documents/Repository/chipwhisperer/firmware/mcu/hal/chipwhisperer-fw-extra/stm32f4/stm32f4_hal_lowlevel.c ****         {
 1217              		.loc 1 315 13 is_stmt 0 view .LVU443
 1218 024c FFF7FEFF 		bl	HAL_GetTick
 1219              	.LVL103:
 315:/home/pacl/Documents/Repository/chipwhisperer/firmware/mcu/hal/chipwhisperer-fw-extra/stm32f4/stm32f4_hal_lowlevel.c ****         {
 1220              		.loc 1 315 27 discriminator 1 view .LVU444
 1221 0250 401B     		subs	r0, r0, r5
 315:/home/pacl/Documents/Repository/chipwhisperer/firmware/mcu/hal/chipwhisperer-fw-extra/stm32f4/stm32f4_hal_lowlevel.c ****         {
 1222              		.loc 1 315 11 discriminator 1 view .LVU445
 1223 0252 B042     		cmp	r0, r6
 1224 0254 F6D9     		bls	.L73
 1225 0256 42E7     		b	.L42
 1226              	.LVL104:
 1227              	.L72:
 301:/home/pacl/Documents/Repository/chipwhisperer/firmware/mcu/hal/chipwhisperer-fw-extra/stm32f4/stm32f4_hal_lowlevel.c ****         {
 1228              		.loc 1 301 9 is_stmt 1 view .LVU446
 301:/home/pacl/Documents/Repository/chipwhisperer/firmware/mcu/hal/chipwhisperer-fw-extra/stm32f4/stm32f4_hal_lowlevel.c ****         {
 1229              		.loc 1 301 13 is_stmt 0 view .LVU447
 1230 0258 FFF7FEFF 		bl	HAL_GetTick
 1231              	.LVL105:
 301:/home/pacl/Documents/Repository/chipwhisperer/firmware/mcu/hal/chipwhisperer-fw-extra/stm32f4/stm32f4_hal_lowlevel.c ****         {
 1232              		.loc 1 301 27 discriminator 1 view .LVU448
 1233 025c 001B     		subs	r0, r0, r4
 301:/home/pacl/Documents/Repository/chipwhisperer/firmware/mcu/hal/chipwhisperer-fw-extra/stm32f4/stm32f4_hal_lowlevel.c ****         {
 1234              		.loc 1 301 11 discriminator 1 view .LVU449
 1235 025e B042     		cmp	r0, r6
 1236 0260 7FF605AF 		bls	.L71
 1237 0264 3BE7     		b	.L42
 1238              	.L104:
 1239 0266 00BF     		.align	2
 1240              	.L103:
 1241 0268 00380240 		.word	1073887232
 1242 026c 00700040 		.word	1073770496
 1243 0270 00E1F505 		.word	100000000
 1244 0274 00004742 		.word	1111949312
 1245              	.LVL106:
 1246              	.L63:
 328:/home/pacl/Documents/Repository/chipwhisperer/firmware/mcu/hal/chipwhisperer-fw-extra/stm32f4/stm32f4_hal_lowlevel.c ****     {
 1247              		.loc 1 328 5 is_stmt 1 view .LVU450
 328:/home/pacl/Documents/Repository/chipwhisperer/firmware/mcu/hal/chipwhisperer-fw-extra/stm32f4/stm32f4_hal_lowlevel.c ****     {
 1248              		.loc 1 328 8 is_stmt 0 view .LVU451
 1249 0278 2D4C     		ldr	r4, .L105
 1250 027a A368     		ldr	r3, [r4, #8]
 1251 027c 03F00C03 		and	r3, r3, #12
 328:/home/pacl/Documents/Repository/chipwhisperer/firmware/mcu/hal/chipwhisperer-fw-extra/stm32f4/stm32f4_hal_lowlevel.c ****     {
 1252              		.loc 1 328 7 view .LVU452
 1253 0280 082B     		cmp	r3, #8
 1254 0282 3FF413AF 		beq	.L48
 330:/home/pacl/Documents/Repository/chipwhisperer/firmware/mcu/hal/chipwhisperer-fw-extra/stm32f4/stm32f4_hal_lowlevel.c ****       {
 1255              		.loc 1 330 7 is_stmt 1 view .LVU453
 1256 0286 2B4B     		ldr	r3, .L105+4
 330:/home/pacl/Documents/Repository/chipwhisperer/firmware/mcu/hal/chipwhisperer-fw-extra/stm32f4/stm32f4_hal_lowlevel.c ****       {
 1257              		.loc 1 330 9 is_stmt 0 view .LVU454
 1258 0288 022A     		cmp	r2, #2
 1259 028a 4FF00002 		mov	r2, #0
 340:/home/pacl/Documents/Repository/chipwhisperer/firmware/mcu/hal/chipwhisperer-fw-extra/stm32f4/stm32f4_hal_lowlevel.c **** 
 1260              		.loc 1 340 9 view .LVU455
 1261 028e 1A66     		str	r2, [r3, #96]
 330:/home/pacl/Documents/Repository/chipwhisperer/firmware/mcu/hal/chipwhisperer-fw-extra/stm32f4/stm32f4_hal_lowlevel.c ****       {
 1262              		.loc 1 330 9 view .LVU456
 1263 0290 3FD1     		bne	.L75
 333:/home/pacl/Documents/Repository/chipwhisperer/firmware/mcu/hal/chipwhisperer-fw-extra/stm32f4/stm32f4_hal_lowlevel.c ****         assert_param(IS_RCC_PLLM_VALUE(RCC_OscInitStruct->PLL.PLLM));
 1264              		.loc 1 333 9 is_stmt 1 view .LVU457
 334:/home/pacl/Documents/Repository/chipwhisperer/firmware/mcu/hal/chipwhisperer-fw-extra/stm32f4/stm32f4_hal_lowlevel.c ****         assert_param(IS_RCC_PLLN_VALUE(RCC_OscInitStruct->PLL.PLLN));
 1265              		.loc 1 334 9 view .LVU458
 335:/home/pacl/Documents/Repository/chipwhisperer/firmware/mcu/hal/chipwhisperer-fw-extra/stm32f4/stm32f4_hal_lowlevel.c ****         assert_param(IS_RCC_PLLP_VALUE(RCC_OscInitStruct->PLL.PLLP));
 1266              		.loc 1 335 9 view .LVU459
 336:/home/pacl/Documents/Repository/chipwhisperer/firmware/mcu/hal/chipwhisperer-fw-extra/stm32f4/stm32f4_hal_lowlevel.c ****         assert_param(IS_RCC_PLLQ_VALUE(RCC_OscInitStruct->PLL.PLLQ));
 1267              		.loc 1 336 9 view .LVU460
 337:/home/pacl/Documents/Repository/chipwhisperer/firmware/mcu/hal/chipwhisperer-fw-extra/stm32f4/stm32f4_hal_lowlevel.c **** 
 1268              		.loc 1 337 9 view .LVU461
 340:/home/pacl/Documents/Repository/chipwhisperer/firmware/mcu/hal/chipwhisperer-fw-extra/stm32f4/stm32f4_hal_lowlevel.c **** 
 1269              		.loc 1 340 9 view .LVU462
 343:/home/pacl/Documents/Repository/chipwhisperer/firmware/mcu/hal/chipwhisperer-fw-extra/stm32f4/stm32f4_hal_lowlevel.c **** 
 1270              		.loc 1 343 9 view .LVU463
 343:/home/pacl/Documents/Repository/chipwhisperer/firmware/mcu/hal/chipwhisperer-fw-extra/stm32f4/stm32f4_hal_lowlevel.c **** 
 1271              		.loc 1 343 21 is_stmt 0 view .LVU464
 1272 0292 FFF7FEFF 		bl	HAL_GetTick
 1273              	.LVL107:
 348:/home/pacl/Documents/Repository/chipwhisperer/firmware/mcu/hal/chipwhisperer-fw-extra/stm32f4/stm32f4_hal_lowlevel.c ****           {
 1274              		.loc 1 348 13 discriminator 1 view .LVU465
 1275 0296 284E     		ldr	r6, .L105+8
 343:/home/pacl/Documents/Repository/chipwhisperer/firmware/mcu/hal/chipwhisperer-fw-extra/stm32f4/stm32f4_hal_lowlevel.c **** 
 1276              		.loc 1 343 21 view .LVU466
 1277 0298 0546     		mov	r5, r0
 1278              	.LVL108:
 346:/home/pacl/Documents/Repository/chipwhisperer/firmware/mcu/hal/chipwhisperer-fw-extra/stm32f4/stm32f4_hal_lowlevel.c ****         {
 1279              		.loc 1 346 9 is_stmt 1 view .LVU467
 1280              	.L76:
 346:/home/pacl/Documents/Repository/chipwhisperer/firmware/mcu/hal/chipwhisperer-fw-extra/stm32f4/stm32f4_hal_lowlevel.c ****         {
 1281              		.loc 1 346 51 view .LVU468
 346:/home/pacl/Documents/Repository/chipwhisperer/firmware/mcu/hal/chipwhisperer-fw-extra/stm32f4/stm32f4_hal_lowlevel.c ****         {
 1282              		.loc 1 346 15 is_stmt 0 view .LVU469
 1283 029a 2368     		ldr	r3, [r4]
 346:/home/pacl/Documents/Repository/chipwhisperer/firmware/mcu/hal/chipwhisperer-fw-extra/stm32f4/stm32f4_hal_lowlevel.c ****         {
 1284              		.loc 1 346 51 view .LVU470
 1285 029c 9801     		lsls	r0, r3, #6
 1286 029e 32D4     		bmi	.L77
 355:/home/pacl/Documents/Repository/chipwhisperer/firmware/mcu/hal/chipwhisperer-fw-extra/stm32f4/stm32f4_hal_lowlevel.c ****                                  RCC_OscInitStruct->PLL.PLLM                                       
 1287              		.loc 1 355 9 is_stmt 1 view .LVU471
 1288              	.LVL109:
 1289              	.LBB175:
 1290              	.LBI175:
 526:/home/pacl/Documents/Repository/chipwhisperer/firmware/mcu/hal/chipwhisperer-fw-extra/stm32f4/CMSIS/core/cmsis_gcc.h **** {
 1291              		.loc 2 526 57 view .LVU472
 1292              	.LBB176:
 528:/home/pacl/Documents/Repository/chipwhisperer/firmware/mcu/hal/chipwhisperer-fw-extra/stm32f4/CMSIS/core/cmsis_gcc.h **** 
 1293              		.loc 2 528 3 view .LVU473
 531:/home/pacl/Documents/Repository/chipwhisperer/firmware/mcu/hal/chipwhisperer-fw-extra/stm32f4/CMSIS/core/cmsis_gcc.h **** #else
 1294              		.loc 2 531 4 view .LVU474
 1295 02a0 47F6C072 		movw	r2, #32704
 1296              		.syntax unified
 1297              	@ 531 "/home/pacl/Documents/Repository/chipwhisperer/firmware/mcu/hal/chipwhisperer-fw-extra/stm32f
 1298 02a4 92FAA2F2 		rbit r2, r2
 1299              	@ 0 "" 2
 1300              	.LVL110:
 1301              		.loc 2 544 3 view .LVU475
 1302              		.loc 2 544 3 is_stmt 0 view .LVU476
 1303              		.thumb
 1304              		.syntax unified
 1305              	.LBE176:
 1306              	.LBE175:
 1307              	.LBB177:
 1308              	.LBB178:
 531:/home/pacl/Documents/Repository/chipwhisperer/firmware/mcu/hal/chipwhisperer-fw-extra/stm32f4/CMSIS/core/cmsis_gcc.h **** #else
 1309              		.loc 2 531 4 view .LVU477
 1310 02a8 4FF44035 		mov	r5, #196608
 1311              	.LVL111:
 531:/home/pacl/Documents/Repository/chipwhisperer/firmware/mcu/hal/chipwhisperer-fw-extra/stm32f4/CMSIS/core/cmsis_gcc.h **** #else
 1312              		.loc 2 531 4 view .LVU478
 1313              	.LBE178:
 1314              	.LBE177:
 355:/home/pacl/Documents/Repository/chipwhisperer/firmware/mcu/hal/chipwhisperer-fw-extra/stm32f4/stm32f4_hal_lowlevel.c ****                                  RCC_OscInitStruct->PLL.PLLM                                       
 1315              		.loc 1 355 9 discriminator 1 view .LVU479
 1316 02ac B2FA82F2 		clz	r2, r2
 1317              	.LVL112:
 1318              	.LBB180:
 1319              	.LBI177:
 526:/home/pacl/Documents/Repository/chipwhisperer/firmware/mcu/hal/chipwhisperer-fw-extra/stm32f4/CMSIS/core/cmsis_gcc.h **** {
 1320              		.loc 2 526 57 is_stmt 1 view .LVU480
 1321              	.LBB179:
 528:/home/pacl/Documents/Repository/chipwhisperer/firmware/mcu/hal/chipwhisperer-fw-extra/stm32f4/CMSIS/core/cmsis_gcc.h **** 
 1322              		.loc 2 528 3 view .LVU481
 531:/home/pacl/Documents/Repository/chipwhisperer/firmware/mcu/hal/chipwhisperer-fw-extra/stm32f4/CMSIS/core/cmsis_gcc.h **** #else
 1323              		.loc 2 531 4 view .LVU482
 1324              		.syntax unified
 1325              	@ 531 "/home/pacl/Documents/Repository/chipwhisperer/firmware/mcu/hal/chipwhisperer-fw-extra/stm32f
 1326 02b0 95FAA5F5 		rbit r5, r5
 1327              	@ 0 "" 2
 1328              	.LVL113:
 1329              		.loc 2 544 3 view .LVU483
 1330              		.loc 2 544 3 is_stmt 0 view .LVU484
 1331              		.thumb
 1332              		.syntax unified
 1333              	.LBE179:
 1334              	.LBE180:
 1335              	.LBB181:
 1336              	.LBB182:
 531:/home/pacl/Documents/Repository/chipwhisperer/firmware/mcu/hal/chipwhisperer-fw-extra/stm32f4/CMSIS/core/cmsis_gcc.h **** #else
 1337              		.loc 2 531 4 view .LVU485
 1338 02b4 4FF07060 		mov	r0, #251658240
 1339              	.LBE182:
 1340              	.LBE181:
 355:/home/pacl/Documents/Repository/chipwhisperer/firmware/mcu/hal/chipwhisperer-fw-extra/stm32f4/stm32f4_hal_lowlevel.c ****                                  RCC_OscInitStruct->PLL.PLLM                                       
 1341              		.loc 1 355 9 discriminator 3 view .LVU486
 1342 02b8 B5FA85F5 		clz	r5, r5
 1343              	.LVL114:
 1344              	.LBB184:
 1345              	.LBI181:
 526:/home/pacl/Documents/Repository/chipwhisperer/firmware/mcu/hal/chipwhisperer-fw-extra/stm32f4/CMSIS/core/cmsis_gcc.h **** {
 1346              		.loc 2 526 57 is_stmt 1 view .LVU487
 1347              	.LBB183:
 528:/home/pacl/Documents/Repository/chipwhisperer/firmware/mcu/hal/chipwhisperer-fw-extra/stm32f4/CMSIS/core/cmsis_gcc.h **** 
 1348              		.loc 2 528 3 view .LVU488
 531:/home/pacl/Documents/Repository/chipwhisperer/firmware/mcu/hal/chipwhisperer-fw-extra/stm32f4/CMSIS/core/cmsis_gcc.h **** #else
 1349              		.loc 2 531 4 view .LVU489
 1350              		.syntax unified
 1351              	@ 531 "/home/pacl/Documents/Repository/chipwhisperer/firmware/mcu/hal/chipwhisperer-fw-extra/stm32f
 1352 02bc 90FAA0F0 		rbit r0, r0
 1353              	@ 0 "" 2
 1354              	.LVL115:
 1355              		.loc 2 544 3 view .LVU490
 1356              		.loc 2 544 3 is_stmt 0 view .LVU491
 1357              		.thumb
 1358              		.syntax unified
 1359              	.LBE183:
 1360              	.LBE184:
 355:/home/pacl/Documents/Repository/chipwhisperer/firmware/mcu/hal/chipwhisperer-fw-extra/stm32f4/stm32f4_hal_lowlevel.c ****                                  RCC_OscInitStruct->PLL.PLLM                                       
 1361              		.loc 1 355 9 view .LVU492
 1362 02c0 D1E90736 		ldrd	r3, r6, [r1, #28]
 1363 02c4 3343     		orrs	r3, r3, r6
 355:/home/pacl/Documents/Repository/chipwhisperer/firmware/mcu/hal/chipwhisperer-fw-extra/stm32f4/stm32f4_hal_lowlevel.c ****                                  RCC_OscInitStruct->PLL.PLLM                                       
 1364              		.loc 1 355 9 discriminator 2 view .LVU493
 1365 02c6 4E6A     		ldr	r6, [r1, #36]
 1366 02c8 9640     		lsls	r6, r6, r2
 1367 02ca 8A6A     		ldr	r2, [r1, #40]
 1368 02cc 5208     		lsrs	r2, r2, #1
 1369 02ce 013A     		subs	r2, r2, #1
 355:/home/pacl/Documents/Repository/chipwhisperer/firmware/mcu/hal/chipwhisperer-fw-extra/stm32f4/stm32f4_hal_lowlevel.c ****                                  RCC_OscInitStruct->PLL.PLLM                                       
 1370              		.loc 1 355 9 discriminator 4 view .LVU494
 1371 02d0 AA40     		lsls	r2, r2, r5
 355:/home/pacl/Documents/Repository/chipwhisperer/firmware/mcu/hal/chipwhisperer-fw-extra/stm32f4/stm32f4_hal_lowlevel.c ****                                  RCC_OscInitStruct->PLL.PLLM                                       
 1372              		.loc 1 355 9 discriminator 2 view .LVU495
 1373 02d2 3343     		orrs	r3, r3, r6
 355:/home/pacl/Documents/Repository/chipwhisperer/firmware/mcu/hal/chipwhisperer-fw-extra/stm32f4/stm32f4_hal_lowlevel.c ****                                  RCC_OscInitStruct->PLL.PLLM                                       
 1374              		.loc 1 355 9 discriminator 4 view .LVU496
 1375 02d4 1343     		orrs	r3, r3, r2
 355:/home/pacl/Documents/Repository/chipwhisperer/firmware/mcu/hal/chipwhisperer-fw-extra/stm32f4/stm32f4_hal_lowlevel.c ****                                  RCC_OscInitStruct->PLL.PLLM                                       
 1376              		.loc 1 355 9 discriminator 6 view .LVU497
 1377 02d6 CA6A     		ldr	r2, [r1, #44]
 369:/home/pacl/Documents/Repository/chipwhisperer/firmware/mcu/hal/chipwhisperer-fw-extra/stm32f4/stm32f4_hal_lowlevel.c ****           {
 1378              		.loc 1 369 13 discriminator 1 view .LVU498
 1379 02d8 174D     		ldr	r5, .L105+8
 355:/home/pacl/Documents/Repository/chipwhisperer/firmware/mcu/hal/chipwhisperer-fw-extra/stm32f4/stm32f4_hal_lowlevel.c ****                                  RCC_OscInitStruct->PLL.PLLM                                       
 1380              		.loc 1 355 9 discriminator 5 view .LVU499
 1381 02da B0FA80F0 		clz	r0, r0
 355:/home/pacl/Documents/Repository/chipwhisperer/firmware/mcu/hal/chipwhisperer-fw-extra/stm32f4/stm32f4_hal_lowlevel.c ****                                  RCC_OscInitStruct->PLL.PLLM                                       
 1382              		.loc 1 355 9 discriminator 6 view .LVU500
 1383 02de 8240     		lsls	r2, r2, r0
 1384 02e0 1343     		orrs	r3, r3, r2
 1385 02e2 6360     		str	r3, [r4, #4]
 361:/home/pacl/Documents/Repository/chipwhisperer/firmware/mcu/hal/chipwhisperer-fw-extra/stm32f4/stm32f4_hal_lowlevel.c **** 
 1386              		.loc 1 361 9 is_stmt 1 view .LVU501
 1387 02e4 134B     		ldr	r3, .L105+4
 367:/home/pacl/Documents/Repository/chipwhisperer/firmware/mcu/hal/chipwhisperer-fw-extra/stm32f4/stm32f4_hal_lowlevel.c ****         {
 1388              		.loc 1 367 15 is_stmt 0 view .LVU502
 1389 02e6 124C     		ldr	r4, .L105
 361:/home/pacl/Documents/Repository/chipwhisperer/firmware/mcu/hal/chipwhisperer-fw-extra/stm32f4/stm32f4_hal_lowlevel.c **** 
 1390              		.loc 1 361 9 view .LVU503
 1391 02e8 0122     		movs	r2, #1
 1392 02ea 1A66     		str	r2, [r3, #96]
 364:/home/pacl/Documents/Repository/chipwhisperer/firmware/mcu/hal/chipwhisperer-fw-extra/stm32f4/stm32f4_hal_lowlevel.c **** 
 1393              		.loc 1 364 9 is_stmt 1 view .LVU504
 364:/home/pacl/Documents/Repository/chipwhisperer/firmware/mcu/hal/chipwhisperer-fw-extra/stm32f4/stm32f4_hal_lowlevel.c **** 
 1394              		.loc 1 364 21 is_stmt 0 view .LVU505
 1395 02ec FFF7FEFF 		bl	HAL_GetTick
 1396              	.LVL116:
 1397 02f0 0146     		mov	r1, r0
 1398              	.LVL117:
 367:/home/pacl/Documents/Repository/chipwhisperer/firmware/mcu/hal/chipwhisperer-fw-extra/stm32f4/stm32f4_hal_lowlevel.c ****         {
 1399              		.loc 1 367 9 is_stmt 1 view .LVU506
 1400              	.L78:
 367:/home/pacl/Documents/Repository/chipwhisperer/firmware/mcu/hal/chipwhisperer-fw-extra/stm32f4/stm32f4_hal_lowlevel.c ****         {
 1401              		.loc 1 367 51 view .LVU507
 367:/home/pacl/Documents/Repository/chipwhisperer/firmware/mcu/hal/chipwhisperer-fw-extra/stm32f4/stm32f4_hal_lowlevel.c ****         {
 1402              		.loc 1 367 15 is_stmt 0 view .LVU508
 1403 02f2 2368     		ldr	r3, [r4]
 367:/home/pacl/Documents/Repository/chipwhisperer/firmware/mcu/hal/chipwhisperer-fw-extra/stm32f4/stm32f4_hal_lowlevel.c ****         {
 1404              		.loc 1 367 51 view .LVU509
 1405 02f4 9A01     		lsls	r2, r3, #6
 1406 02f6 3FF5C2AE 		bmi	.L64
 369:/home/pacl/Documents/Repository/chipwhisperer/firmware/mcu/hal/chipwhisperer-fw-extra/stm32f4/stm32f4_hal_lowlevel.c ****           {
 1407              		.loc 1 369 11 is_stmt 1 view .LVU510
 369:/home/pacl/Documents/Repository/chipwhisperer/firmware/mcu/hal/chipwhisperer-fw-extra/stm32f4/stm32f4_hal_lowlevel.c ****           {
 1408              		.loc 1 369 15 is_stmt 0 view .LVU511
 1409 02fa FFF7FEFF 		bl	HAL_GetTick
 1410              	.LVL118:
 369:/home/pacl/Documents/Repository/chipwhisperer/firmware/mcu/hal/chipwhisperer-fw-extra/stm32f4/stm32f4_hal_lowlevel.c ****           {
 1411              		.loc 1 369 29 discriminator 1 view .LVU512
 1412 02fe 401A     		subs	r0, r0, r1
 369:/home/pacl/Documents/Repository/chipwhisperer/firmware/mcu/hal/chipwhisperer-fw-extra/stm32f4/stm32f4_hal_lowlevel.c ****           {
 1413              		.loc 1 369 13 discriminator 1 view .LVU513
 1414 0300 A842     		cmp	r0, r5
 1415 0302 F6D9     		bls	.L78
 1416 0304 EBE6     		b	.L42
 1417              	.LVL119:
 1418              	.L77:
 348:/home/pacl/Documents/Repository/chipwhisperer/firmware/mcu/hal/chipwhisperer-fw-extra/stm32f4/stm32f4_hal_lowlevel.c ****           {
 1419              		.loc 1 348 11 is_stmt 1 view .LVU514
 348:/home/pacl/Documents/Repository/chipwhisperer/firmware/mcu/hal/chipwhisperer-fw-extra/stm32f4/stm32f4_hal_lowlevel.c ****           {
 1420              		.loc 1 348 15 is_stmt 0 view .LVU515
 1421 0306 FFF7FEFF 		bl	HAL_GetTick
 1422              	.LVL120:
 348:/home/pacl/Documents/Repository/chipwhisperer/firmware/mcu/hal/chipwhisperer-fw-extra/stm32f4/stm32f4_hal_lowlevel.c ****           {
 1423              		.loc 1 348 29 discriminator 1 view .LVU516
 1424 030a 401B     		subs	r0, r0, r5
 348:/home/pacl/Documents/Repository/chipwhisperer/firmware/mcu/hal/chipwhisperer-fw-extra/stm32f4/stm32f4_hal_lowlevel.c ****           {
 1425              		.loc 1 348 13 discriminator 1 view .LVU517
 1426 030c B042     		cmp	r0, r6
 1427 030e C4D9     		bls	.L76
 1428 0310 E5E6     		b	.L42
 1429              	.LVL121:
 1430              	.L75:
 378:/home/pacl/Documents/Repository/chipwhisperer/firmware/mcu/hal/chipwhisperer-fw-extra/stm32f4/stm32f4_hal_lowlevel.c **** 
 1431              		.loc 1 378 9 is_stmt 1 view .LVU518
 381:/home/pacl/Documents/Repository/chipwhisperer/firmware/mcu/hal/chipwhisperer-fw-extra/stm32f4/stm32f4_hal_lowlevel.c **** 
 1432              		.loc 1 381 9 view .LVU519
 381:/home/pacl/Documents/Repository/chipwhisperer/firmware/mcu/hal/chipwhisperer-fw-extra/stm32f4/stm32f4_hal_lowlevel.c **** 
 1433              		.loc 1 381 21 is_stmt 0 view .LVU520
 1434 0312 FFF7FEFF 		bl	HAL_GetTick
 1435              	.LVL122:
 386:/home/pacl/Documents/Repository/chipwhisperer/firmware/mcu/hal/chipwhisperer-fw-extra/stm32f4/stm32f4_hal_lowlevel.c ****           {
 1436              		.loc 1 386 13 discriminator 1 view .LVU521
 1437 0316 084D     		ldr	r5, .L105+8
 381:/home/pacl/Documents/Repository/chipwhisperer/firmware/mcu/hal/chipwhisperer-fw-extra/stm32f4/stm32f4_hal_lowlevel.c **** 
 1438              		.loc 1 381 21 view .LVU522
 1439 0318 0146     		mov	r1, r0
 1440              	.LVL123:
 384:/home/pacl/Documents/Repository/chipwhisperer/firmware/mcu/hal/chipwhisperer-fw-extra/stm32f4/stm32f4_hal_lowlevel.c ****         {
 1441              		.loc 1 384 9 is_stmt 1 view .LVU523
 1442              	.L80:
 384:/home/pacl/Documents/Repository/chipwhisperer/firmware/mcu/hal/chipwhisperer-fw-extra/stm32f4/stm32f4_hal_lowlevel.c ****         {
 1443              		.loc 1 384 51 view .LVU524
 384:/home/pacl/Documents/Repository/chipwhisperer/firmware/mcu/hal/chipwhisperer-fw-extra/stm32f4/stm32f4_hal_lowlevel.c ****         {
 1444              		.loc 1 384 15 is_stmt 0 view .LVU525
 1445 031a 2368     		ldr	r3, [r4]
 384:/home/pacl/Documents/Repository/chipwhisperer/firmware/mcu/hal/chipwhisperer-fw-extra/stm32f4/stm32f4_hal_lowlevel.c ****         {
 1446              		.loc 1 384 51 view .LVU526
 1447 031c 9B01     		lsls	r3, r3, #6
 1448 031e 7FF5AEAE 		bpl	.L64
 386:/home/pacl/Documents/Repository/chipwhisperer/firmware/mcu/hal/chipwhisperer-fw-extra/stm32f4/stm32f4_hal_lowlevel.c ****           {
 1449              		.loc 1 386 11 is_stmt 1 view .LVU527
 386:/home/pacl/Documents/Repository/chipwhisperer/firmware/mcu/hal/chipwhisperer-fw-extra/stm32f4/stm32f4_hal_lowlevel.c ****           {
 1450              		.loc 1 386 15 is_stmt 0 view .LVU528
 1451 0322 FFF7FEFF 		bl	HAL_GetTick
 1452              	.LVL124:
 386:/home/pacl/Documents/Repository/chipwhisperer/firmware/mcu/hal/chipwhisperer-fw-extra/stm32f4/stm32f4_hal_lowlevel.c ****           {
 1453              		.loc 1 386 29 discriminator 1 view .LVU529
 1454 0326 401A     		subs	r0, r0, r1
 386:/home/pacl/Documents/Repository/chipwhisperer/firmware/mcu/hal/chipwhisperer-fw-extra/stm32f4/stm32f4_hal_lowlevel.c ****           {
 1455              		.loc 1 386 13 discriminator 1 view .LVU530
 1456 0328 A842     		cmp	r0, r5
 1457 032a F6D9     		bls	.L80
 1458 032c D7E6     		b	.L42
 1459              	.L106:
 1460 032e 00BF     		.align	2
 1461              	.L105:
 1462 0330 00380240 		.word	1073887232
 1463 0334 00004742 		.word	1111949312
 1464 0338 80841E00 		.word	2000000
 1465              		.cfi_endproc
 1466              	.LFE128:
 1468              		.section	.text.HAL_RCC_ClockConfig,"ax",%progbits
 1469              		.align	1
 1470              		.global	HAL_RCC_ClockConfig
 1471              		.syntax unified
 1472              		.thumb
 1473              		.thumb_func
 1475              	HAL_RCC_ClockConfig:
 1476              	.LVL125:
 1477              	.LFB129:
 427:/home/pacl/Documents/Repository/chipwhisperer/firmware/mcu/hal/chipwhisperer-fw-extra/stm32f4/stm32f4_hal_lowlevel.c ****   uint32_t tickstart = 0U;
 1478              		.loc 1 427 1 is_stmt 1 view -0
 1479              		.cfi_startproc
 1480              		@ args = 0, pretend = 0, frame = 0
 1481              		@ frame_needed = 0, uses_anonymous_args = 0
 428:/home/pacl/Documents/Repository/chipwhisperer/firmware/mcu/hal/chipwhisperer-fw-extra/stm32f4/stm32f4_hal_lowlevel.c **** 
 1482              		.loc 1 428 3 view .LVU532
 431:/home/pacl/Documents/Repository/chipwhisperer/firmware/mcu/hal/chipwhisperer-fw-extra/stm32f4/stm32f4_hal_lowlevel.c ****   assert_param(IS_FLASH_LATENCY(FLatency));
 1483              		.loc 1 431 3 view .LVU533
 432:/home/pacl/Documents/Repository/chipwhisperer/firmware/mcu/hal/chipwhisperer-fw-extra/stm32f4/stm32f4_hal_lowlevel.c **** 
 1484              		.loc 1 432 3 view .LVU534
 439:/home/pacl/Documents/Repository/chipwhisperer/firmware/mcu/hal/chipwhisperer-fw-extra/stm32f4/stm32f4_hal_lowlevel.c ****   {
 1485              		.loc 1 439 3 view .LVU535
 427:/home/pacl/Documents/Repository/chipwhisperer/firmware/mcu/hal/chipwhisperer-fw-extra/stm32f4/stm32f4_hal_lowlevel.c ****   uint32_t tickstart = 0U;
 1486              		.loc 1 427 1 is_stmt 0 view .LVU536
 1487 0000 F8B5     		push	{r3, r4, r5, r6, r7, lr}
 1488              	.LCFI4:
 1489              		.cfi_def_cfa_offset 24
 1490              		.cfi_offset 3, -24
 1491              		.cfi_offset 4, -20
 1492              		.cfi_offset 5, -16
 1493              		.cfi_offset 6, -12
 1494              		.cfi_offset 7, -8
 1495              		.cfi_offset 14, -4
 439:/home/pacl/Documents/Repository/chipwhisperer/firmware/mcu/hal/chipwhisperer-fw-extra/stm32f4/stm32f4_hal_lowlevel.c ****   {
 1496              		.loc 1 439 23 view .LVU537
 1497 0002 494B     		ldr	r3, .L155
 1498 0004 1A68     		ldr	r2, [r3]
 439:/home/pacl/Documents/Repository/chipwhisperer/firmware/mcu/hal/chipwhisperer-fw-extra/stm32f4/stm32f4_hal_lowlevel.c ****   {
 1499              		.loc 1 439 29 view .LVU538
 1500 0006 02F00F02 		and	r2, r2, #15
 439:/home/pacl/Documents/Repository/chipwhisperer/firmware/mcu/hal/chipwhisperer-fw-extra/stm32f4/stm32f4_hal_lowlevel.c ****   {
 1501              		.loc 1 439 5 view .LVU539
 1502 000a 8A42     		cmp	r2, r1
 427:/home/pacl/Documents/Repository/chipwhisperer/firmware/mcu/hal/chipwhisperer-fw-extra/stm32f4/stm32f4_hal_lowlevel.c ****   uint32_t tickstart = 0U;
 1503              		.loc 1 427 1 view .LVU540
 1504 000c 0446     		mov	r4, r0
 439:/home/pacl/Documents/Repository/chipwhisperer/firmware/mcu/hal/chipwhisperer-fw-extra/stm32f4/stm32f4_hal_lowlevel.c ****   {
 1505              		.loc 1 439 5 view .LVU541
 1506 000e 11D3     		bcc	.L108
 1507              	.L111:
 453:/home/pacl/Documents/Repository/chipwhisperer/firmware/mcu/hal/chipwhisperer-fw-extra/stm32f4/stm32f4_hal_lowlevel.c ****   {
 1508              		.loc 1 453 3 is_stmt 1 view .LVU542
 453:/home/pacl/Documents/Repository/chipwhisperer/firmware/mcu/hal/chipwhisperer-fw-extra/stm32f4/stm32f4_hal_lowlevel.c ****   {
 1509              		.loc 1 453 25 is_stmt 0 view .LVU543
 1510 0010 2268     		ldr	r2, [r4]
 453:/home/pacl/Documents/Repository/chipwhisperer/firmware/mcu/hal/chipwhisperer-fw-extra/stm32f4/stm32f4_hal_lowlevel.c ****   {
 1511              		.loc 1 453 5 view .LVU544
 1512 0012 9507     		lsls	r5, r2, #30
 1513 0014 17D4     		bmi	.L109
 1514              	.LVL126:
 1515              	.L110:
 460:/home/pacl/Documents/Repository/chipwhisperer/firmware/mcu/hal/chipwhisperer-fw-extra/stm32f4/stm32f4_hal_lowlevel.c ****   {
 1516              		.loc 1 460 3 is_stmt 1 view .LVU545
 460:/home/pacl/Documents/Repository/chipwhisperer/firmware/mcu/hal/chipwhisperer-fw-extra/stm32f4/stm32f4_hal_lowlevel.c ****   {
 1517              		.loc 1 460 5 is_stmt 0 view .LVU546
 1518 0016 D007     		lsls	r0, r2, #31
 1519 0018 1DD4     		bmi	.L113
 1520              	.LVL127:
 1521              	.L123:
 540:/home/pacl/Documents/Repository/chipwhisperer/firmware/mcu/hal/chipwhisperer-fw-extra/stm32f4/stm32f4_hal_lowlevel.c ****   {
 1522              		.loc 1 540 3 is_stmt 1 view .LVU547
 540:/home/pacl/Documents/Repository/chipwhisperer/firmware/mcu/hal/chipwhisperer-fw-extra/stm32f4/stm32f4_hal_lowlevel.c ****   {
 1523              		.loc 1 540 23 is_stmt 0 view .LVU548
 1524 001a 434B     		ldr	r3, .L155
 1525 001c 1A68     		ldr	r2, [r3]
 540:/home/pacl/Documents/Repository/chipwhisperer/firmware/mcu/hal/chipwhisperer-fw-extra/stm32f4/stm32f4_hal_lowlevel.c ****   {
 1526              		.loc 1 540 29 view .LVU549
 1527 001e 02F00F02 		and	r2, r2, #15
 540:/home/pacl/Documents/Repository/chipwhisperer/firmware/mcu/hal/chipwhisperer-fw-extra/stm32f4/stm32f4_hal_lowlevel.c ****   {
 1528              		.loc 1 540 5 view .LVU550
 1529 0022 8A42     		cmp	r2, r1
 1530 0024 67D8     		bhi	.L114
 1531              	.L115:
 554:/home/pacl/Documents/Repository/chipwhisperer/firmware/mcu/hal/chipwhisperer-fw-extra/stm32f4/stm32f4_hal_lowlevel.c ****   {
 1532              		.loc 1 554 3 is_stmt 1 view .LVU551
 554:/home/pacl/Documents/Repository/chipwhisperer/firmware/mcu/hal/chipwhisperer-fw-extra/stm32f4/stm32f4_hal_lowlevel.c ****   {
 1533              		.loc 1 554 25 is_stmt 0 view .LVU552
 1534 0026 2268     		ldr	r2, [r4]
 554:/home/pacl/Documents/Repository/chipwhisperer/firmware/mcu/hal/chipwhisperer-fw-extra/stm32f4/stm32f4_hal_lowlevel.c ****   {
 1535              		.loc 1 554 5 view .LVU553
 1536 0028 5107     		lsls	r1, r2, #29
 1537              	.LVL128:
 554:/home/pacl/Documents/Repository/chipwhisperer/firmware/mcu/hal/chipwhisperer-fw-extra/stm32f4/stm32f4_hal_lowlevel.c ****   {
 1538              		.loc 1 554 5 view .LVU554
 1539 002a 6CD4     		bmi	.L132
 1540              	.L133:
 561:/home/pacl/Documents/Repository/chipwhisperer/firmware/mcu/hal/chipwhisperer-fw-extra/stm32f4/stm32f4_hal_lowlevel.c ****   {
 1541              		.loc 1 561 3 is_stmt 1 view .LVU555
 561:/home/pacl/Documents/Repository/chipwhisperer/firmware/mcu/hal/chipwhisperer-fw-extra/stm32f4/stm32f4_hal_lowlevel.c ****   {
 1542              		.loc 1 561 5 is_stmt 0 view .LVU556
 1543 002c 1307     		lsls	r3, r2, #28
 1544 002e 72D4     		bmi	.L134
 1545              	.L135:
 573:/home/pacl/Documents/Repository/chipwhisperer/firmware/mcu/hal/chipwhisperer-fw-extra/stm32f4/stm32f4_hal_lowlevel.c **** }
 1546              		.loc 1 573 10 view .LVU557
 1547 0030 0020     		movs	r0, #0
 1548 0032 07E0     		b	.L112
 1549              	.LVL129:
 1550              	.L108:
 442:/home/pacl/Documents/Repository/chipwhisperer/firmware/mcu/hal/chipwhisperer-fw-extra/stm32f4/stm32f4_hal_lowlevel.c **** 
 1551              		.loc 1 442 5 is_stmt 1 view .LVU558
 1552 0034 CAB2     		uxtb	r2, r1
 1553 0036 1A70     		strb	r2, [r3]
 446:/home/pacl/Documents/Repository/chipwhisperer/firmware/mcu/hal/chipwhisperer-fw-extra/stm32f4/stm32f4_hal_lowlevel.c ****     {
 1554              		.loc 1 446 5 view .LVU559
 446:/home/pacl/Documents/Repository/chipwhisperer/firmware/mcu/hal/chipwhisperer-fw-extra/stm32f4/stm32f4_hal_lowlevel.c ****     {
 1555              		.loc 1 446 14 is_stmt 0 view .LVU560
 1556 0038 1B68     		ldr	r3, [r3]
 446:/home/pacl/Documents/Repository/chipwhisperer/firmware/mcu/hal/chipwhisperer-fw-extra/stm32f4/stm32f4_hal_lowlevel.c ****     {
 1557              		.loc 1 446 20 view .LVU561
 1558 003a 03F00F03 		and	r3, r3, #15
 446:/home/pacl/Documents/Repository/chipwhisperer/firmware/mcu/hal/chipwhisperer-fw-extra/stm32f4/stm32f4_hal_lowlevel.c ****     {
 1559              		.loc 1 446 7 view .LVU562
 1560 003e 8B42     		cmp	r3, r1
 1561 0040 E6D0     		beq	.L111
 1562              	.LVL130:
 1563              	.L117:
 448:/home/pacl/Documents/Repository/chipwhisperer/firmware/mcu/hal/chipwhisperer-fw-extra/stm32f4/stm32f4_hal_lowlevel.c ****     }
 1564              		.loc 1 448 14 view .LVU563
 1565 0042 0120     		movs	r0, #1
 1566              	.LVL131:
 1567              	.L112:
 574:/home/pacl/Documents/Repository/chipwhisperer/firmware/mcu/hal/chipwhisperer-fw-extra/stm32f4/stm32f4_hal_lowlevel.c **** 
 1568              		.loc 1 574 1 view .LVU564
 1569 0044 F8BD     		pop	{r3, r4, r5, r6, r7, pc}
 1570              	.LVL132:
 1571              	.L109:
 455:/home/pacl/Documents/Repository/chipwhisperer/firmware/mcu/hal/chipwhisperer-fw-extra/stm32f4/stm32f4_hal_lowlevel.c ****     MODIFY_REG(RCC->CFGR, RCC_CFGR_HPRE, RCC_ClkInitStruct->AHBCLKDivider);
 1572              		.loc 1 455 5 is_stmt 1 view .LVU565
 456:/home/pacl/Documents/Repository/chipwhisperer/firmware/mcu/hal/chipwhisperer-fw-extra/stm32f4/stm32f4_hal_lowlevel.c ****   }
 1573              		.loc 1 456 5 view .LVU566
 1574 0046 3948     		ldr	r0, .L155+4
 1575              	.LVL133:
 456:/home/pacl/Documents/Repository/chipwhisperer/firmware/mcu/hal/chipwhisperer-fw-extra/stm32f4/stm32f4_hal_lowlevel.c ****   }
 1576              		.loc 1 456 5 is_stmt 0 view .LVU567
 1577 0048 A568     		ldr	r5, [r4, #8]
 1578 004a 8368     		ldr	r3, [r0, #8]
 1579 004c 23F0F003 		bic	r3, r3, #240
 1580 0050 2B43     		orrs	r3, r3, r5
 1581 0052 8360     		str	r3, [r0, #8]
 1582 0054 DFE7     		b	.L110
 1583              	.L113:
 462:/home/pacl/Documents/Repository/chipwhisperer/firmware/mcu/hal/chipwhisperer-fw-extra/stm32f4/stm32f4_hal_lowlevel.c **** 
 1584              		.loc 1 462 5 is_stmt 1 view .LVU568
 465:/home/pacl/Documents/Repository/chipwhisperer/firmware/mcu/hal/chipwhisperer-fw-extra/stm32f4/stm32f4_hal_lowlevel.c ****     {
 1585              		.loc 1 465 5 view .LVU569
 465:/home/pacl/Documents/Repository/chipwhisperer/firmware/mcu/hal/chipwhisperer-fw-extra/stm32f4/stm32f4_hal_lowlevel.c ****     {
 1586              		.loc 1 465 25 is_stmt 0 view .LVU570
 1587 0056 6268     		ldr	r2, [r4, #4]
 1588 0058 344B     		ldr	r3, .L155+4
 465:/home/pacl/Documents/Repository/chipwhisperer/firmware/mcu/hal/chipwhisperer-fw-extra/stm32f4/stm32f4_hal_lowlevel.c ****     {
 1589              		.loc 1 465 7 view .LVU571
 1590 005a 012A     		cmp	r2, #1
 1591 005c 1DD1     		bne	.L116
 468:/home/pacl/Documents/Repository/chipwhisperer/firmware/mcu/hal/chipwhisperer-fw-extra/stm32f4/stm32f4_hal_lowlevel.c ****       {
 1592              		.loc 1 468 7 is_stmt 1 view .LVU572
 468:/home/pacl/Documents/Repository/chipwhisperer/firmware/mcu/hal/chipwhisperer-fw-extra/stm32f4/stm32f4_hal_lowlevel.c ****       {
 1593              		.loc 1 468 10 is_stmt 0 view .LVU573
 1594 005e 1B68     		ldr	r3, [r3]
 468:/home/pacl/Documents/Repository/chipwhisperer/firmware/mcu/hal/chipwhisperer-fw-extra/stm32f4/stm32f4_hal_lowlevel.c ****       {
 1595              		.loc 1 468 9 view .LVU574
 1596 0060 13F4003F 		tst	r3, #131072
 1597              	.L153:
 487:/home/pacl/Documents/Repository/chipwhisperer/firmware/mcu/hal/chipwhisperer-fw-extra/stm32f4/stm32f4_hal_lowlevel.c ****       {
 1598              		.loc 1 487 9 view .LVU575
 1599 0064 EDD0     		beq	.L117
 493:/home/pacl/Documents/Repository/chipwhisperer/firmware/mcu/hal/chipwhisperer-fw-extra/stm32f4/stm32f4_hal_lowlevel.c ****     /* Get Start Tick*/
 1600              		.loc 1 493 5 is_stmt 1 view .LVU576
 1601 0066 314D     		ldr	r5, .L155+4
 1602 0068 AB68     		ldr	r3, [r5, #8]
 1603 006a 23F00303 		bic	r3, r3, #3
 1604 006e 1343     		orrs	r3, r3, r2
 1605 0070 AB60     		str	r3, [r5, #8]
 495:/home/pacl/Documents/Repository/chipwhisperer/firmware/mcu/hal/chipwhisperer-fw-extra/stm32f4/stm32f4_hal_lowlevel.c **** 
 1606              		.loc 1 495 5 view .LVU577
 495:/home/pacl/Documents/Repository/chipwhisperer/firmware/mcu/hal/chipwhisperer-fw-extra/stm32f4/stm32f4_hal_lowlevel.c **** 
 1607              		.loc 1 495 17 is_stmt 0 view .LVU578
 1608 0072 FFF7FEFF 		bl	HAL_GetTick
 1609              	.LVL134:
 497:/home/pacl/Documents/Repository/chipwhisperer/firmware/mcu/hal/chipwhisperer-fw-extra/stm32f4/stm32f4_hal_lowlevel.c ****     {
 1610              		.loc 1 497 25 view .LVU579
 1611 0076 6368     		ldr	r3, [r4, #4]
 497:/home/pacl/Documents/Repository/chipwhisperer/firmware/mcu/hal/chipwhisperer-fw-extra/stm32f4/stm32f4_hal_lowlevel.c ****     {
 1612              		.loc 1 497 7 view .LVU580
 1613 0078 012B     		cmp	r3, #1
 495:/home/pacl/Documents/Repository/chipwhisperer/firmware/mcu/hal/chipwhisperer-fw-extra/stm32f4/stm32f4_hal_lowlevel.c **** 
 1614              		.loc 1 495 17 view .LVU581
 1615 007a 0646     		mov	r6, r0
 1616              	.LVL135:
 497:/home/pacl/Documents/Repository/chipwhisperer/firmware/mcu/hal/chipwhisperer-fw-extra/stm32f4/stm32f4_hal_lowlevel.c ****     {
 1617              		.loc 1 497 5 is_stmt 1 view .LVU582
 501:/home/pacl/Documents/Repository/chipwhisperer/firmware/mcu/hal/chipwhisperer-fw-extra/stm32f4/stm32f4_hal_lowlevel.c ****         {
 1618              		.loc 1 501 11 is_stmt 0 discriminator 1 view .LVU583
 1619 007c 41F28837 		movw	r7, #5000
 497:/home/pacl/Documents/Repository/chipwhisperer/firmware/mcu/hal/chipwhisperer-fw-extra/stm32f4/stm32f4_hal_lowlevel.c ****     {
 1620              		.loc 1 497 7 view .LVU584
 1621 0080 15D1     		bne	.L149
 1622              	.LVL136:
 1623              	.L120:
 499:/home/pacl/Documents/Repository/chipwhisperer/firmware/mcu/hal/chipwhisperer-fw-extra/stm32f4/stm32f4_hal_lowlevel.c ****       {
 1624              		.loc 1 499 44 is_stmt 1 view .LVU585
 499:/home/pacl/Documents/Repository/chipwhisperer/firmware/mcu/hal/chipwhisperer-fw-extra/stm32f4/stm32f4_hal_lowlevel.c ****       {
 1625              		.loc 1 499 14 is_stmt 0 view .LVU586
 1626 0082 AB68     		ldr	r3, [r5, #8]
 1627 0084 03F00C03 		and	r3, r3, #12
 499:/home/pacl/Documents/Repository/chipwhisperer/firmware/mcu/hal/chipwhisperer-fw-extra/stm32f4/stm32f4_hal_lowlevel.c ****       {
 1628              		.loc 1 499 44 view .LVU587
 1629 0088 042B     		cmp	r3, #4
 1630 008a C6D0     		beq	.L123
 501:/home/pacl/Documents/Repository/chipwhisperer/firmware/mcu/hal/chipwhisperer-fw-extra/stm32f4/stm32f4_hal_lowlevel.c ****         {
 1631              		.loc 1 501 9 is_stmt 1 view .LVU588
 501:/home/pacl/Documents/Repository/chipwhisperer/firmware/mcu/hal/chipwhisperer-fw-extra/stm32f4/stm32f4_hal_lowlevel.c ****         {
 1632              		.loc 1 501 13 is_stmt 0 view .LVU589
 1633 008c FFF7FEFF 		bl	HAL_GetTick
 1634              	.LVL137:
 501:/home/pacl/Documents/Repository/chipwhisperer/firmware/mcu/hal/chipwhisperer-fw-extra/stm32f4/stm32f4_hal_lowlevel.c ****         {
 1635              		.loc 1 501 27 discriminator 1 view .LVU590
 1636 0090 801B     		subs	r0, r0, r6
 501:/home/pacl/Documents/Repository/chipwhisperer/firmware/mcu/hal/chipwhisperer-fw-extra/stm32f4/stm32f4_hal_lowlevel.c ****         {
 1637              		.loc 1 501 11 discriminator 1 view .LVU591
 1638 0092 B842     		cmp	r0, r7
 1639 0094 F5D9     		bls	.L120
 1640              	.L126:
 503:/home/pacl/Documents/Repository/chipwhisperer/firmware/mcu/hal/chipwhisperer-fw-extra/stm32f4/stm32f4_hal_lowlevel.c ****         }
 1641              		.loc 1 503 18 view .LVU592
 1642 0096 0320     		movs	r0, #3
 1643 0098 D4E7     		b	.L112
 1644              	.LVL138:
 1645              	.L116:
 474:/home/pacl/Documents/Repository/chipwhisperer/firmware/mcu/hal/chipwhisperer-fw-extra/stm32f4/stm32f4_hal_lowlevel.c ****             (RCC_ClkInitStruct->SYSCLKSource == RCC_SYSCLKSOURCE_PLLRCLK))
 1646              		.loc 1 474 10 is_stmt 1 view .LVU593
 474:/home/pacl/Documents/Repository/chipwhisperer/firmware/mcu/hal/chipwhisperer-fw-extra/stm32f4/stm32f4_hal_lowlevel.c ****             (RCC_ClkInitStruct->SYSCLKSource == RCC_SYSCLKSOURCE_PLLRCLK))
 1647              		.loc 1 474 76 is_stmt 0 view .LVU594
 1648 009a 901E     		subs	r0, r2, #2
 474:/home/pacl/Documents/Repository/chipwhisperer/firmware/mcu/hal/chipwhisperer-fw-extra/stm32f4/stm32f4_hal_lowlevel.c ****             (RCC_ClkInitStruct->SYSCLKSource == RCC_SYSCLKSOURCE_PLLRCLK))
 1649              		.loc 1 474 12 view .LVU595
 1650 009c 0128     		cmp	r0, #1
 478:/home/pacl/Documents/Repository/chipwhisperer/firmware/mcu/hal/chipwhisperer-fw-extra/stm32f4/stm32f4_hal_lowlevel.c ****       {
 1651              		.loc 1 478 10 view .LVU596
 1652 009e 1B68     		ldr	r3, [r3]
 474:/home/pacl/Documents/Repository/chipwhisperer/firmware/mcu/hal/chipwhisperer-fw-extra/stm32f4/stm32f4_hal_lowlevel.c ****             (RCC_ClkInitStruct->SYSCLKSource == RCC_SYSCLKSOURCE_PLLRCLK))
 1653              		.loc 1 474 12 view .LVU597
 1654 00a0 02D8     		bhi	.L119
 478:/home/pacl/Documents/Repository/chipwhisperer/firmware/mcu/hal/chipwhisperer-fw-extra/stm32f4/stm32f4_hal_lowlevel.c ****       {
 1655              		.loc 1 478 7 is_stmt 1 view .LVU598
 478:/home/pacl/Documents/Repository/chipwhisperer/firmware/mcu/hal/chipwhisperer-fw-extra/stm32f4/stm32f4_hal_lowlevel.c ****       {
 1656              		.loc 1 478 9 is_stmt 0 view .LVU599
 1657 00a2 13F0007F 		tst	r3, #33554432
 1658 00a6 DDE7     		b	.L153
 1659              	.L119:
 487:/home/pacl/Documents/Repository/chipwhisperer/firmware/mcu/hal/chipwhisperer-fw-extra/stm32f4/stm32f4_hal_lowlevel.c ****       {
 1660              		.loc 1 487 7 is_stmt 1 view .LVU600
 487:/home/pacl/Documents/Repository/chipwhisperer/firmware/mcu/hal/chipwhisperer-fw-extra/stm32f4/stm32f4_hal_lowlevel.c ****       {
 1661              		.loc 1 487 9 is_stmt 0 view .LVU601
 1662 00a8 13F0020F 		tst	r3, #2
 1663 00ac DAE7     		b	.L153
 1664              	.LVL139:
 1665              	.L149:
 507:/home/pacl/Documents/Repository/chipwhisperer/firmware/mcu/hal/chipwhisperer-fw-extra/stm32f4/stm32f4_hal_lowlevel.c ****     {
 1666              		.loc 1 507 10 is_stmt 1 view .LVU602
 507:/home/pacl/Documents/Repository/chipwhisperer/firmware/mcu/hal/chipwhisperer-fw-extra/stm32f4/stm32f4_hal_lowlevel.c ****     {
 1667              		.loc 1 507 12 is_stmt 0 view .LVU603
 1668 00ae 022B     		cmp	r3, #2
 1669 00b0 0AD1     		bne	.L150
 1670              	.LVL140:
 1671              	.L124:
 509:/home/pacl/Documents/Repository/chipwhisperer/firmware/mcu/hal/chipwhisperer-fw-extra/stm32f4/stm32f4_hal_lowlevel.c ****       {
 1672              		.loc 1 509 44 is_stmt 1 view .LVU604
 509:/home/pacl/Documents/Repository/chipwhisperer/firmware/mcu/hal/chipwhisperer-fw-extra/stm32f4/stm32f4_hal_lowlevel.c ****       {
 1673              		.loc 1 509 14 is_stmt 0 view .LVU605
 1674 00b2 AB68     		ldr	r3, [r5, #8]
 1675 00b4 03F00C03 		and	r3, r3, #12
 509:/home/pacl/Documents/Repository/chipwhisperer/firmware/mcu/hal/chipwhisperer-fw-extra/stm32f4/stm32f4_hal_lowlevel.c ****       {
 1676              		.loc 1 509 44 view .LVU606
 1677 00b8 082B     		cmp	r3, #8
 1678 00ba AED0     		beq	.L123
 511:/home/pacl/Documents/Repository/chipwhisperer/firmware/mcu/hal/chipwhisperer-fw-extra/stm32f4/stm32f4_hal_lowlevel.c ****         {
 1679              		.loc 1 511 9 is_stmt 1 view .LVU607
 511:/home/pacl/Documents/Repository/chipwhisperer/firmware/mcu/hal/chipwhisperer-fw-extra/stm32f4/stm32f4_hal_lowlevel.c ****         {
 1680              		.loc 1 511 13 is_stmt 0 view .LVU608
 1681 00bc FFF7FEFF 		bl	HAL_GetTick
 1682              	.LVL141:
 511:/home/pacl/Documents/Repository/chipwhisperer/firmware/mcu/hal/chipwhisperer-fw-extra/stm32f4/stm32f4_hal_lowlevel.c ****         {
 1683              		.loc 1 511 27 discriminator 1 view .LVU609
 1684 00c0 801B     		subs	r0, r0, r6
 511:/home/pacl/Documents/Repository/chipwhisperer/firmware/mcu/hal/chipwhisperer-fw-extra/stm32f4/stm32f4_hal_lowlevel.c ****         {
 1685              		.loc 1 511 11 discriminator 1 view .LVU610
 1686 00c2 B842     		cmp	r0, r7
 1687 00c4 F5D9     		bls	.L124
 1688 00c6 E6E7     		b	.L126
 1689              	.LVL142:
 1690              	.L150:
 517:/home/pacl/Documents/Repository/chipwhisperer/firmware/mcu/hal/chipwhisperer-fw-extra/stm32f4/stm32f4_hal_lowlevel.c ****     {
 1691              		.loc 1 517 10 is_stmt 1 view .LVU611
 517:/home/pacl/Documents/Repository/chipwhisperer/firmware/mcu/hal/chipwhisperer-fw-extra/stm32f4/stm32f4_hal_lowlevel.c ****     {
 1692              		.loc 1 517 12 is_stmt 0 view .LVU612
 1693 00c8 032B     		cmp	r3, #3
 1694 00ca 0FD1     		bne	.L129
 1695              	.LVL143:
 1696              	.L128:
 519:/home/pacl/Documents/Repository/chipwhisperer/firmware/mcu/hal/chipwhisperer-fw-extra/stm32f4/stm32f4_hal_lowlevel.c ****       {
 1697              		.loc 1 519 44 is_stmt 1 view .LVU613
 519:/home/pacl/Documents/Repository/chipwhisperer/firmware/mcu/hal/chipwhisperer-fw-extra/stm32f4/stm32f4_hal_lowlevel.c ****       {
 1698              		.loc 1 519 14 is_stmt 0 view .LVU614
 1699 00cc AB68     		ldr	r3, [r5, #8]
 1700 00ce 03F00C03 		and	r3, r3, #12
 519:/home/pacl/Documents/Repository/chipwhisperer/firmware/mcu/hal/chipwhisperer-fw-extra/stm32f4/stm32f4_hal_lowlevel.c ****       {
 1701              		.loc 1 519 44 view .LVU615
 1702 00d2 0C2B     		cmp	r3, #12
 1703 00d4 A1D0     		beq	.L123
 521:/home/pacl/Documents/Repository/chipwhisperer/firmware/mcu/hal/chipwhisperer-fw-extra/stm32f4/stm32f4_hal_lowlevel.c ****         {
 1704              		.loc 1 521 9 is_stmt 1 view .LVU616
 521:/home/pacl/Documents/Repository/chipwhisperer/firmware/mcu/hal/chipwhisperer-fw-extra/stm32f4/stm32f4_hal_lowlevel.c ****         {
 1705              		.loc 1 521 13 is_stmt 0 view .LVU617
 1706 00d6 FFF7FEFF 		bl	HAL_GetTick
 1707              	.LVL144:
 521:/home/pacl/Documents/Repository/chipwhisperer/firmware/mcu/hal/chipwhisperer-fw-extra/stm32f4/stm32f4_hal_lowlevel.c ****         {
 1708              		.loc 1 521 27 discriminator 1 view .LVU618
 1709 00da 801B     		subs	r0, r0, r6
 521:/home/pacl/Documents/Repository/chipwhisperer/firmware/mcu/hal/chipwhisperer-fw-extra/stm32f4/stm32f4_hal_lowlevel.c ****         {
 1710              		.loc 1 521 11 discriminator 1 view .LVU619
 1711 00dc B842     		cmp	r0, r7
 1712 00de F5D9     		bls	.L128
 1713 00e0 D9E7     		b	.L126
 1714              	.L131:
 531:/home/pacl/Documents/Repository/chipwhisperer/firmware/mcu/hal/chipwhisperer-fw-extra/stm32f4/stm32f4_hal_lowlevel.c ****         {
 1715              		.loc 1 531 9 is_stmt 1 view .LVU620
 531:/home/pacl/Documents/Repository/chipwhisperer/firmware/mcu/hal/chipwhisperer-fw-extra/stm32f4/stm32f4_hal_lowlevel.c ****         {
 1716              		.loc 1 531 13 is_stmt 0 view .LVU621
 1717 00e2 FFF7FEFF 		bl	HAL_GetTick
 1718              	.LVL145:
 531:/home/pacl/Documents/Repository/chipwhisperer/firmware/mcu/hal/chipwhisperer-fw-extra/stm32f4/stm32f4_hal_lowlevel.c ****         {
 1719              		.loc 1 531 27 discriminator 1 view .LVU622
 1720 00e6 801B     		subs	r0, r0, r6
 531:/home/pacl/Documents/Repository/chipwhisperer/firmware/mcu/hal/chipwhisperer-fw-extra/stm32f4/stm32f4_hal_lowlevel.c ****         {
 1721              		.loc 1 531 11 discriminator 1 view .LVU623
 1722 00e8 B842     		cmp	r0, r7
 1723 00ea D4D8     		bhi	.L126
 1724              	.L129:
 529:/home/pacl/Documents/Repository/chipwhisperer/firmware/mcu/hal/chipwhisperer-fw-extra/stm32f4/stm32f4_hal_lowlevel.c ****       {
 1725              		.loc 1 529 43 is_stmt 1 view .LVU624
 529:/home/pacl/Documents/Repository/chipwhisperer/firmware/mcu/hal/chipwhisperer-fw-extra/stm32f4/stm32f4_hal_lowlevel.c ****       {
 1726              		.loc 1 529 13 is_stmt 0 view .LVU625
 1727 00ec AB68     		ldr	r3, [r5, #8]
 529:/home/pacl/Documents/Repository/chipwhisperer/firmware/mcu/hal/chipwhisperer-fw-extra/stm32f4/stm32f4_hal_lowlevel.c ****       {
 1728              		.loc 1 529 43 view .LVU626
 1729 00ee 13F00C0F 		tst	r3, #12
 1730 00f2 F6D1     		bne	.L131
 1731 00f4 91E7     		b	.L123
 1732              	.LVL146:
 1733              	.L114:
 543:/home/pacl/Documents/Repository/chipwhisperer/firmware/mcu/hal/chipwhisperer-fw-extra/stm32f4/stm32f4_hal_lowlevel.c **** 
 1734              		.loc 1 543 5 is_stmt 1 view .LVU627
 1735 00f6 CAB2     		uxtb	r2, r1
 1736 00f8 1A70     		strb	r2, [r3]
 547:/home/pacl/Documents/Repository/chipwhisperer/firmware/mcu/hal/chipwhisperer-fw-extra/stm32f4/stm32f4_hal_lowlevel.c ****     {
 1737              		.loc 1 547 5 view .LVU628
 547:/home/pacl/Documents/Repository/chipwhisperer/firmware/mcu/hal/chipwhisperer-fw-extra/stm32f4/stm32f4_hal_lowlevel.c ****     {
 1738              		.loc 1 547 14 is_stmt 0 view .LVU629
 1739 00fa 1B68     		ldr	r3, [r3]
 547:/home/pacl/Documents/Repository/chipwhisperer/firmware/mcu/hal/chipwhisperer-fw-extra/stm32f4/stm32f4_hal_lowlevel.c ****     {
 1740              		.loc 1 547 20 view .LVU630
 1741 00fc 03F00F03 		and	r3, r3, #15
 547:/home/pacl/Documents/Repository/chipwhisperer/firmware/mcu/hal/chipwhisperer-fw-extra/stm32f4/stm32f4_hal_lowlevel.c ****     {
 1742              		.loc 1 547 7 view .LVU631
 1743 0100 8B42     		cmp	r3, r1
 1744 0102 9ED1     		bne	.L117
 1745 0104 8FE7     		b	.L115
 1746              	.LVL147:
 1747              	.L132:
 556:/home/pacl/Documents/Repository/chipwhisperer/firmware/mcu/hal/chipwhisperer-fw-extra/stm32f4/stm32f4_hal_lowlevel.c ****     MODIFY_REG(RCC->CFGR, RCC_CFGR_PPRE1, RCC_ClkInitStruct->APB1CLKDivider);
 1748              		.loc 1 556 5 is_stmt 1 view .LVU632
 557:/home/pacl/Documents/Repository/chipwhisperer/firmware/mcu/hal/chipwhisperer-fw-extra/stm32f4/stm32f4_hal_lowlevel.c ****   }
 1749              		.loc 1 557 5 view .LVU633
 1750 0106 0949     		ldr	r1, .L155+4
 1751 0108 E068     		ldr	r0, [r4, #12]
 1752 010a 8B68     		ldr	r3, [r1, #8]
 1753 010c 23F4E053 		bic	r3, r3, #7168
 1754 0110 0343     		orrs	r3, r3, r0
 1755 0112 8B60     		str	r3, [r1, #8]
 1756 0114 8AE7     		b	.L133
 1757              	.L134:
 563:/home/pacl/Documents/Repository/chipwhisperer/firmware/mcu/hal/chipwhisperer-fw-extra/stm32f4/stm32f4_hal_lowlevel.c ****     MODIFY_REG(RCC->CFGR, RCC_CFGR_PPRE2, ((RCC_ClkInitStruct->APB2CLKDivider) << 3U));
 1758              		.loc 1 563 5 view .LVU634
 564:/home/pacl/Documents/Repository/chipwhisperer/firmware/mcu/hal/chipwhisperer-fw-extra/stm32f4/stm32f4_hal_lowlevel.c ****   }
 1759              		.loc 1 564 5 view .LVU635
 1760 0116 054A     		ldr	r2, .L155+4
 1761 0118 2169     		ldr	r1, [r4, #16]
 1762 011a 9368     		ldr	r3, [r2, #8]
 1763 011c 23F46043 		bic	r3, r3, #57344
 1764 0120 43EAC103 		orr	r3, r3, r1, lsl #3
 1765 0124 9360     		str	r3, [r2, #8]
 1766 0126 83E7     		b	.L135
 1767              	.L156:
 1768              		.align	2
 1769              	.L155:
 1770 0128 003C0240 		.word	1073888256
 1771 012c 00380240 		.word	1073887232
 1772              		.cfi_endproc
 1773              	.LFE129:
 1775              		.section	.text.HAL_RCC_GetPCLK1Freq,"ax",%progbits
 1776              		.align	1
 1777              		.global	HAL_RCC_GetPCLK1Freq
 1778              		.syntax unified
 1779              		.thumb
 1780              		.thumb_func
 1782              	HAL_RCC_GetPCLK1Freq:
 1783              	.LFB130:
 583:/home/pacl/Documents/Repository/chipwhisperer/firmware/mcu/hal/chipwhisperer-fw-extra/stm32f4/stm32f4_hal_lowlevel.c ****   /* Get HCLK source and Compute PCLK1 frequency ---------------------------*/
 1784              		.loc 1 583 1 view -0
 1785              		.cfi_startproc
 1786              		@ args = 0, pretend = 0, frame = 0
 1787              		@ frame_needed = 0, uses_anonymous_args = 0
 1788              		@ link register save eliminated.
 586:/home/pacl/Documents/Repository/chipwhisperer/firmware/mcu/hal/chipwhisperer-fw-extra/stm32f4/stm32f4_hal_lowlevel.c **** }
 1789              		.loc 1 586 3 view .LVU637
 587:/home/pacl/Documents/Repository/chipwhisperer/firmware/mcu/hal/chipwhisperer-fw-extra/stm32f4/stm32f4_hal_lowlevel.c **** 
 1790              		.loc 1 587 1 is_stmt 0 view .LVU638
 1791 0000 0048     		ldr	r0, .L158
 1792 0002 7047     		bx	lr
 1793              	.L159:
 1794              		.align	2
 1795              	.L158:
 1796 0004 10757000 		.word	7370000
 1797              		.cfi_endproc
 1798              	.LFE130:
 1800              		.section	.text.HAL_RCC_GetPCLK2Freq,"ax",%progbits
 1801              		.align	1
 1802              		.global	HAL_RCC_GetPCLK2Freq
 1803              		.syntax unified
 1804              		.thumb
 1805              		.thumb_func
 1807              	HAL_RCC_GetPCLK2Freq:
 1808              	.LFB146:
 1809              		.cfi_startproc
 595:/home/pacl/Documents/Repository/chipwhisperer/firmware/mcu/hal/chipwhisperer-fw-extra/stm32f4/stm32f4_hal_lowlevel.c **** {
 1810              		.loc 1 595 10 is_stmt 1 view -0
 1811              		@ args = 0, pretend = 0, frame = 0
 1812              		@ frame_needed = 0, uses_anonymous_args = 0
 1813              		@ link register save eliminated.
 1814 0000 0048     		ldr	r0, .L161
 1815 0002 7047     		bx	lr
 1816              	.L162:
 1817              		.align	2
 1818              	.L161:
 1819 0004 10757000 		.word	7370000
 1820              		.cfi_endproc
 1821              	.LFE146:
 1823              		.section	.text.HAL_GPIO_Init,"ax",%progbits
 1824              		.align	1
 1825              		.global	HAL_GPIO_Init
 1826              		.syntax unified
 1827              		.thumb
 1828              		.thumb_func
 1830              	HAL_GPIO_Init:
 1831              	.LVL148:
 1832              	.LFB132:
 623:/home/pacl/Documents/Repository/chipwhisperer/firmware/mcu/hal/chipwhisperer-fw-extra/stm32f4/stm32f4_hal_lowlevel.c ****   uint32_t position;
 1833              		.loc 1 623 1 view -0
 1834              		.cfi_startproc
 1835              		@ args = 0, pretend = 0, frame = 8
 1836              		@ frame_needed = 0, uses_anonymous_args = 0
 624:/home/pacl/Documents/Repository/chipwhisperer/firmware/mcu/hal/chipwhisperer-fw-extra/stm32f4/stm32f4_hal_lowlevel.c ****   uint32_t ioposition = 0x00U;
 1837              		.loc 1 624 3 view .LVU641
 625:/home/pacl/Documents/Repository/chipwhisperer/firmware/mcu/hal/chipwhisperer-fw-extra/stm32f4/stm32f4_hal_lowlevel.c ****   uint32_t iocurrent = 0x00U;
 1838              		.loc 1 625 3 view .LVU642
 626:/home/pacl/Documents/Repository/chipwhisperer/firmware/mcu/hal/chipwhisperer-fw-extra/stm32f4/stm32f4_hal_lowlevel.c ****   uint32_t temp = 0x00U;
 1839              		.loc 1 626 3 view .LVU643
 627:/home/pacl/Documents/Repository/chipwhisperer/firmware/mcu/hal/chipwhisperer-fw-extra/stm32f4/stm32f4_hal_lowlevel.c **** 
 1840              		.loc 1 627 3 view .LVU644
 630:/home/pacl/Documents/Repository/chipwhisperer/firmware/mcu/hal/chipwhisperer-fw-extra/stm32f4/stm32f4_hal_lowlevel.c ****   assert_param(IS_GPIO_PIN(GPIO_Init->Pin));
 1841              		.loc 1 630 3 view .LVU645
 631:/home/pacl/Documents/Repository/chipwhisperer/firmware/mcu/hal/chipwhisperer-fw-extra/stm32f4/stm32f4_hal_lowlevel.c ****   assert_param(IS_GPIO_MODE(GPIO_Init->Mode));
 1842              		.loc 1 631 3 view .LVU646
 632:/home/pacl/Documents/Repository/chipwhisperer/firmware/mcu/hal/chipwhisperer-fw-extra/stm32f4/stm32f4_hal_lowlevel.c ****   assert_param(IS_GPIO_PULL(GPIO_Init->Pull));
 1843              		.loc 1 632 3 view .LVU647
 633:/home/pacl/Documents/Repository/chipwhisperer/firmware/mcu/hal/chipwhisperer-fw-extra/stm32f4/stm32f4_hal_lowlevel.c **** 
 1844              		.loc 1 633 3 view .LVU648
 636:/home/pacl/Documents/Repository/chipwhisperer/firmware/mcu/hal/chipwhisperer-fw-extra/stm32f4/stm32f4_hal_lowlevel.c ****   {
 1845              		.loc 1 636 3 view .LVU649
 636:/home/pacl/Documents/Repository/chipwhisperer/firmware/mcu/hal/chipwhisperer-fw-extra/stm32f4/stm32f4_hal_lowlevel.c ****   {
 1846              		.loc 1 636 31 discriminator 1 view .LVU650
 623:/home/pacl/Documents/Repository/chipwhisperer/firmware/mcu/hal/chipwhisperer-fw-extra/stm32f4/stm32f4_hal_lowlevel.c ****   uint32_t position;
 1847              		.loc 1 623 1 is_stmt 0 view .LVU651
 1848 0000 2DE9F74F 		push	{r0, r1, r2, r4, r5, r6, r7, r8, r9, r10, fp, lr}
 1849              	.LCFI5:
 1850              		.cfi_def_cfa_offset 48
 1851              		.cfi_offset 4, -36
 1852              		.cfi_offset 5, -32
 1853              		.cfi_offset 6, -28
 1854              		.cfi_offset 7, -24
 1855              		.cfi_offset 8, -20
 1856              		.cfi_offset 9, -16
 1857              		.cfi_offset 10, -12
 1858              		.cfi_offset 11, -8
 1859              		.cfi_offset 14, -4
 1860              	.LBB185:
 694:/home/pacl/Documents/Repository/chipwhisperer/firmware/mcu/hal/chipwhisperer-fw-extra/stm32f4/stm32f4_hal_lowlevel.c **** 
 1861              		.loc 1 694 9 view .LVU652
 1862 0004 DFF8A481 		ldr	r8, .L191+8
 1863              	.LBE185:
 702:/home/pacl/Documents/Repository/chipwhisperer/firmware/mcu/hal/chipwhisperer-fw-extra/stm32f4/stm32f4_hal_lowlevel.c ****         temp &= ~((uint32_t)iocurrent);
 1864              		.loc 1 702 14 view .LVU653
 1865 0008 664A     		ldr	r2, .L191
 636:/home/pacl/Documents/Repository/chipwhisperer/firmware/mcu/hal/chipwhisperer-fw-extra/stm32f4/stm32f4_hal_lowlevel.c ****   {
 1866              		.loc 1 636 16 view .LVU654
 1867 000a 0023     		movs	r3, #0
 639:/home/pacl/Documents/Repository/chipwhisperer/firmware/mcu/hal/chipwhisperer-fw-extra/stm32f4/stm32f4_hal_lowlevel.c ****     /* Get the current IO position */
 1868              		.loc 1 639 16 view .LVU655
 1869 000c 4FF00109 		mov	r9, #1
 1870              	.LVL149:
 1871              	.L178:
 639:/home/pacl/Documents/Repository/chipwhisperer/firmware/mcu/hal/chipwhisperer-fw-extra/stm32f4/stm32f4_hal_lowlevel.c ****     /* Get the current IO position */
 1872              		.loc 1 639 5 is_stmt 1 view .LVU656
 641:/home/pacl/Documents/Repository/chipwhisperer/firmware/mcu/hal/chipwhisperer-fw-extra/stm32f4/stm32f4_hal_lowlevel.c **** 
 1873              		.loc 1 641 15 is_stmt 0 view .LVU657
 1874 0010 0C68     		ldr	r4, [r1]
 639:/home/pacl/Documents/Repository/chipwhisperer/firmware/mcu/hal/chipwhisperer-fw-extra/stm32f4/stm32f4_hal_lowlevel.c ****     /* Get the current IO position */
 1875              		.loc 1 639 16 view .LVU658
 1876 0012 09FA03FA 		lsl	r10, r9, r3
 1877              	.LVL150:
 641:/home/pacl/Documents/Repository/chipwhisperer/firmware/mcu/hal/chipwhisperer-fw-extra/stm32f4/stm32f4_hal_lowlevel.c **** 
 1878              		.loc 1 641 5 is_stmt 1 view .LVU659
 641:/home/pacl/Documents/Repository/chipwhisperer/firmware/mcu/hal/chipwhisperer-fw-extra/stm32f4/stm32f4_hal_lowlevel.c **** 
 1879              		.loc 1 641 15 is_stmt 0 view .LVU660
 1880 0016 0AEA0405 		and	r5, r10, r4
 1881              	.LVL151:
 643:/home/pacl/Documents/Repository/chipwhisperer/firmware/mcu/hal/chipwhisperer-fw-extra/stm32f4/stm32f4_hal_lowlevel.c ****     {
 1882              		.loc 1 643 5 is_stmt 1 view .LVU661
 643:/home/pacl/Documents/Repository/chipwhisperer/firmware/mcu/hal/chipwhisperer-fw-extra/stm32f4/stm32f4_hal_lowlevel.c ****     {
 1883              		.loc 1 643 7 is_stmt 0 view .LVU662
 1884 001a 3AEA0404 		bics	r4, r10, r4
 1885 001e 40F0AC80 		bne	.L165
 647:/home/pacl/Documents/Repository/chipwhisperer/firmware/mcu/hal/chipwhisperer-fw-extra/stm32f4/stm32f4_hal_lowlevel.c ****       {
 1886              		.loc 1 647 7 is_stmt 1 view .LVU663
 647:/home/pacl/Documents/Repository/chipwhisperer/firmware/mcu/hal/chipwhisperer-fw-extra/stm32f4/stm32f4_hal_lowlevel.c ****       {
 1887              		.loc 1 647 20 is_stmt 0 view .LVU664
 1888 0022 4C68     		ldr	r4, [r1, #4]
 647:/home/pacl/Documents/Repository/chipwhisperer/firmware/mcu/hal/chipwhisperer-fw-extra/stm32f4/stm32f4_hal_lowlevel.c ****       {
 1889              		.loc 1 647 9 view .LVU665
 1890 0024 24F0100E 		bic	lr, r4, #16
 1891 0028 BEF1020F 		cmp	lr, #2
 1892 002c 14D1     		bne	.L166
 650:/home/pacl/Documents/Repository/chipwhisperer/firmware/mcu/hal/chipwhisperer-fw-extra/stm32f4/stm32f4_hal_lowlevel.c ****         /* Configure Alternate function mapped with the current IO */
 1893              		.loc 1 650 9 is_stmt 1 view .LVU666
 652:/home/pacl/Documents/Repository/chipwhisperer/firmware/mcu/hal/chipwhisperer-fw-extra/stm32f4/stm32f4_hal_lowlevel.c ****         temp &= ~(0xFU << ((uint32_t)(position & 0x07U) * 4U)) ;
 1894              		.loc 1 652 9 view .LVU667
 652:/home/pacl/Documents/Repository/chipwhisperer/firmware/mcu/hal/chipwhisperer-fw-extra/stm32f4/stm32f4_hal_lowlevel.c ****         temp &= ~(0xFU << ((uint32_t)(position & 0x07U) * 4U)) ;
 1895              		.loc 1 652 36 is_stmt 0 view .LVU668
 1896 002e 4FEAD30C 		lsr	ip, r3, #3
 1897 0032 00EB8C0C 		add	ip, r0, ip, lsl #2
 653:/home/pacl/Documents/Repository/chipwhisperer/firmware/mcu/hal/chipwhisperer-fw-extra/stm32f4/stm32f4_hal_lowlevel.c ****         temp |= ((uint32_t)(GPIO_Init->Alternate) << (((uint32_t)position & 0x07U) * 4U));
 1898              		.loc 1 653 28 view .LVU669
 1899 0036 03F0070B 		and	fp, r3, #7
 652:/home/pacl/Documents/Repository/chipwhisperer/firmware/mcu/hal/chipwhisperer-fw-extra/stm32f4/stm32f4_hal_lowlevel.c ****         temp &= ~(0xFU << ((uint32_t)(position & 0x07U) * 4U)) ;
 1900              		.loc 1 652 14 view .LVU670
 1901 003a DCF82060 		ldr	r6, [ip, #32]
 1902              	.LVL152:
 653:/home/pacl/Documents/Repository/chipwhisperer/firmware/mcu/hal/chipwhisperer-fw-extra/stm32f4/stm32f4_hal_lowlevel.c ****         temp |= ((uint32_t)(GPIO_Init->Alternate) << (((uint32_t)position & 0x07U) * 4U));
 1903              		.loc 1 653 9 is_stmt 1 view .LVU671
 653:/home/pacl/Documents/Repository/chipwhisperer/firmware/mcu/hal/chipwhisperer-fw-extra/stm32f4/stm32f4_hal_lowlevel.c ****         temp |= ((uint32_t)(GPIO_Init->Alternate) << (((uint32_t)position & 0x07U) * 4U));
 1904              		.loc 1 653 57 is_stmt 0 view .LVU672
 1905 003e 4FEA8B0B 		lsl	fp, fp, #2
 653:/home/pacl/Documents/Repository/chipwhisperer/firmware/mcu/hal/chipwhisperer-fw-extra/stm32f4/stm32f4_hal_lowlevel.c ****         temp |= ((uint32_t)(GPIO_Init->Alternate) << (((uint32_t)position & 0x07U) * 4U));
 1906              		.loc 1 653 24 view .LVU673
 1907 0042 0F27     		movs	r7, #15
 1908 0044 07FA0BF7 		lsl	r7, r7, fp
 653:/home/pacl/Documents/Repository/chipwhisperer/firmware/mcu/hal/chipwhisperer-fw-extra/stm32f4/stm32f4_hal_lowlevel.c ****         temp |= ((uint32_t)(GPIO_Init->Alternate) << (((uint32_t)position & 0x07U) * 4U));
 1909              		.loc 1 653 14 view .LVU674
 1910 0048 26EA0707 		bic	r7, r6, r7
 1911              	.LVL153:
 654:/home/pacl/Documents/Repository/chipwhisperer/firmware/mcu/hal/chipwhisperer-fw-extra/stm32f4/stm32f4_hal_lowlevel.c ****         GPIOx->AFR[position >> 3U] = temp;
 1912              		.loc 1 654 9 is_stmt 1 view .LVU675
 654:/home/pacl/Documents/Repository/chipwhisperer/firmware/mcu/hal/chipwhisperer-fw-extra/stm32f4/stm32f4_hal_lowlevel.c ****         GPIOx->AFR[position >> 3U] = temp;
 1913              		.loc 1 654 51 is_stmt 0 view .LVU676
 1914 004c 0E69     		ldr	r6, [r1, #16]
 1915 004e 06FA0BF6 		lsl	r6, r6, fp
 654:/home/pacl/Documents/Repository/chipwhisperer/firmware/mcu/hal/chipwhisperer-fw-extra/stm32f4/stm32f4_hal_lowlevel.c ****         GPIOx->AFR[position >> 3U] = temp;
 1916              		.loc 1 654 14 view .LVU677
 1917 0052 3E43     		orrs	r6, r6, r7
 1918              	.LVL154:
 655:/home/pacl/Documents/Repository/chipwhisperer/firmware/mcu/hal/chipwhisperer-fw-extra/stm32f4/stm32f4_hal_lowlevel.c ****       }
 1919              		.loc 1 655 9 is_stmt 1 view .LVU678
 655:/home/pacl/Documents/Repository/chipwhisperer/firmware/mcu/hal/chipwhisperer-fw-extra/stm32f4/stm32f4_hal_lowlevel.c ****       }
 1920              		.loc 1 655 36 is_stmt 0 view .LVU679
 1921 0054 CCF82060 		str	r6, [ip, #32]
 1922              	.LVL155:
 1923              	.L166:
 659:/home/pacl/Documents/Repository/chipwhisperer/firmware/mcu/hal/chipwhisperer-fw-extra/stm32f4/stm32f4_hal_lowlevel.c ****       temp &= ~(GPIO_MODER_MODER0 << (position * 2U));
 1924              		.loc 1 659 7 is_stmt 1 view .LVU680
 659:/home/pacl/Documents/Repository/chipwhisperer/firmware/mcu/hal/chipwhisperer-fw-extra/stm32f4/stm32f4_hal_lowlevel.c ****       temp &= ~(GPIO_MODER_MODER0 << (position * 2U));
 1925              		.loc 1 659 12 is_stmt 0 view .LVU681
 1926 0058 D0F800B0 		ldr	fp, [r0]
 1927              	.LVL156:
 660:/home/pacl/Documents/Repository/chipwhisperer/firmware/mcu/hal/chipwhisperer-fw-extra/stm32f4/stm32f4_hal_lowlevel.c ****       temp |= ((GPIO_Init->Mode & GPIO_MODE) << (position * 2U));
 1928              		.loc 1 660 7 is_stmt 1 view .LVU682
 1929 005c 4FEA430C 		lsl	ip, r3, #1
 660:/home/pacl/Documents/Repository/chipwhisperer/firmware/mcu/hal/chipwhisperer-fw-extra/stm32f4/stm32f4_hal_lowlevel.c ****       temp |= ((GPIO_Init->Mode & GPIO_MODE) << (position * 2U));
 1930              		.loc 1 660 35 is_stmt 0 view .LVU683
 1931 0060 0326     		movs	r6, #3
 1932 0062 06FA0CF7 		lsl	r7, r6, ip
 660:/home/pacl/Documents/Repository/chipwhisperer/firmware/mcu/hal/chipwhisperer-fw-extra/stm32f4/stm32f4_hal_lowlevel.c ****       temp |= ((GPIO_Init->Mode & GPIO_MODE) << (position * 2U));
 1933              		.loc 1 660 12 view .LVU684
 1934 0066 2BEA070B 		bic	fp, fp, r7
 1935              	.LVL157:
 661:/home/pacl/Documents/Repository/chipwhisperer/firmware/mcu/hal/chipwhisperer-fw-extra/stm32f4/stm32f4_hal_lowlevel.c ****       GPIOx->MODER = temp;
 1936              		.loc 1 661 7 is_stmt 1 view .LVU685
 660:/home/pacl/Documents/Repository/chipwhisperer/firmware/mcu/hal/chipwhisperer-fw-extra/stm32f4/stm32f4_hal_lowlevel.c ****       temp |= ((GPIO_Init->Mode & GPIO_MODE) << (position * 2U));
 1937              		.loc 1 660 15 is_stmt 0 view .LVU686
 1938 006a FE43     		mvns	r6, r7
 661:/home/pacl/Documents/Repository/chipwhisperer/firmware/mcu/hal/chipwhisperer-fw-extra/stm32f4/stm32f4_hal_lowlevel.c ****       GPIOx->MODER = temp;
 1939              		.loc 1 661 33 view .LVU687
 1940 006c 04F00307 		and	r7, r4, #3
 661:/home/pacl/Documents/Repository/chipwhisperer/firmware/mcu/hal/chipwhisperer-fw-extra/stm32f4/stm32f4_hal_lowlevel.c ****       GPIOx->MODER = temp;
 1941              		.loc 1 661 46 view .LVU688
 1942 0070 07FA0CF7 		lsl	r7, r7, ip
 665:/home/pacl/Documents/Repository/chipwhisperer/firmware/mcu/hal/chipwhisperer-fw-extra/stm32f4/stm32f4_hal_lowlevel.c ****          (GPIO_Init->Mode == GPIO_MODE_OUTPUT_OD) || (GPIO_Init->Mode == GPIO_MODE_AF_OD))
 1943              		.loc 1 665 9 view .LVU689
 1944 0074 0EF1FF3E 		add	lr, lr, #-1
 661:/home/pacl/Documents/Repository/chipwhisperer/firmware/mcu/hal/chipwhisperer-fw-extra/stm32f4/stm32f4_hal_lowlevel.c ****       GPIOx->MODER = temp;
 1945              		.loc 1 661 12 view .LVU690
 1946 0078 47EA0B07 		orr	r7, r7, fp
 1947              	.LVL158:
 662:/home/pacl/Documents/Repository/chipwhisperer/firmware/mcu/hal/chipwhisperer-fw-extra/stm32f4/stm32f4_hal_lowlevel.c **** 
 1948              		.loc 1 662 7 is_stmt 1 view .LVU691
 665:/home/pacl/Documents/Repository/chipwhisperer/firmware/mcu/hal/chipwhisperer-fw-extra/stm32f4/stm32f4_hal_lowlevel.c ****          (GPIO_Init->Mode == GPIO_MODE_OUTPUT_OD) || (GPIO_Init->Mode == GPIO_MODE_AF_OD))
 1949              		.loc 1 665 9 is_stmt 0 view .LVU692
 1950 007c BEF1010F 		cmp	lr, #1
 662:/home/pacl/Documents/Repository/chipwhisperer/firmware/mcu/hal/chipwhisperer-fw-extra/stm32f4/stm32f4_hal_lowlevel.c **** 
 1951              		.loc 1 662 20 view .LVU693
 1952 0080 0760     		str	r7, [r0]
 665:/home/pacl/Documents/Repository/chipwhisperer/firmware/mcu/hal/chipwhisperer-fw-extra/stm32f4/stm32f4_hal_lowlevel.c ****          (GPIO_Init->Mode == GPIO_MODE_OUTPUT_OD) || (GPIO_Init->Mode == GPIO_MODE_AF_OD))
 1953              		.loc 1 665 7 is_stmt 1 view .LVU694
 665:/home/pacl/Documents/Repository/chipwhisperer/firmware/mcu/hal/chipwhisperer-fw-extra/stm32f4/stm32f4_hal_lowlevel.c ****          (GPIO_Init->Mode == GPIO_MODE_OUTPUT_OD) || (GPIO_Init->Mode == GPIO_MODE_AF_OD))
 1954              		.loc 1 665 9 is_stmt 0 view .LVU695
 1955 0082 10D8     		bhi	.L167
 669:/home/pacl/Documents/Repository/chipwhisperer/firmware/mcu/hal/chipwhisperer-fw-extra/stm32f4/stm32f4_hal_lowlevel.c ****         /* Configure the IO Speed */
 1956              		.loc 1 669 9 is_stmt 1 view .LVU696
 671:/home/pacl/Documents/Repository/chipwhisperer/firmware/mcu/hal/chipwhisperer-fw-extra/stm32f4/stm32f4_hal_lowlevel.c ****         temp &= ~(GPIO_OSPEEDER_OSPEEDR0 << (position * 2U));
 1957              		.loc 1 671 9 view .LVU697
 671:/home/pacl/Documents/Repository/chipwhisperer/firmware/mcu/hal/chipwhisperer-fw-extra/stm32f4/stm32f4_hal_lowlevel.c ****         temp &= ~(GPIO_OSPEEDER_OSPEEDR0 << (position * 2U));
 1958              		.loc 1 671 14 is_stmt 0 view .LVU698
 1959 0084 8768     		ldr	r7, [r0, #8]
 1960              	.LVL159:
 672:/home/pacl/Documents/Repository/chipwhisperer/firmware/mcu/hal/chipwhisperer-fw-extra/stm32f4/stm32f4_hal_lowlevel.c ****         temp |= (GPIO_Init->Speed << (position * 2U));
 1961              		.loc 1 672 9 is_stmt 1 view .LVU699
 672:/home/pacl/Documents/Repository/chipwhisperer/firmware/mcu/hal/chipwhisperer-fw-extra/stm32f4/stm32f4_hal_lowlevel.c ****         temp |= (GPIO_Init->Speed << (position * 2U));
 1962              		.loc 1 672 14 is_stmt 0 view .LVU700
 1963 0086 06EA070E 		and	lr, r6, r7
 1964              	.LVL160:
 673:/home/pacl/Documents/Repository/chipwhisperer/firmware/mcu/hal/chipwhisperer-fw-extra/stm32f4/stm32f4_hal_lowlevel.c ****         GPIOx->OSPEEDR = temp;
 1965              		.loc 1 673 9 is_stmt 1 view .LVU701
 673:/home/pacl/Documents/Repository/chipwhisperer/firmware/mcu/hal/chipwhisperer-fw-extra/stm32f4/stm32f4_hal_lowlevel.c ****         GPIOx->OSPEEDR = temp;
 1966              		.loc 1 673 35 is_stmt 0 view .LVU702
 1967 008a CF68     		ldr	r7, [r1, #12]
 1968 008c 07FA0CF7 		lsl	r7, r7, ip
 673:/home/pacl/Documents/Repository/chipwhisperer/firmware/mcu/hal/chipwhisperer-fw-extra/stm32f4/stm32f4_hal_lowlevel.c ****         GPIOx->OSPEEDR = temp;
 1969              		.loc 1 673 14 view .LVU703
 1970 0090 47EA0E07 		orr	r7, r7, lr
 1971              	.LVL161:
 674:/home/pacl/Documents/Repository/chipwhisperer/firmware/mcu/hal/chipwhisperer-fw-extra/stm32f4/stm32f4_hal_lowlevel.c **** 
 1972              		.loc 1 674 9 is_stmt 1 view .LVU704
 674:/home/pacl/Documents/Repository/chipwhisperer/firmware/mcu/hal/chipwhisperer-fw-extra/stm32f4/stm32f4_hal_lowlevel.c **** 
 1973              		.loc 1 674 24 is_stmt 0 view .LVU705
 1974 0094 8760     		str	r7, [r0, #8]
 677:/home/pacl/Documents/Repository/chipwhisperer/firmware/mcu/hal/chipwhisperer-fw-extra/stm32f4/stm32f4_hal_lowlevel.c ****         temp &= ~(GPIO_OTYPER_OT_0 << position) ;
 1975              		.loc 1 677 9 is_stmt 1 view .LVU706
 677:/home/pacl/Documents/Repository/chipwhisperer/firmware/mcu/hal/chipwhisperer-fw-extra/stm32f4/stm32f4_hal_lowlevel.c ****         temp &= ~(GPIO_OTYPER_OT_0 << position) ;
 1976              		.loc 1 677 14 is_stmt 0 view .LVU707
 1977 0096 4768     		ldr	r7, [r0, #4]
 1978              	.LVL162:
 678:/home/pacl/Documents/Repository/chipwhisperer/firmware/mcu/hal/chipwhisperer-fw-extra/stm32f4/stm32f4_hal_lowlevel.c ****         temp |= (((GPIO_Init->Mode & GPIO_OUTPUT_TYPE) >> 4U) << position);
 1979              		.loc 1 678 9 is_stmt 1 view .LVU708
 678:/home/pacl/Documents/Repository/chipwhisperer/firmware/mcu/hal/chipwhisperer-fw-extra/stm32f4/stm32f4_hal_lowlevel.c ****         temp |= (((GPIO_Init->Mode & GPIO_OUTPUT_TYPE) >> 4U) << position);
 1980              		.loc 1 678 14 is_stmt 0 view .LVU709
 1981 0098 27EA0A0E 		bic	lr, r7, r10
 1982              	.LVL163:
 679:/home/pacl/Documents/Repository/chipwhisperer/firmware/mcu/hal/chipwhisperer-fw-extra/stm32f4/stm32f4_hal_lowlevel.c ****         GPIOx->OTYPER = temp;
 1983              		.loc 1 679 9 is_stmt 1 view .LVU710
 679:/home/pacl/Documents/Repository/chipwhisperer/firmware/mcu/hal/chipwhisperer-fw-extra/stm32f4/stm32f4_hal_lowlevel.c ****         GPIOx->OTYPER = temp;
 1984              		.loc 1 679 56 is_stmt 0 view .LVU711
 1985 009c 2709     		lsrs	r7, r4, #4
 679:/home/pacl/Documents/Repository/chipwhisperer/firmware/mcu/hal/chipwhisperer-fw-extra/stm32f4/stm32f4_hal_lowlevel.c ****         GPIOx->OTYPER = temp;
 1986              		.loc 1 679 63 view .LVU712
 1987 009e 9F40     		lsls	r7, r7, r3
 679:/home/pacl/Documents/Repository/chipwhisperer/firmware/mcu/hal/chipwhisperer-fw-extra/stm32f4/stm32f4_hal_lowlevel.c ****         GPIOx->OTYPER = temp;
 1988              		.loc 1 679 14 view .LVU713
 1989 00a0 47EA0E07 		orr	r7, r7, lr
 1990              	.LVL164:
 680:/home/pacl/Documents/Repository/chipwhisperer/firmware/mcu/hal/chipwhisperer-fw-extra/stm32f4/stm32f4_hal_lowlevel.c ****       }
 1991              		.loc 1 680 9 is_stmt 1 view .LVU714
 680:/home/pacl/Documents/Repository/chipwhisperer/firmware/mcu/hal/chipwhisperer-fw-extra/stm32f4/stm32f4_hal_lowlevel.c ****       }
 1992              		.loc 1 680 23 is_stmt 0 view .LVU715
 1993 00a4 4760     		str	r7, [r0, #4]
 1994              	.LVL165:
 1995              	.L167:
 684:/home/pacl/Documents/Repository/chipwhisperer/firmware/mcu/hal/chipwhisperer-fw-extra/stm32f4/stm32f4_hal_lowlevel.c ****       temp &= ~(GPIO_PUPDR_PUPDR0 << (position * 2U));
 1996              		.loc 1 684 7 is_stmt 1 view .LVU716
 684:/home/pacl/Documents/Repository/chipwhisperer/firmware/mcu/hal/chipwhisperer-fw-extra/stm32f4/stm32f4_hal_lowlevel.c ****       temp &= ~(GPIO_PUPDR_PUPDR0 << (position * 2U));
 1997              		.loc 1 684 12 is_stmt 0 view .LVU717
 1998 00a6 C768     		ldr	r7, [r0, #12]
 1999              	.LVL166:
 685:/home/pacl/Documents/Repository/chipwhisperer/firmware/mcu/hal/chipwhisperer-fw-extra/stm32f4/stm32f4_hal_lowlevel.c ****       temp |= ((GPIO_Init->Pull) << (position * 2U));
 2000              		.loc 1 685 7 is_stmt 1 view .LVU718
 685:/home/pacl/Documents/Repository/chipwhisperer/firmware/mcu/hal/chipwhisperer-fw-extra/stm32f4/stm32f4_hal_lowlevel.c ****       temp |= ((GPIO_Init->Pull) << (position * 2U));
 2001              		.loc 1 685 12 is_stmt 0 view .LVU719
 2002 00a8 3740     		ands	r7, r7, r6
 2003              	.LVL167:
 686:/home/pacl/Documents/Repository/chipwhisperer/firmware/mcu/hal/chipwhisperer-fw-extra/stm32f4/stm32f4_hal_lowlevel.c ****       GPIOx->PUPDR = temp;
 2004              		.loc 1 686 7 is_stmt 1 view .LVU720
 686:/home/pacl/Documents/Repository/chipwhisperer/firmware/mcu/hal/chipwhisperer-fw-extra/stm32f4/stm32f4_hal_lowlevel.c ****       GPIOx->PUPDR = temp;
 2005              		.loc 1 686 34 is_stmt 0 view .LVU721
 2006 00aa 8E68     		ldr	r6, [r1, #8]
 2007 00ac 06FA0CF6 		lsl	r6, r6, ip
 686:/home/pacl/Documents/Repository/chipwhisperer/firmware/mcu/hal/chipwhisperer-fw-extra/stm32f4/stm32f4_hal_lowlevel.c ****       GPIOx->PUPDR = temp;
 2008              		.loc 1 686 12 view .LVU722
 2009 00b0 3E43     		orrs	r6, r6, r7
 2010              	.LVL168:
 687:/home/pacl/Documents/Repository/chipwhisperer/firmware/mcu/hal/chipwhisperer-fw-extra/stm32f4/stm32f4_hal_lowlevel.c **** 
 2011              		.loc 1 687 7 is_stmt 1 view .LVU723
 687:/home/pacl/Documents/Repository/chipwhisperer/firmware/mcu/hal/chipwhisperer-fw-extra/stm32f4/stm32f4_hal_lowlevel.c **** 
 2012              		.loc 1 687 20 is_stmt 0 view .LVU724
 2013 00b2 C660     		str	r6, [r0, #12]
 691:/home/pacl/Documents/Repository/chipwhisperer/firmware/mcu/hal/chipwhisperer-fw-extra/stm32f4/stm32f4_hal_lowlevel.c ****       {
 2014              		.loc 1 691 7 is_stmt 1 view .LVU725
 691:/home/pacl/Documents/Repository/chipwhisperer/firmware/mcu/hal/chipwhisperer-fw-extra/stm32f4/stm32f4_hal_lowlevel.c ****       {
 2015              		.loc 1 691 9 is_stmt 0 view .LVU726
 2016 00b4 E600     		lsls	r6, r4, #3
 2017              	.LVL169:
 691:/home/pacl/Documents/Repository/chipwhisperer/firmware/mcu/hal/chipwhisperer-fw-extra/stm32f4/stm32f4_hal_lowlevel.c ****       {
 2018              		.loc 1 691 9 view .LVU727
 2019 00b6 60D5     		bpl	.L165
 694:/home/pacl/Documents/Repository/chipwhisperer/firmware/mcu/hal/chipwhisperer-fw-extra/stm32f4/stm32f4_hal_lowlevel.c **** 
 2020              		.loc 1 694 9 is_stmt 1 view .LVU728
 2021              	.LBB186:
 694:/home/pacl/Documents/Repository/chipwhisperer/firmware/mcu/hal/chipwhisperer-fw-extra/stm32f4/stm32f4_hal_lowlevel.c **** 
 2022              		.loc 1 694 9 view .LVU729
 2023 00b8 0026     		movs	r6, #0
 2024 00ba 0196     		str	r6, [sp, #4]
 2025              	.LVL170:
 694:/home/pacl/Documents/Repository/chipwhisperer/firmware/mcu/hal/chipwhisperer-fw-extra/stm32f4/stm32f4_hal_lowlevel.c **** 
 2026              		.loc 1 694 9 view .LVU730
 2027 00bc D8F84460 		ldr	r6, [r8, #68]
 2028 00c0 46F48046 		orr	r6, r6, #16384
 2029 00c4 C8F84460 		str	r6, [r8, #68]
 2030              	.LVL171:
 694:/home/pacl/Documents/Repository/chipwhisperer/firmware/mcu/hal/chipwhisperer-fw-extra/stm32f4/stm32f4_hal_lowlevel.c **** 
 2031              		.loc 1 694 9 view .LVU731
 2032 00c8 D8F84460 		ldr	r6, [r8, #68]
 2033 00cc 23F00307 		bic	r7, r3, #3
 2034 00d0 07F18047 		add	r7, r7, #1073741824
 2035 00d4 06F48046 		and	r6, r6, #16384
 2036 00d8 07F59C37 		add	r7, r7, #79872
 2037 00dc 0196     		str	r6, [sp, #4]
 694:/home/pacl/Documents/Repository/chipwhisperer/firmware/mcu/hal/chipwhisperer-fw-extra/stm32f4/stm32f4_hal_lowlevel.c **** 
 2038              		.loc 1 694 9 view .LVU732
 2039              	.LBE186:
 697:/home/pacl/Documents/Repository/chipwhisperer/firmware/mcu/hal/chipwhisperer-fw-extra/stm32f4/stm32f4_hal_lowlevel.c ****         temp |= ((uint32_t)(GPIO_GET_INDEX(GPIOx)) << (4U * (position & 0x03U)));
 2040              		.loc 1 697 44 is_stmt 0 view .LVU733
 2041 00de 03F0030C 		and	ip, r3, #3
 2042              	.LBB187:
 694:/home/pacl/Documents/Repository/chipwhisperer/firmware/mcu/hal/chipwhisperer-fw-extra/stm32f4/stm32f4_hal_lowlevel.c **** 
 2043              		.loc 1 694 9 view .LVU734
 2044 00e2 019E     		ldr	r6, [sp, #4]
 2045              	.LBE187:
 694:/home/pacl/Documents/Repository/chipwhisperer/firmware/mcu/hal/chipwhisperer-fw-extra/stm32f4/stm32f4_hal_lowlevel.c **** 
 2046              		.loc 1 694 9 is_stmt 1 view .LVU735
 696:/home/pacl/Documents/Repository/chipwhisperer/firmware/mcu/hal/chipwhisperer-fw-extra/stm32f4/stm32f4_hal_lowlevel.c ****         temp &= ~(0x0FU << (4U * (position & 0x03U)));
 2047              		.loc 1 696 9 view .LVU736
 696:/home/pacl/Documents/Repository/chipwhisperer/firmware/mcu/hal/chipwhisperer-fw-extra/stm32f4/stm32f4_hal_lowlevel.c ****         temp &= ~(0x0FU << (4U * (position & 0x03U)));
 2048              		.loc 1 696 14 is_stmt 0 view .LVU737
 2049 00e4 D7F808E0 		ldr	lr, [r7, #8]
 2050              	.LVL172:
 697:/home/pacl/Documents/Repository/chipwhisperer/firmware/mcu/hal/chipwhisperer-fw-extra/stm32f4/stm32f4_hal_lowlevel.c ****         temp |= ((uint32_t)(GPIO_GET_INDEX(GPIOx)) << (4U * (position & 0x03U)));
 2051              		.loc 1 697 9 is_stmt 1 view .LVU738
 697:/home/pacl/Documents/Repository/chipwhisperer/firmware/mcu/hal/chipwhisperer-fw-extra/stm32f4/stm32f4_hal_lowlevel.c ****         temp |= ((uint32_t)(GPIO_GET_INDEX(GPIOx)) << (4U * (position & 0x03U)));
 2052              		.loc 1 697 32 is_stmt 0 view .LVU739
 2053 00e8 4FEA8C0C 		lsl	ip, ip, #2
 697:/home/pacl/Documents/Repository/chipwhisperer/firmware/mcu/hal/chipwhisperer-fw-extra/stm32f4/stm32f4_hal_lowlevel.c ****         temp |= ((uint32_t)(GPIO_GET_INDEX(GPIOx)) << (4U * (position & 0x03U)));
 2054              		.loc 1 697 25 view .LVU740
 2055 00ec 0F26     		movs	r6, #15
 2056 00ee 06FA0CF6 		lsl	r6, r6, ip
 697:/home/pacl/Documents/Repository/chipwhisperer/firmware/mcu/hal/chipwhisperer-fw-extra/stm32f4/stm32f4_hal_lowlevel.c ****         temp |= ((uint32_t)(GPIO_GET_INDEX(GPIOx)) << (4U * (position & 0x03U)));
 2057              		.loc 1 697 14 view .LVU741
 2058 00f2 2EEA060E 		bic	lr, lr, r6
 2059              	.LVL173:
 698:/home/pacl/Documents/Repository/chipwhisperer/firmware/mcu/hal/chipwhisperer-fw-extra/stm32f4/stm32f4_hal_lowlevel.c ****         SYSCFG->EXTICR[position >> 2U] = temp;
 2060              		.loc 1 698 9 is_stmt 1 view .LVU742
 698:/home/pacl/Documents/Repository/chipwhisperer/firmware/mcu/hal/chipwhisperer-fw-extra/stm32f4/stm32f4_hal_lowlevel.c ****         SYSCFG->EXTICR[position >> 2U] = temp;
 2061              		.loc 1 698 18 is_stmt 0 view .LVU743
 2062 00f6 2C4E     		ldr	r6, .L191+4
 2063 00f8 B042     		cmp	r0, r6
 2064 00fa 45D0     		beq	.L179
 698:/home/pacl/Documents/Repository/chipwhisperer/firmware/mcu/hal/chipwhisperer-fw-extra/stm32f4/stm32f4_hal_lowlevel.c ****         SYSCFG->EXTICR[position >> 2U] = temp;
 2065              		.loc 1 698 29 discriminator 1 view .LVU744
 2066 00fc 06F58066 		add	r6, r6, #1024
 2067 0100 B042     		cmp	r0, r6
 2068 0102 43D0     		beq	.L180
 698:/home/pacl/Documents/Repository/chipwhisperer/firmware/mcu/hal/chipwhisperer-fw-extra/stm32f4/stm32f4_hal_lowlevel.c ****         SYSCFG->EXTICR[position >> 2U] = temp;
 2069              		.loc 1 698 29 discriminator 3 view .LVU745
 2070 0104 06F58066 		add	r6, r6, #1024
 2071 0108 B042     		cmp	r0, r6
 2072 010a 41D0     		beq	.L181
 698:/home/pacl/Documents/Repository/chipwhisperer/firmware/mcu/hal/chipwhisperer-fw-extra/stm32f4/stm32f4_hal_lowlevel.c ****         SYSCFG->EXTICR[position >> 2U] = temp;
 2073              		.loc 1 698 29 discriminator 5 view .LVU746
 2074 010c 06F58066 		add	r6, r6, #1024
 2075 0110 B042     		cmp	r0, r6
 2076 0112 3FD0     		beq	.L182
 698:/home/pacl/Documents/Repository/chipwhisperer/firmware/mcu/hal/chipwhisperer-fw-extra/stm32f4/stm32f4_hal_lowlevel.c ****         SYSCFG->EXTICR[position >> 2U] = temp;
 2077              		.loc 1 698 29 discriminator 7 view .LVU747
 2078 0114 06F58066 		add	r6, r6, #1024
 2079 0118 B042     		cmp	r0, r6
 2080 011a 3DD0     		beq	.L183
 698:/home/pacl/Documents/Repository/chipwhisperer/firmware/mcu/hal/chipwhisperer-fw-extra/stm32f4/stm32f4_hal_lowlevel.c ****         SYSCFG->EXTICR[position >> 2U] = temp;
 2081              		.loc 1 698 29 discriminator 9 view .LVU748
 2082 011c 06F58066 		add	r6, r6, #1024
 2083 0120 B042     		cmp	r0, r6
 2084 0122 3BD0     		beq	.L184
 698:/home/pacl/Documents/Repository/chipwhisperer/firmware/mcu/hal/chipwhisperer-fw-extra/stm32f4/stm32f4_hal_lowlevel.c ****         SYSCFG->EXTICR[position >> 2U] = temp;
 2085              		.loc 1 698 29 discriminator 11 view .LVU749
 2086 0124 06F58066 		add	r6, r6, #1024
 2087 0128 B042     		cmp	r0, r6
 2088 012a 39D0     		beq	.L185
 698:/home/pacl/Documents/Repository/chipwhisperer/firmware/mcu/hal/chipwhisperer-fw-extra/stm32f4/stm32f4_hal_lowlevel.c ****         SYSCFG->EXTICR[position >> 2U] = temp;
 2089              		.loc 1 698 29 discriminator 15 view .LVU750
 2090 012c 06F58066 		add	r6, r6, #1024
 2091 0130 B042     		cmp	r0, r6
 2092 0132 14BF     		ite	ne
 2093 0134 0826     		movne	r6, #8
 2094 0136 0726     		moveq	r6, #7
 2095              	.L169:
 698:/home/pacl/Documents/Repository/chipwhisperer/firmware/mcu/hal/chipwhisperer-fw-extra/stm32f4/stm32f4_hal_lowlevel.c ****         SYSCFG->EXTICR[position >> 2U] = temp;
 2096              		.loc 1 698 52 discriminator 32 view .LVU751
 2097 0138 06FA0CF6 		lsl	r6, r6, ip
 698:/home/pacl/Documents/Repository/chipwhisperer/firmware/mcu/hal/chipwhisperer-fw-extra/stm32f4/stm32f4_hal_lowlevel.c ****         SYSCFG->EXTICR[position >> 2U] = temp;
 2098              		.loc 1 698 14 discriminator 32 view .LVU752
 2099 013c 46EA0E06 		orr	r6, r6, lr
 2100              	.LVL174:
 699:/home/pacl/Documents/Repository/chipwhisperer/firmware/mcu/hal/chipwhisperer-fw-extra/stm32f4/stm32f4_hal_lowlevel.c **** 
 2101              		.loc 1 699 9 is_stmt 1 view .LVU753
 699:/home/pacl/Documents/Repository/chipwhisperer/firmware/mcu/hal/chipwhisperer-fw-extra/stm32f4/stm32f4_hal_lowlevel.c **** 
 2102              		.loc 1 699 40 is_stmt 0 view .LVU754
 2103 0140 BE60     		str	r6, [r7, #8]
 702:/home/pacl/Documents/Repository/chipwhisperer/firmware/mcu/hal/chipwhisperer-fw-extra/stm32f4/stm32f4_hal_lowlevel.c ****         temp &= ~((uint32_t)iocurrent);
 2104              		.loc 1 702 9 is_stmt 1 view .LVU755
 702:/home/pacl/Documents/Repository/chipwhisperer/firmware/mcu/hal/chipwhisperer-fw-extra/stm32f4/stm32f4_hal_lowlevel.c ****         temp &= ~((uint32_t)iocurrent);
 2105              		.loc 1 702 14 is_stmt 0 view .LVU756
 2106 0142 1668     		ldr	r6, [r2]
 2107              	.LVL175:
 703:/home/pacl/Documents/Repository/chipwhisperer/firmware/mcu/hal/chipwhisperer-fw-extra/stm32f4/stm32f4_hal_lowlevel.c ****         if((GPIO_Init->Mode & GPIO_MODE_IT) == GPIO_MODE_IT)
 2108              		.loc 1 703 9 is_stmt 1 view .LVU757
 703:/home/pacl/Documents/Repository/chipwhisperer/firmware/mcu/hal/chipwhisperer-fw-extra/stm32f4/stm32f4_hal_lowlevel.c ****         if((GPIO_Init->Mode & GPIO_MODE_IT) == GPIO_MODE_IT)
 2109              		.loc 1 703 17 is_stmt 0 view .LVU758
 2110 0144 EF43     		mvns	r7, r5
 2111              	.LVL176:
 704:/home/pacl/Documents/Repository/chipwhisperer/firmware/mcu/hal/chipwhisperer-fw-extra/stm32f4/stm32f4_hal_lowlevel.c ****         {
 2112              		.loc 1 704 9 is_stmt 1 view .LVU759
 704:/home/pacl/Documents/Repository/chipwhisperer/firmware/mcu/hal/chipwhisperer-fw-extra/stm32f4/stm32f4_hal_lowlevel.c ****         {
 2113              		.loc 1 704 11 is_stmt 0 view .LVU760
 2114 0146 14F4803F 		tst	r4, #65536
 703:/home/pacl/Documents/Repository/chipwhisperer/firmware/mcu/hal/chipwhisperer-fw-extra/stm32f4/stm32f4_hal_lowlevel.c ****         if((GPIO_Init->Mode & GPIO_MODE_IT) == GPIO_MODE_IT)
 2115              		.loc 1 703 14 view .LVU761
 2116 014a 0CBF     		ite	eq
 2117 014c 3E40     		andeq	r6, r6, r7
 2118              	.LVL177:
 706:/home/pacl/Documents/Repository/chipwhisperer/firmware/mcu/hal/chipwhisperer-fw-extra/stm32f4/stm32f4_hal_lowlevel.c ****         }
 2119              		.loc 1 706 11 is_stmt 1 view .LVU762
 706:/home/pacl/Documents/Repository/chipwhisperer/firmware/mcu/hal/chipwhisperer-fw-extra/stm32f4/stm32f4_hal_lowlevel.c ****         }
 2120              		.loc 1 706 16 is_stmt 0 view .LVU763
 2121 014e 2E43     		orrne	r6, r6, r5
 2122              	.LVL178:
 708:/home/pacl/Documents/Repository/chipwhisperer/firmware/mcu/hal/chipwhisperer-fw-extra/stm32f4/stm32f4_hal_lowlevel.c **** 
 2123              		.loc 1 708 9 is_stmt 1 view .LVU764
 708:/home/pacl/Documents/Repository/chipwhisperer/firmware/mcu/hal/chipwhisperer-fw-extra/stm32f4/stm32f4_hal_lowlevel.c **** 
 2124              		.loc 1 708 19 is_stmt 0 view .LVU765
 2125 0150 1660     		str	r6, [r2]
 710:/home/pacl/Documents/Repository/chipwhisperer/firmware/mcu/hal/chipwhisperer-fw-extra/stm32f4/stm32f4_hal_lowlevel.c ****         temp &= ~((uint32_t)iocurrent);
 2126              		.loc 1 710 9 is_stmt 1 view .LVU766
 710:/home/pacl/Documents/Repository/chipwhisperer/firmware/mcu/hal/chipwhisperer-fw-extra/stm32f4/stm32f4_hal_lowlevel.c ****         temp &= ~((uint32_t)iocurrent);
 2127              		.loc 1 710 14 is_stmt 0 view .LVU767
 2128 0152 5668     		ldr	r6, [r2, #4]
 2129              	.LVL179:
 711:/home/pacl/Documents/Repository/chipwhisperer/firmware/mcu/hal/chipwhisperer-fw-extra/stm32f4/stm32f4_hal_lowlevel.c ****         if((GPIO_Init->Mode & GPIO_MODE_EVT) == GPIO_MODE_EVT)
 2130              		.loc 1 711 9 is_stmt 1 view .LVU768
 712:/home/pacl/Documents/Repository/chipwhisperer/firmware/mcu/hal/chipwhisperer-fw-extra/stm32f4/stm32f4_hal_lowlevel.c ****         {
 2131              		.loc 1 712 9 view .LVU769
 712:/home/pacl/Documents/Repository/chipwhisperer/firmware/mcu/hal/chipwhisperer-fw-extra/stm32f4/stm32f4_hal_lowlevel.c ****         {
 2132              		.loc 1 712 11 is_stmt 0 view .LVU770
 2133 0154 14F4003F 		tst	r4, #131072
 711:/home/pacl/Documents/Repository/chipwhisperer/firmware/mcu/hal/chipwhisperer-fw-extra/stm32f4/stm32f4_hal_lowlevel.c ****         if((GPIO_Init->Mode & GPIO_MODE_EVT) == GPIO_MODE_EVT)
 2134              		.loc 1 711 14 view .LVU771
 2135 0158 0CBF     		ite	eq
 2136 015a 3E40     		andeq	r6, r6, r7
 2137              	.LVL180:
 714:/home/pacl/Documents/Repository/chipwhisperer/firmware/mcu/hal/chipwhisperer-fw-extra/stm32f4/stm32f4_hal_lowlevel.c ****         }
 2138              		.loc 1 714 11 is_stmt 1 view .LVU772
 714:/home/pacl/Documents/Repository/chipwhisperer/firmware/mcu/hal/chipwhisperer-fw-extra/stm32f4/stm32f4_hal_lowlevel.c ****         }
 2139              		.loc 1 714 16 is_stmt 0 view .LVU773
 2140 015c 2E43     		orrne	r6, r6, r5
 2141              	.LVL181:
 716:/home/pacl/Documents/Repository/chipwhisperer/firmware/mcu/hal/chipwhisperer-fw-extra/stm32f4/stm32f4_hal_lowlevel.c **** 
 2142              		.loc 1 716 9 is_stmt 1 view .LVU774
 716:/home/pacl/Documents/Repository/chipwhisperer/firmware/mcu/hal/chipwhisperer-fw-extra/stm32f4/stm32f4_hal_lowlevel.c **** 
 2143              		.loc 1 716 19 is_stmt 0 view .LVU775
 2144 015e 5660     		str	r6, [r2, #4]
 719:/home/pacl/Documents/Repository/chipwhisperer/firmware/mcu/hal/chipwhisperer-fw-extra/stm32f4/stm32f4_hal_lowlevel.c ****         temp &= ~((uint32_t)iocurrent);
 2145              		.loc 1 719 9 is_stmt 1 view .LVU776
 719:/home/pacl/Documents/Repository/chipwhisperer/firmware/mcu/hal/chipwhisperer-fw-extra/stm32f4/stm32f4_hal_lowlevel.c ****         temp &= ~((uint32_t)iocurrent);
 2146              		.loc 1 719 14 is_stmt 0 view .LVU777
 2147 0160 9668     		ldr	r6, [r2, #8]
 2148              	.LVL182:
 720:/home/pacl/Documents/Repository/chipwhisperer/firmware/mcu/hal/chipwhisperer-fw-extra/stm32f4/stm32f4_hal_lowlevel.c ****         if((GPIO_Init->Mode & RISING_EDGE) == RISING_EDGE)
 2149              		.loc 1 720 9 is_stmt 1 view .LVU778
 721:/home/pacl/Documents/Repository/chipwhisperer/firmware/mcu/hal/chipwhisperer-fw-extra/stm32f4/stm32f4_hal_lowlevel.c ****         {
 2150              		.loc 1 721 9 view .LVU779
 721:/home/pacl/Documents/Repository/chipwhisperer/firmware/mcu/hal/chipwhisperer-fw-extra/stm32f4/stm32f4_hal_lowlevel.c ****         {
 2151              		.loc 1 721 11 is_stmt 0 view .LVU780
 2152 0162 14F4801F 		tst	r4, #1048576
 720:/home/pacl/Documents/Repository/chipwhisperer/firmware/mcu/hal/chipwhisperer-fw-extra/stm32f4/stm32f4_hal_lowlevel.c ****         if((GPIO_Init->Mode & RISING_EDGE) == RISING_EDGE)
 2153              		.loc 1 720 14 view .LVU781
 2154 0166 0CBF     		ite	eq
 2155 0168 3E40     		andeq	r6, r6, r7
 2156              	.LVL183:
 723:/home/pacl/Documents/Repository/chipwhisperer/firmware/mcu/hal/chipwhisperer-fw-extra/stm32f4/stm32f4_hal_lowlevel.c ****         }
 2157              		.loc 1 723 11 is_stmt 1 view .LVU782
 723:/home/pacl/Documents/Repository/chipwhisperer/firmware/mcu/hal/chipwhisperer-fw-extra/stm32f4/stm32f4_hal_lowlevel.c ****         }
 2158              		.loc 1 723 16 is_stmt 0 view .LVU783
 2159 016a 2E43     		orrne	r6, r6, r5
 2160              	.LVL184:
 725:/home/pacl/Documents/Repository/chipwhisperer/firmware/mcu/hal/chipwhisperer-fw-extra/stm32f4/stm32f4_hal_lowlevel.c **** 
 2161              		.loc 1 725 9 is_stmt 1 view .LVU784
 725:/home/pacl/Documents/Repository/chipwhisperer/firmware/mcu/hal/chipwhisperer-fw-extra/stm32f4/stm32f4_hal_lowlevel.c **** 
 2162              		.loc 1 725 20 is_stmt 0 view .LVU785
 2163 016c 9660     		str	r6, [r2, #8]
 727:/home/pacl/Documents/Repository/chipwhisperer/firmware/mcu/hal/chipwhisperer-fw-extra/stm32f4/stm32f4_hal_lowlevel.c ****         temp &= ~((uint32_t)iocurrent);
 2164              		.loc 1 727 9 is_stmt 1 view .LVU786
 727:/home/pacl/Documents/Repository/chipwhisperer/firmware/mcu/hal/chipwhisperer-fw-extra/stm32f4/stm32f4_hal_lowlevel.c ****         temp &= ~((uint32_t)iocurrent);
 2165              		.loc 1 727 14 is_stmt 0 view .LVU787
 2166 016e D668     		ldr	r6, [r2, #12]
 2167              	.LVL185:
 728:/home/pacl/Documents/Repository/chipwhisperer/firmware/mcu/hal/chipwhisperer-fw-extra/stm32f4/stm32f4_hal_lowlevel.c ****         if((GPIO_Init->Mode & FALLING_EDGE) == FALLING_EDGE)
 2168              		.loc 1 728 9 is_stmt 1 view .LVU788
 729:/home/pacl/Documents/Repository/chipwhisperer/firmware/mcu/hal/chipwhisperer-fw-extra/stm32f4/stm32f4_hal_lowlevel.c ****         {
 2169              		.loc 1 729 9 view .LVU789
 729:/home/pacl/Documents/Repository/chipwhisperer/firmware/mcu/hal/chipwhisperer-fw-extra/stm32f4/stm32f4_hal_lowlevel.c ****         {
 2170              		.loc 1 729 11 is_stmt 0 view .LVU790
 2171 0170 A402     		lsls	r4, r4, #10
 728:/home/pacl/Documents/Repository/chipwhisperer/firmware/mcu/hal/chipwhisperer-fw-extra/stm32f4/stm32f4_hal_lowlevel.c ****         if((GPIO_Init->Mode & FALLING_EDGE) == FALLING_EDGE)
 2172              		.loc 1 728 14 view .LVU791
 2173 0172 54BF     		ite	pl
 2174 0174 3E40     		andpl	r6, r6, r7
 2175              	.LVL186:
 731:/home/pacl/Documents/Repository/chipwhisperer/firmware/mcu/hal/chipwhisperer-fw-extra/stm32f4/stm32f4_hal_lowlevel.c ****         }
 2176              		.loc 1 731 11 is_stmt 1 view .LVU792
 731:/home/pacl/Documents/Repository/chipwhisperer/firmware/mcu/hal/chipwhisperer-fw-extra/stm32f4/stm32f4_hal_lowlevel.c ****         }
 2177              		.loc 1 731 16 is_stmt 0 view .LVU793
 2178 0176 2E43     		orrmi	r6, r6, r5
 2179              	.LVL187:
 733:/home/pacl/Documents/Repository/chipwhisperer/firmware/mcu/hal/chipwhisperer-fw-extra/stm32f4/stm32f4_hal_lowlevel.c ****       }
 2180              		.loc 1 733 9 is_stmt 1 view .LVU794
 733:/home/pacl/Documents/Repository/chipwhisperer/firmware/mcu/hal/chipwhisperer-fw-extra/stm32f4/stm32f4_hal_lowlevel.c ****       }
 2181              		.loc 1 733 20 is_stmt 0 view .LVU795
 2182 0178 D660     		str	r6, [r2, #12]
 2183              	.LVL188:
 2184              	.L165:
 636:/home/pacl/Documents/Repository/chipwhisperer/firmware/mcu/hal/chipwhisperer-fw-extra/stm32f4/stm32f4_hal_lowlevel.c ****   {
 2185              		.loc 1 636 54 is_stmt 1 discriminator 2 view .LVU796
 2186 017a 0133     		adds	r3, r3, #1
 2187              	.LVL189:
 636:/home/pacl/Documents/Repository/chipwhisperer/firmware/mcu/hal/chipwhisperer-fw-extra/stm32f4/stm32f4_hal_lowlevel.c ****   {
 2188              		.loc 1 636 31 discriminator 1 view .LVU797
 2189 017c 102B     		cmp	r3, #16
 2190 017e 7FF447AF 		bne	.L178
 737:/home/pacl/Documents/Repository/chipwhisperer/firmware/mcu/hal/chipwhisperer-fw-extra/stm32f4/stm32f4_hal_lowlevel.c **** 
 2191              		.loc 1 737 1 is_stmt 0 view .LVU798
 2192 0182 03B0     		add	sp, sp, #12
 2193              	.LCFI6:
 2194              		.cfi_remember_state
 2195              		.cfi_def_cfa_offset 36
 2196              		@ sp needed
 2197 0184 BDE8F08F 		pop	{r4, r5, r6, r7, r8, r9, r10, fp, pc}
 2198              	.LVL190:
 2199              	.L179:
 2200              	.LCFI7:
 2201              		.cfi_restore_state
 698:/home/pacl/Documents/Repository/chipwhisperer/firmware/mcu/hal/chipwhisperer-fw-extra/stm32f4/stm32f4_hal_lowlevel.c ****         SYSCFG->EXTICR[position >> 2U] = temp;
 2202              		.loc 1 698 18 discriminator 2 view .LVU799
 2203 0188 0026     		movs	r6, #0
 2204 018a D5E7     		b	.L169
 2205              	.L180:
 698:/home/pacl/Documents/Repository/chipwhisperer/firmware/mcu/hal/chipwhisperer-fw-extra/stm32f4/stm32f4_hal_lowlevel.c ****         SYSCFG->EXTICR[position >> 2U] = temp;
 2206              		.loc 1 698 29 discriminator 4 view .LVU800
 2207 018c 0126     		movs	r6, #1
 2208 018e D3E7     		b	.L169
 2209              	.L181:
 698:/home/pacl/Documents/Repository/chipwhisperer/firmware/mcu/hal/chipwhisperer-fw-extra/stm32f4/stm32f4_hal_lowlevel.c ****         SYSCFG->EXTICR[position >> 2U] = temp;
 2210              		.loc 1 698 29 discriminator 6 view .LVU801
 2211 0190 0226     		movs	r6, #2
 2212 0192 D1E7     		b	.L169
 2213              	.L182:
 698:/home/pacl/Documents/Repository/chipwhisperer/firmware/mcu/hal/chipwhisperer-fw-extra/stm32f4/stm32f4_hal_lowlevel.c ****         SYSCFG->EXTICR[position >> 2U] = temp;
 2214              		.loc 1 698 29 discriminator 8 view .LVU802
 2215 0194 0326     		movs	r6, #3
 2216 0196 CFE7     		b	.L169
 2217              	.L183:
 698:/home/pacl/Documents/Repository/chipwhisperer/firmware/mcu/hal/chipwhisperer-fw-extra/stm32f4/stm32f4_hal_lowlevel.c ****         SYSCFG->EXTICR[position >> 2U] = temp;
 2218              		.loc 1 698 29 discriminator 10 view .LVU803
 2219 0198 0426     		movs	r6, #4
 2220 019a CDE7     		b	.L169
 2221              	.L184:
 698:/home/pacl/Documents/Repository/chipwhisperer/firmware/mcu/hal/chipwhisperer-fw-extra/stm32f4/stm32f4_hal_lowlevel.c ****         SYSCFG->EXTICR[position >> 2U] = temp;
 2222              		.loc 1 698 29 discriminator 12 view .LVU804
 2223 019c 0526     		movs	r6, #5
 2224 019e CBE7     		b	.L169
 2225              	.L185:
 698:/home/pacl/Documents/Repository/chipwhisperer/firmware/mcu/hal/chipwhisperer-fw-extra/stm32f4/stm32f4_hal_lowlevel.c ****         SYSCFG->EXTICR[position >> 2U] = temp;
 2226              		.loc 1 698 29 discriminator 14 view .LVU805
 2227 01a0 0626     		movs	r6, #6
 2228 01a2 C9E7     		b	.L169
 2229              	.L192:
 2230              		.align	2
 2231              	.L191:
 2232 01a4 003C0140 		.word	1073822720
 2233 01a8 00000240 		.word	1073872896
 2234 01ac 00380240 		.word	1073887232
 2235              		.cfi_endproc
 2236              	.LFE132:
 2238              		.section	.text.HAL_GPIO_WritePin,"ax",%progbits
 2239              		.align	1
 2240              		.global	HAL_GPIO_WritePin
 2241              		.syntax unified
 2242              		.thumb
 2243              		.thumb_func
 2245              	HAL_GPIO_WritePin:
 2246              	.LVL191:
 2247              	.LFB133:
 757:/home/pacl/Documents/Repository/chipwhisperer/firmware/mcu/hal/chipwhisperer-fw-extra/stm32f4/stm32f4_hal_lowlevel.c ****   /* Check the parameters */
 2248              		.loc 1 757 1 is_stmt 1 view -0
 2249              		.cfi_startproc
 2250              		@ args = 0, pretend = 0, frame = 0
 2251              		@ frame_needed = 0, uses_anonymous_args = 0
 2252              		@ link register save eliminated.
 759:/home/pacl/Documents/Repository/chipwhisperer/firmware/mcu/hal/chipwhisperer-fw-extra/stm32f4/stm32f4_hal_lowlevel.c ****   assert_param(IS_GPIO_PIN_ACTION(PinState));
 2253              		.loc 1 759 3 view .LVU807
 760:/home/pacl/Documents/Repository/chipwhisperer/firmware/mcu/hal/chipwhisperer-fw-extra/stm32f4/stm32f4_hal_lowlevel.c **** 
 2254              		.loc 1 760 3 view .LVU808
 762:/home/pacl/Documents/Repository/chipwhisperer/firmware/mcu/hal/chipwhisperer-fw-extra/stm32f4/stm32f4_hal_lowlevel.c ****   {
 2255              		.loc 1 762 3 view .LVU809
 762:/home/pacl/Documents/Repository/chipwhisperer/firmware/mcu/hal/chipwhisperer-fw-extra/stm32f4/stm32f4_hal_lowlevel.c ****   {
 2256              		.loc 1 762 5 is_stmt 0 view .LVU810
 2257 0000 0AB1     		cbz	r2, .L194
 2258              	.LVL192:
 2259              	.L196:
 768:/home/pacl/Documents/Repository/chipwhisperer/firmware/mcu/hal/chipwhisperer-fw-extra/stm32f4/stm32f4_hal_lowlevel.c ****   }
 2260              		.loc 1 768 17 view .LVU811
 2261 0002 8161     		str	r1, [r0, #24]
 770:/home/pacl/Documents/Repository/chipwhisperer/firmware/mcu/hal/chipwhisperer-fw-extra/stm32f4/stm32f4_hal_lowlevel.c **** 
 2262              		.loc 1 770 1 view .LVU812
 2263 0004 7047     		bx	lr
 2264              	.LVL193:
 2265              	.L194:
 768:/home/pacl/Documents/Repository/chipwhisperer/firmware/mcu/hal/chipwhisperer-fw-extra/stm32f4/stm32f4_hal_lowlevel.c ****   }
 2266              		.loc 1 768 5 is_stmt 1 view .LVU813
 768:/home/pacl/Documents/Repository/chipwhisperer/firmware/mcu/hal/chipwhisperer-fw-extra/stm32f4/stm32f4_hal_lowlevel.c ****   }
 2267              		.loc 1 768 38 is_stmt 0 view .LVU814
 2268 0006 0904     		lsls	r1, r1, #16
 2269              	.LVL194:
 768:/home/pacl/Documents/Repository/chipwhisperer/firmware/mcu/hal/chipwhisperer-fw-extra/stm32f4/stm32f4_hal_lowlevel.c ****   }
 2270              		.loc 1 768 38 view .LVU815
 2271 0008 FBE7     		b	.L196
 2272              		.cfi_endproc
 2273              	.LFE133:
 2275              		.section	.text.HAL_UART_Init,"ax",%progbits
 2276              		.align	1
 2277              		.global	HAL_UART_Init
 2278              		.syntax unified
 2279              		.thumb
 2280              		.thumb_func
 2282              	HAL_UART_Init:
 2283              	.LVL195:
 2284              	.LFB135:
 879:/home/pacl/Documents/Repository/chipwhisperer/firmware/mcu/hal/chipwhisperer-fw-extra/stm32f4/stm32f4_hal_lowlevel.c ****   /* Check the UART handle allocation */
 2285              		.loc 1 879 1 is_stmt 1 view -0
 2286              		.cfi_startproc
 2287              		@ args = 0, pretend = 0, frame = 0
 2288              		@ frame_needed = 0, uses_anonymous_args = 0
 881:/home/pacl/Documents/Repository/chipwhisperer/firmware/mcu/hal/chipwhisperer-fw-extra/stm32f4/stm32f4_hal_lowlevel.c ****   {
 2289              		.loc 1 881 3 view .LVU817
 879:/home/pacl/Documents/Repository/chipwhisperer/firmware/mcu/hal/chipwhisperer-fw-extra/stm32f4/stm32f4_hal_lowlevel.c ****   /* Check the UART handle allocation */
 2290              		.loc 1 879 1 is_stmt 0 view .LVU818
 2291 0000 70B5     		push	{r4, r5, r6, lr}
 2292              	.LCFI8:
 2293              		.cfi_def_cfa_offset 16
 2294              		.cfi_offset 4, -16
 2295              		.cfi_offset 5, -12
 2296              		.cfi_offset 6, -8
 2297              		.cfi_offset 14, -4
 881:/home/pacl/Documents/Repository/chipwhisperer/firmware/mcu/hal/chipwhisperer-fw-extra/stm32f4/stm32f4_hal_lowlevel.c ****   {
 2298              		.loc 1 881 5 view .LVU819
 2299 0002 0446     		mov	r4, r0
 2300 0004 0028     		cmp	r0, #0
 2301 0006 65D0     		beq	.L206
 887:/home/pacl/Documents/Repository/chipwhisperer/firmware/mcu/hal/chipwhisperer-fw-extra/stm32f4/stm32f4_hal_lowlevel.c ****   {
 2302              		.loc 1 887 3 is_stmt 1 view .LVU820
 890:/home/pacl/Documents/Repository/chipwhisperer/firmware/mcu/hal/chipwhisperer-fw-extra/stm32f4/stm32f4_hal_lowlevel.c ****     assert_param(IS_UART_HARDWARE_FLOW_CONTROL(huart->Init.HwFlowCtl));
 2303              		.loc 1 890 5 view .LVU821
 891:/home/pacl/Documents/Repository/chipwhisperer/firmware/mcu/hal/chipwhisperer-fw-extra/stm32f4/stm32f4_hal_lowlevel.c ****   }
 2304              		.loc 1 891 5 view .LVU822
 895:/home/pacl/Documents/Repository/chipwhisperer/firmware/mcu/hal/chipwhisperer-fw-extra/stm32f4/stm32f4_hal_lowlevel.c ****   }
 2305              		.loc 1 895 5 view .LVU823
 897:/home/pacl/Documents/Repository/chipwhisperer/firmware/mcu/hal/chipwhisperer-fw-extra/stm32f4/stm32f4_hal_lowlevel.c ****   assert_param(IS_UART_OVERSAMPLING(huart->Init.OverSampling));
 2306              		.loc 1 897 3 view .LVU824
 898:/home/pacl/Documents/Repository/chipwhisperer/firmware/mcu/hal/chipwhisperer-fw-extra/stm32f4/stm32f4_hal_lowlevel.c **** 
 2307              		.loc 1 898 3 view .LVU825
 900:/home/pacl/Documents/Repository/chipwhisperer/firmware/mcu/hal/chipwhisperer-fw-extra/stm32f4/stm32f4_hal_lowlevel.c ****   {
 2308              		.loc 1 900 3 view .LVU826
 900:/home/pacl/Documents/Repository/chipwhisperer/firmware/mcu/hal/chipwhisperer-fw-extra/stm32f4/stm32f4_hal_lowlevel.c ****   {
 2309              		.loc 1 900 11 is_stmt 0 view .LVU827
 2310 0008 90F83930 		ldrb	r3, [r0, #57]	@ zero_extendqisi2
 900:/home/pacl/Documents/Repository/chipwhisperer/firmware/mcu/hal/chipwhisperer-fw-extra/stm32f4/stm32f4_hal_lowlevel.c ****   {
 2311              		.loc 1 900 5 view .LVU828
 2312 000c 03F0FF02 		and	r2, r3, #255
 2313 0010 0BB9     		cbnz	r3, .L199
 903:/home/pacl/Documents/Repository/chipwhisperer/firmware/mcu/hal/chipwhisperer-fw-extra/stm32f4/stm32f4_hal_lowlevel.c ****     /* Init the low level hardware */
 2314              		.loc 1 903 5 is_stmt 1 view .LVU829
 903:/home/pacl/Documents/Repository/chipwhisperer/firmware/mcu/hal/chipwhisperer-fw-extra/stm32f4/stm32f4_hal_lowlevel.c ****     /* Init the low level hardware */
 2315              		.loc 1 903 17 is_stmt 0 view .LVU830
 2316 0012 80F83820 		strb	r2, [r0, #56]
 2317              	.L199:
 908:/home/pacl/Documents/Repository/chipwhisperer/firmware/mcu/hal/chipwhisperer-fw-extra/stm32f4/stm32f4_hal_lowlevel.c **** 
 2318              		.loc 1 908 3 is_stmt 1 view .LVU831
 911:/home/pacl/Documents/Repository/chipwhisperer/firmware/mcu/hal/chipwhisperer-fw-extra/stm32f4/stm32f4_hal_lowlevel.c **** 
 2319              		.loc 1 911 3 is_stmt 0 view .LVU832
 2320 0016 2168     		ldr	r1, [r4]
 2321              	.LBB190:
 2322              	.LBB191:
 796:/home/pacl/Documents/Repository/chipwhisperer/firmware/mcu/hal/chipwhisperer-fw-extra/stm32f4/stm32f4_hal_lowlevel.c **** 
 2323              		.loc 1 796 10 view .LVU833
 2324 0018 E268     		ldr	r2, [r4, #12]
 813:/home/pacl/Documents/Repository/chipwhisperer/firmware/mcu/hal/chipwhisperer-fw-extra/stm32f4/stm32f4_hal_lowlevel.c **** 
 2325              		.loc 1 813 46 view .LVU834
 2326 001a 2569     		ldr	r5, [r4, #16]
 813:/home/pacl/Documents/Repository/chipwhisperer/firmware/mcu/hal/chipwhisperer-fw-extra/stm32f4/stm32f4_hal_lowlevel.c **** 
 2327              		.loc 1 813 99 view .LVU835
 2328 001c E069     		ldr	r0, [r4, #28]
 2329              	.LVL196:
 813:/home/pacl/Documents/Repository/chipwhisperer/firmware/mcu/hal/chipwhisperer-fw-extra/stm32f4/stm32f4_hal_lowlevel.c **** 
 2330              		.loc 1 813 99 view .LVU836
 2331              	.LBE191:
 2332              	.LBE190:
 908:/home/pacl/Documents/Repository/chipwhisperer/firmware/mcu/hal/chipwhisperer-fw-extra/stm32f4/stm32f4_hal_lowlevel.c **** 
 2333              		.loc 1 908 17 view .LVU837
 2334 001e 2423     		movs	r3, #36
 2335 0020 84F83930 		strb	r3, [r4, #57]
 911:/home/pacl/Documents/Repository/chipwhisperer/firmware/mcu/hal/chipwhisperer-fw-extra/stm32f4/stm32f4_hal_lowlevel.c **** 
 2336              		.loc 1 911 3 is_stmt 1 view .LVU838
 2337 0024 CB68     		ldr	r3, [r1, #12]
 2338 0026 23F40053 		bic	r3, r3, #8192
 2339 002a CB60     		str	r3, [r1, #12]
 914:/home/pacl/Documents/Repository/chipwhisperer/firmware/mcu/hal/chipwhisperer-fw-extra/stm32f4/stm32f4_hal_lowlevel.c **** 
 2340              		.loc 1 914 3 view .LVU839
 2341              	.LVL197:
 2342              	.LBB194:
 2343              	.LBI190:
 779:/home/pacl/Documents/Repository/chipwhisperer/firmware/mcu/hal/chipwhisperer-fw-extra/stm32f4/stm32f4_hal_lowlevel.c **** {
 2344              		.loc 1 779 13 view .LVU840
 2345              	.LBB192:
 781:/home/pacl/Documents/Repository/chipwhisperer/firmware/mcu/hal/chipwhisperer-fw-extra/stm32f4/stm32f4_hal_lowlevel.c **** 
 2346              		.loc 1 781 3 view .LVU841
 784:/home/pacl/Documents/Repository/chipwhisperer/firmware/mcu/hal/chipwhisperer-fw-extra/stm32f4/stm32f4_hal_lowlevel.c ****   assert_param(IS_UART_STOPBITS(huart->Init.StopBits));
 2347              		.loc 1 784 3 view .LVU842
 785:/home/pacl/Documents/Repository/chipwhisperer/firmware/mcu/hal/chipwhisperer-fw-extra/stm32f4/stm32f4_hal_lowlevel.c ****   assert_param(IS_UART_PARITY(huart->Init.Parity));
 2348              		.loc 1 785 3 view .LVU843
 786:/home/pacl/Documents/Repository/chipwhisperer/firmware/mcu/hal/chipwhisperer-fw-extra/stm32f4/stm32f4_hal_lowlevel.c ****   assert_param(IS_UART_MODE(huart->Init.Mode));
 2349              		.loc 1 786 3 view .LVU844
 787:/home/pacl/Documents/Repository/chipwhisperer/firmware/mcu/hal/chipwhisperer-fw-extra/stm32f4/stm32f4_hal_lowlevel.c **** 
 2350              		.loc 1 787 3 view .LVU845
 790:/home/pacl/Documents/Repository/chipwhisperer/firmware/mcu/hal/chipwhisperer-fw-extra/stm32f4/stm32f4_hal_lowlevel.c **** 
 2351              		.loc 1 790 3 view .LVU846
 790:/home/pacl/Documents/Repository/chipwhisperer/firmware/mcu/hal/chipwhisperer-fw-extra/stm32f4/stm32f4_hal_lowlevel.c **** 
 2352              		.loc 1 790 10 is_stmt 0 view .LVU847
 2353 002c 0B69     		ldr	r3, [r1, #16]
 2354              	.LVL198:
 793:/home/pacl/Documents/Repository/chipwhisperer/firmware/mcu/hal/chipwhisperer-fw-extra/stm32f4/stm32f4_hal_lowlevel.c **** 
 2355              		.loc 1 793 3 is_stmt 1 view .LVU848
 793:/home/pacl/Documents/Repository/chipwhisperer/firmware/mcu/hal/chipwhisperer-fw-extra/stm32f4/stm32f4_hal_lowlevel.c **** 
 2356              		.loc 1 793 10 is_stmt 0 view .LVU849
 2357 002e 23F44053 		bic	r3, r3, #12288
 2358              	.LVL199:
 796:/home/pacl/Documents/Repository/chipwhisperer/firmware/mcu/hal/chipwhisperer-fw-extra/stm32f4/stm32f4_hal_lowlevel.c **** 
 2359              		.loc 1 796 3 is_stmt 1 view .LVU850
 796:/home/pacl/Documents/Repository/chipwhisperer/firmware/mcu/hal/chipwhisperer-fw-extra/stm32f4/stm32f4_hal_lowlevel.c **** 
 2360              		.loc 1 796 10 is_stmt 0 view .LVU851
 2361 0032 1343     		orrs	r3, r3, r2
 2362              	.LVL200:
 799:/home/pacl/Documents/Repository/chipwhisperer/firmware/mcu/hal/chipwhisperer-fw-extra/stm32f4/stm32f4_hal_lowlevel.c **** 
 2363              		.loc 1 799 3 is_stmt 1 view .LVU852
 2364 0034 0B61     		str	r3, [r1, #16]
 802:/home/pacl/Documents/Repository/chipwhisperer/firmware/mcu/hal/chipwhisperer-fw-extra/stm32f4/stm32f4_hal_lowlevel.c **** 
 2365              		.loc 1 802 3 view .LVU853
 813:/home/pacl/Documents/Repository/chipwhisperer/firmware/mcu/hal/chipwhisperer-fw-extra/stm32f4/stm32f4_hal_lowlevel.c **** 
 2366              		.loc 1 813 46 is_stmt 0 view .LVU854
 2367 0036 A368     		ldr	r3, [r4, #8]
 2368              	.LVL201:
 802:/home/pacl/Documents/Repository/chipwhisperer/firmware/mcu/hal/chipwhisperer-fw-extra/stm32f4/stm32f4_hal_lowlevel.c **** 
 2369              		.loc 1 802 10 view .LVU855
 2370 0038 CA68     		ldr	r2, [r1, #12]
 2371              	.LVL202:
 805:/home/pacl/Documents/Repository/chipwhisperer/firmware/mcu/hal/chipwhisperer-fw-extra/stm32f4/stm32f4_hal_lowlevel.c ****                                    USART_CR1_RE | USART_CR1_OVER8));
 2372              		.loc 1 805 3 is_stmt 1 view .LVU856
 813:/home/pacl/Documents/Repository/chipwhisperer/firmware/mcu/hal/chipwhisperer-fw-extra/stm32f4/stm32f4_hal_lowlevel.c **** 
 2373              		.loc 1 813 46 is_stmt 0 view .LVU857
 2374 003a 2B43     		orrs	r3, r3, r5
 813:/home/pacl/Documents/Repository/chipwhisperer/firmware/mcu/hal/chipwhisperer-fw-extra/stm32f4/stm32f4_hal_lowlevel.c **** 
 2375              		.loc 1 813 67 view .LVU858
 2376 003c 6569     		ldr	r5, [r4, #20]
 805:/home/pacl/Documents/Repository/chipwhisperer/firmware/mcu/hal/chipwhisperer-fw-extra/stm32f4/stm32f4_hal_lowlevel.c ****                                    USART_CR1_RE | USART_CR1_OVER8));
 2377              		.loc 1 805 10 view .LVU859
 2378 003e 22F41642 		bic	r2, r2, #38400
 2379              	.LVL203:
 813:/home/pacl/Documents/Repository/chipwhisperer/firmware/mcu/hal/chipwhisperer-fw-extra/stm32f4/stm32f4_hal_lowlevel.c **** 
 2380              		.loc 1 813 67 view .LVU860
 2381 0042 2B43     		orrs	r3, r3, r5
 805:/home/pacl/Documents/Repository/chipwhisperer/firmware/mcu/hal/chipwhisperer-fw-extra/stm32f4/stm32f4_hal_lowlevel.c ****                                    USART_CR1_RE | USART_CR1_OVER8));
 2382              		.loc 1 805 10 view .LVU861
 2383 0044 22F00C02 		bic	r2, r2, #12
 2384              	.LVL204:
 813:/home/pacl/Documents/Repository/chipwhisperer/firmware/mcu/hal/chipwhisperer-fw-extra/stm32f4/stm32f4_hal_lowlevel.c **** 
 2385              		.loc 1 813 3 is_stmt 1 view .LVU862
 813:/home/pacl/Documents/Repository/chipwhisperer/firmware/mcu/hal/chipwhisperer-fw-extra/stm32f4/stm32f4_hal_lowlevel.c **** 
 2386              		.loc 1 813 86 is_stmt 0 view .LVU863
 2387 0048 0343     		orrs	r3, r3, r0
 813:/home/pacl/Documents/Repository/chipwhisperer/firmware/mcu/hal/chipwhisperer-fw-extra/stm32f4/stm32f4_hal_lowlevel.c **** 
 2388              		.loc 1 813 10 view .LVU864
 2389 004a 1343     		orrs	r3, r3, r2
 2390              	.LVL205:
 816:/home/pacl/Documents/Repository/chipwhisperer/firmware/mcu/hal/chipwhisperer-fw-extra/stm32f4/stm32f4_hal_lowlevel.c **** 
 2391              		.loc 1 816 3 is_stmt 1 view .LVU865
 2392 004c CB60     		str	r3, [r1, #12]
 819:/home/pacl/Documents/Repository/chipwhisperer/firmware/mcu/hal/chipwhisperer-fw-extra/stm32f4/stm32f4_hal_lowlevel.c **** 
 2393              		.loc 1 819 3 view .LVU866
 819:/home/pacl/Documents/Repository/chipwhisperer/firmware/mcu/hal/chipwhisperer-fw-extra/stm32f4/stm32f4_hal_lowlevel.c **** 
 2394              		.loc 1 819 10 is_stmt 0 view .LVU867
 2395 004e 4B69     		ldr	r3, [r1, #20]
 2396              	.LVL206:
 822:/home/pacl/Documents/Repository/chipwhisperer/firmware/mcu/hal/chipwhisperer-fw-extra/stm32f4/stm32f4_hal_lowlevel.c **** 
 2397              		.loc 1 822 3 is_stmt 1 view .LVU868
 825:/home/pacl/Documents/Repository/chipwhisperer/firmware/mcu/hal/chipwhisperer-fw-extra/stm32f4/stm32f4_hal_lowlevel.c **** 
 2398              		.loc 1 825 10 is_stmt 0 view .LVU869
 2399 0050 A269     		ldr	r2, [r4, #24]
 822:/home/pacl/Documents/Repository/chipwhisperer/firmware/mcu/hal/chipwhisperer-fw-extra/stm32f4/stm32f4_hal_lowlevel.c **** 
 2400              		.loc 1 822 10 view .LVU870
 2401 0052 23F44073 		bic	r3, r3, #768
 2402              	.LVL207:
 825:/home/pacl/Documents/Repository/chipwhisperer/firmware/mcu/hal/chipwhisperer-fw-extra/stm32f4/stm32f4_hal_lowlevel.c **** 
 2403              		.loc 1 825 3 is_stmt 1 view .LVU871
 825:/home/pacl/Documents/Repository/chipwhisperer/firmware/mcu/hal/chipwhisperer-fw-extra/stm32f4/stm32f4_hal_lowlevel.c **** 
 2404              		.loc 1 825 10 is_stmt 0 view .LVU872
 2405 0056 1343     		orrs	r3, r3, r2
 2406              	.LVL208:
 828:/home/pacl/Documents/Repository/chipwhisperer/firmware/mcu/hal/chipwhisperer-fw-extra/stm32f4/stm32f4_hal_lowlevel.c **** 
 2407              		.loc 1 828 3 is_stmt 1 view .LVU873
 831:/home/pacl/Documents/Repository/chipwhisperer/firmware/mcu/hal/chipwhisperer-fw-extra/stm32f4/stm32f4_hal_lowlevel.c ****   {
 2408              		.loc 1 831 5 is_stmt 0 view .LVU874
 2409 0058 B0F5004F 		cmp	r0, #32768
 828:/home/pacl/Documents/Repository/chipwhisperer/firmware/mcu/hal/chipwhisperer-fw-extra/stm32f4/stm32f4_hal_lowlevel.c **** 
 2410              		.loc 1 828 3 view .LVU875
 2411 005c 4B61     		str	r3, [r1, #20]
 831:/home/pacl/Documents/Repository/chipwhisperer/firmware/mcu/hal/chipwhisperer-fw-extra/stm32f4/stm32f4_hal_lowlevel.c ****   {
 2412              		.loc 1 831 3 is_stmt 1 view .LVU876
 2413 005e 1E4A     		ldr	r2, .L209
 847:/home/pacl/Documents/Repository/chipwhisperer/firmware/mcu/hal/chipwhisperer-fw-extra/stm32f4/stm32f4_hal_lowlevel.c ****     }
 2414              		.loc 1 847 30 is_stmt 0 discriminator 1 view .LVU877
 2415 0060 6368     		ldr	r3, [r4, #4]
 2416              	.LVL209:
 847:/home/pacl/Documents/Repository/chipwhisperer/firmware/mcu/hal/chipwhisperer-fw-extra/stm32f4/stm32f4_hal_lowlevel.c ****     }
 2417              		.loc 1 847 30 discriminator 1 view .LVU878
 2418 0062 4FF06405 		mov	r5, #100
 831:/home/pacl/Documents/Repository/chipwhisperer/firmware/mcu/hal/chipwhisperer-fw-extra/stm32f4/stm32f4_hal_lowlevel.c ****   {
 2419              		.loc 1 831 5 view .LVU879
 2420 0066 27D1     		bne	.L200
 835:/home/pacl/Documents/Repository/chipwhisperer/firmware/mcu/hal/chipwhisperer-fw-extra/stm32f4/stm32f4_hal_lowlevel.c ****     {
 2421              		.loc 1 835 5 is_stmt 1 view .LVU880
 847:/home/pacl/Documents/Repository/chipwhisperer/firmware/mcu/hal/chipwhisperer-fw-extra/stm32f4/stm32f4_hal_lowlevel.c ****     }
 2422              		.loc 1 847 30 is_stmt 0 discriminator 1 view .LVU881
 2423 0068 5B00     		lsls	r3, r3, #1
 2424 006a B2FBF3F2 		udiv	r2, r2, r3
 847:/home/pacl/Documents/Repository/chipwhisperer/firmware/mcu/hal/chipwhisperer-fw-extra/stm32f4/stm32f4_hal_lowlevel.c ****     }
 2425              		.loc 1 847 30 discriminator 3 view .LVU882
 2426 006e B2FBF5F6 		udiv	r6, r2, r5
 2427 0072 05FB1622 		mls	r2, r5, r6, r2
 2428 0076 D300     		lsls	r3, r2, #3
 2429 0078 3233     		adds	r3, r3, #50
 2430 007a B3FBF5F3 		udiv	r3, r3, r5
 847:/home/pacl/Documents/Repository/chipwhisperer/firmware/mcu/hal/chipwhisperer-fw-extra/stm32f4/stm32f4_hal_lowlevel.c ****     }
 2431              		.loc 1 847 30 discriminator 5 view .LVU883
 2432 007e 03F00702 		and	r2, r3, #7
 847:/home/pacl/Documents/Repository/chipwhisperer/firmware/mcu/hal/chipwhisperer-fw-extra/stm32f4/stm32f4_hal_lowlevel.c ****     }
 2433              		.loc 1 847 30 discriminator 3 view .LVU884
 2434 0082 5B00     		lsls	r3, r3, #1
 847:/home/pacl/Documents/Repository/chipwhisperer/firmware/mcu/hal/chipwhisperer-fw-extra/stm32f4/stm32f4_hal_lowlevel.c ****     }
 2435              		.loc 1 847 30 discriminator 5 view .LVU885
 2436 0084 02EB0612 		add	r2, r2, r6, lsl #4
 847:/home/pacl/Documents/Repository/chipwhisperer/firmware/mcu/hal/chipwhisperer-fw-extra/stm32f4/stm32f4_hal_lowlevel.c ****     }
 2437              		.loc 1 847 30 discriminator 3 view .LVU886
 2438 0088 03F4F873 		and	r3, r3, #496
 847:/home/pacl/Documents/Repository/chipwhisperer/firmware/mcu/hal/chipwhisperer-fw-extra/stm32f4/stm32f4_hal_lowlevel.c ****     }
 2439              		.loc 1 847 30 discriminator 5 view .LVU887
 2440 008c 1344     		add	r3, r3, r2
 2441              	.L208:
 856:/home/pacl/Documents/Repository/chipwhisperer/firmware/mcu/hal/chipwhisperer-fw-extra/stm32f4/stm32f4_hal_lowlevel.c ****     }
 2442              		.loc 1 856 28 discriminator 5 view .LVU888
 2443 008e 8B60     		str	r3, [r1, #8]
 2444              	.LVL210:
 856:/home/pacl/Documents/Repository/chipwhisperer/firmware/mcu/hal/chipwhisperer-fw-extra/stm32f4/stm32f4_hal_lowlevel.c ****     }
 2445              		.loc 1 856 28 discriminator 5 view .LVU889
 2446              	.LBE192:
 2447              	.LBE194:
 919:/home/pacl/Documents/Repository/chipwhisperer/firmware/mcu/hal/chipwhisperer-fw-extra/stm32f4/stm32f4_hal_lowlevel.c ****   CLEAR_BIT(huart->Instance->CR3, (USART_CR3_SCEN | USART_CR3_HDSEL | USART_CR3_IREN));
 2448              		.loc 1 919 3 is_stmt 1 view .LVU890
 2449 0090 0B69     		ldr	r3, [r1, #16]
 2450 0092 23F49043 		bic	r3, r3, #18432
 2451 0096 0B61     		str	r3, [r1, #16]
 920:/home/pacl/Documents/Repository/chipwhisperer/firmware/mcu/hal/chipwhisperer-fw-extra/stm32f4/stm32f4_hal_lowlevel.c **** 
 2452              		.loc 1 920 3 view .LVU891
 2453 0098 4B69     		ldr	r3, [r1, #20]
 2454 009a 23F02A03 		bic	r3, r3, #42
 2455 009e 4B61     		str	r3, [r1, #20]
 923:/home/pacl/Documents/Repository/chipwhisperer/firmware/mcu/hal/chipwhisperer-fw-extra/stm32f4/stm32f4_hal_lowlevel.c **** 
 2456              		.loc 1 923 3 view .LVU892
 2457 00a0 CB68     		ldr	r3, [r1, #12]
 2458 00a2 43F40053 		orr	r3, r3, #8192
 2459 00a6 CB60     		str	r3, [r1, #12]
 926:/home/pacl/Documents/Repository/chipwhisperer/firmware/mcu/hal/chipwhisperer-fw-extra/stm32f4/stm32f4_hal_lowlevel.c ****   huart->gState= HAL_UART_STATE_READY;
 2460              		.loc 1 926 3 view .LVU893
 926:/home/pacl/Documents/Repository/chipwhisperer/firmware/mcu/hal/chipwhisperer-fw-extra/stm32f4/stm32f4_hal_lowlevel.c ****   huart->gState= HAL_UART_STATE_READY;
 2461              		.loc 1 926 20 is_stmt 0 view .LVU894
 2462 00a8 0020     		movs	r0, #0
 927:/home/pacl/Documents/Repository/chipwhisperer/firmware/mcu/hal/chipwhisperer-fw-extra/stm32f4/stm32f4_hal_lowlevel.c ****   huart->RxState= HAL_UART_STATE_READY;
 2463              		.loc 1 927 16 view .LVU895
 2464 00aa 2023     		movs	r3, #32
 926:/home/pacl/Documents/Repository/chipwhisperer/firmware/mcu/hal/chipwhisperer-fw-extra/stm32f4/stm32f4_hal_lowlevel.c ****   huart->gState= HAL_UART_STATE_READY;
 2465              		.loc 1 926 20 view .LVU896
 2466 00ac E063     		str	r0, [r4, #60]
 927:/home/pacl/Documents/Repository/chipwhisperer/firmware/mcu/hal/chipwhisperer-fw-extra/stm32f4/stm32f4_hal_lowlevel.c ****   huart->RxState= HAL_UART_STATE_READY;
 2467              		.loc 1 927 3 is_stmt 1 view .LVU897
 927:/home/pacl/Documents/Repository/chipwhisperer/firmware/mcu/hal/chipwhisperer-fw-extra/stm32f4/stm32f4_hal_lowlevel.c ****   huart->RxState= HAL_UART_STATE_READY;
 2468              		.loc 1 927 16 is_stmt 0 view .LVU898
 2469 00ae 84F83930 		strb	r3, [r4, #57]
 928:/home/pacl/Documents/Repository/chipwhisperer/firmware/mcu/hal/chipwhisperer-fw-extra/stm32f4/stm32f4_hal_lowlevel.c **** 
 2470              		.loc 1 928 3 is_stmt 1 view .LVU899
 928:/home/pacl/Documents/Repository/chipwhisperer/firmware/mcu/hal/chipwhisperer-fw-extra/stm32f4/stm32f4_hal_lowlevel.c **** 
 2471              		.loc 1 928 17 is_stmt 0 view .LVU900
 2472 00b2 84F83A30 		strb	r3, [r4, #58]
 930:/home/pacl/Documents/Repository/chipwhisperer/firmware/mcu/hal/chipwhisperer-fw-extra/stm32f4/stm32f4_hal_lowlevel.c **** }
 2473              		.loc 1 930 3 is_stmt 1 view .LVU901
 2474              	.L198:
 931:/home/pacl/Documents/Repository/chipwhisperer/firmware/mcu/hal/chipwhisperer-fw-extra/stm32f4/stm32f4_hal_lowlevel.c **** 
 2475              		.loc 1 931 1 is_stmt 0 view .LVU902
 2476 00b6 70BD     		pop	{r4, r5, r6, pc}
 2477              	.LVL211:
 2478              	.L200:
 2479              	.LBB195:
 2480              	.LBB193:
 854:/home/pacl/Documents/Repository/chipwhisperer/firmware/mcu/hal/chipwhisperer-fw-extra/stm32f4/stm32f4_hal_lowlevel.c ****     {
 2481              		.loc 1 854 5 is_stmt 1 view .LVU903
 866:/home/pacl/Documents/Repository/chipwhisperer/firmware/mcu/hal/chipwhisperer-fw-extra/stm32f4/stm32f4_hal_lowlevel.c ****     }
 2482              		.loc 1 866 30 is_stmt 0 discriminator 1 view .LVU904
 2483 00b8 9B00     		lsls	r3, r3, #2
 2484 00ba B2FBF3F2 		udiv	r2, r2, r3
 866:/home/pacl/Documents/Repository/chipwhisperer/firmware/mcu/hal/chipwhisperer-fw-extra/stm32f4/stm32f4_hal_lowlevel.c ****     }
 2485              		.loc 1 866 30 discriminator 3 view .LVU905
 2486 00be B2FBF5F6 		udiv	r6, r2, r5
 2487 00c2 05FB1623 		mls	r3, r5, r6, r2
 2488 00c6 1B01     		lsls	r3, r3, #4
 2489 00c8 3233     		adds	r3, r3, #50
 2490 00ca B3FBF5F3 		udiv	r3, r3, r5
 866:/home/pacl/Documents/Repository/chipwhisperer/firmware/mcu/hal/chipwhisperer-fw-extra/stm32f4/stm32f4_hal_lowlevel.c ****     }
 2491              		.loc 1 866 30 discriminator 5 view .LVU906
 2492 00ce 03EB0613 		add	r3, r3, r6, lsl #4
 2493 00d2 DCE7     		b	.L208
 2494              	.LVL212:
 2495              	.L206:
 866:/home/pacl/Documents/Repository/chipwhisperer/firmware/mcu/hal/chipwhisperer-fw-extra/stm32f4/stm32f4_hal_lowlevel.c ****     }
 2496              		.loc 1 866 30 discriminator 5 view .LVU907
 2497              	.LBE193:
 2498              	.LBE195:
 883:/home/pacl/Documents/Repository/chipwhisperer/firmware/mcu/hal/chipwhisperer-fw-extra/stm32f4/stm32f4_hal_lowlevel.c ****   }
 2499              		.loc 1 883 12 view .LVU908
 2500 00d4 0120     		movs	r0, #1
 2501              	.LVL213:
 883:/home/pacl/Documents/Repository/chipwhisperer/firmware/mcu/hal/chipwhisperer-fw-extra/stm32f4/stm32f4_hal_lowlevel.c ****   }
 2502              		.loc 1 883 12 view .LVU909
 2503 00d6 EEE7     		b	.L198
 2504              	.L210:
 2505              		.align	2
 2506              	.L209:
 2507 00d8 906EFB0A 		.word	184250000
 2508              		.cfi_endproc
 2509              	.LFE135:
 2511              		.section	.text.HAL_UART_Transmit,"ax",%progbits
 2512              		.align	1
 2513              		.global	HAL_UART_Transmit
 2514              		.syntax unified
 2515              		.thumb
 2516              		.thumb_func
 2518              	HAL_UART_Transmit:
 2519              	.LVL214:
 2520              	.LFB137:
 950:/home/pacl/Documents/Repository/chipwhisperer/firmware/mcu/hal/chipwhisperer-fw-extra/stm32f4/stm32f4_hal_lowlevel.c ****   uint16_t* tmp;
 2521              		.loc 1 950 1 is_stmt 1 view -0
 2522              		.cfi_startproc
 2523              		@ args = 0, pretend = 0, frame = 0
 2524              		@ frame_needed = 0, uses_anonymous_args = 0
 2525              		@ link register save eliminated.
 951:/home/pacl/Documents/Repository/chipwhisperer/firmware/mcu/hal/chipwhisperer-fw-extra/stm32f4/stm32f4_hal_lowlevel.c ****   //uint32_t tickstart = 0U;
 2526              		.loc 1 951 3 view .LVU911
 955:/home/pacl/Documents/Repository/chipwhisperer/firmware/mcu/hal/chipwhisperer-fw-extra/stm32f4/stm32f4_hal_lowlevel.c ****   {
 2527              		.loc 1 955 3 view .LVU912
 950:/home/pacl/Documents/Repository/chipwhisperer/firmware/mcu/hal/chipwhisperer-fw-extra/stm32f4/stm32f4_hal_lowlevel.c ****   uint16_t* tmp;
 2528              		.loc 1 950 1 is_stmt 0 view .LVU913
 2529 0000 0346     		mov	r3, r0
 2530              	.LVL215:
 955:/home/pacl/Documents/Repository/chipwhisperer/firmware/mcu/hal/chipwhisperer-fw-extra/stm32f4/stm32f4_hal_lowlevel.c ****   {
 2531              		.loc 1 955 11 view .LVU914
 2532 0002 90F83900 		ldrb	r0, [r0, #57]	@ zero_extendqisi2
 2533              	.LVL216:
 955:/home/pacl/Documents/Repository/chipwhisperer/firmware/mcu/hal/chipwhisperer-fw-extra/stm32f4/stm32f4_hal_lowlevel.c ****   {
 2534              		.loc 1 955 5 view .LVU915
 2535 0006 2028     		cmp	r0, #32
 2536 0008 3DD1     		bne	.L223
 957:/home/pacl/Documents/Repository/chipwhisperer/firmware/mcu/hal/chipwhisperer-fw-extra/stm32f4/stm32f4_hal_lowlevel.c ****     {
 2537              		.loc 1 957 5 is_stmt 1 view .LVU916
 957:/home/pacl/Documents/Repository/chipwhisperer/firmware/mcu/hal/chipwhisperer-fw-extra/stm32f4/stm32f4_hal_lowlevel.c ****     {
 2538              		.loc 1 957 7 is_stmt 0 view .LVU917
 2539 000a 0029     		cmp	r1, #0
 2540 000c 39D0     		beq	.L222
 957:/home/pacl/Documents/Repository/chipwhisperer/firmware/mcu/hal/chipwhisperer-fw-extra/stm32f4/stm32f4_hal_lowlevel.c ****     {
 2541              		.loc 1 957 25 discriminator 1 view .LVU918
 2542 000e 002A     		cmp	r2, #0
 2543 0010 37D0     		beq	.L222
 963:/home/pacl/Documents/Repository/chipwhisperer/firmware/mcu/hal/chipwhisperer-fw-extra/stm32f4/stm32f4_hal_lowlevel.c **** 
 2544              		.loc 1 963 5 is_stmt 1 view .LVU919
 963:/home/pacl/Documents/Repository/chipwhisperer/firmware/mcu/hal/chipwhisperer-fw-extra/stm32f4/stm32f4_hal_lowlevel.c **** 
 2545              		.loc 1 963 5 view .LVU920
 2546 0012 93F83800 		ldrb	r0, [r3, #56]	@ zero_extendqisi2
 2547 0016 0128     		cmp	r0, #1
 2548 0018 35D0     		beq	.L223
 963:/home/pacl/Documents/Repository/chipwhisperer/firmware/mcu/hal/chipwhisperer-fw-extra/stm32f4/stm32f4_hal_lowlevel.c **** 
 2549              		.loc 1 963 5 discriminator 2 view .LVU921
 2550 001a 0120     		movs	r0, #1
 2551 001c 83F83800 		strb	r0, [r3, #56]
 963:/home/pacl/Documents/Repository/chipwhisperer/firmware/mcu/hal/chipwhisperer-fw-extra/stm32f4/stm32f4_hal_lowlevel.c **** 
 2552              		.loc 1 963 5 discriminator 2 view .LVU922
 965:/home/pacl/Documents/Repository/chipwhisperer/firmware/mcu/hal/chipwhisperer-fw-extra/stm32f4/stm32f4_hal_lowlevel.c ****     huart->gState = HAL_UART_STATE_BUSY_TX;
 2553              		.loc 1 965 5 view .LVU923
 965:/home/pacl/Documents/Repository/chipwhisperer/firmware/mcu/hal/chipwhisperer-fw-extra/stm32f4/stm32f4_hal_lowlevel.c ****     huart->gState = HAL_UART_STATE_BUSY_TX;
 2554              		.loc 1 965 22 is_stmt 0 view .LVU924
 2555 0020 0020     		movs	r0, #0
 2556 0022 D863     		str	r0, [r3, #60]
 966:/home/pacl/Documents/Repository/chipwhisperer/firmware/mcu/hal/chipwhisperer-fw-extra/stm32f4/stm32f4_hal_lowlevel.c **** 
 2557              		.loc 1 966 5 is_stmt 1 view .LVU925
 966:/home/pacl/Documents/Repository/chipwhisperer/firmware/mcu/hal/chipwhisperer-fw-extra/stm32f4/stm32f4_hal_lowlevel.c **** 
 2558              		.loc 1 966 19 is_stmt 0 view .LVU926
 2559 0024 2120     		movs	r0, #33
 2560 0026 83F83900 		strb	r0, [r3, #57]
 971:/home/pacl/Documents/Repository/chipwhisperer/firmware/mcu/hal/chipwhisperer-fw-extra/stm32f4/stm32f4_hal_lowlevel.c ****     huart->TxXferCount = Size;
 2561              		.loc 1 971 5 is_stmt 1 view .LVU927
 971:/home/pacl/Documents/Repository/chipwhisperer/firmware/mcu/hal/chipwhisperer-fw-extra/stm32f4/stm32f4_hal_lowlevel.c ****     huart->TxXferCount = Size;
 2562              		.loc 1 971 23 is_stmt 0 view .LVU928
 2563 002a 9A84     		strh	r2, [r3, #36]	@ movhi
 972:/home/pacl/Documents/Repository/chipwhisperer/firmware/mcu/hal/chipwhisperer-fw-extra/stm32f4/stm32f4_hal_lowlevel.c ****     while(huart->TxXferCount > 0U)
 2564              		.loc 1 972 5 is_stmt 1 view .LVU929
 972:/home/pacl/Documents/Repository/chipwhisperer/firmware/mcu/hal/chipwhisperer-fw-extra/stm32f4/stm32f4_hal_lowlevel.c ****     while(huart->TxXferCount > 0U)
 2565              		.loc 1 972 24 is_stmt 0 view .LVU930
 2566 002c DA84     		strh	r2, [r3, #38]	@ movhi
 973:/home/pacl/Documents/Repository/chipwhisperer/firmware/mcu/hal/chipwhisperer-fw-extra/stm32f4/stm32f4_hal_lowlevel.c ****     {
 2567              		.loc 1 973 5 is_stmt 1 view .LVU931
 2568              	.LBB202:
 2569              	.LBB203:
 936:/home/pacl/Documents/Repository/chipwhisperer/firmware/mcu/hal/chipwhisperer-fw-extra/stm32f4/stm32f4_hal_lowlevel.c ****   return HAL_OK;
 2570              		.loc 1 936 10 is_stmt 0 discriminator 1 view .LVU932
 2571 002e 1A68     		ldr	r2, [r3]
 2572              	.LVL217:
 2573              	.L213:
 936:/home/pacl/Documents/Repository/chipwhisperer/firmware/mcu/hal/chipwhisperer-fw-extra/stm32f4/stm32f4_hal_lowlevel.c ****   return HAL_OK;
 2574              		.loc 1 936 10 discriminator 1 view .LVU933
 2575              	.LBE203:
 2576              	.LBE202:
 973:/home/pacl/Documents/Repository/chipwhisperer/firmware/mcu/hal/chipwhisperer-fw-extra/stm32f4/stm32f4_hal_lowlevel.c ****     {
 2577              		.loc 1 973 30 is_stmt 1 view .LVU934
 973:/home/pacl/Documents/Repository/chipwhisperer/firmware/mcu/hal/chipwhisperer-fw-extra/stm32f4/stm32f4_hal_lowlevel.c ****     {
 2578              		.loc 1 973 16 is_stmt 0 view .LVU935
 2579 0030 D88C     		ldrh	r0, [r3, #38]
 2580 0032 80B2     		uxth	r0, r0
 973:/home/pacl/Documents/Repository/chipwhisperer/firmware/mcu/hal/chipwhisperer-fw-extra/stm32f4/stm32f4_hal_lowlevel.c ****     {
 2581              		.loc 1 973 30 view .LVU936
 2582 0034 48B9     		cbnz	r0, .L218
 2583              	.LVL218:
 2584              	.L219:
 2585              	.LBB205:
 2586              	.LBB206:
 936:/home/pacl/Documents/Repository/chipwhisperer/firmware/mcu/hal/chipwhisperer-fw-extra/stm32f4/stm32f4_hal_lowlevel.c ****   return HAL_OK;
 2587              		.loc 1 936 58 is_stmt 1 discriminator 1 view .LVU937
 936:/home/pacl/Documents/Repository/chipwhisperer/firmware/mcu/hal/chipwhisperer-fw-extra/stm32f4/stm32f4_hal_lowlevel.c ****   return HAL_OK;
 2588              		.loc 1 936 10 is_stmt 0 discriminator 1 view .LVU938
 2589 0036 1168     		ldr	r1, [r2]
 936:/home/pacl/Documents/Repository/chipwhisperer/firmware/mcu/hal/chipwhisperer-fw-extra/stm32f4/stm32f4_hal_lowlevel.c ****   return HAL_OK;
 2590              		.loc 1 936 58 discriminator 1 view .LVU939
 2591 0038 4906     		lsls	r1, r1, #25
 2592 003a FCD5     		bpl	.L219
 937:/home/pacl/Documents/Repository/chipwhisperer/firmware/mcu/hal/chipwhisperer-fw-extra/stm32f4/stm32f4_hal_lowlevel.c **** }
 2593              		.loc 1 937 3 is_stmt 1 view .LVU940
 2594              	.LBE206:
 2595              	.LBE205:
1009:/home/pacl/Documents/Repository/chipwhisperer/firmware/mcu/hal/chipwhisperer-fw-extra/stm32f4/stm32f4_hal_lowlevel.c **** 
 2596              		.loc 1 1009 7 view .LVU941
1009:/home/pacl/Documents/Repository/chipwhisperer/firmware/mcu/hal/chipwhisperer-fw-extra/stm32f4/stm32f4_hal_lowlevel.c **** 
 2597              		.loc 1 1009 21 is_stmt 0 view .LVU942
 2598 003c 2022     		movs	r2, #32
1012:/home/pacl/Documents/Repository/chipwhisperer/firmware/mcu/hal/chipwhisperer-fw-extra/stm32f4/stm32f4_hal_lowlevel.c **** 
 2599              		.loc 1 1012 5 view .LVU943
 2600 003e 0020     		movs	r0, #0
1009:/home/pacl/Documents/Repository/chipwhisperer/firmware/mcu/hal/chipwhisperer-fw-extra/stm32f4/stm32f4_hal_lowlevel.c **** 
 2601              		.loc 1 1009 21 view .LVU944
 2602 0040 83F83920 		strb	r2, [r3, #57]
1012:/home/pacl/Documents/Repository/chipwhisperer/firmware/mcu/hal/chipwhisperer-fw-extra/stm32f4/stm32f4_hal_lowlevel.c **** 
 2603              		.loc 1 1012 5 is_stmt 1 view .LVU945
1012:/home/pacl/Documents/Repository/chipwhisperer/firmware/mcu/hal/chipwhisperer-fw-extra/stm32f4/stm32f4_hal_lowlevel.c **** 
 2604              		.loc 1 1012 5 view .LVU946
 2605 0044 83F83800 		strb	r0, [r3, #56]
1012:/home/pacl/Documents/Repository/chipwhisperer/firmware/mcu/hal/chipwhisperer-fw-extra/stm32f4/stm32f4_hal_lowlevel.c **** 
 2606              		.loc 1 1012 5 view .LVU947
1014:/home/pacl/Documents/Repository/chipwhisperer/firmware/mcu/hal/chipwhisperer-fw-extra/stm32f4/stm32f4_hal_lowlevel.c ****   }
 2607              		.loc 1 1014 5 view .LVU948
1014:/home/pacl/Documents/Repository/chipwhisperer/firmware/mcu/hal/chipwhisperer-fw-extra/stm32f4/stm32f4_hal_lowlevel.c ****   }
 2608              		.loc 1 1014 12 is_stmt 0 view .LVU949
 2609 0048 7047     		bx	lr
 2610              	.LVL219:
 2611              	.L218:
 975:/home/pacl/Documents/Repository/chipwhisperer/firmware/mcu/hal/chipwhisperer-fw-extra/stm32f4/stm32f4_hal_lowlevel.c ****       if(huart->Init.WordLength == UART_WORDLENGTH_9B)
 2612              		.loc 1 975 7 is_stmt 1 view .LVU950
 975:/home/pacl/Documents/Repository/chipwhisperer/firmware/mcu/hal/chipwhisperer-fw-extra/stm32f4/stm32f4_hal_lowlevel.c ****       if(huart->Init.WordLength == UART_WORDLENGTH_9B)
 2613              		.loc 1 975 12 is_stmt 0 view .LVU951
 2614 004a D88C     		ldrh	r0, [r3, #38]
 975:/home/pacl/Documents/Repository/chipwhisperer/firmware/mcu/hal/chipwhisperer-fw-extra/stm32f4/stm32f4_hal_lowlevel.c ****       if(huart->Init.WordLength == UART_WORDLENGTH_9B)
 2615              		.loc 1 975 25 view .LVU952
 2616 004c 0138     		subs	r0, r0, #1
 2617 004e 80B2     		uxth	r0, r0
 2618 0050 D884     		strh	r0, [r3, #38]	@ movhi
 976:/home/pacl/Documents/Repository/chipwhisperer/firmware/mcu/hal/chipwhisperer-fw-extra/stm32f4/stm32f4_hal_lowlevel.c ****       {
 2619              		.loc 1 976 7 is_stmt 1 view .LVU953
 976:/home/pacl/Documents/Repository/chipwhisperer/firmware/mcu/hal/chipwhisperer-fw-extra/stm32f4/stm32f4_hal_lowlevel.c ****       {
 2620              		.loc 1 976 9 is_stmt 0 view .LVU954
 2621 0052 9868     		ldr	r0, [r3, #8]
 2622 0054 B0F5805F 		cmp	r0, #4096
 2623 0058 0CD1     		bne	.L214
 2624              	.L215:
 2625              	.LBB207:
 2626              	.LBB204:
 936:/home/pacl/Documents/Repository/chipwhisperer/firmware/mcu/hal/chipwhisperer-fw-extra/stm32f4/stm32f4_hal_lowlevel.c ****   return HAL_OK;
 2627              		.loc 1 936 58 is_stmt 1 discriminator 1 view .LVU955
 936:/home/pacl/Documents/Repository/chipwhisperer/firmware/mcu/hal/chipwhisperer-fw-extra/stm32f4/stm32f4_hal_lowlevel.c ****   return HAL_OK;
 2628              		.loc 1 936 10 is_stmt 0 discriminator 1 view .LVU956
 2629 005a 1068     		ldr	r0, [r2]
 936:/home/pacl/Documents/Repository/chipwhisperer/firmware/mcu/hal/chipwhisperer-fw-extra/stm32f4/stm32f4_hal_lowlevel.c ****   return HAL_OK;
 2630              		.loc 1 936 58 discriminator 1 view .LVU957
 2631 005c 0006     		lsls	r0, r0, #24
 2632 005e FCD5     		bpl	.L215
 937:/home/pacl/Documents/Repository/chipwhisperer/firmware/mcu/hal/chipwhisperer-fw-extra/stm32f4/stm32f4_hal_lowlevel.c **** }
 2633              		.loc 1 937 3 is_stmt 1 view .LVU958
 2634              	.LBE204:
 2635              	.LBE207:
 982:/home/pacl/Documents/Repository/chipwhisperer/firmware/mcu/hal/chipwhisperer-fw-extra/stm32f4/stm32f4_hal_lowlevel.c ****         huart->Instance->DR = (*tmp & (uint16_t)0x01FF);
 2636              		.loc 1 982 9 view .LVU959
 2637              	.LVL220:
 983:/home/pacl/Documents/Repository/chipwhisperer/firmware/mcu/hal/chipwhisperer-fw-extra/stm32f4/stm32f4_hal_lowlevel.c ****         if(huart->Init.Parity == UART_PARITY_NONE)
 2638              		.loc 1 983 9 view .LVU960
 983:/home/pacl/Documents/Repository/chipwhisperer/firmware/mcu/hal/chipwhisperer-fw-extra/stm32f4/stm32f4_hal_lowlevel.c ****         if(huart->Init.Parity == UART_PARITY_NONE)
 2639              		.loc 1 983 37 is_stmt 0 view .LVU961
 2640 0060 0888     		ldrh	r0, [r1]
 2641 0062 C0F30800 		ubfx	r0, r0, #0, #9
 983:/home/pacl/Documents/Repository/chipwhisperer/firmware/mcu/hal/chipwhisperer-fw-extra/stm32f4/stm32f4_hal_lowlevel.c ****         if(huart->Init.Parity == UART_PARITY_NONE)
 2642              		.loc 1 983 29 view .LVU962
 2643 0066 5060     		str	r0, [r2, #4]
 984:/home/pacl/Documents/Repository/chipwhisperer/firmware/mcu/hal/chipwhisperer-fw-extra/stm32f4/stm32f4_hal_lowlevel.c ****         {
 2644              		.loc 1 984 9 is_stmt 1 view .LVU963
 984:/home/pacl/Documents/Repository/chipwhisperer/firmware/mcu/hal/chipwhisperer-fw-extra/stm32f4/stm32f4_hal_lowlevel.c ****         {
 2645              		.loc 1 984 11 is_stmt 0 view .LVU964
 2646 0068 1869     		ldr	r0, [r3, #16]
 2647 006a 08B9     		cbnz	r0, .L216
 986:/home/pacl/Documents/Repository/chipwhisperer/firmware/mcu/hal/chipwhisperer-fw-extra/stm32f4/stm32f4_hal_lowlevel.c ****         }
 2648              		.loc 1 986 11 is_stmt 1 view .LVU965
 986:/home/pacl/Documents/Repository/chipwhisperer/firmware/mcu/hal/chipwhisperer-fw-extra/stm32f4/stm32f4_hal_lowlevel.c ****         }
 2649              		.loc 1 986 17 is_stmt 0 view .LVU966
 2650 006c 0231     		adds	r1, r1, #2
 2651              	.LVL221:
 986:/home/pacl/Documents/Repository/chipwhisperer/firmware/mcu/hal/chipwhisperer-fw-extra/stm32f4/stm32f4_hal_lowlevel.c ****         }
 2652              		.loc 1 986 17 view .LVU967
 2653 006e DFE7     		b	.L213
 2654              	.LVL222:
 2655              	.L216:
 990:/home/pacl/Documents/Repository/chipwhisperer/firmware/mcu/hal/chipwhisperer-fw-extra/stm32f4/stm32f4_hal_lowlevel.c ****         }
 2656              		.loc 1 990 11 is_stmt 1 view .LVU968
 990:/home/pacl/Documents/Repository/chipwhisperer/firmware/mcu/hal/chipwhisperer-fw-extra/stm32f4/stm32f4_hal_lowlevel.c ****         }
 2657              		.loc 1 990 17 is_stmt 0 view .LVU969
 2658 0070 0131     		adds	r1, r1, #1
 2659              	.LVL223:
 990:/home/pacl/Documents/Repository/chipwhisperer/firmware/mcu/hal/chipwhisperer-fw-extra/stm32f4/stm32f4_hal_lowlevel.c ****         }
 2660              		.loc 1 990 17 view .LVU970
 2661 0072 DDE7     		b	.L213
 2662              	.LVL224:
 2663              	.L214:
 2664              	.LBB208:
 2665              	.LBB209:
 936:/home/pacl/Documents/Repository/chipwhisperer/firmware/mcu/hal/chipwhisperer-fw-extra/stm32f4/stm32f4_hal_lowlevel.c ****   return HAL_OK;
 2666              		.loc 1 936 58 is_stmt 1 discriminator 1 view .LVU971
 936:/home/pacl/Documents/Repository/chipwhisperer/firmware/mcu/hal/chipwhisperer-fw-extra/stm32f4/stm32f4_hal_lowlevel.c ****   return HAL_OK;
 2667              		.loc 1 936 10 is_stmt 0 discriminator 1 view .LVU972
 2668 0074 1068     		ldr	r0, [r2]
 936:/home/pacl/Documents/Repository/chipwhisperer/firmware/mcu/hal/chipwhisperer-fw-extra/stm32f4/stm32f4_hal_lowlevel.c ****   return HAL_OK;
 2669              		.loc 1 936 58 discriminator 1 view .LVU973
 2670 0076 0006     		lsls	r0, r0, #24
 2671 0078 FCD5     		bpl	.L214
 937:/home/pacl/Documents/Repository/chipwhisperer/firmware/mcu/hal/chipwhisperer-fw-extra/stm32f4/stm32f4_hal_lowlevel.c **** }
 2672              		.loc 1 937 3 is_stmt 1 view .LVU974
 2673              	.LBE209:
 2674              	.LBE208:
 999:/home/pacl/Documents/Repository/chipwhisperer/firmware/mcu/hal/chipwhisperer-fw-extra/stm32f4/stm32f4_hal_lowlevel.c ****       }
 2675              		.loc 1 999 9 view .LVU975
 2676              	.LVL225:
 999:/home/pacl/Documents/Repository/chipwhisperer/firmware/mcu/hal/chipwhisperer-fw-extra/stm32f4/stm32f4_hal_lowlevel.c ****       }
 2677              		.loc 1 999 41 is_stmt 0 view .LVU976
 2678 007a 11F8010B 		ldrb	r0, [r1], #1	@ zero_extendqisi2
 2679              	.LVL226:
 999:/home/pacl/Documents/Repository/chipwhisperer/firmware/mcu/hal/chipwhisperer-fw-extra/stm32f4/stm32f4_hal_lowlevel.c ****       }
 2680              		.loc 1 999 29 view .LVU977
 2681 007e 5060     		str	r0, [r2, #4]
 2682 0080 D6E7     		b	.L213
 2683              	.LVL227:
 2684              	.L222:
 959:/home/pacl/Documents/Repository/chipwhisperer/firmware/mcu/hal/chipwhisperer-fw-extra/stm32f4/stm32f4_hal_lowlevel.c ****     }
 2685              		.loc 1 959 15 view .LVU978
 2686 0082 0120     		movs	r0, #1
 2687 0084 7047     		bx	lr
 2688              	.L223:
 963:/home/pacl/Documents/Repository/chipwhisperer/firmware/mcu/hal/chipwhisperer-fw-extra/stm32f4/stm32f4_hal_lowlevel.c **** 
 2689              		.loc 1 963 5 discriminator 1 view .LVU979
 2690 0086 0220     		movs	r0, #2
1020:/home/pacl/Documents/Repository/chipwhisperer/firmware/mcu/hal/chipwhisperer-fw-extra/stm32f4/stm32f4_hal_lowlevel.c **** 
 2691              		.loc 1 1020 1 view .LVU980
 2692 0088 7047     		bx	lr
 2693              		.cfi_endproc
 2694              	.LFE137:
 2696              		.section	.text.HAL_UART_Receive,"ax",%progbits
 2697              		.align	1
 2698              		.global	HAL_UART_Receive
 2699              		.syntax unified
 2700              		.thumb
 2701              		.thumb_func
 2703              	HAL_UART_Receive:
 2704              	.LVL228:
 2705              	.LFB138:
1034:/home/pacl/Documents/Repository/chipwhisperer/firmware/mcu/hal/chipwhisperer-fw-extra/stm32f4/stm32f4_hal_lowlevel.c ****   uint16_t* tmp;
 2706              		.loc 1 1034 1 is_stmt 1 view -0
 2707              		.cfi_startproc
 2708              		@ args = 0, pretend = 0, frame = 0
 2709              		@ frame_needed = 0, uses_anonymous_args = 0
 2710              		@ link register save eliminated.
1035:/home/pacl/Documents/Repository/chipwhisperer/firmware/mcu/hal/chipwhisperer-fw-extra/stm32f4/stm32f4_hal_lowlevel.c ****   //uint32_t tickstart = 0U;
 2711              		.loc 1 1035 3 view .LVU982
1039:/home/pacl/Documents/Repository/chipwhisperer/firmware/mcu/hal/chipwhisperer-fw-extra/stm32f4/stm32f4_hal_lowlevel.c ****   {
 2712              		.loc 1 1039 3 view .LVU983
1034:/home/pacl/Documents/Repository/chipwhisperer/firmware/mcu/hal/chipwhisperer-fw-extra/stm32f4/stm32f4_hal_lowlevel.c ****   uint16_t* tmp;
 2713              		.loc 1 1034 1 is_stmt 0 view .LVU984
 2714 0000 0346     		mov	r3, r0
 2715              	.LVL229:
1039:/home/pacl/Documents/Repository/chipwhisperer/firmware/mcu/hal/chipwhisperer-fw-extra/stm32f4/stm32f4_hal_lowlevel.c ****   {
 2716              		.loc 1 1039 11 view .LVU985
 2717 0002 90F83A00 		ldrb	r0, [r0, #58]	@ zero_extendqisi2
 2718              	.LVL230:
1039:/home/pacl/Documents/Repository/chipwhisperer/firmware/mcu/hal/chipwhisperer-fw-extra/stm32f4/stm32f4_hal_lowlevel.c ****   {
 2719              		.loc 1 1039 5 view .LVU986
 2720 0006 2028     		cmp	r0, #32
 2721 0008 41D1     		bne	.L244
1041:/home/pacl/Documents/Repository/chipwhisperer/firmware/mcu/hal/chipwhisperer-fw-extra/stm32f4/stm32f4_hal_lowlevel.c ****     {
 2722              		.loc 1 1041 5 is_stmt 1 view .LVU987
1041:/home/pacl/Documents/Repository/chipwhisperer/firmware/mcu/hal/chipwhisperer-fw-extra/stm32f4/stm32f4_hal_lowlevel.c ****     {
 2723              		.loc 1 1041 7 is_stmt 0 view .LVU988
 2724 000a 0029     		cmp	r1, #0
 2725 000c 3DD0     		beq	.L243
1041:/home/pacl/Documents/Repository/chipwhisperer/firmware/mcu/hal/chipwhisperer-fw-extra/stm32f4/stm32f4_hal_lowlevel.c ****     {
 2726              		.loc 1 1041 25 discriminator 1 view .LVU989
 2727 000e 002A     		cmp	r2, #0
 2728 0010 3BD0     		beq	.L243
1047:/home/pacl/Documents/Repository/chipwhisperer/firmware/mcu/hal/chipwhisperer-fw-extra/stm32f4/stm32f4_hal_lowlevel.c **** 
 2729              		.loc 1 1047 5 is_stmt 1 view .LVU990
1047:/home/pacl/Documents/Repository/chipwhisperer/firmware/mcu/hal/chipwhisperer-fw-extra/stm32f4/stm32f4_hal_lowlevel.c **** 
 2730              		.loc 1 1047 5 view .LVU991
 2731 0012 93F83800 		ldrb	r0, [r3, #56]	@ zero_extendqisi2
 2732 0016 0128     		cmp	r0, #1
 2733 0018 39D0     		beq	.L244
1047:/home/pacl/Documents/Repository/chipwhisperer/firmware/mcu/hal/chipwhisperer-fw-extra/stm32f4/stm32f4_hal_lowlevel.c **** 
 2734              		.loc 1 1047 5 discriminator 2 view .LVU992
 2735 001a 0120     		movs	r0, #1
 2736 001c 83F83800 		strb	r0, [r3, #56]
1047:/home/pacl/Documents/Repository/chipwhisperer/firmware/mcu/hal/chipwhisperer-fw-extra/stm32f4/stm32f4_hal_lowlevel.c **** 
 2737              		.loc 1 1047 5 discriminator 2 view .LVU993
1049:/home/pacl/Documents/Repository/chipwhisperer/firmware/mcu/hal/chipwhisperer-fw-extra/stm32f4/stm32f4_hal_lowlevel.c ****     huart->RxState = HAL_UART_STATE_BUSY_RX;
 2738              		.loc 1 1049 5 view .LVU994
1049:/home/pacl/Documents/Repository/chipwhisperer/firmware/mcu/hal/chipwhisperer-fw-extra/stm32f4/stm32f4_hal_lowlevel.c ****     huart->RxState = HAL_UART_STATE_BUSY_RX;
 2739              		.loc 1 1049 22 is_stmt 0 view .LVU995
 2740 0020 0020     		movs	r0, #0
 2741 0022 D863     		str	r0, [r3, #60]
1050:/home/pacl/Documents/Repository/chipwhisperer/firmware/mcu/hal/chipwhisperer-fw-extra/stm32f4/stm32f4_hal_lowlevel.c **** 
 2742              		.loc 1 1050 5 is_stmt 1 view .LVU996
1050:/home/pacl/Documents/Repository/chipwhisperer/firmware/mcu/hal/chipwhisperer-fw-extra/stm32f4/stm32f4_hal_lowlevel.c **** 
 2743              		.loc 1 1050 20 is_stmt 0 view .LVU997
 2744 0024 2220     		movs	r0, #34
 2745 0026 83F83A00 		strb	r0, [r3, #58]
1055:/home/pacl/Documents/Repository/chipwhisperer/firmware/mcu/hal/chipwhisperer-fw-extra/stm32f4/stm32f4_hal_lowlevel.c ****     huart->RxXferCount = Size;
 2746              		.loc 1 1055 5 is_stmt 1 view .LVU998
1055:/home/pacl/Documents/Repository/chipwhisperer/firmware/mcu/hal/chipwhisperer-fw-extra/stm32f4/stm32f4_hal_lowlevel.c ****     huart->RxXferCount = Size;
 2747              		.loc 1 1055 23 is_stmt 0 view .LVU999
 2748 002a 9A85     		strh	r2, [r3, #44]	@ movhi
1056:/home/pacl/Documents/Repository/chipwhisperer/firmware/mcu/hal/chipwhisperer-fw-extra/stm32f4/stm32f4_hal_lowlevel.c **** 
 2749              		.loc 1 1056 5 is_stmt 1 view .LVU1000
1056:/home/pacl/Documents/Repository/chipwhisperer/firmware/mcu/hal/chipwhisperer-fw-extra/stm32f4/stm32f4_hal_lowlevel.c **** 
 2750              		.loc 1 1056 24 is_stmt 0 view .LVU1001
 2751 002c DA85     		strh	r2, [r3, #46]	@ movhi
1059:/home/pacl/Documents/Repository/chipwhisperer/firmware/mcu/hal/chipwhisperer-fw-extra/stm32f4/stm32f4_hal_lowlevel.c ****     {
 2752              		.loc 1 1059 5 is_stmt 1 view .LVU1002
 2753              	.LVL231:
 2754              	.L233:
1059:/home/pacl/Documents/Repository/chipwhisperer/firmware/mcu/hal/chipwhisperer-fw-extra/stm32f4/stm32f4_hal_lowlevel.c ****     {
 2755              		.loc 1 1059 30 view .LVU1003
1059:/home/pacl/Documents/Repository/chipwhisperer/firmware/mcu/hal/chipwhisperer-fw-extra/stm32f4/stm32f4_hal_lowlevel.c ****     {
 2756              		.loc 1 1059 16 is_stmt 0 view .LVU1004
 2757 002e D88D     		ldrh	r0, [r3, #46]
 2758 0030 80B2     		uxth	r0, r0
1059:/home/pacl/Documents/Repository/chipwhisperer/firmware/mcu/hal/chipwhisperer-fw-extra/stm32f4/stm32f4_hal_lowlevel.c ****     {
 2759              		.loc 1 1059 30 view .LVU1005
 2760 0032 28B9     		cbnz	r0, .L240
1100:/home/pacl/Documents/Repository/chipwhisperer/firmware/mcu/hal/chipwhisperer-fw-extra/stm32f4/stm32f4_hal_lowlevel.c **** 
 2761              		.loc 1 1100 5 is_stmt 1 view .LVU1006
1100:/home/pacl/Documents/Repository/chipwhisperer/firmware/mcu/hal/chipwhisperer-fw-extra/stm32f4/stm32f4_hal_lowlevel.c **** 
 2762              		.loc 1 1100 20 is_stmt 0 view .LVU1007
 2763 0034 2022     		movs	r2, #32
 2764 0036 83F83A20 		strb	r2, [r3, #58]
1103:/home/pacl/Documents/Repository/chipwhisperer/firmware/mcu/hal/chipwhisperer-fw-extra/stm32f4/stm32f4_hal_lowlevel.c **** 
 2765              		.loc 1 1103 5 is_stmt 1 view .LVU1008
1103:/home/pacl/Documents/Repository/chipwhisperer/firmware/mcu/hal/chipwhisperer-fw-extra/stm32f4/stm32f4_hal_lowlevel.c **** 
 2766              		.loc 1 1103 5 view .LVU1009
 2767 003a 83F83800 		strb	r0, [r3, #56]
1103:/home/pacl/Documents/Repository/chipwhisperer/firmware/mcu/hal/chipwhisperer-fw-extra/stm32f4/stm32f4_hal_lowlevel.c **** 
 2768              		.loc 1 1103 5 view .LVU1010
1105:/home/pacl/Documents/Repository/chipwhisperer/firmware/mcu/hal/chipwhisperer-fw-extra/stm32f4/stm32f4_hal_lowlevel.c ****   }
 2769              		.loc 1 1105 5 view .LVU1011
1105:/home/pacl/Documents/Repository/chipwhisperer/firmware/mcu/hal/chipwhisperer-fw-extra/stm32f4/stm32f4_hal_lowlevel.c ****   }
 2770              		.loc 1 1105 12 is_stmt 0 view .LVU1012
 2771 003e 7047     		bx	lr
 2772              	.L240:
1061:/home/pacl/Documents/Repository/chipwhisperer/firmware/mcu/hal/chipwhisperer-fw-extra/stm32f4/stm32f4_hal_lowlevel.c ****       if(huart->Init.WordLength == UART_WORDLENGTH_9B)
 2773              		.loc 1 1061 7 is_stmt 1 view .LVU1013
1061:/home/pacl/Documents/Repository/chipwhisperer/firmware/mcu/hal/chipwhisperer-fw-extra/stm32f4/stm32f4_hal_lowlevel.c ****       if(huart->Init.WordLength == UART_WORDLENGTH_9B)
 2774              		.loc 1 1061 12 is_stmt 0 view .LVU1014
 2775 0040 DA8D     		ldrh	r2, [r3, #46]
1062:/home/pacl/Documents/Repository/chipwhisperer/firmware/mcu/hal/chipwhisperer-fw-extra/stm32f4/stm32f4_hal_lowlevel.c ****       {
 2776              		.loc 1 1062 9 view .LVU1015
 2777 0042 9868     		ldr	r0, [r3, #8]
1061:/home/pacl/Documents/Repository/chipwhisperer/firmware/mcu/hal/chipwhisperer-fw-extra/stm32f4/stm32f4_hal_lowlevel.c ****       if(huart->Init.WordLength == UART_WORDLENGTH_9B)
 2778              		.loc 1 1061 25 view .LVU1016
 2779 0044 013A     		subs	r2, r2, #1
 2780 0046 92B2     		uxth	r2, r2
1062:/home/pacl/Documents/Repository/chipwhisperer/firmware/mcu/hal/chipwhisperer-fw-extra/stm32f4/stm32f4_hal_lowlevel.c ****       {
 2781              		.loc 1 1062 9 view .LVU1017
 2782 0048 B0F5805F 		cmp	r0, #4096
1061:/home/pacl/Documents/Repository/chipwhisperer/firmware/mcu/hal/chipwhisperer-fw-extra/stm32f4/stm32f4_hal_lowlevel.c ****       if(huart->Init.WordLength == UART_WORDLENGTH_9B)
 2783              		.loc 1 1061 25 view .LVU1018
 2784 004c DA85     		strh	r2, [r3, #46]	@ movhi
1062:/home/pacl/Documents/Repository/chipwhisperer/firmware/mcu/hal/chipwhisperer-fw-extra/stm32f4/stm32f4_hal_lowlevel.c ****       {
 2785              		.loc 1 1062 7 is_stmt 1 view .LVU1019
 2786              	.LBB214:
 2787              	.LBB215:
 936:/home/pacl/Documents/Repository/chipwhisperer/firmware/mcu/hal/chipwhisperer-fw-extra/stm32f4/stm32f4_hal_lowlevel.c ****   return HAL_OK;
 2788              		.loc 1 936 10 is_stmt 0 discriminator 1 view .LVU1020
 2789 004e 1A68     		ldr	r2, [r3]
 2790              	.LBE215:
 2791              	.LBE214:
1062:/home/pacl/Documents/Repository/chipwhisperer/firmware/mcu/hal/chipwhisperer-fw-extra/stm32f4/stm32f4_hal_lowlevel.c ****       {
 2792              		.loc 1 1062 9 view .LVU1021
 2793 0050 0ED1     		bne	.L234
 2794              	.L235:
 2795              	.LBB217:
 2796              	.LBB216:
 936:/home/pacl/Documents/Repository/chipwhisperer/firmware/mcu/hal/chipwhisperer-fw-extra/stm32f4/stm32f4_hal_lowlevel.c ****   return HAL_OK;
 2797              		.loc 1 936 58 is_stmt 1 discriminator 1 view .LVU1022
 936:/home/pacl/Documents/Repository/chipwhisperer/firmware/mcu/hal/chipwhisperer-fw-extra/stm32f4/stm32f4_hal_lowlevel.c ****   return HAL_OK;
 2798              		.loc 1 936 10 is_stmt 0 discriminator 1 view .LVU1023
 2799 0052 1068     		ldr	r0, [r2]
 936:/home/pacl/Documents/Repository/chipwhisperer/firmware/mcu/hal/chipwhisperer-fw-extra/stm32f4/stm32f4_hal_lowlevel.c ****   return HAL_OK;
 2800              		.loc 1 936 58 discriminator 1 view .LVU1024
 2801 0054 8006     		lsls	r0, r0, #26
 2802 0056 FCD5     		bpl	.L235
 937:/home/pacl/Documents/Repository/chipwhisperer/firmware/mcu/hal/chipwhisperer-fw-extra/stm32f4/stm32f4_hal_lowlevel.c **** }
 2803              		.loc 1 937 3 is_stmt 1 view .LVU1025
 2804              	.LBE216:
 2805              	.LBE217:
1068:/home/pacl/Documents/Repository/chipwhisperer/firmware/mcu/hal/chipwhisperer-fw-extra/stm32f4/stm32f4_hal_lowlevel.c ****         if(huart->Init.Parity == UART_PARITY_NONE)
 2806              		.loc 1 1068 9 view .LVU1026
 2807              	.LVL232:
1069:/home/pacl/Documents/Repository/chipwhisperer/firmware/mcu/hal/chipwhisperer-fw-extra/stm32f4/stm32f4_hal_lowlevel.c ****         {
 2808              		.loc 1 1069 9 view .LVU1027
1069:/home/pacl/Documents/Repository/chipwhisperer/firmware/mcu/hal/chipwhisperer-fw-extra/stm32f4/stm32f4_hal_lowlevel.c ****         {
 2809              		.loc 1 1069 11 is_stmt 0 view .LVU1028
 2810 0058 1869     		ldr	r0, [r3, #16]
1071:/home/pacl/Documents/Repository/chipwhisperer/firmware/mcu/hal/chipwhisperer-fw-extra/stm32f4/stm32f4_hal_lowlevel.c ****           pData +=2U;
 2811              		.loc 1 1071 44 view .LVU1029
 2812 005a 5268     		ldr	r2, [r2, #4]
1069:/home/pacl/Documents/Repository/chipwhisperer/firmware/mcu/hal/chipwhisperer-fw-extra/stm32f4/stm32f4_hal_lowlevel.c ****         {
 2813              		.loc 1 1069 11 view .LVU1030
 2814 005c 20B9     		cbnz	r0, .L236
1071:/home/pacl/Documents/Repository/chipwhisperer/firmware/mcu/hal/chipwhisperer-fw-extra/stm32f4/stm32f4_hal_lowlevel.c ****           pData +=2U;
 2815              		.loc 1 1071 11 is_stmt 1 view .LVU1031
1071:/home/pacl/Documents/Repository/chipwhisperer/firmware/mcu/hal/chipwhisperer-fw-extra/stm32f4/stm32f4_hal_lowlevel.c ****           pData +=2U;
 2816              		.loc 1 1071 18 is_stmt 0 view .LVU1032
 2817 005e C2F30802 		ubfx	r2, r2, #0, #9
1071:/home/pacl/Documents/Repository/chipwhisperer/firmware/mcu/hal/chipwhisperer-fw-extra/stm32f4/stm32f4_hal_lowlevel.c ****           pData +=2U;
 2818              		.loc 1 1071 16 view .LVU1033
 2819 0062 21F8022B 		strh	r2, [r1], #2	@ movhi
 2820              	.LVL233:
1072:/home/pacl/Documents/Repository/chipwhisperer/firmware/mcu/hal/chipwhisperer-fw-extra/stm32f4/stm32f4_hal_lowlevel.c ****         }
 2821              		.loc 1 1072 11 is_stmt 1 view .LVU1034
1072:/home/pacl/Documents/Repository/chipwhisperer/firmware/mcu/hal/chipwhisperer-fw-extra/stm32f4/stm32f4_hal_lowlevel.c ****         }
 2822              		.loc 1 1072 11 is_stmt 0 view .LVU1035
 2823 0066 E2E7     		b	.L233
 2824              	.LVL234:
 2825              	.L236:
1076:/home/pacl/Documents/Repository/chipwhisperer/firmware/mcu/hal/chipwhisperer-fw-extra/stm32f4/stm32f4_hal_lowlevel.c ****           pData +=1U;
 2826              		.loc 1 1076 11 is_stmt 1 view .LVU1036
1076:/home/pacl/Documents/Repository/chipwhisperer/firmware/mcu/hal/chipwhisperer-fw-extra/stm32f4/stm32f4_hal_lowlevel.c ****           pData +=1U;
 2827              		.loc 1 1076 18 is_stmt 0 view .LVU1037
 2828 0068 D2B2     		uxtb	r2, r2
1076:/home/pacl/Documents/Repository/chipwhisperer/firmware/mcu/hal/chipwhisperer-fw-extra/stm32f4/stm32f4_hal_lowlevel.c ****           pData +=1U;
 2829              		.loc 1 1076 16 view .LVU1038
 2830 006a 21F8012B 		strh	r2, [r1], #1	@ movhi
 2831              	.LVL235:
1077:/home/pacl/Documents/Repository/chipwhisperer/firmware/mcu/hal/chipwhisperer-fw-extra/stm32f4/stm32f4_hal_lowlevel.c ****         }
 2832              		.loc 1 1077 11 is_stmt 1 view .LVU1039
1077:/home/pacl/Documents/Repository/chipwhisperer/firmware/mcu/hal/chipwhisperer-fw-extra/stm32f4/stm32f4_hal_lowlevel.c ****         }
 2833              		.loc 1 1077 11 is_stmt 0 view .LVU1040
 2834 006e DEE7     		b	.L233
 2835              	.LVL236:
 2836              	.L234:
 2837              	.LBB218:
 2838              	.LBB219:
 936:/home/pacl/Documents/Repository/chipwhisperer/firmware/mcu/hal/chipwhisperer-fw-extra/stm32f4/stm32f4_hal_lowlevel.c ****   return HAL_OK;
 2839              		.loc 1 936 58 is_stmt 1 discriminator 1 view .LVU1041
 936:/home/pacl/Documents/Repository/chipwhisperer/firmware/mcu/hal/chipwhisperer-fw-extra/stm32f4/stm32f4_hal_lowlevel.c ****   return HAL_OK;
 2840              		.loc 1 936 10 is_stmt 0 discriminator 1 view .LVU1042
 2841 0070 1068     		ldr	r0, [r2]
 936:/home/pacl/Documents/Repository/chipwhisperer/firmware/mcu/hal/chipwhisperer-fw-extra/stm32f4/stm32f4_hal_lowlevel.c ****   return HAL_OK;
 2842              		.loc 1 936 58 discriminator 1 view .LVU1043
 2843 0072 8006     		lsls	r0, r0, #26
 2844 0074 FCD5     		bpl	.L234
 937:/home/pacl/Documents/Repository/chipwhisperer/firmware/mcu/hal/chipwhisperer-fw-extra/stm32f4/stm32f4_hal_lowlevel.c **** }
 2845              		.loc 1 937 3 is_stmt 1 view .LVU1044
 2846              	.LBE219:
 2847              	.LBE218:
1087:/home/pacl/Documents/Repository/chipwhisperer/firmware/mcu/hal/chipwhisperer-fw-extra/stm32f4/stm32f4_hal_lowlevel.c ****         {
 2848              		.loc 1 1087 9 view .LVU1045
1087:/home/pacl/Documents/Repository/chipwhisperer/firmware/mcu/hal/chipwhisperer-fw-extra/stm32f4/stm32f4_hal_lowlevel.c ****         {
 2849              		.loc 1 1087 11 is_stmt 0 view .LVU1046
 2850 0076 1869     		ldr	r0, [r3, #16]
1089:/home/pacl/Documents/Repository/chipwhisperer/firmware/mcu/hal/chipwhisperer-fw-extra/stm32f4/stm32f4_hal_lowlevel.c ****         }
 2851              		.loc 1 1089 47 view .LVU1047
 2852 0078 5268     		ldr	r2, [r2, #4]
1087:/home/pacl/Documents/Repository/chipwhisperer/firmware/mcu/hal/chipwhisperer-fw-extra/stm32f4/stm32f4_hal_lowlevel.c ****         {
 2853              		.loc 1 1087 11 view .LVU1048
 2854 007a 18B9     		cbnz	r0, .L238
1089:/home/pacl/Documents/Repository/chipwhisperer/firmware/mcu/hal/chipwhisperer-fw-extra/stm32f4/stm32f4_hal_lowlevel.c ****         }
 2855              		.loc 1 1089 11 is_stmt 1 view .LVU1049
 2856              	.LVL237:
1089:/home/pacl/Documents/Repository/chipwhisperer/firmware/mcu/hal/chipwhisperer-fw-extra/stm32f4/stm32f4_hal_lowlevel.c ****         }
 2857              		.loc 1 1089 22 is_stmt 0 view .LVU1050
 2858 007c D2B2     		uxtb	r2, r2
 2859              	.LVL238:
 2860              	.L239:
1089:/home/pacl/Documents/Repository/chipwhisperer/firmware/mcu/hal/chipwhisperer-fw-extra/stm32f4/stm32f4_hal_lowlevel.c ****         }
 2861              		.loc 1 1089 20 view .LVU1051
 2862 007e 01F8012B 		strb	r2, [r1], #1
 2863 0082 D4E7     		b	.L233
 2864              	.LVL239:
 2865              	.L238:
1093:/home/pacl/Documents/Repository/chipwhisperer/firmware/mcu/hal/chipwhisperer-fw-extra/stm32f4/stm32f4_hal_lowlevel.c ****         }
 2866              		.loc 1 1093 11 is_stmt 1 view .LVU1052
1093:/home/pacl/Documents/Repository/chipwhisperer/firmware/mcu/hal/chipwhisperer-fw-extra/stm32f4/stm32f4_hal_lowlevel.c ****         }
 2867              		.loc 1 1093 22 is_stmt 0 view .LVU1053
 2868 0084 02F07F02 		and	r2, r2, #127
 2869 0088 F9E7     		b	.L239
 2870              	.LVL240:
 2871              	.L243:
1043:/home/pacl/Documents/Repository/chipwhisperer/firmware/mcu/hal/chipwhisperer-fw-extra/stm32f4/stm32f4_hal_lowlevel.c ****     }
 2872              		.loc 1 1043 15 view .LVU1054
 2873 008a 0120     		movs	r0, #1
 2874 008c 7047     		bx	lr
 2875              	.L244:
1047:/home/pacl/Documents/Repository/chipwhisperer/firmware/mcu/hal/chipwhisperer-fw-extra/stm32f4/stm32f4_hal_lowlevel.c **** 
 2876              		.loc 1 1047 5 discriminator 1 view .LVU1055
 2877 008e 0220     		movs	r0, #2
1111:/home/pacl/Documents/Repository/chipwhisperer/firmware/mcu/hal/chipwhisperer-fw-extra/stm32f4/stm32f4_hal_lowlevel.c **** 
 2878              		.loc 1 1111 1 view .LVU1056
 2879 0090 7047     		bx	lr
 2880              		.cfi_endproc
 2881              	.LFE138:
 2883              		.section	.text.HAL_CRYP_Init,"ax",%progbits
 2884              		.align	1
 2885              		.global	HAL_CRYP_Init
 2886              		.syntax unified
 2887              		.thumb
 2888              		.thumb_func
 2890              	HAL_CRYP_Init:
 2891              	.LVL241:
 2892              	.LFB141:
1636:/home/pacl/Documents/Repository/chipwhisperer/firmware/mcu/hal/chipwhisperer-fw-extra/stm32f4/stm32f4_hal_lowlevel.c **** 
1637:/home/pacl/Documents/Repository/chipwhisperer/firmware/mcu/hal/chipwhisperer-fw-extra/stm32f4/stm32f4_hal_lowlevel.c **** HAL_StatusTypeDef HAL_CRYP_Init(CRYP_HandleTypeDef *hcryp)
1638:/home/pacl/Documents/Repository/chipwhisperer/firmware/mcu/hal/chipwhisperer-fw-extra/stm32f4/stm32f4_hal_lowlevel.c **** { 
 2893              		.loc 1 1638 1 is_stmt 1 view -0
 2894              		.cfi_startproc
 2895              		@ args = 0, pretend = 0, frame = 0
 2896              		@ frame_needed = 0, uses_anonymous_args = 0
 2897              		@ link register save eliminated.
1639:/home/pacl/Documents/Repository/chipwhisperer/firmware/mcu/hal/chipwhisperer-fw-extra/stm32f4/stm32f4_hal_lowlevel.c ****   /* Check the CRYP handle allocation */
1640:/home/pacl/Documents/Repository/chipwhisperer/firmware/mcu/hal/chipwhisperer-fw-extra/stm32f4/stm32f4_hal_lowlevel.c ****   if(hcryp == NULL)
 2898              		.loc 1 1640 3 view .LVU1058
 2899              		.loc 1 1640 5 is_stmt 0 view .LVU1059
 2900 0000 C0B1     		cbz	r0, .L253
1641:/home/pacl/Documents/Repository/chipwhisperer/firmware/mcu/hal/chipwhisperer-fw-extra/stm32f4/stm32f4_hal_lowlevel.c ****   {
1642:/home/pacl/Documents/Repository/chipwhisperer/firmware/mcu/hal/chipwhisperer-fw-extra/stm32f4/stm32f4_hal_lowlevel.c ****     return HAL_ERROR;
1643:/home/pacl/Documents/Repository/chipwhisperer/firmware/mcu/hal/chipwhisperer-fw-extra/stm32f4/stm32f4_hal_lowlevel.c ****   }
1644:/home/pacl/Documents/Repository/chipwhisperer/firmware/mcu/hal/chipwhisperer-fw-extra/stm32f4/stm32f4_hal_lowlevel.c **** 
1645:/home/pacl/Documents/Repository/chipwhisperer/firmware/mcu/hal/chipwhisperer-fw-extra/stm32f4/stm32f4_hal_lowlevel.c ****   /* Check the parameters */
1646:/home/pacl/Documents/Repository/chipwhisperer/firmware/mcu/hal/chipwhisperer-fw-extra/stm32f4/stm32f4_hal_lowlevel.c ****   assert_param(IS_CRYP_KEYSIZE(hcryp->Init.KeySize));
 2901              		.loc 1 1646 3 is_stmt 1 view .LVU1060
1647:/home/pacl/Documents/Repository/chipwhisperer/firmware/mcu/hal/chipwhisperer-fw-extra/stm32f4/stm32f4_hal_lowlevel.c ****   assert_param(IS_CRYP_DATATYPE(hcryp->Init.DataType));
 2902              		.loc 1 1647 3 view .LVU1061
1648:/home/pacl/Documents/Repository/chipwhisperer/firmware/mcu/hal/chipwhisperer-fw-extra/stm32f4/stm32f4_hal_lowlevel.c ****     
1649:/home/pacl/Documents/Repository/chipwhisperer/firmware/mcu/hal/chipwhisperer-fw-extra/stm32f4/stm32f4_hal_lowlevel.c ****   if(hcryp->State == HAL_CRYP_STATE_RESET)
 2903              		.loc 1 1649 3 view .LVU1062
 2904              		.loc 1 1649 11 is_stmt 0 view .LVU1063
 2905 0002 90F83D30 		ldrb	r3, [r0, #61]	@ zero_extendqisi2
 2906              		.loc 1 1649 5 view .LVU1064
 2907 0006 03F0FF02 		and	r2, r3, #255
 2908 000a 0BB9     		cbnz	r3, .L252
1650:/home/pacl/Documents/Repository/chipwhisperer/firmware/mcu/hal/chipwhisperer-fw-extra/stm32f4/stm32f4_hal_lowlevel.c ****   {
1651:/home/pacl/Documents/Repository/chipwhisperer/firmware/mcu/hal/chipwhisperer-fw-extra/stm32f4/stm32f4_hal_lowlevel.c ****     /* Allocate lock resource and initialize it */
1652:/home/pacl/Documents/Repository/chipwhisperer/firmware/mcu/hal/chipwhisperer-fw-extra/stm32f4/stm32f4_hal_lowlevel.c ****     hcryp->Lock = HAL_UNLOCKED;
 2909              		.loc 1 1652 5 is_stmt 1 view .LVU1065
 2910              		.loc 1 1652 17 is_stmt 0 view .LVU1066
 2911 000c 80F83C20 		strb	r2, [r0, #60]
 2912              	.L252:
1653:/home/pacl/Documents/Repository/chipwhisperer/firmware/mcu/hal/chipwhisperer-fw-extra/stm32f4/stm32f4_hal_lowlevel.c ****     /* Init the low level hardware */
1654:/home/pacl/Documents/Repository/chipwhisperer/firmware/mcu/hal/chipwhisperer-fw-extra/stm32f4/stm32f4_hal_lowlevel.c ****     //HAL_CRYP_MspInit(hcryp);
1655:/home/pacl/Documents/Repository/chipwhisperer/firmware/mcu/hal/chipwhisperer-fw-extra/stm32f4/stm32f4_hal_lowlevel.c ****   }
1656:/home/pacl/Documents/Repository/chipwhisperer/firmware/mcu/hal/chipwhisperer-fw-extra/stm32f4/stm32f4_hal_lowlevel.c ****   
1657:/home/pacl/Documents/Repository/chipwhisperer/firmware/mcu/hal/chipwhisperer-fw-extra/stm32f4/stm32f4_hal_lowlevel.c ****   /* Change the CRYP state */
1658:/home/pacl/Documents/Repository/chipwhisperer/firmware/mcu/hal/chipwhisperer-fw-extra/stm32f4/stm32f4_hal_lowlevel.c ****   hcryp->State = HAL_CRYP_STATE_BUSY;
 2913              		.loc 1 1658 3 is_stmt 1 view .LVU1067
 2914              		.loc 1 1658 16 is_stmt 0 view .LVU1068
 2915 0010 0223     		movs	r3, #2
 2916 0012 80F83D30 		strb	r3, [r0, #61]
1659:/home/pacl/Documents/Repository/chipwhisperer/firmware/mcu/hal/chipwhisperer-fw-extra/stm32f4/stm32f4_hal_lowlevel.c ****   
1660:/home/pacl/Documents/Repository/chipwhisperer/firmware/mcu/hal/chipwhisperer-fw-extra/stm32f4/stm32f4_hal_lowlevel.c ****   /* Set the key size and data type*/
1661:/home/pacl/Documents/Repository/chipwhisperer/firmware/mcu/hal/chipwhisperer-fw-extra/stm32f4/stm32f4_hal_lowlevel.c ****   CRYP->CR = (uint32_t) (hcryp->Init.KeySize | hcryp->Init.DataType);
 2917              		.loc 1 1661 3 is_stmt 1 view .LVU1069
 2918              		.loc 1 1661 46 is_stmt 0 view .LVU1070
 2919 0016 D0E90123 		ldrd	r2, r3, [r0, #4]
 2920 001a 1343     		orrs	r3, r3, r2
 2921              		.loc 1 1661 12 view .LVU1071
 2922 001c 064A     		ldr	r2, .L254
 2923 001e 1360     		str	r3, [r2]
1662:/home/pacl/Documents/Repository/chipwhisperer/firmware/mcu/hal/chipwhisperer-fw-extra/stm32f4/stm32f4_hal_lowlevel.c ****   
1663:/home/pacl/Documents/Repository/chipwhisperer/firmware/mcu/hal/chipwhisperer-fw-extra/stm32f4/stm32f4_hal_lowlevel.c ****   /* Reset CrypInCount and CrypOutCount */
1664:/home/pacl/Documents/Repository/chipwhisperer/firmware/mcu/hal/chipwhisperer-fw-extra/stm32f4/stm32f4_hal_lowlevel.c ****   hcryp->CrypInCount = 0U;
 2924              		.loc 1 1664 3 is_stmt 1 view .LVU1072
 2925              		.loc 1 1664 22 is_stmt 0 view .LVU1073
 2926 0020 0023     		movs	r3, #0
1665:/home/pacl/Documents/Repository/chipwhisperer/firmware/mcu/hal/chipwhisperer-fw-extra/stm32f4/stm32f4_hal_lowlevel.c ****   hcryp->CrypOutCount = 0U;
1666:/home/pacl/Documents/Repository/chipwhisperer/firmware/mcu/hal/chipwhisperer-fw-extra/stm32f4/stm32f4_hal_lowlevel.c ****   
1667:/home/pacl/Documents/Repository/chipwhisperer/firmware/mcu/hal/chipwhisperer-fw-extra/stm32f4/stm32f4_hal_lowlevel.c ****   /* Change the CRYP state */
1668:/home/pacl/Documents/Repository/chipwhisperer/firmware/mcu/hal/chipwhisperer-fw-extra/stm32f4/stm32f4_hal_lowlevel.c ****   hcryp->State = HAL_CRYP_STATE_READY;
 2927              		.loc 1 1668 16 view .LVU1074
 2928 0022 0122     		movs	r2, #1
1664:/home/pacl/Documents/Repository/chipwhisperer/firmware/mcu/hal/chipwhisperer-fw-extra/stm32f4/stm32f4_hal_lowlevel.c ****   hcryp->CrypOutCount = 0U;
 2929              		.loc 1 1664 22 view .LVU1075
 2930 0024 8385     		strh	r3, [r0, #44]	@ movhi
1665:/home/pacl/Documents/Repository/chipwhisperer/firmware/mcu/hal/chipwhisperer-fw-extra/stm32f4/stm32f4_hal_lowlevel.c ****   hcryp->CrypOutCount = 0U;
 2931              		.loc 1 1665 3 is_stmt 1 view .LVU1076
1669:/home/pacl/Documents/Repository/chipwhisperer/firmware/mcu/hal/chipwhisperer-fw-extra/stm32f4/stm32f4_hal_lowlevel.c ****   
1670:/home/pacl/Documents/Repository/chipwhisperer/firmware/mcu/hal/chipwhisperer-fw-extra/stm32f4/stm32f4_hal_lowlevel.c ****   /* Set the default CRYP phase */
1671:/home/pacl/Documents/Repository/chipwhisperer/firmware/mcu/hal/chipwhisperer-fw-extra/stm32f4/stm32f4_hal_lowlevel.c ****   hcryp->Phase = HAL_CRYP_PHASE_READY;
 2932              		.loc 1 1671 16 is_stmt 0 view .LVU1077
 2933 0026 80F83120 		strb	r2, [r0, #49]
1665:/home/pacl/Documents/Repository/chipwhisperer/firmware/mcu/hal/chipwhisperer-fw-extra/stm32f4/stm32f4_hal_lowlevel.c ****   
 2934              		.loc 1 1665 23 view .LVU1078
 2935 002a C385     		strh	r3, [r0, #46]	@ movhi
1668:/home/pacl/Documents/Repository/chipwhisperer/firmware/mcu/hal/chipwhisperer-fw-extra/stm32f4/stm32f4_hal_lowlevel.c ****   
 2936              		.loc 1 1668 3 is_stmt 1 view .LVU1079
1668:/home/pacl/Documents/Repository/chipwhisperer/firmware/mcu/hal/chipwhisperer-fw-extra/stm32f4/stm32f4_hal_lowlevel.c ****   
 2937              		.loc 1 1668 16 is_stmt 0 view .LVU1080
 2938 002c 80F83D20 		strb	r2, [r0, #61]
 2939              		.loc 1 1671 3 is_stmt 1 view .LVU1081
1672:/home/pacl/Documents/Repository/chipwhisperer/firmware/mcu/hal/chipwhisperer-fw-extra/stm32f4/stm32f4_hal_lowlevel.c ****   
1673:/home/pacl/Documents/Repository/chipwhisperer/firmware/mcu/hal/chipwhisperer-fw-extra/stm32f4/stm32f4_hal_lowlevel.c ****   /* Return function status */
1674:/home/pacl/Documents/Repository/chipwhisperer/firmware/mcu/hal/chipwhisperer-fw-extra/stm32f4/stm32f4_hal_lowlevel.c ****   return HAL_OK;
 2940              		.loc 1 1674 3 view .LVU1082
 2941              		.loc 1 1674 10 is_stmt 0 view .LVU1083
 2942 0030 1846     		mov	r0, r3
 2943              	.LVL242:
 2944              		.loc 1 1674 10 view .LVU1084
 2945 0032 7047     		bx	lr
 2946              	.LVL243:
 2947              	.L253:
1642:/home/pacl/Documents/Repository/chipwhisperer/firmware/mcu/hal/chipwhisperer-fw-extra/stm32f4/stm32f4_hal_lowlevel.c ****   }
 2948              		.loc 1 1642 12 view .LVU1085
 2949 0034 0120     		movs	r0, #1
 2950              	.LVL244:
1675:/home/pacl/Documents/Repository/chipwhisperer/firmware/mcu/hal/chipwhisperer-fw-extra/stm32f4/stm32f4_hal_lowlevel.c **** }
 2951              		.loc 1 1675 1 view .LVU1086
 2952 0036 7047     		bx	lr
 2953              	.L255:
 2954              		.align	2
 2955              	.L254:
 2956 0038 00000650 		.word	1342570496
 2957              		.cfi_endproc
 2958              	.LFE141:
 2960              		.section	.text.HAL_CRYP_DeInit,"ax",%progbits
 2961              		.align	1
 2962              		.global	HAL_CRYP_DeInit
 2963              		.syntax unified
 2964              		.thumb
 2965              		.thumb_func
 2967              	HAL_CRYP_DeInit:
 2968              	.LVL245:
 2969              	.LFB142:
1676:/home/pacl/Documents/Repository/chipwhisperer/firmware/mcu/hal/chipwhisperer-fw-extra/stm32f4/stm32f4_hal_lowlevel.c **** 
1677:/home/pacl/Documents/Repository/chipwhisperer/firmware/mcu/hal/chipwhisperer-fw-extra/stm32f4/stm32f4_hal_lowlevel.c **** /**
1678:/home/pacl/Documents/Repository/chipwhisperer/firmware/mcu/hal/chipwhisperer-fw-extra/stm32f4/stm32f4_hal_lowlevel.c ****   * @brief  DeInitializes the CRYP peripheral. 
1679:/home/pacl/Documents/Repository/chipwhisperer/firmware/mcu/hal/chipwhisperer-fw-extra/stm32f4/stm32f4_hal_lowlevel.c ****   * @param  hcryp pointer to a CRYP_HandleTypeDef structure that contains
1680:/home/pacl/Documents/Repository/chipwhisperer/firmware/mcu/hal/chipwhisperer-fw-extra/stm32f4/stm32f4_hal_lowlevel.c ****   *         the configuration information for CRYP module
1681:/home/pacl/Documents/Repository/chipwhisperer/firmware/mcu/hal/chipwhisperer-fw-extra/stm32f4/stm32f4_hal_lowlevel.c ****   * @retval HAL status
1682:/home/pacl/Documents/Repository/chipwhisperer/firmware/mcu/hal/chipwhisperer-fw-extra/stm32f4/stm32f4_hal_lowlevel.c ****   */
1683:/home/pacl/Documents/Repository/chipwhisperer/firmware/mcu/hal/chipwhisperer-fw-extra/stm32f4/stm32f4_hal_lowlevel.c **** HAL_StatusTypeDef HAL_CRYP_DeInit(CRYP_HandleTypeDef *hcryp)
1684:/home/pacl/Documents/Repository/chipwhisperer/firmware/mcu/hal/chipwhisperer-fw-extra/stm32f4/stm32f4_hal_lowlevel.c **** {
 2970              		.loc 1 1684 1 is_stmt 1 view -0
 2971              		.cfi_startproc
 2972              		@ args = 0, pretend = 0, frame = 0
 2973              		@ frame_needed = 0, uses_anonymous_args = 0
 2974              		@ link register save eliminated.
1685:/home/pacl/Documents/Repository/chipwhisperer/firmware/mcu/hal/chipwhisperer-fw-extra/stm32f4/stm32f4_hal_lowlevel.c ****   /* Check the CRYP handle allocation */
1686:/home/pacl/Documents/Repository/chipwhisperer/firmware/mcu/hal/chipwhisperer-fw-extra/stm32f4/stm32f4_hal_lowlevel.c ****   if(hcryp == NULL)
 2975              		.loc 1 1686 3 view .LVU1088
 2976 0000 0123     		movs	r3, #1
 2977              		.loc 1 1686 5 is_stmt 0 view .LVU1089
 2978 0002 80B1     		cbz	r0, .L258
1687:/home/pacl/Documents/Repository/chipwhisperer/firmware/mcu/hal/chipwhisperer-fw-extra/stm32f4/stm32f4_hal_lowlevel.c ****   {
1688:/home/pacl/Documents/Repository/chipwhisperer/firmware/mcu/hal/chipwhisperer-fw-extra/stm32f4/stm32f4_hal_lowlevel.c ****     return HAL_ERROR;
1689:/home/pacl/Documents/Repository/chipwhisperer/firmware/mcu/hal/chipwhisperer-fw-extra/stm32f4/stm32f4_hal_lowlevel.c ****   }
1690:/home/pacl/Documents/Repository/chipwhisperer/firmware/mcu/hal/chipwhisperer-fw-extra/stm32f4/stm32f4_hal_lowlevel.c ****   
1691:/home/pacl/Documents/Repository/chipwhisperer/firmware/mcu/hal/chipwhisperer-fw-extra/stm32f4/stm32f4_hal_lowlevel.c ****   /* Change the CRYP state */
1692:/home/pacl/Documents/Repository/chipwhisperer/firmware/mcu/hal/chipwhisperer-fw-extra/stm32f4/stm32f4_hal_lowlevel.c ****   hcryp->State = HAL_CRYP_STATE_BUSY;
 2979              		.loc 1 1692 3 is_stmt 1 view .LVU1090
1693:/home/pacl/Documents/Repository/chipwhisperer/firmware/mcu/hal/chipwhisperer-fw-extra/stm32f4/stm32f4_hal_lowlevel.c ****   
1694:/home/pacl/Documents/Repository/chipwhisperer/firmware/mcu/hal/chipwhisperer-fw-extra/stm32f4/stm32f4_hal_lowlevel.c ****   /* Set the default CRYP phase */
1695:/home/pacl/Documents/Repository/chipwhisperer/firmware/mcu/hal/chipwhisperer-fw-extra/stm32f4/stm32f4_hal_lowlevel.c ****   hcryp->Phase = HAL_CRYP_PHASE_READY;
 2980              		.loc 1 1695 16 is_stmt 0 view .LVU1091
 2981 0004 80F83130 		strb	r3, [r0, #49]
1696:/home/pacl/Documents/Repository/chipwhisperer/firmware/mcu/hal/chipwhisperer-fw-extra/stm32f4/stm32f4_hal_lowlevel.c ****   
1697:/home/pacl/Documents/Repository/chipwhisperer/firmware/mcu/hal/chipwhisperer-fw-extra/stm32f4/stm32f4_hal_lowlevel.c ****   /* Reset CrypInCount and CrypOutCount */
1698:/home/pacl/Documents/Repository/chipwhisperer/firmware/mcu/hal/chipwhisperer-fw-extra/stm32f4/stm32f4_hal_lowlevel.c ****   hcryp->CrypInCount = 0U;
1699:/home/pacl/Documents/Repository/chipwhisperer/firmware/mcu/hal/chipwhisperer-fw-extra/stm32f4/stm32f4_hal_lowlevel.c ****   hcryp->CrypOutCount = 0U;
1700:/home/pacl/Documents/Repository/chipwhisperer/firmware/mcu/hal/chipwhisperer-fw-extra/stm32f4/stm32f4_hal_lowlevel.c ****   
1701:/home/pacl/Documents/Repository/chipwhisperer/firmware/mcu/hal/chipwhisperer-fw-extra/stm32f4/stm32f4_hal_lowlevel.c ****   /* Disable the CRYP Peripheral Clock */
1702:/home/pacl/Documents/Repository/chipwhisperer/firmware/mcu/hal/chipwhisperer-fw-extra/stm32f4/stm32f4_hal_lowlevel.c ****   __HAL_CRYP_DISABLE(hcryp);
 2982              		.loc 1 1702 3 view .LVU1092
 2983 0008 0168     		ldr	r1, [r0]
1698:/home/pacl/Documents/Repository/chipwhisperer/firmware/mcu/hal/chipwhisperer-fw-extra/stm32f4/stm32f4_hal_lowlevel.c ****   hcryp->CrypOutCount = 0U;
 2984              		.loc 1 1698 22 view .LVU1093
 2985 000a 0023     		movs	r3, #0
1692:/home/pacl/Documents/Repository/chipwhisperer/firmware/mcu/hal/chipwhisperer-fw-extra/stm32f4/stm32f4_hal_lowlevel.c ****   
 2986              		.loc 1 1692 16 view .LVU1094
 2987 000c 0222     		movs	r2, #2
 2988 000e 80F83D20 		strb	r2, [r0, #61]
1695:/home/pacl/Documents/Repository/chipwhisperer/firmware/mcu/hal/chipwhisperer-fw-extra/stm32f4/stm32f4_hal_lowlevel.c ****   
 2989              		.loc 1 1695 3 is_stmt 1 view .LVU1095
1698:/home/pacl/Documents/Repository/chipwhisperer/firmware/mcu/hal/chipwhisperer-fw-extra/stm32f4/stm32f4_hal_lowlevel.c ****   hcryp->CrypOutCount = 0U;
 2990              		.loc 1 1698 3 view .LVU1096
1698:/home/pacl/Documents/Repository/chipwhisperer/firmware/mcu/hal/chipwhisperer-fw-extra/stm32f4/stm32f4_hal_lowlevel.c ****   hcryp->CrypOutCount = 0U;
 2991              		.loc 1 1698 22 is_stmt 0 view .LVU1097
 2992 0012 8385     		strh	r3, [r0, #44]	@ movhi
1699:/home/pacl/Documents/Repository/chipwhisperer/firmware/mcu/hal/chipwhisperer-fw-extra/stm32f4/stm32f4_hal_lowlevel.c ****   
 2993              		.loc 1 1699 3 is_stmt 1 view .LVU1098
1699:/home/pacl/Documents/Repository/chipwhisperer/firmware/mcu/hal/chipwhisperer-fw-extra/stm32f4/stm32f4_hal_lowlevel.c ****   
 2994              		.loc 1 1699 23 is_stmt 0 view .LVU1099
 2995 0014 C385     		strh	r3, [r0, #46]	@ movhi
 2996              		.loc 1 1702 3 is_stmt 1 view .LVU1100
 2997 0016 0A68     		ldr	r2, [r1]
 2998 0018 22F40042 		bic	r2, r2, #32768
 2999 001c 0A60     		str	r2, [r1]
1703:/home/pacl/Documents/Repository/chipwhisperer/firmware/mcu/hal/chipwhisperer-fw-extra/stm32f4/stm32f4_hal_lowlevel.c ****   
1704:/home/pacl/Documents/Repository/chipwhisperer/firmware/mcu/hal/chipwhisperer-fw-extra/stm32f4/stm32f4_hal_lowlevel.c ****   /* DeInit the low level hardware: CLOCK, NVIC.*/
1705:/home/pacl/Documents/Repository/chipwhisperer/firmware/mcu/hal/chipwhisperer-fw-extra/stm32f4/stm32f4_hal_lowlevel.c ****   //HAL_CRYP_MspDeInit(hcryp);
1706:/home/pacl/Documents/Repository/chipwhisperer/firmware/mcu/hal/chipwhisperer-fw-extra/stm32f4/stm32f4_hal_lowlevel.c ****   
1707:/home/pacl/Documents/Repository/chipwhisperer/firmware/mcu/hal/chipwhisperer-fw-extra/stm32f4/stm32f4_hal_lowlevel.c ****   /* Change the CRYP state */
1708:/home/pacl/Documents/Repository/chipwhisperer/firmware/mcu/hal/chipwhisperer-fw-extra/stm32f4/stm32f4_hal_lowlevel.c ****   hcryp->State = HAL_CRYP_STATE_RESET;
 3000              		.loc 1 1708 3 view .LVU1101
 3001              		.loc 1 1708 16 is_stmt 0 view .LVU1102
 3002 001e 80F83D30 		strb	r3, [r0, #61]
1709:/home/pacl/Documents/Repository/chipwhisperer/firmware/mcu/hal/chipwhisperer-fw-extra/stm32f4/stm32f4_hal_lowlevel.c **** 
1710:/home/pacl/Documents/Repository/chipwhisperer/firmware/mcu/hal/chipwhisperer-fw-extra/stm32f4/stm32f4_hal_lowlevel.c ****   /* Release Lock */
1711:/home/pacl/Documents/Repository/chipwhisperer/firmware/mcu/hal/chipwhisperer-fw-extra/stm32f4/stm32f4_hal_lowlevel.c ****   __HAL_UNLOCK(hcryp);
 3003              		.loc 1 1711 3 is_stmt 1 view .LVU1103
 3004              		.loc 1 1711 3 view .LVU1104
 3005 0022 80F83C30 		strb	r3, [r0, #60]
 3006              		.loc 1 1711 3 view .LVU1105
1712:/home/pacl/Documents/Repository/chipwhisperer/firmware/mcu/hal/chipwhisperer-fw-extra/stm32f4/stm32f4_hal_lowlevel.c **** 
1713:/home/pacl/Documents/Repository/chipwhisperer/firmware/mcu/hal/chipwhisperer-fw-extra/stm32f4/stm32f4_hal_lowlevel.c ****   /* Return function status */
1714:/home/pacl/Documents/Repository/chipwhisperer/firmware/mcu/hal/chipwhisperer-fw-extra/stm32f4/stm32f4_hal_lowlevel.c ****   return HAL_OK;
 3007              		.loc 1 1714 3 view .LVU1106
 3008              	.L258:
1688:/home/pacl/Documents/Repository/chipwhisperer/firmware/mcu/hal/chipwhisperer-fw-extra/stm32f4/stm32f4_hal_lowlevel.c ****   }
 3009              		.loc 1 1688 12 is_stmt 0 view .LVU1107
 3010 0026 1846     		mov	r0, r3
 3011              	.LVL246:
1715:/home/pacl/Documents/Repository/chipwhisperer/firmware/mcu/hal/chipwhisperer-fw-extra/stm32f4/stm32f4_hal_lowlevel.c **** }
 3012              		.loc 1 1715 1 view .LVU1108
 3013 0028 7047     		bx	lr
 3014              		.cfi_endproc
 3015              	.LFE142:
 3017              		.section	.text.HAL_CRYP_AESECB_Encrypt,"ax",%progbits
 3018              		.align	1
 3019              		.global	HAL_CRYP_AESECB_Encrypt
 3020              		.syntax unified
 3021              		.thumb
 3022              		.thumb_func
 3024              	HAL_CRYP_AESECB_Encrypt:
 3025              	.LVL247:
 3026              	.LFB143:
1716:/home/pacl/Documents/Repository/chipwhisperer/firmware/mcu/hal/chipwhisperer-fw-extra/stm32f4/stm32f4_hal_lowlevel.c **** 
1717:/home/pacl/Documents/Repository/chipwhisperer/firmware/mcu/hal/chipwhisperer-fw-extra/stm32f4/stm32f4_hal_lowlevel.c **** HAL_StatusTypeDef HAL_CRYP_AESECB_Encrypt(CRYP_HandleTypeDef *hcryp, uint8_t *pPlainData, uint16_t 
1718:/home/pacl/Documents/Repository/chipwhisperer/firmware/mcu/hal/chipwhisperer-fw-extra/stm32f4/stm32f4_hal_lowlevel.c **** {
 3027              		.loc 1 1718 1 is_stmt 1 view -0
 3028              		.cfi_startproc
 3029              		@ args = 4, pretend = 0, frame = 0
 3030              		@ frame_needed = 0, uses_anonymous_args = 0
1719:/home/pacl/Documents/Repository/chipwhisperer/firmware/mcu/hal/chipwhisperer-fw-extra/stm32f4/stm32f4_hal_lowlevel.c ****   /* Process Locked */
1720:/home/pacl/Documents/Repository/chipwhisperer/firmware/mcu/hal/chipwhisperer-fw-extra/stm32f4/stm32f4_hal_lowlevel.c ****   __HAL_LOCK(hcryp);
 3031              		.loc 1 1720 3 view .LVU1110
 3032              		.loc 1 1720 3 view .LVU1111
1718:/home/pacl/Documents/Repository/chipwhisperer/firmware/mcu/hal/chipwhisperer-fw-extra/stm32f4/stm32f4_hal_lowlevel.c ****   /* Process Locked */
 3033              		.loc 1 1718 1 is_stmt 0 view .LVU1112
 3034 0000 2DE9F341 		push	{r0, r1, r4, r5, r6, r7, r8, lr}
 3035              	.LCFI9:
 3036              		.cfi_def_cfa_offset 32
 3037              		.cfi_offset 4, -24
 3038              		.cfi_offset 5, -20
 3039              		.cfi_offset 6, -16
 3040              		.cfi_offset 7, -12
 3041              		.cfi_offset 8, -8
 3042              		.cfi_offset 14, -4
1718:/home/pacl/Documents/Repository/chipwhisperer/firmware/mcu/hal/chipwhisperer-fw-extra/stm32f4/stm32f4_hal_lowlevel.c ****   /* Process Locked */
 3043              		.loc 1 1718 1 view .LVU1113
 3044 0004 9846     		mov	r8, r3
 3045              		.loc 1 1720 3 view .LVU1114
 3046 0006 90F83C30 		ldrb	r3, [r0, #60]	@ zero_extendqisi2
 3047              	.LVL248:
 3048              		.loc 1 1720 3 view .LVU1115
 3049 000a 012B     		cmp	r3, #1
1718:/home/pacl/Documents/Repository/chipwhisperer/firmware/mcu/hal/chipwhisperer-fw-extra/stm32f4/stm32f4_hal_lowlevel.c ****   /* Process Locked */
 3050              		.loc 1 1718 1 view .LVU1116
 3051 000c 0446     		mov	r4, r0
 3052 000e 0E46     		mov	r6, r1
 3053 0010 1746     		mov	r7, r2
 3054 0012 4FF00205 		mov	r5, #2
 3055              		.loc 1 1720 3 view .LVU1117
 3056 0016 2CD0     		beq	.L262
 3057              		.loc 1 1720 3 is_stmt 1 discriminator 2 view .LVU1118
 3058 0018 0123     		movs	r3, #1
 3059 001a 80F83C30 		strb	r3, [r0, #60]
 3060              		.loc 1 1720 3 discriminator 2 view .LVU1119
1721:/home/pacl/Documents/Repository/chipwhisperer/firmware/mcu/hal/chipwhisperer-fw-extra/stm32f4/stm32f4_hal_lowlevel.c ****   
1722:/home/pacl/Documents/Repository/chipwhisperer/firmware/mcu/hal/chipwhisperer-fw-extra/stm32f4/stm32f4_hal_lowlevel.c ****   /* Change the CRYP state */
1723:/home/pacl/Documents/Repository/chipwhisperer/firmware/mcu/hal/chipwhisperer-fw-extra/stm32f4/stm32f4_hal_lowlevel.c ****   hcryp->State = HAL_CRYP_STATE_BUSY;
 3061              		.loc 1 1723 3 view .LVU1120
1724:/home/pacl/Documents/Repository/chipwhisperer/firmware/mcu/hal/chipwhisperer-fw-extra/stm32f4/stm32f4_hal_lowlevel.c ****   
1725:/home/pacl/Documents/Repository/chipwhisperer/firmware/mcu/hal/chipwhisperer-fw-extra/stm32f4/stm32f4_hal_lowlevel.c ****   /* Check if initialization phase has already been performed */
1726:/home/pacl/Documents/Repository/chipwhisperer/firmware/mcu/hal/chipwhisperer-fw-extra/stm32f4/stm32f4_hal_lowlevel.c ****   if(hcryp->Phase == HAL_CRYP_PHASE_READY)
 3062              		.loc 1 1726 5 is_stmt 0 view .LVU1121
 3063 001e 90F83130 		ldrb	r3, [r0, #49]	@ zero_extendqisi2
1723:/home/pacl/Documents/Repository/chipwhisperer/firmware/mcu/hal/chipwhisperer-fw-extra/stm32f4/stm32f4_hal_lowlevel.c ****   
 3064              		.loc 1 1723 16 view .LVU1122
 3065 0022 80F83D50 		strb	r5, [r0, #61]
 3066              		.loc 1 1726 3 is_stmt 1 view .LVU1123
 3067              		.loc 1 1726 5 is_stmt 0 view .LVU1124
 3068 0026 012B     		cmp	r3, #1
 3069 0028 12D1     		bne	.L261
1727:/home/pacl/Documents/Repository/chipwhisperer/firmware/mcu/hal/chipwhisperer-fw-extra/stm32f4/stm32f4_hal_lowlevel.c ****   {
1728:/home/pacl/Documents/Repository/chipwhisperer/firmware/mcu/hal/chipwhisperer-fw-extra/stm32f4/stm32f4_hal_lowlevel.c ****     /* Set the key */
1729:/home/pacl/Documents/Repository/chipwhisperer/firmware/mcu/hal/chipwhisperer-fw-extra/stm32f4/stm32f4_hal_lowlevel.c ****     CRYP_SetKey(hcryp, hcryp->Init.pKey, hcryp->Init.KeySize);
 3070              		.loc 1 1729 5 is_stmt 1 view .LVU1125
 3071 002a D0E90221 		ldrd	r2, r1, [r0, #8]
 3072              	.LVL249:
 3073              		.loc 1 1729 5 is_stmt 0 view .LVU1126
 3074 002e FFF7FEFF 		bl	CRYP_SetKey.constprop.0
 3075              	.LVL250:
1730:/home/pacl/Documents/Repository/chipwhisperer/firmware/mcu/hal/chipwhisperer-fw-extra/stm32f4/stm32f4_hal_lowlevel.c ****     
1731:/home/pacl/Documents/Repository/chipwhisperer/firmware/mcu/hal/chipwhisperer-fw-extra/stm32f4/stm32f4_hal_lowlevel.c ****     /* Set the CRYP peripheral in AES ECB mode */
1732:/home/pacl/Documents/Repository/chipwhisperer/firmware/mcu/hal/chipwhisperer-fw-extra/stm32f4/stm32f4_hal_lowlevel.c ****     __HAL_CRYP_SET_MODE(hcryp, CRYP_CR_ALGOMODE_AES_ECB);
 3076              		.loc 1 1732 5 is_stmt 1 view .LVU1127
 3077 0032 0068     		ldr	r0, [r0]
 3078              	.LVL251:
 3079              		.loc 1 1732 5 is_stmt 0 view .LVU1128
 3080 0034 0368     		ldr	r3, [r0]
 3081 0036 43F02003 		orr	r3, r3, #32
 3082 003a 0360     		str	r3, [r0]
1733:/home/pacl/Documents/Repository/chipwhisperer/firmware/mcu/hal/chipwhisperer-fw-extra/stm32f4/stm32f4_hal_lowlevel.c ****     
1734:/home/pacl/Documents/Repository/chipwhisperer/firmware/mcu/hal/chipwhisperer-fw-extra/stm32f4/stm32f4_hal_lowlevel.c ****     /* Flush FIFO */
1735:/home/pacl/Documents/Repository/chipwhisperer/firmware/mcu/hal/chipwhisperer-fw-extra/stm32f4/stm32f4_hal_lowlevel.c ****     __HAL_CRYP_FIFO_FLUSH(hcryp);
 3083              		.loc 1 1735 5 is_stmt 1 view .LVU1129
 3084 003c 0368     		ldr	r3, [r0]
 3085 003e 43F48043 		orr	r3, r3, #16384
 3086 0042 0360     		str	r3, [r0]
1736:/home/pacl/Documents/Repository/chipwhisperer/firmware/mcu/hal/chipwhisperer-fw-extra/stm32f4/stm32f4_hal_lowlevel.c ****     
1737:/home/pacl/Documents/Repository/chipwhisperer/firmware/mcu/hal/chipwhisperer-fw-extra/stm32f4/stm32f4_hal_lowlevel.c ****     /* Enable CRYP */
1738:/home/pacl/Documents/Repository/chipwhisperer/firmware/mcu/hal/chipwhisperer-fw-extra/stm32f4/stm32f4_hal_lowlevel.c ****     __HAL_CRYP_ENABLE(hcryp);
 3087              		.loc 1 1738 5 view .LVU1130
 3088 0044 0368     		ldr	r3, [r0]
 3089 0046 43F40043 		orr	r3, r3, #32768
 3090 004a 0360     		str	r3, [r0]
1739:/home/pacl/Documents/Repository/chipwhisperer/firmware/mcu/hal/chipwhisperer-fw-extra/stm32f4/stm32f4_hal_lowlevel.c ****     
1740:/home/pacl/Documents/Repository/chipwhisperer/firmware/mcu/hal/chipwhisperer-fw-extra/stm32f4/stm32f4_hal_lowlevel.c ****     /* Set the phase */
1741:/home/pacl/Documents/Repository/chipwhisperer/firmware/mcu/hal/chipwhisperer-fw-extra/stm32f4/stm32f4_hal_lowlevel.c ****     hcryp->Phase = HAL_CRYP_PHASE_PROCESS;
 3091              		.loc 1 1741 5 view .LVU1131
 3092              		.loc 1 1741 18 is_stmt 0 view .LVU1132
 3093 004c 84F83150 		strb	r5, [r4, #49]
 3094              	.L261:
1742:/home/pacl/Documents/Repository/chipwhisperer/firmware/mcu/hal/chipwhisperer-fw-extra/stm32f4/stm32f4_hal_lowlevel.c ****   }
1743:/home/pacl/Documents/Repository/chipwhisperer/firmware/mcu/hal/chipwhisperer-fw-extra/stm32f4/stm32f4_hal_lowlevel.c ****   
1744:/home/pacl/Documents/Repository/chipwhisperer/firmware/mcu/hal/chipwhisperer-fw-extra/stm32f4/stm32f4_hal_lowlevel.c ****     /* Write Plain Data and Get Cypher Data */
1745:/home/pacl/Documents/Repository/chipwhisperer/firmware/mcu/hal/chipwhisperer-fw-extra/stm32f4/stm32f4_hal_lowlevel.c ****     if(CRYP_ProcessData(hcryp, pPlainData, Size, pCypherData, Timeout) != HAL_OK)
 3095              		.loc 1 1745 5 is_stmt 1 view .LVU1133
 3096              		.loc 1 1745 8 is_stmt 0 view .LVU1134
 3097 0050 089B     		ldr	r3, [sp, #32]
 3098 0052 0093     		str	r3, [sp]
 3099 0054 3A46     		mov	r2, r7
 3100 0056 4346     		mov	r3, r8
 3101 0058 3146     		mov	r1, r6
 3102 005a 2046     		mov	r0, r4
 3103 005c FFF7FEFF 		bl	CRYP_ProcessData
 3104              	.LVL252:
 3105              		.loc 1 1745 7 discriminator 1 view .LVU1135
 3106 0060 48B9     		cbnz	r0, .L263
1746:/home/pacl/Documents/Repository/chipwhisperer/firmware/mcu/hal/chipwhisperer-fw-extra/stm32f4/stm32f4_hal_lowlevel.c ****     {
1747:/home/pacl/Documents/Repository/chipwhisperer/firmware/mcu/hal/chipwhisperer-fw-extra/stm32f4/stm32f4_hal_lowlevel.c ****       return HAL_TIMEOUT;
1748:/home/pacl/Documents/Repository/chipwhisperer/firmware/mcu/hal/chipwhisperer-fw-extra/stm32f4/stm32f4_hal_lowlevel.c ****     }
1749:/home/pacl/Documents/Repository/chipwhisperer/firmware/mcu/hal/chipwhisperer-fw-extra/stm32f4/stm32f4_hal_lowlevel.c ****   
1750:/home/pacl/Documents/Repository/chipwhisperer/firmware/mcu/hal/chipwhisperer-fw-extra/stm32f4/stm32f4_hal_lowlevel.c ****   /* Change the CRYP state */
1751:/home/pacl/Documents/Repository/chipwhisperer/firmware/mcu/hal/chipwhisperer-fw-extra/stm32f4/stm32f4_hal_lowlevel.c ****   hcryp->State = HAL_CRYP_STATE_READY;
 3107              		.loc 1 1751 3 is_stmt 1 view .LVU1136
 3108              		.loc 1 1751 16 is_stmt 0 view .LVU1137
 3109 0062 0123     		movs	r3, #1
 3110 0064 84F83D30 		strb	r3, [r4, #61]
1752:/home/pacl/Documents/Repository/chipwhisperer/firmware/mcu/hal/chipwhisperer-fw-extra/stm32f4/stm32f4_hal_lowlevel.c ****   
1753:/home/pacl/Documents/Repository/chipwhisperer/firmware/mcu/hal/chipwhisperer-fw-extra/stm32f4/stm32f4_hal_lowlevel.c ****   /* Process Unlocked */
1754:/home/pacl/Documents/Repository/chipwhisperer/firmware/mcu/hal/chipwhisperer-fw-extra/stm32f4/stm32f4_hal_lowlevel.c ****   __HAL_UNLOCK(hcryp);
 3111              		.loc 1 1754 3 is_stmt 1 view .LVU1138
 3112              		.loc 1 1754 3 view .LVU1139
 3113 0068 84F83C00 		strb	r0, [r4, #60]
 3114              		.loc 1 1754 3 view .LVU1140
1755:/home/pacl/Documents/Repository/chipwhisperer/firmware/mcu/hal/chipwhisperer-fw-extra/stm32f4/stm32f4_hal_lowlevel.c ****   
1756:/home/pacl/Documents/Repository/chipwhisperer/firmware/mcu/hal/chipwhisperer-fw-extra/stm32f4/stm32f4_hal_lowlevel.c ****   /* Return function status */
1757:/home/pacl/Documents/Repository/chipwhisperer/firmware/mcu/hal/chipwhisperer-fw-extra/stm32f4/stm32f4_hal_lowlevel.c ****   return HAL_OK;
 3115              		.loc 1 1757 3 view .LVU1141
 3116              	.L260:
1758:/home/pacl/Documents/Repository/chipwhisperer/firmware/mcu/hal/chipwhisperer-fw-extra/stm32f4/stm32f4_hal_lowlevel.c **** }
 3117              		.loc 1 1758 1 is_stmt 0 view .LVU1142
 3118 006c 02B0     		add	sp, sp, #8
 3119              	.LCFI10:
 3120              		.cfi_remember_state
 3121              		.cfi_def_cfa_offset 24
 3122              		@ sp needed
 3123 006e BDE8F081 		pop	{r4, r5, r6, r7, r8, pc}
 3124              	.LVL253:
 3125              	.L262:
 3126              	.LCFI11:
 3127              		.cfi_restore_state
1720:/home/pacl/Documents/Repository/chipwhisperer/firmware/mcu/hal/chipwhisperer-fw-extra/stm32f4/stm32f4_hal_lowlevel.c ****   
 3128              		.loc 1 1720 3 discriminator 1 view .LVU1143
 3129 0072 2846     		mov	r0, r5
 3130              	.LVL254:
1720:/home/pacl/Documents/Repository/chipwhisperer/firmware/mcu/hal/chipwhisperer-fw-extra/stm32f4/stm32f4_hal_lowlevel.c ****   
 3131              		.loc 1 1720 3 discriminator 1 view .LVU1144
 3132 0074 FAE7     		b	.L260
 3133              	.LVL255:
 3134              	.L263:
1747:/home/pacl/Documents/Repository/chipwhisperer/firmware/mcu/hal/chipwhisperer-fw-extra/stm32f4/stm32f4_hal_lowlevel.c ****     }
 3135              		.loc 1 1747 14 view .LVU1145
 3136 0076 0320     		movs	r0, #3
 3137 0078 F8E7     		b	.L260
 3138              		.cfi_endproc
 3139              	.LFE143:
 3141              		.section	.text.HAL_CRYP_AESECB_Decrypt,"ax",%progbits
 3142              		.align	1
 3143              		.global	HAL_CRYP_AESECB_Decrypt
 3144              		.syntax unified
 3145              		.thumb
 3146              		.thumb_func
 3148              	HAL_CRYP_AESECB_Decrypt:
 3149              	.LVL256:
 3150              	.LFB144:
1759:/home/pacl/Documents/Repository/chipwhisperer/firmware/mcu/hal/chipwhisperer-fw-extra/stm32f4/stm32f4_hal_lowlevel.c **** 
1760:/home/pacl/Documents/Repository/chipwhisperer/firmware/mcu/hal/chipwhisperer-fw-extra/stm32f4/stm32f4_hal_lowlevel.c **** /**
1761:/home/pacl/Documents/Repository/chipwhisperer/firmware/mcu/hal/chipwhisperer-fw-extra/stm32f4/stm32f4_hal_lowlevel.c ****   * @brief  Initializes the CRYP peripheral in AES ECB decryption mode
1762:/home/pacl/Documents/Repository/chipwhisperer/firmware/mcu/hal/chipwhisperer-fw-extra/stm32f4/stm32f4_hal_lowlevel.c ****   *         then decrypted pCypherData. The cypher data are available in pPlainData
1763:/home/pacl/Documents/Repository/chipwhisperer/firmware/mcu/hal/chipwhisperer-fw-extra/stm32f4/stm32f4_hal_lowlevel.c ****   * @param  hcryp pointer to a CRYP_HandleTypeDef structure that contains
1764:/home/pacl/Documents/Repository/chipwhisperer/firmware/mcu/hal/chipwhisperer-fw-extra/stm32f4/stm32f4_hal_lowlevel.c ****   *         the configuration information for CRYP module
1765:/home/pacl/Documents/Repository/chipwhisperer/firmware/mcu/hal/chipwhisperer-fw-extra/stm32f4/stm32f4_hal_lowlevel.c ****   * @param  pCypherData Pointer to the cyphertext buffer
1766:/home/pacl/Documents/Repository/chipwhisperer/firmware/mcu/hal/chipwhisperer-fw-extra/stm32f4/stm32f4_hal_lowlevel.c ****   * @param  Size Length of the plaintext buffer, must be a multiple of 16.
1767:/home/pacl/Documents/Repository/chipwhisperer/firmware/mcu/hal/chipwhisperer-fw-extra/stm32f4/stm32f4_hal_lowlevel.c ****   * @param  pPlainData Pointer to the plaintext buffer
1768:/home/pacl/Documents/Repository/chipwhisperer/firmware/mcu/hal/chipwhisperer-fw-extra/stm32f4/stm32f4_hal_lowlevel.c ****   * @param  Timeout Specify Timeout value  
1769:/home/pacl/Documents/Repository/chipwhisperer/firmware/mcu/hal/chipwhisperer-fw-extra/stm32f4/stm32f4_hal_lowlevel.c ****   * @retval HAL status
1770:/home/pacl/Documents/Repository/chipwhisperer/firmware/mcu/hal/chipwhisperer-fw-extra/stm32f4/stm32f4_hal_lowlevel.c ****   */
1771:/home/pacl/Documents/Repository/chipwhisperer/firmware/mcu/hal/chipwhisperer-fw-extra/stm32f4/stm32f4_hal_lowlevel.c **** HAL_StatusTypeDef HAL_CRYP_AESECB_Decrypt(CRYP_HandleTypeDef *hcryp, uint8_t *pCypherData, uint16_t
1772:/home/pacl/Documents/Repository/chipwhisperer/firmware/mcu/hal/chipwhisperer-fw-extra/stm32f4/stm32f4_hal_lowlevel.c **** {
 3151              		.loc 1 1772 1 is_stmt 1 view -0
 3152              		.cfi_startproc
 3153              		@ args = 4, pretend = 0, frame = 0
 3154              		@ frame_needed = 0, uses_anonymous_args = 0
1773:/home/pacl/Documents/Repository/chipwhisperer/firmware/mcu/hal/chipwhisperer-fw-extra/stm32f4/stm32f4_hal_lowlevel.c ****    uint32_t tickstart = 0U;
 3155              		.loc 1 1773 4 view .LVU1147
1774:/home/pacl/Documents/Repository/chipwhisperer/firmware/mcu/hal/chipwhisperer-fw-extra/stm32f4/stm32f4_hal_lowlevel.c ****   
1775:/home/pacl/Documents/Repository/chipwhisperer/firmware/mcu/hal/chipwhisperer-fw-extra/stm32f4/stm32f4_hal_lowlevel.c ****   /* Process Locked */
1776:/home/pacl/Documents/Repository/chipwhisperer/firmware/mcu/hal/chipwhisperer-fw-extra/stm32f4/stm32f4_hal_lowlevel.c ****   __HAL_LOCK(hcryp);
 3156              		.loc 1 1776 3 view .LVU1148
 3157              		.loc 1 1776 3 view .LVU1149
1772:/home/pacl/Documents/Repository/chipwhisperer/firmware/mcu/hal/chipwhisperer-fw-extra/stm32f4/stm32f4_hal_lowlevel.c ****    uint32_t tickstart = 0U;
 3158              		.loc 1 1772 1 is_stmt 0 view .LVU1150
 3159 0000 2DE9F743 		push	{r0, r1, r2, r4, r5, r6, r7, r8, r9, lr}
 3160              	.LCFI12:
 3161              		.cfi_def_cfa_offset 40
 3162              		.cfi_offset 4, -28
 3163              		.cfi_offset 5, -24
 3164              		.cfi_offset 6, -20
 3165              		.cfi_offset 7, -16
 3166              		.cfi_offset 8, -12
 3167              		.cfi_offset 9, -8
 3168              		.cfi_offset 14, -4
1772:/home/pacl/Documents/Repository/chipwhisperer/firmware/mcu/hal/chipwhisperer-fw-extra/stm32f4/stm32f4_hal_lowlevel.c ****    uint32_t tickstart = 0U;
 3169              		.loc 1 1772 1 view .LVU1151
 3170 0004 9946     		mov	r9, r3
 3171              		.loc 1 1776 3 view .LVU1152
 3172 0006 90F83C30 		ldrb	r3, [r0, #60]	@ zero_extendqisi2
 3173              	.LVL257:
1772:/home/pacl/Documents/Repository/chipwhisperer/firmware/mcu/hal/chipwhisperer-fw-extra/stm32f4/stm32f4_hal_lowlevel.c ****    uint32_t tickstart = 0U;
 3174              		.loc 1 1772 1 view .LVU1153
 3175 000a 0A9E     		ldr	r6, [sp, #40]
 3176              		.loc 1 1776 3 view .LVU1154
 3177 000c 012B     		cmp	r3, #1
1772:/home/pacl/Documents/Repository/chipwhisperer/firmware/mcu/hal/chipwhisperer-fw-extra/stm32f4/stm32f4_hal_lowlevel.c ****    uint32_t tickstart = 0U;
 3178              		.loc 1 1772 1 view .LVU1155
 3179 000e 0446     		mov	r4, r0
 3180 0010 0F46     		mov	r7, r1
 3181 0012 9046     		mov	r8, r2
 3182 0014 4FF00205 		mov	r5, #2
 3183              		.loc 1 1776 3 view .LVU1156
 3184 0018 56D0     		beq	.L274
 3185              		.loc 1 1776 3 is_stmt 1 discriminator 2 view .LVU1157
 3186 001a 0123     		movs	r3, #1
 3187 001c 80F83C30 		strb	r3, [r0, #60]
 3188              		.loc 1 1776 3 discriminator 2 view .LVU1158
1777:/home/pacl/Documents/Repository/chipwhisperer/firmware/mcu/hal/chipwhisperer-fw-extra/stm32f4/stm32f4_hal_lowlevel.c ****   
1778:/home/pacl/Documents/Repository/chipwhisperer/firmware/mcu/hal/chipwhisperer-fw-extra/stm32f4/stm32f4_hal_lowlevel.c ****   /* Change the CRYP state */
1779:/home/pacl/Documents/Repository/chipwhisperer/firmware/mcu/hal/chipwhisperer-fw-extra/stm32f4/stm32f4_hal_lowlevel.c ****   hcryp->State = HAL_CRYP_STATE_BUSY;
 3189              		.loc 1 1779 3 view .LVU1159
1780:/home/pacl/Documents/Repository/chipwhisperer/firmware/mcu/hal/chipwhisperer-fw-extra/stm32f4/stm32f4_hal_lowlevel.c ****   
1781:/home/pacl/Documents/Repository/chipwhisperer/firmware/mcu/hal/chipwhisperer-fw-extra/stm32f4/stm32f4_hal_lowlevel.c ****   /* Check if initialization phase has already been performed */
1782:/home/pacl/Documents/Repository/chipwhisperer/firmware/mcu/hal/chipwhisperer-fw-extra/stm32f4/stm32f4_hal_lowlevel.c ****   if(hcryp->Phase == HAL_CRYP_PHASE_READY)
 3190              		.loc 1 1782 5 is_stmt 0 view .LVU1160
 3191 0020 90F83130 		ldrb	r3, [r0, #49]	@ zero_extendqisi2
1779:/home/pacl/Documents/Repository/chipwhisperer/firmware/mcu/hal/chipwhisperer-fw-extra/stm32f4/stm32f4_hal_lowlevel.c ****   
 3192              		.loc 1 1779 16 view .LVU1161
 3193 0024 80F83D50 		strb	r5, [r0, #61]
 3194              		.loc 1 1782 3 is_stmt 1 view .LVU1162
 3195              		.loc 1 1782 5 is_stmt 0 view .LVU1163
 3196 0028 012B     		cmp	r3, #1
 3197 002a 2CD1     		bne	.L266
1783:/home/pacl/Documents/Repository/chipwhisperer/firmware/mcu/hal/chipwhisperer-fw-extra/stm32f4/stm32f4_hal_lowlevel.c ****   {
1784:/home/pacl/Documents/Repository/chipwhisperer/firmware/mcu/hal/chipwhisperer-fw-extra/stm32f4/stm32f4_hal_lowlevel.c ****     /* Set the key */
1785:/home/pacl/Documents/Repository/chipwhisperer/firmware/mcu/hal/chipwhisperer-fw-extra/stm32f4/stm32f4_hal_lowlevel.c ****     CRYP_SetKey(hcryp, hcryp->Init.pKey, hcryp->Init.KeySize);
 3198              		.loc 1 1785 5 is_stmt 1 view .LVU1164
 3199 002c D0E90221 		ldrd	r2, r1, [r0, #8]
 3200              	.LVL258:
 3201              		.loc 1 1785 5 is_stmt 0 view .LVU1165
 3202 0030 FFF7FEFF 		bl	CRYP_SetKey.constprop.0
 3203              	.LVL259:
1786:/home/pacl/Documents/Repository/chipwhisperer/firmware/mcu/hal/chipwhisperer-fw-extra/stm32f4/stm32f4_hal_lowlevel.c ****     
1787:/home/pacl/Documents/Repository/chipwhisperer/firmware/mcu/hal/chipwhisperer-fw-extra/stm32f4/stm32f4_hal_lowlevel.c ****     /* Set the CRYP peripheral in AES Key mode */
1788:/home/pacl/Documents/Repository/chipwhisperer/firmware/mcu/hal/chipwhisperer-fw-extra/stm32f4/stm32f4_hal_lowlevel.c ****     __HAL_CRYP_SET_MODE(hcryp, CRYP_CR_ALGOMODE_AES_KEY | CRYP_CR_ALGODIR);
 3204              		.loc 1 1788 5 is_stmt 1 view .LVU1166
 3205 0034 0568     		ldr	r5, [r0]
 3206 0036 2B68     		ldr	r3, [r5]
 3207 0038 43F03C03 		orr	r3, r3, #60
 3208 003c 2B60     		str	r3, [r5]
1789:/home/pacl/Documents/Repository/chipwhisperer/firmware/mcu/hal/chipwhisperer-fw-extra/stm32f4/stm32f4_hal_lowlevel.c ****     
1790:/home/pacl/Documents/Repository/chipwhisperer/firmware/mcu/hal/chipwhisperer-fw-extra/stm32f4/stm32f4_hal_lowlevel.c ****     /* Enable CRYP */
1791:/home/pacl/Documents/Repository/chipwhisperer/firmware/mcu/hal/chipwhisperer-fw-extra/stm32f4/stm32f4_hal_lowlevel.c ****     __HAL_CRYP_ENABLE(hcryp);
 3209              		.loc 1 1791 5 view .LVU1167
 3210 003e 2B68     		ldr	r3, [r5]
 3211 0040 43F40043 		orr	r3, r3, #32768
 3212 0044 2B60     		str	r3, [r5]
1792:/home/pacl/Documents/Repository/chipwhisperer/firmware/mcu/hal/chipwhisperer-fw-extra/stm32f4/stm32f4_hal_lowlevel.c ****     
1793:/home/pacl/Documents/Repository/chipwhisperer/firmware/mcu/hal/chipwhisperer-fw-extra/stm32f4/stm32f4_hal_lowlevel.c ****     /* Get tick */ 
1794:/home/pacl/Documents/Repository/chipwhisperer/firmware/mcu/hal/chipwhisperer-fw-extra/stm32f4/stm32f4_hal_lowlevel.c ****     tickstart = HAL_GetTick();
 3213              		.loc 1 1794 5 view .LVU1168
 3214              		.loc 1 1794 17 is_stmt 0 view .LVU1169
 3215 0046 FFF7FEFF 		bl	HAL_GetTick
 3216              	.LVL260:
 3217              		.loc 1 1794 17 view .LVU1170
 3218 004a 0146     		mov	r1, r0
 3219              	.LVL261:
1795:/home/pacl/Documents/Repository/chipwhisperer/firmware/mcu/hal/chipwhisperer-fw-extra/stm32f4/stm32f4_hal_lowlevel.c **** 
1796:/home/pacl/Documents/Repository/chipwhisperer/firmware/mcu/hal/chipwhisperer-fw-extra/stm32f4/stm32f4_hal_lowlevel.c ****     while(HAL_IS_BIT_SET(hcryp->Instance->SR, CRYP_FLAG_BUSY))
 3220              		.loc 1 1796 5 is_stmt 1 view .LVU1171
 3221              	.L268:
 3222              		.loc 1 1796 11 view .LVU1172
 3223 004c 6B68     		ldr	r3, [r5, #4]
 3224 004e DB06     		lsls	r3, r3, #27
 3225 0050 27D4     		bmi	.L272
1797:/home/pacl/Documents/Repository/chipwhisperer/firmware/mcu/hal/chipwhisperer-fw-extra/stm32f4/stm32f4_hal_lowlevel.c ****     {
1798:/home/pacl/Documents/Repository/chipwhisperer/firmware/mcu/hal/chipwhisperer-fw-extra/stm32f4/stm32f4_hal_lowlevel.c ****       /* Check for the Timeout */
1799:/home/pacl/Documents/Repository/chipwhisperer/firmware/mcu/hal/chipwhisperer-fw-extra/stm32f4/stm32f4_hal_lowlevel.c ****       if(Timeout != HAL_MAX_DELAY)
1800:/home/pacl/Documents/Repository/chipwhisperer/firmware/mcu/hal/chipwhisperer-fw-extra/stm32f4/stm32f4_hal_lowlevel.c ****       {
1801:/home/pacl/Documents/Repository/chipwhisperer/firmware/mcu/hal/chipwhisperer-fw-extra/stm32f4/stm32f4_hal_lowlevel.c ****         if((Timeout == 0U)||((HAL_GetTick() - tickstart ) > Timeout))
1802:/home/pacl/Documents/Repository/chipwhisperer/firmware/mcu/hal/chipwhisperer-fw-extra/stm32f4/stm32f4_hal_lowlevel.c ****         {
1803:/home/pacl/Documents/Repository/chipwhisperer/firmware/mcu/hal/chipwhisperer-fw-extra/stm32f4/stm32f4_hal_lowlevel.c ****           /* Change state */
1804:/home/pacl/Documents/Repository/chipwhisperer/firmware/mcu/hal/chipwhisperer-fw-extra/stm32f4/stm32f4_hal_lowlevel.c ****           hcryp->State = HAL_CRYP_STATE_TIMEOUT;
1805:/home/pacl/Documents/Repository/chipwhisperer/firmware/mcu/hal/chipwhisperer-fw-extra/stm32f4/stm32f4_hal_lowlevel.c ****           
1806:/home/pacl/Documents/Repository/chipwhisperer/firmware/mcu/hal/chipwhisperer-fw-extra/stm32f4/stm32f4_hal_lowlevel.c ****           /* Process Unlocked */          
1807:/home/pacl/Documents/Repository/chipwhisperer/firmware/mcu/hal/chipwhisperer-fw-extra/stm32f4/stm32f4_hal_lowlevel.c ****           __HAL_UNLOCK(hcryp);
1808:/home/pacl/Documents/Repository/chipwhisperer/firmware/mcu/hal/chipwhisperer-fw-extra/stm32f4/stm32f4_hal_lowlevel.c ****         
1809:/home/pacl/Documents/Repository/chipwhisperer/firmware/mcu/hal/chipwhisperer-fw-extra/stm32f4/stm32f4_hal_lowlevel.c ****           return HAL_TIMEOUT;
1810:/home/pacl/Documents/Repository/chipwhisperer/firmware/mcu/hal/chipwhisperer-fw-extra/stm32f4/stm32f4_hal_lowlevel.c ****         }
1811:/home/pacl/Documents/Repository/chipwhisperer/firmware/mcu/hal/chipwhisperer-fw-extra/stm32f4/stm32f4_hal_lowlevel.c ****       }
1812:/home/pacl/Documents/Repository/chipwhisperer/firmware/mcu/hal/chipwhisperer-fw-extra/stm32f4/stm32f4_hal_lowlevel.c ****     }
1813:/home/pacl/Documents/Repository/chipwhisperer/firmware/mcu/hal/chipwhisperer-fw-extra/stm32f4/stm32f4_hal_lowlevel.c ****     
1814:/home/pacl/Documents/Repository/chipwhisperer/firmware/mcu/hal/chipwhisperer-fw-extra/stm32f4/stm32f4_hal_lowlevel.c ****     /* Disable CRYP */
1815:/home/pacl/Documents/Repository/chipwhisperer/firmware/mcu/hal/chipwhisperer-fw-extra/stm32f4/stm32f4_hal_lowlevel.c ****     __HAL_CRYP_DISABLE(hcryp);
 3226              		.loc 1 1815 5 view .LVU1173
 3227 0052 2B68     		ldr	r3, [r5]
 3228 0054 23F40043 		bic	r3, r3, #32768
 3229 0058 2B60     		str	r3, [r5]
1816:/home/pacl/Documents/Repository/chipwhisperer/firmware/mcu/hal/chipwhisperer-fw-extra/stm32f4/stm32f4_hal_lowlevel.c ****     
1817:/home/pacl/Documents/Repository/chipwhisperer/firmware/mcu/hal/chipwhisperer-fw-extra/stm32f4/stm32f4_hal_lowlevel.c ****     /* Reset the ALGOMODE bits*/
1818:/home/pacl/Documents/Repository/chipwhisperer/firmware/mcu/hal/chipwhisperer-fw-extra/stm32f4/stm32f4_hal_lowlevel.c ****     CRYP->CR &= (uint32_t)(~CRYP_CR_ALGOMODE);
 3230              		.loc 1 1818 5 view .LVU1174
 3231              		.loc 1 1818 9 is_stmt 0 view .LVU1175
 3232 005a 1C4B     		ldr	r3, .L277
 3233 005c 1868     		ldr	r0, [r3]
 3234              		.loc 1 1818 14 view .LVU1176
 3235 005e 20F40020 		bic	r0, r0, #524288
 3236 0062 20F03800 		bic	r0, r0, #56
 3237 0066 1860     		str	r0, [r3]
 3238              	.LVL262:
1819:/home/pacl/Documents/Repository/chipwhisperer/firmware/mcu/hal/chipwhisperer-fw-extra/stm32f4/stm32f4_hal_lowlevel.c ****     
1820:/home/pacl/Documents/Repository/chipwhisperer/firmware/mcu/hal/chipwhisperer-fw-extra/stm32f4/stm32f4_hal_lowlevel.c ****     /* Set the CRYP peripheral in AES ECB decryption mode */
1821:/home/pacl/Documents/Repository/chipwhisperer/firmware/mcu/hal/chipwhisperer-fw-extra/stm32f4/stm32f4_hal_lowlevel.c ****     __HAL_CRYP_SET_MODE(hcryp, CRYP_CR_ALGOMODE_AES_ECB | CRYP_CR_ALGODIR);
 3239              		.loc 1 1821 5 is_stmt 1 view .LVU1177
 3240 0068 2B68     		ldr	r3, [r5]
 3241 006a 43F02403 		orr	r3, r3, #36
 3242 006e 2B60     		str	r3, [r5]
1822:/home/pacl/Documents/Repository/chipwhisperer/firmware/mcu/hal/chipwhisperer-fw-extra/stm32f4/stm32f4_hal_lowlevel.c ****     /* Flush FIFO */
1823:/home/pacl/Documents/Repository/chipwhisperer/firmware/mcu/hal/chipwhisperer-fw-extra/stm32f4/stm32f4_hal_lowlevel.c ****     __HAL_CRYP_FIFO_FLUSH(hcryp);
 3243              		.loc 1 1823 5 view .LVU1178
 3244 0070 2B68     		ldr	r3, [r5]
 3245 0072 43F48043 		orr	r3, r3, #16384
 3246 0076 2B60     		str	r3, [r5]
1824:/home/pacl/Documents/Repository/chipwhisperer/firmware/mcu/hal/chipwhisperer-fw-extra/stm32f4/stm32f4_hal_lowlevel.c ****     
1825:/home/pacl/Documents/Repository/chipwhisperer/firmware/mcu/hal/chipwhisperer-fw-extra/stm32f4/stm32f4_hal_lowlevel.c ****     /* Enable CRYP */
1826:/home/pacl/Documents/Repository/chipwhisperer/firmware/mcu/hal/chipwhisperer-fw-extra/stm32f4/stm32f4_hal_lowlevel.c ****     __HAL_CRYP_ENABLE(hcryp);
 3247              		.loc 1 1826 5 view .LVU1179
 3248 0078 2B68     		ldr	r3, [r5]
 3249 007a 43F40043 		orr	r3, r3, #32768
 3250 007e 2B60     		str	r3, [r5]
1827:/home/pacl/Documents/Repository/chipwhisperer/firmware/mcu/hal/chipwhisperer-fw-extra/stm32f4/stm32f4_hal_lowlevel.c ****     
1828:/home/pacl/Documents/Repository/chipwhisperer/firmware/mcu/hal/chipwhisperer-fw-extra/stm32f4/stm32f4_hal_lowlevel.c ****     /* Set the phase */
1829:/home/pacl/Documents/Repository/chipwhisperer/firmware/mcu/hal/chipwhisperer-fw-extra/stm32f4/stm32f4_hal_lowlevel.c ****     hcryp->Phase = HAL_CRYP_PHASE_PROCESS;
 3251              		.loc 1 1829 5 view .LVU1180
 3252              		.loc 1 1829 18 is_stmt 0 view .LVU1181
 3253 0080 0223     		movs	r3, #2
 3254 0082 84F83130 		strb	r3, [r4, #49]
 3255              	.LVL263:
 3256              	.L266:
1830:/home/pacl/Documents/Repository/chipwhisperer/firmware/mcu/hal/chipwhisperer-fw-extra/stm32f4/stm32f4_hal_lowlevel.c ****   }
1831:/home/pacl/Documents/Repository/chipwhisperer/firmware/mcu/hal/chipwhisperer-fw-extra/stm32f4/stm32f4_hal_lowlevel.c ****     
1832:/home/pacl/Documents/Repository/chipwhisperer/firmware/mcu/hal/chipwhisperer-fw-extra/stm32f4/stm32f4_hal_lowlevel.c ****     /* Write Plain Data and Get Cypher Data */
1833:/home/pacl/Documents/Repository/chipwhisperer/firmware/mcu/hal/chipwhisperer-fw-extra/stm32f4/stm32f4_hal_lowlevel.c ****     if(CRYP_ProcessData(hcryp, pCypherData, Size, pPlainData, Timeout) != HAL_OK)
 3257              		.loc 1 1833 5 is_stmt 1 view .LVU1182
 3258              		.loc 1 1833 8 is_stmt 0 view .LVU1183
 3259 0086 0096     		str	r6, [sp]
 3260 0088 4B46     		mov	r3, r9
 3261 008a 4246     		mov	r2, r8
 3262 008c 3946     		mov	r1, r7
 3263 008e 2046     		mov	r0, r4
 3264 0090 FFF7FEFF 		bl	CRYP_ProcessData
 3265              	.LVL264:
 3266              		.loc 1 1833 7 discriminator 1 view .LVU1184
 3267 0094 70B9     		cbnz	r0, .L270
1834:/home/pacl/Documents/Repository/chipwhisperer/firmware/mcu/hal/chipwhisperer-fw-extra/stm32f4/stm32f4_hal_lowlevel.c ****     {
1835:/home/pacl/Documents/Repository/chipwhisperer/firmware/mcu/hal/chipwhisperer-fw-extra/stm32f4/stm32f4_hal_lowlevel.c ****       return HAL_TIMEOUT;
1836:/home/pacl/Documents/Repository/chipwhisperer/firmware/mcu/hal/chipwhisperer-fw-extra/stm32f4/stm32f4_hal_lowlevel.c ****     }
1837:/home/pacl/Documents/Repository/chipwhisperer/firmware/mcu/hal/chipwhisperer-fw-extra/stm32f4/stm32f4_hal_lowlevel.c ****   
1838:/home/pacl/Documents/Repository/chipwhisperer/firmware/mcu/hal/chipwhisperer-fw-extra/stm32f4/stm32f4_hal_lowlevel.c ****   /* Change the CRYP state */
1839:/home/pacl/Documents/Repository/chipwhisperer/firmware/mcu/hal/chipwhisperer-fw-extra/stm32f4/stm32f4_hal_lowlevel.c ****   hcryp->State = HAL_CRYP_STATE_READY;
 3268              		.loc 1 1839 3 is_stmt 1 view .LVU1185
 3269              		.loc 1 1839 16 is_stmt 0 view .LVU1186
 3270 0096 0123     		movs	r3, #1
 3271 0098 84F83D30 		strb	r3, [r4, #61]
1840:/home/pacl/Documents/Repository/chipwhisperer/firmware/mcu/hal/chipwhisperer-fw-extra/stm32f4/stm32f4_hal_lowlevel.c ****   
1841:/home/pacl/Documents/Repository/chipwhisperer/firmware/mcu/hal/chipwhisperer-fw-extra/stm32f4/stm32f4_hal_lowlevel.c ****   /* Process Unlocked */
1842:/home/pacl/Documents/Repository/chipwhisperer/firmware/mcu/hal/chipwhisperer-fw-extra/stm32f4/stm32f4_hal_lowlevel.c ****   __HAL_UNLOCK(hcryp);
 3272              		.loc 1 1842 3 is_stmt 1 view .LVU1187
 3273              		.loc 1 1842 3 view .LVU1188
 3274 009c 84F83C00 		strb	r0, [r4, #60]
 3275              		.loc 1 1842 3 view .LVU1189
1843:/home/pacl/Documents/Repository/chipwhisperer/firmware/mcu/hal/chipwhisperer-fw-extra/stm32f4/stm32f4_hal_lowlevel.c ****   
1844:/home/pacl/Documents/Repository/chipwhisperer/firmware/mcu/hal/chipwhisperer-fw-extra/stm32f4/stm32f4_hal_lowlevel.c ****   /* Return function status */
1845:/home/pacl/Documents/Repository/chipwhisperer/firmware/mcu/hal/chipwhisperer-fw-extra/stm32f4/stm32f4_hal_lowlevel.c ****   return HAL_OK;
 3276              		.loc 1 1845 3 view .LVU1190
 3277              		.loc 1 1845 10 is_stmt 0 view .LVU1191
 3278 00a0 09E0     		b	.L265
 3279              	.LVL265:
 3280              	.L272:
1799:/home/pacl/Documents/Repository/chipwhisperer/firmware/mcu/hal/chipwhisperer-fw-extra/stm32f4/stm32f4_hal_lowlevel.c ****       {
 3281              		.loc 1 1799 7 is_stmt 1 view .LVU1192
1799:/home/pacl/Documents/Repository/chipwhisperer/firmware/mcu/hal/chipwhisperer-fw-extra/stm32f4/stm32f4_hal_lowlevel.c ****       {
 3282              		.loc 1 1799 9 is_stmt 0 view .LVU1193
 3283 00a2 721C     		adds	r2, r6, #1
 3284 00a4 D2D0     		beq	.L268
1801:/home/pacl/Documents/Repository/chipwhisperer/firmware/mcu/hal/chipwhisperer-fw-extra/stm32f4/stm32f4_hal_lowlevel.c ****         {
 3285              		.loc 1 1801 9 is_stmt 1 view .LVU1194
1801:/home/pacl/Documents/Repository/chipwhisperer/firmware/mcu/hal/chipwhisperer-fw-extra/stm32f4/stm32f4_hal_lowlevel.c ****         {
 3286              		.loc 1 1801 11 is_stmt 0 view .LVU1195
 3287 00a6 4EB9     		cbnz	r6, .L269
 3288              	.L271:
1804:/home/pacl/Documents/Repository/chipwhisperer/firmware/mcu/hal/chipwhisperer-fw-extra/stm32f4/stm32f4_hal_lowlevel.c ****           
 3289              		.loc 1 1804 11 is_stmt 1 view .LVU1196
1804:/home/pacl/Documents/Repository/chipwhisperer/firmware/mcu/hal/chipwhisperer-fw-extra/stm32f4/stm32f4_hal_lowlevel.c ****           
 3290              		.loc 1 1804 24 is_stmt 0 view .LVU1197
 3291 00a8 0323     		movs	r3, #3
 3292 00aa 84F83D30 		strb	r3, [r4, #61]
1807:/home/pacl/Documents/Repository/chipwhisperer/firmware/mcu/hal/chipwhisperer-fw-extra/stm32f4/stm32f4_hal_lowlevel.c ****         
 3293              		.loc 1 1807 11 is_stmt 1 view .LVU1198
1807:/home/pacl/Documents/Repository/chipwhisperer/firmware/mcu/hal/chipwhisperer-fw-extra/stm32f4/stm32f4_hal_lowlevel.c ****         
 3294              		.loc 1 1807 11 view .LVU1199
 3295 00ae 0023     		movs	r3, #0
 3296 00b0 84F83C30 		strb	r3, [r4, #60]
1807:/home/pacl/Documents/Repository/chipwhisperer/firmware/mcu/hal/chipwhisperer-fw-extra/stm32f4/stm32f4_hal_lowlevel.c ****         
 3297              		.loc 1 1807 11 view .LVU1200
1809:/home/pacl/Documents/Repository/chipwhisperer/firmware/mcu/hal/chipwhisperer-fw-extra/stm32f4/stm32f4_hal_lowlevel.c ****         }
 3298              		.loc 1 1809 11 view .LVU1201
 3299              	.LVL266:
 3300              	.L270:
1809:/home/pacl/Documents/Repository/chipwhisperer/firmware/mcu/hal/chipwhisperer-fw-extra/stm32f4/stm32f4_hal_lowlevel.c ****         }
 3301              		.loc 1 1809 18 is_stmt 0 view .LVU1202
 3302 00b4 0320     		movs	r0, #3
 3303              	.L265:
1846:/home/pacl/Documents/Repository/chipwhisperer/firmware/mcu/hal/chipwhisperer-fw-extra/stm32f4/stm32f4_hal_lowlevel.c **** }
 3304              		.loc 1 1846 1 view .LVU1203
 3305 00b6 03B0     		add	sp, sp, #12
 3306              	.LCFI13:
 3307              		.cfi_remember_state
 3308              		.cfi_def_cfa_offset 28
 3309              		@ sp needed
 3310 00b8 BDE8F083 		pop	{r4, r5, r6, r7, r8, r9, pc}
 3311              	.LVL267:
 3312              	.L269:
 3313              	.LCFI14:
 3314              		.cfi_restore_state
1801:/home/pacl/Documents/Repository/chipwhisperer/firmware/mcu/hal/chipwhisperer-fw-extra/stm32f4/stm32f4_hal_lowlevel.c ****         {
 3315              		.loc 1 1801 31 discriminator 1 view .LVU1204
 3316 00bc FFF7FEFF 		bl	HAL_GetTick
 3317              	.LVL268:
1801:/home/pacl/Documents/Repository/chipwhisperer/firmware/mcu/hal/chipwhisperer-fw-extra/stm32f4/stm32f4_hal_lowlevel.c ****         {
 3318              		.loc 1 1801 45 discriminator 1 view .LVU1205
 3319 00c0 401A     		subs	r0, r0, r1
1801:/home/pacl/Documents/Repository/chipwhisperer/firmware/mcu/hal/chipwhisperer-fw-extra/stm32f4/stm32f4_hal_lowlevel.c ****         {
 3320              		.loc 1 1801 27 discriminator 1 view .LVU1206
 3321 00c2 B042     		cmp	r0, r6
 3322 00c4 C2D9     		bls	.L268
 3323 00c6 EFE7     		b	.L271
 3324              	.LVL269:
 3325              	.L274:
1776:/home/pacl/Documents/Repository/chipwhisperer/firmware/mcu/hal/chipwhisperer-fw-extra/stm32f4/stm32f4_hal_lowlevel.c ****   
 3326              		.loc 1 1776 3 discriminator 1 view .LVU1207
 3327 00c8 2846     		mov	r0, r5
 3328              	.LVL270:
1776:/home/pacl/Documents/Repository/chipwhisperer/firmware/mcu/hal/chipwhisperer-fw-extra/stm32f4/stm32f4_hal_lowlevel.c ****   
 3329              		.loc 1 1776 3 discriminator 1 view .LVU1208
 3330 00ca F4E7     		b	.L265
 3331              	.L278:
 3332              		.align	2
 3333              	.L277:
 3334 00cc 00000650 		.word	1342570496
 3335              		.cfi_endproc
 3336              	.LFE144:
 3338              		.bss
 3339              		.align	2
 3340              		.set	.LANCHOR0,. + 0
 3343              	tick.0:
 3344 0000 00000000 		.space	4
 3345              		.text
 3346              	.Letext0:
 3347              		.file 3 "/usr/lib/gcc/arm-none-eabi/13.2.1/include/stdint.h"
 3348              		.file 4 "/home/pacl/Documents/Repository/chipwhisperer/firmware/mcu/hal/chipwhisperer-fw-extra/stm
 3349              		.file 5 "/home/pacl/Documents/Repository/chipwhisperer/firmware/mcu/hal/chipwhisperer-fw-extra/stm
 3350              		.file 6 "/home/pacl/Documents/Repository/chipwhisperer/firmware/mcu/hal/chipwhisperer-fw-extra/stm
 3351              		.file 7 "/home/pacl/Documents/Repository/chipwhisperer/firmware/mcu/hal/chipwhisperer-fw-extra/stm
 3352              		.file 8 "/home/pacl/Documents/Repository/chipwhisperer/firmware/mcu/hal/chipwhisperer-fw-extra/stm
 3353              		.file 9 "/home/pacl/Documents/Repository/chipwhisperer/firmware/mcu/hal/chipwhisperer-fw-extra/stm
 3354              		.file 10 "/home/pacl/Documents/Repository/chipwhisperer/firmware/mcu/hal/chipwhisperer-fw-extra/st
 3355              		.file 11 "/home/pacl/Documents/Repository/chipwhisperer/firmware/mcu/hal/chipwhisperer-fw-extra/st
 3356              		.file 12 "/home/pacl/Documents/Repository/chipwhisperer/firmware/mcu/hal/chipwhisperer-fw-extra/st
DEFINED SYMBOLS
                            *ABS*:00000000 stm32f4_hal_lowlevel.c
     /tmp/cc2TcRv3.s:21     .text.CRYP_SetKey.constprop.0:00000000 $t
     /tmp/cc2TcRv3.s:26     .text.CRYP_SetKey.constprop.0:00000000 CRYP_SetKey.constprop.0
     /tmp/cc2TcRv3.s:384    .text.HAL_GetTick:00000000 $t
     /tmp/cc2TcRv3.s:390    .text.HAL_GetTick:00000000 HAL_GetTick
     /tmp/cc2TcRv3.s:410    .text.HAL_GetTick:0000000c $d
     /tmp/cc2TcRv3.s:415    .text.CRYP_ProcessData:00000000 $t
     /tmp/cc2TcRv3.s:420    .text.CRYP_ProcessData:00000000 CRYP_ProcessData
     /tmp/cc2TcRv3.s:584    .text.RCC_AHB2PeriphClockCmd:00000000 $t
     /tmp/cc2TcRv3.s:590    .text.RCC_AHB2PeriphClockCmd:00000000 RCC_AHB2PeriphClockCmd
     /tmp/cc2TcRv3.s:622    .text.RCC_AHB2PeriphClockCmd:00000014 $d
     /tmp/cc2TcRv3.s:627    .text.HAL_RCC_OscConfig:00000000 $t
     /tmp/cc2TcRv3.s:633    .text.HAL_RCC_OscConfig:00000000 HAL_RCC_OscConfig
     /tmp/cc2TcRv3.s:1241   .text.HAL_RCC_OscConfig:00000268 $d
     /tmp/cc2TcRv3.s:1249   .text.HAL_RCC_OscConfig:00000278 $t
     /tmp/cc2TcRv3.s:1462   .text.HAL_RCC_OscConfig:00000330 $d
     /tmp/cc2TcRv3.s:1469   .text.HAL_RCC_ClockConfig:00000000 $t
     /tmp/cc2TcRv3.s:1475   .text.HAL_RCC_ClockConfig:00000000 HAL_RCC_ClockConfig
     /tmp/cc2TcRv3.s:1770   .text.HAL_RCC_ClockConfig:00000128 $d
     /tmp/cc2TcRv3.s:1776   .text.HAL_RCC_GetPCLK1Freq:00000000 $t
     /tmp/cc2TcRv3.s:1782   .text.HAL_RCC_GetPCLK1Freq:00000000 HAL_RCC_GetPCLK1Freq
     /tmp/cc2TcRv3.s:1796   .text.HAL_RCC_GetPCLK1Freq:00000004 $d
     /tmp/cc2TcRv3.s:1801   .text.HAL_RCC_GetPCLK2Freq:00000000 $t
     /tmp/cc2TcRv3.s:1807   .text.HAL_RCC_GetPCLK2Freq:00000000 HAL_RCC_GetPCLK2Freq
     /tmp/cc2TcRv3.s:1819   .text.HAL_RCC_GetPCLK2Freq:00000004 $d
     /tmp/cc2TcRv3.s:1824   .text.HAL_GPIO_Init:00000000 $t
     /tmp/cc2TcRv3.s:1830   .text.HAL_GPIO_Init:00000000 HAL_GPIO_Init
     /tmp/cc2TcRv3.s:2232   .text.HAL_GPIO_Init:000001a4 $d
     /tmp/cc2TcRv3.s:2239   .text.HAL_GPIO_WritePin:00000000 $t
     /tmp/cc2TcRv3.s:2245   .text.HAL_GPIO_WritePin:00000000 HAL_GPIO_WritePin
     /tmp/cc2TcRv3.s:2276   .text.HAL_UART_Init:00000000 $t
     /tmp/cc2TcRv3.s:2282   .text.HAL_UART_Init:00000000 HAL_UART_Init
     /tmp/cc2TcRv3.s:2507   .text.HAL_UART_Init:000000d8 $d
     /tmp/cc2TcRv3.s:2512   .text.HAL_UART_Transmit:00000000 $t
     /tmp/cc2TcRv3.s:2518   .text.HAL_UART_Transmit:00000000 HAL_UART_Transmit
     /tmp/cc2TcRv3.s:2697   .text.HAL_UART_Receive:00000000 $t
     /tmp/cc2TcRv3.s:2703   .text.HAL_UART_Receive:00000000 HAL_UART_Receive
     /tmp/cc2TcRv3.s:2884   .text.HAL_CRYP_Init:00000000 $t
     /tmp/cc2TcRv3.s:2890   .text.HAL_CRYP_Init:00000000 HAL_CRYP_Init
     /tmp/cc2TcRv3.s:2956   .text.HAL_CRYP_Init:00000038 $d
     /tmp/cc2TcRv3.s:2961   .text.HAL_CRYP_DeInit:00000000 $t
     /tmp/cc2TcRv3.s:2967   .text.HAL_CRYP_DeInit:00000000 HAL_CRYP_DeInit
     /tmp/cc2TcRv3.s:3018   .text.HAL_CRYP_AESECB_Encrypt:00000000 $t
     /tmp/cc2TcRv3.s:3024   .text.HAL_CRYP_AESECB_Encrypt:00000000 HAL_CRYP_AESECB_Encrypt
     /tmp/cc2TcRv3.s:3142   .text.HAL_CRYP_AESECB_Decrypt:00000000 $t
     /tmp/cc2TcRv3.s:3148   .text.HAL_CRYP_AESECB_Decrypt:00000000 HAL_CRYP_AESECB_Decrypt
     /tmp/cc2TcRv3.s:3334   .text.HAL_CRYP_AESECB_Decrypt:000000cc $d
     /tmp/cc2TcRv3.s:3339   .bss:00000000 $d
     /tmp/cc2TcRv3.s:3343   .bss:00000000 tick.0

NO UNDEFINED SYMBOLS
