
simpleserial-smaug-CW308_STM32F4.elf:     file format elf32-littlearm

Sections:
Idx Name          Size      VMA       LMA       File off  Algn
  0 .isr_vector   00000188  08000000  08000000  00010000  2**0
                  CONTENTS, ALLOC, LOAD, READONLY, DATA
  1 .text         00007eb0  08000200  08000200  00010200  2**8
                  CONTENTS, ALLOC, LOAD, READONLY, CODE
  2 .rodata       00000004  080080b0  080080b0  000180b0  2**2
                  CONTENTS, ALLOC, LOAD, READONLY, DATA
  3 .ARM.extab    00000000  080080b4  080080b4  00020430  2**0
                  CONTENTS
  4 .ARM          00000000  080080b4  080080b4  00020430  2**0
                  CONTENTS
  5 .preinit_array 00000000  080080b4  080080b4  00020430  2**0
                  CONTENTS, ALLOC, LOAD, DATA
  6 .init_array   00000008  080080b4  080080b4  000180b4  2**2
                  CONTENTS, ALLOC, LOAD, DATA
  7 .fini_array   00000004  080080bc  080080bc  000180bc  2**2
                  CONTENTS, ALLOC, LOAD, DATA
  8 .data         00000430  20000000  080080c0  00020000  2**3
                  CONTENTS, ALLOC, LOAD, DATA
  9 .bss          00000b00  20000430  080084f0  00020430  2**2
                  ALLOC
 10 ._user_heap_stack 00000400  20000f30  080084f0  00020f30  2**0
                  ALLOC
 11 .ARM.attributes 00000030  00000000  00000000  00020430  2**0
                  CONTENTS, READONLY
 12 .comment      00000079  00000000  00000000  00020460  2**0
                  CONTENTS, READONLY
 13 .debug_info   00006bb2  00000000  00000000  000204d9  2**0
                  CONTENTS, READONLY, DEBUGGING, OCTETS
 14 .debug_abbrev 000016d4  00000000  00000000  0002708b  2**0
                  CONTENTS, READONLY, DEBUGGING, OCTETS
 15 .debug_loc    00002d98  00000000  00000000  0002875f  2**0
                  CONTENTS, READONLY, DEBUGGING, OCTETS
 16 .debug_aranges 00000360  00000000  00000000  0002b4f8  2**3
                  CONTENTS, READONLY, DEBUGGING, OCTETS
 17 .debug_ranges 000004d0  00000000  00000000  0002b858  2**0
                  CONTENTS, READONLY, DEBUGGING, OCTETS
 18 .debug_line   00003591  00000000  00000000  0002bd28  2**0
                  CONTENTS, READONLY, DEBUGGING, OCTETS
 19 .debug_str    00001d55  00000000  00000000  0002f2b9  2**0
                  CONTENTS, READONLY, DEBUGGING, OCTETS
 20 .debug_frame  00000780  00000000  00000000  00031010  2**2
                  CONTENTS, READONLY, DEBUGGING, OCTETS
 21 .stab         00000144  00000000  00000000  00031790  2**2
                  CONTENTS, READONLY, DEBUGGING
 22 .stabstr      00000080  00000000  00000000  000318d4  2**0
                  CONTENTS, READONLY, DEBUGGING

Disassembly of section .text:

08000200 <deregister_tm_clones>:
 8000200:	4803      	ldr	r0, [pc, #12]	; (8000210 <deregister_tm_clones+0x10>)
 8000202:	4b04      	ldr	r3, [pc, #16]	; (8000214 <deregister_tm_clones+0x14>)
 8000204:	4283      	cmp	r3, r0
 8000206:	d002      	beq.n	800020e <deregister_tm_clones+0xe>
 8000208:	4b03      	ldr	r3, [pc, #12]	; (8000218 <deregister_tm_clones+0x18>)
 800020a:	b103      	cbz	r3, 800020e <deregister_tm_clones+0xe>
 800020c:	4718      	bx	r3
 800020e:	4770      	bx	lr
 8000210:	20000430 	.word	0x20000430
 8000214:	20000430 	.word	0x20000430
 8000218:	00000000 	.word	0x00000000

0800021c <register_tm_clones>:
 800021c:	4805      	ldr	r0, [pc, #20]	; (8000234 <register_tm_clones+0x18>)
 800021e:	4906      	ldr	r1, [pc, #24]	; (8000238 <register_tm_clones+0x1c>)
 8000220:	1a0b      	subs	r3, r1, r0
 8000222:	0fd9      	lsrs	r1, r3, #31
 8000224:	eb01 01a3 	add.w	r1, r1, r3, asr #2
 8000228:	1049      	asrs	r1, r1, #1
 800022a:	d002      	beq.n	8000232 <register_tm_clones+0x16>
 800022c:	4b03      	ldr	r3, [pc, #12]	; (800023c <register_tm_clones+0x20>)
 800022e:	b103      	cbz	r3, 8000232 <register_tm_clones+0x16>
 8000230:	4718      	bx	r3
 8000232:	4770      	bx	lr
 8000234:	20000430 	.word	0x20000430
 8000238:	20000430 	.word	0x20000430
 800023c:	00000000 	.word	0x00000000

08000240 <__do_global_dtors_aux>:
 8000240:	b510      	push	{r4, lr}
 8000242:	4c06      	ldr	r4, [pc, #24]	; (800025c <__do_global_dtors_aux+0x1c>)
 8000244:	7823      	ldrb	r3, [r4, #0]
 8000246:	b943      	cbnz	r3, 800025a <__do_global_dtors_aux+0x1a>
 8000248:	f7ff ffda 	bl	8000200 <deregister_tm_clones>
 800024c:	4b04      	ldr	r3, [pc, #16]	; (8000260 <__do_global_dtors_aux+0x20>)
 800024e:	b113      	cbz	r3, 8000256 <__do_global_dtors_aux+0x16>
 8000250:	4804      	ldr	r0, [pc, #16]	; (8000264 <__do_global_dtors_aux+0x24>)
 8000252:	f3af 8000 	nop.w
 8000256:	2301      	movs	r3, #1
 8000258:	7023      	strb	r3, [r4, #0]
 800025a:	bd10      	pop	{r4, pc}
 800025c:	20000430 	.word	0x20000430
 8000260:	00000000 	.word	0x00000000
 8000264:	08008098 	.word	0x08008098

08000268 <frame_dummy>:
 8000268:	b508      	push	{r3, lr}
 800026a:	4b04      	ldr	r3, [pc, #16]	; (800027c <frame_dummy+0x14>)
 800026c:	b11b      	cbz	r3, 8000276 <frame_dummy+0xe>
 800026e:	4904      	ldr	r1, [pc, #16]	; (8000280 <frame_dummy+0x18>)
 8000270:	4804      	ldr	r0, [pc, #16]	; (8000284 <frame_dummy+0x1c>)
 8000272:	f3af 8000 	nop.w
 8000276:	e8bd 4008 	ldmia.w	sp!, {r3, lr}
 800027a:	e7cf      	b.n	800021c <register_tm_clones>
 800027c:	00000000 	.word	0x00000000
 8000280:	20000434 	.word	0x20000434
 8000284:	08008098 	.word	0x08008098

08000288 <crypto_kem_keypair>:
 8000288:	b580      	push	{r7, lr}
 800028a:	b084      	sub	sp, #16
 800028c:	af00      	add	r7, sp, #0
 800028e:	6078      	str	r0, [r7, #4]
 8000290:	6039      	str	r1, [r7, #0]
 8000292:	6839      	ldr	r1, [r7, #0]
 8000294:	6878      	ldr	r0, [r7, #4]
 8000296:	f003 f86c 	bl	8003372 <cryptolab_smaug1_indcpa_keypair>
 800029a:	683b      	ldr	r3, [r7, #0]
 800029c:	3380      	adds	r3, #128	; 0x80
 800029e:	2120      	movs	r1, #32
 80002a0:	4618      	mov	r0, r3
 80002a2:	f000 ff8b 	bl	80011bc <PQCLEAN_randombytes>
 80002a6:	2300      	movs	r3, #0
 80002a8:	60fb      	str	r3, [r7, #12]
 80002aa:	e00b      	b.n	80002c4 <crypto_kem_keypair+0x3c>
 80002ac:	68fb      	ldr	r3, [r7, #12]
 80002ae:	687a      	ldr	r2, [r7, #4]
 80002b0:	441a      	add	r2, r3
 80002b2:	68fb      	ldr	r3, [r7, #12]
 80002b4:	33a0      	adds	r3, #160	; 0xa0
 80002b6:	6839      	ldr	r1, [r7, #0]
 80002b8:	440b      	add	r3, r1
 80002ba:	7812      	ldrb	r2, [r2, #0]
 80002bc:	701a      	strb	r2, [r3, #0]
 80002be:	68fb      	ldr	r3, [r7, #12]
 80002c0:	3301      	adds	r3, #1
 80002c2:	60fb      	str	r3, [r7, #12]
 80002c4:	68fb      	ldr	r3, [r7, #12]
 80002c6:	f5b3 7f28 	cmp.w	r3, #672	; 0x2a0
 80002ca:	dbef      	blt.n	80002ac <crypto_kem_keypair+0x24>
 80002cc:	2300      	movs	r3, #0
 80002ce:	4618      	mov	r0, r3
 80002d0:	3710      	adds	r7, #16
 80002d2:	46bd      	mov	sp, r7
 80002d4:	bd80      	pop	{r7, pc}

080002d6 <crypto_kem_enc>:
 80002d6:	b580      	push	{r7, lr}
 80002d8:	b09e      	sub	sp, #120	; 0x78
 80002da:	af02      	add	r7, sp, #8
 80002dc:	60f8      	str	r0, [r7, #12]
 80002de:	60b9      	str	r1, [r7, #8]
 80002e0:	607a      	str	r2, [r7, #4]
 80002e2:	f107 0350 	add.w	r3, r7, #80	; 0x50
 80002e6:	2220      	movs	r2, #32
 80002e8:	2100      	movs	r1, #0
 80002ea:	4618      	mov	r0, r3
 80002ec:	f006 feca 	bl	8007084 <memset>
 80002f0:	f107 0310 	add.w	r3, r7, #16
 80002f4:	2240      	movs	r2, #64	; 0x40
 80002f6:	2100      	movs	r1, #0
 80002f8:	4618      	mov	r0, r3
 80002fa:	f006 fec3 	bl	8007084 <memset>
 80002fe:	f107 0350 	add.w	r3, r7, #80	; 0x50
 8000302:	2120      	movs	r1, #32
 8000304:	4618      	mov	r0, r3
 8000306:	f000 ff59 	bl	80011bc <PQCLEAN_randombytes>
 800030a:	f107 0310 	add.w	r3, r7, #16
 800030e:	f44f 7228 	mov.w	r2, #672	; 0x2a0
 8000312:	6879      	ldr	r1, [r7, #4]
 8000314:	4618      	mov	r0, r3
 8000316:	f000 fd2a 	bl	8000d6e <sha3_256>
 800031a:	f107 0250 	add.w	r2, r7, #80	; 0x50
 800031e:	f107 0010 	add.w	r0, r7, #16
 8000322:	2320      	movs	r3, #32
 8000324:	9301      	str	r3, [sp, #4]
 8000326:	f107 0310 	add.w	r3, r7, #16
 800032a:	9300      	str	r3, [sp, #0]
 800032c:	2320      	movs	r3, #32
 800032e:	2140      	movs	r1, #64	; 0x40
 8000330:	f002 ffb6 	bl	80032a0 <cryptolab_smaug1_shake256_absorb_twice_squeeze>
 8000334:	2220      	movs	r2, #32
 8000336:	2100      	movs	r1, #0
 8000338:	68b8      	ldr	r0, [r7, #8]
 800033a:	f006 fea3 	bl	8007084 <memset>
 800033e:	f107 0310 	add.w	r3, r7, #16
 8000342:	f107 0250 	add.w	r2, r7, #80	; 0x50
 8000346:	6879      	ldr	r1, [r7, #4]
 8000348:	68f8      	ldr	r0, [r7, #12]
 800034a:	f003 f894 	bl	8003476 <cryptolab_smaug1_indcpa_enc>
 800034e:	f107 0110 	add.w	r1, r7, #16
 8000352:	3120      	adds	r1, #32
 8000354:	2301      	movs	r3, #1
 8000356:	2220      	movs	r2, #32
 8000358:	68b8      	ldr	r0, [r7, #8]
 800035a:	f000 f8fd 	bl	8000558 <cryptolab_smaug1_cmov>
 800035e:	2300      	movs	r3, #0
 8000360:	4618      	mov	r0, r3
 8000362:	3770      	adds	r7, #112	; 0x70
 8000364:	46bd      	mov	sp, r7
 8000366:	bd80      	pop	{r7, pc}

08000368 <crypto_kem_dec>:
 8000368:	b580      	push	{r7, lr}
 800036a:	f5ad 7d60 	sub.w	sp, sp, #896	; 0x380
 800036e:	af02      	add	r7, sp, #8
 8000370:	f507 735e 	add.w	r3, r7, #888	; 0x378
 8000374:	f5a3 735b 	sub.w	r3, r3, #876	; 0x36c
 8000378:	6018      	str	r0, [r3, #0]
 800037a:	f507 735e 	add.w	r3, r7, #888	; 0x378
 800037e:	f5a3 735c 	sub.w	r3, r3, #880	; 0x370
 8000382:	6019      	str	r1, [r3, #0]
 8000384:	f507 735e 	add.w	r3, r7, #888	; 0x378
 8000388:	f5a3 735d 	sub.w	r3, r3, #884	; 0x374
 800038c:	601a      	str	r2, [r3, #0]
 800038e:	f507 7354 	add.w	r3, r7, #848	; 0x350
 8000392:	2220      	movs	r2, #32
 8000394:	2100      	movs	r1, #0
 8000396:	4618      	mov	r0, r3
 8000398:	f006 fe74 	bl	8007084 <memset>
 800039c:	f507 7344 	add.w	r3, r7, #784	; 0x310
 80003a0:	2240      	movs	r2, #64	; 0x40
 80003a2:	2100      	movs	r1, #0
 80003a4:	4618      	mov	r0, r3
 80003a6:	f006 fe6d 	bl	8007084 <memset>
 80003aa:	f507 7334 	add.w	r3, r7, #720	; 0x2d0
 80003ae:	2240      	movs	r2, #64	; 0x40
 80003b0:	2100      	movs	r1, #0
 80003b2:	4618      	mov	r0, r3
 80003b4:	f006 fe66 	bl	8007084 <memset>
 80003b8:	f507 732c 	add.w	r3, r7, #688	; 0x2b0
 80003bc:	2220      	movs	r2, #32
 80003be:	2100      	movs	r1, #0
 80003c0:	4618      	mov	r0, r3
 80003c2:	f006 fe5f 	bl	8007084 <memset>
 80003c6:	f507 735e 	add.w	r3, r7, #888	; 0x378
 80003ca:	f5a3 735d 	sub.w	r3, r3, #884	; 0x374
 80003ce:	681b      	ldr	r3, [r3, #0]
 80003d0:	33a0      	adds	r3, #160	; 0xa0
 80003d2:	f8c7 3374 	str.w	r3, [r7, #884]	; 0x374
 80003d6:	f507 735e 	add.w	r3, r7, #888	; 0x378
 80003da:	f5a3 725c 	sub.w	r2, r3, #880	; 0x370
 80003de:	f507 735e 	add.w	r3, r7, #888	; 0x378
 80003e2:	f5a3 735d 	sub.w	r3, r3, #884	; 0x374
 80003e6:	f507 7054 	add.w	r0, r7, #848	; 0x350
 80003ea:	6812      	ldr	r2, [r2, #0]
 80003ec:	6819      	ldr	r1, [r3, #0]
 80003ee:	f003 f8d2 	bl	8003596 <cryptolab_smaug1_indcpa_dec>
 80003f2:	f507 732c 	add.w	r3, r7, #688	; 0x2b0
 80003f6:	f44f 7228 	mov.w	r2, #672	; 0x2a0
 80003fa:	f8d7 1374 	ldr.w	r1, [r7, #884]	; 0x374
 80003fe:	4618      	mov	r0, r3
 8000400:	f000 fcb5 	bl	8000d6e <sha3_256>
 8000404:	f507 7254 	add.w	r2, r7, #848	; 0x350
 8000408:	f507 7044 	add.w	r0, r7, #784	; 0x310
 800040c:	2320      	movs	r3, #32
 800040e:	9301      	str	r3, [sp, #4]
 8000410:	f507 732c 	add.w	r3, r7, #688	; 0x2b0
 8000414:	9300      	str	r3, [sp, #0]
 8000416:	2320      	movs	r3, #32
 8000418:	2140      	movs	r1, #64	; 0x40
 800041a:	f002 ff41 	bl	80032a0 <cryptolab_smaug1_shake256_absorb_twice_squeeze>
 800041e:	f507 735e 	add.w	r3, r7, #888	; 0x378
 8000422:	f5a3 735a 	sub.w	r3, r3, #872	; 0x368
 8000426:	4618      	mov	r0, r3
 8000428:	f44f 7328 	mov.w	r3, #672	; 0x2a0
 800042c:	461a      	mov	r2, r3
 800042e:	2100      	movs	r1, #0
 8000430:	f006 fe28 	bl	8007084 <memset>
 8000434:	f507 7344 	add.w	r3, r7, #784	; 0x310
 8000438:	f507 7254 	add.w	r2, r7, #848	; 0x350
 800043c:	f107 0010 	add.w	r0, r7, #16
 8000440:	f8d7 1374 	ldr.w	r1, [r7, #884]	; 0x374
 8000444:	f003 f817 	bl	8003476 <cryptolab_smaug1_indcpa_enc>
 8000448:	f107 0110 	add.w	r1, r7, #16
 800044c:	f507 735e 	add.w	r3, r7, #888	; 0x378
 8000450:	f5a3 735c 	sub.w	r3, r3, #880	; 0x370
 8000454:	f44f 7228 	mov.w	r2, #672	; 0x2a0
 8000458:	6818      	ldr	r0, [r3, #0]
 800045a:	f000 f846 	bl	80004ea <cryptolab_smaug1_verify>
 800045e:	f8c7 0370 	str.w	r0, [r7, #880]	; 0x370
 8000462:	f507 735e 	add.w	r3, r7, #888	; 0x378
 8000466:	f5a3 735c 	sub.w	r3, r3, #880	; 0x370
 800046a:	f507 702c 	add.w	r0, r7, #688	; 0x2b0
 800046e:	f44f 7228 	mov.w	r2, #672	; 0x2a0
 8000472:	6819      	ldr	r1, [r3, #0]
 8000474:	f000 fc7b 	bl	8000d6e <sha3_256>
 8000478:	f507 735e 	add.w	r3, r7, #888	; 0x378
 800047c:	f5a3 735d 	sub.w	r3, r3, #884	; 0x374
 8000480:	681b      	ldr	r3, [r3, #0]
 8000482:	f103 0284 	add.w	r2, r3, #132	; 0x84
 8000486:	f507 7034 	add.w	r0, r7, #720	; 0x2d0
 800048a:	2320      	movs	r3, #32
 800048c:	9301      	str	r3, [sp, #4]
 800048e:	f507 732c 	add.w	r3, r7, #688	; 0x2b0
 8000492:	9300      	str	r3, [sp, #0]
 8000494:	2320      	movs	r3, #32
 8000496:	2140      	movs	r1, #64	; 0x40
 8000498:	f002 ff02 	bl	80032a0 <cryptolab_smaug1_shake256_absorb_twice_squeeze>
 800049c:	f507 735e 	add.w	r3, r7, #888	; 0x378
 80004a0:	f5a3 735b 	sub.w	r3, r3, #876	; 0x36c
 80004a4:	2220      	movs	r2, #32
 80004a6:	2100      	movs	r1, #0
 80004a8:	6818      	ldr	r0, [r3, #0]
 80004aa:	f006 fdeb 	bl	8007084 <memset>
 80004ae:	f507 7044 	add.w	r0, r7, #784	; 0x310
 80004b2:	3020      	adds	r0, #32
 80004b4:	f507 7134 	add.w	r1, r7, #720	; 0x2d0
 80004b8:	3120      	adds	r1, #32
 80004ba:	f8d7 3370 	ldr.w	r3, [r7, #880]	; 0x370
 80004be:	b2db      	uxtb	r3, r3
 80004c0:	2220      	movs	r2, #32
 80004c2:	f000 f849 	bl	8000558 <cryptolab_smaug1_cmov>
 80004c6:	f507 7144 	add.w	r1, r7, #784	; 0x310
 80004ca:	3120      	adds	r1, #32
 80004cc:	f507 735e 	add.w	r3, r7, #888	; 0x378
 80004d0:	f5a3 705b 	sub.w	r0, r3, #876	; 0x36c
 80004d4:	2301      	movs	r3, #1
 80004d6:	2220      	movs	r2, #32
 80004d8:	6800      	ldr	r0, [r0, #0]
 80004da:	f000 f83d 	bl	8000558 <cryptolab_smaug1_cmov>
 80004de:	2300      	movs	r3, #0
 80004e0:	4618      	mov	r0, r3
 80004e2:	f507 775e 	add.w	r7, r7, #888	; 0x378
 80004e6:	46bd      	mov	sp, r7
 80004e8:	bd80      	pop	{r7, pc}

080004ea <cryptolab_smaug1_verify>:
 80004ea:	e92d 03b0 	stmdb	sp!, {r4, r5, r7, r8, r9}
 80004ee:	b087      	sub	sp, #28
 80004f0:	af00      	add	r7, sp, #0
 80004f2:	60f8      	str	r0, [r7, #12]
 80004f4:	60b9      	str	r1, [r7, #8]
 80004f6:	607a      	str	r2, [r7, #4]
 80004f8:	2300      	movs	r3, #0
 80004fa:	74fb      	strb	r3, [r7, #19]
 80004fc:	2300      	movs	r3, #0
 80004fe:	617b      	str	r3, [r7, #20]
 8000500:	e00f      	b.n	8000522 <cryptolab_smaug1_verify+0x38>
 8000502:	68fa      	ldr	r2, [r7, #12]
 8000504:	697b      	ldr	r3, [r7, #20]
 8000506:	4413      	add	r3, r2
 8000508:	781a      	ldrb	r2, [r3, #0]
 800050a:	68b9      	ldr	r1, [r7, #8]
 800050c:	697b      	ldr	r3, [r7, #20]
 800050e:	440b      	add	r3, r1
 8000510:	781b      	ldrb	r3, [r3, #0]
 8000512:	4053      	eors	r3, r2
 8000514:	b2da      	uxtb	r2, r3
 8000516:	7cfb      	ldrb	r3, [r7, #19]
 8000518:	4313      	orrs	r3, r2
 800051a:	74fb      	strb	r3, [r7, #19]
 800051c:	697b      	ldr	r3, [r7, #20]
 800051e:	3301      	adds	r3, #1
 8000520:	617b      	str	r3, [r7, #20]
 8000522:	697a      	ldr	r2, [r7, #20]
 8000524:	687b      	ldr	r3, [r7, #4]
 8000526:	429a      	cmp	r2, r3
 8000528:	d3eb      	bcc.n	8000502 <cryptolab_smaug1_verify+0x18>
 800052a:	7cfb      	ldrb	r3, [r7, #19]
 800052c:	2200      	movs	r2, #0
 800052e:	461c      	mov	r4, r3
 8000530:	4615      	mov	r5, r2
 8000532:	2300      	movs	r3, #0
 8000534:	f1d4 0800 	rsbs	r8, r4, #0
 8000538:	eb63 0905 	sbc.w	r9, r3, r5
 800053c:	f04f 0200 	mov.w	r2, #0
 8000540:	f04f 0300 	mov.w	r3, #0
 8000544:	ea4f 72d9 	mov.w	r2, r9, lsr #31
 8000548:	2300      	movs	r3, #0
 800054a:	4613      	mov	r3, r2
 800054c:	4618      	mov	r0, r3
 800054e:	371c      	adds	r7, #28
 8000550:	46bd      	mov	sp, r7
 8000552:	e8bd 03b0 	ldmia.w	sp!, {r4, r5, r7, r8, r9}
 8000556:	4770      	bx	lr

08000558 <cryptolab_smaug1_cmov>:
 8000558:	b480      	push	{r7}
 800055a:	b087      	sub	sp, #28
 800055c:	af00      	add	r7, sp, #0
 800055e:	60f8      	str	r0, [r7, #12]
 8000560:	60b9      	str	r1, [r7, #8]
 8000562:	607a      	str	r2, [r7, #4]
 8000564:	70fb      	strb	r3, [r7, #3]
 8000566:	78fb      	ldrb	r3, [r7, #3]
 8000568:	425b      	negs	r3, r3
 800056a:	70fb      	strb	r3, [r7, #3]
 800056c:	2300      	movs	r3, #0
 800056e:	617b      	str	r3, [r7, #20]
 8000570:	e019      	b.n	80005a6 <cryptolab_smaug1_cmov+0x4e>
 8000572:	68fa      	ldr	r2, [r7, #12]
 8000574:	697b      	ldr	r3, [r7, #20]
 8000576:	4413      	add	r3, r2
 8000578:	7819      	ldrb	r1, [r3, #0]
 800057a:	68fa      	ldr	r2, [r7, #12]
 800057c:	697b      	ldr	r3, [r7, #20]
 800057e:	4413      	add	r3, r2
 8000580:	781a      	ldrb	r2, [r3, #0]
 8000582:	68b8      	ldr	r0, [r7, #8]
 8000584:	697b      	ldr	r3, [r7, #20]
 8000586:	4403      	add	r3, r0
 8000588:	781b      	ldrb	r3, [r3, #0]
 800058a:	4053      	eors	r3, r2
 800058c:	b2da      	uxtb	r2, r3
 800058e:	78fb      	ldrb	r3, [r7, #3]
 8000590:	4013      	ands	r3, r2
 8000592:	b2da      	uxtb	r2, r3
 8000594:	68f8      	ldr	r0, [r7, #12]
 8000596:	697b      	ldr	r3, [r7, #20]
 8000598:	4403      	add	r3, r0
 800059a:	404a      	eors	r2, r1
 800059c:	b2d2      	uxtb	r2, r2
 800059e:	701a      	strb	r2, [r3, #0]
 80005a0:	697b      	ldr	r3, [r7, #20]
 80005a2:	3301      	adds	r3, #1
 80005a4:	617b      	str	r3, [r7, #20]
 80005a6:	697a      	ldr	r2, [r7, #20]
 80005a8:	687b      	ldr	r3, [r7, #4]
 80005aa:	429a      	cmp	r2, r3
 80005ac:	d3e1      	bcc.n	8000572 <cryptolab_smaug1_cmov+0x1a>
 80005ae:	bf00      	nop
 80005b0:	bf00      	nop
 80005b2:	371c      	adds	r7, #28
 80005b4:	46bd      	mov	sp, r7
 80005b6:	f85d 7b04 	ldr.w	r7, [sp], #4
 80005ba:	4770      	bx	lr

080005bc <keccak_absorb>:
 80005bc:	b580      	push	{r7, lr}
 80005be:	b084      	sub	sp, #16
 80005c0:	af00      	add	r7, sp, #0
 80005c2:	60f8      	str	r0, [r7, #12]
 80005c4:	60b9      	str	r1, [r7, #8]
 80005c6:	607a      	str	r2, [r7, #4]
 80005c8:	603b      	str	r3, [r7, #0]
 80005ca:	e010      	b.n	80005ee <keccak_absorb+0x32>
 80005cc:	68bb      	ldr	r3, [r7, #8]
 80005ce:	2200      	movs	r2, #0
 80005d0:	6879      	ldr	r1, [r7, #4]
 80005d2:	68f8      	ldr	r0, [r7, #12]
 80005d4:	f000 ff14 	bl	8001400 <KeccakF1600_StateXORBytes>
 80005d8:	68f8      	ldr	r0, [r7, #12]
 80005da:	f001 fa91 	bl	8001b00 <KeccakF1600_StatePermute>
 80005de:	683a      	ldr	r2, [r7, #0]
 80005e0:	68bb      	ldr	r3, [r7, #8]
 80005e2:	1ad3      	subs	r3, r2, r3
 80005e4:	603b      	str	r3, [r7, #0]
 80005e6:	687a      	ldr	r2, [r7, #4]
 80005e8:	68bb      	ldr	r3, [r7, #8]
 80005ea:	4413      	add	r3, r2
 80005ec:	607b      	str	r3, [r7, #4]
 80005ee:	683a      	ldr	r2, [r7, #0]
 80005f0:	68bb      	ldr	r3, [r7, #8]
 80005f2:	429a      	cmp	r2, r3
 80005f4:	d2ea      	bcs.n	80005cc <keccak_absorb+0x10>
 80005f6:	683b      	ldr	r3, [r7, #0]
 80005f8:	2b00      	cmp	r3, #0
 80005fa:	d005      	beq.n	8000608 <keccak_absorb+0x4c>
 80005fc:	683b      	ldr	r3, [r7, #0]
 80005fe:	2200      	movs	r2, #0
 8000600:	6879      	ldr	r1, [r7, #4]
 8000602:	68f8      	ldr	r0, [r7, #12]
 8000604:	f000 fefc 	bl	8001400 <KeccakF1600_StateXORBytes>
 8000608:	68bb      	ldr	r3, [r7, #8]
 800060a:	3b01      	subs	r3, #1
 800060c:	683a      	ldr	r2, [r7, #0]
 800060e:	429a      	cmp	r2, r3
 8000610:	d10c      	bne.n	800062c <keccak_absorb+0x70>
 8000612:	7e3b      	ldrb	r3, [r7, #24]
 8000614:	f063 037f 	orn	r3, r3, #127	; 0x7f
 8000618:	b2db      	uxtb	r3, r3
 800061a:	763b      	strb	r3, [r7, #24]
 800061c:	2301      	movs	r3, #1
 800061e:	683a      	ldr	r2, [r7, #0]
 8000620:	f107 0118 	add.w	r1, r7, #24
 8000624:	68f8      	ldr	r0, [r7, #12]
 8000626:	f000 feeb 	bl	8001400 <KeccakF1600_StateXORBytes>
 800062a:	e010      	b.n	800064e <keccak_absorb+0x92>
 800062c:	2301      	movs	r3, #1
 800062e:	683a      	ldr	r2, [r7, #0]
 8000630:	f107 0118 	add.w	r1, r7, #24
 8000634:	68f8      	ldr	r0, [r7, #12]
 8000636:	f000 fee3 	bl	8001400 <KeccakF1600_StateXORBytes>
 800063a:	2380      	movs	r3, #128	; 0x80
 800063c:	763b      	strb	r3, [r7, #24]
 800063e:	68bb      	ldr	r3, [r7, #8]
 8000640:	1e5a      	subs	r2, r3, #1
 8000642:	2301      	movs	r3, #1
 8000644:	f107 0118 	add.w	r1, r7, #24
 8000648:	68f8      	ldr	r0, [r7, #12]
 800064a:	f000 fed9 	bl	8001400 <KeccakF1600_StateXORBytes>
 800064e:	bf00      	nop
 8000650:	3710      	adds	r7, #16
 8000652:	46bd      	mov	sp, r7
 8000654:	bd80      	pop	{r7, pc}

08000656 <keccak_squeezeblocks>:
 8000656:	b580      	push	{r7, lr}
 8000658:	b084      	sub	sp, #16
 800065a:	af00      	add	r7, sp, #0
 800065c:	60f8      	str	r0, [r7, #12]
 800065e:	60b9      	str	r1, [r7, #8]
 8000660:	607a      	str	r2, [r7, #4]
 8000662:	603b      	str	r3, [r7, #0]
 8000664:	e00f      	b.n	8000686 <keccak_squeezeblocks+0x30>
 8000666:	6878      	ldr	r0, [r7, #4]
 8000668:	f001 fa4a 	bl	8001b00 <KeccakF1600_StatePermute>
 800066c:	683b      	ldr	r3, [r7, #0]
 800066e:	2200      	movs	r2, #0
 8000670:	68f9      	ldr	r1, [r7, #12]
 8000672:	6878      	ldr	r0, [r7, #4]
 8000674:	f001 f844 	bl	8001700 <KeccakF1600_StateExtractBytes>
 8000678:	68fa      	ldr	r2, [r7, #12]
 800067a:	683b      	ldr	r3, [r7, #0]
 800067c:	4413      	add	r3, r2
 800067e:	60fb      	str	r3, [r7, #12]
 8000680:	68bb      	ldr	r3, [r7, #8]
 8000682:	3b01      	subs	r3, #1
 8000684:	60bb      	str	r3, [r7, #8]
 8000686:	68bb      	ldr	r3, [r7, #8]
 8000688:	2b00      	cmp	r3, #0
 800068a:	d1ec      	bne.n	8000666 <keccak_squeezeblocks+0x10>
 800068c:	bf00      	nop
 800068e:	bf00      	nop
 8000690:	3710      	adds	r7, #16
 8000692:	46bd      	mov	sp, r7
 8000694:	bd80      	pop	{r7, pc}

08000696 <keccak_inc_init>:
 8000696:	b480      	push	{r7}
 8000698:	b085      	sub	sp, #20
 800069a:	af00      	add	r7, sp, #0
 800069c:	6078      	str	r0, [r7, #4]
 800069e:	2300      	movs	r3, #0
 80006a0:	60fb      	str	r3, [r7, #12]
 80006a2:	e00c      	b.n	80006be <keccak_inc_init+0x28>
 80006a4:	68fb      	ldr	r3, [r7, #12]
 80006a6:	00db      	lsls	r3, r3, #3
 80006a8:	687a      	ldr	r2, [r7, #4]
 80006aa:	18d1      	adds	r1, r2, r3
 80006ac:	f04f 0200 	mov.w	r2, #0
 80006b0:	f04f 0300 	mov.w	r3, #0
 80006b4:	e9c1 2300 	strd	r2, r3, [r1]
 80006b8:	68fb      	ldr	r3, [r7, #12]
 80006ba:	3301      	adds	r3, #1
 80006bc:	60fb      	str	r3, [r7, #12]
 80006be:	68fb      	ldr	r3, [r7, #12]
 80006c0:	2b18      	cmp	r3, #24
 80006c2:	d9ef      	bls.n	80006a4 <keccak_inc_init+0xe>
 80006c4:	687b      	ldr	r3, [r7, #4]
 80006c6:	f103 01c8 	add.w	r1, r3, #200	; 0xc8
 80006ca:	f04f 0200 	mov.w	r2, #0
 80006ce:	f04f 0300 	mov.w	r3, #0
 80006d2:	e9c1 2300 	strd	r2, r3, [r1]
 80006d6:	bf00      	nop
 80006d8:	3714      	adds	r7, #20
 80006da:	46bd      	mov	sp, r7
 80006dc:	f85d 7b04 	ldr.w	r7, [sp], #4
 80006e0:	4770      	bx	lr

080006e2 <keccak_inc_absorb>:
 80006e2:	e92d 4fb0 	stmdb	sp!, {r4, r5, r7, r8, r9, sl, fp, lr}
 80006e6:	b088      	sub	sp, #32
 80006e8:	af00      	add	r7, sp, #0
 80006ea:	61f8      	str	r0, [r7, #28]
 80006ec:	61b9      	str	r1, [r7, #24]
 80006ee:	617a      	str	r2, [r7, #20]
 80006f0:	613b      	str	r3, [r7, #16]
 80006f2:	e02d      	b.n	8000750 <keccak_inc_absorb+0x6e>
 80006f4:	69fb      	ldr	r3, [r7, #28]
 80006f6:	33c8      	adds	r3, #200	; 0xc8
 80006f8:	e9d3 2300 	ldrd	r2, r3, [r3]
 80006fc:	4611      	mov	r1, r2
 80006fe:	69fb      	ldr	r3, [r7, #28]
 8000700:	33c8      	adds	r3, #200	; 0xc8
 8000702:	e9d3 2300 	ldrd	r2, r3, [r3]
 8000706:	69bb      	ldr	r3, [r7, #24]
 8000708:	1a9b      	subs	r3, r3, r2
 800070a:	460a      	mov	r2, r1
 800070c:	6979      	ldr	r1, [r7, #20]
 800070e:	69f8      	ldr	r0, [r7, #28]
 8000710:	f000 fe76 	bl	8001400 <KeccakF1600_StateXORBytes>
 8000714:	69fb      	ldr	r3, [r7, #28]
 8000716:	33c8      	adds	r3, #200	; 0xc8
 8000718:	e9d3 2300 	ldrd	r2, r3, [r3]
 800071c:	69bb      	ldr	r3, [r7, #24]
 800071e:	1ad3      	subs	r3, r2, r3
 8000720:	693a      	ldr	r2, [r7, #16]
 8000722:	4413      	add	r3, r2
 8000724:	613b      	str	r3, [r7, #16]
 8000726:	69fb      	ldr	r3, [r7, #28]
 8000728:	33c8      	adds	r3, #200	; 0xc8
 800072a:	e9d3 2300 	ldrd	r2, r3, [r3]
 800072e:	69bb      	ldr	r3, [r7, #24]
 8000730:	1a9b      	subs	r3, r3, r2
 8000732:	697a      	ldr	r2, [r7, #20]
 8000734:	4413      	add	r3, r2
 8000736:	617b      	str	r3, [r7, #20]
 8000738:	69fb      	ldr	r3, [r7, #28]
 800073a:	f103 01c8 	add.w	r1, r3, #200	; 0xc8
 800073e:	f04f 0200 	mov.w	r2, #0
 8000742:	f04f 0300 	mov.w	r3, #0
 8000746:	e9c1 2300 	strd	r2, r3, [r1]
 800074a:	69f8      	ldr	r0, [r7, #28]
 800074c:	f001 f9d8 	bl	8001b00 <KeccakF1600_StatePermute>
 8000750:	693b      	ldr	r3, [r7, #16]
 8000752:	2200      	movs	r2, #0
 8000754:	60bb      	str	r3, [r7, #8]
 8000756:	60fa      	str	r2, [r7, #12]
 8000758:	69fb      	ldr	r3, [r7, #28]
 800075a:	33c8      	adds	r3, #200	; 0xc8
 800075c:	e9d3 2300 	ldrd	r2, r3, [r3]
 8000760:	68b9      	ldr	r1, [r7, #8]
 8000762:	188c      	adds	r4, r1, r2
 8000764:	68f9      	ldr	r1, [r7, #12]
 8000766:	eb41 0503 	adc.w	r5, r1, r3
 800076a:	69bb      	ldr	r3, [r7, #24]
 800076c:	2200      	movs	r2, #0
 800076e:	469a      	mov	sl, r3
 8000770:	4693      	mov	fp, r2
 8000772:	4554      	cmp	r4, sl
 8000774:	eb75 030b 	sbcs.w	r3, r5, fp
 8000778:	d2bc      	bcs.n	80006f4 <keccak_inc_absorb+0x12>
 800077a:	69fb      	ldr	r3, [r7, #28]
 800077c:	33c8      	adds	r3, #200	; 0xc8
 800077e:	e9d3 2300 	ldrd	r2, r3, [r3]
 8000782:	693b      	ldr	r3, [r7, #16]
 8000784:	6979      	ldr	r1, [r7, #20]
 8000786:	69f8      	ldr	r0, [r7, #28]
 8000788:	f000 fe3a 	bl	8001400 <KeccakF1600_StateXORBytes>
 800078c:	69fb      	ldr	r3, [r7, #28]
 800078e:	33c8      	adds	r3, #200	; 0xc8
 8000790:	e9d3 2300 	ldrd	r2, r3, [r3]
 8000794:	6939      	ldr	r1, [r7, #16]
 8000796:	2000      	movs	r0, #0
 8000798:	4688      	mov	r8, r1
 800079a:	4681      	mov	r9, r0
 800079c:	69f9      	ldr	r1, [r7, #28]
 800079e:	31c8      	adds	r1, #200	; 0xc8
 80007a0:	eb12 0008 	adds.w	r0, r2, r8
 80007a4:	6038      	str	r0, [r7, #0]
 80007a6:	eb43 0309 	adc.w	r3, r3, r9
 80007aa:	607b      	str	r3, [r7, #4]
 80007ac:	e9d7 3400 	ldrd	r3, r4, [r7]
 80007b0:	e9c1 3400 	strd	r3, r4, [r1]
 80007b4:	bf00      	nop
 80007b6:	3720      	adds	r7, #32
 80007b8:	46bd      	mov	sp, r7
 80007ba:	e8bd 8fb0 	ldmia.w	sp!, {r4, r5, r7, r8, r9, sl, fp, pc}

080007be <keccak_inc_finalize>:
 80007be:	b5b0      	push	{r4, r5, r7, lr}
 80007c0:	b084      	sub	sp, #16
 80007c2:	af00      	add	r7, sp, #0
 80007c4:	60f8      	str	r0, [r7, #12]
 80007c6:	60b9      	str	r1, [r7, #8]
 80007c8:	4613      	mov	r3, r2
 80007ca:	71fb      	strb	r3, [r7, #7]
 80007cc:	68fb      	ldr	r3, [r7, #12]
 80007ce:	33c8      	adds	r3, #200	; 0xc8
 80007d0:	e9d3 2300 	ldrd	r2, r3, [r3]
 80007d4:	68b9      	ldr	r1, [r7, #8]
 80007d6:	3901      	subs	r1, #1
 80007d8:	2000      	movs	r0, #0
 80007da:	460c      	mov	r4, r1
 80007dc:	4605      	mov	r5, r0
 80007de:	42ab      	cmp	r3, r5
 80007e0:	bf08      	it	eq
 80007e2:	42a2      	cmpeq	r2, r4
 80007e4:	d10e      	bne.n	8000804 <keccak_inc_finalize+0x46>
 80007e6:	79fb      	ldrb	r3, [r7, #7]
 80007e8:	f063 037f 	orn	r3, r3, #127	; 0x7f
 80007ec:	b2db      	uxtb	r3, r3
 80007ee:	71fb      	strb	r3, [r7, #7]
 80007f0:	68fb      	ldr	r3, [r7, #12]
 80007f2:	33c8      	adds	r3, #200	; 0xc8
 80007f4:	e9d3 2300 	ldrd	r2, r3, [r3]
 80007f8:	1df9      	adds	r1, r7, #7
 80007fa:	2301      	movs	r3, #1
 80007fc:	68f8      	ldr	r0, [r7, #12]
 80007fe:	f000 fdff 	bl	8001400 <KeccakF1600_StateXORBytes>
 8000802:	e011      	b.n	8000828 <keccak_inc_finalize+0x6a>
 8000804:	68fb      	ldr	r3, [r7, #12]
 8000806:	33c8      	adds	r3, #200	; 0xc8
 8000808:	e9d3 2300 	ldrd	r2, r3, [r3]
 800080c:	1df9      	adds	r1, r7, #7
 800080e:	2301      	movs	r3, #1
 8000810:	68f8      	ldr	r0, [r7, #12]
 8000812:	f000 fdf5 	bl	8001400 <KeccakF1600_StateXORBytes>
 8000816:	2380      	movs	r3, #128	; 0x80
 8000818:	71fb      	strb	r3, [r7, #7]
 800081a:	68bb      	ldr	r3, [r7, #8]
 800081c:	1e5a      	subs	r2, r3, #1
 800081e:	1df9      	adds	r1, r7, #7
 8000820:	2301      	movs	r3, #1
 8000822:	68f8      	ldr	r0, [r7, #12]
 8000824:	f000 fdec 	bl	8001400 <KeccakF1600_StateXORBytes>
 8000828:	68fb      	ldr	r3, [r7, #12]
 800082a:	f103 01c8 	add.w	r1, r3, #200	; 0xc8
 800082e:	f04f 0200 	mov.w	r2, #0
 8000832:	f04f 0300 	mov.w	r3, #0
 8000836:	e9c1 2300 	strd	r2, r3, [r1]
 800083a:	bf00      	nop
 800083c:	3710      	adds	r7, #16
 800083e:	46bd      	mov	sp, r7
 8000840:	bdb0      	pop	{r4, r5, r7, pc}

08000842 <keccak_inc_squeeze>:
 8000842:	e92d 4fb0 	stmdb	sp!, {r4, r5, r7, r8, r9, sl, fp, lr}
 8000846:	b088      	sub	sp, #32
 8000848:	af00      	add	r7, sp, #0
 800084a:	6178      	str	r0, [r7, #20]
 800084c:	6139      	str	r1, [r7, #16]
 800084e:	60fa      	str	r2, [r7, #12]
 8000850:	60bb      	str	r3, [r7, #8]
 8000852:	693b      	ldr	r3, [r7, #16]
 8000854:	2200      	movs	r2, #0
 8000856:	4698      	mov	r8, r3
 8000858:	4691      	mov	r9, r2
 800085a:	68fb      	ldr	r3, [r7, #12]
 800085c:	33c8      	adds	r3, #200	; 0xc8
 800085e:	e9d3 2300 	ldrd	r2, r3, [r3]
 8000862:	4590      	cmp	r8, r2
 8000864:	eb79 0303 	sbcs.w	r3, r9, r3
 8000868:	d202      	bcs.n	8000870 <keccak_inc_squeeze+0x2e>
 800086a:	693b      	ldr	r3, [r7, #16]
 800086c:	61fb      	str	r3, [r7, #28]
 800086e:	e005      	b.n	800087c <keccak_inc_squeeze+0x3a>
 8000870:	68fb      	ldr	r3, [r7, #12]
 8000872:	33c8      	adds	r3, #200	; 0xc8
 8000874:	e9d3 2300 	ldrd	r2, r3, [r3]
 8000878:	4613      	mov	r3, r2
 800087a:	61fb      	str	r3, [r7, #28]
 800087c:	68fb      	ldr	r3, [r7, #12]
 800087e:	33c8      	adds	r3, #200	; 0xc8
 8000880:	e9d3 2300 	ldrd	r2, r3, [r3]
 8000884:	68bb      	ldr	r3, [r7, #8]
 8000886:	1a9a      	subs	r2, r3, r2
 8000888:	69fb      	ldr	r3, [r7, #28]
 800088a:	6979      	ldr	r1, [r7, #20]
 800088c:	68f8      	ldr	r0, [r7, #12]
 800088e:	f000 ff37 	bl	8001700 <KeccakF1600_StateExtractBytes>
 8000892:	697a      	ldr	r2, [r7, #20]
 8000894:	69fb      	ldr	r3, [r7, #28]
 8000896:	4413      	add	r3, r2
 8000898:	617b      	str	r3, [r7, #20]
 800089a:	693a      	ldr	r2, [r7, #16]
 800089c:	69fb      	ldr	r3, [r7, #28]
 800089e:	1ad3      	subs	r3, r2, r3
 80008a0:	613b      	str	r3, [r7, #16]
 80008a2:	68fb      	ldr	r3, [r7, #12]
 80008a4:	33c8      	adds	r3, #200	; 0xc8
 80008a6:	e9d3 2300 	ldrd	r2, r3, [r3]
 80008aa:	69f9      	ldr	r1, [r7, #28]
 80008ac:	2000      	movs	r0, #0
 80008ae:	460c      	mov	r4, r1
 80008b0:	4605      	mov	r5, r0
 80008b2:	68f9      	ldr	r1, [r7, #12]
 80008b4:	31c8      	adds	r1, #200	; 0xc8
 80008b6:	ebb2 0a04 	subs.w	sl, r2, r4
 80008ba:	eb63 0b05 	sbc.w	fp, r3, r5
 80008be:	e9c1 ab00 	strd	sl, fp, [r1]
 80008c2:	e025      	b.n	8000910 <keccak_inc_squeeze+0xce>
 80008c4:	68f8      	ldr	r0, [r7, #12]
 80008c6:	f001 f91b 	bl	8001b00 <KeccakF1600_StatePermute>
 80008ca:	693a      	ldr	r2, [r7, #16]
 80008cc:	68bb      	ldr	r3, [r7, #8]
 80008ce:	429a      	cmp	r2, r3
 80008d0:	d202      	bcs.n	80008d8 <keccak_inc_squeeze+0x96>
 80008d2:	693b      	ldr	r3, [r7, #16]
 80008d4:	61fb      	str	r3, [r7, #28]
 80008d6:	e001      	b.n	80008dc <keccak_inc_squeeze+0x9a>
 80008d8:	68bb      	ldr	r3, [r7, #8]
 80008da:	61fb      	str	r3, [r7, #28]
 80008dc:	69fb      	ldr	r3, [r7, #28]
 80008de:	2200      	movs	r2, #0
 80008e0:	6979      	ldr	r1, [r7, #20]
 80008e2:	68f8      	ldr	r0, [r7, #12]
 80008e4:	f000 ff0c 	bl	8001700 <KeccakF1600_StateExtractBytes>
 80008e8:	697a      	ldr	r2, [r7, #20]
 80008ea:	69fb      	ldr	r3, [r7, #28]
 80008ec:	4413      	add	r3, r2
 80008ee:	617b      	str	r3, [r7, #20]
 80008f0:	693a      	ldr	r2, [r7, #16]
 80008f2:	69fb      	ldr	r3, [r7, #28]
 80008f4:	1ad3      	subs	r3, r2, r3
 80008f6:	613b      	str	r3, [r7, #16]
 80008f8:	68ba      	ldr	r2, [r7, #8]
 80008fa:	69fb      	ldr	r3, [r7, #28]
 80008fc:	1ad2      	subs	r2, r2, r3
 80008fe:	68fb      	ldr	r3, [r7, #12]
 8000900:	33c8      	adds	r3, #200	; 0xc8
 8000902:	2100      	movs	r1, #0
 8000904:	603a      	str	r2, [r7, #0]
 8000906:	6079      	str	r1, [r7, #4]
 8000908:	e9d7 1200 	ldrd	r1, r2, [r7]
 800090c:	e9c3 1200 	strd	r1, r2, [r3]
 8000910:	693b      	ldr	r3, [r7, #16]
 8000912:	2b00      	cmp	r3, #0
 8000914:	d1d6      	bne.n	80008c4 <keccak_inc_squeeze+0x82>
 8000916:	bf00      	nop
 8000918:	bf00      	nop
 800091a:	3720      	adds	r7, #32
 800091c:	46bd      	mov	sp, r7
 800091e:	e8bd 8fb0 	ldmia.w	sp!, {r4, r5, r7, r8, r9, sl, fp, pc}

08000922 <shake128_inc_init>:
 8000922:	b580      	push	{r7, lr}
 8000924:	b082      	sub	sp, #8
 8000926:	af00      	add	r7, sp, #0
 8000928:	6078      	str	r0, [r7, #4]
 800092a:	687b      	ldr	r3, [r7, #4]
 800092c:	4618      	mov	r0, r3
 800092e:	f7ff feb2 	bl	8000696 <keccak_inc_init>
 8000932:	bf00      	nop
 8000934:	3708      	adds	r7, #8
 8000936:	46bd      	mov	sp, r7
 8000938:	bd80      	pop	{r7, pc}

0800093a <shake128_inc_absorb>:
 800093a:	b580      	push	{r7, lr}
 800093c:	b084      	sub	sp, #16
 800093e:	af00      	add	r7, sp, #0
 8000940:	60f8      	str	r0, [r7, #12]
 8000942:	60b9      	str	r1, [r7, #8]
 8000944:	607a      	str	r2, [r7, #4]
 8000946:	68f8      	ldr	r0, [r7, #12]
 8000948:	687b      	ldr	r3, [r7, #4]
 800094a:	68ba      	ldr	r2, [r7, #8]
 800094c:	21a8      	movs	r1, #168	; 0xa8
 800094e:	f7ff fec8 	bl	80006e2 <keccak_inc_absorb>
 8000952:	bf00      	nop
 8000954:	3710      	adds	r7, #16
 8000956:	46bd      	mov	sp, r7
 8000958:	bd80      	pop	{r7, pc}

0800095a <shake128_inc_finalize>:
 800095a:	b580      	push	{r7, lr}
 800095c:	b082      	sub	sp, #8
 800095e:	af00      	add	r7, sp, #0
 8000960:	6078      	str	r0, [r7, #4]
 8000962:	687b      	ldr	r3, [r7, #4]
 8000964:	221f      	movs	r2, #31
 8000966:	21a8      	movs	r1, #168	; 0xa8
 8000968:	4618      	mov	r0, r3
 800096a:	f7ff ff28 	bl	80007be <keccak_inc_finalize>
 800096e:	bf00      	nop
 8000970:	3708      	adds	r7, #8
 8000972:	46bd      	mov	sp, r7
 8000974:	bd80      	pop	{r7, pc}

08000976 <shake128_inc_squeeze>:
 8000976:	b580      	push	{r7, lr}
 8000978:	b084      	sub	sp, #16
 800097a:	af00      	add	r7, sp, #0
 800097c:	60f8      	str	r0, [r7, #12]
 800097e:	60b9      	str	r1, [r7, #8]
 8000980:	607a      	str	r2, [r7, #4]
 8000982:	687a      	ldr	r2, [r7, #4]
 8000984:	23a8      	movs	r3, #168	; 0xa8
 8000986:	68b9      	ldr	r1, [r7, #8]
 8000988:	68f8      	ldr	r0, [r7, #12]
 800098a:	f7ff ff5a 	bl	8000842 <keccak_inc_squeeze>
 800098e:	bf00      	nop
 8000990:	3710      	adds	r7, #16
 8000992:	46bd      	mov	sp, r7
 8000994:	bd80      	pop	{r7, pc}

08000996 <shake128_inc_ctx_clone>:
 8000996:	b580      	push	{r7, lr}
 8000998:	b082      	sub	sp, #8
 800099a:	af00      	add	r7, sp, #0
 800099c:	6078      	str	r0, [r7, #4]
 800099e:	6039      	str	r1, [r7, #0]
 80009a0:	22d0      	movs	r2, #208	; 0xd0
 80009a2:	6839      	ldr	r1, [r7, #0]
 80009a4:	6878      	ldr	r0, [r7, #4]
 80009a6:	f006 fad3 	bl	8006f50 <memcpy>
 80009aa:	bf00      	nop
 80009ac:	3708      	adds	r7, #8
 80009ae:	46bd      	mov	sp, r7
 80009b0:	bd80      	pop	{r7, pc}

080009b2 <shake128_inc_ctx_release>:
 80009b2:	b480      	push	{r7}
 80009b4:	b083      	sub	sp, #12
 80009b6:	af00      	add	r7, sp, #0
 80009b8:	6078      	str	r0, [r7, #4]
 80009ba:	bf00      	nop
 80009bc:	370c      	adds	r7, #12
 80009be:	46bd      	mov	sp, r7
 80009c0:	f85d 7b04 	ldr.w	r7, [sp], #4
 80009c4:	4770      	bx	lr

080009c6 <shake256_inc_init>:
 80009c6:	b580      	push	{r7, lr}
 80009c8:	b082      	sub	sp, #8
 80009ca:	af00      	add	r7, sp, #0
 80009cc:	6078      	str	r0, [r7, #4]
 80009ce:	687b      	ldr	r3, [r7, #4]
 80009d0:	4618      	mov	r0, r3
 80009d2:	f7ff fe60 	bl	8000696 <keccak_inc_init>
 80009d6:	bf00      	nop
 80009d8:	3708      	adds	r7, #8
 80009da:	46bd      	mov	sp, r7
 80009dc:	bd80      	pop	{r7, pc}

080009de <shake256_inc_absorb>:
 80009de:	b580      	push	{r7, lr}
 80009e0:	b084      	sub	sp, #16
 80009e2:	af00      	add	r7, sp, #0
 80009e4:	60f8      	str	r0, [r7, #12]
 80009e6:	60b9      	str	r1, [r7, #8]
 80009e8:	607a      	str	r2, [r7, #4]
 80009ea:	68f8      	ldr	r0, [r7, #12]
 80009ec:	687b      	ldr	r3, [r7, #4]
 80009ee:	68ba      	ldr	r2, [r7, #8]
 80009f0:	2188      	movs	r1, #136	; 0x88
 80009f2:	f7ff fe76 	bl	80006e2 <keccak_inc_absorb>
 80009f6:	bf00      	nop
 80009f8:	3710      	adds	r7, #16
 80009fa:	46bd      	mov	sp, r7
 80009fc:	bd80      	pop	{r7, pc}

080009fe <shake256_inc_finalize>:
 80009fe:	b580      	push	{r7, lr}
 8000a00:	b082      	sub	sp, #8
 8000a02:	af00      	add	r7, sp, #0
 8000a04:	6078      	str	r0, [r7, #4]
 8000a06:	687b      	ldr	r3, [r7, #4]
 8000a08:	221f      	movs	r2, #31
 8000a0a:	2188      	movs	r1, #136	; 0x88
 8000a0c:	4618      	mov	r0, r3
 8000a0e:	f7ff fed6 	bl	80007be <keccak_inc_finalize>
 8000a12:	bf00      	nop
 8000a14:	3708      	adds	r7, #8
 8000a16:	46bd      	mov	sp, r7
 8000a18:	bd80      	pop	{r7, pc}

08000a1a <shake256_inc_squeeze>:
 8000a1a:	b580      	push	{r7, lr}
 8000a1c:	b084      	sub	sp, #16
 8000a1e:	af00      	add	r7, sp, #0
 8000a20:	60f8      	str	r0, [r7, #12]
 8000a22:	60b9      	str	r1, [r7, #8]
 8000a24:	607a      	str	r2, [r7, #4]
 8000a26:	687a      	ldr	r2, [r7, #4]
 8000a28:	2388      	movs	r3, #136	; 0x88
 8000a2a:	68b9      	ldr	r1, [r7, #8]
 8000a2c:	68f8      	ldr	r0, [r7, #12]
 8000a2e:	f7ff ff08 	bl	8000842 <keccak_inc_squeeze>
 8000a32:	bf00      	nop
 8000a34:	3710      	adds	r7, #16
 8000a36:	46bd      	mov	sp, r7
 8000a38:	bd80      	pop	{r7, pc}

08000a3a <shake256_inc_ctx_clone>:
 8000a3a:	b580      	push	{r7, lr}
 8000a3c:	b082      	sub	sp, #8
 8000a3e:	af00      	add	r7, sp, #0
 8000a40:	6078      	str	r0, [r7, #4]
 8000a42:	6039      	str	r1, [r7, #0]
 8000a44:	22d0      	movs	r2, #208	; 0xd0
 8000a46:	6839      	ldr	r1, [r7, #0]
 8000a48:	6878      	ldr	r0, [r7, #4]
 8000a4a:	f006 fa81 	bl	8006f50 <memcpy>
 8000a4e:	bf00      	nop
 8000a50:	3708      	adds	r7, #8
 8000a52:	46bd      	mov	sp, r7
 8000a54:	bd80      	pop	{r7, pc}

08000a56 <shake256_inc_ctx_release>:
 8000a56:	b480      	push	{r7}
 8000a58:	b083      	sub	sp, #12
 8000a5a:	af00      	add	r7, sp, #0
 8000a5c:	6078      	str	r0, [r7, #4]
 8000a5e:	bf00      	nop
 8000a60:	370c      	adds	r7, #12
 8000a62:	46bd      	mov	sp, r7
 8000a64:	f85d 7b04 	ldr.w	r7, [sp], #4
 8000a68:	4770      	bx	lr

08000a6a <cshake128_simple_absorb>:
 8000a6a:	b580      	push	{r7, lr}
 8000a6c:	b08a      	sub	sp, #40	; 0x28
 8000a6e:	af02      	add	r7, sp, #8
 8000a70:	60f8      	str	r0, [r7, #12]
 8000a72:	607a      	str	r2, [r7, #4]
 8000a74:	603b      	str	r3, [r7, #0]
 8000a76:	460b      	mov	r3, r1
 8000a78:	817b      	strh	r3, [r7, #10]
 8000a7a:	2300      	movs	r3, #0
 8000a7c:	61fb      	str	r3, [r7, #28]
 8000a7e:	e00c      	b.n	8000a9a <cshake128_simple_absorb+0x30>
 8000a80:	68fa      	ldr	r2, [r7, #12]
 8000a82:	69fb      	ldr	r3, [r7, #28]
 8000a84:	00db      	lsls	r3, r3, #3
 8000a86:	18d1      	adds	r1, r2, r3
 8000a88:	f04f 0200 	mov.w	r2, #0
 8000a8c:	f04f 0300 	mov.w	r3, #0
 8000a90:	e9c1 2300 	strd	r2, r3, [r1]
 8000a94:	69fb      	ldr	r3, [r7, #28]
 8000a96:	3301      	adds	r3, #1
 8000a98:	61fb      	str	r3, [r7, #28]
 8000a9a:	69fb      	ldr	r3, [r7, #28]
 8000a9c:	2b18      	cmp	r3, #24
 8000a9e:	d9ef      	bls.n	8000a80 <cshake128_simple_absorb+0x16>
 8000aa0:	2301      	movs	r3, #1
 8000aa2:	753b      	strb	r3, [r7, #20]
 8000aa4:	23a8      	movs	r3, #168	; 0xa8
 8000aa6:	757b      	strb	r3, [r7, #21]
 8000aa8:	2301      	movs	r3, #1
 8000aaa:	75bb      	strb	r3, [r7, #22]
 8000aac:	2300      	movs	r3, #0
 8000aae:	75fb      	strb	r3, [r7, #23]
 8000ab0:	2301      	movs	r3, #1
 8000ab2:	763b      	strb	r3, [r7, #24]
 8000ab4:	2310      	movs	r3, #16
 8000ab6:	767b      	strb	r3, [r7, #25]
 8000ab8:	897b      	ldrh	r3, [r7, #10]
 8000aba:	b2db      	uxtb	r3, r3
 8000abc:	76bb      	strb	r3, [r7, #26]
 8000abe:	897b      	ldrh	r3, [r7, #10]
 8000ac0:	0a1b      	lsrs	r3, r3, #8
 8000ac2:	b29b      	uxth	r3, r3
 8000ac4:	b2db      	uxtb	r3, r3
 8000ac6:	76fb      	strb	r3, [r7, #27]
 8000ac8:	68f8      	ldr	r0, [r7, #12]
 8000aca:	f107 0114 	add.w	r1, r7, #20
 8000ace:	2308      	movs	r3, #8
 8000ad0:	2200      	movs	r2, #0
 8000ad2:	f000 fc95 	bl	8001400 <KeccakF1600_StateXORBytes>
 8000ad6:	68fb      	ldr	r3, [r7, #12]
 8000ad8:	4618      	mov	r0, r3
 8000ada:	f001 f811 	bl	8001b00 <KeccakF1600_StatePermute>
 8000ade:	68f8      	ldr	r0, [r7, #12]
 8000ae0:	2304      	movs	r3, #4
 8000ae2:	9300      	str	r3, [sp, #0]
 8000ae4:	683b      	ldr	r3, [r7, #0]
 8000ae6:	687a      	ldr	r2, [r7, #4]
 8000ae8:	21a8      	movs	r1, #168	; 0xa8
 8000aea:	f7ff fd67 	bl	80005bc <keccak_absorb>
 8000aee:	bf00      	nop
 8000af0:	3720      	adds	r7, #32
 8000af2:	46bd      	mov	sp, r7
 8000af4:	bd80      	pop	{r7, pc}

08000af6 <cshake128_simple_squeezeblocks>:
 8000af6:	b580      	push	{r7, lr}
 8000af8:	b084      	sub	sp, #16
 8000afa:	af00      	add	r7, sp, #0
 8000afc:	60f8      	str	r0, [r7, #12]
 8000afe:	60b9      	str	r1, [r7, #8]
 8000b00:	607a      	str	r2, [r7, #4]
 8000b02:	687a      	ldr	r2, [r7, #4]
 8000b04:	23a8      	movs	r3, #168	; 0xa8
 8000b06:	68b9      	ldr	r1, [r7, #8]
 8000b08:	68f8      	ldr	r0, [r7, #12]
 8000b0a:	f7ff fda4 	bl	8000656 <keccak_squeezeblocks>
 8000b0e:	bf00      	nop
 8000b10:	3710      	adds	r7, #16
 8000b12:	46bd      	mov	sp, r7
 8000b14:	bd80      	pop	{r7, pc}

08000b16 <cshake128_simple>:
 8000b16:	b580      	push	{r7, lr}
 8000b18:	b0ba      	sub	sp, #232	; 0xe8
 8000b1a:	af00      	add	r7, sp, #0
 8000b1c:	60f8      	str	r0, [r7, #12]
 8000b1e:	60b9      	str	r1, [r7, #8]
 8000b20:	603b      	str	r3, [r7, #0]
 8000b22:	4613      	mov	r3, r2
 8000b24:	80fb      	strh	r3, [r7, #6]
 8000b26:	f107 0318 	add.w	r3, r7, #24
 8000b2a:	4618      	mov	r0, r3
 8000b2c:	f7ff fdb3 	bl	8000696 <keccak_inc_init>
 8000b30:	2301      	movs	r3, #1
 8000b32:	743b      	strb	r3, [r7, #16]
 8000b34:	23a8      	movs	r3, #168	; 0xa8
 8000b36:	747b      	strb	r3, [r7, #17]
 8000b38:	2301      	movs	r3, #1
 8000b3a:	74bb      	strb	r3, [r7, #18]
 8000b3c:	2300      	movs	r3, #0
 8000b3e:	74fb      	strb	r3, [r7, #19]
 8000b40:	2301      	movs	r3, #1
 8000b42:	753b      	strb	r3, [r7, #20]
 8000b44:	2310      	movs	r3, #16
 8000b46:	757b      	strb	r3, [r7, #21]
 8000b48:	88fb      	ldrh	r3, [r7, #6]
 8000b4a:	b2db      	uxtb	r3, r3
 8000b4c:	75bb      	strb	r3, [r7, #22]
 8000b4e:	88fb      	ldrh	r3, [r7, #6]
 8000b50:	0a1b      	lsrs	r3, r3, #8
 8000b52:	b29b      	uxth	r3, r3
 8000b54:	b2db      	uxtb	r3, r3
 8000b56:	75fb      	strb	r3, [r7, #23]
 8000b58:	f107 0110 	add.w	r1, r7, #16
 8000b5c:	f107 0018 	add.w	r0, r7, #24
 8000b60:	2308      	movs	r3, #8
 8000b62:	2200      	movs	r2, #0
 8000b64:	f000 fc4c 	bl	8001400 <KeccakF1600_StateXORBytes>
 8000b68:	f107 0318 	add.w	r3, r7, #24
 8000b6c:	4618      	mov	r0, r3
 8000b6e:	f000 ffc7 	bl	8001b00 <KeccakF1600_StatePermute>
 8000b72:	f107 0018 	add.w	r0, r7, #24
 8000b76:	f8d7 30f0 	ldr.w	r3, [r7, #240]	; 0xf0
 8000b7a:	683a      	ldr	r2, [r7, #0]
 8000b7c:	21a8      	movs	r1, #168	; 0xa8
 8000b7e:	f7ff fdb0 	bl	80006e2 <keccak_inc_absorb>
 8000b82:	f107 0318 	add.w	r3, r7, #24
 8000b86:	2204      	movs	r2, #4
 8000b88:	21a8      	movs	r1, #168	; 0xa8
 8000b8a:	4618      	mov	r0, r3
 8000b8c:	f7ff fe17 	bl	80007be <keccak_inc_finalize>
 8000b90:	f107 0218 	add.w	r2, r7, #24
 8000b94:	23a8      	movs	r3, #168	; 0xa8
 8000b96:	68b9      	ldr	r1, [r7, #8]
 8000b98:	68f8      	ldr	r0, [r7, #12]
 8000b9a:	f7ff fe52 	bl	8000842 <keccak_inc_squeeze>
 8000b9e:	bf00      	nop
 8000ba0:	37e8      	adds	r7, #232	; 0xe8
 8000ba2:	46bd      	mov	sp, r7
 8000ba4:	bd80      	pop	{r7, pc}

08000ba6 <shake128_absorb>:
 8000ba6:	b580      	push	{r7, lr}
 8000ba8:	b088      	sub	sp, #32
 8000baa:	af02      	add	r7, sp, #8
 8000bac:	60f8      	str	r0, [r7, #12]
 8000bae:	60b9      	str	r1, [r7, #8]
 8000bb0:	607a      	str	r2, [r7, #4]
 8000bb2:	2300      	movs	r3, #0
 8000bb4:	617b      	str	r3, [r7, #20]
 8000bb6:	e00c      	b.n	8000bd2 <shake128_absorb+0x2c>
 8000bb8:	68fa      	ldr	r2, [r7, #12]
 8000bba:	697b      	ldr	r3, [r7, #20]
 8000bbc:	00db      	lsls	r3, r3, #3
 8000bbe:	18d1      	adds	r1, r2, r3
 8000bc0:	f04f 0200 	mov.w	r2, #0
 8000bc4:	f04f 0300 	mov.w	r3, #0
 8000bc8:	e9c1 2300 	strd	r2, r3, [r1]
 8000bcc:	697b      	ldr	r3, [r7, #20]
 8000bce:	3301      	adds	r3, #1
 8000bd0:	617b      	str	r3, [r7, #20]
 8000bd2:	697b      	ldr	r3, [r7, #20]
 8000bd4:	2b18      	cmp	r3, #24
 8000bd6:	ddef      	ble.n	8000bb8 <shake128_absorb+0x12>
 8000bd8:	68f8      	ldr	r0, [r7, #12]
 8000bda:	231f      	movs	r3, #31
 8000bdc:	9300      	str	r3, [sp, #0]
 8000bde:	687b      	ldr	r3, [r7, #4]
 8000be0:	68ba      	ldr	r2, [r7, #8]
 8000be2:	21a8      	movs	r1, #168	; 0xa8
 8000be4:	f7ff fcea 	bl	80005bc <keccak_absorb>
 8000be8:	bf00      	nop
 8000bea:	3718      	adds	r7, #24
 8000bec:	46bd      	mov	sp, r7
 8000bee:	bd80      	pop	{r7, pc}

08000bf0 <shake128_squeezeblocks>:
 8000bf0:	b580      	push	{r7, lr}
 8000bf2:	b084      	sub	sp, #16
 8000bf4:	af00      	add	r7, sp, #0
 8000bf6:	60f8      	str	r0, [r7, #12]
 8000bf8:	60b9      	str	r1, [r7, #8]
 8000bfa:	607a      	str	r2, [r7, #4]
 8000bfc:	687a      	ldr	r2, [r7, #4]
 8000bfe:	23a8      	movs	r3, #168	; 0xa8
 8000c00:	68b9      	ldr	r1, [r7, #8]
 8000c02:	68f8      	ldr	r0, [r7, #12]
 8000c04:	f7ff fd27 	bl	8000656 <keccak_squeezeblocks>
 8000c08:	bf00      	nop
 8000c0a:	3710      	adds	r7, #16
 8000c0c:	46bd      	mov	sp, r7
 8000c0e:	bd80      	pop	{r7, pc}

08000c10 <shake128>:
 8000c10:	b580      	push	{r7, lr}
 8000c12:	b0b8      	sub	sp, #224	; 0xe0
 8000c14:	af00      	add	r7, sp, #0
 8000c16:	60f8      	str	r0, [r7, #12]
 8000c18:	60b9      	str	r1, [r7, #8]
 8000c1a:	607a      	str	r2, [r7, #4]
 8000c1c:	603b      	str	r3, [r7, #0]
 8000c1e:	f107 0310 	add.w	r3, r7, #16
 8000c22:	4618      	mov	r0, r3
 8000c24:	f7ff fd37 	bl	8000696 <keccak_inc_init>
 8000c28:	f107 0010 	add.w	r0, r7, #16
 8000c2c:	683b      	ldr	r3, [r7, #0]
 8000c2e:	687a      	ldr	r2, [r7, #4]
 8000c30:	21a8      	movs	r1, #168	; 0xa8
 8000c32:	f7ff fd56 	bl	80006e2 <keccak_inc_absorb>
 8000c36:	f107 0310 	add.w	r3, r7, #16
 8000c3a:	221f      	movs	r2, #31
 8000c3c:	21a8      	movs	r1, #168	; 0xa8
 8000c3e:	4618      	mov	r0, r3
 8000c40:	f7ff fdbd 	bl	80007be <keccak_inc_finalize>
 8000c44:	f107 0210 	add.w	r2, r7, #16
 8000c48:	23a8      	movs	r3, #168	; 0xa8
 8000c4a:	68b9      	ldr	r1, [r7, #8]
 8000c4c:	68f8      	ldr	r0, [r7, #12]
 8000c4e:	f7ff fdf8 	bl	8000842 <keccak_inc_squeeze>
 8000c52:	bf00      	nop
 8000c54:	37e0      	adds	r7, #224	; 0xe0
 8000c56:	46bd      	mov	sp, r7
 8000c58:	bd80      	pop	{r7, pc}

08000c5a <shake128_ctx_release>:
 8000c5a:	b480      	push	{r7}
 8000c5c:	b083      	sub	sp, #12
 8000c5e:	af00      	add	r7, sp, #0
 8000c60:	6078      	str	r0, [r7, #4]
 8000c62:	bf00      	nop
 8000c64:	370c      	adds	r7, #12
 8000c66:	46bd      	mov	sp, r7
 8000c68:	f85d 7b04 	ldr.w	r7, [sp], #4
 8000c6c:	4770      	bx	lr

08000c6e <shake128_ctx_clone>:
 8000c6e:	b580      	push	{r7, lr}
 8000c70:	b082      	sub	sp, #8
 8000c72:	af00      	add	r7, sp, #0
 8000c74:	6078      	str	r0, [r7, #4]
 8000c76:	6039      	str	r1, [r7, #0]
 8000c78:	22c8      	movs	r2, #200	; 0xc8
 8000c7a:	6839      	ldr	r1, [r7, #0]
 8000c7c:	6878      	ldr	r0, [r7, #4]
 8000c7e:	f006 f967 	bl	8006f50 <memcpy>
 8000c82:	bf00      	nop
 8000c84:	3708      	adds	r7, #8
 8000c86:	46bd      	mov	sp, r7
 8000c88:	bd80      	pop	{r7, pc}

08000c8a <shake256_absorb>:
 8000c8a:	b580      	push	{r7, lr}
 8000c8c:	b088      	sub	sp, #32
 8000c8e:	af02      	add	r7, sp, #8
 8000c90:	60f8      	str	r0, [r7, #12]
 8000c92:	60b9      	str	r1, [r7, #8]
 8000c94:	607a      	str	r2, [r7, #4]
 8000c96:	2300      	movs	r3, #0
 8000c98:	617b      	str	r3, [r7, #20]
 8000c9a:	e00c      	b.n	8000cb6 <shake256_absorb+0x2c>
 8000c9c:	68fa      	ldr	r2, [r7, #12]
 8000c9e:	697b      	ldr	r3, [r7, #20]
 8000ca0:	00db      	lsls	r3, r3, #3
 8000ca2:	18d1      	adds	r1, r2, r3
 8000ca4:	f04f 0200 	mov.w	r2, #0
 8000ca8:	f04f 0300 	mov.w	r3, #0
 8000cac:	e9c1 2300 	strd	r2, r3, [r1]
 8000cb0:	697b      	ldr	r3, [r7, #20]
 8000cb2:	3301      	adds	r3, #1
 8000cb4:	617b      	str	r3, [r7, #20]
 8000cb6:	697b      	ldr	r3, [r7, #20]
 8000cb8:	2b18      	cmp	r3, #24
 8000cba:	ddef      	ble.n	8000c9c <shake256_absorb+0x12>
 8000cbc:	68f8      	ldr	r0, [r7, #12]
 8000cbe:	231f      	movs	r3, #31
 8000cc0:	9300      	str	r3, [sp, #0]
 8000cc2:	687b      	ldr	r3, [r7, #4]
 8000cc4:	68ba      	ldr	r2, [r7, #8]
 8000cc6:	2188      	movs	r1, #136	; 0x88
 8000cc8:	f7ff fc78 	bl	80005bc <keccak_absorb>
 8000ccc:	bf00      	nop
 8000cce:	3718      	adds	r7, #24
 8000cd0:	46bd      	mov	sp, r7
 8000cd2:	bd80      	pop	{r7, pc}

08000cd4 <shake256_squeezeblocks>:
 8000cd4:	b580      	push	{r7, lr}
 8000cd6:	b084      	sub	sp, #16
 8000cd8:	af00      	add	r7, sp, #0
 8000cda:	60f8      	str	r0, [r7, #12]
 8000cdc:	60b9      	str	r1, [r7, #8]
 8000cde:	607a      	str	r2, [r7, #4]
 8000ce0:	687a      	ldr	r2, [r7, #4]
 8000ce2:	2388      	movs	r3, #136	; 0x88
 8000ce4:	68b9      	ldr	r1, [r7, #8]
 8000ce6:	68f8      	ldr	r0, [r7, #12]
 8000ce8:	f7ff fcb5 	bl	8000656 <keccak_squeezeblocks>
 8000cec:	bf00      	nop
 8000cee:	3710      	adds	r7, #16
 8000cf0:	46bd      	mov	sp, r7
 8000cf2:	bd80      	pop	{r7, pc}

08000cf4 <shake256>:
 8000cf4:	b580      	push	{r7, lr}
 8000cf6:	b0b8      	sub	sp, #224	; 0xe0
 8000cf8:	af00      	add	r7, sp, #0
 8000cfa:	60f8      	str	r0, [r7, #12]
 8000cfc:	60b9      	str	r1, [r7, #8]
 8000cfe:	607a      	str	r2, [r7, #4]
 8000d00:	603b      	str	r3, [r7, #0]
 8000d02:	f107 0310 	add.w	r3, r7, #16
 8000d06:	4618      	mov	r0, r3
 8000d08:	f7ff fcc5 	bl	8000696 <keccak_inc_init>
 8000d0c:	f107 0010 	add.w	r0, r7, #16
 8000d10:	683b      	ldr	r3, [r7, #0]
 8000d12:	687a      	ldr	r2, [r7, #4]
 8000d14:	2188      	movs	r1, #136	; 0x88
 8000d16:	f7ff fce4 	bl	80006e2 <keccak_inc_absorb>
 8000d1a:	f107 0310 	add.w	r3, r7, #16
 8000d1e:	221f      	movs	r2, #31
 8000d20:	2188      	movs	r1, #136	; 0x88
 8000d22:	4618      	mov	r0, r3
 8000d24:	f7ff fd4b 	bl	80007be <keccak_inc_finalize>
 8000d28:	f107 0210 	add.w	r2, r7, #16
 8000d2c:	2388      	movs	r3, #136	; 0x88
 8000d2e:	68b9      	ldr	r1, [r7, #8]
 8000d30:	68f8      	ldr	r0, [r7, #12]
 8000d32:	f7ff fd86 	bl	8000842 <keccak_inc_squeeze>
 8000d36:	bf00      	nop
 8000d38:	37e0      	adds	r7, #224	; 0xe0
 8000d3a:	46bd      	mov	sp, r7
 8000d3c:	bd80      	pop	{r7, pc}

08000d3e <shake256_ctx_release>:
 8000d3e:	b480      	push	{r7}
 8000d40:	b083      	sub	sp, #12
 8000d42:	af00      	add	r7, sp, #0
 8000d44:	6078      	str	r0, [r7, #4]
 8000d46:	bf00      	nop
 8000d48:	370c      	adds	r7, #12
 8000d4a:	46bd      	mov	sp, r7
 8000d4c:	f85d 7b04 	ldr.w	r7, [sp], #4
 8000d50:	4770      	bx	lr

08000d52 <shake256_ctx_clone>:
 8000d52:	b580      	push	{r7, lr}
 8000d54:	b082      	sub	sp, #8
 8000d56:	af00      	add	r7, sp, #0
 8000d58:	6078      	str	r0, [r7, #4]
 8000d5a:	6039      	str	r1, [r7, #0]
 8000d5c:	22c8      	movs	r2, #200	; 0xc8
 8000d5e:	6839      	ldr	r1, [r7, #0]
 8000d60:	6878      	ldr	r0, [r7, #4]
 8000d62:	f006 f8f5 	bl	8006f50 <memcpy>
 8000d66:	bf00      	nop
 8000d68:	3708      	adds	r7, #8
 8000d6a:	46bd      	mov	sp, r7
 8000d6c:	bd80      	pop	{r7, pc}

08000d6e <sha3_256>:
 8000d6e:	b580      	push	{r7, lr}
 8000d70:	b0b8      	sub	sp, #224	; 0xe0
 8000d72:	af00      	add	r7, sp, #0
 8000d74:	60f8      	str	r0, [r7, #12]
 8000d76:	60b9      	str	r1, [r7, #8]
 8000d78:	607a      	str	r2, [r7, #4]
 8000d7a:	f107 0310 	add.w	r3, r7, #16
 8000d7e:	4618      	mov	r0, r3
 8000d80:	f7ff fc89 	bl	8000696 <keccak_inc_init>
 8000d84:	f107 0010 	add.w	r0, r7, #16
 8000d88:	687b      	ldr	r3, [r7, #4]
 8000d8a:	68ba      	ldr	r2, [r7, #8]
 8000d8c:	2188      	movs	r1, #136	; 0x88
 8000d8e:	f7ff fca8 	bl	80006e2 <keccak_inc_absorb>
 8000d92:	f107 0310 	add.w	r3, r7, #16
 8000d96:	2206      	movs	r2, #6
 8000d98:	2188      	movs	r1, #136	; 0x88
 8000d9a:	4618      	mov	r0, r3
 8000d9c:	f7ff fd0f 	bl	80007be <keccak_inc_finalize>
 8000da0:	f107 0210 	add.w	r2, r7, #16
 8000da4:	2388      	movs	r3, #136	; 0x88
 8000da6:	2120      	movs	r1, #32
 8000da8:	68f8      	ldr	r0, [r7, #12]
 8000daa:	f7ff fd4a 	bl	8000842 <keccak_inc_squeeze>
 8000dae:	bf00      	nop
 8000db0:	37e0      	adds	r7, #224	; 0xe0
 8000db2:	46bd      	mov	sp, r7
 8000db4:	bd80      	pop	{r7, pc}

08000db6 <sha3_256_inc_init>:
 8000db6:	b580      	push	{r7, lr}
 8000db8:	b082      	sub	sp, #8
 8000dba:	af00      	add	r7, sp, #0
 8000dbc:	6078      	str	r0, [r7, #4]
 8000dbe:	687b      	ldr	r3, [r7, #4]
 8000dc0:	4618      	mov	r0, r3
 8000dc2:	f7ff fc68 	bl	8000696 <keccak_inc_init>
 8000dc6:	bf00      	nop
 8000dc8:	3708      	adds	r7, #8
 8000dca:	46bd      	mov	sp, r7
 8000dcc:	bd80      	pop	{r7, pc}

08000dce <sha3_256_inc_absorb>:
 8000dce:	b580      	push	{r7, lr}
 8000dd0:	b084      	sub	sp, #16
 8000dd2:	af00      	add	r7, sp, #0
 8000dd4:	60f8      	str	r0, [r7, #12]
 8000dd6:	60b9      	str	r1, [r7, #8]
 8000dd8:	607a      	str	r2, [r7, #4]
 8000dda:	68f8      	ldr	r0, [r7, #12]
 8000ddc:	687b      	ldr	r3, [r7, #4]
 8000dde:	68ba      	ldr	r2, [r7, #8]
 8000de0:	2188      	movs	r1, #136	; 0x88
 8000de2:	f7ff fc7e 	bl	80006e2 <keccak_inc_absorb>
 8000de6:	bf00      	nop
 8000de8:	3710      	adds	r7, #16
 8000dea:	46bd      	mov	sp, r7
 8000dec:	bd80      	pop	{r7, pc}

08000dee <sha3_256_inc_finalize>:
 8000dee:	b580      	push	{r7, lr}
 8000df0:	b0a6      	sub	sp, #152	; 0x98
 8000df2:	af00      	add	r7, sp, #0
 8000df4:	6078      	str	r0, [r7, #4]
 8000df6:	6039      	str	r1, [r7, #0]
 8000df8:	683b      	ldr	r3, [r7, #0]
 8000dfa:	2206      	movs	r2, #6
 8000dfc:	2188      	movs	r1, #136	; 0x88
 8000dfe:	4618      	mov	r0, r3
 8000e00:	f7ff fcdd 	bl	80007be <keccak_inc_finalize>
 8000e04:	683a      	ldr	r2, [r7, #0]
 8000e06:	f107 000c 	add.w	r0, r7, #12
 8000e0a:	2388      	movs	r3, #136	; 0x88
 8000e0c:	2101      	movs	r1, #1
 8000e0e:	f7ff fc22 	bl	8000656 <keccak_squeezeblocks>
 8000e12:	2300      	movs	r3, #0
 8000e14:	f8c7 3094 	str.w	r3, [r7, #148]	; 0x94
 8000e18:	e00f      	b.n	8000e3a <sha3_256_inc_finalize+0x4c>
 8000e1a:	687a      	ldr	r2, [r7, #4]
 8000e1c:	f8d7 3094 	ldr.w	r3, [r7, #148]	; 0x94
 8000e20:	4413      	add	r3, r2
 8000e22:	f107 010c 	add.w	r1, r7, #12
 8000e26:	f8d7 2094 	ldr.w	r2, [r7, #148]	; 0x94
 8000e2a:	440a      	add	r2, r1
 8000e2c:	7812      	ldrb	r2, [r2, #0]
 8000e2e:	701a      	strb	r2, [r3, #0]
 8000e30:	f8d7 3094 	ldr.w	r3, [r7, #148]	; 0x94
 8000e34:	3301      	adds	r3, #1
 8000e36:	f8c7 3094 	str.w	r3, [r7, #148]	; 0x94
 8000e3a:	f8d7 3094 	ldr.w	r3, [r7, #148]	; 0x94
 8000e3e:	2b1f      	cmp	r3, #31
 8000e40:	d9eb      	bls.n	8000e1a <sha3_256_inc_finalize+0x2c>
 8000e42:	bf00      	nop
 8000e44:	bf00      	nop
 8000e46:	3798      	adds	r7, #152	; 0x98
 8000e48:	46bd      	mov	sp, r7
 8000e4a:	bd80      	pop	{r7, pc}

08000e4c <sha3_256_inc_ctx_clone>:
 8000e4c:	b580      	push	{r7, lr}
 8000e4e:	b082      	sub	sp, #8
 8000e50:	af00      	add	r7, sp, #0
 8000e52:	6078      	str	r0, [r7, #4]
 8000e54:	6039      	str	r1, [r7, #0]
 8000e56:	22d0      	movs	r2, #208	; 0xd0
 8000e58:	6839      	ldr	r1, [r7, #0]
 8000e5a:	6878      	ldr	r0, [r7, #4]
 8000e5c:	f006 f878 	bl	8006f50 <memcpy>
 8000e60:	bf00      	nop
 8000e62:	3708      	adds	r7, #8
 8000e64:	46bd      	mov	sp, r7
 8000e66:	bd80      	pop	{r7, pc}

08000e68 <sha3_256_inc_ctx_release>:
 8000e68:	b480      	push	{r7}
 8000e6a:	b083      	sub	sp, #12
 8000e6c:	af00      	add	r7, sp, #0
 8000e6e:	6078      	str	r0, [r7, #4]
 8000e70:	bf00      	nop
 8000e72:	370c      	adds	r7, #12
 8000e74:	46bd      	mov	sp, r7
 8000e76:	f85d 7b04 	ldr.w	r7, [sp], #4
 8000e7a:	4770      	bx	lr

08000e7c <sha3_384_inc_init>:
 8000e7c:	b580      	push	{r7, lr}
 8000e7e:	b082      	sub	sp, #8
 8000e80:	af00      	add	r7, sp, #0
 8000e82:	6078      	str	r0, [r7, #4]
 8000e84:	687b      	ldr	r3, [r7, #4]
 8000e86:	4618      	mov	r0, r3
 8000e88:	f7ff fc05 	bl	8000696 <keccak_inc_init>
 8000e8c:	bf00      	nop
 8000e8e:	3708      	adds	r7, #8
 8000e90:	46bd      	mov	sp, r7
 8000e92:	bd80      	pop	{r7, pc}

08000e94 <sha3_384_inc_absorb>:
 8000e94:	b580      	push	{r7, lr}
 8000e96:	b084      	sub	sp, #16
 8000e98:	af00      	add	r7, sp, #0
 8000e9a:	60f8      	str	r0, [r7, #12]
 8000e9c:	60b9      	str	r1, [r7, #8]
 8000e9e:	607a      	str	r2, [r7, #4]
 8000ea0:	68f8      	ldr	r0, [r7, #12]
 8000ea2:	687b      	ldr	r3, [r7, #4]
 8000ea4:	68ba      	ldr	r2, [r7, #8]
 8000ea6:	2168      	movs	r1, #104	; 0x68
 8000ea8:	f7ff fc1b 	bl	80006e2 <keccak_inc_absorb>
 8000eac:	bf00      	nop
 8000eae:	3710      	adds	r7, #16
 8000eb0:	46bd      	mov	sp, r7
 8000eb2:	bd80      	pop	{r7, pc}

08000eb4 <sha3_384_inc_finalize>:
 8000eb4:	b580      	push	{r7, lr}
 8000eb6:	b09e      	sub	sp, #120	; 0x78
 8000eb8:	af00      	add	r7, sp, #0
 8000eba:	6078      	str	r0, [r7, #4]
 8000ebc:	6039      	str	r1, [r7, #0]
 8000ebe:	683b      	ldr	r3, [r7, #0]
 8000ec0:	2206      	movs	r2, #6
 8000ec2:	2168      	movs	r1, #104	; 0x68
 8000ec4:	4618      	mov	r0, r3
 8000ec6:	f7ff fc7a 	bl	80007be <keccak_inc_finalize>
 8000eca:	683a      	ldr	r2, [r7, #0]
 8000ecc:	f107 000c 	add.w	r0, r7, #12
 8000ed0:	2368      	movs	r3, #104	; 0x68
 8000ed2:	2101      	movs	r1, #1
 8000ed4:	f7ff fbbf 	bl	8000656 <keccak_squeezeblocks>
 8000ed8:	2300      	movs	r3, #0
 8000eda:	677b      	str	r3, [r7, #116]	; 0x74
 8000edc:	e00b      	b.n	8000ef6 <sha3_384_inc_finalize+0x42>
 8000ede:	687a      	ldr	r2, [r7, #4]
 8000ee0:	6f7b      	ldr	r3, [r7, #116]	; 0x74
 8000ee2:	4413      	add	r3, r2
 8000ee4:	f107 010c 	add.w	r1, r7, #12
 8000ee8:	6f7a      	ldr	r2, [r7, #116]	; 0x74
 8000eea:	440a      	add	r2, r1
 8000eec:	7812      	ldrb	r2, [r2, #0]
 8000eee:	701a      	strb	r2, [r3, #0]
 8000ef0:	6f7b      	ldr	r3, [r7, #116]	; 0x74
 8000ef2:	3301      	adds	r3, #1
 8000ef4:	677b      	str	r3, [r7, #116]	; 0x74
 8000ef6:	6f7b      	ldr	r3, [r7, #116]	; 0x74
 8000ef8:	2b2f      	cmp	r3, #47	; 0x2f
 8000efa:	d9f0      	bls.n	8000ede <sha3_384_inc_finalize+0x2a>
 8000efc:	bf00      	nop
 8000efe:	bf00      	nop
 8000f00:	3778      	adds	r7, #120	; 0x78
 8000f02:	46bd      	mov	sp, r7
 8000f04:	bd80      	pop	{r7, pc}

08000f06 <sha3_384_inc_ctx_clone>:
 8000f06:	b580      	push	{r7, lr}
 8000f08:	b082      	sub	sp, #8
 8000f0a:	af00      	add	r7, sp, #0
 8000f0c:	6078      	str	r0, [r7, #4]
 8000f0e:	6039      	str	r1, [r7, #0]
 8000f10:	22d0      	movs	r2, #208	; 0xd0
 8000f12:	6839      	ldr	r1, [r7, #0]
 8000f14:	6878      	ldr	r0, [r7, #4]
 8000f16:	f006 f81b 	bl	8006f50 <memcpy>
 8000f1a:	bf00      	nop
 8000f1c:	3708      	adds	r7, #8
 8000f1e:	46bd      	mov	sp, r7
 8000f20:	bd80      	pop	{r7, pc}

08000f22 <sha3_384_inc_ctx_release>:
 8000f22:	b480      	push	{r7}
 8000f24:	b083      	sub	sp, #12
 8000f26:	af00      	add	r7, sp, #0
 8000f28:	6078      	str	r0, [r7, #4]
 8000f2a:	bf00      	nop
 8000f2c:	370c      	adds	r7, #12
 8000f2e:	46bd      	mov	sp, r7
 8000f30:	f85d 7b04 	ldr.w	r7, [sp], #4
 8000f34:	4770      	bx	lr

08000f36 <sha3_384>:
 8000f36:	b580      	push	{r7, lr}
 8000f38:	b0b8      	sub	sp, #224	; 0xe0
 8000f3a:	af00      	add	r7, sp, #0
 8000f3c:	60f8      	str	r0, [r7, #12]
 8000f3e:	60b9      	str	r1, [r7, #8]
 8000f40:	607a      	str	r2, [r7, #4]
 8000f42:	f107 0310 	add.w	r3, r7, #16
 8000f46:	4618      	mov	r0, r3
 8000f48:	f7ff fba5 	bl	8000696 <keccak_inc_init>
 8000f4c:	f107 0010 	add.w	r0, r7, #16
 8000f50:	687b      	ldr	r3, [r7, #4]
 8000f52:	68ba      	ldr	r2, [r7, #8]
 8000f54:	2168      	movs	r1, #104	; 0x68
 8000f56:	f7ff fbc4 	bl	80006e2 <keccak_inc_absorb>
 8000f5a:	f107 0310 	add.w	r3, r7, #16
 8000f5e:	2206      	movs	r2, #6
 8000f60:	2168      	movs	r1, #104	; 0x68
 8000f62:	4618      	mov	r0, r3
 8000f64:	f7ff fc2b 	bl	80007be <keccak_inc_finalize>
 8000f68:	f107 0210 	add.w	r2, r7, #16
 8000f6c:	2368      	movs	r3, #104	; 0x68
 8000f6e:	2130      	movs	r1, #48	; 0x30
 8000f70:	68f8      	ldr	r0, [r7, #12]
 8000f72:	f7ff fc66 	bl	8000842 <keccak_inc_squeeze>
 8000f76:	bf00      	nop
 8000f78:	37e0      	adds	r7, #224	; 0xe0
 8000f7a:	46bd      	mov	sp, r7
 8000f7c:	bd80      	pop	{r7, pc}

08000f7e <sha3_512>:
 8000f7e:	b580      	push	{r7, lr}
 8000f80:	b0b8      	sub	sp, #224	; 0xe0
 8000f82:	af00      	add	r7, sp, #0
 8000f84:	60f8      	str	r0, [r7, #12]
 8000f86:	60b9      	str	r1, [r7, #8]
 8000f88:	607a      	str	r2, [r7, #4]
 8000f8a:	f107 0310 	add.w	r3, r7, #16
 8000f8e:	4618      	mov	r0, r3
 8000f90:	f7ff fb81 	bl	8000696 <keccak_inc_init>
 8000f94:	f107 0010 	add.w	r0, r7, #16
 8000f98:	687b      	ldr	r3, [r7, #4]
 8000f9a:	68ba      	ldr	r2, [r7, #8]
 8000f9c:	2148      	movs	r1, #72	; 0x48
 8000f9e:	f7ff fba0 	bl	80006e2 <keccak_inc_absorb>
 8000fa2:	f107 0310 	add.w	r3, r7, #16
 8000fa6:	2206      	movs	r2, #6
 8000fa8:	2148      	movs	r1, #72	; 0x48
 8000faa:	4618      	mov	r0, r3
 8000fac:	f7ff fc07 	bl	80007be <keccak_inc_finalize>
 8000fb0:	f107 0210 	add.w	r2, r7, #16
 8000fb4:	2348      	movs	r3, #72	; 0x48
 8000fb6:	2140      	movs	r1, #64	; 0x40
 8000fb8:	68f8      	ldr	r0, [r7, #12]
 8000fba:	f7ff fc42 	bl	8000842 <keccak_inc_squeeze>
 8000fbe:	bf00      	nop
 8000fc0:	37e0      	adds	r7, #224	; 0xe0
 8000fc2:	46bd      	mov	sp, r7
 8000fc4:	bd80      	pop	{r7, pc}

08000fc6 <sha3_512_inc_init>:
 8000fc6:	b580      	push	{r7, lr}
 8000fc8:	b082      	sub	sp, #8
 8000fca:	af00      	add	r7, sp, #0
 8000fcc:	6078      	str	r0, [r7, #4]
 8000fce:	687b      	ldr	r3, [r7, #4]
 8000fd0:	4618      	mov	r0, r3
 8000fd2:	f7ff fb60 	bl	8000696 <keccak_inc_init>
 8000fd6:	bf00      	nop
 8000fd8:	3708      	adds	r7, #8
 8000fda:	46bd      	mov	sp, r7
 8000fdc:	bd80      	pop	{r7, pc}

08000fde <sha3_512_inc_absorb>:
 8000fde:	b580      	push	{r7, lr}
 8000fe0:	b084      	sub	sp, #16
 8000fe2:	af00      	add	r7, sp, #0
 8000fe4:	60f8      	str	r0, [r7, #12]
 8000fe6:	60b9      	str	r1, [r7, #8]
 8000fe8:	607a      	str	r2, [r7, #4]
 8000fea:	68f8      	ldr	r0, [r7, #12]
 8000fec:	687b      	ldr	r3, [r7, #4]
 8000fee:	68ba      	ldr	r2, [r7, #8]
 8000ff0:	2148      	movs	r1, #72	; 0x48
 8000ff2:	f7ff fb76 	bl	80006e2 <keccak_inc_absorb>
 8000ff6:	bf00      	nop
 8000ff8:	3710      	adds	r7, #16
 8000ffa:	46bd      	mov	sp, r7
 8000ffc:	bd80      	pop	{r7, pc}

08000ffe <sha3_512_inc_finalize>:
 8000ffe:	b580      	push	{r7, lr}
 8001000:	b096      	sub	sp, #88	; 0x58
 8001002:	af00      	add	r7, sp, #0
 8001004:	6078      	str	r0, [r7, #4]
 8001006:	6039      	str	r1, [r7, #0]
 8001008:	683b      	ldr	r3, [r7, #0]
 800100a:	2206      	movs	r2, #6
 800100c:	2148      	movs	r1, #72	; 0x48
 800100e:	4618      	mov	r0, r3
 8001010:	f7ff fbd5 	bl	80007be <keccak_inc_finalize>
 8001014:	683a      	ldr	r2, [r7, #0]
 8001016:	f107 000c 	add.w	r0, r7, #12
 800101a:	2348      	movs	r3, #72	; 0x48
 800101c:	2101      	movs	r1, #1
 800101e:	f7ff fb1a 	bl	8000656 <keccak_squeezeblocks>
 8001022:	2300      	movs	r3, #0
 8001024:	657b      	str	r3, [r7, #84]	; 0x54
 8001026:	e00b      	b.n	8001040 <sha3_512_inc_finalize+0x42>
 8001028:	687a      	ldr	r2, [r7, #4]
 800102a:	6d7b      	ldr	r3, [r7, #84]	; 0x54
 800102c:	4413      	add	r3, r2
 800102e:	f107 010c 	add.w	r1, r7, #12
 8001032:	6d7a      	ldr	r2, [r7, #84]	; 0x54
 8001034:	440a      	add	r2, r1
 8001036:	7812      	ldrb	r2, [r2, #0]
 8001038:	701a      	strb	r2, [r3, #0]
 800103a:	6d7b      	ldr	r3, [r7, #84]	; 0x54
 800103c:	3301      	adds	r3, #1
 800103e:	657b      	str	r3, [r7, #84]	; 0x54
 8001040:	6d7b      	ldr	r3, [r7, #84]	; 0x54
 8001042:	2b3f      	cmp	r3, #63	; 0x3f
 8001044:	d9f0      	bls.n	8001028 <sha3_512_inc_finalize+0x2a>
 8001046:	bf00      	nop
 8001048:	bf00      	nop
 800104a:	3758      	adds	r7, #88	; 0x58
 800104c:	46bd      	mov	sp, r7
 800104e:	bd80      	pop	{r7, pc}

08001050 <sha3_512_inc_ctx_clone>:
 8001050:	b580      	push	{r7, lr}
 8001052:	b082      	sub	sp, #8
 8001054:	af00      	add	r7, sp, #0
 8001056:	6078      	str	r0, [r7, #4]
 8001058:	6039      	str	r1, [r7, #0]
 800105a:	22d0      	movs	r2, #208	; 0xd0
 800105c:	6839      	ldr	r1, [r7, #0]
 800105e:	6878      	ldr	r0, [r7, #4]
 8001060:	f005 ff76 	bl	8006f50 <memcpy>
 8001064:	bf00      	nop
 8001066:	3708      	adds	r7, #8
 8001068:	46bd      	mov	sp, r7
 800106a:	bd80      	pop	{r7, pc}

0800106c <sha3_512_inc_ctx_release>:
 800106c:	b480      	push	{r7}
 800106e:	b083      	sub	sp, #12
 8001070:	af00      	add	r7, sp, #0
 8001072:	6078      	str	r0, [r7, #4]
 8001074:	bf00      	nop
 8001076:	370c      	adds	r7, #12
 8001078:	46bd      	mov	sp, r7
 800107a:	f85d 7b04 	ldr.w	r7, [sp], #4
 800107e:	4770      	bx	lr

08001080 <cshake256_simple_absorb>:
 8001080:	b580      	push	{r7, lr}
 8001082:	b08a      	sub	sp, #40	; 0x28
 8001084:	af02      	add	r7, sp, #8
 8001086:	60f8      	str	r0, [r7, #12]
 8001088:	607a      	str	r2, [r7, #4]
 800108a:	603b      	str	r3, [r7, #0]
 800108c:	460b      	mov	r3, r1
 800108e:	817b      	strh	r3, [r7, #10]
 8001090:	2300      	movs	r3, #0
 8001092:	61fb      	str	r3, [r7, #28]
 8001094:	e00c      	b.n	80010b0 <cshake256_simple_absorb+0x30>
 8001096:	68fa      	ldr	r2, [r7, #12]
 8001098:	69fb      	ldr	r3, [r7, #28]
 800109a:	00db      	lsls	r3, r3, #3
 800109c:	18d1      	adds	r1, r2, r3
 800109e:	f04f 0200 	mov.w	r2, #0
 80010a2:	f04f 0300 	mov.w	r3, #0
 80010a6:	e9c1 2300 	strd	r2, r3, [r1]
 80010aa:	69fb      	ldr	r3, [r7, #28]
 80010ac:	3301      	adds	r3, #1
 80010ae:	61fb      	str	r3, [r7, #28]
 80010b0:	69fb      	ldr	r3, [r7, #28]
 80010b2:	2b18      	cmp	r3, #24
 80010b4:	d9ef      	bls.n	8001096 <cshake256_simple_absorb+0x16>
 80010b6:	2301      	movs	r3, #1
 80010b8:	753b      	strb	r3, [r7, #20]
 80010ba:	2388      	movs	r3, #136	; 0x88
 80010bc:	757b      	strb	r3, [r7, #21]
 80010be:	2301      	movs	r3, #1
 80010c0:	75bb      	strb	r3, [r7, #22]
 80010c2:	2300      	movs	r3, #0
 80010c4:	75fb      	strb	r3, [r7, #23]
 80010c6:	2301      	movs	r3, #1
 80010c8:	763b      	strb	r3, [r7, #24]
 80010ca:	2310      	movs	r3, #16
 80010cc:	767b      	strb	r3, [r7, #25]
 80010ce:	897b      	ldrh	r3, [r7, #10]
 80010d0:	b2db      	uxtb	r3, r3
 80010d2:	76bb      	strb	r3, [r7, #26]
 80010d4:	897b      	ldrh	r3, [r7, #10]
 80010d6:	0a1b      	lsrs	r3, r3, #8
 80010d8:	b29b      	uxth	r3, r3
 80010da:	b2db      	uxtb	r3, r3
 80010dc:	76fb      	strb	r3, [r7, #27]
 80010de:	68f8      	ldr	r0, [r7, #12]
 80010e0:	f107 0114 	add.w	r1, r7, #20
 80010e4:	2308      	movs	r3, #8
 80010e6:	2200      	movs	r2, #0
 80010e8:	f000 f98a 	bl	8001400 <KeccakF1600_StateXORBytes>
 80010ec:	68fb      	ldr	r3, [r7, #12]
 80010ee:	4618      	mov	r0, r3
 80010f0:	f000 fd06 	bl	8001b00 <KeccakF1600_StatePermute>
 80010f4:	68f8      	ldr	r0, [r7, #12]
 80010f6:	2304      	movs	r3, #4
 80010f8:	9300      	str	r3, [sp, #0]
 80010fa:	683b      	ldr	r3, [r7, #0]
 80010fc:	687a      	ldr	r2, [r7, #4]
 80010fe:	2188      	movs	r1, #136	; 0x88
 8001100:	f7ff fa5c 	bl	80005bc <keccak_absorb>
 8001104:	bf00      	nop
 8001106:	3720      	adds	r7, #32
 8001108:	46bd      	mov	sp, r7
 800110a:	bd80      	pop	{r7, pc}

0800110c <cshake256_simple_squeezeblocks>:
 800110c:	b580      	push	{r7, lr}
 800110e:	b084      	sub	sp, #16
 8001110:	af00      	add	r7, sp, #0
 8001112:	60f8      	str	r0, [r7, #12]
 8001114:	60b9      	str	r1, [r7, #8]
 8001116:	607a      	str	r2, [r7, #4]
 8001118:	687a      	ldr	r2, [r7, #4]
 800111a:	2388      	movs	r3, #136	; 0x88
 800111c:	68b9      	ldr	r1, [r7, #8]
 800111e:	68f8      	ldr	r0, [r7, #12]
 8001120:	f7ff fa99 	bl	8000656 <keccak_squeezeblocks>
 8001124:	bf00      	nop
 8001126:	3710      	adds	r7, #16
 8001128:	46bd      	mov	sp, r7
 800112a:	bd80      	pop	{r7, pc}

0800112c <cshake256_simple>:
 800112c:	b580      	push	{r7, lr}
 800112e:	b0ba      	sub	sp, #232	; 0xe8
 8001130:	af00      	add	r7, sp, #0
 8001132:	60f8      	str	r0, [r7, #12]
 8001134:	60b9      	str	r1, [r7, #8]
 8001136:	603b      	str	r3, [r7, #0]
 8001138:	4613      	mov	r3, r2
 800113a:	80fb      	strh	r3, [r7, #6]
 800113c:	f107 0318 	add.w	r3, r7, #24
 8001140:	4618      	mov	r0, r3
 8001142:	f7ff faa8 	bl	8000696 <keccak_inc_init>
 8001146:	2301      	movs	r3, #1
 8001148:	743b      	strb	r3, [r7, #16]
 800114a:	2388      	movs	r3, #136	; 0x88
 800114c:	747b      	strb	r3, [r7, #17]
 800114e:	2301      	movs	r3, #1
 8001150:	74bb      	strb	r3, [r7, #18]
 8001152:	2300      	movs	r3, #0
 8001154:	74fb      	strb	r3, [r7, #19]
 8001156:	2301      	movs	r3, #1
 8001158:	753b      	strb	r3, [r7, #20]
 800115a:	2310      	movs	r3, #16
 800115c:	757b      	strb	r3, [r7, #21]
 800115e:	88fb      	ldrh	r3, [r7, #6]
 8001160:	b2db      	uxtb	r3, r3
 8001162:	75bb      	strb	r3, [r7, #22]
 8001164:	88fb      	ldrh	r3, [r7, #6]
 8001166:	0a1b      	lsrs	r3, r3, #8
 8001168:	b29b      	uxth	r3, r3
 800116a:	b2db      	uxtb	r3, r3
 800116c:	75fb      	strb	r3, [r7, #23]
 800116e:	f107 0110 	add.w	r1, r7, #16
 8001172:	f107 0018 	add.w	r0, r7, #24
 8001176:	2308      	movs	r3, #8
 8001178:	2200      	movs	r2, #0
 800117a:	f000 f941 	bl	8001400 <KeccakF1600_StateXORBytes>
 800117e:	f107 0318 	add.w	r3, r7, #24
 8001182:	4618      	mov	r0, r3
 8001184:	f000 fcbc 	bl	8001b00 <KeccakF1600_StatePermute>
 8001188:	f107 0018 	add.w	r0, r7, #24
 800118c:	f8d7 30f0 	ldr.w	r3, [r7, #240]	; 0xf0
 8001190:	683a      	ldr	r2, [r7, #0]
 8001192:	2188      	movs	r1, #136	; 0x88
 8001194:	f7ff faa5 	bl	80006e2 <keccak_inc_absorb>
 8001198:	f107 0318 	add.w	r3, r7, #24
 800119c:	2204      	movs	r2, #4
 800119e:	2188      	movs	r1, #136	; 0x88
 80011a0:	4618      	mov	r0, r3
 80011a2:	f7ff fb0c 	bl	80007be <keccak_inc_finalize>
 80011a6:	f107 0218 	add.w	r2, r7, #24
 80011aa:	2388      	movs	r3, #136	; 0x88
 80011ac:	68b9      	ldr	r1, [r7, #8]
 80011ae:	68f8      	ldr	r0, [r7, #12]
 80011b0:	f7ff fb47 	bl	8000842 <keccak_inc_squeeze>
 80011b4:	bf00      	nop
 80011b6:	37e8      	adds	r7, #232	; 0xe8
 80011b8:	46bd      	mov	sp, r7
 80011ba:	bd80      	pop	{r7, pc}

080011bc <PQCLEAN_randombytes>:
 80011bc:	b580      	push	{r7, lr}
 80011be:	b084      	sub	sp, #16
 80011c0:	af00      	add	r7, sp, #0
 80011c2:	6078      	str	r0, [r7, #4]
 80011c4:	6039      	str	r1, [r7, #0]
 80011c6:	e01a      	b.n	80011fe <PQCLEAN_randombytes+0x42>
 80011c8:	f006 f89a 	bl	8007300 <rng_get_random_blocking>
 80011cc:	4603      	mov	r3, r0
 80011ce:	60fb      	str	r3, [r7, #12]
 80011d0:	687b      	ldr	r3, [r7, #4]
 80011d2:	1c5a      	adds	r2, r3, #1
 80011d4:	607a      	str	r2, [r7, #4]
 80011d6:	7b3a      	ldrb	r2, [r7, #12]
 80011d8:	701a      	strb	r2, [r3, #0]
 80011da:	687b      	ldr	r3, [r7, #4]
 80011dc:	1c5a      	adds	r2, r3, #1
 80011de:	607a      	str	r2, [r7, #4]
 80011e0:	7b7a      	ldrb	r2, [r7, #13]
 80011e2:	701a      	strb	r2, [r3, #0]
 80011e4:	687b      	ldr	r3, [r7, #4]
 80011e6:	1c5a      	adds	r2, r3, #1
 80011e8:	607a      	str	r2, [r7, #4]
 80011ea:	7bba      	ldrb	r2, [r7, #14]
 80011ec:	701a      	strb	r2, [r3, #0]
 80011ee:	687b      	ldr	r3, [r7, #4]
 80011f0:	1c5a      	adds	r2, r3, #1
 80011f2:	607a      	str	r2, [r7, #4]
 80011f4:	7bfa      	ldrb	r2, [r7, #15]
 80011f6:	701a      	strb	r2, [r3, #0]
 80011f8:	683b      	ldr	r3, [r7, #0]
 80011fa:	3b04      	subs	r3, #4
 80011fc:	603b      	str	r3, [r7, #0]
 80011fe:	683b      	ldr	r3, [r7, #0]
 8001200:	2b04      	cmp	r3, #4
 8001202:	d8e1      	bhi.n	80011c8 <PQCLEAN_randombytes+0xc>
 8001204:	683b      	ldr	r3, [r7, #0]
 8001206:	2b00      	cmp	r3, #0
 8001208:	d014      	beq.n	8001234 <PQCLEAN_randombytes+0x78>
 800120a:	f006 f879 	bl	8007300 <rng_get_random_blocking>
 800120e:	4603      	mov	r3, r0
 8001210:	60fb      	str	r3, [r7, #12]
 8001212:	e00c      	b.n	800122e <PQCLEAN_randombytes+0x72>
 8001214:	683b      	ldr	r3, [r7, #0]
 8001216:	1e5a      	subs	r2, r3, #1
 8001218:	687b      	ldr	r3, [r7, #4]
 800121a:	1c59      	adds	r1, r3, #1
 800121c:	6079      	str	r1, [r7, #4]
 800121e:	3210      	adds	r2, #16
 8001220:	443a      	add	r2, r7
 8001222:	f812 2c04 	ldrb.w	r2, [r2, #-4]
 8001226:	701a      	strb	r2, [r3, #0]
 8001228:	683b      	ldr	r3, [r7, #0]
 800122a:	3b01      	subs	r3, #1
 800122c:	603b      	str	r3, [r7, #0]
 800122e:	683b      	ldr	r3, [r7, #0]
 8001230:	2b00      	cmp	r3, #0
 8001232:	d1ef      	bne.n	8001214 <PQCLEAN_randombytes+0x58>
 8001234:	2300      	movs	r3, #0
 8001236:	4618      	mov	r0, r3
 8001238:	3710      	adds	r7, #16
 800123a:	46bd      	mov	sp, r7
 800123c:	bd80      	pop	{r7, pc}
 800123e:	0000      	movs	r0, r0
 8001240:	0000      	movs	r0, r0
 8001242:	0000      	movs	r0, r0
 8001244:	0000      	movs	r0, r0
 8001246:	0000      	movs	r0, r0
 8001248:	0000      	movs	r0, r0
 800124a:	0000      	movs	r0, r0
 800124c:	0000      	movs	r0, r0
 800124e:	0000      	movs	r0, r0
 8001250:	0000      	movs	r0, r0
 8001252:	0000      	movs	r0, r0
 8001254:	0000      	movs	r0, r0
 8001256:	0000      	movs	r0, r0
 8001258:	0000      	movs	r0, r0
 800125a:	0000      	movs	r0, r0
 800125c:	0000      	movs	r0, r0
 800125e:	0000      	movs	r0, r0
 8001260:	0000      	movs	r0, r0
 8001262:	0000      	movs	r0, r0
 8001264:	0000      	movs	r0, r0
 8001266:	0000      	movs	r0, r0
 8001268:	0000      	movs	r0, r0
 800126a:	0000      	movs	r0, r0
 800126c:	0000      	movs	r0, r0
 800126e:	0000      	movs	r0, r0
 8001270:	0000      	movs	r0, r0
 8001272:	0000      	movs	r0, r0
 8001274:	0000      	movs	r0, r0
 8001276:	0000      	movs	r0, r0
 8001278:	0000      	movs	r0, r0
 800127a:	0000      	movs	r0, r0
 800127c:	0000      	movs	r0, r0
 800127e:	0000      	movs	r0, r0
 8001280:	0000      	movs	r0, r0
 8001282:	0000      	movs	r0, r0
 8001284:	0000      	movs	r0, r0
 8001286:	0000      	movs	r0, r0
 8001288:	0000      	movs	r0, r0
 800128a:	0000      	movs	r0, r0
 800128c:	0000      	movs	r0, r0
 800128e:	0000      	movs	r0, r0
 8001290:	0000      	movs	r0, r0
 8001292:	0000      	movs	r0, r0
 8001294:	0000      	movs	r0, r0
 8001296:	0000      	movs	r0, r0
 8001298:	0000      	movs	r0, r0
 800129a:	0000      	movs	r0, r0
 800129c:	0000      	movs	r0, r0
 800129e:	0000      	movs	r0, r0
 80012a0:	0000      	movs	r0, r0
 80012a2:	0000      	movs	r0, r0
 80012a4:	0000      	movs	r0, r0
 80012a6:	0000      	movs	r0, r0
 80012a8:	0000      	movs	r0, r0
 80012aa:	0000      	movs	r0, r0
 80012ac:	0000      	movs	r0, r0
 80012ae:	0000      	movs	r0, r0
 80012b0:	0000      	movs	r0, r0
 80012b2:	0000      	movs	r0, r0
 80012b4:	0000      	movs	r0, r0
 80012b6:	0000      	movs	r0, r0
 80012b8:	0000      	movs	r0, r0
 80012ba:	0000      	movs	r0, r0
 80012bc:	0000      	movs	r0, r0
 80012be:	0000      	movs	r0, r0
 80012c0:	0000      	movs	r0, r0
 80012c2:	0000      	movs	r0, r0
 80012c4:	0000      	movs	r0, r0
 80012c6:	0000      	movs	r0, r0
 80012c8:	0000      	movs	r0, r0
 80012ca:	0000      	movs	r0, r0
 80012cc:	0000      	movs	r0, r0
 80012ce:	0000      	movs	r0, r0
 80012d0:	0000      	movs	r0, r0
 80012d2:	0000      	movs	r0, r0
 80012d4:	0000      	movs	r0, r0
 80012d6:	0000      	movs	r0, r0
 80012d8:	0000      	movs	r0, r0
 80012da:	0000      	movs	r0, r0
 80012dc:	0000      	movs	r0, r0
 80012de:	0000      	movs	r0, r0
 80012e0:	0000      	movs	r0, r0
 80012e2:	0000      	movs	r0, r0
 80012e4:	0000      	movs	r0, r0
 80012e6:	0000      	movs	r0, r0
 80012e8:	0000      	movs	r0, r0
 80012ea:	0000      	movs	r0, r0
 80012ec:	0000      	movs	r0, r0
 80012ee:	0000      	movs	r0, r0
 80012f0:	0000      	movs	r0, r0
 80012f2:	0000      	movs	r0, r0
 80012f4:	0000      	movs	r0, r0
 80012f6:	0000      	movs	r0, r0
 80012f8:	0000      	movs	r0, r0
 80012fa:	0000      	movs	r0, r0
 80012fc:	0000      	movs	r0, r0
 80012fe:	0000      	movs	r0, r0

08001300 <KeccakF1600_Initialize>:
 8001300:	4770      	bx	lr
 8001302:	bf00      	nop
 8001304:	f3af 8000 	nop.w
 8001308:	f3af 8000 	nop.w
 800130c:	f3af 8000 	nop.w
 8001310:	f3af 8000 	nop.w
 8001314:	f3af 8000 	nop.w
 8001318:	f3af 8000 	nop.w
 800131c:	f3af 8000 	nop.w
 8001320:	f3af 8000 	nop.w
 8001324:	f3af 8000 	nop.w
 8001328:	f3af 8000 	nop.w
 800132c:	f3af 8000 	nop.w
 8001330:	f3af 8000 	nop.w
 8001334:	f3af 8000 	nop.w
 8001338:	f3af 8000 	nop.w
 800133c:	f3af 8000 	nop.w
 8001340:	0000      	movs	r0, r0
 8001342:	0000      	movs	r0, r0
 8001344:	0000      	movs	r0, r0
 8001346:	0000      	movs	r0, r0
 8001348:	0000      	movs	r0, r0
 800134a:	0000      	movs	r0, r0
 800134c:	0000      	movs	r0, r0
 800134e:	0000      	movs	r0, r0
 8001350:	0000      	movs	r0, r0
 8001352:	0000      	movs	r0, r0
 8001354:	0000      	movs	r0, r0
 8001356:	0000      	movs	r0, r0
 8001358:	0000      	movs	r0, r0
 800135a:	0000      	movs	r0, r0
 800135c:	0000      	movs	r0, r0
 800135e:	0000      	movs	r0, r0
 8001360:	0000      	movs	r0, r0
 8001362:	0000      	movs	r0, r0
 8001364:	0000      	movs	r0, r0
 8001366:	0000      	movs	r0, r0
 8001368:	0000      	movs	r0, r0
 800136a:	0000      	movs	r0, r0
 800136c:	0000      	movs	r0, r0
 800136e:	0000      	movs	r0, r0
 8001370:	0000      	movs	r0, r0
 8001372:	0000      	movs	r0, r0
 8001374:	0000      	movs	r0, r0
 8001376:	0000      	movs	r0, r0
 8001378:	0000      	movs	r0, r0
 800137a:	0000      	movs	r0, r0
 800137c:	0000      	movs	r0, r0
 800137e:	0000      	movs	r0, r0
 8001380:	0000      	movs	r0, r0
 8001382:	0000      	movs	r0, r0
 8001384:	0000      	movs	r0, r0
 8001386:	0000      	movs	r0, r0
 8001388:	0000      	movs	r0, r0
 800138a:	0000      	movs	r0, r0
 800138c:	0000      	movs	r0, r0
 800138e:	0000      	movs	r0, r0
 8001390:	0000      	movs	r0, r0
 8001392:	0000      	movs	r0, r0
 8001394:	0000      	movs	r0, r0
 8001396:	0000      	movs	r0, r0
 8001398:	0000      	movs	r0, r0
 800139a:	0000      	movs	r0, r0
 800139c:	0000      	movs	r0, r0
 800139e:	0000      	movs	r0, r0
 80013a0:	0000      	movs	r0, r0
 80013a2:	0000      	movs	r0, r0
 80013a4:	0000      	movs	r0, r0
 80013a6:	0000      	movs	r0, r0
 80013a8:	0000      	movs	r0, r0
 80013aa:	0000      	movs	r0, r0
 80013ac:	0000      	movs	r0, r0
 80013ae:	0000      	movs	r0, r0
 80013b0:	0000      	movs	r0, r0
 80013b2:	0000      	movs	r0, r0
 80013b4:	0000      	movs	r0, r0
 80013b6:	0000      	movs	r0, r0
 80013b8:	0000      	movs	r0, r0
 80013ba:	0000      	movs	r0, r0
 80013bc:	0000      	movs	r0, r0
 80013be:	0000      	movs	r0, r0
 80013c0:	0000      	movs	r0, r0
 80013c2:	0000      	movs	r0, r0
 80013c4:	0000      	movs	r0, r0
 80013c6:	0000      	movs	r0, r0
 80013c8:	0000      	movs	r0, r0
 80013ca:	0000      	movs	r0, r0
 80013cc:	0000      	movs	r0, r0
 80013ce:	0000      	movs	r0, r0
 80013d0:	0000      	movs	r0, r0
 80013d2:	0000      	movs	r0, r0
 80013d4:	0000      	movs	r0, r0
 80013d6:	0000      	movs	r0, r0
 80013d8:	0000      	movs	r0, r0
 80013da:	0000      	movs	r0, r0
 80013dc:	0000      	movs	r0, r0
 80013de:	0000      	movs	r0, r0
 80013e0:	0000      	movs	r0, r0
 80013e2:	0000      	movs	r0, r0
 80013e4:	0000      	movs	r0, r0
 80013e6:	0000      	movs	r0, r0
 80013e8:	0000      	movs	r0, r0
 80013ea:	0000      	movs	r0, r0
 80013ec:	0000      	movs	r0, r0
 80013ee:	0000      	movs	r0, r0
 80013f0:	0000      	movs	r0, r0
 80013f2:	0000      	movs	r0, r0
 80013f4:	0000      	movs	r0, r0
 80013f6:	0000      	movs	r0, r0
 80013f8:	0000      	movs	r0, r0
 80013fa:	0000      	movs	r0, r0
 80013fc:	0000      	movs	r0, r0
 80013fe:	0000      	movs	r0, r0

08001400 <KeccakF1600_StateXORBytes>:
 8001400:	b303      	cbz	r3, 8001444 <KeccakF1600_StateXORBytes_Exit1>
 8001402:	e92d 41f0 	stmdb	sp!, {r4, r5, r6, r7, r8, lr}
 8001406:	f022 0407 	bic.w	r4, r2, #7
 800140a:	1900      	adds	r0, r0, r4
 800140c:	f012 0207 	ands.w	r2, r2, #7
 8001410:	d00b      	beq.n	800142a <KeccakF1600_StateXORBytes_CheckLanes>
 8001412:	001c      	movs	r4, r3
 8001414:	f1c2 0508 	rsb	r5, r2, #8
 8001418:	42ac      	cmp	r4, r5
 800141a:	dd00      	ble.n	800141e <KeccakF1600_StateXORBytes_BytesAlign>
 800141c:	002c      	movs	r4, r5

0800141e <KeccakF1600_StateXORBytes_BytesAlign>:
 800141e:	eba3 0804 	sub.w	r8, r3, r4
 8001422:	0023      	movs	r3, r4
 8001424:	f000 f8ec 	bl	8001600 <__KeccakF1600_StateXORBytesInLane>
 8001428:	4643      	mov	r3, r8

0800142a <KeccakF1600_StateXORBytes_CheckLanes>:
 800142a:	08da      	lsrs	r2, r3, #3
 800142c:	d004      	beq.n	8001438 <KeccakF1600_StateXORBytes_Bytes>
 800142e:	4698      	mov	r8, r3
 8001430:	f000 f866 	bl	8001500 <__KeccakF1600_StateXORLanes>
 8001434:	f008 0307 	and.w	r3, r8, #7

08001438 <KeccakF1600_StateXORBytes_Bytes>:
 8001438:	b113      	cbz	r3, 8001440 <KeccakF1600_StateXORBytes_Exit>
 800143a:	2200      	movs	r2, #0
 800143c:	f000 f8e0 	bl	8001600 <__KeccakF1600_StateXORBytesInLane>

08001440 <KeccakF1600_StateXORBytes_Exit>:
 8001440:	e8bd 81f0 	ldmia.w	sp!, {r4, r5, r6, r7, r8, pc}

08001444 <KeccakF1600_StateXORBytes_Exit1>:
 8001444:	4770      	bx	lr
 8001446:	bf00      	nop
 8001448:	f3af 8000 	nop.w
 800144c:	f3af 8000 	nop.w
 8001450:	f3af 8000 	nop.w
 8001454:	f3af 8000 	nop.w
 8001458:	f3af 8000 	nop.w
 800145c:	f3af 8000 	nop.w
 8001460:	f3af 8000 	nop.w
 8001464:	f3af 8000 	nop.w
 8001468:	f3af 8000 	nop.w
 800146c:	f3af 8000 	nop.w
 8001470:	f3af 8000 	nop.w
 8001474:	f3af 8000 	nop.w
 8001478:	f3af 8000 	nop.w
 800147c:	f3af 8000 	nop.w
 8001480:	0000      	movs	r0, r0
 8001482:	0000      	movs	r0, r0
 8001484:	0000      	movs	r0, r0
 8001486:	0000      	movs	r0, r0
 8001488:	0000      	movs	r0, r0
 800148a:	0000      	movs	r0, r0
 800148c:	0000      	movs	r0, r0
 800148e:	0000      	movs	r0, r0
 8001490:	0000      	movs	r0, r0
 8001492:	0000      	movs	r0, r0
 8001494:	0000      	movs	r0, r0
 8001496:	0000      	movs	r0, r0
 8001498:	0000      	movs	r0, r0
 800149a:	0000      	movs	r0, r0
 800149c:	0000      	movs	r0, r0
 800149e:	0000      	movs	r0, r0
 80014a0:	0000      	movs	r0, r0
 80014a2:	0000      	movs	r0, r0
 80014a4:	0000      	movs	r0, r0
 80014a6:	0000      	movs	r0, r0
 80014a8:	0000      	movs	r0, r0
 80014aa:	0000      	movs	r0, r0
 80014ac:	0000      	movs	r0, r0
 80014ae:	0000      	movs	r0, r0
 80014b0:	0000      	movs	r0, r0
 80014b2:	0000      	movs	r0, r0
 80014b4:	0000      	movs	r0, r0
 80014b6:	0000      	movs	r0, r0
 80014b8:	0000      	movs	r0, r0
 80014ba:	0000      	movs	r0, r0
 80014bc:	0000      	movs	r0, r0
 80014be:	0000      	movs	r0, r0
 80014c0:	0000      	movs	r0, r0
 80014c2:	0000      	movs	r0, r0
 80014c4:	0000      	movs	r0, r0
 80014c6:	0000      	movs	r0, r0
 80014c8:	0000      	movs	r0, r0
 80014ca:	0000      	movs	r0, r0
 80014cc:	0000      	movs	r0, r0
 80014ce:	0000      	movs	r0, r0
 80014d0:	0000      	movs	r0, r0
 80014d2:	0000      	movs	r0, r0
 80014d4:	0000      	movs	r0, r0
 80014d6:	0000      	movs	r0, r0
 80014d8:	0000      	movs	r0, r0
 80014da:	0000      	movs	r0, r0
 80014dc:	0000      	movs	r0, r0
 80014de:	0000      	movs	r0, r0
 80014e0:	0000      	movs	r0, r0
 80014e2:	0000      	movs	r0, r0
 80014e4:	0000      	movs	r0, r0
 80014e6:	0000      	movs	r0, r0
 80014e8:	0000      	movs	r0, r0
 80014ea:	0000      	movs	r0, r0
 80014ec:	0000      	movs	r0, r0
 80014ee:	0000      	movs	r0, r0
 80014f0:	0000      	movs	r0, r0
 80014f2:	0000      	movs	r0, r0
 80014f4:	0000      	movs	r0, r0
 80014f6:	0000      	movs	r0, r0
 80014f8:	0000      	movs	r0, r0
 80014fa:	0000      	movs	r0, r0
 80014fc:	0000      	movs	r0, r0
 80014fe:	0000      	movs	r0, r0

08001500 <__KeccakF1600_StateXORLanes>:
 8001500:	f851 4b04 	ldr.w	r4, [r1], #4
 8001504:	f851 5b04 	ldr.w	r5, [r1], #4
 8001508:	e9d0 6700 	ldrd	r6, r7, [r0]
 800150c:	f004 3355 	and.w	r3, r4, #1431655765	; 0x55555555
 8001510:	ea43 0353 	orr.w	r3, r3, r3, lsr #1
 8001514:	f003 3333 	and.w	r3, r3, #858993459	; 0x33333333
 8001518:	ea43 0393 	orr.w	r3, r3, r3, lsr #2
 800151c:	f003 330f 	and.w	r3, r3, #252645135	; 0xf0f0f0f
 8001520:	ea43 1313 	orr.w	r3, r3, r3, lsr #4
 8001524:	f003 13ff 	and.w	r3, r3, #16711935	; 0xff00ff
 8001528:	f363 230f 	bfi	r3, r3, #8, #8
 800152c:	ea86 2613 	eor.w	r6, r6, r3, lsr #8
 8001530:	f005 3355 	and.w	r3, r5, #1431655765	; 0x55555555
 8001534:	ea43 0353 	orr.w	r3, r3, r3, lsr #1
 8001538:	f003 3333 	and.w	r3, r3, #858993459	; 0x33333333
 800153c:	ea43 0393 	orr.w	r3, r3, r3, lsr #2
 8001540:	f003 330f 	and.w	r3, r3, #252645135	; 0xf0f0f0f
 8001544:	ea43 1313 	orr.w	r3, r3, r3, lsr #4
 8001548:	f003 13ff 	and.w	r3, r3, #16711935	; 0xff00ff
 800154c:	ea43 2313 	orr.w	r3, r3, r3, lsr #8
 8001550:	ea86 4603 	eor.w	r6, r6, r3, lsl #16
 8001554:	f004 33aa 	and.w	r3, r4, #2863311530	; 0xaaaaaaaa
 8001558:	ea43 0343 	orr.w	r3, r3, r3, lsl #1
 800155c:	f003 33cc 	and.w	r3, r3, #3435973836	; 0xcccccccc
 8001560:	ea43 0383 	orr.w	r3, r3, r3, lsl #2
 8001564:	f003 33f0 	and.w	r3, r3, #4042322160	; 0xf0f0f0f0
 8001568:	ea43 1303 	orr.w	r3, r3, r3, lsl #4
 800156c:	f003 23ff 	and.w	r3, r3, #4278255360	; 0xff00ff00
 8001570:	ea43 2303 	orr.w	r3, r3, r3, lsl #8
 8001574:	ea87 4713 	eor.w	r7, r7, r3, lsr #16
 8001578:	f005 33aa 	and.w	r3, r5, #2863311530	; 0xaaaaaaaa
 800157c:	ea43 0343 	orr.w	r3, r3, r3, lsl #1
 8001580:	f003 33cc 	and.w	r3, r3, #3435973836	; 0xcccccccc
 8001584:	ea43 0383 	orr.w	r3, r3, r3, lsl #2
 8001588:	f003 33f0 	and.w	r3, r3, #4042322160	; 0xf0f0f0f0
 800158c:	ea43 1303 	orr.w	r3, r3, r3, lsl #4
 8001590:	f003 23ff 	and.w	r3, r3, #4278255360	; 0xff00ff00
 8001594:	ea43 2303 	orr.w	r3, r3, r3, lsl #8
 8001598:	f36f 030f 	bfc	r3, #0, #16
 800159c:	405f      	eors	r7, r3
 800159e:	e8e0 6702 	strd	r6, r7, [r0], #8
 80015a2:	3a01      	subs	r2, #1
 80015a4:	d1ac      	bne.n	8001500 <__KeccakF1600_StateXORLanes>
 80015a6:	4770      	bx	lr
 80015a8:	f3af 8000 	nop.w
 80015ac:	f3af 8000 	nop.w
 80015b0:	f3af 8000 	nop.w
 80015b4:	f3af 8000 	nop.w
 80015b8:	f3af 8000 	nop.w
 80015bc:	f3af 8000 	nop.w
 80015c0:	0000      	movs	r0, r0
 80015c2:	0000      	movs	r0, r0
 80015c4:	0000      	movs	r0, r0
 80015c6:	0000      	movs	r0, r0
 80015c8:	0000      	movs	r0, r0
 80015ca:	0000      	movs	r0, r0
 80015cc:	0000      	movs	r0, r0
 80015ce:	0000      	movs	r0, r0
 80015d0:	0000      	movs	r0, r0
 80015d2:	0000      	movs	r0, r0
 80015d4:	0000      	movs	r0, r0
 80015d6:	0000      	movs	r0, r0
 80015d8:	0000      	movs	r0, r0
 80015da:	0000      	movs	r0, r0
 80015dc:	0000      	movs	r0, r0
 80015de:	0000      	movs	r0, r0
 80015e0:	0000      	movs	r0, r0
 80015e2:	0000      	movs	r0, r0
 80015e4:	0000      	movs	r0, r0
 80015e6:	0000      	movs	r0, r0
 80015e8:	0000      	movs	r0, r0
 80015ea:	0000      	movs	r0, r0
 80015ec:	0000      	movs	r0, r0
 80015ee:	0000      	movs	r0, r0
 80015f0:	0000      	movs	r0, r0
 80015f2:	0000      	movs	r0, r0
 80015f4:	0000      	movs	r0, r0
 80015f6:	0000      	movs	r0, r0
 80015f8:	0000      	movs	r0, r0
 80015fa:	0000      	movs	r0, r0
 80015fc:	0000      	movs	r0, r0
 80015fe:	0000      	movs	r0, r0

08001600 <__KeccakF1600_StateXORBytesInLane>:
 8001600:	2400      	movs	r4, #0
 8001602:	2500      	movs	r5, #0
 8001604:	b430      	push	{r4, r5}
 8001606:	446a      	add	r2, sp

08001608 <__KeccakF1600_StateXORBytesInLane_Loop>:
 8001608:	f811 5b01 	ldrb.w	r5, [r1], #1
 800160c:	f802 5b01 	strb.w	r5, [r2], #1
 8001610:	3b01      	subs	r3, #1
 8001612:	d1f9      	bne.n	8001608 <__KeccakF1600_StateXORBytesInLane_Loop>
 8001614:	bc30      	pop	{r4, r5}
 8001616:	e9d0 6700 	ldrd	r6, r7, [r0]
 800161a:	f004 3355 	and.w	r3, r4, #1431655765	; 0x55555555
 800161e:	ea43 0353 	orr.w	r3, r3, r3, lsr #1
 8001622:	f003 3333 	and.w	r3, r3, #858993459	; 0x33333333
 8001626:	ea43 0393 	orr.w	r3, r3, r3, lsr #2
 800162a:	f003 330f 	and.w	r3, r3, #252645135	; 0xf0f0f0f
 800162e:	ea43 1313 	orr.w	r3, r3, r3, lsr #4
 8001632:	f003 13ff 	and.w	r3, r3, #16711935	; 0xff00ff
 8001636:	f363 230f 	bfi	r3, r3, #8, #8
 800163a:	ea86 2613 	eor.w	r6, r6, r3, lsr #8
 800163e:	f005 3355 	and.w	r3, r5, #1431655765	; 0x55555555
 8001642:	ea43 0353 	orr.w	r3, r3, r3, lsr #1
 8001646:	f003 3333 	and.w	r3, r3, #858993459	; 0x33333333
 800164a:	ea43 0393 	orr.w	r3, r3, r3, lsr #2
 800164e:	f003 330f 	and.w	r3, r3, #252645135	; 0xf0f0f0f
 8001652:	ea43 1313 	orr.w	r3, r3, r3, lsr #4
 8001656:	f003 13ff 	and.w	r3, r3, #16711935	; 0xff00ff
 800165a:	ea43 2313 	orr.w	r3, r3, r3, lsr #8
 800165e:	ea86 4603 	eor.w	r6, r6, r3, lsl #16
 8001662:	f004 33aa 	and.w	r3, r4, #2863311530	; 0xaaaaaaaa
 8001666:	ea43 0343 	orr.w	r3, r3, r3, lsl #1
 800166a:	f003 33cc 	and.w	r3, r3, #3435973836	; 0xcccccccc
 800166e:	ea43 0383 	orr.w	r3, r3, r3, lsl #2
 8001672:	f003 33f0 	and.w	r3, r3, #4042322160	; 0xf0f0f0f0
 8001676:	ea43 1303 	orr.w	r3, r3, r3, lsl #4
 800167a:	f003 23ff 	and.w	r3, r3, #4278255360	; 0xff00ff00
 800167e:	ea43 2303 	orr.w	r3, r3, r3, lsl #8
 8001682:	ea87 4713 	eor.w	r7, r7, r3, lsr #16
 8001686:	f005 33aa 	and.w	r3, r5, #2863311530	; 0xaaaaaaaa
 800168a:	ea43 0343 	orr.w	r3, r3, r3, lsl #1
 800168e:	f003 33cc 	and.w	r3, r3, #3435973836	; 0xcccccccc
 8001692:	ea43 0383 	orr.w	r3, r3, r3, lsl #2
 8001696:	f003 33f0 	and.w	r3, r3, #4042322160	; 0xf0f0f0f0
 800169a:	ea43 1303 	orr.w	r3, r3, r3, lsl #4
 800169e:	f003 23ff 	and.w	r3, r3, #4278255360	; 0xff00ff00
 80016a2:	ea43 2303 	orr.w	r3, r3, r3, lsl #8
 80016a6:	f36f 030f 	bfc	r3, #0, #16
 80016aa:	405f      	eors	r7, r3
 80016ac:	e8e0 6702 	strd	r6, r7, [r0], #8
 80016b0:	4770      	bx	lr
 80016b2:	bf00      	nop
 80016b4:	f3af 8000 	nop.w
 80016b8:	f3af 8000 	nop.w
 80016bc:	f3af 8000 	nop.w
 80016c0:	0000      	movs	r0, r0
 80016c2:	0000      	movs	r0, r0
 80016c4:	0000      	movs	r0, r0
 80016c6:	0000      	movs	r0, r0
 80016c8:	0000      	movs	r0, r0
 80016ca:	0000      	movs	r0, r0
 80016cc:	0000      	movs	r0, r0
 80016ce:	0000      	movs	r0, r0
 80016d0:	0000      	movs	r0, r0
 80016d2:	0000      	movs	r0, r0
 80016d4:	0000      	movs	r0, r0
 80016d6:	0000      	movs	r0, r0
 80016d8:	0000      	movs	r0, r0
 80016da:	0000      	movs	r0, r0
 80016dc:	0000      	movs	r0, r0
 80016de:	0000      	movs	r0, r0
 80016e0:	0000      	movs	r0, r0
 80016e2:	0000      	movs	r0, r0
 80016e4:	0000      	movs	r0, r0
 80016e6:	0000      	movs	r0, r0
 80016e8:	0000      	movs	r0, r0
 80016ea:	0000      	movs	r0, r0
 80016ec:	0000      	movs	r0, r0
 80016ee:	0000      	movs	r0, r0
 80016f0:	0000      	movs	r0, r0
 80016f2:	0000      	movs	r0, r0
 80016f4:	0000      	movs	r0, r0
 80016f6:	0000      	movs	r0, r0
 80016f8:	0000      	movs	r0, r0
 80016fa:	0000      	movs	r0, r0
 80016fc:	0000      	movs	r0, r0
 80016fe:	0000      	movs	r0, r0

08001700 <KeccakF1600_StateExtractBytes>:
 8001700:	b303      	cbz	r3, 8001744 <KeccakF1600_StateExtractBytes_Exit1>
 8001702:	e92d 41f0 	stmdb	sp!, {r4, r5, r6, r7, r8, lr}
 8001706:	f022 0407 	bic.w	r4, r2, #7
 800170a:	1900      	adds	r0, r0, r4
 800170c:	f012 0207 	ands.w	r2, r2, #7
 8001710:	d00b      	beq.n	800172a <KeccakF1600_StateExtractBytes_CheckLanes>
 8001712:	001c      	movs	r4, r3
 8001714:	f1c2 0508 	rsb	r5, r2, #8
 8001718:	42ac      	cmp	r4, r5
 800171a:	dd00      	ble.n	800171e <KeccakF1600_StateExtractBytes_BytesAlign>
 800171c:	002c      	movs	r4, r5

0800171e <KeccakF1600_StateExtractBytes_BytesAlign>:
 800171e:	eba3 0804 	sub.w	r8, r3, r4
 8001722:	0023      	movs	r3, r4
 8001724:	f000 f8ec 	bl	8001900 <__KeccakF1600_StateExtractBytesInLane>
 8001728:	4643      	mov	r3, r8

0800172a <KeccakF1600_StateExtractBytes_CheckLanes>:
 800172a:	08da      	lsrs	r2, r3, #3
 800172c:	d004      	beq.n	8001738 <KeccakF1600_StateExtractBytes_Bytes>
 800172e:	4698      	mov	r8, r3
 8001730:	f000 f866 	bl	8001800 <__KeccakF1600_StateExtractLanes>
 8001734:	f008 0307 	and.w	r3, r8, #7

08001738 <KeccakF1600_StateExtractBytes_Bytes>:
 8001738:	b113      	cbz	r3, 8001740 <KeccakF1600_StateExtractBytes_Exit>
 800173a:	2200      	movs	r2, #0
 800173c:	f000 f8e0 	bl	8001900 <__KeccakF1600_StateExtractBytesInLane>

08001740 <KeccakF1600_StateExtractBytes_Exit>:
 8001740:	e8bd 81f0 	ldmia.w	sp!, {r4, r5, r6, r7, r8, pc}

08001744 <KeccakF1600_StateExtractBytes_Exit1>:
 8001744:	4770      	bx	lr
 8001746:	bf00      	nop
 8001748:	f3af 8000 	nop.w
 800174c:	f3af 8000 	nop.w
 8001750:	f3af 8000 	nop.w
 8001754:	f3af 8000 	nop.w
 8001758:	f3af 8000 	nop.w
 800175c:	f3af 8000 	nop.w
 8001760:	f3af 8000 	nop.w
 8001764:	f3af 8000 	nop.w
 8001768:	f3af 8000 	nop.w
 800176c:	f3af 8000 	nop.w
 8001770:	f3af 8000 	nop.w
 8001774:	f3af 8000 	nop.w
 8001778:	f3af 8000 	nop.w
 800177c:	f3af 8000 	nop.w
 8001780:	0000      	movs	r0, r0
 8001782:	0000      	movs	r0, r0
 8001784:	0000      	movs	r0, r0
 8001786:	0000      	movs	r0, r0
 8001788:	0000      	movs	r0, r0
 800178a:	0000      	movs	r0, r0
 800178c:	0000      	movs	r0, r0
 800178e:	0000      	movs	r0, r0
 8001790:	0000      	movs	r0, r0
 8001792:	0000      	movs	r0, r0
 8001794:	0000      	movs	r0, r0
 8001796:	0000      	movs	r0, r0
 8001798:	0000      	movs	r0, r0
 800179a:	0000      	movs	r0, r0
 800179c:	0000      	movs	r0, r0
 800179e:	0000      	movs	r0, r0
 80017a0:	0000      	movs	r0, r0
 80017a2:	0000      	movs	r0, r0
 80017a4:	0000      	movs	r0, r0
 80017a6:	0000      	movs	r0, r0
 80017a8:	0000      	movs	r0, r0
 80017aa:	0000      	movs	r0, r0
 80017ac:	0000      	movs	r0, r0
 80017ae:	0000      	movs	r0, r0
 80017b0:	0000      	movs	r0, r0
 80017b2:	0000      	movs	r0, r0
 80017b4:	0000      	movs	r0, r0
 80017b6:	0000      	movs	r0, r0
 80017b8:	0000      	movs	r0, r0
 80017ba:	0000      	movs	r0, r0
 80017bc:	0000      	movs	r0, r0
 80017be:	0000      	movs	r0, r0
 80017c0:	0000      	movs	r0, r0
 80017c2:	0000      	movs	r0, r0
 80017c4:	0000      	movs	r0, r0
 80017c6:	0000      	movs	r0, r0
 80017c8:	0000      	movs	r0, r0
 80017ca:	0000      	movs	r0, r0
 80017cc:	0000      	movs	r0, r0
 80017ce:	0000      	movs	r0, r0
 80017d0:	0000      	movs	r0, r0
 80017d2:	0000      	movs	r0, r0
 80017d4:	0000      	movs	r0, r0
 80017d6:	0000      	movs	r0, r0
 80017d8:	0000      	movs	r0, r0
 80017da:	0000      	movs	r0, r0
 80017dc:	0000      	movs	r0, r0
 80017de:	0000      	movs	r0, r0
 80017e0:	0000      	movs	r0, r0
 80017e2:	0000      	movs	r0, r0
 80017e4:	0000      	movs	r0, r0
 80017e6:	0000      	movs	r0, r0
 80017e8:	0000      	movs	r0, r0
 80017ea:	0000      	movs	r0, r0
 80017ec:	0000      	movs	r0, r0
 80017ee:	0000      	movs	r0, r0
 80017f0:	0000      	movs	r0, r0
 80017f2:	0000      	movs	r0, r0
 80017f4:	0000      	movs	r0, r0
 80017f6:	0000      	movs	r0, r0
 80017f8:	0000      	movs	r0, r0
 80017fa:	0000      	movs	r0, r0
 80017fc:	0000      	movs	r0, r0
 80017fe:	0000      	movs	r0, r0

08001800 <__KeccakF1600_StateExtractLanes>:
 8001800:	e8f0 4502 	ldrd	r4, r5, [r0], #8
 8001804:	0023      	movs	r3, r4
 8001806:	f365 441f 	bfi	r4, r5, #16, #16
 800180a:	f36f 050f 	bfc	r5, #0, #16
 800180e:	ea45 4513 	orr.w	r5, r5, r3, lsr #16
 8001812:	ea84 2314 	eor.w	r3, r4, r4, lsr #8
 8001816:	f403 437f 	and.w	r3, r3, #65280	; 0xff00
 800181a:	405c      	eors	r4, r3
 800181c:	ea84 2403 	eor.w	r4, r4, r3, lsl #8
 8001820:	ea84 1314 	eor.w	r3, r4, r4, lsr #4
 8001824:	f003 13f0 	and.w	r3, r3, #15728880	; 0xf000f0
 8001828:	405c      	eors	r4, r3
 800182a:	ea84 1403 	eor.w	r4, r4, r3, lsl #4
 800182e:	ea84 0394 	eor.w	r3, r4, r4, lsr #2
 8001832:	f003 330c 	and.w	r3, r3, #202116108	; 0xc0c0c0c
 8001836:	405c      	eors	r4, r3
 8001838:	ea84 0483 	eor.w	r4, r4, r3, lsl #2
 800183c:	ea84 0354 	eor.w	r3, r4, r4, lsr #1
 8001840:	f003 3322 	and.w	r3, r3, #572662306	; 0x22222222
 8001844:	405c      	eors	r4, r3
 8001846:	ea84 0443 	eor.w	r4, r4, r3, lsl #1
 800184a:	ea85 2315 	eor.w	r3, r5, r5, lsr #8
 800184e:	f403 437f 	and.w	r3, r3, #65280	; 0xff00
 8001852:	405d      	eors	r5, r3
 8001854:	ea85 2503 	eor.w	r5, r5, r3, lsl #8
 8001858:	ea85 1315 	eor.w	r3, r5, r5, lsr #4
 800185c:	f003 13f0 	and.w	r3, r3, #15728880	; 0xf000f0
 8001860:	405d      	eors	r5, r3
 8001862:	ea85 1503 	eor.w	r5, r5, r3, lsl #4
 8001866:	ea85 0395 	eor.w	r3, r5, r5, lsr #2
 800186a:	f003 330c 	and.w	r3, r3, #202116108	; 0xc0c0c0c
 800186e:	405d      	eors	r5, r3
 8001870:	ea85 0583 	eor.w	r5, r5, r3, lsl #2
 8001874:	ea85 0355 	eor.w	r3, r5, r5, lsr #1
 8001878:	f003 3322 	and.w	r3, r3, #572662306	; 0x22222222
 800187c:	405d      	eors	r5, r3
 800187e:	ea85 0543 	eor.w	r5, r5, r3, lsl #1
 8001882:	f841 4b04 	str.w	r4, [r1], #4
 8001886:	3a01      	subs	r2, #1
 8001888:	f841 5b04 	str.w	r5, [r1], #4
 800188c:	d1b8      	bne.n	8001800 <__KeccakF1600_StateExtractLanes>
 800188e:	4770      	bx	lr
 8001890:	f3af 8000 	nop.w
 8001894:	f3af 8000 	nop.w
 8001898:	f3af 8000 	nop.w
 800189c:	f3af 8000 	nop.w
 80018a0:	f3af 8000 	nop.w
 80018a4:	f3af 8000 	nop.w
 80018a8:	f3af 8000 	nop.w
 80018ac:	f3af 8000 	nop.w
 80018b0:	f3af 8000 	nop.w
 80018b4:	f3af 8000 	nop.w
 80018b8:	f3af 8000 	nop.w
 80018bc:	f3af 8000 	nop.w
 80018c0:	0000      	movs	r0, r0
 80018c2:	0000      	movs	r0, r0
 80018c4:	0000      	movs	r0, r0
 80018c6:	0000      	movs	r0, r0
 80018c8:	0000      	movs	r0, r0
 80018ca:	0000      	movs	r0, r0
 80018cc:	0000      	movs	r0, r0
 80018ce:	0000      	movs	r0, r0
 80018d0:	0000      	movs	r0, r0
 80018d2:	0000      	movs	r0, r0
 80018d4:	0000      	movs	r0, r0
 80018d6:	0000      	movs	r0, r0
 80018d8:	0000      	movs	r0, r0
 80018da:	0000      	movs	r0, r0
 80018dc:	0000      	movs	r0, r0
 80018de:	0000      	movs	r0, r0
 80018e0:	0000      	movs	r0, r0
 80018e2:	0000      	movs	r0, r0
 80018e4:	0000      	movs	r0, r0
 80018e6:	0000      	movs	r0, r0
 80018e8:	0000      	movs	r0, r0
 80018ea:	0000      	movs	r0, r0
 80018ec:	0000      	movs	r0, r0
 80018ee:	0000      	movs	r0, r0
 80018f0:	0000      	movs	r0, r0
 80018f2:	0000      	movs	r0, r0
 80018f4:	0000      	movs	r0, r0
 80018f6:	0000      	movs	r0, r0
 80018f8:	0000      	movs	r0, r0
 80018fa:	0000      	movs	r0, r0
 80018fc:	0000      	movs	r0, r0
 80018fe:	0000      	movs	r0, r0

08001900 <__KeccakF1600_StateExtractBytesInLane>:
 8001900:	e8f0 4502 	ldrd	r4, r5, [r0], #8
 8001904:	0026      	movs	r6, r4
 8001906:	f365 441f 	bfi	r4, r5, #16, #16
 800190a:	f36f 050f 	bfc	r5, #0, #16
 800190e:	ea45 4516 	orr.w	r5, r5, r6, lsr #16
 8001912:	ea84 2614 	eor.w	r6, r4, r4, lsr #8
 8001916:	f406 467f 	and.w	r6, r6, #65280	; 0xff00
 800191a:	4074      	eors	r4, r6
 800191c:	ea84 2406 	eor.w	r4, r4, r6, lsl #8
 8001920:	ea84 1614 	eor.w	r6, r4, r4, lsr #4
 8001924:	f006 16f0 	and.w	r6, r6, #15728880	; 0xf000f0
 8001928:	4074      	eors	r4, r6
 800192a:	ea84 1406 	eor.w	r4, r4, r6, lsl #4
 800192e:	ea84 0694 	eor.w	r6, r4, r4, lsr #2
 8001932:	f006 360c 	and.w	r6, r6, #202116108	; 0xc0c0c0c
 8001936:	4074      	eors	r4, r6
 8001938:	ea84 0486 	eor.w	r4, r4, r6, lsl #2
 800193c:	ea84 0654 	eor.w	r6, r4, r4, lsr #1
 8001940:	f006 3622 	and.w	r6, r6, #572662306	; 0x22222222
 8001944:	4074      	eors	r4, r6
 8001946:	ea84 0446 	eor.w	r4, r4, r6, lsl #1
 800194a:	ea85 2615 	eor.w	r6, r5, r5, lsr #8
 800194e:	f406 467f 	and.w	r6, r6, #65280	; 0xff00
 8001952:	4075      	eors	r5, r6
 8001954:	ea85 2506 	eor.w	r5, r5, r6, lsl #8
 8001958:	ea85 1615 	eor.w	r6, r5, r5, lsr #4
 800195c:	f006 16f0 	and.w	r6, r6, #15728880	; 0xf000f0
 8001960:	4075      	eors	r5, r6
 8001962:	ea85 1506 	eor.w	r5, r5, r6, lsl #4
 8001966:	ea85 0695 	eor.w	r6, r5, r5, lsr #2
 800196a:	f006 360c 	and.w	r6, r6, #202116108	; 0xc0c0c0c
 800196e:	4075      	eors	r5, r6
 8001970:	ea85 0586 	eor.w	r5, r5, r6, lsl #2
 8001974:	ea85 0655 	eor.w	r6, r5, r5, lsr #1
 8001978:	f006 3622 	and.w	r6, r6, #572662306	; 0x22222222
 800197c:	4075      	eors	r5, r6
 800197e:	ea85 0546 	eor.w	r5, r5, r6, lsl #1
 8001982:	b430      	push	{r4, r5}
 8001984:	446a      	add	r2, sp

08001986 <__KeccakF1600_StateExtractBytesInLane_Loop>:
 8001986:	f812 4b01 	ldrb.w	r4, [r2], #1
 800198a:	3b01      	subs	r3, #1
 800198c:	f801 4b01 	strb.w	r4, [r1], #1
 8001990:	d1f9      	bne.n	8001986 <__KeccakF1600_StateExtractBytesInLane_Loop>
 8001992:	b002      	add	sp, #8
 8001994:	4770      	bx	lr
 8001996:	bf00      	nop
 8001998:	f3af 8000 	nop.w
 800199c:	f3af 8000 	nop.w
 80019a0:	f3af 8000 	nop.w
 80019a4:	f3af 8000 	nop.w
 80019a8:	f3af 8000 	nop.w
 80019ac:	f3af 8000 	nop.w
 80019b0:	f3af 8000 	nop.w
 80019b4:	f3af 8000 	nop.w
 80019b8:	f3af 8000 	nop.w
 80019bc:	f3af 8000 	nop.w
 80019c0:	0000      	movs	r0, r0
 80019c2:	0000      	movs	r0, r0
 80019c4:	0000      	movs	r0, r0
 80019c6:	0000      	movs	r0, r0
 80019c8:	0000      	movs	r0, r0
 80019ca:	0000      	movs	r0, r0
 80019cc:	0000      	movs	r0, r0
 80019ce:	0000      	movs	r0, r0
 80019d0:	0000      	movs	r0, r0
 80019d2:	0000      	movs	r0, r0
 80019d4:	0000      	movs	r0, r0
 80019d6:	0000      	movs	r0, r0
 80019d8:	0000      	movs	r0, r0
 80019da:	0000      	movs	r0, r0
 80019dc:	0000      	movs	r0, r0
 80019de:	0000      	movs	r0, r0
 80019e0:	0000      	movs	r0, r0
 80019e2:	0000      	movs	r0, r0
 80019e4:	0000      	movs	r0, r0
 80019e6:	0000      	movs	r0, r0
 80019e8:	0000      	movs	r0, r0
 80019ea:	0000      	movs	r0, r0
 80019ec:	0000      	movs	r0, r0
 80019ee:	0000      	movs	r0, r0
 80019f0:	0000      	movs	r0, r0
 80019f2:	0000      	movs	r0, r0
 80019f4:	0000      	movs	r0, r0
 80019f6:	0000      	movs	r0, r0
 80019f8:	0000      	movs	r0, r0
 80019fa:	0000      	movs	r0, r0
 80019fc:	0000      	movs	r0, r0
 80019fe:	0000      	movs	r0, r0

08001a00 <KeccakF1600_StatePermute_RoundConstantsWithTerminator>:
 8001a00:	00000001 	.word	0x00000001
 8001a04:	00000000 	.word	0x00000000
 8001a08:	00000000 	.word	0x00000000
 8001a0c:	00000089 	.word	0x00000089
 8001a10:	00000000 	.word	0x00000000
 8001a14:	8000008b 	.word	0x8000008b
 8001a18:	00000000 	.word	0x00000000
 8001a1c:	80008080 	.word	0x80008080
 8001a20:	00000001 	.word	0x00000001
 8001a24:	0000008b 	.word	0x0000008b
 8001a28:	00000001 	.word	0x00000001
 8001a2c:	00008000 	.word	0x00008000
 8001a30:	00000001 	.word	0x00000001
 8001a34:	80008088 	.word	0x80008088
 8001a38:	00000001 	.word	0x00000001
 8001a3c:	80000082 	.word	0x80000082
 8001a40:	00000000 	.word	0x00000000
 8001a44:	0000000b 	.word	0x0000000b
 8001a48:	00000000 	.word	0x00000000
 8001a4c:	0000000a 	.word	0x0000000a
 8001a50:	00000001 	.word	0x00000001
 8001a54:	00008082 	.word	0x00008082
 8001a58:	00000000 	.word	0x00000000
 8001a5c:	00008003 	.word	0x00008003
 8001a60:	00000001 	.word	0x00000001
 8001a64:	0000808b 	.word	0x0000808b
 8001a68:	00000001 	.word	0x00000001
 8001a6c:	8000000b 	.word	0x8000000b
 8001a70:	00000001 	.word	0x00000001
 8001a74:	8000008a 	.word	0x8000008a
 8001a78:	00000001 	.word	0x00000001
 8001a7c:	80000081 	.word	0x80000081
 8001a80:	00000000 	.word	0x00000000
 8001a84:	80000081 	.word	0x80000081
 8001a88:	00000000 	.word	0x00000000
 8001a8c:	80000008 	.word	0x80000008
 8001a90:	00000000 	.word	0x00000000
 8001a94:	00000083 	.word	0x00000083
 8001a98:	00000000 	.word	0x00000000
 8001a9c:	80008003 	.word	0x80008003
 8001aa0:	00000001 	.word	0x00000001
 8001aa4:	80008088 	.word	0x80008088
 8001aa8:	00000000 	.word	0x00000000
 8001aac:	80000088 	.word	0x80000088
 8001ab0:	00000001 	.word	0x00000001
 8001ab4:	00008000 	.word	0x00008000
 8001ab8:	00000000 	.word	0x00000000
 8001abc:	80008082 	.word	0x80008082
 8001ac0:	000000ff 	.word	0x000000ff
 8001ac4:	f3af 8000 	nop.w
 8001ac8:	f3af 8000 	nop.w
 8001acc:	f3af 8000 	nop.w
 8001ad0:	f3af 8000 	nop.w
 8001ad4:	f3af 8000 	nop.w
 8001ad8:	f3af 8000 	nop.w
 8001adc:	f3af 8000 	nop.w
 8001ae0:	f3af 8000 	nop.w
 8001ae4:	f3af 8000 	nop.w
 8001ae8:	f3af 8000 	nop.w
 8001aec:	f3af 8000 	nop.w
 8001af0:	f3af 8000 	nop.w
 8001af4:	f3af 8000 	nop.w
 8001af8:	f3af 8000 	nop.w
 8001afc:	f3af 8000 	nop.w

08001b00 <KeccakF1600_StatePermute>:
 8001b00:	f2af 1104 	subw	r1, pc, #260	; 0x104
 8001b04:	e92d 5ff0 	stmdb	sp!, {r4, r5, r6, r7, r8, r9, sl, fp, ip, lr}
 8001b08:	b086      	sub	sp, #24
 8001b0a:	9105      	str	r1, [sp, #20]

08001b0c <KeccakF1600_StatePermute_RoundLoop>:
 8001b0c:	f8d0 3020 	ldr.w	r3, [r0, #32]
 8001b10:	f8d0 1048 	ldr.w	r1, [r0, #72]	; 0x48
 8001b14:	f8d0 5070 	ldr.w	r5, [r0, #112]	; 0x70
 8001b18:	f8d0 b098 	ldr.w	fp, [r0, #152]	; 0x98
 8001b1c:	f8d0 c0c0 	ldr.w	ip, [r0, #192]	; 0xc0
 8001b20:	ea83 0301 	eor.w	r3, r3, r1
 8001b24:	ea83 0305 	eor.w	r3, r3, r5
 8001b28:	ea83 030b 	eor.w	r3, r3, fp
 8001b2c:	ea83 030c 	eor.w	r3, r3, ip
 8001b30:	f8d0 700c 	ldr.w	r7, [r0, #12]
 8001b34:	f8d0 1034 	ldr.w	r1, [r0, #52]	; 0x34
 8001b38:	f8d0 505c 	ldr.w	r5, [r0, #92]	; 0x5c
 8001b3c:	f8d0 b084 	ldr.w	fp, [r0, #132]	; 0x84
 8001b40:	f8d0 c0ac 	ldr.w	ip, [r0, #172]	; 0xac
 8001b44:	ea87 0701 	eor.w	r7, r7, r1
 8001b48:	ea87 0705 	eor.w	r7, r7, r5
 8001b4c:	ea87 070b 	eor.w	r7, r7, fp
 8001b50:	ea87 070c 	eor.w	r7, r7, ip
 8001b54:	ea83 76f7 	eor.w	r6, r3, r7, ror #31
 8001b58:	f8d0 4014 	ldr.w	r4, [r0, #20]
 8001b5c:	f8d0 103c 	ldr.w	r1, [r0, #60]	; 0x3c
 8001b60:	f8d0 5064 	ldr.w	r5, [r0, #100]	; 0x64
 8001b64:	f8d0 b08c 	ldr.w	fp, [r0, #140]	; 0x8c
 8001b68:	f8d0 c0b4 	ldr.w	ip, [r0, #180]	; 0xb4
 8001b6c:	f8cd 6000 	str.w	r6, [sp]
 8001b70:	ea84 0401 	eor.w	r4, r4, r1
 8001b74:	ea84 0405 	eor.w	r4, r4, r5
 8001b78:	ea84 040b 	eor.w	r4, r4, fp
 8001b7c:	ea84 040c 	eor.w	r4, r4, ip
 8001b80:	ea83 0604 	eor.w	r6, r3, r4
 8001b84:	f8d0 3018 	ldr.w	r3, [r0, #24]
 8001b88:	f8d0 1040 	ldr.w	r1, [r0, #64]	; 0x40
 8001b8c:	f8d0 5068 	ldr.w	r5, [r0, #104]	; 0x68
 8001b90:	f8d0 b090 	ldr.w	fp, [r0, #144]	; 0x90
 8001b94:	f8d0 c0b8 	ldr.w	ip, [r0, #184]	; 0xb8
 8001b98:	f8cd 600c 	str.w	r6, [sp, #12]
 8001b9c:	ea83 0301 	eor.w	r3, r3, r1
 8001ba0:	ea83 0305 	eor.w	r3, r3, r5
 8001ba4:	ea83 030b 	eor.w	r3, r3, fp
 8001ba8:	ea83 030c 	eor.w	r3, r3, ip
 8001bac:	ea87 0203 	eor.w	r2, r7, r3
 8001bb0:	f8d0 7000 	ldr.w	r7, [r0]
 8001bb4:	f8d0 1028 	ldr.w	r1, [r0, #40]	; 0x28
 8001bb8:	f8d0 5050 	ldr.w	r5, [r0, #80]	; 0x50
 8001bbc:	f8d0 b078 	ldr.w	fp, [r0, #120]	; 0x78
 8001bc0:	f8d0 c0a0 	ldr.w	ip, [r0, #160]	; 0xa0
 8001bc4:	ea87 0701 	eor.w	r7, r7, r1
 8001bc8:	ea87 0705 	eor.w	r7, r7, r5
 8001bcc:	ea87 070b 	eor.w	r7, r7, fp
 8001bd0:	ea87 070c 	eor.w	r7, r7, ip
 8001bd4:	ea87 7af4 	eor.w	sl, r7, r4, ror #31
 8001bd8:	f8d0 401c 	ldr.w	r4, [r0, #28]
 8001bdc:	f8d0 1044 	ldr.w	r1, [r0, #68]	; 0x44
 8001be0:	f8d0 506c 	ldr.w	r5, [r0, #108]	; 0x6c
 8001be4:	f8d0 b094 	ldr.w	fp, [r0, #148]	; 0x94
 8001be8:	f8d0 c0bc 	ldr.w	ip, [r0, #188]	; 0xbc
 8001bec:	ea84 0401 	eor.w	r4, r4, r1
 8001bf0:	ea84 0405 	eor.w	r4, r4, r5
 8001bf4:	ea84 040b 	eor.w	r4, r4, fp
 8001bf8:	ea84 040c 	eor.w	r4, r4, ip
 8001bfc:	ea84 0e07 	eor.w	lr, r4, r7
 8001c00:	f8d0 7008 	ldr.w	r7, [r0, #8]
 8001c04:	f8d0 1030 	ldr.w	r1, [r0, #48]	; 0x30
 8001c08:	f8d0 5058 	ldr.w	r5, [r0, #88]	; 0x58
 8001c0c:	f8d0 b080 	ldr.w	fp, [r0, #128]	; 0x80
 8001c10:	f8d0 c0a8 	ldr.w	ip, [r0, #168]	; 0xa8
 8001c14:	ea87 0701 	eor.w	r7, r7, r1
 8001c18:	ea87 0705 	eor.w	r7, r7, r5
 8001c1c:	ea87 070b 	eor.w	r7, r7, fp
 8001c20:	ea87 070c 	eor.w	r7, r7, ip
 8001c24:	ea87 76f4 	eor.w	r6, r7, r4, ror #31
 8001c28:	f8d0 4024 	ldr.w	r4, [r0, #36]	; 0x24
 8001c2c:	f8d0 104c 	ldr.w	r1, [r0, #76]	; 0x4c
 8001c30:	f8d0 5074 	ldr.w	r5, [r0, #116]	; 0x74
 8001c34:	f8d0 b09c 	ldr.w	fp, [r0, #156]	; 0x9c
 8001c38:	f8d0 c0c4 	ldr.w	ip, [r0, #196]	; 0xc4
 8001c3c:	f8cd 6010 	str.w	r6, [sp, #16]
 8001c40:	ea84 0401 	eor.w	r4, r4, r1
 8001c44:	ea84 0405 	eor.w	r4, r4, r5
 8001c48:	ea84 040b 	eor.w	r4, r4, fp
 8001c4c:	ea84 040c 	eor.w	r4, r4, ip
 8001c50:	ea84 0807 	eor.w	r8, r4, r7
 8001c54:	f8d0 7010 	ldr.w	r7, [r0, #16]
 8001c58:	f8d0 1038 	ldr.w	r1, [r0, #56]	; 0x38
 8001c5c:	f8d0 5060 	ldr.w	r5, [r0, #96]	; 0x60
 8001c60:	f8d0 b088 	ldr.w	fp, [r0, #136]	; 0x88
 8001c64:	f8d0 c0b0 	ldr.w	ip, [r0, #176]	; 0xb0
 8001c68:	f8cd 8004 	str.w	r8, [sp, #4]
 8001c6c:	ea87 0701 	eor.w	r7, r7, r1
 8001c70:	ea87 0705 	eor.w	r7, r7, r5
 8001c74:	ea87 070b 	eor.w	r7, r7, fp
 8001c78:	ea87 070c 	eor.w	r7, r7, ip
 8001c7c:	ea87 79f4 	eor.w	r9, r7, r4, ror #31
 8001c80:	f8d0 4004 	ldr.w	r4, [r0, #4]
 8001c84:	f8d0 102c 	ldr.w	r1, [r0, #44]	; 0x2c
 8001c88:	f8d0 5054 	ldr.w	r5, [r0, #84]	; 0x54
 8001c8c:	f8d0 b07c 	ldr.w	fp, [r0, #124]	; 0x7c
 8001c90:	f8d0 c0a4 	ldr.w	ip, [r0, #164]	; 0xa4
 8001c94:	f8cd 9008 	str.w	r9, [sp, #8]
 8001c98:	ea84 0401 	eor.w	r4, r4, r1
 8001c9c:	ea84 0405 	eor.w	r4, r4, r5
 8001ca0:	ea84 040b 	eor.w	r4, r4, fp
 8001ca4:	ea84 040c 	eor.w	r4, r4, ip
 8001ca8:	ea84 0b07 	eor.w	fp, r4, r7
 8001cac:	ea83 7cf4 	eor.w	ip, r3, r4, ror #31
 8001cb0:	f8d0 3018 	ldr.w	r3, [r0, #24]
 8001cb4:	f8d0 4048 	ldr.w	r4, [r0, #72]	; 0x48
 8001cb8:	f8d0 5054 	ldr.w	r5, [r0, #84]	; 0x54
 8001cbc:	f8d0 6084 	ldr.w	r6, [r0, #132]	; 0x84
 8001cc0:	f8d0 70b4 	ldr.w	r7, [r0, #180]	; 0xb4
 8001cc4:	f8c0 1054 	str.w	r1, [r0, #84]	; 0x54
 8001cc8:	ea89 0303 	eor.w	r3, r9, r3
 8001ccc:	ea8c 0404 	eor.w	r4, ip, r4
 8001cd0:	ea88 0505 	eor.w	r5, r8, r5
 8001cd4:	ea8b 0606 	eor.w	r6, fp, r6
 8001cd8:	ea82 0707 	eor.w	r7, r2, r7
 8001cdc:	ea25 6134 	bic.w	r1, r5, r4, ror #24
 8001ce0:	ea81 5133 	eor.w	r1, r1, r3, ror #20
 8001ce4:	f8c0 1054 	str.w	r1, [r0, #84]	; 0x54
 8001ce8:	ea26 5175 	bic.w	r1, r6, r5, ror #21
 8001cec:	ea81 3174 	eor.w	r1, r1, r4, ror #13
 8001cf0:	f8c0 1084 	str.w	r1, [r0, #132]	; 0x84
 8001cf4:	ea27 2136 	bic.w	r1, r7, r6, ror #8
 8001cf8:	ea81 7175 	eor.w	r1, r1, r5, ror #29
 8001cfc:	f8c0 10b4 	str.w	r1, [r0, #180]	; 0xb4
 8001d00:	ea23 31f7 	bic.w	r1, r3, r7, ror #15
 8001d04:	ea81 51f6 	eor.w	r1, r1, r6, ror #23
 8001d08:	f8c0 1018 	str.w	r1, [r0, #24]
 8001d0c:	ea24 7133 	bic.w	r1, r4, r3, ror #28
 8001d10:	ea81 21f7 	eor.w	r1, r1, r7, ror #11
 8001d14:	f8d0 3008 	ldr.w	r3, [r0, #8]
 8001d18:	f8d0 403c 	ldr.w	r4, [r0, #60]	; 0x3c
 8001d1c:	f8d0 5068 	ldr.w	r5, [r0, #104]	; 0x68
 8001d20:	f8d0 609c 	ldr.w	r6, [r0, #156]	; 0x9c
 8001d24:	f8d0 70a4 	ldr.w	r7, [r0, #164]	; 0xa4
 8001d28:	f8c0 1048 	str.w	r1, [r0, #72]	; 0x48
 8001d2c:	ea8a 0303 	eor.w	r3, sl, r3
 8001d30:	ea82 0404 	eor.w	r4, r2, r4
 8001d34:	ea89 0505 	eor.w	r5, r9, r5
 8001d38:	ea8e 0606 	eor.w	r6, lr, r6
 8001d3c:	ea88 0707 	eor.w	r7, r8, r7
 8001d40:	ea25 2174 	bic.w	r1, r5, r4, ror #9
 8001d44:	ea81 3133 	eor.w	r1, r1, r3, ror #12
 8001d48:	f8c0 10a4 	str.w	r1, [r0, #164]	; 0xa4
 8001d4c:	ea26 6135 	bic.w	r1, r6, r5, ror #24
 8001d50:	ea81 0174 	eor.w	r1, r1, r4, ror #1
 8001d54:	f8c0 1008 	str.w	r1, [r0, #8]
 8001d58:	ea27 1176 	bic.w	r1, r7, r6, ror #5
 8001d5c:	ea81 7175 	eor.w	r1, r1, r5, ror #29
 8001d60:	f8c0 103c 	str.w	r1, [r0, #60]	; 0x3c
 8001d64:	ea23 51f7 	bic.w	r1, r3, r7, ror #23
 8001d68:	ea81 7136 	eor.w	r1, r1, r6, ror #28
 8001d6c:	f8c0 1068 	str.w	r1, [r0, #104]	; 0x68
 8001d70:	ea24 01f3 	bic.w	r1, r4, r3, ror #3
 8001d74:	ea81 61b7 	eor.w	r1, r1, r7, ror #26
 8001d78:	f8dd 8000 	ldr.w	r8, [sp]
 8001d7c:	f8d0 3024 	ldr.w	r3, [r0, #36]	; 0x24
 8001d80:	f8d0 4028 	ldr.w	r4, [r0, #40]	; 0x28
 8001d84:	f8d0 5058 	ldr.w	r5, [r0, #88]	; 0x58
 8001d88:	f8d0 608c 	ldr.w	r6, [r0, #140]	; 0x8c
 8001d8c:	f8d0 70b8 	ldr.w	r7, [r0, #184]	; 0xb8
 8001d90:	f8c0 109c 	str.w	r1, [r0, #156]	; 0x9c
 8001d94:	ea8e 0303 	eor.w	r3, lr, r3
 8001d98:	ea88 0404 	eor.w	r4, r8, r4
 8001d9c:	ea8a 0505 	eor.w	r5, sl, r5
 8001da0:	ea82 0606 	eor.w	r6, r2, r6
 8001da4:	ea89 0707 	eor.w	r7, r9, r7
 8001da8:	ea25 41f4 	bic.w	r1, r5, r4, ror #19
 8001dac:	ea81 51f3 	eor.w	r1, r1, r3, ror #23
 8001db0:	f8c0 1028 	str.w	r1, [r0, #40]	; 0x28
 8001db4:	ea26 01f5 	bic.w	r1, r6, r5, ror #3
 8001db8:	ea81 51b4 	eor.w	r1, r1, r4, ror #22
 8001dbc:	f8c0 1058 	str.w	r1, [r0, #88]	; 0x58
 8001dc0:	ea27 5136 	bic.w	r1, r7, r6, ror #20
 8001dc4:	ea81 51f5 	eor.w	r1, r1, r5, ror #23
 8001dc8:	f8c0 108c 	str.w	r1, [r0, #140]	; 0x8c
 8001dcc:	ea23 41b7 	bic.w	r1, r3, r7, ror #18
 8001dd0:	ea81 11b6 	eor.w	r1, r1, r6, ror #6
 8001dd4:	f8c0 10b8 	str.w	r1, [r0, #184]	; 0xb8
 8001dd8:	ea24 1133 	bic.w	r1, r4, r3, ror #4
 8001ddc:	ea81 51b7 	eor.w	r1, r1, r7, ror #22
 8001de0:	f8d0 3014 	ldr.w	r3, [r0, #20]
 8001de4:	f8d0 4040 	ldr.w	r4, [r0, #64]	; 0x40
 8001de8:	f8d0 5070 	ldr.w	r5, [r0, #112]	; 0x70
 8001dec:	f8d0 6078 	ldr.w	r6, [r0, #120]	; 0x78
 8001df0:	f8d0 70ac 	ldr.w	r7, [r0, #172]	; 0xac
 8001df4:	f8c0 1024 	str.w	r1, [r0, #36]	; 0x24
 8001df8:	ea82 0303 	eor.w	r3, r2, r3
 8001dfc:	ea89 0404 	eor.w	r4, r9, r4
 8001e00:	ea8c 0505 	eor.w	r5, ip, r5
 8001e04:	ea88 0606 	eor.w	r6, r8, r6
 8001e08:	ea8b 0707 	eor.w	r7, fp, r7
 8001e0c:	ea25 6134 	bic.w	r1, r5, r4, ror #24
 8001e10:	ea81 5133 	eor.w	r1, r1, r3, ror #20
 8001e14:	f8c0 1078 	str.w	r1, [r0, #120]	; 0x78
 8001e18:	ea26 0175 	bic.w	r1, r6, r5, ror #1
 8001e1c:	ea81 6174 	eor.w	r1, r1, r4, ror #25
 8001e20:	f8c0 10ac 	str.w	r1, [r0, #172]	; 0xac
 8001e24:	ea27 3176 	bic.w	r1, r7, r6, ror #13
 8001e28:	ea81 31b5 	eor.w	r1, r1, r5, ror #14
 8001e2c:	f8c0 1014 	str.w	r1, [r0, #20]
 8001e30:	ea23 71b7 	bic.w	r1, r3, r7, ror #30
 8001e34:	ea81 21f6 	eor.w	r1, r1, r6, ror #11
 8001e38:	f8c0 1040 	str.w	r1, [r0, #64]	; 0x40
 8001e3c:	ea24 7133 	bic.w	r1, r4, r3, ror #28
 8001e40:	ea81 61b7 	eor.w	r1, r1, r7, ror #26
 8001e44:	f8dd 900c 	ldr.w	r9, [sp, #12]
 8001e48:	f8d0 3000 	ldr.w	r3, [r0]
 8001e4c:	6b04      	ldr	r4, [r0, #48]	; 0x30
 8001e4e:	6e45      	ldr	r5, [r0, #100]	; 0x64
 8001e50:	f8d0 6094 	ldr.w	r6, [r0, #148]	; 0x94
 8001e54:	f8d0 70c0 	ldr.w	r7, [r0, #192]	; 0xc0
 8001e58:	f8c0 1070 	str.w	r1, [r0, #112]	; 0x70
 8001e5c:	ea88 0303 	eor.w	r3, r8, r3
 8001e60:	ea8a 0404 	eor.w	r4, sl, r4
 8001e64:	ea82 0505 	eor.w	r5, r2, r5
 8001e68:	ea89 0606 	eor.w	r6, r9, r6
 8001e6c:	ea8c 0707 	eor.w	r7, ip, r7
 8001e70:	ea26 5175 	bic.w	r1, r6, r5, ror #21
 8001e74:	ea81 5174 	eor.w	r1, r1, r4, ror #21
 8001e78:	f8c0 1030 	str.w	r1, [r0, #48]	; 0x30
 8001e7c:	ea27 7136 	bic.w	r1, r7, r6, ror #28
 8001e80:	ea81 4175 	eor.w	r1, r1, r5, ror #17
 8001e84:	f8c0 1064 	str.w	r1, [r0, #100]	; 0x64
 8001e88:	ea23 6177 	bic.w	r1, r3, r7, ror #25
 8001e8c:	ea81 5176 	eor.w	r1, r1, r6, ror #21
 8001e90:	f8c0 1094 	str.w	r1, [r0, #148]	; 0x94
 8001e94:	ea24 51b3 	bic.w	r1, r4, r3, ror #22
 8001e98:	ea81 31f7 	eor.w	r1, r1, r7, ror #15
 8001e9c:	f8c0 10c0 	str.w	r1, [r0, #192]	; 0xc0
 8001ea0:	ea25 0504 	bic.w	r5, r5, r4
 8001ea4:	9905      	ldr	r1, [sp, #20]
 8001ea6:	680c      	ldr	r4, [r1, #0]
 8001ea8:	ea83 23b5 	eor.w	r3, r3, r5, ror #10
 8001eac:	ea84 0103 	eor.w	r1, r4, r3
 8001eb0:	f8dd 2010 	ldr.w	r2, [sp, #16]
 8001eb4:	f8d0 301c 	ldr.w	r3, [r0, #28]
 8001eb8:	f8d0 404c 	ldr.w	r4, [r0, #76]	; 0x4c
 8001ebc:	f8d0 5050 	ldr.w	r5, [r0, #80]	; 0x50
 8001ec0:	f8d0 6080 	ldr.w	r6, [r0, #128]	; 0x80
 8001ec4:	f8d0 70b0 	ldr.w	r7, [r0, #176]	; 0xb0
 8001ec8:	f8c0 1000 	str.w	r1, [r0]
 8001ecc:	ea89 0303 	eor.w	r3, r9, r3
 8001ed0:	ea8e 0404 	eor.w	r4, lr, r4
 8001ed4:	ea88 0505 	eor.w	r5, r8, r5
 8001ed8:	ea8a 0606 	eor.w	r6, sl, r6
 8001edc:	ea82 0707 	eor.w	r7, r2, r7
 8001ee0:	ea25 51f4 	bic.w	r1, r5, r4, ror #23
 8001ee4:	ea81 41f3 	eor.w	r1, r1, r3, ror #19
 8001ee8:	f8c0 1050 	str.w	r1, [r0, #80]	; 0x50
 8001eec:	ea26 5175 	bic.w	r1, r6, r5, ror #21
 8001ef0:	ea81 3134 	eor.w	r1, r1, r4, ror #12
 8001ef4:	f8c0 1080 	str.w	r1, [r0, #128]	; 0x80
 8001ef8:	ea27 2136 	bic.w	r1, r7, r6, ror #8
 8001efc:	ea81 7175 	eor.w	r1, r1, r5, ror #29
 8001f00:	f8c0 10b0 	str.w	r1, [r0, #176]	; 0xb0
 8001f04:	ea23 4137 	bic.w	r1, r3, r7, ror #16
 8001f08:	ea81 6136 	eor.w	r1, r1, r6, ror #24
 8001f0c:	f8c0 101c 	str.w	r1, [r0, #28]
 8001f10:	ea24 7133 	bic.w	r1, r4, r3, ror #28
 8001f14:	ea81 3137 	eor.w	r1, r1, r7, ror #12
 8001f18:	f8d0 300c 	ldr.w	r3, [r0, #12]
 8001f1c:	f8d0 4038 	ldr.w	r4, [r0, #56]	; 0x38
 8001f20:	f8d0 506c 	ldr.w	r5, [r0, #108]	; 0x6c
 8001f24:	f8d0 6098 	ldr.w	r6, [r0, #152]	; 0x98
 8001f28:	f8d0 70a0 	ldr.w	r7, [r0, #160]	; 0xa0
 8001f2c:	f8c0 104c 	str.w	r1, [r0, #76]	; 0x4c
 8001f30:	ea8b 0303 	eor.w	r3, fp, r3
 8001f34:	ea82 0404 	eor.w	r4, r2, r4
 8001f38:	ea89 0505 	eor.w	r5, r9, r5
 8001f3c:	ea8c 0606 	eor.w	r6, ip, r6
 8001f40:	ea88 0707 	eor.w	r7, r8, r7
 8001f44:	ea25 21b4 	bic.w	r1, r5, r4, ror #10
 8001f48:	ea81 3133 	eor.w	r1, r1, r3, ror #12
 8001f4c:	f8c0 10a0 	str.w	r1, [r0, #160]	; 0xa0
 8001f50:	ea26 51f5 	bic.w	r1, r6, r5, ror #23
 8001f54:	ea81 0174 	eor.w	r1, r1, r4, ror #1
 8001f58:	f8c0 100c 	str.w	r1, [r0, #12]
 8001f5c:	ea27 1176 	bic.w	r1, r7, r6, ror #5
 8001f60:	ea81 7135 	eor.w	r1, r1, r5, ror #28
 8001f64:	f8c0 1038 	str.w	r1, [r0, #56]	; 0x38
 8001f68:	ea23 6137 	bic.w	r1, r3, r7, ror #24
 8001f6c:	ea81 7176 	eor.w	r1, r1, r6, ror #29
 8001f70:	f8c0 106c 	str.w	r1, [r0, #108]	; 0x6c
 8001f74:	ea24 01b3 	bic.w	r1, r4, r3, ror #2
 8001f78:	ea81 61b7 	eor.w	r1, r1, r7, ror #26
 8001f7c:	f8dd 8004 	ldr.w	r8, [sp, #4]
 8001f80:	f8d0 3020 	ldr.w	r3, [r0, #32]
 8001f84:	f8d0 402c 	ldr.w	r4, [r0, #44]	; 0x2c
 8001f88:	f8d0 505c 	ldr.w	r5, [r0, #92]	; 0x5c
 8001f8c:	f8d0 6088 	ldr.w	r6, [r0, #136]	; 0x88
 8001f90:	f8d0 70bc 	ldr.w	r7, [r0, #188]	; 0xbc
 8001f94:	f8c0 1098 	str.w	r1, [r0, #152]	; 0x98
 8001f98:	ea8c 0303 	eor.w	r3, ip, r3
 8001f9c:	ea88 0404 	eor.w	r4, r8, r4
 8001fa0:	ea8b 0505 	eor.w	r5, fp, r5
 8001fa4:	ea82 0606 	eor.w	r6, r2, r6
 8001fa8:	ea89 0707 	eor.w	r7, r9, r7
 8001fac:	ea25 41f4 	bic.w	r1, r5, r4, ror #19
 8001fb0:	ea81 6133 	eor.w	r1, r1, r3, ror #24
 8001fb4:	f8c0 102c 	str.w	r1, [r0, #44]	; 0x2c
 8001fb8:	ea26 01b5 	bic.w	r1, r6, r5, ror #2
 8001fbc:	ea81 5174 	eor.w	r1, r1, r4, ror #21
 8001fc0:	f8c0 105c 	str.w	r1, [r0, #92]	; 0x5c
 8001fc4:	ea27 5176 	bic.w	r1, r7, r6, ror #21
 8001fc8:	ea81 51f5 	eor.w	r1, r1, r5, ror #23
 8001fcc:	f8c0 1088 	str.w	r1, [r0, #136]	; 0x88
 8001fd0:	ea23 4177 	bic.w	r1, r3, r7, ror #17
 8001fd4:	ea81 11b6 	eor.w	r1, r1, r6, ror #6
 8001fd8:	f8c0 10bc 	str.w	r1, [r0, #188]	; 0xbc
 8001fdc:	ea24 1173 	bic.w	r1, r4, r3, ror #5
 8001fe0:	ea81 51b7 	eor.w	r1, r1, r7, ror #22
 8001fe4:	f8d0 3010 	ldr.w	r3, [r0, #16]
 8001fe8:	f8d0 4044 	ldr.w	r4, [r0, #68]	; 0x44
 8001fec:	f8d0 5074 	ldr.w	r5, [r0, #116]	; 0x74
 8001ff0:	f8d0 607c 	ldr.w	r6, [r0, #124]	; 0x7c
 8001ff4:	f8d0 70a8 	ldr.w	r7, [r0, #168]	; 0xa8
 8001ff8:	f8c0 1020 	str.w	r1, [r0, #32]
 8001ffc:	ea82 0303 	eor.w	r3, r2, r3
 8002000:	ea89 0404 	eor.w	r4, r9, r4
 8002004:	ea8e 0505 	eor.w	r5, lr, r5
 8002008:	ea88 0606 	eor.w	r6, r8, r6
 800200c:	ea8a 0707 	eor.w	r7, sl, r7
 8002010:	ea25 6134 	bic.w	r1, r5, r4, ror #24
 8002014:	ea81 5173 	eor.w	r1, r1, r3, ror #21
 8002018:	f8c0 107c 	str.w	r1, [r0, #124]	; 0x7c
 800201c:	ea26 0175 	bic.w	r1, r6, r5, ror #1
 8002020:	ea81 6174 	eor.w	r1, r1, r4, ror #25
 8002024:	f8c0 10a8 	str.w	r1, [r0, #168]	; 0xa8
 8002028:	ea27 3136 	bic.w	r1, r7, r6, ror #12
 800202c:	ea81 3175 	eor.w	r1, r1, r5, ror #13
 8002030:	f8c0 1010 	str.w	r1, [r0, #16]
 8002034:	ea23 71b7 	bic.w	r1, r3, r7, ror #30
 8002038:	ea81 21b6 	eor.w	r1, r1, r6, ror #10
 800203c:	f8c0 1044 	str.w	r1, [r0, #68]	; 0x44
 8002040:	ea24 7173 	bic.w	r1, r4, r3, ror #29
 8002044:	ea81 61f7 	eor.w	r1, r1, r7, ror #27
 8002048:	f8dd 9008 	ldr.w	r9, [sp, #8]
 800204c:	f8d0 3004 	ldr.w	r3, [r0, #4]
 8002050:	6b44      	ldr	r4, [r0, #52]	; 0x34
 8002052:	6e05      	ldr	r5, [r0, #96]	; 0x60
 8002054:	f8d0 6090 	ldr.w	r6, [r0, #144]	; 0x90
 8002058:	f8d0 70c4 	ldr.w	r7, [r0, #196]	; 0xc4
 800205c:	f8c0 1074 	str.w	r1, [r0, #116]	; 0x74
 8002060:	ea88 0303 	eor.w	r3, r8, r3
 8002064:	ea8b 0404 	eor.w	r4, fp, r4
 8002068:	ea82 0505 	eor.w	r5, r2, r5
 800206c:	ea89 0606 	eor.w	r6, r9, r6
 8002070:	ea8e 0707 	eor.w	r7, lr, r7
 8002074:	ea26 5175 	bic.w	r1, r6, r5, ror #21
 8002078:	ea81 5134 	eor.w	r1, r1, r4, ror #20
 800207c:	f8c0 1034 	str.w	r1, [r0, #52]	; 0x34
 8002080:	ea27 7176 	bic.w	r1, r7, r6, ror #29
 8002084:	ea81 41b5 	eor.w	r1, r1, r5, ror #18
 8002088:	f8c0 1060 	str.w	r1, [r0, #96]	; 0x60
 800208c:	ea23 6177 	bic.w	r1, r3, r7, ror #25
 8002090:	ea81 51b6 	eor.w	r1, r1, r6, ror #22
 8002094:	f8c0 1090 	str.w	r1, [r0, #144]	; 0x90
 8002098:	ea24 51b3 	bic.w	r1, r4, r3, ror #22
 800209c:	ea81 31f7 	eor.w	r1, r1, r7, ror #15
 80020a0:	f8c0 10c4 	str.w	r1, [r0, #196]	; 0xc4
 80020a4:	ea25 75f4 	bic.w	r5, r5, r4, ror #31
 80020a8:	9905      	ldr	r1, [sp, #20]
 80020aa:	684c      	ldr	r4, [r1, #4]
 80020ac:	ea83 23f5 	eor.w	r3, r3, r5, ror #11
 80020b0:	ea84 0e03 	eor.w	lr, r4, r3
 80020b4:	f8d0 30c0 	ldr.w	r3, [r0, #192]	; 0xc0
 80020b8:	f8d0 1048 	ldr.w	r1, [r0, #72]	; 0x48
 80020bc:	f8d0 5098 	ldr.w	r5, [r0, #152]	; 0x98
 80020c0:	f8d0 b024 	ldr.w	fp, [r0, #36]	; 0x24
 80020c4:	f8d0 c074 	ldr.w	ip, [r0, #116]	; 0x74
 80020c8:	f8c0 e004 	str.w	lr, [r0, #4]
 80020cc:	ea83 3331 	eor.w	r3, r3, r1, ror #12
 80020d0:	ea83 43f5 	eor.w	r3, r3, r5, ror #19
 80020d4:	ea83 133b 	eor.w	r3, r3, fp, ror #4
 80020d8:	ea83 63bc 	eor.w	r3, r3, ip, ror #26
 80020dc:	f8d0 7034 	ldr.w	r7, [r0, #52]	; 0x34
 80020e0:	f8d0 1080 	ldr.w	r1, [r0, #128]	; 0x80
 80020e4:	f8d0 5008 	ldr.w	r5, [r0, #8]
 80020e8:	f8d0 b05c 	ldr.w	fp, [r0, #92]	; 0x5c
 80020ec:	f8d0 c0ac 	ldr.w	ip, [r0, #172]	; 0xac
 80020f0:	ea87 5731 	eor.w	r7, r7, r1, ror #20
 80020f4:	ea87 17b5 	eor.w	r7, r7, r5, ror #6
 80020f8:	ea87 07fb 	eor.w	r7, r7, fp, ror #3
 80020fc:	ea87 57bc 	eor.w	r7, r7, ip, ror #22
 8002100:	ea4f 23b3 	mov.w	r3, r3, ror #10
 8002104:	ea83 5677 	eor.w	r6, r3, r7, ror #21
 8002108:	f8d0 4060 	ldr.w	r4, [r0, #96]	; 0x60
 800210c:	f8d0 10b0 	ldr.w	r1, [r0, #176]	; 0xb0
 8002110:	f8d0 503c 	ldr.w	r5, [r0, #60]	; 0x3c
 8002114:	f8d0 b088 	ldr.w	fp, [r0, #136]	; 0x88
 8002118:	f8d0 c014 	ldr.w	ip, [r0, #20]
 800211c:	f8cd 6000 	str.w	r6, [sp]
 8002120:	ea84 2471 	eor.w	r4, r4, r1, ror #9
 8002124:	ea84 74b5 	eor.w	r4, r4, r5, ror #30
 8002128:	ea84 24fb 	eor.w	r4, r4, fp, ror #11
 800212c:	ea84 14bc 	eor.w	r4, r4, ip, ror #6
 8002130:	ea83 6674 	eor.w	r6, r3, r4, ror #25
 8002134:	f8d0 3094 	ldr.w	r3, [r0, #148]	; 0x94
 8002138:	f8d0 1018 	ldr.w	r1, [r0, #24]
 800213c:	f8d0 506c 	ldr.w	r5, [r0, #108]	; 0x6c
 8002140:	f8d0 b0b8 	ldr.w	fp, [r0, #184]	; 0xb8
 8002144:	f8d0 c044 	ldr.w	ip, [r0, #68]	; 0x44
 8002148:	f8cd 600c 	str.w	r6, [sp, #12]
 800214c:	ea83 43b1 	eor.w	r3, r3, r1, ror #18
 8002150:	ea83 73f5 	eor.w	r3, r3, r5, ror #31
 8002154:	ea83 43bb 	eor.w	r3, r3, fp, ror #18
 8002158:	ea83 037c 	eor.w	r3, r3, ip, ror #1
 800215c:	ea83 52b7 	eor.w	r2, r3, r7, ror #22
 8002160:	f8d0 7000 	ldr.w	r7, [r0]
 8002164:	f8d0 1054 	ldr.w	r1, [r0, #84]	; 0x54
 8002168:	f8d0 50a0 	ldr.w	r5, [r0, #160]	; 0xa0
 800216c:	f8d0 b028 	ldr.w	fp, [r0, #40]	; 0x28
 8002170:	f8d0 c07c 	ldr.w	ip, [r0, #124]	; 0x7c
 8002174:	ea87 77b1 	eor.w	r7, r7, r1, ror #30
 8002178:	ea87 47f5 	eor.w	r7, r7, r5, ror #19
 800217c:	ea87 67fb 	eor.w	r7, r7, fp, ror #27
 8002180:	ea87 373c 	eor.w	r7, r7, ip, ror #12
 8002184:	ea87 6a34 	eor.w	sl, r7, r4, ror #24
 8002188:	f8d0 4090 	ldr.w	r4, [r0, #144]	; 0x90
 800218c:	f8d0 101c 	ldr.w	r1, [r0, #28]
 8002190:	f8d0 5068 	ldr.w	r5, [r0, #104]	; 0x68
 8002194:	f8d0 b0bc 	ldr.w	fp, [r0, #188]	; 0xbc
 8002198:	f8d0 c040 	ldr.w	ip, [r0, #64]	; 0x40
 800219c:	ea84 44b1 	eor.w	r4, r4, r1, ror #18
 80021a0:	ea84 0405 	eor.w	r4, r4, r5
 80021a4:	ea84 44fb 	eor.w	r4, r4, fp, ror #19
 80021a8:	ea84 047c 	eor.w	r4, r4, ip, ror #1
 80021ac:	ea84 0e07 	eor.w	lr, r4, r7
 80021b0:	f8d0 7030 	ldr.w	r7, [r0, #48]	; 0x30
 80021b4:	f8d0 1084 	ldr.w	r1, [r0, #132]	; 0x84
 80021b8:	f8d0 500c 	ldr.w	r5, [r0, #12]
 80021bc:	f8d0 b058 	ldr.w	fp, [r0, #88]	; 0x58
 80021c0:	f8d0 c0a8 	ldr.w	ip, [r0, #168]	; 0xa8
 80021c4:	ea87 5731 	eor.w	r7, r7, r1, ror #20
 80021c8:	ea87 17f5 	eor.w	r7, r7, r5, ror #7
 80021cc:	ea87 07fb 	eor.w	r7, r7, fp, ror #3
 80021d0:	ea87 57bc 	eor.w	r7, r7, ip, ror #22
 80021d4:	ea4f 5777 	mov.w	r7, r7, ror #21
 80021d8:	ea87 76f4 	eor.w	r6, r7, r4, ror #31
 80021dc:	f8d0 40c4 	ldr.w	r4, [r0, #196]	; 0xc4
 80021e0:	f8d0 104c 	ldr.w	r1, [r0, #76]	; 0x4c
 80021e4:	f8d0 509c 	ldr.w	r5, [r0, #156]	; 0x9c
 80021e8:	f8d0 b020 	ldr.w	fp, [r0, #32]
 80021ec:	f8d0 c070 	ldr.w	ip, [r0, #112]	; 0x70
 80021f0:	f8cd 6010 	str.w	r6, [sp, #16]
 80021f4:	ea84 3431 	eor.w	r4, r4, r1, ror #12
 80021f8:	ea84 44f5 	eor.w	r4, r4, r5, ror #19
 80021fc:	ea84 143b 	eor.w	r4, r4, fp, ror #4
 8002200:	ea84 64fc 	eor.w	r4, r4, ip, ror #27
 8002204:	ea87 28b4 	eor.w	r8, r7, r4, ror #10
 8002208:	f8d0 7064 	ldr.w	r7, [r0, #100]	; 0x64
 800220c:	f8d0 10b4 	ldr.w	r1, [r0, #180]	; 0xb4
 8002210:	f8d0 5038 	ldr.w	r5, [r0, #56]	; 0x38
 8002214:	f8d0 b08c 	ldr.w	fp, [r0, #140]	; 0x8c
 8002218:	f8d0 c010 	ldr.w	ip, [r0, #16]
 800221c:	f8cd 8004 	str.w	r8, [sp, #4]
 8002220:	ea87 2731 	eor.w	r7, r7, r1, ror #8
 8002224:	ea87 77b5 	eor.w	r7, r7, r5, ror #30
 8002228:	ea87 27fb 	eor.w	r7, r7, fp, ror #11
 800222c:	ea87 17bc 	eor.w	r7, r7, ip, ror #6
 8002230:	ea4f 6777 	mov.w	r7, r7, ror #25
 8002234:	ea87 2974 	eor.w	r9, r7, r4, ror #9
 8002238:	f8d0 4004 	ldr.w	r4, [r0, #4]
 800223c:	f8d0 1050 	ldr.w	r1, [r0, #80]	; 0x50
 8002240:	f8d0 50a4 	ldr.w	r5, [r0, #164]	; 0xa4
 8002244:	f8d0 b02c 	ldr.w	fp, [r0, #44]	; 0x2c
 8002248:	f8d0 c078 	ldr.w	ip, [r0, #120]	; 0x78
 800224c:	f8cd 9008 	str.w	r9, [sp, #8]
 8002250:	ea84 74f1 	eor.w	r4, r4, r1, ror #31
 8002254:	ea84 5435 	eor.w	r4, r4, r5, ror #20
 8002258:	ea84 64fb 	eor.w	r4, r4, fp, ror #27
 800225c:	ea84 347c 	eor.w	r4, r4, ip, ror #13
 8002260:	ea84 0b07 	eor.w	fp, r4, r7
 8002264:	ea83 7cf4 	eor.w	ip, r3, r4, ror #31
 8002268:	f8d0 3094 	ldr.w	r3, [r0, #148]	; 0x94
 800226c:	f8d0 4048 	ldr.w	r4, [r0, #72]	; 0x48
 8002270:	f8d0 50a4 	ldr.w	r5, [r0, #164]	; 0xa4
 8002274:	f8d0 605c 	ldr.w	r6, [r0, #92]	; 0x5c
 8002278:	f8d0 7014 	ldr.w	r7, [r0, #20]
 800227c:	f8c0 10a4 	str.w	r1, [r0, #164]	; 0xa4
 8002280:	ea89 0303 	eor.w	r3, r9, r3
 8002284:	ea8c 54b4 	eor.w	r4, ip, r4, ror #22
 8002288:	ea88 5535 	eor.w	r5, r8, r5, ror #20
 800228c:	ea8b 6676 	eor.w	r6, fp, r6, ror #25
 8002290:	ea82 77f7 	eor.w	r7, r2, r7, ror #31
 8002294:	ea25 6134 	bic.w	r1, r5, r4, ror #24
 8002298:	ea81 5133 	eor.w	r1, r1, r3, ror #20
 800229c:	f8c0 10a4 	str.w	r1, [r0, #164]	; 0xa4
 80022a0:	ea26 5175 	bic.w	r1, r6, r5, ror #21
 80022a4:	ea81 3174 	eor.w	r1, r1, r4, ror #13
 80022a8:	f8c0 105c 	str.w	r1, [r0, #92]	; 0x5c
 80022ac:	ea27 2136 	bic.w	r1, r7, r6, ror #8
 80022b0:	ea81 7175 	eor.w	r1, r1, r5, ror #29
 80022b4:	f8c0 1014 	str.w	r1, [r0, #20]
 80022b8:	ea23 31f7 	bic.w	r1, r3, r7, ror #15
 80022bc:	ea81 51f6 	eor.w	r1, r1, r6, ror #23
 80022c0:	f8c0 1094 	str.w	r1, [r0, #148]	; 0x94
 80022c4:	ea24 7133 	bic.w	r1, r4, r3, ror #28
 80022c8:	ea81 21f7 	eor.w	r1, r1, r7, ror #11
 80022cc:	f8d0 3030 	ldr.w	r3, [r0, #48]	; 0x30
 80022d0:	f8d0 40b0 	ldr.w	r4, [r0, #176]	; 0xb0
 80022d4:	f8d0 506c 	ldr.w	r5, [r0, #108]	; 0x6c
 80022d8:	f8d0 6020 	ldr.w	r6, [r0, #32]
 80022dc:	f8d0 7078 	ldr.w	r7, [r0, #120]	; 0x78
 80022e0:	f8c0 1048 	str.w	r1, [r0, #72]	; 0x48
 80022e4:	ea8a 5373 	eor.w	r3, sl, r3, ror #21
 80022e8:	ea82 04b4 	eor.w	r4, r2, r4, ror #2
 80022ec:	ea89 75f5 	eor.w	r5, r9, r5, ror #31
 80022f0:	ea8e 36b6 	eor.w	r6, lr, r6, ror #14
 80022f4:	ea88 3777 	eor.w	r7, r8, r7, ror #13
 80022f8:	ea25 2174 	bic.w	r1, r5, r4, ror #9
 80022fc:	ea81 3133 	eor.w	r1, r1, r3, ror #12
 8002300:	f8c0 1078 	str.w	r1, [r0, #120]	; 0x78
 8002304:	ea26 6135 	bic.w	r1, r6, r5, ror #24
 8002308:	ea81 0174 	eor.w	r1, r1, r4, ror #1
 800230c:	f8c0 1030 	str.w	r1, [r0, #48]	; 0x30
 8002310:	ea27 1176 	bic.w	r1, r7, r6, ror #5
 8002314:	ea81 7175 	eor.w	r1, r1, r5, ror #29
 8002318:	f8c0 10b0 	str.w	r1, [r0, #176]	; 0xb0
 800231c:	ea23 51f7 	bic.w	r1, r3, r7, ror #23
 8002320:	ea81 7136 	eor.w	r1, r1, r6, ror #28
 8002324:	f8c0 106c 	str.w	r1, [r0, #108]	; 0x6c
 8002328:	ea24 01f3 	bic.w	r1, r4, r3, ror #3
 800232c:	ea81 61b7 	eor.w	r1, r1, r7, ror #26
 8002330:	f8dd 8000 	ldr.w	r8, [sp]
 8002334:	f8d0 30c4 	ldr.w	r3, [r0, #196]	; 0xc4
 8002338:	f8d0 4054 	ldr.w	r4, [r0, #84]	; 0x54
 800233c:	f8d0 500c 	ldr.w	r5, [r0, #12]
 8002340:	f8d0 6088 	ldr.w	r6, [r0, #136]	; 0x88
 8002344:	f8d0 7044 	ldr.w	r7, [r0, #68]	; 0x44
 8002348:	f8c0 1020 	str.w	r1, [r0, #32]
 800234c:	ea8e 23b3 	eor.w	r3, lr, r3, ror #10
 8002350:	ea88 74b4 	eor.w	r4, r8, r4, ror #30
 8002354:	ea8a 7535 	eor.w	r5, sl, r5, ror #28
 8002358:	ea82 1636 	eor.w	r6, r2, r6, ror #4
 800235c:	ea89 0777 	eor.w	r7, r9, r7, ror #1
 8002360:	ea25 41f4 	bic.w	r1, r5, r4, ror #19
 8002364:	ea81 51f3 	eor.w	r1, r1, r3, ror #23
 8002368:	f8c0 1054 	str.w	r1, [r0, #84]	; 0x54
 800236c:	ea26 01f5 	bic.w	r1, r6, r5, ror #3
 8002370:	ea81 51b4 	eor.w	r1, r1, r4, ror #22
 8002374:	f8c0 100c 	str.w	r1, [r0, #12]
 8002378:	ea27 5136 	bic.w	r1, r7, r6, ror #20
 800237c:	ea81 51f5 	eor.w	r1, r1, r5, ror #23
 8002380:	f8c0 1088 	str.w	r1, [r0, #136]	; 0x88
 8002384:	ea23 41b7 	bic.w	r1, r3, r7, ror #18
 8002388:	ea81 11b6 	eor.w	r1, r1, r6, ror #6
 800238c:	f8c0 1044 	str.w	r1, [r0, #68]	; 0x44
 8002390:	ea24 1133 	bic.w	r1, r4, r3, ror #4
 8002394:	ea81 51b7 	eor.w	r1, r1, r7, ror #22
 8002398:	f8d0 3060 	ldr.w	r3, [r0, #96]	; 0x60
 800239c:	f8d0 4018 	ldr.w	r4, [r0, #24]
 80023a0:	f8d0 5098 	ldr.w	r5, [r0, #152]	; 0x98
 80023a4:	f8d0 6028 	ldr.w	r6, [r0, #40]	; 0x28
 80023a8:	f8d0 70ac 	ldr.w	r7, [r0, #172]	; 0xac
 80023ac:	f8c0 10c4 	str.w	r1, [r0, #196]	; 0xc4
 80023b0:	ea82 6373 	eor.w	r3, r2, r3, ror #25
 80023b4:	ea89 44b4 	eor.w	r4, r9, r4, ror #18
 80023b8:	ea8c 7575 	eor.w	r5, ip, r5, ror #29
 80023bc:	ea88 66f6 	eor.w	r6, r8, r6, ror #27
 80023c0:	ea8b 3737 	eor.w	r7, fp, r7, ror #12
 80023c4:	ea25 6134 	bic.w	r1, r5, r4, ror #24
 80023c8:	ea81 5133 	eor.w	r1, r1, r3, ror #20
 80023cc:	f8c0 1028 	str.w	r1, [r0, #40]	; 0x28
 80023d0:	ea26 0175 	bic.w	r1, r6, r5, ror #1
 80023d4:	ea81 6174 	eor.w	r1, r1, r4, ror #25
 80023d8:	f8c0 10ac 	str.w	r1, [r0, #172]	; 0xac
 80023dc:	ea27 3176 	bic.w	r1, r7, r6, ror #13
 80023e0:	ea81 31b5 	eor.w	r1, r1, r5, ror #14
 80023e4:	f8c0 1060 	str.w	r1, [r0, #96]	; 0x60
 80023e8:	ea23 71b7 	bic.w	r1, r3, r7, ror #30
 80023ec:	ea81 21f6 	eor.w	r1, r1, r6, ror #11
 80023f0:	f8c0 1018 	str.w	r1, [r0, #24]
 80023f4:	ea24 7133 	bic.w	r1, r4, r3, ror #28
 80023f8:	ea81 61b7 	eor.w	r1, r1, r7, ror #26
 80023fc:	f8dd 900c 	ldr.w	r9, [sp, #12]
 8002400:	f8d0 3000 	ldr.w	r3, [r0]
 8002404:	f8d0 4084 	ldr.w	r4, [r0, #132]	; 0x84
 8002408:	6bc5      	ldr	r5, [r0, #60]	; 0x3c
 800240a:	f8d0 60bc 	ldr.w	r6, [r0, #188]	; 0xbc
 800240e:	6f47      	ldr	r7, [r0, #116]	; 0x74
 8002410:	f8c0 1098 	str.w	r1, [r0, #152]	; 0x98
 8002414:	ea88 0303 	eor.w	r3, r8, r3
 8002418:	ea8a 2474 	eor.w	r4, sl, r4, ror #9
 800241c:	ea82 55f5 	eor.w	r5, r2, r5, ror #23
 8002420:	ea89 46f6 	eor.w	r6, r9, r6, ror #19
 8002424:	ea8c 1737 	eor.w	r7, ip, r7, ror #4
 8002428:	ea26 5175 	bic.w	r1, r6, r5, ror #21
 800242c:	ea81 5174 	eor.w	r1, r1, r4, ror #21
 8002430:	f8c0 1084 	str.w	r1, [r0, #132]	; 0x84
 8002434:	ea27 7136 	bic.w	r1, r7, r6, ror #28
 8002438:	ea81 4175 	eor.w	r1, r1, r5, ror #17
 800243c:	f8c0 103c 	str.w	r1, [r0, #60]	; 0x3c
 8002440:	ea23 6177 	bic.w	r1, r3, r7, ror #25
 8002444:	ea81 5176 	eor.w	r1, r1, r6, ror #21
 8002448:	f8c0 10bc 	str.w	r1, [r0, #188]	; 0xbc
 800244c:	ea24 51b3 	bic.w	r1, r4, r3, ror #22
 8002450:	ea81 31f7 	eor.w	r1, r1, r7, ror #15
 8002454:	f8c0 1074 	str.w	r1, [r0, #116]	; 0x74
 8002458:	ea25 0504 	bic.w	r5, r5, r4
 800245c:	9905      	ldr	r1, [sp, #20]
 800245e:	688c      	ldr	r4, [r1, #8]
 8002460:	ea83 23b5 	eor.w	r3, r3, r5, ror #10
 8002464:	ea84 0103 	eor.w	r1, r4, r3
 8002468:	f8dd 2010 	ldr.w	r2, [sp, #16]
 800246c:	f8d0 3090 	ldr.w	r3, [r0, #144]	; 0x90
 8002470:	f8d0 404c 	ldr.w	r4, [r0, #76]	; 0x4c
 8002474:	f8d0 50a0 	ldr.w	r5, [r0, #160]	; 0xa0
 8002478:	f8d0 6058 	ldr.w	r6, [r0, #88]	; 0x58
 800247c:	f8d0 7010 	ldr.w	r7, [r0, #16]
 8002480:	f8c0 1000 	str.w	r1, [r0]
 8002484:	ea89 0303 	eor.w	r3, r9, r3
 8002488:	ea8e 54b4 	eor.w	r4, lr, r4, ror #22
 800248c:	ea88 45f5 	eor.w	r5, r8, r5, ror #19
 8002490:	ea8a 6636 	eor.w	r6, sl, r6, ror #24
 8002494:	ea82 77f7 	eor.w	r7, r2, r7, ror #31
 8002498:	ea25 51f4 	bic.w	r1, r5, r4, ror #23
 800249c:	ea81 41f3 	eor.w	r1, r1, r3, ror #19
 80024a0:	f8c0 10a0 	str.w	r1, [r0, #160]	; 0xa0
 80024a4:	ea26 5175 	bic.w	r1, r6, r5, ror #21
 80024a8:	ea81 3134 	eor.w	r1, r1, r4, ror #12
 80024ac:	f8c0 1058 	str.w	r1, [r0, #88]	; 0x58
 80024b0:	ea27 2136 	bic.w	r1, r7, r6, ror #8
 80024b4:	ea81 7175 	eor.w	r1, r1, r5, ror #29
 80024b8:	f8c0 1010 	str.w	r1, [r0, #16]
 80024bc:	ea23 4137 	bic.w	r1, r3, r7, ror #16
 80024c0:	ea81 6136 	eor.w	r1, r1, r6, ror #24
 80024c4:	f8c0 1090 	str.w	r1, [r0, #144]	; 0x90
 80024c8:	ea24 7133 	bic.w	r1, r4, r3, ror #28
 80024cc:	ea81 3137 	eor.w	r1, r1, r7, ror #12
 80024d0:	f8d0 3034 	ldr.w	r3, [r0, #52]	; 0x34
 80024d4:	f8d0 40b4 	ldr.w	r4, [r0, #180]	; 0xb4
 80024d8:	f8d0 5068 	ldr.w	r5, [r0, #104]	; 0x68
 80024dc:	f8d0 6024 	ldr.w	r6, [r0, #36]	; 0x24
 80024e0:	f8d0 707c 	ldr.w	r7, [r0, #124]	; 0x7c
 80024e4:	f8c0 104c 	str.w	r1, [r0, #76]	; 0x4c
 80024e8:	ea8b 53b3 	eor.w	r3, fp, r3, ror #22
 80024ec:	ea82 0474 	eor.w	r4, r2, r4, ror #1
 80024f0:	ea89 0505 	eor.w	r5, r9, r5
 80024f4:	ea8c 36b6 	eor.w	r6, ip, r6, ror #14
 80024f8:	ea88 3737 	eor.w	r7, r8, r7, ror #12
 80024fc:	ea25 21b4 	bic.w	r1, r5, r4, ror #10
 8002500:	ea81 3133 	eor.w	r1, r1, r3, ror #12
 8002504:	f8c0 107c 	str.w	r1, [r0, #124]	; 0x7c
 8002508:	ea26 51f5 	bic.w	r1, r6, r5, ror #23
 800250c:	ea81 0174 	eor.w	r1, r1, r4, ror #1
 8002510:	f8c0 1034 	str.w	r1, [r0, #52]	; 0x34
 8002514:	ea27 1176 	bic.w	r1, r7, r6, ror #5
 8002518:	ea81 7135 	eor.w	r1, r1, r5, ror #28
 800251c:	f8c0 10b4 	str.w	r1, [r0, #180]	; 0xb4
 8002520:	ea23 6137 	bic.w	r1, r3, r7, ror #24
 8002524:	ea81 7176 	eor.w	r1, r1, r6, ror #29
 8002528:	f8c0 1068 	str.w	r1, [r0, #104]	; 0x68
 800252c:	ea24 01b3 	bic.w	r1, r4, r3, ror #2
 8002530:	ea81 61b7 	eor.w	r1, r1, r7, ror #26
 8002534:	f8dd 8004 	ldr.w	r8, [sp, #4]
 8002538:	f8d0 30c0 	ldr.w	r3, [r0, #192]	; 0xc0
 800253c:	f8d0 4050 	ldr.w	r4, [r0, #80]	; 0x50
 8002540:	f8d0 5008 	ldr.w	r5, [r0, #8]
 8002544:	f8d0 608c 	ldr.w	r6, [r0, #140]	; 0x8c
 8002548:	f8d0 7040 	ldr.w	r7, [r0, #64]	; 0x40
 800254c:	f8c0 1024 	str.w	r1, [r0, #36]	; 0x24
 8002550:	ea8c 23b3 	eor.w	r3, ip, r3, ror #10
 8002554:	ea88 74f4 	eor.w	r4, r8, r4, ror #31
 8002558:	ea8b 7535 	eor.w	r5, fp, r5, ror #28
 800255c:	ea82 1636 	eor.w	r6, r2, r6, ror #4
 8002560:	ea89 0777 	eor.w	r7, r9, r7, ror #1
 8002564:	ea25 41f4 	bic.w	r1, r5, r4, ror #19
 8002568:	ea81 6133 	eor.w	r1, r1, r3, ror #24
 800256c:	f8c0 1050 	str.w	r1, [r0, #80]	; 0x50
 8002570:	ea26 01b5 	bic.w	r1, r6, r5, ror #2
 8002574:	ea81 5174 	eor.w	r1, r1, r4, ror #21
 8002578:	f8c0 1008 	str.w	r1, [r0, #8]
 800257c:	ea27 5176 	bic.w	r1, r7, r6, ror #21
 8002580:	ea81 51f5 	eor.w	r1, r1, r5, ror #23
 8002584:	f8c0 108c 	str.w	r1, [r0, #140]	; 0x8c
 8002588:	ea23 4177 	bic.w	r1, r3, r7, ror #17
 800258c:	ea81 11b6 	eor.w	r1, r1, r6, ror #6
 8002590:	f8c0 1040 	str.w	r1, [r0, #64]	; 0x40
 8002594:	ea24 1173 	bic.w	r1, r4, r3, ror #5
 8002598:	ea81 51b7 	eor.w	r1, r1, r7, ror #22
 800259c:	f8d0 3064 	ldr.w	r3, [r0, #100]	; 0x64
 80025a0:	f8d0 401c 	ldr.w	r4, [r0, #28]
 80025a4:	f8d0 509c 	ldr.w	r5, [r0, #156]	; 0x9c
 80025a8:	f8d0 602c 	ldr.w	r6, [r0, #44]	; 0x2c
 80025ac:	f8d0 70a8 	ldr.w	r7, [r0, #168]	; 0xa8
 80025b0:	f8c0 10c0 	str.w	r1, [r0, #192]	; 0xc0
 80025b4:	ea82 6373 	eor.w	r3, r2, r3, ror #25
 80025b8:	ea89 44b4 	eor.w	r4, r9, r4, ror #18
 80025bc:	ea8e 7575 	eor.w	r5, lr, r5, ror #29
 80025c0:	ea88 66f6 	eor.w	r6, r8, r6, ror #27
 80025c4:	ea8a 27f7 	eor.w	r7, sl, r7, ror #11
 80025c8:	ea25 6134 	bic.w	r1, r5, r4, ror #24
 80025cc:	ea81 5173 	eor.w	r1, r1, r3, ror #21
 80025d0:	f8c0 102c 	str.w	r1, [r0, #44]	; 0x2c
 80025d4:	ea26 0175 	bic.w	r1, r6, r5, ror #1
 80025d8:	ea81 6174 	eor.w	r1, r1, r4, ror #25
 80025dc:	f8c0 10a8 	str.w	r1, [r0, #168]	; 0xa8
 80025e0:	ea27 3136 	bic.w	r1, r7, r6, ror #12
 80025e4:	ea81 3175 	eor.w	r1, r1, r5, ror #13
 80025e8:	f8c0 1064 	str.w	r1, [r0, #100]	; 0x64
 80025ec:	ea23 71b7 	bic.w	r1, r3, r7, ror #30
 80025f0:	ea81 21b6 	eor.w	r1, r1, r6, ror #10
 80025f4:	f8c0 101c 	str.w	r1, [r0, #28]
 80025f8:	ea24 7173 	bic.w	r1, r4, r3, ror #29
 80025fc:	ea81 61f7 	eor.w	r1, r1, r7, ror #27
 8002600:	f8dd 9008 	ldr.w	r9, [sp, #8]
 8002604:	f8d0 3004 	ldr.w	r3, [r0, #4]
 8002608:	f8d0 4080 	ldr.w	r4, [r0, #128]	; 0x80
 800260c:	6b85      	ldr	r5, [r0, #56]	; 0x38
 800260e:	f8d0 60b8 	ldr.w	r6, [r0, #184]	; 0xb8
 8002612:	6f07      	ldr	r7, [r0, #112]	; 0x70
 8002614:	f8c0 109c 	str.w	r1, [r0, #156]	; 0x9c
 8002618:	ea88 0303 	eor.w	r3, r8, r3
 800261c:	ea8b 24b4 	eor.w	r4, fp, r4, ror #10
 8002620:	ea82 55f5 	eor.w	r5, r2, r5, ror #23
 8002624:	ea89 46b6 	eor.w	r6, r9, r6, ror #18
 8002628:	ea8e 1777 	eor.w	r7, lr, r7, ror #5
 800262c:	ea26 5175 	bic.w	r1, r6, r5, ror #21
 8002630:	ea81 5134 	eor.w	r1, r1, r4, ror #20
 8002634:	f8c0 1080 	str.w	r1, [r0, #128]	; 0x80
 8002638:	ea27 7176 	bic.w	r1, r7, r6, ror #29
 800263c:	ea81 41b5 	eor.w	r1, r1, r5, ror #18
 8002640:	f8c0 1038 	str.w	r1, [r0, #56]	; 0x38
 8002644:	ea23 6177 	bic.w	r1, r3, r7, ror #25
 8002648:	ea81 51b6 	eor.w	r1, r1, r6, ror #22
 800264c:	f8c0 10b8 	str.w	r1, [r0, #184]	; 0xb8
 8002650:	ea24 51b3 	bic.w	r1, r4, r3, ror #22
 8002654:	ea81 31f7 	eor.w	r1, r1, r7, ror #15
 8002658:	f8c0 1070 	str.w	r1, [r0, #112]	; 0x70
 800265c:	ea25 75f4 	bic.w	r5, r5, r4, ror #31
 8002660:	9905      	ldr	r1, [sp, #20]
 8002662:	68cc      	ldr	r4, [r1, #12]
 8002664:	ea83 23f5 	eor.w	r3, r3, r5, ror #11
 8002668:	ea84 0e03 	eor.w	lr, r4, r3
 800266c:	f8d0 3074 	ldr.w	r3, [r0, #116]	; 0x74
 8002670:	f8d0 1048 	ldr.w	r1, [r0, #72]	; 0x48
 8002674:	f8d0 5024 	ldr.w	r5, [r0, #36]	; 0x24
 8002678:	f8d0 b0c4 	ldr.w	fp, [r0, #196]	; 0xc4
 800267c:	f8d0 c09c 	ldr.w	ip, [r0, #156]	; 0x9c
 8002680:	f8c0 e004 	str.w	lr, [r0, #4]
 8002684:	ea83 3331 	eor.w	r3, r3, r1, ror #12
 8002688:	ea83 43f5 	eor.w	r3, r3, r5, ror #19
 800268c:	ea83 133b 	eor.w	r3, r3, fp, ror #4
 8002690:	ea83 63bc 	eor.w	r3, r3, ip, ror #26
 8002694:	f8d0 7080 	ldr.w	r7, [r0, #128]	; 0x80
 8002698:	f8d0 1058 	ldr.w	r1, [r0, #88]	; 0x58
 800269c:	f8d0 5030 	ldr.w	r5, [r0, #48]	; 0x30
 80026a0:	f8d0 b008 	ldr.w	fp, [r0, #8]
 80026a4:	f8d0 c0ac 	ldr.w	ip, [r0, #172]	; 0xac
 80026a8:	ea87 5731 	eor.w	r7, r7, r1, ror #20
 80026ac:	ea87 17b5 	eor.w	r7, r7, r5, ror #6
 80026b0:	ea87 07fb 	eor.w	r7, r7, fp, ror #3
 80026b4:	ea87 57bc 	eor.w	r7, r7, ip, ror #22
 80026b8:	ea4f 23b3 	mov.w	r3, r3, ror #10
 80026bc:	ea83 5677 	eor.w	r6, r3, r7, ror #21
 80026c0:	f8d0 4038 	ldr.w	r4, [r0, #56]	; 0x38
 80026c4:	f8d0 1010 	ldr.w	r1, [r0, #16]
 80026c8:	f8d0 50b0 	ldr.w	r5, [r0, #176]	; 0xb0
 80026cc:	f8d0 b08c 	ldr.w	fp, [r0, #140]	; 0x8c
 80026d0:	f8d0 c060 	ldr.w	ip, [r0, #96]	; 0x60
 80026d4:	f8cd 6000 	str.w	r6, [sp]
 80026d8:	ea84 2471 	eor.w	r4, r4, r1, ror #9
 80026dc:	ea84 74b5 	eor.w	r4, r4, r5, ror #30
 80026e0:	ea84 24fb 	eor.w	r4, r4, fp, ror #11
 80026e4:	ea84 14bc 	eor.w	r4, r4, ip, ror #6
 80026e8:	ea83 6674 	eor.w	r6, r3, r4, ror #25
 80026ec:	f8d0 30bc 	ldr.w	r3, [r0, #188]	; 0xbc
 80026f0:	f8d0 1094 	ldr.w	r1, [r0, #148]	; 0x94
 80026f4:	f8d0 5068 	ldr.w	r5, [r0, #104]	; 0x68
 80026f8:	f8d0 b044 	ldr.w	fp, [r0, #68]	; 0x44
 80026fc:	f8d0 c01c 	ldr.w	ip, [r0, #28]
 8002700:	f8cd 600c 	str.w	r6, [sp, #12]
 8002704:	ea83 43b1 	eor.w	r3, r3, r1, ror #18
 8002708:	ea83 73f5 	eor.w	r3, r3, r5, ror #31
 800270c:	ea83 43bb 	eor.w	r3, r3, fp, ror #18
 8002710:	ea83 037c 	eor.w	r3, r3, ip, ror #1
 8002714:	ea83 52b7 	eor.w	r2, r3, r7, ror #22
 8002718:	f8d0 7000 	ldr.w	r7, [r0]
 800271c:	f8d0 10a4 	ldr.w	r1, [r0, #164]	; 0xa4
 8002720:	f8d0 507c 	ldr.w	r5, [r0, #124]	; 0x7c
 8002724:	f8d0 b054 	ldr.w	fp, [r0, #84]	; 0x54
 8002728:	f8d0 c02c 	ldr.w	ip, [r0, #44]	; 0x2c
 800272c:	ea87 77b1 	eor.w	r7, r7, r1, ror #30
 8002730:	ea87 47f5 	eor.w	r7, r7, r5, ror #19
 8002734:	ea87 67fb 	eor.w	r7, r7, fp, ror #27
 8002738:	ea87 373c 	eor.w	r7, r7, ip, ror #12
 800273c:	ea87 6a34 	eor.w	sl, r7, r4, ror #24
 8002740:	f8d0 40b8 	ldr.w	r4, [r0, #184]	; 0xb8
 8002744:	f8d0 1090 	ldr.w	r1, [r0, #144]	; 0x90
 8002748:	f8d0 506c 	ldr.w	r5, [r0, #108]	; 0x6c
 800274c:	f8d0 b040 	ldr.w	fp, [r0, #64]	; 0x40
 8002750:	f8d0 c018 	ldr.w	ip, [r0, #24]
 8002754:	ea84 44b1 	eor.w	r4, r4, r1, ror #18
 8002758:	ea84 0405 	eor.w	r4, r4, r5
 800275c:	ea84 44fb 	eor.w	r4, r4, fp, ror #19
 8002760:	ea84 047c 	eor.w	r4, r4, ip, ror #1
 8002764:	ea84 0e07 	eor.w	lr, r4, r7
 8002768:	f8d0 7084 	ldr.w	r7, [r0, #132]	; 0x84
 800276c:	f8d0 105c 	ldr.w	r1, [r0, #92]	; 0x5c
 8002770:	f8d0 5034 	ldr.w	r5, [r0, #52]	; 0x34
 8002774:	f8d0 b00c 	ldr.w	fp, [r0, #12]
 8002778:	f8d0 c0a8 	ldr.w	ip, [r0, #168]	; 0xa8
 800277c:	ea87 5731 	eor.w	r7, r7, r1, ror #20
 8002780:	ea87 17f5 	eor.w	r7, r7, r5, ror #7
 8002784:	ea87 07fb 	eor.w	r7, r7, fp, ror #3
 8002788:	ea87 57bc 	eor.w	r7, r7, ip, ror #22
 800278c:	ea4f 5777 	mov.w	r7, r7, ror #21
 8002790:	ea87 76f4 	eor.w	r6, r7, r4, ror #31
 8002794:	f8d0 4070 	ldr.w	r4, [r0, #112]	; 0x70
 8002798:	f8d0 104c 	ldr.w	r1, [r0, #76]	; 0x4c
 800279c:	f8d0 5020 	ldr.w	r5, [r0, #32]
 80027a0:	f8d0 b0c0 	ldr.w	fp, [r0, #192]	; 0xc0
 80027a4:	f8d0 c098 	ldr.w	ip, [r0, #152]	; 0x98
 80027a8:	f8cd 6010 	str.w	r6, [sp, #16]
 80027ac:	ea84 3431 	eor.w	r4, r4, r1, ror #12
 80027b0:	ea84 44f5 	eor.w	r4, r4, r5, ror #19
 80027b4:	ea84 143b 	eor.w	r4, r4, fp, ror #4
 80027b8:	ea84 64fc 	eor.w	r4, r4, ip, ror #27
 80027bc:	ea87 28b4 	eor.w	r8, r7, r4, ror #10
 80027c0:	f8d0 703c 	ldr.w	r7, [r0, #60]	; 0x3c
 80027c4:	f8d0 1014 	ldr.w	r1, [r0, #20]
 80027c8:	f8d0 50b4 	ldr.w	r5, [r0, #180]	; 0xb4
 80027cc:	f8d0 b088 	ldr.w	fp, [r0, #136]	; 0x88
 80027d0:	f8d0 c064 	ldr.w	ip, [r0, #100]	; 0x64
 80027d4:	f8cd 8004 	str.w	r8, [sp, #4]
 80027d8:	ea87 2731 	eor.w	r7, r7, r1, ror #8
 80027dc:	ea87 77b5 	eor.w	r7, r7, r5, ror #30
 80027e0:	ea87 27fb 	eor.w	r7, r7, fp, ror #11
 80027e4:	ea87 17bc 	eor.w	r7, r7, ip, ror #6
 80027e8:	ea4f 6777 	mov.w	r7, r7, ror #25
 80027ec:	ea87 2974 	eor.w	r9, r7, r4, ror #9
 80027f0:	f8d0 4004 	ldr.w	r4, [r0, #4]
 80027f4:	f8d0 10a0 	ldr.w	r1, [r0, #160]	; 0xa0
 80027f8:	f8d0 5078 	ldr.w	r5, [r0, #120]	; 0x78
 80027fc:	f8d0 b050 	ldr.w	fp, [r0, #80]	; 0x50
 8002800:	f8d0 c028 	ldr.w	ip, [r0, #40]	; 0x28
 8002804:	f8cd 9008 	str.w	r9, [sp, #8]
 8002808:	ea84 74f1 	eor.w	r4, r4, r1, ror #31
 800280c:	ea84 5435 	eor.w	r4, r4, r5, ror #20
 8002810:	ea84 64fb 	eor.w	r4, r4, fp, ror #27
 8002814:	ea84 347c 	eor.w	r4, r4, ip, ror #13
 8002818:	ea84 0b07 	eor.w	fp, r4, r7
 800281c:	ea83 7cf4 	eor.w	ip, r3, r4, ror #31
 8002820:	f8d0 30bc 	ldr.w	r3, [r0, #188]	; 0xbc
 8002824:	f8d0 4048 	ldr.w	r4, [r0, #72]	; 0x48
 8002828:	f8d0 5078 	ldr.w	r5, [r0, #120]	; 0x78
 800282c:	f8d0 6008 	ldr.w	r6, [r0, #8]
 8002830:	f8d0 7060 	ldr.w	r7, [r0, #96]	; 0x60
 8002834:	f8c0 1078 	str.w	r1, [r0, #120]	; 0x78
 8002838:	ea89 0303 	eor.w	r3, r9, r3
 800283c:	ea8c 54b4 	eor.w	r4, ip, r4, ror #22
 8002840:	ea88 5535 	eor.w	r5, r8, r5, ror #20
 8002844:	ea8b 6676 	eor.w	r6, fp, r6, ror #25
 8002848:	ea82 77f7 	eor.w	r7, r2, r7, ror #31
 800284c:	ea25 6134 	bic.w	r1, r5, r4, ror #24
 8002850:	ea81 5133 	eor.w	r1, r1, r3, ror #20
 8002854:	f8c0 1078 	str.w	r1, [r0, #120]	; 0x78
 8002858:	ea26 5175 	bic.w	r1, r6, r5, ror #21
 800285c:	ea81 3174 	eor.w	r1, r1, r4, ror #13
 8002860:	f8c0 1008 	str.w	r1, [r0, #8]
 8002864:	ea27 2136 	bic.w	r1, r7, r6, ror #8
 8002868:	ea81 7175 	eor.w	r1, r1, r5, ror #29
 800286c:	f8c0 1060 	str.w	r1, [r0, #96]	; 0x60
 8002870:	ea23 31f7 	bic.w	r1, r3, r7, ror #15
 8002874:	ea81 51f6 	eor.w	r1, r1, r6, ror #23
 8002878:	f8c0 10bc 	str.w	r1, [r0, #188]	; 0xbc
 800287c:	ea24 7133 	bic.w	r1, r4, r3, ror #28
 8002880:	ea81 21f7 	eor.w	r1, r1, r7, ror #11
 8002884:	f8d0 3084 	ldr.w	r3, [r0, #132]	; 0x84
 8002888:	f8d0 4010 	ldr.w	r4, [r0, #16]
 800288c:	f8d0 5068 	ldr.w	r5, [r0, #104]	; 0x68
 8002890:	f8d0 60c0 	ldr.w	r6, [r0, #192]	; 0xc0
 8002894:	f8d0 7028 	ldr.w	r7, [r0, #40]	; 0x28
 8002898:	f8c0 1048 	str.w	r1, [r0, #72]	; 0x48
 800289c:	ea8a 5373 	eor.w	r3, sl, r3, ror #21
 80028a0:	ea82 04b4 	eor.w	r4, r2, r4, ror #2
 80028a4:	ea89 75f5 	eor.w	r5, r9, r5, ror #31
 80028a8:	ea8e 36b6 	eor.w	r6, lr, r6, ror #14
 80028ac:	ea88 3777 	eor.w	r7, r8, r7, ror #13
 80028b0:	ea25 2174 	bic.w	r1, r5, r4, ror #9
 80028b4:	ea81 3133 	eor.w	r1, r1, r3, ror #12
 80028b8:	f8c0 1028 	str.w	r1, [r0, #40]	; 0x28
 80028bc:	ea26 6135 	bic.w	r1, r6, r5, ror #24
 80028c0:	ea81 0174 	eor.w	r1, r1, r4, ror #1
 80028c4:	f8c0 1084 	str.w	r1, [r0, #132]	; 0x84
 80028c8:	ea27 1176 	bic.w	r1, r7, r6, ror #5
 80028cc:	ea81 7175 	eor.w	r1, r1, r5, ror #29
 80028d0:	f8c0 1010 	str.w	r1, [r0, #16]
 80028d4:	ea23 51f7 	bic.w	r1, r3, r7, ror #23
 80028d8:	ea81 7136 	eor.w	r1, r1, r6, ror #28
 80028dc:	f8c0 1068 	str.w	r1, [r0, #104]	; 0x68
 80028e0:	ea24 01f3 	bic.w	r1, r4, r3, ror #3
 80028e4:	ea81 61b7 	eor.w	r1, r1, r7, ror #26
 80028e8:	f8dd 8000 	ldr.w	r8, [sp]
 80028ec:	f8d0 3070 	ldr.w	r3, [r0, #112]	; 0x70
 80028f0:	f8d0 40a4 	ldr.w	r4, [r0, #164]	; 0xa4
 80028f4:	f8d0 5034 	ldr.w	r5, [r0, #52]	; 0x34
 80028f8:	f8d0 608c 	ldr.w	r6, [r0, #140]	; 0x8c
 80028fc:	f8d0 701c 	ldr.w	r7, [r0, #28]
 8002900:	f8c0 10c0 	str.w	r1, [r0, #192]	; 0xc0
 8002904:	ea8e 23b3 	eor.w	r3, lr, r3, ror #10
 8002908:	ea88 74b4 	eor.w	r4, r8, r4, ror #30
 800290c:	ea8a 7535 	eor.w	r5, sl, r5, ror #28
 8002910:	ea82 1636 	eor.w	r6, r2, r6, ror #4
 8002914:	ea89 0777 	eor.w	r7, r9, r7, ror #1
 8002918:	ea25 41f4 	bic.w	r1, r5, r4, ror #19
 800291c:	ea81 51f3 	eor.w	r1, r1, r3, ror #23
 8002920:	f8c0 10a4 	str.w	r1, [r0, #164]	; 0xa4
 8002924:	ea26 01f5 	bic.w	r1, r6, r5, ror #3
 8002928:	ea81 51b4 	eor.w	r1, r1, r4, ror #22
 800292c:	f8c0 1034 	str.w	r1, [r0, #52]	; 0x34
 8002930:	ea27 5136 	bic.w	r1, r7, r6, ror #20
 8002934:	ea81 51f5 	eor.w	r1, r1, r5, ror #23
 8002938:	f8c0 108c 	str.w	r1, [r0, #140]	; 0x8c
 800293c:	ea23 41b7 	bic.w	r1, r3, r7, ror #18
 8002940:	ea81 11b6 	eor.w	r1, r1, r6, ror #6
 8002944:	f8c0 101c 	str.w	r1, [r0, #28]
 8002948:	ea24 1133 	bic.w	r1, r4, r3, ror #4
 800294c:	ea81 51b7 	eor.w	r1, r1, r7, ror #22
 8002950:	f8d0 3038 	ldr.w	r3, [r0, #56]	; 0x38
 8002954:	f8d0 4094 	ldr.w	r4, [r0, #148]	; 0x94
 8002958:	f8d0 5024 	ldr.w	r5, [r0, #36]	; 0x24
 800295c:	f8d0 6054 	ldr.w	r6, [r0, #84]	; 0x54
 8002960:	f8d0 70ac 	ldr.w	r7, [r0, #172]	; 0xac
 8002964:	f8c0 1070 	str.w	r1, [r0, #112]	; 0x70
 8002968:	ea82 6373 	eor.w	r3, r2, r3, ror #25
 800296c:	ea89 44b4 	eor.w	r4, r9, r4, ror #18
 8002970:	ea8c 7575 	eor.w	r5, ip, r5, ror #29
 8002974:	ea88 66f6 	eor.w	r6, r8, r6, ror #27
 8002978:	ea8b 3737 	eor.w	r7, fp, r7, ror #12
 800297c:	ea25 6134 	bic.w	r1, r5, r4, ror #24
 8002980:	ea81 5133 	eor.w	r1, r1, r3, ror #20
 8002984:	f8c0 1054 	str.w	r1, [r0, #84]	; 0x54
 8002988:	ea26 0175 	bic.w	r1, r6, r5, ror #1
 800298c:	ea81 6174 	eor.w	r1, r1, r4, ror #25
 8002990:	f8c0 10ac 	str.w	r1, [r0, #172]	; 0xac
 8002994:	ea27 3176 	bic.w	r1, r7, r6, ror #13
 8002998:	ea81 31b5 	eor.w	r1, r1, r5, ror #14
 800299c:	f8c0 1038 	str.w	r1, [r0, #56]	; 0x38
 80029a0:	ea23 71b7 	bic.w	r1, r3, r7, ror #30
 80029a4:	ea81 21f6 	eor.w	r1, r1, r6, ror #11
 80029a8:	f8c0 1094 	str.w	r1, [r0, #148]	; 0x94
 80029ac:	ea24 7133 	bic.w	r1, r4, r3, ror #28
 80029b0:	ea81 61b7 	eor.w	r1, r1, r7, ror #26
 80029b4:	f8dd 900c 	ldr.w	r9, [sp, #12]
 80029b8:	f8d0 3000 	ldr.w	r3, [r0]
 80029bc:	6dc4      	ldr	r4, [r0, #92]	; 0x5c
 80029be:	f8d0 50b0 	ldr.w	r5, [r0, #176]	; 0xb0
 80029c2:	6c06      	ldr	r6, [r0, #64]	; 0x40
 80029c4:	f8d0 709c 	ldr.w	r7, [r0, #156]	; 0x9c
 80029c8:	f8c0 1024 	str.w	r1, [r0, #36]	; 0x24
 80029cc:	ea88 0303 	eor.w	r3, r8, r3
 80029d0:	ea8a 2474 	eor.w	r4, sl, r4, ror #9
 80029d4:	ea82 55f5 	eor.w	r5, r2, r5, ror #23
 80029d8:	ea89 46f6 	eor.w	r6, r9, r6, ror #19
 80029dc:	ea8c 1737 	eor.w	r7, ip, r7, ror #4
 80029e0:	ea26 5175 	bic.w	r1, r6, r5, ror #21
 80029e4:	ea81 5174 	eor.w	r1, r1, r4, ror #21
 80029e8:	f8c0 105c 	str.w	r1, [r0, #92]	; 0x5c
 80029ec:	ea27 7136 	bic.w	r1, r7, r6, ror #28
 80029f0:	ea81 4175 	eor.w	r1, r1, r5, ror #17
 80029f4:	f8c0 10b0 	str.w	r1, [r0, #176]	; 0xb0
 80029f8:	ea23 6177 	bic.w	r1, r3, r7, ror #25
 80029fc:	ea81 5176 	eor.w	r1, r1, r6, ror #21
 8002a00:	f8c0 1040 	str.w	r1, [r0, #64]	; 0x40
 8002a04:	ea24 51b3 	bic.w	r1, r4, r3, ror #22
 8002a08:	ea81 31f7 	eor.w	r1, r1, r7, ror #15
 8002a0c:	f8c0 109c 	str.w	r1, [r0, #156]	; 0x9c
 8002a10:	ea25 0504 	bic.w	r5, r5, r4
 8002a14:	9905      	ldr	r1, [sp, #20]
 8002a16:	690c      	ldr	r4, [r1, #16]
 8002a18:	ea83 23b5 	eor.w	r3, r3, r5, ror #10
 8002a1c:	ea84 0103 	eor.w	r1, r4, r3
 8002a20:	f8dd 2010 	ldr.w	r2, [sp, #16]
 8002a24:	f8d0 30b8 	ldr.w	r3, [r0, #184]	; 0xb8
 8002a28:	f8d0 404c 	ldr.w	r4, [r0, #76]	; 0x4c
 8002a2c:	f8d0 507c 	ldr.w	r5, [r0, #124]	; 0x7c
 8002a30:	f8d0 600c 	ldr.w	r6, [r0, #12]
 8002a34:	f8d0 7064 	ldr.w	r7, [r0, #100]	; 0x64
 8002a38:	f8c0 1000 	str.w	r1, [r0]
 8002a3c:	ea89 0303 	eor.w	r3, r9, r3
 8002a40:	ea8e 54b4 	eor.w	r4, lr, r4, ror #22
 8002a44:	ea88 45f5 	eor.w	r5, r8, r5, ror #19
 8002a48:	ea8a 6636 	eor.w	r6, sl, r6, ror #24
 8002a4c:	ea82 77f7 	eor.w	r7, r2, r7, ror #31
 8002a50:	ea25 51f4 	bic.w	r1, r5, r4, ror #23
 8002a54:	ea81 41f3 	eor.w	r1, r1, r3, ror #19
 8002a58:	f8c0 107c 	str.w	r1, [r0, #124]	; 0x7c
 8002a5c:	ea26 5175 	bic.w	r1, r6, r5, ror #21
 8002a60:	ea81 3134 	eor.w	r1, r1, r4, ror #12
 8002a64:	f8c0 100c 	str.w	r1, [r0, #12]
 8002a68:	ea27 2136 	bic.w	r1, r7, r6, ror #8
 8002a6c:	ea81 7175 	eor.w	r1, r1, r5, ror #29
 8002a70:	f8c0 1064 	str.w	r1, [r0, #100]	; 0x64
 8002a74:	ea23 4137 	bic.w	r1, r3, r7, ror #16
 8002a78:	ea81 6136 	eor.w	r1, r1, r6, ror #24
 8002a7c:	f8c0 10b8 	str.w	r1, [r0, #184]	; 0xb8
 8002a80:	ea24 7133 	bic.w	r1, r4, r3, ror #28
 8002a84:	ea81 3137 	eor.w	r1, r1, r7, ror #12
 8002a88:	f8d0 3080 	ldr.w	r3, [r0, #128]	; 0x80
 8002a8c:	f8d0 4014 	ldr.w	r4, [r0, #20]
 8002a90:	f8d0 506c 	ldr.w	r5, [r0, #108]	; 0x6c
 8002a94:	f8d0 60c4 	ldr.w	r6, [r0, #196]	; 0xc4
 8002a98:	f8d0 702c 	ldr.w	r7, [r0, #44]	; 0x2c
 8002a9c:	f8c0 104c 	str.w	r1, [r0, #76]	; 0x4c
 8002aa0:	ea8b 53b3 	eor.w	r3, fp, r3, ror #22
 8002aa4:	ea82 0474 	eor.w	r4, r2, r4, ror #1
 8002aa8:	ea89 0505 	eor.w	r5, r9, r5
 8002aac:	ea8c 36b6 	eor.w	r6, ip, r6, ror #14
 8002ab0:	ea88 3737 	eor.w	r7, r8, r7, ror #12
 8002ab4:	ea25 21b4 	bic.w	r1, r5, r4, ror #10
 8002ab8:	ea81 3133 	eor.w	r1, r1, r3, ror #12
 8002abc:	f8c0 102c 	str.w	r1, [r0, #44]	; 0x2c
 8002ac0:	ea26 51f5 	bic.w	r1, r6, r5, ror #23
 8002ac4:	ea81 0174 	eor.w	r1, r1, r4, ror #1
 8002ac8:	f8c0 1080 	str.w	r1, [r0, #128]	; 0x80
 8002acc:	ea27 1176 	bic.w	r1, r7, r6, ror #5
 8002ad0:	ea81 7135 	eor.w	r1, r1, r5, ror #28
 8002ad4:	f8c0 1014 	str.w	r1, [r0, #20]
 8002ad8:	ea23 6137 	bic.w	r1, r3, r7, ror #24
 8002adc:	ea81 7176 	eor.w	r1, r1, r6, ror #29
 8002ae0:	f8c0 106c 	str.w	r1, [r0, #108]	; 0x6c
 8002ae4:	ea24 01b3 	bic.w	r1, r4, r3, ror #2
 8002ae8:	ea81 61b7 	eor.w	r1, r1, r7, ror #26
 8002aec:	f8dd 8004 	ldr.w	r8, [sp, #4]
 8002af0:	f8d0 3074 	ldr.w	r3, [r0, #116]	; 0x74
 8002af4:	f8d0 40a0 	ldr.w	r4, [r0, #160]	; 0xa0
 8002af8:	f8d0 5030 	ldr.w	r5, [r0, #48]	; 0x30
 8002afc:	f8d0 6088 	ldr.w	r6, [r0, #136]	; 0x88
 8002b00:	f8d0 7018 	ldr.w	r7, [r0, #24]
 8002b04:	f8c0 10c4 	str.w	r1, [r0, #196]	; 0xc4
 8002b08:	ea8c 23b3 	eor.w	r3, ip, r3, ror #10
 8002b0c:	ea88 74f4 	eor.w	r4, r8, r4, ror #31
 8002b10:	ea8b 7535 	eor.w	r5, fp, r5, ror #28
 8002b14:	ea82 1636 	eor.w	r6, r2, r6, ror #4
 8002b18:	ea89 0777 	eor.w	r7, r9, r7, ror #1
 8002b1c:	ea25 41f4 	bic.w	r1, r5, r4, ror #19
 8002b20:	ea81 6133 	eor.w	r1, r1, r3, ror #24
 8002b24:	f8c0 10a0 	str.w	r1, [r0, #160]	; 0xa0
 8002b28:	ea26 01b5 	bic.w	r1, r6, r5, ror #2
 8002b2c:	ea81 5174 	eor.w	r1, r1, r4, ror #21
 8002b30:	f8c0 1030 	str.w	r1, [r0, #48]	; 0x30
 8002b34:	ea27 5176 	bic.w	r1, r7, r6, ror #21
 8002b38:	ea81 51f5 	eor.w	r1, r1, r5, ror #23
 8002b3c:	f8c0 1088 	str.w	r1, [r0, #136]	; 0x88
 8002b40:	ea23 4177 	bic.w	r1, r3, r7, ror #17
 8002b44:	ea81 11b6 	eor.w	r1, r1, r6, ror #6
 8002b48:	f8c0 1018 	str.w	r1, [r0, #24]
 8002b4c:	ea24 1173 	bic.w	r1, r4, r3, ror #5
 8002b50:	ea81 51b7 	eor.w	r1, r1, r7, ror #22
 8002b54:	f8d0 303c 	ldr.w	r3, [r0, #60]	; 0x3c
 8002b58:	f8d0 4090 	ldr.w	r4, [r0, #144]	; 0x90
 8002b5c:	f8d0 5020 	ldr.w	r5, [r0, #32]
 8002b60:	f8d0 6050 	ldr.w	r6, [r0, #80]	; 0x50
 8002b64:	f8d0 70a8 	ldr.w	r7, [r0, #168]	; 0xa8
 8002b68:	f8c0 1074 	str.w	r1, [r0, #116]	; 0x74
 8002b6c:	ea82 6373 	eor.w	r3, r2, r3, ror #25
 8002b70:	ea89 44b4 	eor.w	r4, r9, r4, ror #18
 8002b74:	ea8e 7575 	eor.w	r5, lr, r5, ror #29
 8002b78:	ea88 66f6 	eor.w	r6, r8, r6, ror #27
 8002b7c:	ea8a 27f7 	eor.w	r7, sl, r7, ror #11
 8002b80:	ea25 6134 	bic.w	r1, r5, r4, ror #24
 8002b84:	ea81 5173 	eor.w	r1, r1, r3, ror #21
 8002b88:	f8c0 1050 	str.w	r1, [r0, #80]	; 0x50
 8002b8c:	ea26 0175 	bic.w	r1, r6, r5, ror #1
 8002b90:	ea81 6174 	eor.w	r1, r1, r4, ror #25
 8002b94:	f8c0 10a8 	str.w	r1, [r0, #168]	; 0xa8
 8002b98:	ea27 3136 	bic.w	r1, r7, r6, ror #12
 8002b9c:	ea81 3175 	eor.w	r1, r1, r5, ror #13
 8002ba0:	f8c0 103c 	str.w	r1, [r0, #60]	; 0x3c
 8002ba4:	ea23 71b7 	bic.w	r1, r3, r7, ror #30
 8002ba8:	ea81 21b6 	eor.w	r1, r1, r6, ror #10
 8002bac:	f8c0 1090 	str.w	r1, [r0, #144]	; 0x90
 8002bb0:	ea24 7173 	bic.w	r1, r4, r3, ror #29
 8002bb4:	ea81 61f7 	eor.w	r1, r1, r7, ror #27
 8002bb8:	f8dd 9008 	ldr.w	r9, [sp, #8]
 8002bbc:	f8d0 3004 	ldr.w	r3, [r0, #4]
 8002bc0:	6d84      	ldr	r4, [r0, #88]	; 0x58
 8002bc2:	f8d0 50b4 	ldr.w	r5, [r0, #180]	; 0xb4
 8002bc6:	6c46      	ldr	r6, [r0, #68]	; 0x44
 8002bc8:	f8d0 7098 	ldr.w	r7, [r0, #152]	; 0x98
 8002bcc:	f8c0 1020 	str.w	r1, [r0, #32]
 8002bd0:	ea88 0303 	eor.w	r3, r8, r3
 8002bd4:	ea8b 24b4 	eor.w	r4, fp, r4, ror #10
 8002bd8:	ea82 55f5 	eor.w	r5, r2, r5, ror #23
 8002bdc:	ea89 46b6 	eor.w	r6, r9, r6, ror #18
 8002be0:	ea8e 1777 	eor.w	r7, lr, r7, ror #5
 8002be4:	ea26 5175 	bic.w	r1, r6, r5, ror #21
 8002be8:	ea81 5134 	eor.w	r1, r1, r4, ror #20
 8002bec:	f8c0 1058 	str.w	r1, [r0, #88]	; 0x58
 8002bf0:	ea27 7176 	bic.w	r1, r7, r6, ror #29
 8002bf4:	ea81 41b5 	eor.w	r1, r1, r5, ror #18
 8002bf8:	f8c0 10b4 	str.w	r1, [r0, #180]	; 0xb4
 8002bfc:	ea23 6177 	bic.w	r1, r3, r7, ror #25
 8002c00:	ea81 51b6 	eor.w	r1, r1, r6, ror #22
 8002c04:	f8c0 1044 	str.w	r1, [r0, #68]	; 0x44
 8002c08:	ea24 51b3 	bic.w	r1, r4, r3, ror #22
 8002c0c:	ea81 31f7 	eor.w	r1, r1, r7, ror #15
 8002c10:	f8c0 1098 	str.w	r1, [r0, #152]	; 0x98
 8002c14:	ea25 75f4 	bic.w	r5, r5, r4, ror #31
 8002c18:	9905      	ldr	r1, [sp, #20]
 8002c1a:	694c      	ldr	r4, [r1, #20]
 8002c1c:	ea83 23f5 	eor.w	r3, r3, r5, ror #11
 8002c20:	ea84 0e03 	eor.w	lr, r4, r3
 8002c24:	f8d0 309c 	ldr.w	r3, [r0, #156]	; 0x9c
 8002c28:	f8d0 1048 	ldr.w	r1, [r0, #72]	; 0x48
 8002c2c:	f8d0 50c4 	ldr.w	r5, [r0, #196]	; 0xc4
 8002c30:	f8d0 b070 	ldr.w	fp, [r0, #112]	; 0x70
 8002c34:	f8d0 c020 	ldr.w	ip, [r0, #32]
 8002c38:	f8c0 e004 	str.w	lr, [r0, #4]
 8002c3c:	ea83 3331 	eor.w	r3, r3, r1, ror #12
 8002c40:	ea83 43f5 	eor.w	r3, r3, r5, ror #19
 8002c44:	ea83 133b 	eor.w	r3, r3, fp, ror #4
 8002c48:	ea83 63bc 	eor.w	r3, r3, ip, ror #26
 8002c4c:	f8d0 7058 	ldr.w	r7, [r0, #88]	; 0x58
 8002c50:	f8d0 100c 	ldr.w	r1, [r0, #12]
 8002c54:	f8d0 5084 	ldr.w	r5, [r0, #132]	; 0x84
 8002c58:	f8d0 b030 	ldr.w	fp, [r0, #48]	; 0x30
 8002c5c:	f8d0 c0ac 	ldr.w	ip, [r0, #172]	; 0xac
 8002c60:	ea87 5731 	eor.w	r7, r7, r1, ror #20
 8002c64:	ea87 17b5 	eor.w	r7, r7, r5, ror #6
 8002c68:	ea87 07fb 	eor.w	r7, r7, fp, ror #3
 8002c6c:	ea87 57bc 	eor.w	r7, r7, ip, ror #22
 8002c70:	ea4f 23b3 	mov.w	r3, r3, ror #10
 8002c74:	ea83 5677 	eor.w	r6, r3, r7, ror #21
 8002c78:	f8d0 40b4 	ldr.w	r4, [r0, #180]	; 0xb4
 8002c7c:	f8d0 1064 	ldr.w	r1, [r0, #100]	; 0x64
 8002c80:	f8d0 5010 	ldr.w	r5, [r0, #16]
 8002c84:	f8d0 b088 	ldr.w	fp, [r0, #136]	; 0x88
 8002c88:	f8d0 c038 	ldr.w	ip, [r0, #56]	; 0x38
 8002c8c:	f8cd 6000 	str.w	r6, [sp]
 8002c90:	ea84 2471 	eor.w	r4, r4, r1, ror #9
 8002c94:	ea84 74b5 	eor.w	r4, r4, r5, ror #30
 8002c98:	ea84 24fb 	eor.w	r4, r4, fp, ror #11
 8002c9c:	ea84 14bc 	eor.w	r4, r4, ip, ror #6
 8002ca0:	ea83 6674 	eor.w	r6, r3, r4, ror #25
 8002ca4:	f8d0 3040 	ldr.w	r3, [r0, #64]	; 0x40
 8002ca8:	f8d0 10bc 	ldr.w	r1, [r0, #188]	; 0xbc
 8002cac:	f8d0 506c 	ldr.w	r5, [r0, #108]	; 0x6c
 8002cb0:	f8d0 b01c 	ldr.w	fp, [r0, #28]
 8002cb4:	f8d0 c090 	ldr.w	ip, [r0, #144]	; 0x90
 8002cb8:	f8cd 600c 	str.w	r6, [sp, #12]
 8002cbc:	ea83 43b1 	eor.w	r3, r3, r1, ror #18
 8002cc0:	ea83 73f5 	eor.w	r3, r3, r5, ror #31
 8002cc4:	ea83 43bb 	eor.w	r3, r3, fp, ror #18
 8002cc8:	ea83 037c 	eor.w	r3, r3, ip, ror #1
 8002ccc:	ea83 52b7 	eor.w	r2, r3, r7, ror #22
 8002cd0:	f8d0 7000 	ldr.w	r7, [r0]
 8002cd4:	f8d0 1078 	ldr.w	r1, [r0, #120]	; 0x78
 8002cd8:	f8d0 502c 	ldr.w	r5, [r0, #44]	; 0x2c
 8002cdc:	f8d0 b0a4 	ldr.w	fp, [r0, #164]	; 0xa4
 8002ce0:	f8d0 c050 	ldr.w	ip, [r0, #80]	; 0x50
 8002ce4:	ea87 77b1 	eor.w	r7, r7, r1, ror #30
 8002ce8:	ea87 47f5 	eor.w	r7, r7, r5, ror #19
 8002cec:	ea87 67fb 	eor.w	r7, r7, fp, ror #27
 8002cf0:	ea87 373c 	eor.w	r7, r7, ip, ror #12
 8002cf4:	ea87 6a34 	eor.w	sl, r7, r4, ror #24
 8002cf8:	f8d0 4044 	ldr.w	r4, [r0, #68]	; 0x44
 8002cfc:	f8d0 10b8 	ldr.w	r1, [r0, #184]	; 0xb8
 8002d00:	f8d0 5068 	ldr.w	r5, [r0, #104]	; 0x68
 8002d04:	f8d0 b018 	ldr.w	fp, [r0, #24]
 8002d08:	f8d0 c094 	ldr.w	ip, [r0, #148]	; 0x94
 8002d0c:	ea84 44b1 	eor.w	r4, r4, r1, ror #18
 8002d10:	ea84 0405 	eor.w	r4, r4, r5
 8002d14:	ea84 44fb 	eor.w	r4, r4, fp, ror #19
 8002d18:	ea84 047c 	eor.w	r4, r4, ip, ror #1
 8002d1c:	ea84 0e07 	eor.w	lr, r4, r7
 8002d20:	f8d0 705c 	ldr.w	r7, [r0, #92]	; 0x5c
 8002d24:	f8d0 1008 	ldr.w	r1, [r0, #8]
 8002d28:	f8d0 5080 	ldr.w	r5, [r0, #128]	; 0x80
 8002d2c:	f8d0 b034 	ldr.w	fp, [r0, #52]	; 0x34
 8002d30:	f8d0 c0a8 	ldr.w	ip, [r0, #168]	; 0xa8
 8002d34:	ea87 5731 	eor.w	r7, r7, r1, ror #20
 8002d38:	ea87 17f5 	eor.w	r7, r7, r5, ror #7
 8002d3c:	ea87 07fb 	eor.w	r7, r7, fp, ror #3
 8002d40:	ea87 57bc 	eor.w	r7, r7, ip, ror #22
 8002d44:	ea4f 5777 	mov.w	r7, r7, ror #21
 8002d48:	ea87 76f4 	eor.w	r6, r7, r4, ror #31
 8002d4c:	f8d0 4098 	ldr.w	r4, [r0, #152]	; 0x98
 8002d50:	f8d0 104c 	ldr.w	r1, [r0, #76]	; 0x4c
 8002d54:	f8d0 50c0 	ldr.w	r5, [r0, #192]	; 0xc0
 8002d58:	f8d0 b074 	ldr.w	fp, [r0, #116]	; 0x74
 8002d5c:	f8d0 c024 	ldr.w	ip, [r0, #36]	; 0x24
 8002d60:	f8cd 6010 	str.w	r6, [sp, #16]
 8002d64:	ea84 3431 	eor.w	r4, r4, r1, ror #12
 8002d68:	ea84 44f5 	eor.w	r4, r4, r5, ror #19
 8002d6c:	ea84 143b 	eor.w	r4, r4, fp, ror #4
 8002d70:	ea84 64fc 	eor.w	r4, r4, ip, ror #27
 8002d74:	ea87 28b4 	eor.w	r8, r7, r4, ror #10
 8002d78:	f8d0 70b0 	ldr.w	r7, [r0, #176]	; 0xb0
 8002d7c:	f8d0 1060 	ldr.w	r1, [r0, #96]	; 0x60
 8002d80:	f8d0 5014 	ldr.w	r5, [r0, #20]
 8002d84:	f8d0 b08c 	ldr.w	fp, [r0, #140]	; 0x8c
 8002d88:	f8d0 c03c 	ldr.w	ip, [r0, #60]	; 0x3c
 8002d8c:	f8cd 8004 	str.w	r8, [sp, #4]
 8002d90:	ea87 2731 	eor.w	r7, r7, r1, ror #8
 8002d94:	ea87 77b5 	eor.w	r7, r7, r5, ror #30
 8002d98:	ea87 27fb 	eor.w	r7, r7, fp, ror #11
 8002d9c:	ea87 17bc 	eor.w	r7, r7, ip, ror #6
 8002da0:	ea4f 6777 	mov.w	r7, r7, ror #25
 8002da4:	ea87 2974 	eor.w	r9, r7, r4, ror #9
 8002da8:	f8d0 4004 	ldr.w	r4, [r0, #4]
 8002dac:	f8d0 107c 	ldr.w	r1, [r0, #124]	; 0x7c
 8002db0:	f8d0 5028 	ldr.w	r5, [r0, #40]	; 0x28
 8002db4:	f8d0 b0a0 	ldr.w	fp, [r0, #160]	; 0xa0
 8002db8:	f8d0 c054 	ldr.w	ip, [r0, #84]	; 0x54
 8002dbc:	f8cd 9008 	str.w	r9, [sp, #8]
 8002dc0:	ea84 74f1 	eor.w	r4, r4, r1, ror #31
 8002dc4:	ea84 5435 	eor.w	r4, r4, r5, ror #20
 8002dc8:	ea84 64fb 	eor.w	r4, r4, fp, ror #27
 8002dcc:	ea84 347c 	eor.w	r4, r4, ip, ror #13
 8002dd0:	ea84 0b07 	eor.w	fp, r4, r7
 8002dd4:	ea83 7cf4 	eor.w	ip, r3, r4, ror #31
 8002dd8:	f8d0 3040 	ldr.w	r3, [r0, #64]	; 0x40
 8002ddc:	f8d0 4048 	ldr.w	r4, [r0, #72]	; 0x48
 8002de0:	f8d0 5028 	ldr.w	r5, [r0, #40]	; 0x28
 8002de4:	f8d0 6030 	ldr.w	r6, [r0, #48]	; 0x30
 8002de8:	f8d0 7038 	ldr.w	r7, [r0, #56]	; 0x38
 8002dec:	f8c0 1028 	str.w	r1, [r0, #40]	; 0x28
 8002df0:	ea89 0303 	eor.w	r3, r9, r3
 8002df4:	ea8c 54b4 	eor.w	r4, ip, r4, ror #22
 8002df8:	ea88 5535 	eor.w	r5, r8, r5, ror #20
 8002dfc:	ea8b 6676 	eor.w	r6, fp, r6, ror #25
 8002e00:	ea82 77f7 	eor.w	r7, r2, r7, ror #31
 8002e04:	ea25 6134 	bic.w	r1, r5, r4, ror #24
 8002e08:	ea81 5133 	eor.w	r1, r1, r3, ror #20
 8002e0c:	ea4f 71b1 	mov.w	r1, r1, ror #30
 8002e10:	f8c0 1028 	str.w	r1, [r0, #40]	; 0x28
 8002e14:	ea26 5175 	bic.w	r1, r6, r5, ror #21
 8002e18:	ea81 3174 	eor.w	r1, r1, r4, ror #13
 8002e1c:	ea4f 2171 	mov.w	r1, r1, ror #9
 8002e20:	f8c0 1030 	str.w	r1, [r0, #48]	; 0x30
 8002e24:	ea27 2136 	bic.w	r1, r7, r6, ror #8
 8002e28:	ea81 7175 	eor.w	r1, r1, r5, ror #29
 8002e2c:	ea4f 0171 	mov.w	r1, r1, ror #1
 8002e30:	f8c0 1038 	str.w	r1, [r0, #56]	; 0x38
 8002e34:	ea23 31f7 	bic.w	r1, r3, r7, ror #15
 8002e38:	ea81 51f6 	eor.w	r1, r1, r6, ror #23
 8002e3c:	ea4f 41b1 	mov.w	r1, r1, ror #18
 8002e40:	f8c0 1040 	str.w	r1, [r0, #64]	; 0x40
 8002e44:	ea24 7133 	bic.w	r1, r4, r3, ror #28
 8002e48:	ea81 21f7 	eor.w	r1, r1, r7, ror #11
 8002e4c:	ea4f 51b1 	mov.w	r1, r1, ror #22
 8002e50:	f8d0 305c 	ldr.w	r3, [r0, #92]	; 0x5c
 8002e54:	f8d0 4064 	ldr.w	r4, [r0, #100]	; 0x64
 8002e58:	f8d0 506c 	ldr.w	r5, [r0, #108]	; 0x6c
 8002e5c:	f8d0 6074 	ldr.w	r6, [r0, #116]	; 0x74
 8002e60:	f8d0 7054 	ldr.w	r7, [r0, #84]	; 0x54
 8002e64:	f8c0 1048 	str.w	r1, [r0, #72]	; 0x48
 8002e68:	ea8a 5373 	eor.w	r3, sl, r3, ror #21
 8002e6c:	ea82 04b4 	eor.w	r4, r2, r4, ror #2
 8002e70:	ea89 75f5 	eor.w	r5, r9, r5, ror #31
 8002e74:	ea8e 36b6 	eor.w	r6, lr, r6, ror #14
 8002e78:	ea88 3777 	eor.w	r7, r8, r7, ror #13
 8002e7c:	ea25 2174 	bic.w	r1, r5, r4, ror #9
 8002e80:	ea81 3133 	eor.w	r1, r1, r3, ror #12
 8002e84:	ea4f 5131 	mov.w	r1, r1, ror #20
 8002e88:	f8c0 1054 	str.w	r1, [r0, #84]	; 0x54
 8002e8c:	ea26 6135 	bic.w	r1, r6, r5, ror #24
 8002e90:	ea81 0174 	eor.w	r1, r1, r4, ror #1
 8002e94:	ea4f 7131 	mov.w	r1, r1, ror #28
 8002e98:	f8c0 105c 	str.w	r1, [r0, #92]	; 0x5c
 8002e9c:	ea27 1176 	bic.w	r1, r7, r6, ror #5
 8002ea0:	ea81 7175 	eor.w	r1, r1, r5, ror #29
 8002ea4:	ea4f 51f1 	mov.w	r1, r1, ror #23
 8002ea8:	f8c0 1064 	str.w	r1, [r0, #100]	; 0x64
 8002eac:	ea23 51f7 	bic.w	r1, r3, r7, ror #23
 8002eb0:	ea81 7136 	eor.w	r1, r1, r6, ror #28
 8002eb4:	f8c0 106c 	str.w	r1, [r0, #108]	; 0x6c
 8002eb8:	ea24 01f3 	bic.w	r1, r4, r3, ror #3
 8002ebc:	ea81 61b7 	eor.w	r1, r1, r7, ror #26
 8002ec0:	ea4f 7171 	mov.w	r1, r1, ror #29
 8002ec4:	f8dd 8000 	ldr.w	r8, [sp]
 8002ec8:	f8d0 3098 	ldr.w	r3, [r0, #152]	; 0x98
 8002ecc:	f8d0 4078 	ldr.w	r4, [r0, #120]	; 0x78
 8002ed0:	f8d0 5080 	ldr.w	r5, [r0, #128]	; 0x80
 8002ed4:	f8d0 6088 	ldr.w	r6, [r0, #136]	; 0x88
 8002ed8:	f8d0 7090 	ldr.w	r7, [r0, #144]	; 0x90
 8002edc:	f8c0 1074 	str.w	r1, [r0, #116]	; 0x74
 8002ee0:	ea8e 23b3 	eor.w	r3, lr, r3, ror #10
 8002ee4:	ea88 74b4 	eor.w	r4, r8, r4, ror #30
 8002ee8:	ea8a 7535 	eor.w	r5, sl, r5, ror #28
 8002eec:	ea82 1636 	eor.w	r6, r2, r6, ror #4
 8002ef0:	ea89 0777 	eor.w	r7, r9, r7, ror #1
 8002ef4:	ea25 41f4 	bic.w	r1, r5, r4, ror #19
 8002ef8:	ea81 51f3 	eor.w	r1, r1, r3, ror #23
 8002efc:	ea4f 61f1 	mov.w	r1, r1, ror #27
 8002f00:	f8c0 1078 	str.w	r1, [r0, #120]	; 0x78
 8002f04:	ea26 01f5 	bic.w	r1, r6, r5, ror #3
 8002f08:	ea81 51b4 	eor.w	r1, r1, r4, ror #22
 8002f0c:	ea4f 6131 	mov.w	r1, r1, ror #24
 8002f10:	f8c0 1080 	str.w	r1, [r0, #128]	; 0x80
 8002f14:	ea27 5136 	bic.w	r1, r7, r6, ror #20
 8002f18:	ea81 51f5 	eor.w	r1, r1, r5, ror #23
 8002f1c:	ea4f 1131 	mov.w	r1, r1, ror #4
 8002f20:	f8c0 1088 	str.w	r1, [r0, #136]	; 0x88
 8002f24:	ea23 41b7 	bic.w	r1, r3, r7, ror #18
 8002f28:	ea81 11b6 	eor.w	r1, r1, r6, ror #6
 8002f2c:	ea4f 41b1 	mov.w	r1, r1, ror #18
 8002f30:	f8c0 1090 	str.w	r1, [r0, #144]	; 0x90
 8002f34:	ea24 1133 	bic.w	r1, r4, r3, ror #4
 8002f38:	ea81 51b7 	eor.w	r1, r1, r7, ror #22
 8002f3c:	ea4f 31b1 	mov.w	r1, r1, ror #14
 8002f40:	f8d0 30b4 	ldr.w	r3, [r0, #180]	; 0xb4
 8002f44:	f8d0 40bc 	ldr.w	r4, [r0, #188]	; 0xbc
 8002f48:	f8d0 50c4 	ldr.w	r5, [r0, #196]	; 0xc4
 8002f4c:	f8d0 60a4 	ldr.w	r6, [r0, #164]	; 0xa4
 8002f50:	f8d0 70ac 	ldr.w	r7, [r0, #172]	; 0xac
 8002f54:	f8c0 1098 	str.w	r1, [r0, #152]	; 0x98
 8002f58:	ea82 6373 	eor.w	r3, r2, r3, ror #25
 8002f5c:	ea89 44b4 	eor.w	r4, r9, r4, ror #18
 8002f60:	ea8c 7575 	eor.w	r5, ip, r5, ror #29
 8002f64:	ea88 66f6 	eor.w	r6, r8, r6, ror #27
 8002f68:	ea8b 3737 	eor.w	r7, fp, r7, ror #12
 8002f6c:	ea25 6134 	bic.w	r1, r5, r4, ror #24
 8002f70:	ea81 5133 	eor.w	r1, r1, r3, ror #20
 8002f74:	ea4f 3171 	mov.w	r1, r1, ror #13
 8002f78:	f8c0 10a4 	str.w	r1, [r0, #164]	; 0xa4
 8002f7c:	ea26 0175 	bic.w	r1, r6, r5, ror #1
 8002f80:	ea81 6174 	eor.w	r1, r1, r4, ror #25
 8002f84:	ea4f 3131 	mov.w	r1, r1, ror #12
 8002f88:	f8c0 10ac 	str.w	r1, [r0, #172]	; 0xac
 8002f8c:	ea27 3176 	bic.w	r1, r7, r6, ror #13
 8002f90:	ea81 31b5 	eor.w	r1, r1, r5, ror #14
 8002f94:	ea4f 71f1 	mov.w	r1, r1, ror #31
 8002f98:	f8c0 10b4 	str.w	r1, [r0, #180]	; 0xb4
 8002f9c:	ea23 71b7 	bic.w	r1, r3, r7, ror #30
 8002fa0:	ea81 21f6 	eor.w	r1, r1, r6, ror #11
 8002fa4:	ea4f 0171 	mov.w	r1, r1, ror #1
 8002fa8:	f8c0 10bc 	str.w	r1, [r0, #188]	; 0xbc
 8002fac:	ea24 7133 	bic.w	r1, r4, r3, ror #28
 8002fb0:	ea81 61b7 	eor.w	r1, r1, r7, ror #26
 8002fb4:	ea4f 1171 	mov.w	r1, r1, ror #5
 8002fb8:	f8dd 900c 	ldr.w	r9, [sp, #12]
 8002fbc:	f8d0 3000 	ldr.w	r3, [r0]
 8002fc0:	6884      	ldr	r4, [r0, #8]
 8002fc2:	6905      	ldr	r5, [r0, #16]
 8002fc4:	6986      	ldr	r6, [r0, #24]
 8002fc6:	6a07      	ldr	r7, [r0, #32]
 8002fc8:	f8c0 10c4 	str.w	r1, [r0, #196]	; 0xc4
 8002fcc:	ea88 0303 	eor.w	r3, r8, r3
 8002fd0:	ea8a 2474 	eor.w	r4, sl, r4, ror #9
 8002fd4:	ea82 55f5 	eor.w	r5, r2, r5, ror #23
 8002fd8:	ea89 46f6 	eor.w	r6, r9, r6, ror #19
 8002fdc:	ea8c 1737 	eor.w	r7, ip, r7, ror #4
 8002fe0:	ea26 5175 	bic.w	r1, r6, r5, ror #21
 8002fe4:	ea81 5174 	eor.w	r1, r1, r4, ror #21
 8002fe8:	ea4f 5171 	mov.w	r1, r1, ror #21
 8002fec:	f8c0 1008 	str.w	r1, [r0, #8]
 8002ff0:	ea27 7136 	bic.w	r1, r7, r6, ror #28
 8002ff4:	ea81 4175 	eor.w	r1, r1, r5, ror #17
 8002ff8:	ea4f 6171 	mov.w	r1, r1, ror #25
 8002ffc:	f8c0 1010 	str.w	r1, [r0, #16]
 8003000:	ea23 6177 	bic.w	r1, r3, r7, ror #25
 8003004:	ea81 5176 	eor.w	r1, r1, r6, ror #21
 8003008:	f8c0 1018 	str.w	r1, [r0, #24]
 800300c:	ea24 51b3 	bic.w	r1, r4, r3, ror #22
 8003010:	ea81 31f7 	eor.w	r1, r1, r7, ror #15
 8003014:	ea4f 21b1 	mov.w	r1, r1, ror #10
 8003018:	f8c0 1020 	str.w	r1, [r0, #32]
 800301c:	ea25 0504 	bic.w	r5, r5, r4
 8003020:	9905      	ldr	r1, [sp, #20]
 8003022:	698c      	ldr	r4, [r1, #24]
 8003024:	ea83 23b5 	eor.w	r3, r3, r5, ror #10
 8003028:	ea84 0103 	eor.w	r1, r4, r3
 800302c:	f8dd 2010 	ldr.w	r2, [sp, #16]
 8003030:	f8d0 3044 	ldr.w	r3, [r0, #68]	; 0x44
 8003034:	f8d0 404c 	ldr.w	r4, [r0, #76]	; 0x4c
 8003038:	f8d0 502c 	ldr.w	r5, [r0, #44]	; 0x2c
 800303c:	f8d0 6034 	ldr.w	r6, [r0, #52]	; 0x34
 8003040:	f8d0 703c 	ldr.w	r7, [r0, #60]	; 0x3c
 8003044:	f8c0 1000 	str.w	r1, [r0]
 8003048:	ea89 0303 	eor.w	r3, r9, r3
 800304c:	ea8e 54b4 	eor.w	r4, lr, r4, ror #22
 8003050:	ea88 45f5 	eor.w	r5, r8, r5, ror #19
 8003054:	ea8a 6636 	eor.w	r6, sl, r6, ror #24
 8003058:	ea82 77f7 	eor.w	r7, r2, r7, ror #31
 800305c:	ea25 51f4 	bic.w	r1, r5, r4, ror #23
 8003060:	ea81 41f3 	eor.w	r1, r1, r3, ror #19
 8003064:	ea4f 71f1 	mov.w	r1, r1, ror #31
 8003068:	f8c0 102c 	str.w	r1, [r0, #44]	; 0x2c
 800306c:	ea26 5175 	bic.w	r1, r6, r5, ror #21
 8003070:	ea81 3134 	eor.w	r1, r1, r4, ror #12
 8003074:	ea4f 21b1 	mov.w	r1, r1, ror #10
 8003078:	f8c0 1034 	str.w	r1, [r0, #52]	; 0x34
 800307c:	ea27 2136 	bic.w	r1, r7, r6, ror #8
 8003080:	ea81 7175 	eor.w	r1, r1, r5, ror #29
 8003084:	ea4f 01b1 	mov.w	r1, r1, ror #2
 8003088:	f8c0 103c 	str.w	r1, [r0, #60]	; 0x3c
 800308c:	ea23 4137 	bic.w	r1, r3, r7, ror #16
 8003090:	ea81 6136 	eor.w	r1, r1, r6, ror #24
 8003094:	ea4f 41b1 	mov.w	r1, r1, ror #18
 8003098:	f8c0 1044 	str.w	r1, [r0, #68]	; 0x44
 800309c:	ea24 7133 	bic.w	r1, r4, r3, ror #28
 80030a0:	ea81 3137 	eor.w	r1, r1, r7, ror #12
 80030a4:	ea4f 51b1 	mov.w	r1, r1, ror #22
 80030a8:	f8d0 3058 	ldr.w	r3, [r0, #88]	; 0x58
 80030ac:	f8d0 4060 	ldr.w	r4, [r0, #96]	; 0x60
 80030b0:	f8d0 5068 	ldr.w	r5, [r0, #104]	; 0x68
 80030b4:	f8d0 6070 	ldr.w	r6, [r0, #112]	; 0x70
 80030b8:	f8d0 7050 	ldr.w	r7, [r0, #80]	; 0x50
 80030bc:	f8c0 104c 	str.w	r1, [r0, #76]	; 0x4c
 80030c0:	ea8b 53b3 	eor.w	r3, fp, r3, ror #22
 80030c4:	ea82 0474 	eor.w	r4, r2, r4, ror #1
 80030c8:	ea89 0505 	eor.w	r5, r9, r5
 80030cc:	ea8c 36b6 	eor.w	r6, ip, r6, ror #14
 80030d0:	ea88 3737 	eor.w	r7, r8, r7, ror #12
 80030d4:	ea25 21b4 	bic.w	r1, r5, r4, ror #10
 80030d8:	ea81 3133 	eor.w	r1, r1, r3, ror #12
 80030dc:	ea4f 41f1 	mov.w	r1, r1, ror #19
 80030e0:	f8c0 1050 	str.w	r1, [r0, #80]	; 0x50
 80030e4:	ea26 51f5 	bic.w	r1, r6, r5, ror #23
 80030e8:	ea81 0174 	eor.w	r1, r1, r4, ror #1
 80030ec:	ea4f 7131 	mov.w	r1, r1, ror #28
 80030f0:	f8c0 1058 	str.w	r1, [r0, #88]	; 0x58
 80030f4:	ea27 1176 	bic.w	r1, r7, r6, ror #5
 80030f8:	ea81 7135 	eor.w	r1, r1, r5, ror #28
 80030fc:	ea4f 51f1 	mov.w	r1, r1, ror #23
 8003100:	f8c0 1060 	str.w	r1, [r0, #96]	; 0x60
 8003104:	ea23 6137 	bic.w	r1, r3, r7, ror #24
 8003108:	ea81 7176 	eor.w	r1, r1, r6, ror #29
 800310c:	ea4f 71f1 	mov.w	r1, r1, ror #31
 8003110:	f8c0 1068 	str.w	r1, [r0, #104]	; 0x68
 8003114:	ea24 01b3 	bic.w	r1, r4, r3, ror #2
 8003118:	ea81 61b7 	eor.w	r1, r1, r7, ror #26
 800311c:	ea4f 7171 	mov.w	r1, r1, ror #29
 8003120:	f8dd 8004 	ldr.w	r8, [sp, #4]
 8003124:	f8d0 309c 	ldr.w	r3, [r0, #156]	; 0x9c
 8003128:	f8d0 407c 	ldr.w	r4, [r0, #124]	; 0x7c
 800312c:	f8d0 5084 	ldr.w	r5, [r0, #132]	; 0x84
 8003130:	f8d0 608c 	ldr.w	r6, [r0, #140]	; 0x8c
 8003134:	f8d0 7094 	ldr.w	r7, [r0, #148]	; 0x94
 8003138:	f8c0 1070 	str.w	r1, [r0, #112]	; 0x70
 800313c:	ea8c 23b3 	eor.w	r3, ip, r3, ror #10
 8003140:	ea88 74f4 	eor.w	r4, r8, r4, ror #31
 8003144:	ea8b 7535 	eor.w	r5, fp, r5, ror #28
 8003148:	ea82 1636 	eor.w	r6, r2, r6, ror #4
 800314c:	ea89 0777 	eor.w	r7, r9, r7, ror #1
 8003150:	ea25 41f4 	bic.w	r1, r5, r4, ror #19
 8003154:	ea81 6133 	eor.w	r1, r1, r3, ror #24
 8003158:	ea4f 61f1 	mov.w	r1, r1, ror #27
 800315c:	f8c0 107c 	str.w	r1, [r0, #124]	; 0x7c
 8003160:	ea26 01b5 	bic.w	r1, r6, r5, ror #2
 8003164:	ea81 5174 	eor.w	r1, r1, r4, ror #21
 8003168:	ea4f 6171 	mov.w	r1, r1, ror #25
 800316c:	f8c0 1084 	str.w	r1, [r0, #132]	; 0x84
 8003170:	ea27 5176 	bic.w	r1, r7, r6, ror #21
 8003174:	ea81 51f5 	eor.w	r1, r1, r5, ror #23
 8003178:	ea4f 1131 	mov.w	r1, r1, ror #4
 800317c:	f8c0 108c 	str.w	r1, [r0, #140]	; 0x8c
 8003180:	ea23 4177 	bic.w	r1, r3, r7, ror #17
 8003184:	ea81 11b6 	eor.w	r1, r1, r6, ror #6
 8003188:	ea4f 41f1 	mov.w	r1, r1, ror #19
 800318c:	f8c0 1094 	str.w	r1, [r0, #148]	; 0x94
 8003190:	ea24 1173 	bic.w	r1, r4, r3, ror #5
 8003194:	ea81 51b7 	eor.w	r1, r1, r7, ror #22
 8003198:	ea4f 31b1 	mov.w	r1, r1, ror #14
 800319c:	f8d0 30b0 	ldr.w	r3, [r0, #176]	; 0xb0
 80031a0:	f8d0 40b8 	ldr.w	r4, [r0, #184]	; 0xb8
 80031a4:	f8d0 50c0 	ldr.w	r5, [r0, #192]	; 0xc0
 80031a8:	f8d0 60a0 	ldr.w	r6, [r0, #160]	; 0xa0
 80031ac:	f8d0 70a8 	ldr.w	r7, [r0, #168]	; 0xa8
 80031b0:	f8c0 109c 	str.w	r1, [r0, #156]	; 0x9c
 80031b4:	ea82 6373 	eor.w	r3, r2, r3, ror #25
 80031b8:	ea89 44b4 	eor.w	r4, r9, r4, ror #18
 80031bc:	ea8e 7575 	eor.w	r5, lr, r5, ror #29
 80031c0:	ea88 66f6 	eor.w	r6, r8, r6, ror #27
 80031c4:	ea8a 27f7 	eor.w	r7, sl, r7, ror #11
 80031c8:	ea25 6134 	bic.w	r1, r5, r4, ror #24
 80031cc:	ea81 5173 	eor.w	r1, r1, r3, ror #21
 80031d0:	ea4f 3131 	mov.w	r1, r1, ror #12
 80031d4:	f8c0 10a0 	str.w	r1, [r0, #160]	; 0xa0
 80031d8:	ea26 0175 	bic.w	r1, r6, r5, ror #1
 80031dc:	ea81 6174 	eor.w	r1, r1, r4, ror #25
 80031e0:	ea4f 21f1 	mov.w	r1, r1, ror #11
 80031e4:	f8c0 10a8 	str.w	r1, [r0, #168]	; 0xa8
 80031e8:	ea27 3136 	bic.w	r1, r7, r6, ror #12
 80031ec:	ea81 3175 	eor.w	r1, r1, r5, ror #13
 80031f0:	ea4f 71f1 	mov.w	r1, r1, ror #31
 80031f4:	f8c0 10b0 	str.w	r1, [r0, #176]	; 0xb0
 80031f8:	ea23 71b7 	bic.w	r1, r3, r7, ror #30
 80031fc:	ea81 21b6 	eor.w	r1, r1, r6, ror #10
 8003200:	ea4f 0171 	mov.w	r1, r1, ror #1
 8003204:	f8c0 10b8 	str.w	r1, [r0, #184]	; 0xb8
 8003208:	ea24 7173 	bic.w	r1, r4, r3, ror #29
 800320c:	ea81 61f7 	eor.w	r1, r1, r7, ror #27
 8003210:	ea4f 1131 	mov.w	r1, r1, ror #4
 8003214:	f8dd 9008 	ldr.w	r9, [sp, #8]
 8003218:	f8d0 3004 	ldr.w	r3, [r0, #4]
 800321c:	68c4      	ldr	r4, [r0, #12]
 800321e:	6945      	ldr	r5, [r0, #20]
 8003220:	69c6      	ldr	r6, [r0, #28]
 8003222:	6a47      	ldr	r7, [r0, #36]	; 0x24
 8003224:	f8c0 10c0 	str.w	r1, [r0, #192]	; 0xc0
 8003228:	ea88 0303 	eor.w	r3, r8, r3
 800322c:	ea8b 24b4 	eor.w	r4, fp, r4, ror #10
 8003230:	ea82 55f5 	eor.w	r5, r2, r5, ror #23
 8003234:	ea89 46b6 	eor.w	r6, r9, r6, ror #18
 8003238:	ea8e 1777 	eor.w	r7, lr, r7, ror #5
 800323c:	ea26 5175 	bic.w	r1, r6, r5, ror #21
 8003240:	ea81 5134 	eor.w	r1, r1, r4, ror #20
 8003244:	ea4f 51b1 	mov.w	r1, r1, ror #22
 8003248:	f8c0 100c 	str.w	r1, [r0, #12]
 800324c:	ea27 7176 	bic.w	r1, r7, r6, ror #29
 8003250:	ea81 41b5 	eor.w	r1, r1, r5, ror #18
 8003254:	ea4f 6171 	mov.w	r1, r1, ror #25
 8003258:	f8c0 1014 	str.w	r1, [r0, #20]
 800325c:	ea23 6177 	bic.w	r1, r3, r7, ror #25
 8003260:	ea81 51b6 	eor.w	r1, r1, r6, ror #22
 8003264:	f8c0 101c 	str.w	r1, [r0, #28]
 8003268:	ea24 51b3 	bic.w	r1, r4, r3, ror #22
 800326c:	ea81 31f7 	eor.w	r1, r1, r7, ror #15
 8003270:	ea4f 21b1 	mov.w	r1, r1, ror #10
 8003274:	f8c0 1024 	str.w	r1, [r0, #36]	; 0x24
 8003278:	ea25 75f4 	bic.w	r5, r5, r4, ror #31
 800327c:	9905      	ldr	r1, [sp, #20]
 800327e:	69cc      	ldr	r4, [r1, #28]
 8003280:	f851 7f20 	ldr.w	r7, [r1, #32]!
 8003284:	9105      	str	r1, [sp, #20]
 8003286:	2fff      	cmp	r7, #255	; 0xff
 8003288:	ea83 23f5 	eor.w	r3, r3, r5, ror #11
 800328c:	ea84 0103 	eor.w	r1, r4, r3
 8003290:	f8c0 1004 	str.w	r1, [r0, #4]
 8003294:	f47e ac3a 	bne.w	8001b0c <KeccakF1600_StatePermute_RoundLoop>
 8003298:	b006      	add	sp, #24
 800329a:	e8bd 9ff0 	ldmia.w	sp!, {r4, r5, r6, r7, r8, r9, sl, fp, ip, pc}
 800329e:	bf00      	nop

080032a0 <cryptolab_smaug1_shake256_absorb_twice_squeeze>:
 80032a0:	b580      	push	{r7, lr}
 80032a2:	b0b8      	sub	sp, #224	; 0xe0
 80032a4:	af00      	add	r7, sp, #0
 80032a6:	60f8      	str	r0, [r7, #12]
 80032a8:	60b9      	str	r1, [r7, #8]
 80032aa:	607a      	str	r2, [r7, #4]
 80032ac:	603b      	str	r3, [r7, #0]
 80032ae:	f107 0310 	add.w	r3, r7, #16
 80032b2:	4618      	mov	r0, r3
 80032b4:	f7fd fb87 	bl	80009c6 <shake256_inc_init>
 80032b8:	f107 0310 	add.w	r3, r7, #16
 80032bc:	683a      	ldr	r2, [r7, #0]
 80032be:	6879      	ldr	r1, [r7, #4]
 80032c0:	4618      	mov	r0, r3
 80032c2:	f7fd fb8c 	bl	80009de <shake256_inc_absorb>
 80032c6:	f107 0310 	add.w	r3, r7, #16
 80032ca:	f8d7 20ec 	ldr.w	r2, [r7, #236]	; 0xec
 80032ce:	f8d7 10e8 	ldr.w	r1, [r7, #232]	; 0xe8
 80032d2:	4618      	mov	r0, r3
 80032d4:	f7fd fb83 	bl	80009de <shake256_inc_absorb>
 80032d8:	f107 0310 	add.w	r3, r7, #16
 80032dc:	4618      	mov	r0, r3
 80032de:	f7fd fb8e 	bl	80009fe <shake256_inc_finalize>
 80032e2:	f107 0310 	add.w	r3, r7, #16
 80032e6:	461a      	mov	r2, r3
 80032e8:	68b9      	ldr	r1, [r7, #8]
 80032ea:	68f8      	ldr	r0, [r7, #12]
 80032ec:	f7fd fb95 	bl	8000a1a <shake256_inc_squeeze>
 80032f0:	bf00      	nop
 80032f2:	37e0      	adds	r7, #224	; 0xe0
 80032f4:	46bd      	mov	sp, r7
 80032f6:	bd80      	pop	{r7, pc}

080032f8 <cryptolab_smaug1_genRx_vec>:
 80032f8:	b580      	push	{r7, lr}
 80032fa:	b0a4      	sub	sp, #144	; 0x90
 80032fc:	af00      	add	r7, sp, #0
 80032fe:	6078      	str	r0, [r7, #4]
 8003300:	6039      	str	r1, [r7, #0]
 8003302:	f107 032c 	add.w	r3, r7, #44	; 0x2c
 8003306:	2260      	movs	r2, #96	; 0x60
 8003308:	2100      	movs	r1, #0
 800330a:	4618      	mov	r0, r3
 800330c:	f003 feba 	bl	8007084 <memset>
 8003310:	2300      	movs	r3, #0
 8003312:	f8c7 308c 	str.w	r3, [r7, #140]	; 0x8c
 8003316:	e023      	b.n	8003360 <cryptolab_smaug1_genRx_vec+0x68>
 8003318:	f107 0308 	add.w	r3, r7, #8
 800331c:	2220      	movs	r2, #32
 800331e:	6839      	ldr	r1, [r7, #0]
 8003320:	4618      	mov	r0, r3
 8003322:	f003 fe15 	bl	8006f50 <memcpy>
 8003326:	f8d7 308c 	ldr.w	r3, [r7, #140]	; 0x8c
 800332a:	b2db      	uxtb	r3, r3
 800332c:	f887 3028 	strb.w	r3, [r7, #40]	; 0x28
 8003330:	f107 0208 	add.w	r2, r7, #8
 8003334:	f107 002c 	add.w	r0, r7, #44	; 0x2c
 8003338:	2321      	movs	r3, #33	; 0x21
 800333a:	2160      	movs	r1, #96	; 0x60
 800333c:	f7fd fcda 	bl	8000cf4 <shake256>
 8003340:	f8d7 308c 	ldr.w	r3, [r7, #140]	; 0x8c
 8003344:	025b      	lsls	r3, r3, #9
 8003346:	687a      	ldr	r2, [r7, #4]
 8003348:	4413      	add	r3, r2
 800334a:	f107 022c 	add.w	r2, r7, #44	; 0x2c
 800334e:	4611      	mov	r1, r2
 8003350:	4618      	mov	r0, r3
 8003352:	f002 fe4d 	bl	8005ff0 <cryptolab_smaug1_poly_cbd>
 8003356:	f8d7 308c 	ldr.w	r3, [r7, #140]	; 0x8c
 800335a:	3301      	adds	r3, #1
 800335c:	f8c7 308c 	str.w	r3, [r7, #140]	; 0x8c
 8003360:	f8d7 308c 	ldr.w	r3, [r7, #140]	; 0x8c
 8003364:	2b01      	cmp	r3, #1
 8003366:	d9d7      	bls.n	8003318 <cryptolab_smaug1_genRx_vec+0x20>
 8003368:	bf00      	nop
 800336a:	bf00      	nop
 800336c:	3790      	adds	r7, #144	; 0x90
 800336e:	46bd      	mov	sp, r7
 8003370:	bd80      	pop	{r7, pc}

08003372 <cryptolab_smaug1_indcpa_keypair>:
 8003372:	b5b0      	push	{r4, r5, r7, lr}
 8003374:	f5ad 5d83 	sub.w	sp, sp, #4192	; 0x1060
 8003378:	b082      	sub	sp, #8
 800337a:	af00      	add	r7, sp, #0
 800337c:	f107 0368 	add.w	r3, r7, #104	; 0x68
 8003380:	f843 0c64 	str.w	r0, [r3, #-100]
 8003384:	f107 0368 	add.w	r3, r7, #104	; 0x68
 8003388:	f843 1c68 	str.w	r1, [r3, #-104]
 800338c:	f507 6389 	add.w	r3, r7, #1096	; 0x448
 8003390:	f44f 6242 	mov.w	r2, #3104	; 0xc20
 8003394:	2100      	movs	r1, #0
 8003396:	4618      	mov	r0, r3
 8003398:	f003 fe74 	bl	8007084 <memset>
 800339c:	f107 0348 	add.w	r3, r7, #72	; 0x48
 80033a0:	f44f 6280 	mov.w	r2, #1024	; 0x400
 80033a4:	2100      	movs	r1, #0
 80033a6:	4618      	mov	r0, r3
 80033a8:	f003 fe6c 	bl	8007084 <memset>
 80033ac:	f107 0368 	add.w	r3, r7, #104	; 0x68
 80033b0:	3b60      	subs	r3, #96	; 0x60
 80033b2:	2240      	movs	r2, #64	; 0x40
 80033b4:	2100      	movs	r1, #0
 80033b6:	4618      	mov	r0, r3
 80033b8:	f003 fe64 	bl	8007084 <memset>
 80033bc:	f107 0308 	add.w	r3, r7, #8
 80033c0:	2120      	movs	r1, #32
 80033c2:	4618      	mov	r0, r3
 80033c4:	f7fd fefa 	bl	80011bc <PQCLEAN_randombytes>
 80033c8:	f107 0108 	add.w	r1, r7, #8
 80033cc:	f107 0308 	add.w	r3, r7, #8
 80033d0:	2220      	movs	r2, #32
 80033d2:	4618      	mov	r0, r3
 80033d4:	f7fd fdd3 	bl	8000f7e <sha3_512>
 80033d8:	f107 0208 	add.w	r2, r7, #8
 80033dc:	f107 0348 	add.w	r3, r7, #72	; 0x48
 80033e0:	4611      	mov	r1, r2
 80033e2:	4618      	mov	r0, r3
 80033e4:	f000 fbd1 	bl	8003b8a <cryptolab_smaug1_genSx_vec>
 80033e8:	f107 0308 	add.w	r3, r7, #8
 80033ec:	3320      	adds	r3, #32
 80033ee:	f507 5283 	add.w	r2, r7, #4192	; 0x1060
 80033f2:	f102 0208 	add.w	r2, r2, #8
 80033f6:	f5a2 6242 	sub.w	r2, r2, #3104	; 0xc20
 80033fa:	4614      	mov	r4, r2
 80033fc:	461d      	mov	r5, r3
 80033fe:	6828      	ldr	r0, [r5, #0]
 8003400:	6869      	ldr	r1, [r5, #4]
 8003402:	68aa      	ldr	r2, [r5, #8]
 8003404:	68eb      	ldr	r3, [r5, #12]
 8003406:	c40f      	stmia	r4!, {r0, r1, r2, r3}
 8003408:	6928      	ldr	r0, [r5, #16]
 800340a:	6969      	ldr	r1, [r5, #20]
 800340c:	69aa      	ldr	r2, [r5, #24]
 800340e:	69eb      	ldr	r3, [r5, #28]
 8003410:	c40f      	stmia	r4!, {r0, r1, r2, r3}
 8003412:	f107 0208 	add.w	r2, r7, #8
 8003416:	f107 0148 	add.w	r1, r7, #72	; 0x48
 800341a:	f507 6389 	add.w	r3, r7, #1096	; 0x448
 800341e:	4618      	mov	r0, r3
 8003420:	f000 fbf0 	bl	8003c04 <cryptolab_smaug1_genPubkey>
 8003424:	f107 0368 	add.w	r3, r7, #104	; 0x68
 8003428:	f44f 7228 	mov.w	r2, #672	; 0x2a0
 800342c:	2100      	movs	r1, #0
 800342e:	f853 0c64 	ldr.w	r0, [r3, #-100]
 8003432:	f003 fe27 	bl	8007084 <memset>
 8003436:	f107 0368 	add.w	r3, r7, #104	; 0x68
 800343a:	2280      	movs	r2, #128	; 0x80
 800343c:	2100      	movs	r1, #0
 800343e:	f853 0c68 	ldr.w	r0, [r3, #-104]
 8003442:	f003 fe1f 	bl	8007084 <memset>
 8003446:	f507 6389 	add.w	r3, r7, #1096	; 0x448
 800344a:	f107 0268 	add.w	r2, r7, #104	; 0x68
 800344e:	4619      	mov	r1, r3
 8003450:	f852 0c64 	ldr.w	r0, [r2, #-100]
 8003454:	f000 fadd 	bl	8003a12 <cryptolab_smaug1_save_to_string_pk>
 8003458:	f107 0348 	add.w	r3, r7, #72	; 0x48
 800345c:	f107 0268 	add.w	r2, r7, #104	; 0x68
 8003460:	4619      	mov	r1, r3
 8003462:	f852 0c68 	ldr.w	r0, [r2, #-104]
 8003466:	f000 fa98 	bl	800399a <cryptolab_smaug1_save_to_string_sk>
 800346a:	bf00      	nop
 800346c:	f507 5783 	add.w	r7, r7, #4192	; 0x1060
 8003470:	3708      	adds	r7, #8
 8003472:	46bd      	mov	sp, r7
 8003474:	bdb0      	pop	{r4, r5, r7, pc}

08003476 <cryptolab_smaug1_indcpa_enc>:
 8003476:	b590      	push	{r4, r7, lr}
 8003478:	f5ad 5db2 	sub.w	sp, sp, #5696	; 0x1640
 800347c:	b085      	sub	sp, #20
 800347e:	af00      	add	r7, sp, #0
 8003480:	f507 64ca 	add.w	r4, r7, #1616	; 0x650
 8003484:	f2a4 6444 	subw	r4, r4, #1604	; 0x644
 8003488:	6020      	str	r0, [r4, #0]
 800348a:	f507 60ca 	add.w	r0, r7, #1616	; 0x650
 800348e:	f5a0 60c9 	sub.w	r0, r0, #1608	; 0x648
 8003492:	6001      	str	r1, [r0, #0]
 8003494:	f507 61ca 	add.w	r1, r7, #1616	; 0x650
 8003498:	f2a1 614c 	subw	r1, r1, #1612	; 0x64c
 800349c:	600a      	str	r2, [r1, #0]
 800349e:	f507 62ca 	add.w	r2, r7, #1616	; 0x650
 80034a2:	f5a2 62ca 	sub.w	r2, r2, #1616	; 0x650
 80034a6:	6013      	str	r3, [r2, #0]
 80034a8:	f507 53b1 	add.w	r3, r7, #5664	; 0x1620
 80034ac:	f103 0310 	add.w	r3, r3, #16
 80034b0:	2220      	movs	r2, #32
 80034b2:	2100      	movs	r1, #0
 80034b4:	4618      	mov	r0, r3
 80034b6:	f003 fde5 	bl	8007084 <memset>
 80034ba:	f507 63ca 	add.w	r3, r7, #1616	; 0x650
 80034be:	f5a3 63c9 	sub.w	r3, r3, #1608	; 0x648
 80034c2:	f507 6221 	add.w	r2, r7, #2576	; 0xa10
 80034c6:	6819      	ldr	r1, [r3, #0]
 80034c8:	4610      	mov	r0, r2
 80034ca:	f000 fabb 	bl	8003a44 <cryptolab_smaug1_load_from_string_pk>
 80034ce:	f507 63c2 	add.w	r3, r7, #1552	; 0x610
 80034d2:	f44f 6280 	mov.w	r2, #1024	; 0x400
 80034d6:	2100      	movs	r1, #0
 80034d8:	4618      	mov	r0, r3
 80034da:	f003 fdd3 	bl	8007084 <memset>
 80034de:	f507 63ca 	add.w	r3, r7, #1616	; 0x650
 80034e2:	f5a3 63ca 	sub.w	r3, r3, #1616	; 0x650
 80034e6:	681b      	ldr	r3, [r3, #0]
 80034e8:	2b00      	cmp	r3, #0
 80034ea:	d108      	bne.n	80034fe <cryptolab_smaug1_indcpa_enc+0x88>
 80034ec:	f507 53b1 	add.w	r3, r7, #5664	; 0x1620
 80034f0:	f103 0310 	add.w	r3, r3, #16
 80034f4:	2120      	movs	r1, #32
 80034f6:	4618      	mov	r0, r3
 80034f8:	f7fd fe60 	bl	80011bc <PQCLEAN_randombytes>
 80034fc:	e00c      	b.n	8003518 <cryptolab_smaug1_indcpa_enc+0xa2>
 80034fe:	f507 63ca 	add.w	r3, r7, #1616	; 0x650
 8003502:	f5a3 61ca 	sub.w	r1, r3, #1616	; 0x650
 8003506:	f507 50b1 	add.w	r0, r7, #5664	; 0x1620
 800350a:	f100 0010 	add.w	r0, r0, #16
 800350e:	2301      	movs	r3, #1
 8003510:	2220      	movs	r2, #32
 8003512:	6809      	ldr	r1, [r1, #0]
 8003514:	f7fd f820 	bl	8000558 <cryptolab_smaug1_cmov>
 8003518:	f507 52b1 	add.w	r2, r7, #5664	; 0x1620
 800351c:	f102 0210 	add.w	r2, r2, #16
 8003520:	f507 63c2 	add.w	r3, r7, #1552	; 0x610
 8003524:	4611      	mov	r1, r2
 8003526:	4618      	mov	r0, r3
 8003528:	f7ff fee6 	bl	80032f8 <cryptolab_smaug1_genRx_vec>
 800352c:	f107 0310 	add.w	r3, r7, #16
 8003530:	f44f 62c0 	mov.w	r2, #1536	; 0x600
 8003534:	2100      	movs	r1, #0
 8003536:	4618      	mov	r0, r3
 8003538:	f003 fda4 	bl	8007084 <memset>
 800353c:	f507 62c2 	add.w	r2, r7, #1552	; 0x610
 8003540:	f507 6321 	add.w	r3, r7, #2576	; 0xa10
 8003544:	f103 0120 	add.w	r1, r3, #32
 8003548:	f107 0310 	add.w	r3, r7, #16
 800354c:	4618      	mov	r0, r3
 800354e:	f002 fd5d 	bl	800600c <cryptolab_smaug1_computeC1>
 8003552:	f507 64c2 	add.w	r4, r7, #1552	; 0x610
 8003556:	f507 6321 	add.w	r3, r7, #2576	; 0xa10
 800355a:	f503 6202 	add.w	r2, r3, #2080	; 0x820
 800355e:	f507 63ca 	add.w	r3, r7, #1616	; 0x650
 8003562:	f2a3 614c 	subw	r1, r3, #1612	; 0x64c
 8003566:	f107 0310 	add.w	r3, r7, #16
 800356a:	f503 6080 	add.w	r0, r3, #1024	; 0x400
 800356e:	4623      	mov	r3, r4
 8003570:	6809      	ldr	r1, [r1, #0]
 8003572:	f002 fd81 	bl	8006078 <cryptolab_smaug1_computeC2>
 8003576:	f107 0210 	add.w	r2, r7, #16
 800357a:	f507 63ca 	add.w	r3, r7, #1616	; 0x650
 800357e:	f2a3 6344 	subw	r3, r3, #1604	; 0x644
 8003582:	4611      	mov	r1, r2
 8003584:	6818      	ldr	r0, [r3, #0]
 8003586:	f000 f9d8 	bl	800393a <cryptolab_smaug1_save_to_string>
 800358a:	bf00      	nop
 800358c:	f507 57b2 	add.w	r7, r7, #5696	; 0x1640
 8003590:	3714      	adds	r7, #20
 8003592:	46bd      	mov	sp, r7
 8003594:	bd90      	pop	{r4, r7, pc}

08003596 <cryptolab_smaug1_indcpa_dec>:
 8003596:	b580      	push	{r7, lr}
 8003598:	f5ad 5d80 	sub.w	sp, sp, #4096	; 0x1000
 800359c:	b086      	sub	sp, #24
 800359e:	af00      	add	r7, sp, #0
 80035a0:	f107 0318 	add.w	r3, r7, #24
 80035a4:	f843 0c0c 	str.w	r0, [r3, #-12]
 80035a8:	f107 0318 	add.w	r3, r7, #24
 80035ac:	f843 1c10 	str.w	r1, [r3, #-16]
 80035b0:	f107 0318 	add.w	r3, r7, #24
 80035b4:	f843 2c14 	str.w	r2, [r3, #-20]
 80035b8:	f507 63c2 	add.w	r3, r7, #1552	; 0x610
 80035bc:	f44f 6280 	mov.w	r2, #1024	; 0x400
 80035c0:	2100      	movs	r1, #0
 80035c2:	4618      	mov	r0, r3
 80035c4:	f003 fd5e 	bl	8007084 <memset>
 80035c8:	f107 0318 	add.w	r3, r7, #24
 80035cc:	461a      	mov	r2, r3
 80035ce:	f507 63c2 	add.w	r3, r7, #1552	; 0x610
 80035d2:	f852 1c10 	ldr.w	r1, [r2, #-16]
 80035d6:	4618      	mov	r0, r3
 80035d8:	f000 f9fd 	bl	80039d6 <cryptolab_smaug1_load_from_string_sk>
 80035dc:	f107 0318 	add.w	r3, r7, #24
 80035e0:	461a      	mov	r2, r3
 80035e2:	f107 0318 	add.w	r3, r7, #24
 80035e6:	3b08      	subs	r3, #8
 80035e8:	f852 1c14 	ldr.w	r1, [r2, #-20]
 80035ec:	4618      	mov	r0, r3
 80035ee:	f000 f9bc 	bl	800396a <cryptolab_smaug1_load_from_string>
 80035f2:	f507 5380 	add.w	r3, r7, #4096	; 0x1000
 80035f6:	f103 0318 	add.w	r3, r3, #24
 80035fa:	f5a3 62c1 	sub.w	r2, r3, #1544	; 0x608
 80035fe:	f107 0318 	add.w	r3, r7, #24
 8003602:	4610      	mov	r0, r2
 8003604:	3b08      	subs	r3, #8
 8003606:	f44f 6280 	mov.w	r2, #1024	; 0x400
 800360a:	4619      	mov	r1, r3
 800360c:	f003 fca0 	bl	8006f50 <memcpy>
 8003610:	f507 5380 	add.w	r3, r7, #4096	; 0x1000
 8003614:	f103 0318 	add.w	r3, r3, #24
 8003618:	f5a3 7202 	sub.w	r2, r3, #520	; 0x208
 800361c:	f107 0318 	add.w	r3, r7, #24
 8003620:	4610      	mov	r0, r2
 8003622:	f503 737e 	add.w	r3, r3, #1016	; 0x3f8
 8003626:	f44f 7200 	mov.w	r2, #512	; 0x200
 800362a:	4619      	mov	r1, r3
 800362c:	f003 fc90 	bl	8006f50 <memcpy>
 8003630:	2300      	movs	r3, #0
 8003632:	f507 5280 	add.w	r2, r7, #4096	; 0x1000
 8003636:	f102 0214 	add.w	r2, r2, #20
 800363a:	6013      	str	r3, [r2, #0]
 800363c:	e026      	b.n	800368c <cryptolab_smaug1_indcpa_dec+0xf6>
 800363e:	f507 5380 	add.w	r3, r7, #4096	; 0x1000
 8003642:	f103 0318 	add.w	r3, r3, #24
 8003646:	f5a3 7302 	sub.w	r3, r3, #520	; 0x208
 800364a:	f507 5280 	add.w	r2, r7, #4096	; 0x1000
 800364e:	f102 0214 	add.w	r2, r2, #20
 8003652:	6812      	ldr	r2, [r2, #0]
 8003654:	f933 3012 	ldrsh.w	r3, [r3, r2, lsl #1]
 8003658:	02db      	lsls	r3, r3, #11
 800365a:	b219      	sxth	r1, r3
 800365c:	f507 5380 	add.w	r3, r7, #4096	; 0x1000
 8003660:	f103 0318 	add.w	r3, r3, #24
 8003664:	f5a3 7302 	sub.w	r3, r3, #520	; 0x208
 8003668:	f507 5280 	add.w	r2, r7, #4096	; 0x1000
 800366c:	f102 0214 	add.w	r2, r2, #20
 8003670:	6812      	ldr	r2, [r2, #0]
 8003672:	f823 1012 	strh.w	r1, [r3, r2, lsl #1]
 8003676:	f507 5380 	add.w	r3, r7, #4096	; 0x1000
 800367a:	f103 0314 	add.w	r3, r3, #20
 800367e:	681b      	ldr	r3, [r3, #0]
 8003680:	3301      	adds	r3, #1
 8003682:	f507 5280 	add.w	r2, r7, #4096	; 0x1000
 8003686:	f102 0214 	add.w	r2, r2, #20
 800368a:	6013      	str	r3, [r2, #0]
 800368c:	f507 5380 	add.w	r3, r7, #4096	; 0x1000
 8003690:	f103 0314 	add.w	r3, r3, #20
 8003694:	681b      	ldr	r3, [r3, #0]
 8003696:	2bff      	cmp	r3, #255	; 0xff
 8003698:	d9d1      	bls.n	800363e <cryptolab_smaug1_indcpa_dec+0xa8>
 800369a:	2300      	movs	r3, #0
 800369c:	f507 5280 	add.w	r2, r7, #4096	; 0x1000
 80036a0:	f102 0214 	add.w	r2, r2, #20
 80036a4:	6013      	str	r3, [r2, #0]
 80036a6:	e04e      	b.n	8003746 <cryptolab_smaug1_indcpa_dec+0x1b0>
 80036a8:	2300      	movs	r3, #0
 80036aa:	f507 5280 	add.w	r2, r7, #4096	; 0x1000
 80036ae:	f102 0210 	add.w	r2, r2, #16
 80036b2:	6013      	str	r3, [r2, #0]
 80036b4:	e035      	b.n	8003722 <cryptolab_smaug1_indcpa_dec+0x18c>
 80036b6:	f507 5380 	add.w	r3, r7, #4096	; 0x1000
 80036ba:	f103 0318 	add.w	r3, r3, #24
 80036be:	f5a3 63c1 	sub.w	r3, r3, #1544	; 0x608
 80036c2:	f507 5280 	add.w	r2, r7, #4096	; 0x1000
 80036c6:	f102 0214 	add.w	r2, r2, #20
 80036ca:	6812      	ldr	r2, [r2, #0]
 80036cc:	0211      	lsls	r1, r2, #8
 80036ce:	f507 5280 	add.w	r2, r7, #4096	; 0x1000
 80036d2:	f102 0210 	add.w	r2, r2, #16
 80036d6:	6812      	ldr	r2, [r2, #0]
 80036d8:	440a      	add	r2, r1
 80036da:	f933 3012 	ldrsh.w	r3, [r3, r2, lsl #1]
 80036de:	021b      	lsls	r3, r3, #8
 80036e0:	b218      	sxth	r0, r3
 80036e2:	f507 5380 	add.w	r3, r7, #4096	; 0x1000
 80036e6:	f103 0318 	add.w	r3, r3, #24
 80036ea:	f5a3 63c1 	sub.w	r3, r3, #1544	; 0x608
 80036ee:	f507 5280 	add.w	r2, r7, #4096	; 0x1000
 80036f2:	f102 0214 	add.w	r2, r2, #20
 80036f6:	6812      	ldr	r2, [r2, #0]
 80036f8:	0211      	lsls	r1, r2, #8
 80036fa:	f507 5280 	add.w	r2, r7, #4096	; 0x1000
 80036fe:	f102 0210 	add.w	r2, r2, #16
 8003702:	6812      	ldr	r2, [r2, #0]
 8003704:	440a      	add	r2, r1
 8003706:	4601      	mov	r1, r0
 8003708:	f823 1012 	strh.w	r1, [r3, r2, lsl #1]
 800370c:	f507 5380 	add.w	r3, r7, #4096	; 0x1000
 8003710:	f103 0310 	add.w	r3, r3, #16
 8003714:	681b      	ldr	r3, [r3, #0]
 8003716:	3301      	adds	r3, #1
 8003718:	f507 5280 	add.w	r2, r7, #4096	; 0x1000
 800371c:	f102 0210 	add.w	r2, r2, #16
 8003720:	6013      	str	r3, [r2, #0]
 8003722:	f507 5380 	add.w	r3, r7, #4096	; 0x1000
 8003726:	f103 0310 	add.w	r3, r3, #16
 800372a:	681b      	ldr	r3, [r3, #0]
 800372c:	2bff      	cmp	r3, #255	; 0xff
 800372e:	d9c2      	bls.n	80036b6 <cryptolab_smaug1_indcpa_dec+0x120>
 8003730:	f507 5380 	add.w	r3, r7, #4096	; 0x1000
 8003734:	f103 0314 	add.w	r3, r3, #20
 8003738:	681b      	ldr	r3, [r3, #0]
 800373a:	3301      	adds	r3, #1
 800373c:	f507 5280 	add.w	r2, r7, #4096	; 0x1000
 8003740:	f102 0214 	add.w	r2, r2, #20
 8003744:	6013      	str	r3, [r2, #0]
 8003746:	f507 5380 	add.w	r3, r7, #4096	; 0x1000
 800374a:	f103 0314 	add.w	r3, r3, #20
 800374e:	681b      	ldr	r3, [r3, #0]
 8003750:	2b01      	cmp	r3, #1
 8003752:	d9a9      	bls.n	80036a8 <cryptolab_smaug1_indcpa_dec+0x112>
 8003754:	f507 62c2 	add.w	r2, r7, #1552	; 0x610
 8003758:	f507 6121 	add.w	r1, r7, #2576	; 0xa10
 800375c:	f507 6061 	add.w	r0, r7, #3600	; 0xe10
 8003760:	2308      	movs	r3, #8
 8003762:	f001 f9cd 	bl	8004b00 <cryptolab_smaug1_vec_vec_mult_add>
 8003766:	2300      	movs	r3, #0
 8003768:	f507 5280 	add.w	r2, r7, #4096	; 0x1000
 800376c:	f102 0214 	add.w	r2, r2, #20
 8003770:	6013      	str	r3, [r2, #0]
 8003772:	e062      	b.n	800383a <cryptolab_smaug1_indcpa_dec+0x2a4>
 8003774:	f507 5380 	add.w	r3, r7, #4096	; 0x1000
 8003778:	f103 0318 	add.w	r3, r3, #24
 800377c:	f5a3 7302 	sub.w	r3, r3, #520	; 0x208
 8003780:	f507 5280 	add.w	r2, r7, #4096	; 0x1000
 8003784:	f102 0214 	add.w	r2, r2, #20
 8003788:	6812      	ldr	r2, [r2, #0]
 800378a:	f933 3012 	ldrsh.w	r3, [r3, r2, lsl #1]
 800378e:	b29b      	uxth	r3, r3
 8003790:	f503 4380 	add.w	r3, r3, #16384	; 0x4000
 8003794:	b29b      	uxth	r3, r3
 8003796:	b219      	sxth	r1, r3
 8003798:	f507 5380 	add.w	r3, r7, #4096	; 0x1000
 800379c:	f103 0318 	add.w	r3, r3, #24
 80037a0:	f5a3 7302 	sub.w	r3, r3, #520	; 0x208
 80037a4:	f507 5280 	add.w	r2, r7, #4096	; 0x1000
 80037a8:	f102 0214 	add.w	r2, r2, #20
 80037ac:	6812      	ldr	r2, [r2, #0]
 80037ae:	f823 1012 	strh.w	r1, [r3, r2, lsl #1]
 80037b2:	f507 5380 	add.w	r3, r7, #4096	; 0x1000
 80037b6:	f103 0318 	add.w	r3, r3, #24
 80037ba:	f5a3 7302 	sub.w	r3, r3, #520	; 0x208
 80037be:	f507 5280 	add.w	r2, r7, #4096	; 0x1000
 80037c2:	f102 0214 	add.w	r2, r2, #20
 80037c6:	6812      	ldr	r2, [r2, #0]
 80037c8:	f933 3012 	ldrsh.w	r3, [r3, r2, lsl #1]
 80037cc:	13db      	asrs	r3, r3, #15
 80037ce:	b219      	sxth	r1, r3
 80037d0:	f507 5380 	add.w	r3, r7, #4096	; 0x1000
 80037d4:	f103 0318 	add.w	r3, r3, #24
 80037d8:	f5a3 7302 	sub.w	r3, r3, #520	; 0x208
 80037dc:	f507 5280 	add.w	r2, r7, #4096	; 0x1000
 80037e0:	f102 0214 	add.w	r2, r2, #20
 80037e4:	6812      	ldr	r2, [r2, #0]
 80037e6:	f823 1012 	strh.w	r1, [r3, r2, lsl #1]
 80037ea:	f507 5380 	add.w	r3, r7, #4096	; 0x1000
 80037ee:	f103 0318 	add.w	r3, r3, #24
 80037f2:	f5a3 7302 	sub.w	r3, r3, #520	; 0x208
 80037f6:	f507 5280 	add.w	r2, r7, #4096	; 0x1000
 80037fa:	f102 0214 	add.w	r2, r2, #20
 80037fe:	6812      	ldr	r2, [r2, #0]
 8003800:	f933 3012 	ldrsh.w	r3, [r3, r2, lsl #1]
 8003804:	f003 0301 	and.w	r3, r3, #1
 8003808:	b219      	sxth	r1, r3
 800380a:	f507 5380 	add.w	r3, r7, #4096	; 0x1000
 800380e:	f103 0318 	add.w	r3, r3, #24
 8003812:	f5a3 7302 	sub.w	r3, r3, #520	; 0x208
 8003816:	f507 5280 	add.w	r2, r7, #4096	; 0x1000
 800381a:	f102 0214 	add.w	r2, r2, #20
 800381e:	6812      	ldr	r2, [r2, #0]
 8003820:	f823 1012 	strh.w	r1, [r3, r2, lsl #1]
 8003824:	f507 5380 	add.w	r3, r7, #4096	; 0x1000
 8003828:	f103 0314 	add.w	r3, r3, #20
 800382c:	681b      	ldr	r3, [r3, #0]
 800382e:	3301      	adds	r3, #1
 8003830:	f507 5280 	add.w	r2, r7, #4096	; 0x1000
 8003834:	f102 0214 	add.w	r2, r2, #20
 8003838:	6013      	str	r3, [r2, #0]
 800383a:	f507 5380 	add.w	r3, r7, #4096	; 0x1000
 800383e:	f103 0314 	add.w	r3, r3, #20
 8003842:	681b      	ldr	r3, [r3, #0]
 8003844:	2bff      	cmp	r3, #255	; 0xff
 8003846:	d995      	bls.n	8003774 <cryptolab_smaug1_indcpa_dec+0x1de>
 8003848:	f107 0318 	add.w	r3, r7, #24
 800384c:	2220      	movs	r2, #32
 800384e:	2100      	movs	r1, #0
 8003850:	f853 0c0c 	ldr.w	r0, [r3, #-12]
 8003854:	f003 fc16 	bl	8007084 <memset>
 8003858:	2300      	movs	r3, #0
 800385a:	f507 5280 	add.w	r2, r7, #4096	; 0x1000
 800385e:	f102 0214 	add.w	r2, r2, #20
 8003862:	6013      	str	r3, [r2, #0]
 8003864:	e05b      	b.n	800391e <cryptolab_smaug1_indcpa_dec+0x388>
 8003866:	2300      	movs	r3, #0
 8003868:	f507 5280 	add.w	r2, r7, #4096	; 0x1000
 800386c:	f102 0210 	add.w	r2, r2, #16
 8003870:	6013      	str	r3, [r2, #0]
 8003872:	e042      	b.n	80038fa <cryptolab_smaug1_indcpa_dec+0x364>
 8003874:	f107 0318 	add.w	r3, r7, #24
 8003878:	f853 2c0c 	ldr.w	r2, [r3, #-12]
 800387c:	f507 5380 	add.w	r3, r7, #4096	; 0x1000
 8003880:	f103 0314 	add.w	r3, r3, #20
 8003884:	681b      	ldr	r3, [r3, #0]
 8003886:	4413      	add	r3, r2
 8003888:	781b      	ldrb	r3, [r3, #0]
 800388a:	b25a      	sxtb	r2, r3
 800388c:	f507 5380 	add.w	r3, r7, #4096	; 0x1000
 8003890:	f103 0314 	add.w	r3, r3, #20
 8003894:	681b      	ldr	r3, [r3, #0]
 8003896:	00d9      	lsls	r1, r3, #3
 8003898:	f507 5380 	add.w	r3, r7, #4096	; 0x1000
 800389c:	f103 0310 	add.w	r3, r3, #16
 80038a0:	681b      	ldr	r3, [r3, #0]
 80038a2:	4419      	add	r1, r3
 80038a4:	f507 5380 	add.w	r3, r7, #4096	; 0x1000
 80038a8:	f103 0318 	add.w	r3, r3, #24
 80038ac:	f5a3 7302 	sub.w	r3, r3, #520	; 0x208
 80038b0:	f933 3011 	ldrsh.w	r3, [r3, r1, lsl #1]
 80038b4:	b2db      	uxtb	r3, r3
 80038b6:	4619      	mov	r1, r3
 80038b8:	f507 5380 	add.w	r3, r7, #4096	; 0x1000
 80038bc:	f103 0310 	add.w	r3, r3, #16
 80038c0:	681b      	ldr	r3, [r3, #0]
 80038c2:	fa01 f303 	lsl.w	r3, r1, r3
 80038c6:	b25b      	sxtb	r3, r3
 80038c8:	4053      	eors	r3, r2
 80038ca:	b259      	sxtb	r1, r3
 80038cc:	f107 0318 	add.w	r3, r7, #24
 80038d0:	f853 2c0c 	ldr.w	r2, [r3, #-12]
 80038d4:	f507 5380 	add.w	r3, r7, #4096	; 0x1000
 80038d8:	f103 0314 	add.w	r3, r3, #20
 80038dc:	681b      	ldr	r3, [r3, #0]
 80038de:	4413      	add	r3, r2
 80038e0:	b2ca      	uxtb	r2, r1
 80038e2:	701a      	strb	r2, [r3, #0]
 80038e4:	f507 5380 	add.w	r3, r7, #4096	; 0x1000
 80038e8:	f103 0310 	add.w	r3, r3, #16
 80038ec:	681b      	ldr	r3, [r3, #0]
 80038ee:	3301      	adds	r3, #1
 80038f0:	f507 5280 	add.w	r2, r7, #4096	; 0x1000
 80038f4:	f102 0210 	add.w	r2, r2, #16
 80038f8:	6013      	str	r3, [r2, #0]
 80038fa:	f507 5380 	add.w	r3, r7, #4096	; 0x1000
 80038fe:	f103 0310 	add.w	r3, r3, #16
 8003902:	681b      	ldr	r3, [r3, #0]
 8003904:	2b07      	cmp	r3, #7
 8003906:	d9b5      	bls.n	8003874 <cryptolab_smaug1_indcpa_dec+0x2de>
 8003908:	f507 5380 	add.w	r3, r7, #4096	; 0x1000
 800390c:	f103 0314 	add.w	r3, r3, #20
 8003910:	681b      	ldr	r3, [r3, #0]
 8003912:	3301      	adds	r3, #1
 8003914:	f507 5280 	add.w	r2, r7, #4096	; 0x1000
 8003918:	f102 0214 	add.w	r2, r2, #20
 800391c:	6013      	str	r3, [r2, #0]
 800391e:	f507 5380 	add.w	r3, r7, #4096	; 0x1000
 8003922:	f103 0314 	add.w	r3, r3, #20
 8003926:	681b      	ldr	r3, [r3, #0]
 8003928:	2b1f      	cmp	r3, #31
 800392a:	d99c      	bls.n	8003866 <cryptolab_smaug1_indcpa_dec+0x2d0>
 800392c:	bf00      	nop
 800392e:	bf00      	nop
 8003930:	f507 5780 	add.w	r7, r7, #4096	; 0x1000
 8003934:	3718      	adds	r7, #24
 8003936:	46bd      	mov	sp, r7
 8003938:	bd80      	pop	{r7, pc}

0800393a <cryptolab_smaug1_save_to_string>:
 800393a:	b580      	push	{r7, lr}
 800393c:	b082      	sub	sp, #8
 800393e:	af00      	add	r7, sp, #0
 8003940:	6078      	str	r0, [r7, #4]
 8003942:	6039      	str	r1, [r7, #0]
 8003944:	683b      	ldr	r3, [r7, #0]
 8003946:	4619      	mov	r1, r3
 8003948:	6878      	ldr	r0, [r7, #4]
 800394a:	f000 ff6a 	bl	8004822 <cryptolab_smaug1_Rp_vec_to_bytes>
 800394e:	687b      	ldr	r3, [r7, #4]
 8003950:	f503 7200 	add.w	r2, r3, #512	; 0x200
 8003954:	683b      	ldr	r3, [r7, #0]
 8003956:	f503 6380 	add.w	r3, r3, #1024	; 0x400
 800395a:	4619      	mov	r1, r3
 800395c:	4610      	mov	r0, r2
 800395e:	f000 fdb8 	bl	80044d2 <cryptolab_smaug1_Rp2_to_bytes>
 8003962:	bf00      	nop
 8003964:	3708      	adds	r7, #8
 8003966:	46bd      	mov	sp, r7
 8003968:	bd80      	pop	{r7, pc}

0800396a <cryptolab_smaug1_load_from_string>:
 800396a:	b580      	push	{r7, lr}
 800396c:	b082      	sub	sp, #8
 800396e:	af00      	add	r7, sp, #0
 8003970:	6078      	str	r0, [r7, #4]
 8003972:	6039      	str	r1, [r7, #0]
 8003974:	687b      	ldr	r3, [r7, #4]
 8003976:	6839      	ldr	r1, [r7, #0]
 8003978:	4618      	mov	r0, r3
 800397a:	f000 ff70 	bl	800485e <cryptolab_smaug1_bytes_to_Rp_vec>
 800397e:	687b      	ldr	r3, [r7, #4]
 8003980:	f503 6280 	add.w	r2, r3, #1024	; 0x400
 8003984:	683b      	ldr	r3, [r7, #0]
 8003986:	f503 7300 	add.w	r3, r3, #512	; 0x200
 800398a:	4619      	mov	r1, r3
 800398c:	4610      	mov	r0, r2
 800398e:	f000 fe84 	bl	800469a <cryptolab_smaug1_bytes_to_Rp2>
 8003992:	bf00      	nop
 8003994:	3708      	adds	r7, #8
 8003996:	46bd      	mov	sp, r7
 8003998:	bd80      	pop	{r7, pc}

0800399a <cryptolab_smaug1_save_to_string_sk>:
 800399a:	b580      	push	{r7, lr}
 800399c:	b084      	sub	sp, #16
 800399e:	af00      	add	r7, sp, #0
 80039a0:	6078      	str	r0, [r7, #4]
 80039a2:	6039      	str	r1, [r7, #0]
 80039a4:	2300      	movs	r3, #0
 80039a6:	60fb      	str	r3, [r7, #12]
 80039a8:	e00d      	b.n	80039c6 <cryptolab_smaug1_save_to_string_sk+0x2c>
 80039aa:	68fb      	ldr	r3, [r7, #12]
 80039ac:	019b      	lsls	r3, r3, #6
 80039ae:	687a      	ldr	r2, [r7, #4]
 80039b0:	18d0      	adds	r0, r2, r3
 80039b2:	68fb      	ldr	r3, [r7, #12]
 80039b4:	025b      	lsls	r3, r3, #9
 80039b6:	683a      	ldr	r2, [r7, #0]
 80039b8:	4413      	add	r3, r2
 80039ba:	4619      	mov	r1, r3
 80039bc:	f000 ff6d 	bl	800489a <cryptolab_smaug1_Sx_to_bytes>
 80039c0:	68fb      	ldr	r3, [r7, #12]
 80039c2:	3301      	adds	r3, #1
 80039c4:	60fb      	str	r3, [r7, #12]
 80039c6:	68fb      	ldr	r3, [r7, #12]
 80039c8:	2b01      	cmp	r3, #1
 80039ca:	d9ee      	bls.n	80039aa <cryptolab_smaug1_save_to_string_sk+0x10>
 80039cc:	bf00      	nop
 80039ce:	bf00      	nop
 80039d0:	3710      	adds	r7, #16
 80039d2:	46bd      	mov	sp, r7
 80039d4:	bd80      	pop	{r7, pc}

080039d6 <cryptolab_smaug1_load_from_string_sk>:
 80039d6:	b580      	push	{r7, lr}
 80039d8:	b084      	sub	sp, #16
 80039da:	af00      	add	r7, sp, #0
 80039dc:	6078      	str	r0, [r7, #4]
 80039de:	6039      	str	r1, [r7, #0]
 80039e0:	2300      	movs	r3, #0
 80039e2:	60fb      	str	r3, [r7, #12]
 80039e4:	e00d      	b.n	8003a02 <cryptolab_smaug1_load_from_string_sk+0x2c>
 80039e6:	68fb      	ldr	r3, [r7, #12]
 80039e8:	025b      	lsls	r3, r3, #9
 80039ea:	687a      	ldr	r2, [r7, #4]
 80039ec:	18d0      	adds	r0, r2, r3
 80039ee:	68fb      	ldr	r3, [r7, #12]
 80039f0:	019b      	lsls	r3, r3, #6
 80039f2:	683a      	ldr	r2, [r7, #0]
 80039f4:	4413      	add	r3, r2
 80039f6:	4619      	mov	r1, r3
 80039f8:	f000 ff9a 	bl	8004930 <cryptolab_smaug1_bytes_to_Sx>
 80039fc:	68fb      	ldr	r3, [r7, #12]
 80039fe:	3301      	adds	r3, #1
 8003a00:	60fb      	str	r3, [r7, #12]
 8003a02:	68fb      	ldr	r3, [r7, #12]
 8003a04:	2b01      	cmp	r3, #1
 8003a06:	d9ee      	bls.n	80039e6 <cryptolab_smaug1_load_from_string_sk+0x10>
 8003a08:	bf00      	nop
 8003a0a:	bf00      	nop
 8003a0c:	3710      	adds	r7, #16
 8003a0e:	46bd      	mov	sp, r7
 8003a10:	bd80      	pop	{r7, pc}

08003a12 <cryptolab_smaug1_save_to_string_pk>:
 8003a12:	b580      	push	{r7, lr}
 8003a14:	b082      	sub	sp, #8
 8003a16:	af00      	add	r7, sp, #0
 8003a18:	6078      	str	r0, [r7, #4]
 8003a1a:	6039      	str	r1, [r7, #0]
 8003a1c:	683b      	ldr	r3, [r7, #0]
 8003a1e:	2220      	movs	r2, #32
 8003a20:	4619      	mov	r1, r3
 8003a22:	6878      	ldr	r0, [r7, #4]
 8003a24:	f003 fa94 	bl	8006f50 <memcpy>
 8003a28:	687b      	ldr	r3, [r7, #4]
 8003a2a:	f103 0220 	add.w	r2, r3, #32
 8003a2e:	683b      	ldr	r3, [r7, #0]
 8003a30:	f503 6302 	add.w	r3, r3, #2080	; 0x820
 8003a34:	4619      	mov	r1, r3
 8003a36:	4610      	mov	r0, r2
 8003a38:	f000 fca1 	bl	800437e <cryptolab_smaug1_Rq_vec_to_bytes>
 8003a3c:	bf00      	nop
 8003a3e:	3708      	adds	r7, #8
 8003a40:	46bd      	mov	sp, r7
 8003a42:	bd80      	pop	{r7, pc}

08003a44 <cryptolab_smaug1_load_from_string_pk>:
 8003a44:	b580      	push	{r7, lr}
 8003a46:	b082      	sub	sp, #8
 8003a48:	af00      	add	r7, sp, #0
 8003a4a:	6078      	str	r0, [r7, #4]
 8003a4c:	6039      	str	r1, [r7, #0]
 8003a4e:	687b      	ldr	r3, [r7, #4]
 8003a50:	2220      	movs	r2, #32
 8003a52:	6839      	ldr	r1, [r7, #0]
 8003a54:	4618      	mov	r0, r3
 8003a56:	f003 fa7b 	bl	8006f50 <memcpy>
 8003a5a:	687b      	ldr	r3, [r7, #4]
 8003a5c:	3320      	adds	r3, #32
 8003a5e:	687a      	ldr	r2, [r7, #4]
 8003a60:	4611      	mov	r1, r2
 8003a62:	4618      	mov	r0, r3
 8003a64:	f000 f80d 	bl	8003a82 <cryptolab_smaug1_genAx>
 8003a68:	687b      	ldr	r3, [r7, #4]
 8003a6a:	f503 6202 	add.w	r2, r3, #2080	; 0x820
 8003a6e:	683b      	ldr	r3, [r7, #0]
 8003a70:	3320      	adds	r3, #32
 8003a72:	4619      	mov	r1, r3
 8003a74:	4610      	mov	r0, r2
 8003a76:	f000 fca4 	bl	80043c2 <cryptolab_smaug1_bytes_to_Rq_vec>
 8003a7a:	bf00      	nop
 8003a7c:	3708      	adds	r7, #8
 8003a7e:	46bd      	mov	sp, r7
 8003a80:	bd80      	pop	{r7, pc}

08003a82 <cryptolab_smaug1_genAx>:
 8003a82:	b580      	push	{r7, lr}
 8003a84:	b0de      	sub	sp, #376	; 0x178
 8003a86:	af00      	add	r7, sp, #0
 8003a88:	f507 73bc 	add.w	r3, r7, #376	; 0x178
 8003a8c:	f5a3 73ba 	sub.w	r3, r3, #372	; 0x174
 8003a90:	6018      	str	r0, [r3, #0]
 8003a92:	f507 73bc 	add.w	r3, r7, #376	; 0x178
 8003a96:	f5a3 73bc 	sub.w	r3, r3, #376	; 0x178
 8003a9a:	6019      	str	r1, [r3, #0]
 8003a9c:	f507 73bc 	add.w	r3, r7, #376	; 0x178
 8003aa0:	f5a3 73a4 	sub.w	r3, r3, #328	; 0x148
 8003aa4:	4618      	mov	r0, r3
 8003aa6:	f44f 73a0 	mov.w	r3, #320	; 0x140
 8003aaa:	461a      	mov	r2, r3
 8003aac:	2100      	movs	r1, #0
 8003aae:	f003 fae9 	bl	8007084 <memset>
 8003ab2:	f507 73bc 	add.w	r3, r7, #376	; 0x178
 8003ab6:	f5a3 73bc 	sub.w	r3, r3, #376	; 0x178
 8003aba:	f107 000c 	add.w	r0, r7, #12
 8003abe:	2220      	movs	r2, #32
 8003ac0:	6819      	ldr	r1, [r3, #0]
 8003ac2:	f003 fa45 	bl	8006f50 <memcpy>
 8003ac6:	2300      	movs	r3, #0
 8003ac8:	f8c7 3174 	str.w	r3, [r7, #372]	; 0x174
 8003acc:	e03f      	b.n	8003b4e <cryptolab_smaug1_genAx+0xcc>
 8003ace:	2300      	movs	r3, #0
 8003ad0:	f8c7 3170 	str.w	r3, [r7, #368]	; 0x170
 8003ad4:	e032      	b.n	8003b3c <cryptolab_smaug1_genAx+0xba>
 8003ad6:	f8d7 3174 	ldr.w	r3, [r7, #372]	; 0x174
 8003ada:	b2da      	uxtb	r2, r3
 8003adc:	f507 73bc 	add.w	r3, r7, #376	; 0x178
 8003ae0:	f5a3 73b6 	sub.w	r3, r3, #364	; 0x16c
 8003ae4:	f883 2020 	strb.w	r2, [r3, #32]
 8003ae8:	f8d7 3170 	ldr.w	r3, [r7, #368]	; 0x170
 8003aec:	b2da      	uxtb	r2, r3
 8003aee:	f507 73bc 	add.w	r3, r7, #376	; 0x178
 8003af2:	f5a3 73b6 	sub.w	r3, r3, #364	; 0x16c
 8003af6:	f883 2021 	strb.w	r2, [r3, #33]	; 0x21
 8003afa:	f107 020c 	add.w	r2, r7, #12
 8003afe:	f107 0030 	add.w	r0, r7, #48	; 0x30
 8003b02:	2322      	movs	r3, #34	; 0x22
 8003b04:	f44f 71a0 	mov.w	r1, #320	; 0x140
 8003b08:	f7fd f882 	bl	8000c10 <shake128>
 8003b0c:	f8d7 3174 	ldr.w	r3, [r7, #372]	; 0x174
 8003b10:	029b      	lsls	r3, r3, #10
 8003b12:	f507 72bc 	add.w	r2, r7, #376	; 0x178
 8003b16:	f5a2 72ba 	sub.w	r2, r2, #372	; 0x174
 8003b1a:	6812      	ldr	r2, [r2, #0]
 8003b1c:	441a      	add	r2, r3
 8003b1e:	f8d7 3170 	ldr.w	r3, [r7, #368]	; 0x170
 8003b22:	025b      	lsls	r3, r3, #9
 8003b24:	4413      	add	r3, r2
 8003b26:	f107 0230 	add.w	r2, r7, #48	; 0x30
 8003b2a:	4611      	mov	r1, r2
 8003b2c:	4618      	mov	r0, r3
 8003b2e:	f000 fab0 	bl	8004092 <cryptolab_smaug1_bytes_to_Rq>
 8003b32:	f8d7 3170 	ldr.w	r3, [r7, #368]	; 0x170
 8003b36:	3301      	adds	r3, #1
 8003b38:	f8c7 3170 	str.w	r3, [r7, #368]	; 0x170
 8003b3c:	f8d7 3170 	ldr.w	r3, [r7, #368]	; 0x170
 8003b40:	2b01      	cmp	r3, #1
 8003b42:	d9c8      	bls.n	8003ad6 <cryptolab_smaug1_genAx+0x54>
 8003b44:	f8d7 3174 	ldr.w	r3, [r7, #372]	; 0x174
 8003b48:	3301      	adds	r3, #1
 8003b4a:	f8c7 3174 	str.w	r3, [r7, #372]	; 0x174
 8003b4e:	f8d7 3174 	ldr.w	r3, [r7, #372]	; 0x174
 8003b52:	2b01      	cmp	r3, #1
 8003b54:	d9bb      	bls.n	8003ace <cryptolab_smaug1_genAx+0x4c>
 8003b56:	bf00      	nop
 8003b58:	bf00      	nop
 8003b5a:	f507 77bc 	add.w	r7, r7, #376	; 0x178
 8003b5e:	46bd      	mov	sp, r7
 8003b60:	bd80      	pop	{r7, pc}

08003b62 <cryptolab_smaug1_genBx>:
 8003b62:	b580      	push	{r7, lr}
 8003b64:	b084      	sub	sp, #16
 8003b66:	af00      	add	r7, sp, #0
 8003b68:	60f8      	str	r0, [r7, #12]
 8003b6a:	60b9      	str	r1, [r7, #8]
 8003b6c:	607a      	str	r2, [r7, #4]
 8003b6e:	603b      	str	r3, [r7, #0]
 8003b70:	6839      	ldr	r1, [r7, #0]
 8003b72:	68f8      	ldr	r0, [r7, #12]
 8003b74:	f003 f810 	bl	8006b98 <cryptolab_smaug1_addGaussianErrorVec>
 8003b78:	687a      	ldr	r2, [r7, #4]
 8003b7a:	68b9      	ldr	r1, [r7, #8]
 8003b7c:	68f8      	ldr	r0, [r7, #12]
 8003b7e:	f001 f8fd 	bl	8004d7c <cryptolab_smaug1_matrix_vec_mult_sub>
 8003b82:	bf00      	nop
 8003b84:	3710      	adds	r7, #16
 8003b86:	46bd      	mov	sp, r7
 8003b88:	bd80      	pop	{r7, pc}

08003b8a <cryptolab_smaug1_genSx_vec>:
 8003b8a:	b580      	push	{r7, lr}
 8003b8c:	b08e      	sub	sp, #56	; 0x38
 8003b8e:	af00      	add	r7, sp, #0
 8003b90:	6078      	str	r0, [r7, #4]
 8003b92:	6039      	str	r1, [r7, #0]
 8003b94:	f107 030c 	add.w	r3, r7, #12
 8003b98:	2222      	movs	r2, #34	; 0x22
 8003b9a:	2100      	movs	r1, #0
 8003b9c:	4618      	mov	r0, r3
 8003b9e:	f003 fa71 	bl	8007084 <memset>
 8003ba2:	f107 030c 	add.w	r3, r7, #12
 8003ba6:	2220      	movs	r2, #32
 8003ba8:	6839      	ldr	r1, [r7, #0]
 8003baa:	4618      	mov	r0, r3
 8003bac:	f003 f9d0 	bl	8006f50 <memcpy>
 8003bb0:	2300      	movs	r3, #0
 8003bb2:	637b      	str	r3, [r7, #52]	; 0x34
 8003bb4:	e01e      	b.n	8003bf4 <cryptolab_smaug1_genSx_vec+0x6a>
 8003bb6:	6b7b      	ldr	r3, [r7, #52]	; 0x34
 8003bb8:	b2db      	uxtb	r3, r3
 8003bba:	005b      	lsls	r3, r3, #1
 8003bbc:	b2db      	uxtb	r3, r3
 8003bbe:	f887 302c 	strb.w	r3, [r7, #44]	; 0x2c
 8003bc2:	2300      	movs	r3, #0
 8003bc4:	633b      	str	r3, [r7, #48]	; 0x30
 8003bc6:	6b3b      	ldr	r3, [r7, #48]	; 0x30
 8003bc8:	b2db      	uxtb	r3, r3
 8003bca:	f887 302d 	strb.w	r3, [r7, #45]	; 0x2d
 8003bce:	6b3b      	ldr	r3, [r7, #48]	; 0x30
 8003bd0:	3301      	adds	r3, #1
 8003bd2:	633b      	str	r3, [r7, #48]	; 0x30
 8003bd4:	6b7b      	ldr	r3, [r7, #52]	; 0x34
 8003bd6:	025b      	lsls	r3, r3, #9
 8003bd8:	687a      	ldr	r2, [r7, #4]
 8003bda:	4413      	add	r3, r2
 8003bdc:	f107 020c 	add.w	r2, r7, #12
 8003be0:	4611      	mov	r1, r2
 8003be2:	4618      	mov	r0, r3
 8003be4:	f003 f88e 	bl	8006d04 <cryptolab_smaug1_hwt>
 8003be8:	4603      	mov	r3, r0
 8003bea:	2b00      	cmp	r3, #0
 8003bec:	d1eb      	bne.n	8003bc6 <cryptolab_smaug1_genSx_vec+0x3c>
 8003bee:	6b7b      	ldr	r3, [r7, #52]	; 0x34
 8003bf0:	3301      	adds	r3, #1
 8003bf2:	637b      	str	r3, [r7, #52]	; 0x34
 8003bf4:	6b7b      	ldr	r3, [r7, #52]	; 0x34
 8003bf6:	2b01      	cmp	r3, #1
 8003bf8:	d9dd      	bls.n	8003bb6 <cryptolab_smaug1_genSx_vec+0x2c>
 8003bfa:	bf00      	nop
 8003bfc:	bf00      	nop
 8003bfe:	3738      	adds	r7, #56	; 0x38
 8003c00:	46bd      	mov	sp, r7
 8003c02:	bd80      	pop	{r7, pc}

08003c04 <cryptolab_smaug1_genPubkey>:
 8003c04:	b580      	push	{r7, lr}
 8003c06:	b084      	sub	sp, #16
 8003c08:	af00      	add	r7, sp, #0
 8003c0a:	60f8      	str	r0, [r7, #12]
 8003c0c:	60b9      	str	r1, [r7, #8]
 8003c0e:	607a      	str	r2, [r7, #4]
 8003c10:	68fb      	ldr	r3, [r7, #12]
 8003c12:	3320      	adds	r3, #32
 8003c14:	68fa      	ldr	r2, [r7, #12]
 8003c16:	4611      	mov	r1, r2
 8003c18:	4618      	mov	r0, r3
 8003c1a:	f7ff ff32 	bl	8003a82 <cryptolab_smaug1_genAx>
 8003c1e:	68fb      	ldr	r3, [r7, #12]
 8003c20:	f503 6302 	add.w	r3, r3, #2080	; 0x820
 8003c24:	f44f 7200 	mov.w	r2, #512	; 0x200
 8003c28:	2100      	movs	r1, #0
 8003c2a:	4618      	mov	r0, r3
 8003c2c:	f003 fa2a 	bl	8007084 <memset>
 8003c30:	68fb      	ldr	r3, [r7, #12]
 8003c32:	f503 6002 	add.w	r0, r3, #2080	; 0x820
 8003c36:	68fb      	ldr	r3, [r7, #12]
 8003c38:	f103 0120 	add.w	r1, r3, #32
 8003c3c:	687b      	ldr	r3, [r7, #4]
 8003c3e:	68ba      	ldr	r2, [r7, #8]
 8003c40:	f7ff ff8f 	bl	8003b62 <cryptolab_smaug1_genBx>
 8003c44:	bf00      	nop
 8003c46:	3710      	adds	r7, #16
 8003c48:	46bd      	mov	sp, r7
 8003c4a:	bd80      	pop	{r7, pc}

08003c4c <store16_littleendian>:
 8003c4c:	b480      	push	{r7}
 8003c4e:	b087      	sub	sp, #28
 8003c50:	af00      	add	r7, sp, #0
 8003c52:	60f8      	str	r0, [r7, #12]
 8003c54:	60b9      	str	r1, [r7, #8]
 8003c56:	607a      	str	r2, [r7, #4]
 8003c58:	2300      	movs	r3, #0
 8003c5a:	617b      	str	r3, [r7, #20]
 8003c5c:	2300      	movs	r3, #0
 8003c5e:	613b      	str	r3, [r7, #16]
 8003c60:	e01e      	b.n	8003ca0 <store16_littleendian+0x54>
 8003c62:	693b      	ldr	r3, [r7, #16]
 8003c64:	005b      	lsls	r3, r3, #1
 8003c66:	68ba      	ldr	r2, [r7, #8]
 8003c68:	4413      	add	r3, r2
 8003c6a:	f9b3 1000 	ldrsh.w	r1, [r3]
 8003c6e:	697b      	ldr	r3, [r7, #20]
 8003c70:	68fa      	ldr	r2, [r7, #12]
 8003c72:	4413      	add	r3, r2
 8003c74:	b2ca      	uxtb	r2, r1
 8003c76:	701a      	strb	r2, [r3, #0]
 8003c78:	693b      	ldr	r3, [r7, #16]
 8003c7a:	005b      	lsls	r3, r3, #1
 8003c7c:	68ba      	ldr	r2, [r7, #8]
 8003c7e:	4413      	add	r3, r2
 8003c80:	f9b3 3000 	ldrsh.w	r3, [r3]
 8003c84:	121b      	asrs	r3, r3, #8
 8003c86:	b219      	sxth	r1, r3
 8003c88:	697b      	ldr	r3, [r7, #20]
 8003c8a:	3301      	adds	r3, #1
 8003c8c:	68fa      	ldr	r2, [r7, #12]
 8003c8e:	4413      	add	r3, r2
 8003c90:	b2ca      	uxtb	r2, r1
 8003c92:	701a      	strb	r2, [r3, #0]
 8003c94:	697b      	ldr	r3, [r7, #20]
 8003c96:	3302      	adds	r3, #2
 8003c98:	617b      	str	r3, [r7, #20]
 8003c9a:	693b      	ldr	r3, [r7, #16]
 8003c9c:	3301      	adds	r3, #1
 8003c9e:	613b      	str	r3, [r7, #16]
 8003ca0:	693a      	ldr	r2, [r7, #16]
 8003ca2:	687b      	ldr	r3, [r7, #4]
 8003ca4:	429a      	cmp	r2, r3
 8003ca6:	dbdc      	blt.n	8003c62 <store16_littleendian+0x16>
 8003ca8:	bf00      	nop
 8003caa:	bf00      	nop
 8003cac:	371c      	adds	r7, #28
 8003cae:	46bd      	mov	sp, r7
 8003cb0:	f85d 7b04 	ldr.w	r7, [sp], #4
 8003cb4:	4770      	bx	lr

08003cb6 <load16_littleendian>:
 8003cb6:	b480      	push	{r7}
 8003cb8:	b087      	sub	sp, #28
 8003cba:	af00      	add	r7, sp, #0
 8003cbc:	60f8      	str	r0, [r7, #12]
 8003cbe:	60b9      	str	r1, [r7, #8]
 8003cc0:	607a      	str	r2, [r7, #4]
 8003cc2:	2300      	movs	r3, #0
 8003cc4:	617b      	str	r3, [r7, #20]
 8003cc6:	2300      	movs	r3, #0
 8003cc8:	613b      	str	r3, [r7, #16]
 8003cca:	e019      	b.n	8003d00 <load16_littleendian+0x4a>
 8003ccc:	697b      	ldr	r3, [r7, #20]
 8003cce:	687a      	ldr	r2, [r7, #4]
 8003cd0:	4413      	add	r3, r2
 8003cd2:	781b      	ldrb	r3, [r3, #0]
 8003cd4:	b219      	sxth	r1, r3
 8003cd6:	697b      	ldr	r3, [r7, #20]
 8003cd8:	3301      	adds	r3, #1
 8003cda:	687a      	ldr	r2, [r7, #4]
 8003cdc:	4413      	add	r3, r2
 8003cde:	781b      	ldrb	r3, [r3, #0]
 8003ce0:	b21b      	sxth	r3, r3
 8003ce2:	021b      	lsls	r3, r3, #8
 8003ce4:	b21a      	sxth	r2, r3
 8003ce6:	693b      	ldr	r3, [r7, #16]
 8003ce8:	005b      	lsls	r3, r3, #1
 8003cea:	68f8      	ldr	r0, [r7, #12]
 8003cec:	4403      	add	r3, r0
 8003cee:	430a      	orrs	r2, r1
 8003cf0:	b212      	sxth	r2, r2
 8003cf2:	801a      	strh	r2, [r3, #0]
 8003cf4:	697b      	ldr	r3, [r7, #20]
 8003cf6:	3302      	adds	r3, #2
 8003cf8:	617b      	str	r3, [r7, #20]
 8003cfa:	693b      	ldr	r3, [r7, #16]
 8003cfc:	3301      	adds	r3, #1
 8003cfe:	613b      	str	r3, [r7, #16]
 8003d00:	693a      	ldr	r2, [r7, #16]
 8003d02:	68bb      	ldr	r3, [r7, #8]
 8003d04:	429a      	cmp	r2, r3
 8003d06:	dbe1      	blt.n	8003ccc <load16_littleendian+0x16>
 8003d08:	bf00      	nop
 8003d0a:	bf00      	nop
 8003d0c:	371c      	adds	r7, #28
 8003d0e:	46bd      	mov	sp, r7
 8003d10:	f85d 7b04 	ldr.w	r7, [sp], #4
 8003d14:	4770      	bx	lr

08003d16 <cryptolab_smaug1_Rq_to_bytes>:
 8003d16:	b580      	push	{r7, lr}
 8003d18:	f5ad 7d16 	sub.w	sp, sp, #600	; 0x258
 8003d1c:	af00      	add	r7, sp, #0
 8003d1e:	f507 7316 	add.w	r3, r7, #600	; 0x258
 8003d22:	f5a3 7315 	sub.w	r3, r3, #596	; 0x254
 8003d26:	6018      	str	r0, [r3, #0]
 8003d28:	f507 7316 	add.w	r3, r7, #600	; 0x258
 8003d2c:	f5a3 7316 	sub.w	r3, r3, #600	; 0x258
 8003d30:	6019      	str	r1, [r3, #0]
 8003d32:	f507 7316 	add.w	r3, r7, #600	; 0x258
 8003d36:	f5a3 7304 	sub.w	r3, r3, #528	; 0x210
 8003d3a:	4618      	mov	r0, r3
 8003d3c:	f44f 7300 	mov.w	r3, #512	; 0x200
 8003d40:	461a      	mov	r2, r3
 8003d42:	2100      	movs	r1, #0
 8003d44:	f003 f99e 	bl	8007084 <memset>
 8003d48:	2300      	movs	r3, #0
 8003d4a:	f8c7 3254 	str.w	r3, [r7, #596]	; 0x254
 8003d4e:	2300      	movs	r3, #0
 8003d50:	f8c7 3250 	str.w	r3, [r7, #592]	; 0x250
 8003d54:	2300      	movs	r3, #0
 8003d56:	f8c7 324c 	str.w	r3, [r7, #588]	; 0x24c
 8003d5a:	e02d      	b.n	8003db8 <cryptolab_smaug1_Rq_to_bytes+0xa2>
 8003d5c:	f507 7316 	add.w	r3, r7, #600	; 0x258
 8003d60:	f5a3 7316 	sub.w	r3, r3, #600	; 0x258
 8003d64:	681b      	ldr	r3, [r3, #0]
 8003d66:	f8d7 224c 	ldr.w	r2, [r7, #588]	; 0x24c
 8003d6a:	f933 3012 	ldrsh.w	r3, [r3, r2, lsl #1]
 8003d6e:	121b      	asrs	r3, r3, #8
 8003d70:	b219      	sxth	r1, r3
 8003d72:	f507 7316 	add.w	r3, r7, #600	; 0x258
 8003d76:	f5a3 7315 	sub.w	r3, r3, #596	; 0x254
 8003d7a:	681a      	ldr	r2, [r3, #0]
 8003d7c:	f8d7 324c 	ldr.w	r3, [r7, #588]	; 0x24c
 8003d80:	4413      	add	r3, r2
 8003d82:	b2ca      	uxtb	r2, r1
 8003d84:	701a      	strb	r2, [r3, #0]
 8003d86:	f507 7316 	add.w	r3, r7, #600	; 0x258
 8003d8a:	f5a3 7316 	sub.w	r3, r3, #600	; 0x258
 8003d8e:	681b      	ldr	r3, [r3, #0]
 8003d90:	f8d7 224c 	ldr.w	r2, [r7, #588]	; 0x24c
 8003d94:	f933 3012 	ldrsh.w	r3, [r3, r2, lsl #1]
 8003d98:	f003 03c0 	and.w	r3, r3, #192	; 0xc0
 8003d9c:	b219      	sxth	r1, r3
 8003d9e:	f507 7316 	add.w	r3, r7, #600	; 0x258
 8003da2:	f5a3 7304 	sub.w	r3, r3, #528	; 0x210
 8003da6:	f8d7 224c 	ldr.w	r2, [r7, #588]	; 0x24c
 8003daa:	f823 1012 	strh.w	r1, [r3, r2, lsl #1]
 8003dae:	f8d7 324c 	ldr.w	r3, [r7, #588]	; 0x24c
 8003db2:	3301      	adds	r3, #1
 8003db4:	f8c7 324c 	str.w	r3, [r7, #588]	; 0x24c
 8003db8:	f8d7 324c 	ldr.w	r3, [r7, #588]	; 0x24c
 8003dbc:	2bff      	cmp	r3, #255	; 0xff
 8003dbe:	d9cd      	bls.n	8003d5c <cryptolab_smaug1_Rq_to_bytes+0x46>
 8003dc0:	f507 7316 	add.w	r3, r7, #600	; 0x258
 8003dc4:	f5a3 7314 	sub.w	r3, r3, #592	; 0x250
 8003dc8:	4618      	mov	r0, r3
 8003dca:	2340      	movs	r3, #64	; 0x40
 8003dcc:	461a      	mov	r2, r3
 8003dce:	2100      	movs	r1, #0
 8003dd0:	f003 f958 	bl	8007084 <memset>
 8003dd4:	2300      	movs	r3, #0
 8003dd6:	f8c7 324c 	str.w	r3, [r7, #588]	; 0x24c
 8003dda:	e143      	b.n	8004064 <cryptolab_smaug1_Rq_to_bytes+0x34e>
 8003ddc:	2300      	movs	r3, #0
 8003dde:	f8c7 3248 	str.w	r3, [r7, #584]	; 0x248
 8003de2:	e12b      	b.n	800403c <cryptolab_smaug1_Rq_to_bytes+0x326>
 8003de4:	f8d7 2250 	ldr.w	r2, [r7, #592]	; 0x250
 8003de8:	f8d7 3248 	ldr.w	r3, [r7, #584]	; 0x248
 8003dec:	441a      	add	r2, r3
 8003dee:	f507 7316 	add.w	r3, r7, #600	; 0x258
 8003df2:	f5a3 7304 	sub.w	r3, r3, #528	; 0x210
 8003df6:	f933 3012 	ldrsh.w	r3, [r3, r2, lsl #1]
 8003dfa:	f8d7 1254 	ldr.w	r1, [r7, #596]	; 0x254
 8003dfe:	f8d7 2248 	ldr.w	r2, [r7, #584]	; 0x248
 8003e02:	440a      	add	r2, r1
 8003e04:	021b      	lsls	r3, r3, #8
 8003e06:	b219      	sxth	r1, r3
 8003e08:	f507 7316 	add.w	r3, r7, #600	; 0x258
 8003e0c:	f5a3 7314 	sub.w	r3, r3, #592	; 0x250
 8003e10:	f823 1012 	strh.w	r1, [r3, r2, lsl #1]
 8003e14:	f8d7 2254 	ldr.w	r2, [r7, #596]	; 0x254
 8003e18:	f8d7 3248 	ldr.w	r3, [r7, #584]	; 0x248
 8003e1c:	441a      	add	r2, r3
 8003e1e:	f507 7316 	add.w	r3, r7, #600	; 0x258
 8003e22:	f5a3 7314 	sub.w	r3, r3, #592	; 0x250
 8003e26:	f933 1012 	ldrsh.w	r1, [r3, r2, lsl #1]
 8003e2a:	f8d7 2250 	ldr.w	r2, [r7, #592]	; 0x250
 8003e2e:	f8d7 3248 	ldr.w	r3, [r7, #584]	; 0x248
 8003e32:	4413      	add	r3, r2
 8003e34:	f103 0210 	add.w	r2, r3, #16
 8003e38:	f507 7316 	add.w	r3, r7, #600	; 0x258
 8003e3c:	f5a3 7304 	sub.w	r3, r3, #528	; 0x210
 8003e40:	f933 3012 	ldrsh.w	r3, [r3, r2, lsl #1]
 8003e44:	019b      	lsls	r3, r3, #6
 8003e46:	b21b      	sxth	r3, r3
 8003e48:	f8d7 0254 	ldr.w	r0, [r7, #596]	; 0x254
 8003e4c:	f8d7 2248 	ldr.w	r2, [r7, #584]	; 0x248
 8003e50:	4402      	add	r2, r0
 8003e52:	430b      	orrs	r3, r1
 8003e54:	b219      	sxth	r1, r3
 8003e56:	f507 7316 	add.w	r3, r7, #600	; 0x258
 8003e5a:	f5a3 7314 	sub.w	r3, r3, #592	; 0x250
 8003e5e:	f823 1012 	strh.w	r1, [r3, r2, lsl #1]
 8003e62:	f8d7 2254 	ldr.w	r2, [r7, #596]	; 0x254
 8003e66:	f8d7 3248 	ldr.w	r3, [r7, #584]	; 0x248
 8003e6a:	441a      	add	r2, r3
 8003e6c:	f507 7316 	add.w	r3, r7, #600	; 0x258
 8003e70:	f5a3 7314 	sub.w	r3, r3, #592	; 0x250
 8003e74:	f933 1012 	ldrsh.w	r1, [r3, r2, lsl #1]
 8003e78:	f8d7 2250 	ldr.w	r2, [r7, #592]	; 0x250
 8003e7c:	f8d7 3248 	ldr.w	r3, [r7, #584]	; 0x248
 8003e80:	4413      	add	r3, r2
 8003e82:	f103 0220 	add.w	r2, r3, #32
 8003e86:	f507 7316 	add.w	r3, r7, #600	; 0x258
 8003e8a:	f5a3 7304 	sub.w	r3, r3, #528	; 0x210
 8003e8e:	f933 3012 	ldrsh.w	r3, [r3, r2, lsl #1]
 8003e92:	011b      	lsls	r3, r3, #4
 8003e94:	b21b      	sxth	r3, r3
 8003e96:	f8d7 0254 	ldr.w	r0, [r7, #596]	; 0x254
 8003e9a:	f8d7 2248 	ldr.w	r2, [r7, #584]	; 0x248
 8003e9e:	4402      	add	r2, r0
 8003ea0:	430b      	orrs	r3, r1
 8003ea2:	b219      	sxth	r1, r3
 8003ea4:	f507 7316 	add.w	r3, r7, #600	; 0x258
 8003ea8:	f5a3 7314 	sub.w	r3, r3, #592	; 0x250
 8003eac:	f823 1012 	strh.w	r1, [r3, r2, lsl #1]
 8003eb0:	f8d7 2254 	ldr.w	r2, [r7, #596]	; 0x254
 8003eb4:	f8d7 3248 	ldr.w	r3, [r7, #584]	; 0x248
 8003eb8:	441a      	add	r2, r3
 8003eba:	f507 7316 	add.w	r3, r7, #600	; 0x258
 8003ebe:	f5a3 7314 	sub.w	r3, r3, #592	; 0x250
 8003ec2:	f933 1012 	ldrsh.w	r1, [r3, r2, lsl #1]
 8003ec6:	f8d7 2250 	ldr.w	r2, [r7, #592]	; 0x250
 8003eca:	f8d7 3248 	ldr.w	r3, [r7, #584]	; 0x248
 8003ece:	4413      	add	r3, r2
 8003ed0:	f103 0230 	add.w	r2, r3, #48	; 0x30
 8003ed4:	f507 7316 	add.w	r3, r7, #600	; 0x258
 8003ed8:	f5a3 7304 	sub.w	r3, r3, #528	; 0x210
 8003edc:	f933 3012 	ldrsh.w	r3, [r3, r2, lsl #1]
 8003ee0:	009b      	lsls	r3, r3, #2
 8003ee2:	b21b      	sxth	r3, r3
 8003ee4:	f8d7 0254 	ldr.w	r0, [r7, #596]	; 0x254
 8003ee8:	f8d7 2248 	ldr.w	r2, [r7, #584]	; 0x248
 8003eec:	4402      	add	r2, r0
 8003eee:	430b      	orrs	r3, r1
 8003ef0:	b219      	sxth	r1, r3
 8003ef2:	f507 7316 	add.w	r3, r7, #600	; 0x258
 8003ef6:	f5a3 7314 	sub.w	r3, r3, #592	; 0x250
 8003efa:	f823 1012 	strh.w	r1, [r3, r2, lsl #1]
 8003efe:	f8d7 2254 	ldr.w	r2, [r7, #596]	; 0x254
 8003f02:	f8d7 3248 	ldr.w	r3, [r7, #584]	; 0x248
 8003f06:	441a      	add	r2, r3
 8003f08:	f507 7316 	add.w	r3, r7, #600	; 0x258
 8003f0c:	f5a3 7314 	sub.w	r3, r3, #592	; 0x250
 8003f10:	f933 1012 	ldrsh.w	r1, [r3, r2, lsl #1]
 8003f14:	f8d7 2250 	ldr.w	r2, [r7, #592]	; 0x250
 8003f18:	f8d7 3248 	ldr.w	r3, [r7, #584]	; 0x248
 8003f1c:	4413      	add	r3, r2
 8003f1e:	f103 0240 	add.w	r2, r3, #64	; 0x40
 8003f22:	f507 7316 	add.w	r3, r7, #600	; 0x258
 8003f26:	f5a3 7304 	sub.w	r3, r3, #528	; 0x210
 8003f2a:	f933 3012 	ldrsh.w	r3, [r3, r2, lsl #1]
 8003f2e:	f8d7 0254 	ldr.w	r0, [r7, #596]	; 0x254
 8003f32:	f8d7 2248 	ldr.w	r2, [r7, #584]	; 0x248
 8003f36:	4402      	add	r2, r0
 8003f38:	430b      	orrs	r3, r1
 8003f3a:	b219      	sxth	r1, r3
 8003f3c:	f507 7316 	add.w	r3, r7, #600	; 0x258
 8003f40:	f5a3 7314 	sub.w	r3, r3, #592	; 0x250
 8003f44:	f823 1012 	strh.w	r1, [r3, r2, lsl #1]
 8003f48:	f8d7 2254 	ldr.w	r2, [r7, #596]	; 0x254
 8003f4c:	f8d7 3248 	ldr.w	r3, [r7, #584]	; 0x248
 8003f50:	441a      	add	r2, r3
 8003f52:	f507 7316 	add.w	r3, r7, #600	; 0x258
 8003f56:	f5a3 7314 	sub.w	r3, r3, #592	; 0x250
 8003f5a:	f933 1012 	ldrsh.w	r1, [r3, r2, lsl #1]
 8003f5e:	f8d7 2250 	ldr.w	r2, [r7, #592]	; 0x250
 8003f62:	f8d7 3248 	ldr.w	r3, [r7, #584]	; 0x248
 8003f66:	4413      	add	r3, r2
 8003f68:	f103 0250 	add.w	r2, r3, #80	; 0x50
 8003f6c:	f507 7316 	add.w	r3, r7, #600	; 0x258
 8003f70:	f5a3 7304 	sub.w	r3, r3, #528	; 0x210
 8003f74:	f933 3012 	ldrsh.w	r3, [r3, r2, lsl #1]
 8003f78:	109b      	asrs	r3, r3, #2
 8003f7a:	b21b      	sxth	r3, r3
 8003f7c:	f8d7 0254 	ldr.w	r0, [r7, #596]	; 0x254
 8003f80:	f8d7 2248 	ldr.w	r2, [r7, #584]	; 0x248
 8003f84:	4402      	add	r2, r0
 8003f86:	430b      	orrs	r3, r1
 8003f88:	b219      	sxth	r1, r3
 8003f8a:	f507 7316 	add.w	r3, r7, #600	; 0x258
 8003f8e:	f5a3 7314 	sub.w	r3, r3, #592	; 0x250
 8003f92:	f823 1012 	strh.w	r1, [r3, r2, lsl #1]
 8003f96:	f8d7 2254 	ldr.w	r2, [r7, #596]	; 0x254
 8003f9a:	f8d7 3248 	ldr.w	r3, [r7, #584]	; 0x248
 8003f9e:	441a      	add	r2, r3
 8003fa0:	f507 7316 	add.w	r3, r7, #600	; 0x258
 8003fa4:	f5a3 7314 	sub.w	r3, r3, #592	; 0x250
 8003fa8:	f933 1012 	ldrsh.w	r1, [r3, r2, lsl #1]
 8003fac:	f8d7 2250 	ldr.w	r2, [r7, #592]	; 0x250
 8003fb0:	f8d7 3248 	ldr.w	r3, [r7, #584]	; 0x248
 8003fb4:	4413      	add	r3, r2
 8003fb6:	f103 0260 	add.w	r2, r3, #96	; 0x60
 8003fba:	f507 7316 	add.w	r3, r7, #600	; 0x258
 8003fbe:	f5a3 7304 	sub.w	r3, r3, #528	; 0x210
 8003fc2:	f933 3012 	ldrsh.w	r3, [r3, r2, lsl #1]
 8003fc6:	111b      	asrs	r3, r3, #4
 8003fc8:	b21b      	sxth	r3, r3
 8003fca:	f8d7 0254 	ldr.w	r0, [r7, #596]	; 0x254
 8003fce:	f8d7 2248 	ldr.w	r2, [r7, #584]	; 0x248
 8003fd2:	4402      	add	r2, r0
 8003fd4:	430b      	orrs	r3, r1
 8003fd6:	b219      	sxth	r1, r3
 8003fd8:	f507 7316 	add.w	r3, r7, #600	; 0x258
 8003fdc:	f5a3 7314 	sub.w	r3, r3, #592	; 0x250
 8003fe0:	f823 1012 	strh.w	r1, [r3, r2, lsl #1]
 8003fe4:	f8d7 2254 	ldr.w	r2, [r7, #596]	; 0x254
 8003fe8:	f8d7 3248 	ldr.w	r3, [r7, #584]	; 0x248
 8003fec:	441a      	add	r2, r3
 8003fee:	f507 7316 	add.w	r3, r7, #600	; 0x258
 8003ff2:	f5a3 7314 	sub.w	r3, r3, #592	; 0x250
 8003ff6:	f933 1012 	ldrsh.w	r1, [r3, r2, lsl #1]
 8003ffa:	f8d7 2250 	ldr.w	r2, [r7, #592]	; 0x250
 8003ffe:	f8d7 3248 	ldr.w	r3, [r7, #584]	; 0x248
 8004002:	4413      	add	r3, r2
 8004004:	f103 0270 	add.w	r2, r3, #112	; 0x70
 8004008:	f507 7316 	add.w	r3, r7, #600	; 0x258
 800400c:	f5a3 7304 	sub.w	r3, r3, #528	; 0x210
 8004010:	f933 3012 	ldrsh.w	r3, [r3, r2, lsl #1]
 8004014:	119b      	asrs	r3, r3, #6
 8004016:	b21b      	sxth	r3, r3
 8004018:	f8d7 0254 	ldr.w	r0, [r7, #596]	; 0x254
 800401c:	f8d7 2248 	ldr.w	r2, [r7, #584]	; 0x248
 8004020:	4402      	add	r2, r0
 8004022:	430b      	orrs	r3, r1
 8004024:	b219      	sxth	r1, r3
 8004026:	f507 7316 	add.w	r3, r7, #600	; 0x258
 800402a:	f5a3 7314 	sub.w	r3, r3, #592	; 0x250
 800402e:	f823 1012 	strh.w	r1, [r3, r2, lsl #1]
 8004032:	f8d7 3248 	ldr.w	r3, [r7, #584]	; 0x248
 8004036:	3301      	adds	r3, #1
 8004038:	f8c7 3248 	str.w	r3, [r7, #584]	; 0x248
 800403c:	f8d7 3248 	ldr.w	r3, [r7, #584]	; 0x248
 8004040:	2b0f      	cmp	r3, #15
 8004042:	f67f aecf 	bls.w	8003de4 <cryptolab_smaug1_Rq_to_bytes+0xce>
 8004046:	f8d7 3254 	ldr.w	r3, [r7, #596]	; 0x254
 800404a:	3310      	adds	r3, #16
 800404c:	f8c7 3254 	str.w	r3, [r7, #596]	; 0x254
 8004050:	f8d7 3250 	ldr.w	r3, [r7, #592]	; 0x250
 8004054:	3380      	adds	r3, #128	; 0x80
 8004056:	f8c7 3250 	str.w	r3, [r7, #592]	; 0x250
 800405a:	f8d7 324c 	ldr.w	r3, [r7, #588]	; 0x24c
 800405e:	3301      	adds	r3, #1
 8004060:	f8c7 324c 	str.w	r3, [r7, #588]	; 0x24c
 8004064:	f8d7 324c 	ldr.w	r3, [r7, #588]	; 0x24c
 8004068:	2b01      	cmp	r3, #1
 800406a:	f67f aeb7 	bls.w	8003ddc <cryptolab_smaug1_Rq_to_bytes+0xc6>
 800406e:	f507 7316 	add.w	r3, r7, #600	; 0x258
 8004072:	f5a3 7315 	sub.w	r3, r3, #596	; 0x254
 8004076:	681b      	ldr	r3, [r3, #0]
 8004078:	f503 7380 	add.w	r3, r3, #256	; 0x100
 800407c:	f107 0108 	add.w	r1, r7, #8
 8004080:	2220      	movs	r2, #32
 8004082:	4618      	mov	r0, r3
 8004084:	f7ff fde2 	bl	8003c4c <store16_littleendian>
 8004088:	bf00      	nop
 800408a:	f507 7716 	add.w	r7, r7, #600	; 0x258
 800408e:	46bd      	mov	sp, r7
 8004090:	bd80      	pop	{r7, pc}

08004092 <cryptolab_smaug1_bytes_to_Rq>:
 8004092:	b580      	push	{r7, lr}
 8004094:	f5ad 7d16 	sub.w	sp, sp, #600	; 0x258
 8004098:	af00      	add	r7, sp, #0
 800409a:	f507 7316 	add.w	r3, r7, #600	; 0x258
 800409e:	f5a3 7315 	sub.w	r3, r3, #596	; 0x254
 80040a2:	6018      	str	r0, [r3, #0]
 80040a4:	f507 7316 	add.w	r3, r7, #600	; 0x258
 80040a8:	f5a3 7316 	sub.w	r3, r3, #600	; 0x258
 80040ac:	6019      	str	r1, [r3, #0]
 80040ae:	f507 7316 	add.w	r3, r7, #600	; 0x258
 80040b2:	f5a3 7304 	sub.w	r3, r3, #528	; 0x210
 80040b6:	4618      	mov	r0, r3
 80040b8:	f44f 7300 	mov.w	r3, #512	; 0x200
 80040bc:	461a      	mov	r2, r3
 80040be:	2100      	movs	r1, #0
 80040c0:	f002 ffe0 	bl	8007084 <memset>
 80040c4:	2300      	movs	r3, #0
 80040c6:	f8c7 3254 	str.w	r3, [r7, #596]	; 0x254
 80040ca:	2300      	movs	r3, #0
 80040cc:	f8c7 3250 	str.w	r3, [r7, #592]	; 0x250
 80040d0:	2300      	movs	r3, #0
 80040d2:	f8c7 324c 	str.w	r3, [r7, #588]	; 0x24c
 80040d6:	e019      	b.n	800410c <cryptolab_smaug1_bytes_to_Rq+0x7a>
 80040d8:	f507 7316 	add.w	r3, r7, #600	; 0x258
 80040dc:	f5a3 7316 	sub.w	r3, r3, #600	; 0x258
 80040e0:	681a      	ldr	r2, [r3, #0]
 80040e2:	f8d7 324c 	ldr.w	r3, [r7, #588]	; 0x24c
 80040e6:	4413      	add	r3, r2
 80040e8:	781b      	ldrb	r3, [r3, #0]
 80040ea:	b21b      	sxth	r3, r3
 80040ec:	021b      	lsls	r3, r3, #8
 80040ee:	b219      	sxth	r1, r3
 80040f0:	f507 7316 	add.w	r3, r7, #600	; 0x258
 80040f4:	f5a3 7315 	sub.w	r3, r3, #596	; 0x254
 80040f8:	681b      	ldr	r3, [r3, #0]
 80040fa:	f8d7 224c 	ldr.w	r2, [r7, #588]	; 0x24c
 80040fe:	f823 1012 	strh.w	r1, [r3, r2, lsl #1]
 8004102:	f8d7 324c 	ldr.w	r3, [r7, #588]	; 0x24c
 8004106:	3301      	adds	r3, #1
 8004108:	f8c7 324c 	str.w	r3, [r7, #588]	; 0x24c
 800410c:	f8d7 324c 	ldr.w	r3, [r7, #588]	; 0x24c
 8004110:	2bff      	cmp	r3, #255	; 0xff
 8004112:	d9e1      	bls.n	80040d8 <cryptolab_smaug1_bytes_to_Rq+0x46>
 8004114:	f507 7316 	add.w	r3, r7, #600	; 0x258
 8004118:	f5a3 7314 	sub.w	r3, r3, #592	; 0x250
 800411c:	4618      	mov	r0, r3
 800411e:	2340      	movs	r3, #64	; 0x40
 8004120:	461a      	mov	r2, r3
 8004122:	2100      	movs	r1, #0
 8004124:	f002 ffae 	bl	8007084 <memset>
 8004128:	f507 7316 	add.w	r3, r7, #600	; 0x258
 800412c:	f5a3 7316 	sub.w	r3, r3, #600	; 0x258
 8004130:	681b      	ldr	r3, [r3, #0]
 8004132:	f503 7280 	add.w	r2, r3, #256	; 0x100
 8004136:	f107 0308 	add.w	r3, r7, #8
 800413a:	2120      	movs	r1, #32
 800413c:	4618      	mov	r0, r3
 800413e:	f7ff fdba 	bl	8003cb6 <load16_littleendian>
 8004142:	2300      	movs	r3, #0
 8004144:	f8c7 324c 	str.w	r3, [r7, #588]	; 0x24c
 8004148:	e0e2      	b.n	8004310 <cryptolab_smaug1_bytes_to_Rq+0x27e>
 800414a:	2300      	movs	r3, #0
 800414c:	f8c7 3248 	str.w	r3, [r7, #584]	; 0x248
 8004150:	e0ca      	b.n	80042e8 <cryptolab_smaug1_bytes_to_Rq+0x256>
 8004152:	f8d7 2254 	ldr.w	r2, [r7, #596]	; 0x254
 8004156:	f8d7 3248 	ldr.w	r3, [r7, #584]	; 0x248
 800415a:	441a      	add	r2, r3
 800415c:	f507 7316 	add.w	r3, r7, #600	; 0x258
 8004160:	f5a3 7314 	sub.w	r3, r3, #592	; 0x250
 8004164:	f933 3012 	ldrsh.w	r3, [r3, r2, lsl #1]
 8004168:	f8d7 1250 	ldr.w	r1, [r7, #592]	; 0x250
 800416c:	f8d7 2248 	ldr.w	r2, [r7, #584]	; 0x248
 8004170:	440a      	add	r2, r1
 8004172:	121b      	asrs	r3, r3, #8
 8004174:	b219      	sxth	r1, r3
 8004176:	f507 7316 	add.w	r3, r7, #600	; 0x258
 800417a:	f5a3 7304 	sub.w	r3, r3, #528	; 0x210
 800417e:	f823 1012 	strh.w	r1, [r3, r2, lsl #1]
 8004182:	f8d7 2254 	ldr.w	r2, [r7, #596]	; 0x254
 8004186:	f8d7 3248 	ldr.w	r3, [r7, #584]	; 0x248
 800418a:	441a      	add	r2, r3
 800418c:	f507 7316 	add.w	r3, r7, #600	; 0x258
 8004190:	f5a3 7314 	sub.w	r3, r3, #592	; 0x250
 8004194:	f933 3012 	ldrsh.w	r3, [r3, r2, lsl #1]
 8004198:	f8d7 1250 	ldr.w	r1, [r7, #592]	; 0x250
 800419c:	f8d7 2248 	ldr.w	r2, [r7, #584]	; 0x248
 80041a0:	440a      	add	r2, r1
 80041a2:	3210      	adds	r2, #16
 80041a4:	119b      	asrs	r3, r3, #6
 80041a6:	b219      	sxth	r1, r3
 80041a8:	f507 7316 	add.w	r3, r7, #600	; 0x258
 80041ac:	f5a3 7304 	sub.w	r3, r3, #528	; 0x210
 80041b0:	f823 1012 	strh.w	r1, [r3, r2, lsl #1]
 80041b4:	f8d7 2254 	ldr.w	r2, [r7, #596]	; 0x254
 80041b8:	f8d7 3248 	ldr.w	r3, [r7, #584]	; 0x248
 80041bc:	441a      	add	r2, r3
 80041be:	f507 7316 	add.w	r3, r7, #600	; 0x258
 80041c2:	f5a3 7314 	sub.w	r3, r3, #592	; 0x250
 80041c6:	f933 3012 	ldrsh.w	r3, [r3, r2, lsl #1]
 80041ca:	f8d7 1250 	ldr.w	r1, [r7, #592]	; 0x250
 80041ce:	f8d7 2248 	ldr.w	r2, [r7, #584]	; 0x248
 80041d2:	440a      	add	r2, r1
 80041d4:	3220      	adds	r2, #32
 80041d6:	111b      	asrs	r3, r3, #4
 80041d8:	b219      	sxth	r1, r3
 80041da:	f507 7316 	add.w	r3, r7, #600	; 0x258
 80041de:	f5a3 7304 	sub.w	r3, r3, #528	; 0x210
 80041e2:	f823 1012 	strh.w	r1, [r3, r2, lsl #1]
 80041e6:	f8d7 2254 	ldr.w	r2, [r7, #596]	; 0x254
 80041ea:	f8d7 3248 	ldr.w	r3, [r7, #584]	; 0x248
 80041ee:	441a      	add	r2, r3
 80041f0:	f507 7316 	add.w	r3, r7, #600	; 0x258
 80041f4:	f5a3 7314 	sub.w	r3, r3, #592	; 0x250
 80041f8:	f933 3012 	ldrsh.w	r3, [r3, r2, lsl #1]
 80041fc:	f8d7 1250 	ldr.w	r1, [r7, #592]	; 0x250
 8004200:	f8d7 2248 	ldr.w	r2, [r7, #584]	; 0x248
 8004204:	440a      	add	r2, r1
 8004206:	3230      	adds	r2, #48	; 0x30
 8004208:	109b      	asrs	r3, r3, #2
 800420a:	b219      	sxth	r1, r3
 800420c:	f507 7316 	add.w	r3, r7, #600	; 0x258
 8004210:	f5a3 7304 	sub.w	r3, r3, #528	; 0x210
 8004214:	f823 1012 	strh.w	r1, [r3, r2, lsl #1]
 8004218:	f8d7 2254 	ldr.w	r2, [r7, #596]	; 0x254
 800421c:	f8d7 3248 	ldr.w	r3, [r7, #584]	; 0x248
 8004220:	18d1      	adds	r1, r2, r3
 8004222:	f8d7 2250 	ldr.w	r2, [r7, #592]	; 0x250
 8004226:	f8d7 3248 	ldr.w	r3, [r7, #584]	; 0x248
 800422a:	4413      	add	r3, r2
 800422c:	f103 0240 	add.w	r2, r3, #64	; 0x40
 8004230:	f507 7316 	add.w	r3, r7, #600	; 0x258
 8004234:	f5a3 7314 	sub.w	r3, r3, #592	; 0x250
 8004238:	f933 1011 	ldrsh.w	r1, [r3, r1, lsl #1]
 800423c:	f507 7316 	add.w	r3, r7, #600	; 0x258
 8004240:	f5a3 7304 	sub.w	r3, r3, #528	; 0x210
 8004244:	f823 1012 	strh.w	r1, [r3, r2, lsl #1]
 8004248:	f8d7 2254 	ldr.w	r2, [r7, #596]	; 0x254
 800424c:	f8d7 3248 	ldr.w	r3, [r7, #584]	; 0x248
 8004250:	441a      	add	r2, r3
 8004252:	f507 7316 	add.w	r3, r7, #600	; 0x258
 8004256:	f5a3 7314 	sub.w	r3, r3, #592	; 0x250
 800425a:	f933 3012 	ldrsh.w	r3, [r3, r2, lsl #1]
 800425e:	f8d7 1250 	ldr.w	r1, [r7, #592]	; 0x250
 8004262:	f8d7 2248 	ldr.w	r2, [r7, #584]	; 0x248
 8004266:	440a      	add	r2, r1
 8004268:	3250      	adds	r2, #80	; 0x50
 800426a:	009b      	lsls	r3, r3, #2
 800426c:	b219      	sxth	r1, r3
 800426e:	f507 7316 	add.w	r3, r7, #600	; 0x258
 8004272:	f5a3 7304 	sub.w	r3, r3, #528	; 0x210
 8004276:	f823 1012 	strh.w	r1, [r3, r2, lsl #1]
 800427a:	f8d7 2254 	ldr.w	r2, [r7, #596]	; 0x254
 800427e:	f8d7 3248 	ldr.w	r3, [r7, #584]	; 0x248
 8004282:	441a      	add	r2, r3
 8004284:	f507 7316 	add.w	r3, r7, #600	; 0x258
 8004288:	f5a3 7314 	sub.w	r3, r3, #592	; 0x250
 800428c:	f933 3012 	ldrsh.w	r3, [r3, r2, lsl #1]
 8004290:	f8d7 1250 	ldr.w	r1, [r7, #592]	; 0x250
 8004294:	f8d7 2248 	ldr.w	r2, [r7, #584]	; 0x248
 8004298:	440a      	add	r2, r1
 800429a:	3260      	adds	r2, #96	; 0x60
 800429c:	011b      	lsls	r3, r3, #4
 800429e:	b219      	sxth	r1, r3
 80042a0:	f507 7316 	add.w	r3, r7, #600	; 0x258
 80042a4:	f5a3 7304 	sub.w	r3, r3, #528	; 0x210
 80042a8:	f823 1012 	strh.w	r1, [r3, r2, lsl #1]
 80042ac:	f8d7 2254 	ldr.w	r2, [r7, #596]	; 0x254
 80042b0:	f8d7 3248 	ldr.w	r3, [r7, #584]	; 0x248
 80042b4:	441a      	add	r2, r3
 80042b6:	f507 7316 	add.w	r3, r7, #600	; 0x258
 80042ba:	f5a3 7314 	sub.w	r3, r3, #592	; 0x250
 80042be:	f933 3012 	ldrsh.w	r3, [r3, r2, lsl #1]
 80042c2:	f8d7 1250 	ldr.w	r1, [r7, #592]	; 0x250
 80042c6:	f8d7 2248 	ldr.w	r2, [r7, #584]	; 0x248
 80042ca:	440a      	add	r2, r1
 80042cc:	3270      	adds	r2, #112	; 0x70
 80042ce:	019b      	lsls	r3, r3, #6
 80042d0:	b219      	sxth	r1, r3
 80042d2:	f507 7316 	add.w	r3, r7, #600	; 0x258
 80042d6:	f5a3 7304 	sub.w	r3, r3, #528	; 0x210
 80042da:	f823 1012 	strh.w	r1, [r3, r2, lsl #1]
 80042de:	f8d7 3248 	ldr.w	r3, [r7, #584]	; 0x248
 80042e2:	3301      	adds	r3, #1
 80042e4:	f8c7 3248 	str.w	r3, [r7, #584]	; 0x248
 80042e8:	f8d7 3248 	ldr.w	r3, [r7, #584]	; 0x248
 80042ec:	2b0f      	cmp	r3, #15
 80042ee:	f67f af30 	bls.w	8004152 <cryptolab_smaug1_bytes_to_Rq+0xc0>
 80042f2:	f8d7 3254 	ldr.w	r3, [r7, #596]	; 0x254
 80042f6:	3310      	adds	r3, #16
 80042f8:	f8c7 3254 	str.w	r3, [r7, #596]	; 0x254
 80042fc:	f8d7 3250 	ldr.w	r3, [r7, #592]	; 0x250
 8004300:	3380      	adds	r3, #128	; 0x80
 8004302:	f8c7 3250 	str.w	r3, [r7, #592]	; 0x250
 8004306:	f8d7 324c 	ldr.w	r3, [r7, #588]	; 0x24c
 800430a:	3301      	adds	r3, #1
 800430c:	f8c7 324c 	str.w	r3, [r7, #588]	; 0x24c
 8004310:	f8d7 324c 	ldr.w	r3, [r7, #588]	; 0x24c
 8004314:	2b01      	cmp	r3, #1
 8004316:	f67f af18 	bls.w	800414a <cryptolab_smaug1_bytes_to_Rq+0xb8>
 800431a:	2300      	movs	r3, #0
 800431c:	f8c7 324c 	str.w	r3, [r7, #588]	; 0x24c
 8004320:	e023      	b.n	800436a <cryptolab_smaug1_bytes_to_Rq+0x2d8>
 8004322:	f507 7316 	add.w	r3, r7, #600	; 0x258
 8004326:	f5a3 7315 	sub.w	r3, r3, #596	; 0x254
 800432a:	681b      	ldr	r3, [r3, #0]
 800432c:	f8d7 224c 	ldr.w	r2, [r7, #588]	; 0x24c
 8004330:	f933 2012 	ldrsh.w	r2, [r3, r2, lsl #1]
 8004334:	f507 7316 	add.w	r3, r7, #600	; 0x258
 8004338:	f5a3 7304 	sub.w	r3, r3, #528	; 0x210
 800433c:	f8d7 124c 	ldr.w	r1, [r7, #588]	; 0x24c
 8004340:	f933 3011 	ldrsh.w	r3, [r3, r1, lsl #1]
 8004344:	f003 03c0 	and.w	r3, r3, #192	; 0xc0
 8004348:	b21b      	sxth	r3, r3
 800434a:	4313      	orrs	r3, r2
 800434c:	b219      	sxth	r1, r3
 800434e:	f507 7316 	add.w	r3, r7, #600	; 0x258
 8004352:	f5a3 7315 	sub.w	r3, r3, #596	; 0x254
 8004356:	681b      	ldr	r3, [r3, #0]
 8004358:	f8d7 224c 	ldr.w	r2, [r7, #588]	; 0x24c
 800435c:	f823 1012 	strh.w	r1, [r3, r2, lsl #1]
 8004360:	f8d7 324c 	ldr.w	r3, [r7, #588]	; 0x24c
 8004364:	3301      	adds	r3, #1
 8004366:	f8c7 324c 	str.w	r3, [r7, #588]	; 0x24c
 800436a:	f8d7 324c 	ldr.w	r3, [r7, #588]	; 0x24c
 800436e:	2bff      	cmp	r3, #255	; 0xff
 8004370:	d9d7      	bls.n	8004322 <cryptolab_smaug1_bytes_to_Rq+0x290>
 8004372:	bf00      	nop
 8004374:	bf00      	nop
 8004376:	f507 7716 	add.w	r7, r7, #600	; 0x258
 800437a:	46bd      	mov	sp, r7
 800437c:	bd80      	pop	{r7, pc}

0800437e <cryptolab_smaug1_Rq_vec_to_bytes>:
 800437e:	b580      	push	{r7, lr}
 8004380:	b084      	sub	sp, #16
 8004382:	af00      	add	r7, sp, #0
 8004384:	6078      	str	r0, [r7, #4]
 8004386:	6039      	str	r1, [r7, #0]
 8004388:	2300      	movs	r3, #0
 800438a:	60fb      	str	r3, [r7, #12]
 800438c:	e011      	b.n	80043b2 <cryptolab_smaug1_Rq_vec_to_bytes+0x34>
 800438e:	68fa      	ldr	r2, [r7, #12]
 8004390:	4613      	mov	r3, r2
 8004392:	009b      	lsls	r3, r3, #2
 8004394:	4413      	add	r3, r2
 8004396:	019b      	lsls	r3, r3, #6
 8004398:	461a      	mov	r2, r3
 800439a:	687b      	ldr	r3, [r7, #4]
 800439c:	1898      	adds	r0, r3, r2
 800439e:	68fb      	ldr	r3, [r7, #12]
 80043a0:	025b      	lsls	r3, r3, #9
 80043a2:	683a      	ldr	r2, [r7, #0]
 80043a4:	4413      	add	r3, r2
 80043a6:	4619      	mov	r1, r3
 80043a8:	f7ff fcb5 	bl	8003d16 <cryptolab_smaug1_Rq_to_bytes>
 80043ac:	68fb      	ldr	r3, [r7, #12]
 80043ae:	3301      	adds	r3, #1
 80043b0:	60fb      	str	r3, [r7, #12]
 80043b2:	68fb      	ldr	r3, [r7, #12]
 80043b4:	2b01      	cmp	r3, #1
 80043b6:	d9ea      	bls.n	800438e <cryptolab_smaug1_Rq_vec_to_bytes+0x10>
 80043b8:	bf00      	nop
 80043ba:	bf00      	nop
 80043bc:	3710      	adds	r7, #16
 80043be:	46bd      	mov	sp, r7
 80043c0:	bd80      	pop	{r7, pc}

080043c2 <cryptolab_smaug1_bytes_to_Rq_vec>:
 80043c2:	b580      	push	{r7, lr}
 80043c4:	b084      	sub	sp, #16
 80043c6:	af00      	add	r7, sp, #0
 80043c8:	6078      	str	r0, [r7, #4]
 80043ca:	6039      	str	r1, [r7, #0]
 80043cc:	2300      	movs	r3, #0
 80043ce:	60fb      	str	r3, [r7, #12]
 80043d0:	e011      	b.n	80043f6 <cryptolab_smaug1_bytes_to_Rq_vec+0x34>
 80043d2:	68fb      	ldr	r3, [r7, #12]
 80043d4:	025b      	lsls	r3, r3, #9
 80043d6:	687a      	ldr	r2, [r7, #4]
 80043d8:	18d0      	adds	r0, r2, r3
 80043da:	68fa      	ldr	r2, [r7, #12]
 80043dc:	4613      	mov	r3, r2
 80043de:	009b      	lsls	r3, r3, #2
 80043e0:	4413      	add	r3, r2
 80043e2:	019b      	lsls	r3, r3, #6
 80043e4:	461a      	mov	r2, r3
 80043e6:	683b      	ldr	r3, [r7, #0]
 80043e8:	4413      	add	r3, r2
 80043ea:	4619      	mov	r1, r3
 80043ec:	f7ff fe51 	bl	8004092 <cryptolab_smaug1_bytes_to_Rq>
 80043f0:	68fb      	ldr	r3, [r7, #12]
 80043f2:	3301      	adds	r3, #1
 80043f4:	60fb      	str	r3, [r7, #12]
 80043f6:	68fb      	ldr	r3, [r7, #12]
 80043f8:	2b01      	cmp	r3, #1
 80043fa:	d9ea      	bls.n	80043d2 <cryptolab_smaug1_bytes_to_Rq_vec+0x10>
 80043fc:	bf00      	nop
 80043fe:	bf00      	nop
 8004400:	3710      	adds	r7, #16
 8004402:	46bd      	mov	sp, r7
 8004404:	bd80      	pop	{r7, pc}

08004406 <cryptolab_smaug1_Rq_mat_to_bytes>:
 8004406:	b580      	push	{r7, lr}
 8004408:	b084      	sub	sp, #16
 800440a:	af00      	add	r7, sp, #0
 800440c:	6078      	str	r0, [r7, #4]
 800440e:	6039      	str	r1, [r7, #0]
 8004410:	2300      	movs	r3, #0
 8004412:	60fb      	str	r3, [r7, #12]
 8004414:	e011      	b.n	800443a <cryptolab_smaug1_Rq_mat_to_bytes+0x34>
 8004416:	68fa      	ldr	r2, [r7, #12]
 8004418:	4613      	mov	r3, r2
 800441a:	009b      	lsls	r3, r3, #2
 800441c:	4413      	add	r3, r2
 800441e:	01db      	lsls	r3, r3, #7
 8004420:	461a      	mov	r2, r3
 8004422:	687b      	ldr	r3, [r7, #4]
 8004424:	1898      	adds	r0, r3, r2
 8004426:	68fb      	ldr	r3, [r7, #12]
 8004428:	029b      	lsls	r3, r3, #10
 800442a:	683a      	ldr	r2, [r7, #0]
 800442c:	4413      	add	r3, r2
 800442e:	4619      	mov	r1, r3
 8004430:	f7ff ffa5 	bl	800437e <cryptolab_smaug1_Rq_vec_to_bytes>
 8004434:	68fb      	ldr	r3, [r7, #12]
 8004436:	3301      	adds	r3, #1
 8004438:	60fb      	str	r3, [r7, #12]
 800443a:	68fb      	ldr	r3, [r7, #12]
 800443c:	2b01      	cmp	r3, #1
 800443e:	d9ea      	bls.n	8004416 <cryptolab_smaug1_Rq_mat_to_bytes+0x10>
 8004440:	bf00      	nop
 8004442:	bf00      	nop
 8004444:	3710      	adds	r7, #16
 8004446:	46bd      	mov	sp, r7
 8004448:	bd80      	pop	{r7, pc}

0800444a <cryptolab_smaug1_bytes_to_Rq_mat>:
 800444a:	b580      	push	{r7, lr}
 800444c:	b084      	sub	sp, #16
 800444e:	af00      	add	r7, sp, #0
 8004450:	6078      	str	r0, [r7, #4]
 8004452:	6039      	str	r1, [r7, #0]
 8004454:	2300      	movs	r3, #0
 8004456:	60fb      	str	r3, [r7, #12]
 8004458:	e011      	b.n	800447e <cryptolab_smaug1_bytes_to_Rq_mat+0x34>
 800445a:	68fb      	ldr	r3, [r7, #12]
 800445c:	029b      	lsls	r3, r3, #10
 800445e:	687a      	ldr	r2, [r7, #4]
 8004460:	18d0      	adds	r0, r2, r3
 8004462:	68fa      	ldr	r2, [r7, #12]
 8004464:	4613      	mov	r3, r2
 8004466:	009b      	lsls	r3, r3, #2
 8004468:	4413      	add	r3, r2
 800446a:	01db      	lsls	r3, r3, #7
 800446c:	461a      	mov	r2, r3
 800446e:	683b      	ldr	r3, [r7, #0]
 8004470:	4413      	add	r3, r2
 8004472:	4619      	mov	r1, r3
 8004474:	f7ff ffa5 	bl	80043c2 <cryptolab_smaug1_bytes_to_Rq_vec>
 8004478:	68fb      	ldr	r3, [r7, #12]
 800447a:	3301      	adds	r3, #1
 800447c:	60fb      	str	r3, [r7, #12]
 800447e:	68fb      	ldr	r3, [r7, #12]
 8004480:	2b01      	cmp	r3, #1
 8004482:	d9ea      	bls.n	800445a <cryptolab_smaug1_bytes_to_Rq_mat+0x10>
 8004484:	bf00      	nop
 8004486:	bf00      	nop
 8004488:	3710      	adds	r7, #16
 800448a:	46bd      	mov	sp, r7
 800448c:	bd80      	pop	{r7, pc}

0800448e <cryptolab_smaug1_Rp_to_bytes>:
 800448e:	b580      	push	{r7, lr}
 8004490:	b084      	sub	sp, #16
 8004492:	af00      	add	r7, sp, #0
 8004494:	6078      	str	r0, [r7, #4]
 8004496:	6039      	str	r1, [r7, #0]
 8004498:	f44f 7280 	mov.w	r2, #256	; 0x100
 800449c:	2100      	movs	r1, #0
 800449e:	6878      	ldr	r0, [r7, #4]
 80044a0:	f002 fdf0 	bl	8007084 <memset>
 80044a4:	2300      	movs	r3, #0
 80044a6:	60fb      	str	r3, [r7, #12]
 80044a8:	e00b      	b.n	80044c2 <cryptolab_smaug1_Rp_to_bytes+0x34>
 80044aa:	687a      	ldr	r2, [r7, #4]
 80044ac:	68fb      	ldr	r3, [r7, #12]
 80044ae:	4413      	add	r3, r2
 80044b0:	68fa      	ldr	r2, [r7, #12]
 80044b2:	0052      	lsls	r2, r2, #1
 80044b4:	6839      	ldr	r1, [r7, #0]
 80044b6:	440a      	add	r2, r1
 80044b8:	7812      	ldrb	r2, [r2, #0]
 80044ba:	701a      	strb	r2, [r3, #0]
 80044bc:	68fb      	ldr	r3, [r7, #12]
 80044be:	3301      	adds	r3, #1
 80044c0:	60fb      	str	r3, [r7, #12]
 80044c2:	68fb      	ldr	r3, [r7, #12]
 80044c4:	2bff      	cmp	r3, #255	; 0xff
 80044c6:	d9f0      	bls.n	80044aa <cryptolab_smaug1_Rp_to_bytes+0x1c>
 80044c8:	bf00      	nop
 80044ca:	bf00      	nop
 80044cc:	3710      	adds	r7, #16
 80044ce:	46bd      	mov	sp, r7
 80044d0:	bd80      	pop	{r7, pc}

080044d2 <cryptolab_smaug1_Rp2_to_bytes>:
 80044d2:	b580      	push	{r7, lr}
 80044d4:	b086      	sub	sp, #24
 80044d6:	af00      	add	r7, sp, #0
 80044d8:	6078      	str	r0, [r7, #4]
 80044da:	6039      	str	r1, [r7, #0]
 80044dc:	22a0      	movs	r2, #160	; 0xa0
 80044de:	2100      	movs	r1, #0
 80044e0:	6878      	ldr	r0, [r7, #4]
 80044e2:	f002 fdcf 	bl	8007084 <memset>
 80044e6:	2300      	movs	r3, #0
 80044e8:	613b      	str	r3, [r7, #16]
 80044ea:	2300      	movs	r3, #0
 80044ec:	60fb      	str	r3, [r7, #12]
 80044ee:	2300      	movs	r3, #0
 80044f0:	617b      	str	r3, [r7, #20]
 80044f2:	e0a7      	b.n	8004644 <cryptolab_smaug1_Rp2_to_bytes+0x172>
 80044f4:	697a      	ldr	r2, [r7, #20]
 80044f6:	4613      	mov	r3, r2
 80044f8:	009b      	lsls	r3, r3, #2
 80044fa:	4413      	add	r3, r2
 80044fc:	613b      	str	r3, [r7, #16]
 80044fe:	697b      	ldr	r3, [r7, #20]
 8004500:	00db      	lsls	r3, r3, #3
 8004502:	60fb      	str	r3, [r7, #12]
 8004504:	683b      	ldr	r3, [r7, #0]
 8004506:	68fa      	ldr	r2, [r7, #12]
 8004508:	f933 3012 	ldrsh.w	r3, [r3, r2, lsl #1]
 800450c:	b25b      	sxtb	r3, r3
 800450e:	f003 031f 	and.w	r3, r3, #31
 8004512:	b25a      	sxtb	r2, r3
 8004514:	68fb      	ldr	r3, [r7, #12]
 8004516:	1c59      	adds	r1, r3, #1
 8004518:	683b      	ldr	r3, [r7, #0]
 800451a:	f933 3011 	ldrsh.w	r3, [r3, r1, lsl #1]
 800451e:	b25b      	sxtb	r3, r3
 8004520:	015b      	lsls	r3, r3, #5
 8004522:	b25b      	sxtb	r3, r3
 8004524:	4313      	orrs	r3, r2
 8004526:	b259      	sxtb	r1, r3
 8004528:	693b      	ldr	r3, [r7, #16]
 800452a:	687a      	ldr	r2, [r7, #4]
 800452c:	4413      	add	r3, r2
 800452e:	b2ca      	uxtb	r2, r1
 8004530:	701a      	strb	r2, [r3, #0]
 8004532:	68fb      	ldr	r3, [r7, #12]
 8004534:	1c5a      	adds	r2, r3, #1
 8004536:	683b      	ldr	r3, [r7, #0]
 8004538:	f933 3012 	ldrsh.w	r3, [r3, r2, lsl #1]
 800453c:	b29b      	uxth	r3, r3
 800453e:	10db      	asrs	r3, r3, #3
 8004540:	b25b      	sxtb	r3, r3
 8004542:	f003 0303 	and.w	r3, r3, #3
 8004546:	b25a      	sxtb	r2, r3
 8004548:	68fb      	ldr	r3, [r7, #12]
 800454a:	1c99      	adds	r1, r3, #2
 800454c:	683b      	ldr	r3, [r7, #0]
 800454e:	f933 3011 	ldrsh.w	r3, [r3, r1, lsl #1]
 8004552:	b25b      	sxtb	r3, r3
 8004554:	009b      	lsls	r3, r3, #2
 8004556:	b25b      	sxtb	r3, r3
 8004558:	f003 037c 	and.w	r3, r3, #124	; 0x7c
 800455c:	b25b      	sxtb	r3, r3
 800455e:	4313      	orrs	r3, r2
 8004560:	b25a      	sxtb	r2, r3
 8004562:	68fb      	ldr	r3, [r7, #12]
 8004564:	1cd9      	adds	r1, r3, #3
 8004566:	683b      	ldr	r3, [r7, #0]
 8004568:	f933 3011 	ldrsh.w	r3, [r3, r1, lsl #1]
 800456c:	b25b      	sxtb	r3, r3
 800456e:	01db      	lsls	r3, r3, #7
 8004570:	b25b      	sxtb	r3, r3
 8004572:	4313      	orrs	r3, r2
 8004574:	b259      	sxtb	r1, r3
 8004576:	693b      	ldr	r3, [r7, #16]
 8004578:	3301      	adds	r3, #1
 800457a:	687a      	ldr	r2, [r7, #4]
 800457c:	4413      	add	r3, r2
 800457e:	b2ca      	uxtb	r2, r1
 8004580:	701a      	strb	r2, [r3, #0]
 8004582:	68fb      	ldr	r3, [r7, #12]
 8004584:	1cda      	adds	r2, r3, #3
 8004586:	683b      	ldr	r3, [r7, #0]
 8004588:	f933 3012 	ldrsh.w	r3, [r3, r2, lsl #1]
 800458c:	b29b      	uxth	r3, r3
 800458e:	105b      	asrs	r3, r3, #1
 8004590:	b25b      	sxtb	r3, r3
 8004592:	f003 030f 	and.w	r3, r3, #15
 8004596:	b25a      	sxtb	r2, r3
 8004598:	68fb      	ldr	r3, [r7, #12]
 800459a:	1d19      	adds	r1, r3, #4
 800459c:	683b      	ldr	r3, [r7, #0]
 800459e:	f933 3011 	ldrsh.w	r3, [r3, r1, lsl #1]
 80045a2:	b25b      	sxtb	r3, r3
 80045a4:	011b      	lsls	r3, r3, #4
 80045a6:	b25b      	sxtb	r3, r3
 80045a8:	4313      	orrs	r3, r2
 80045aa:	b259      	sxtb	r1, r3
 80045ac:	693b      	ldr	r3, [r7, #16]
 80045ae:	3302      	adds	r3, #2
 80045b0:	687a      	ldr	r2, [r7, #4]
 80045b2:	4413      	add	r3, r2
 80045b4:	b2ca      	uxtb	r2, r1
 80045b6:	701a      	strb	r2, [r3, #0]
 80045b8:	68fb      	ldr	r3, [r7, #12]
 80045ba:	1d1a      	adds	r2, r3, #4
 80045bc:	683b      	ldr	r3, [r7, #0]
 80045be:	f933 3012 	ldrsh.w	r3, [r3, r2, lsl #1]
 80045c2:	b29b      	uxth	r3, r3
 80045c4:	111b      	asrs	r3, r3, #4
 80045c6:	b25b      	sxtb	r3, r3
 80045c8:	f003 0301 	and.w	r3, r3, #1
 80045cc:	b25a      	sxtb	r2, r3
 80045ce:	68fb      	ldr	r3, [r7, #12]
 80045d0:	1d59      	adds	r1, r3, #5
 80045d2:	683b      	ldr	r3, [r7, #0]
 80045d4:	f933 3011 	ldrsh.w	r3, [r3, r1, lsl #1]
 80045d8:	b25b      	sxtb	r3, r3
 80045da:	005b      	lsls	r3, r3, #1
 80045dc:	b25b      	sxtb	r3, r3
 80045de:	f003 033e 	and.w	r3, r3, #62	; 0x3e
 80045e2:	b25b      	sxtb	r3, r3
 80045e4:	4313      	orrs	r3, r2
 80045e6:	b25a      	sxtb	r2, r3
 80045e8:	68fb      	ldr	r3, [r7, #12]
 80045ea:	1d99      	adds	r1, r3, #6
 80045ec:	683b      	ldr	r3, [r7, #0]
 80045ee:	f933 3011 	ldrsh.w	r3, [r3, r1, lsl #1]
 80045f2:	b25b      	sxtb	r3, r3
 80045f4:	019b      	lsls	r3, r3, #6
 80045f6:	b25b      	sxtb	r3, r3
 80045f8:	4313      	orrs	r3, r2
 80045fa:	b259      	sxtb	r1, r3
 80045fc:	693b      	ldr	r3, [r7, #16]
 80045fe:	3303      	adds	r3, #3
 8004600:	687a      	ldr	r2, [r7, #4]
 8004602:	4413      	add	r3, r2
 8004604:	b2ca      	uxtb	r2, r1
 8004606:	701a      	strb	r2, [r3, #0]
 8004608:	68fb      	ldr	r3, [r7, #12]
 800460a:	1d9a      	adds	r2, r3, #6
 800460c:	683b      	ldr	r3, [r7, #0]
 800460e:	f933 3012 	ldrsh.w	r3, [r3, r2, lsl #1]
 8004612:	b29b      	uxth	r3, r3
 8004614:	109b      	asrs	r3, r3, #2
 8004616:	b25b      	sxtb	r3, r3
 8004618:	f003 0307 	and.w	r3, r3, #7
 800461c:	b25a      	sxtb	r2, r3
 800461e:	68fb      	ldr	r3, [r7, #12]
 8004620:	1dd9      	adds	r1, r3, #7
 8004622:	683b      	ldr	r3, [r7, #0]
 8004624:	f933 3011 	ldrsh.w	r3, [r3, r1, lsl #1]
 8004628:	b25b      	sxtb	r3, r3
 800462a:	00db      	lsls	r3, r3, #3
 800462c:	b25b      	sxtb	r3, r3
 800462e:	4313      	orrs	r3, r2
 8004630:	b259      	sxtb	r1, r3
 8004632:	693b      	ldr	r3, [r7, #16]
 8004634:	3304      	adds	r3, #4
 8004636:	687a      	ldr	r2, [r7, #4]
 8004638:	4413      	add	r3, r2
 800463a:	b2ca      	uxtb	r2, r1
 800463c:	701a      	strb	r2, [r3, #0]
 800463e:	697b      	ldr	r3, [r7, #20]
 8004640:	3301      	adds	r3, #1
 8004642:	617b      	str	r3, [r7, #20]
 8004644:	697b      	ldr	r3, [r7, #20]
 8004646:	2b1f      	cmp	r3, #31
 8004648:	f67f af54 	bls.w	80044f4 <cryptolab_smaug1_Rp2_to_bytes+0x22>
 800464c:	bf00      	nop
 800464e:	bf00      	nop
 8004650:	3718      	adds	r7, #24
 8004652:	46bd      	mov	sp, r7
 8004654:	bd80      	pop	{r7, pc}

08004656 <cryptolab_smaug1_bytes_to_Rp>:
 8004656:	b580      	push	{r7, lr}
 8004658:	b084      	sub	sp, #16
 800465a:	af00      	add	r7, sp, #0
 800465c:	6078      	str	r0, [r7, #4]
 800465e:	6039      	str	r1, [r7, #0]
 8004660:	f44f 7200 	mov.w	r2, #512	; 0x200
 8004664:	2100      	movs	r1, #0
 8004666:	6878      	ldr	r0, [r7, #4]
 8004668:	f002 fd0c 	bl	8007084 <memset>
 800466c:	2300      	movs	r3, #0
 800466e:	60fb      	str	r3, [r7, #12]
 8004670:	e00b      	b.n	800468a <cryptolab_smaug1_bytes_to_Rp+0x34>
 8004672:	68fb      	ldr	r3, [r7, #12]
 8004674:	005b      	lsls	r3, r3, #1
 8004676:	687a      	ldr	r2, [r7, #4]
 8004678:	4413      	add	r3, r2
 800467a:	6839      	ldr	r1, [r7, #0]
 800467c:	68fa      	ldr	r2, [r7, #12]
 800467e:	440a      	add	r2, r1
 8004680:	7812      	ldrb	r2, [r2, #0]
 8004682:	701a      	strb	r2, [r3, #0]
 8004684:	68fb      	ldr	r3, [r7, #12]
 8004686:	3301      	adds	r3, #1
 8004688:	60fb      	str	r3, [r7, #12]
 800468a:	68fb      	ldr	r3, [r7, #12]
 800468c:	2bff      	cmp	r3, #255	; 0xff
 800468e:	d9f0      	bls.n	8004672 <cryptolab_smaug1_bytes_to_Rp+0x1c>
 8004690:	bf00      	nop
 8004692:	bf00      	nop
 8004694:	3710      	adds	r7, #16
 8004696:	46bd      	mov	sp, r7
 8004698:	bd80      	pop	{r7, pc}

0800469a <cryptolab_smaug1_bytes_to_Rp2>:
 800469a:	b580      	push	{r7, lr}
 800469c:	b086      	sub	sp, #24
 800469e:	af00      	add	r7, sp, #0
 80046a0:	6078      	str	r0, [r7, #4]
 80046a2:	6039      	str	r1, [r7, #0]
 80046a4:	f44f 7200 	mov.w	r2, #512	; 0x200
 80046a8:	2100      	movs	r1, #0
 80046aa:	6878      	ldr	r0, [r7, #4]
 80046ac:	f002 fcea 	bl	8007084 <memset>
 80046b0:	2300      	movs	r3, #0
 80046b2:	613b      	str	r3, [r7, #16]
 80046b4:	2300      	movs	r3, #0
 80046b6:	60fb      	str	r3, [r7, #12]
 80046b8:	2300      	movs	r3, #0
 80046ba:	617b      	str	r3, [r7, #20]
 80046bc:	e0a8      	b.n	8004810 <cryptolab_smaug1_bytes_to_Rp2+0x176>
 80046be:	697a      	ldr	r2, [r7, #20]
 80046c0:	4613      	mov	r3, r2
 80046c2:	009b      	lsls	r3, r3, #2
 80046c4:	4413      	add	r3, r2
 80046c6:	613b      	str	r3, [r7, #16]
 80046c8:	697b      	ldr	r3, [r7, #20]
 80046ca:	00db      	lsls	r3, r3, #3
 80046cc:	60fb      	str	r3, [r7, #12]
 80046ce:	693b      	ldr	r3, [r7, #16]
 80046d0:	683a      	ldr	r2, [r7, #0]
 80046d2:	4413      	add	r3, r2
 80046d4:	781b      	ldrb	r3, [r3, #0]
 80046d6:	b21b      	sxth	r3, r3
 80046d8:	f003 031f 	and.w	r3, r3, #31
 80046dc:	b219      	sxth	r1, r3
 80046de:	687b      	ldr	r3, [r7, #4]
 80046e0:	68fa      	ldr	r2, [r7, #12]
 80046e2:	f823 1012 	strh.w	r1, [r3, r2, lsl #1]
 80046e6:	693b      	ldr	r3, [r7, #16]
 80046e8:	683a      	ldr	r2, [r7, #0]
 80046ea:	4413      	add	r3, r2
 80046ec:	781b      	ldrb	r3, [r3, #0]
 80046ee:	095b      	lsrs	r3, r3, #5
 80046f0:	b2db      	uxtb	r3, r3
 80046f2:	b219      	sxth	r1, r3
 80046f4:	693b      	ldr	r3, [r7, #16]
 80046f6:	3301      	adds	r3, #1
 80046f8:	683a      	ldr	r2, [r7, #0]
 80046fa:	4413      	add	r3, r2
 80046fc:	781b      	ldrb	r3, [r3, #0]
 80046fe:	b21b      	sxth	r3, r3
 8004700:	00db      	lsls	r3, r3, #3
 8004702:	b21b      	sxth	r3, r3
 8004704:	f003 0318 	and.w	r3, r3, #24
 8004708:	b21b      	sxth	r3, r3
 800470a:	68fa      	ldr	r2, [r7, #12]
 800470c:	3201      	adds	r2, #1
 800470e:	430b      	orrs	r3, r1
 8004710:	b219      	sxth	r1, r3
 8004712:	687b      	ldr	r3, [r7, #4]
 8004714:	f823 1012 	strh.w	r1, [r3, r2, lsl #1]
 8004718:	693b      	ldr	r3, [r7, #16]
 800471a:	3301      	adds	r3, #1
 800471c:	683a      	ldr	r2, [r7, #0]
 800471e:	4413      	add	r3, r2
 8004720:	781b      	ldrb	r3, [r3, #0]
 8004722:	109b      	asrs	r3, r3, #2
 8004724:	b21b      	sxth	r3, r3
 8004726:	68fa      	ldr	r2, [r7, #12]
 8004728:	3202      	adds	r2, #2
 800472a:	f003 031f 	and.w	r3, r3, #31
 800472e:	b219      	sxth	r1, r3
 8004730:	687b      	ldr	r3, [r7, #4]
 8004732:	f823 1012 	strh.w	r1, [r3, r2, lsl #1]
 8004736:	693b      	ldr	r3, [r7, #16]
 8004738:	3301      	adds	r3, #1
 800473a:	683a      	ldr	r2, [r7, #0]
 800473c:	4413      	add	r3, r2
 800473e:	781b      	ldrb	r3, [r3, #0]
 8004740:	09db      	lsrs	r3, r3, #7
 8004742:	b2db      	uxtb	r3, r3
 8004744:	b219      	sxth	r1, r3
 8004746:	693b      	ldr	r3, [r7, #16]
 8004748:	3302      	adds	r3, #2
 800474a:	683a      	ldr	r2, [r7, #0]
 800474c:	4413      	add	r3, r2
 800474e:	781b      	ldrb	r3, [r3, #0]
 8004750:	b21b      	sxth	r3, r3
 8004752:	005b      	lsls	r3, r3, #1
 8004754:	b21b      	sxth	r3, r3
 8004756:	f003 031e 	and.w	r3, r3, #30
 800475a:	b21b      	sxth	r3, r3
 800475c:	68fa      	ldr	r2, [r7, #12]
 800475e:	3203      	adds	r2, #3
 8004760:	430b      	orrs	r3, r1
 8004762:	b219      	sxth	r1, r3
 8004764:	687b      	ldr	r3, [r7, #4]
 8004766:	f823 1012 	strh.w	r1, [r3, r2, lsl #1]
 800476a:	693b      	ldr	r3, [r7, #16]
 800476c:	3302      	adds	r3, #2
 800476e:	683a      	ldr	r2, [r7, #0]
 8004770:	4413      	add	r3, r2
 8004772:	781b      	ldrb	r3, [r3, #0]
 8004774:	091b      	lsrs	r3, r3, #4
 8004776:	b2db      	uxtb	r3, r3
 8004778:	b219      	sxth	r1, r3
 800477a:	693b      	ldr	r3, [r7, #16]
 800477c:	3303      	adds	r3, #3
 800477e:	683a      	ldr	r2, [r7, #0]
 8004780:	4413      	add	r3, r2
 8004782:	781b      	ldrb	r3, [r3, #0]
 8004784:	b21b      	sxth	r3, r3
 8004786:	011b      	lsls	r3, r3, #4
 8004788:	b21b      	sxth	r3, r3
 800478a:	f003 0310 	and.w	r3, r3, #16
 800478e:	b21b      	sxth	r3, r3
 8004790:	68fa      	ldr	r2, [r7, #12]
 8004792:	3204      	adds	r2, #4
 8004794:	430b      	orrs	r3, r1
 8004796:	b219      	sxth	r1, r3
 8004798:	687b      	ldr	r3, [r7, #4]
 800479a:	f823 1012 	strh.w	r1, [r3, r2, lsl #1]
 800479e:	693b      	ldr	r3, [r7, #16]
 80047a0:	3303      	adds	r3, #3
 80047a2:	683a      	ldr	r2, [r7, #0]
 80047a4:	4413      	add	r3, r2
 80047a6:	781b      	ldrb	r3, [r3, #0]
 80047a8:	105b      	asrs	r3, r3, #1
 80047aa:	b21b      	sxth	r3, r3
 80047ac:	68fa      	ldr	r2, [r7, #12]
 80047ae:	3205      	adds	r2, #5
 80047b0:	f003 031f 	and.w	r3, r3, #31
 80047b4:	b219      	sxth	r1, r3
 80047b6:	687b      	ldr	r3, [r7, #4]
 80047b8:	f823 1012 	strh.w	r1, [r3, r2, lsl #1]
 80047bc:	693b      	ldr	r3, [r7, #16]
 80047be:	3303      	adds	r3, #3
 80047c0:	683a      	ldr	r2, [r7, #0]
 80047c2:	4413      	add	r3, r2
 80047c4:	781b      	ldrb	r3, [r3, #0]
 80047c6:	099b      	lsrs	r3, r3, #6
 80047c8:	b2db      	uxtb	r3, r3
 80047ca:	b219      	sxth	r1, r3
 80047cc:	693b      	ldr	r3, [r7, #16]
 80047ce:	3304      	adds	r3, #4
 80047d0:	683a      	ldr	r2, [r7, #0]
 80047d2:	4413      	add	r3, r2
 80047d4:	781b      	ldrb	r3, [r3, #0]
 80047d6:	b21b      	sxth	r3, r3
 80047d8:	009b      	lsls	r3, r3, #2
 80047da:	b21b      	sxth	r3, r3
 80047dc:	f003 031c 	and.w	r3, r3, #28
 80047e0:	b21b      	sxth	r3, r3
 80047e2:	68fa      	ldr	r2, [r7, #12]
 80047e4:	3206      	adds	r2, #6
 80047e6:	430b      	orrs	r3, r1
 80047e8:	b219      	sxth	r1, r3
 80047ea:	687b      	ldr	r3, [r7, #4]
 80047ec:	f823 1012 	strh.w	r1, [r3, r2, lsl #1]
 80047f0:	693b      	ldr	r3, [r7, #16]
 80047f2:	3304      	adds	r3, #4
 80047f4:	683a      	ldr	r2, [r7, #0]
 80047f6:	4413      	add	r3, r2
 80047f8:	781b      	ldrb	r3, [r3, #0]
 80047fa:	08db      	lsrs	r3, r3, #3
 80047fc:	b2d9      	uxtb	r1, r3
 80047fe:	68fb      	ldr	r3, [r7, #12]
 8004800:	1dda      	adds	r2, r3, #7
 8004802:	b209      	sxth	r1, r1
 8004804:	687b      	ldr	r3, [r7, #4]
 8004806:	f823 1012 	strh.w	r1, [r3, r2, lsl #1]
 800480a:	697b      	ldr	r3, [r7, #20]
 800480c:	3301      	adds	r3, #1
 800480e:	617b      	str	r3, [r7, #20]
 8004810:	697b      	ldr	r3, [r7, #20]
 8004812:	2b1f      	cmp	r3, #31
 8004814:	f67f af53 	bls.w	80046be <cryptolab_smaug1_bytes_to_Rp2+0x24>
 8004818:	bf00      	nop
 800481a:	bf00      	nop
 800481c:	3718      	adds	r7, #24
 800481e:	46bd      	mov	sp, r7
 8004820:	bd80      	pop	{r7, pc}

08004822 <cryptolab_smaug1_Rp_vec_to_bytes>:
 8004822:	b580      	push	{r7, lr}
 8004824:	b084      	sub	sp, #16
 8004826:	af00      	add	r7, sp, #0
 8004828:	6078      	str	r0, [r7, #4]
 800482a:	6039      	str	r1, [r7, #0]
 800482c:	2300      	movs	r3, #0
 800482e:	60fb      	str	r3, [r7, #12]
 8004830:	e00d      	b.n	800484e <cryptolab_smaug1_Rp_vec_to_bytes+0x2c>
 8004832:	68fb      	ldr	r3, [r7, #12]
 8004834:	021b      	lsls	r3, r3, #8
 8004836:	687a      	ldr	r2, [r7, #4]
 8004838:	18d0      	adds	r0, r2, r3
 800483a:	68fb      	ldr	r3, [r7, #12]
 800483c:	025b      	lsls	r3, r3, #9
 800483e:	683a      	ldr	r2, [r7, #0]
 8004840:	4413      	add	r3, r2
 8004842:	4619      	mov	r1, r3
 8004844:	f7ff fe23 	bl	800448e <cryptolab_smaug1_Rp_to_bytes>
 8004848:	68fb      	ldr	r3, [r7, #12]
 800484a:	3301      	adds	r3, #1
 800484c:	60fb      	str	r3, [r7, #12]
 800484e:	68fb      	ldr	r3, [r7, #12]
 8004850:	2b01      	cmp	r3, #1
 8004852:	d9ee      	bls.n	8004832 <cryptolab_smaug1_Rp_vec_to_bytes+0x10>
 8004854:	bf00      	nop
 8004856:	bf00      	nop
 8004858:	3710      	adds	r7, #16
 800485a:	46bd      	mov	sp, r7
 800485c:	bd80      	pop	{r7, pc}

0800485e <cryptolab_smaug1_bytes_to_Rp_vec>:
 800485e:	b580      	push	{r7, lr}
 8004860:	b084      	sub	sp, #16
 8004862:	af00      	add	r7, sp, #0
 8004864:	6078      	str	r0, [r7, #4]
 8004866:	6039      	str	r1, [r7, #0]
 8004868:	2300      	movs	r3, #0
 800486a:	60fb      	str	r3, [r7, #12]
 800486c:	e00d      	b.n	800488a <cryptolab_smaug1_bytes_to_Rp_vec+0x2c>
 800486e:	68fb      	ldr	r3, [r7, #12]
 8004870:	025b      	lsls	r3, r3, #9
 8004872:	687a      	ldr	r2, [r7, #4]
 8004874:	18d0      	adds	r0, r2, r3
 8004876:	68fb      	ldr	r3, [r7, #12]
 8004878:	021b      	lsls	r3, r3, #8
 800487a:	683a      	ldr	r2, [r7, #0]
 800487c:	4413      	add	r3, r2
 800487e:	4619      	mov	r1, r3
 8004880:	f7ff fee9 	bl	8004656 <cryptolab_smaug1_bytes_to_Rp>
 8004884:	68fb      	ldr	r3, [r7, #12]
 8004886:	3301      	adds	r3, #1
 8004888:	60fb      	str	r3, [r7, #12]
 800488a:	68fb      	ldr	r3, [r7, #12]
 800488c:	2b01      	cmp	r3, #1
 800488e:	d9ee      	bls.n	800486e <cryptolab_smaug1_bytes_to_Rp_vec+0x10>
 8004890:	bf00      	nop
 8004892:	bf00      	nop
 8004894:	3710      	adds	r7, #16
 8004896:	46bd      	mov	sp, r7
 8004898:	bd80      	pop	{r7, pc}

0800489a <cryptolab_smaug1_Sx_to_bytes>:
 800489a:	b480      	push	{r7}
 800489c:	b085      	sub	sp, #20
 800489e:	af00      	add	r7, sp, #0
 80048a0:	6078      	str	r0, [r7, #4]
 80048a2:	6039      	str	r1, [r7, #0]
 80048a4:	2300      	movs	r3, #0
 80048a6:	60bb      	str	r3, [r7, #8]
 80048a8:	2300      	movs	r3, #0
 80048aa:	60fb      	str	r3, [r7, #12]
 80048ac:	e036      	b.n	800491c <cryptolab_smaug1_Sx_to_bytes+0x82>
 80048ae:	68fb      	ldr	r3, [r7, #12]
 80048b0:	009b      	lsls	r3, r3, #2
 80048b2:	60bb      	str	r3, [r7, #8]
 80048b4:	683b      	ldr	r3, [r7, #0]
 80048b6:	68ba      	ldr	r2, [r7, #8]
 80048b8:	f933 3012 	ldrsh.w	r3, [r3, r2, lsl #1]
 80048bc:	b25b      	sxtb	r3, r3
 80048be:	f003 0303 	and.w	r3, r3, #3
 80048c2:	b25a      	sxtb	r2, r3
 80048c4:	68bb      	ldr	r3, [r7, #8]
 80048c6:	1c59      	adds	r1, r3, #1
 80048c8:	683b      	ldr	r3, [r7, #0]
 80048ca:	f933 3011 	ldrsh.w	r3, [r3, r1, lsl #1]
 80048ce:	b25b      	sxtb	r3, r3
 80048d0:	009b      	lsls	r3, r3, #2
 80048d2:	b25b      	sxtb	r3, r3
 80048d4:	f003 030c 	and.w	r3, r3, #12
 80048d8:	b25b      	sxtb	r3, r3
 80048da:	4313      	orrs	r3, r2
 80048dc:	b25a      	sxtb	r2, r3
 80048de:	68bb      	ldr	r3, [r7, #8]
 80048e0:	1c99      	adds	r1, r3, #2
 80048e2:	683b      	ldr	r3, [r7, #0]
 80048e4:	f933 3011 	ldrsh.w	r3, [r3, r1, lsl #1]
 80048e8:	b25b      	sxtb	r3, r3
 80048ea:	011b      	lsls	r3, r3, #4
 80048ec:	b25b      	sxtb	r3, r3
 80048ee:	f003 0330 	and.w	r3, r3, #48	; 0x30
 80048f2:	b25b      	sxtb	r3, r3
 80048f4:	4313      	orrs	r3, r2
 80048f6:	b25a      	sxtb	r2, r3
 80048f8:	68bb      	ldr	r3, [r7, #8]
 80048fa:	1cd9      	adds	r1, r3, #3
 80048fc:	683b      	ldr	r3, [r7, #0]
 80048fe:	f933 3011 	ldrsh.w	r3, [r3, r1, lsl #1]
 8004902:	b25b      	sxtb	r3, r3
 8004904:	019b      	lsls	r3, r3, #6
 8004906:	b25b      	sxtb	r3, r3
 8004908:	4313      	orrs	r3, r2
 800490a:	b259      	sxtb	r1, r3
 800490c:	687a      	ldr	r2, [r7, #4]
 800490e:	68fb      	ldr	r3, [r7, #12]
 8004910:	4413      	add	r3, r2
 8004912:	b2ca      	uxtb	r2, r1
 8004914:	701a      	strb	r2, [r3, #0]
 8004916:	68fb      	ldr	r3, [r7, #12]
 8004918:	3301      	adds	r3, #1
 800491a:	60fb      	str	r3, [r7, #12]
 800491c:	68fb      	ldr	r3, [r7, #12]
 800491e:	2b3f      	cmp	r3, #63	; 0x3f
 8004920:	d9c5      	bls.n	80048ae <cryptolab_smaug1_Sx_to_bytes+0x14>
 8004922:	bf00      	nop
 8004924:	bf00      	nop
 8004926:	3714      	adds	r7, #20
 8004928:	46bd      	mov	sp, r7
 800492a:	f85d 7b04 	ldr.w	r7, [sp], #4
 800492e:	4770      	bx	lr

08004930 <cryptolab_smaug1_bytes_to_Sx>:
 8004930:	b480      	push	{r7}
 8004932:	b087      	sub	sp, #28
 8004934:	af00      	add	r7, sp, #0
 8004936:	6078      	str	r0, [r7, #4]
 8004938:	6039      	str	r1, [r7, #0]
 800493a:	2300      	movs	r3, #0
 800493c:	613b      	str	r3, [r7, #16]
 800493e:	2300      	movs	r3, #0
 8004940:	617b      	str	r3, [r7, #20]
 8004942:	e065      	b.n	8004a10 <cryptolab_smaug1_bytes_to_Sx+0xe0>
 8004944:	697b      	ldr	r3, [r7, #20]
 8004946:	009b      	lsls	r3, r3, #2
 8004948:	613b      	str	r3, [r7, #16]
 800494a:	2300      	movs	r3, #0
 800494c:	60fb      	str	r3, [r7, #12]
 800494e:	683a      	ldr	r2, [r7, #0]
 8004950:	697b      	ldr	r3, [r7, #20]
 8004952:	4413      	add	r3, r2
 8004954:	781b      	ldrb	r3, [r3, #0]
 8004956:	f003 0303 	and.w	r3, r3, #3
 800495a:	b2db      	uxtb	r3, r3
 800495c:	733b      	strb	r3, [r7, #12]
 800495e:	683a      	ldr	r2, [r7, #0]
 8004960:	697b      	ldr	r3, [r7, #20]
 8004962:	4413      	add	r3, r2
 8004964:	781b      	ldrb	r3, [r3, #0]
 8004966:	089b      	lsrs	r3, r3, #2
 8004968:	b2db      	uxtb	r3, r3
 800496a:	f003 0303 	and.w	r3, r3, #3
 800496e:	b2db      	uxtb	r3, r3
 8004970:	737b      	strb	r3, [r7, #13]
 8004972:	683a      	ldr	r2, [r7, #0]
 8004974:	697b      	ldr	r3, [r7, #20]
 8004976:	4413      	add	r3, r2
 8004978:	781b      	ldrb	r3, [r3, #0]
 800497a:	091b      	lsrs	r3, r3, #4
 800497c:	b2db      	uxtb	r3, r3
 800497e:	f003 0303 	and.w	r3, r3, #3
 8004982:	b2db      	uxtb	r3, r3
 8004984:	73bb      	strb	r3, [r7, #14]
 8004986:	683a      	ldr	r2, [r7, #0]
 8004988:	697b      	ldr	r3, [r7, #20]
 800498a:	4413      	add	r3, r2
 800498c:	781b      	ldrb	r3, [r3, #0]
 800498e:	099b      	lsrs	r3, r3, #6
 8004990:	b2db      	uxtb	r3, r3
 8004992:	73fb      	strb	r3, [r7, #15]
 8004994:	7b3b      	ldrb	r3, [r7, #12]
 8004996:	b21a      	sxth	r2, r3
 8004998:	7b3b      	ldrb	r3, [r7, #12]
 800499a:	085b      	lsrs	r3, r3, #1
 800499c:	b2db      	uxtb	r3, r3
 800499e:	b21b      	sxth	r3, r3
 80049a0:	425b      	negs	r3, r3
 80049a2:	b21b      	sxth	r3, r3
 80049a4:	4313      	orrs	r3, r2
 80049a6:	b219      	sxth	r1, r3
 80049a8:	687b      	ldr	r3, [r7, #4]
 80049aa:	693a      	ldr	r2, [r7, #16]
 80049ac:	f823 1012 	strh.w	r1, [r3, r2, lsl #1]
 80049b0:	7b7b      	ldrb	r3, [r7, #13]
 80049b2:	b219      	sxth	r1, r3
 80049b4:	7b7b      	ldrb	r3, [r7, #13]
 80049b6:	085b      	lsrs	r3, r3, #1
 80049b8:	b2db      	uxtb	r3, r3
 80049ba:	b21b      	sxth	r3, r3
 80049bc:	425b      	negs	r3, r3
 80049be:	b21b      	sxth	r3, r3
 80049c0:	693a      	ldr	r2, [r7, #16]
 80049c2:	3201      	adds	r2, #1
 80049c4:	430b      	orrs	r3, r1
 80049c6:	b219      	sxth	r1, r3
 80049c8:	687b      	ldr	r3, [r7, #4]
 80049ca:	f823 1012 	strh.w	r1, [r3, r2, lsl #1]
 80049ce:	7bbb      	ldrb	r3, [r7, #14]
 80049d0:	b219      	sxth	r1, r3
 80049d2:	7bbb      	ldrb	r3, [r7, #14]
 80049d4:	085b      	lsrs	r3, r3, #1
 80049d6:	b2db      	uxtb	r3, r3
 80049d8:	b21b      	sxth	r3, r3
 80049da:	425b      	negs	r3, r3
 80049dc:	b21b      	sxth	r3, r3
 80049de:	693a      	ldr	r2, [r7, #16]
 80049e0:	3202      	adds	r2, #2
 80049e2:	430b      	orrs	r3, r1
 80049e4:	b219      	sxth	r1, r3
 80049e6:	687b      	ldr	r3, [r7, #4]
 80049e8:	f823 1012 	strh.w	r1, [r3, r2, lsl #1]
 80049ec:	7bfb      	ldrb	r3, [r7, #15]
 80049ee:	b219      	sxth	r1, r3
 80049f0:	7bfb      	ldrb	r3, [r7, #15]
 80049f2:	085b      	lsrs	r3, r3, #1
 80049f4:	b2db      	uxtb	r3, r3
 80049f6:	b21b      	sxth	r3, r3
 80049f8:	425b      	negs	r3, r3
 80049fa:	b21b      	sxth	r3, r3
 80049fc:	693a      	ldr	r2, [r7, #16]
 80049fe:	3203      	adds	r2, #3
 8004a00:	430b      	orrs	r3, r1
 8004a02:	b219      	sxth	r1, r3
 8004a04:	687b      	ldr	r3, [r7, #4]
 8004a06:	f823 1012 	strh.w	r1, [r3, r2, lsl #1]
 8004a0a:	697b      	ldr	r3, [r7, #20]
 8004a0c:	3301      	adds	r3, #1
 8004a0e:	617b      	str	r3, [r7, #20]
 8004a10:	697b      	ldr	r3, [r7, #20]
 8004a12:	2b3f      	cmp	r3, #63	; 0x3f
 8004a14:	d996      	bls.n	8004944 <cryptolab_smaug1_bytes_to_Sx+0x14>
 8004a16:	bf00      	nop
 8004a18:	bf00      	nop
 8004a1a:	371c      	adds	r7, #28
 8004a1c:	46bd      	mov	sp, r7
 8004a1e:	f85d 7b04 	ldr.w	r7, [sp], #4
 8004a22:	4770      	bx	lr

08004a24 <poly_add>:
 8004a24:	b480      	push	{r7}
 8004a26:	b087      	sub	sp, #28
 8004a28:	af00      	add	r7, sp, #0
 8004a2a:	60f8      	str	r0, [r7, #12]
 8004a2c:	60b9      	str	r1, [r7, #8]
 8004a2e:	607a      	str	r2, [r7, #4]
 8004a30:	2300      	movs	r3, #0
 8004a32:	617b      	str	r3, [r7, #20]
 8004a34:	e013      	b.n	8004a5e <poly_add+0x3a>
 8004a36:	68bb      	ldr	r3, [r7, #8]
 8004a38:	697a      	ldr	r2, [r7, #20]
 8004a3a:	f933 3012 	ldrsh.w	r3, [r3, r2, lsl #1]
 8004a3e:	b29a      	uxth	r2, r3
 8004a40:	687b      	ldr	r3, [r7, #4]
 8004a42:	6979      	ldr	r1, [r7, #20]
 8004a44:	f933 3011 	ldrsh.w	r3, [r3, r1, lsl #1]
 8004a48:	b29b      	uxth	r3, r3
 8004a4a:	4413      	add	r3, r2
 8004a4c:	b29b      	uxth	r3, r3
 8004a4e:	b219      	sxth	r1, r3
 8004a50:	68fb      	ldr	r3, [r7, #12]
 8004a52:	697a      	ldr	r2, [r7, #20]
 8004a54:	f823 1012 	strh.w	r1, [r3, r2, lsl #1]
 8004a58:	697b      	ldr	r3, [r7, #20]
 8004a5a:	3301      	adds	r3, #1
 8004a5c:	617b      	str	r3, [r7, #20]
 8004a5e:	697b      	ldr	r3, [r7, #20]
 8004a60:	2bff      	cmp	r3, #255	; 0xff
 8004a62:	d9e8      	bls.n	8004a36 <poly_add+0x12>
 8004a64:	bf00      	nop
 8004a66:	bf00      	nop
 8004a68:	371c      	adds	r7, #28
 8004a6a:	46bd      	mov	sp, r7
 8004a6c:	f85d 7b04 	ldr.w	r7, [sp], #4
 8004a70:	4770      	bx	lr

08004a72 <poly_sub>:
 8004a72:	b480      	push	{r7}
 8004a74:	b087      	sub	sp, #28
 8004a76:	af00      	add	r7, sp, #0
 8004a78:	60f8      	str	r0, [r7, #12]
 8004a7a:	60b9      	str	r1, [r7, #8]
 8004a7c:	607a      	str	r2, [r7, #4]
 8004a7e:	2300      	movs	r3, #0
 8004a80:	617b      	str	r3, [r7, #20]
 8004a82:	e013      	b.n	8004aac <poly_sub+0x3a>
 8004a84:	68bb      	ldr	r3, [r7, #8]
 8004a86:	697a      	ldr	r2, [r7, #20]
 8004a88:	f933 3012 	ldrsh.w	r3, [r3, r2, lsl #1]
 8004a8c:	b29a      	uxth	r2, r3
 8004a8e:	687b      	ldr	r3, [r7, #4]
 8004a90:	6979      	ldr	r1, [r7, #20]
 8004a92:	f933 3011 	ldrsh.w	r3, [r3, r1, lsl #1]
 8004a96:	b29b      	uxth	r3, r3
 8004a98:	1ad3      	subs	r3, r2, r3
 8004a9a:	b29b      	uxth	r3, r3
 8004a9c:	b219      	sxth	r1, r3
 8004a9e:	68fb      	ldr	r3, [r7, #12]
 8004aa0:	697a      	ldr	r2, [r7, #20]
 8004aa2:	f823 1012 	strh.w	r1, [r3, r2, lsl #1]
 8004aa6:	697b      	ldr	r3, [r7, #20]
 8004aa8:	3301      	adds	r3, #1
 8004aaa:	617b      	str	r3, [r7, #20]
 8004aac:	697b      	ldr	r3, [r7, #20]
 8004aae:	2bff      	cmp	r3, #255	; 0xff
 8004ab0:	d9e8      	bls.n	8004a84 <poly_sub+0x12>
 8004ab2:	bf00      	nop
 8004ab4:	bf00      	nop
 8004ab6:	371c      	adds	r7, #28
 8004ab8:	46bd      	mov	sp, r7
 8004aba:	f85d 7b04 	ldr.w	r7, [sp], #4
 8004abe:	4770      	bx	lr

08004ac0 <vec_vec_mult>:
 8004ac0:	b580      	push	{r7, lr}
 8004ac2:	b086      	sub	sp, #24
 8004ac4:	af00      	add	r7, sp, #0
 8004ac6:	60f8      	str	r0, [r7, #12]
 8004ac8:	60b9      	str	r1, [r7, #8]
 8004aca:	607a      	str	r2, [r7, #4]
 8004acc:	2300      	movs	r3, #0
 8004ace:	617b      	str	r3, [r7, #20]
 8004ad0:	e00e      	b.n	8004af0 <vec_vec_mult+0x30>
 8004ad2:	697b      	ldr	r3, [r7, #20]
 8004ad4:	025b      	lsls	r3, r3, #9
 8004ad6:	68ba      	ldr	r2, [r7, #8]
 8004ad8:	18d0      	adds	r0, r2, r3
 8004ada:	697b      	ldr	r3, [r7, #20]
 8004adc:	025b      	lsls	r3, r3, #9
 8004ade:	687a      	ldr	r2, [r7, #4]
 8004ae0:	4413      	add	r3, r2
 8004ae2:	68fa      	ldr	r2, [r7, #12]
 8004ae4:	4619      	mov	r1, r3
 8004ae6:	f001 f994 	bl	8005e12 <cryptolab_smaug1_poly_mul_acc>
 8004aea:	697b      	ldr	r3, [r7, #20]
 8004aec:	3301      	adds	r3, #1
 8004aee:	617b      	str	r3, [r7, #20]
 8004af0:	697b      	ldr	r3, [r7, #20]
 8004af2:	2b01      	cmp	r3, #1
 8004af4:	d9ed      	bls.n	8004ad2 <vec_vec_mult+0x12>
 8004af6:	bf00      	nop
 8004af8:	bf00      	nop
 8004afa:	3718      	adds	r7, #24
 8004afc:	46bd      	mov	sp, r7
 8004afe:	bd80      	pop	{r7, pc}

08004b00 <cryptolab_smaug1_vec_vec_mult_add>:
 8004b00:	b590      	push	{r4, r7, lr}
 8004b02:	f2ad 6d1c 	subw	sp, sp, #1564	; 0x61c
 8004b06:	af00      	add	r7, sp, #0
 8004b08:	f507 64c3 	add.w	r4, r7, #1560	; 0x618
 8004b0c:	f2a4 640c 	subw	r4, r4, #1548	; 0x60c
 8004b10:	6020      	str	r0, [r4, #0]
 8004b12:	f507 60c3 	add.w	r0, r7, #1560	; 0x618
 8004b16:	f5a0 60c2 	sub.w	r0, r0, #1552	; 0x610
 8004b1a:	6001      	str	r1, [r0, #0]
 8004b1c:	f507 61c3 	add.w	r1, r7, #1560	; 0x618
 8004b20:	f2a1 6114 	subw	r1, r1, #1556	; 0x614
 8004b24:	600a      	str	r2, [r1, #0]
 8004b26:	461a      	mov	r2, r3
 8004b28:	f507 63c3 	add.w	r3, r7, #1560	; 0x618
 8004b2c:	f2a3 6315 	subw	r3, r3, #1557	; 0x615
 8004b30:	701a      	strb	r2, [r3, #0]
 8004b32:	2300      	movs	r3, #0
 8004b34:	f8c7 3614 	str.w	r3, [r7, #1556]	; 0x614
 8004b38:	e034      	b.n	8004ba4 <cryptolab_smaug1_vec_vec_mult_add+0xa4>
 8004b3a:	2300      	movs	r3, #0
 8004b3c:	f8c7 3610 	str.w	r3, [r7, #1552]	; 0x610
 8004b40:	e027      	b.n	8004b92 <cryptolab_smaug1_vec_vec_mult_add+0x92>
 8004b42:	f507 63c3 	add.w	r3, r7, #1560	; 0x618
 8004b46:	f5a3 63c2 	sub.w	r3, r3, #1552	; 0x610
 8004b4a:	681b      	ldr	r3, [r3, #0]
 8004b4c:	f8d7 2614 	ldr.w	r2, [r7, #1556]	; 0x614
 8004b50:	0211      	lsls	r1, r2, #8
 8004b52:	f8d7 2610 	ldr.w	r2, [r7, #1552]	; 0x610
 8004b56:	440a      	add	r2, r1
 8004b58:	f933 3012 	ldrsh.w	r3, [r3, r2, lsl #1]
 8004b5c:	461a      	mov	r2, r3
 8004b5e:	f507 63c3 	add.w	r3, r7, #1560	; 0x618
 8004b62:	f2a3 6315 	subw	r3, r3, #1557	; 0x615
 8004b66:	781b      	ldrb	r3, [r3, #0]
 8004b68:	fa42 f303 	asr.w	r3, r2, r3
 8004b6c:	b218      	sxth	r0, r3
 8004b6e:	f507 63c3 	add.w	r3, r7, #1560	; 0x618
 8004b72:	f5a3 6381 	sub.w	r3, r3, #1032	; 0x408
 8004b76:	f8d7 2614 	ldr.w	r2, [r7, #1556]	; 0x614
 8004b7a:	0211      	lsls	r1, r2, #8
 8004b7c:	f8d7 2610 	ldr.w	r2, [r7, #1552]	; 0x610
 8004b80:	440a      	add	r2, r1
 8004b82:	4601      	mov	r1, r0
 8004b84:	f823 1012 	strh.w	r1, [r3, r2, lsl #1]
 8004b88:	f8d7 3610 	ldr.w	r3, [r7, #1552]	; 0x610
 8004b8c:	3301      	adds	r3, #1
 8004b8e:	f8c7 3610 	str.w	r3, [r7, #1552]	; 0x610
 8004b92:	f8d7 3610 	ldr.w	r3, [r7, #1552]	; 0x610
 8004b96:	2bff      	cmp	r3, #255	; 0xff
 8004b98:	d9d3      	bls.n	8004b42 <cryptolab_smaug1_vec_vec_mult_add+0x42>
 8004b9a:	f8d7 3614 	ldr.w	r3, [r7, #1556]	; 0x614
 8004b9e:	3301      	adds	r3, #1
 8004ba0:	f8c7 3614 	str.w	r3, [r7, #1556]	; 0x614
 8004ba4:	f8d7 3614 	ldr.w	r3, [r7, #1556]	; 0x614
 8004ba8:	2b01      	cmp	r3, #1
 8004baa:	d9c6      	bls.n	8004b3a <cryptolab_smaug1_vec_vec_mult_add+0x3a>
 8004bac:	f107 0310 	add.w	r3, r7, #16
 8004bb0:	f44f 7200 	mov.w	r2, #512	; 0x200
 8004bb4:	2100      	movs	r1, #0
 8004bb6:	4618      	mov	r0, r3
 8004bb8:	f002 fa64 	bl	8007084 <memset>
 8004bbc:	f507 63c3 	add.w	r3, r7, #1560	; 0x618
 8004bc0:	f2a3 6314 	subw	r3, r3, #1556	; 0x614
 8004bc4:	f507 7104 	add.w	r1, r7, #528	; 0x210
 8004bc8:	f107 0010 	add.w	r0, r7, #16
 8004bcc:	681a      	ldr	r2, [r3, #0]
 8004bce:	f7ff ff77 	bl	8004ac0 <vec_vec_mult>
 8004bd2:	2300      	movs	r3, #0
 8004bd4:	f8c7 3610 	str.w	r3, [r7, #1552]	; 0x610
 8004bd8:	e01d      	b.n	8004c16 <cryptolab_smaug1_vec_vec_mult_add+0x116>
 8004bda:	f507 63c3 	add.w	r3, r7, #1560	; 0x618
 8004bde:	f5a3 63c1 	sub.w	r3, r3, #1544	; 0x608
 8004be2:	f8d7 2610 	ldr.w	r2, [r7, #1552]	; 0x610
 8004be6:	f933 3012 	ldrsh.w	r3, [r3, r2, lsl #1]
 8004bea:	461a      	mov	r2, r3
 8004bec:	f507 63c3 	add.w	r3, r7, #1560	; 0x618
 8004bf0:	f2a3 6315 	subw	r3, r3, #1557	; 0x615
 8004bf4:	781b      	ldrb	r3, [r3, #0]
 8004bf6:	fa02 f303 	lsl.w	r3, r2, r3
 8004bfa:	b219      	sxth	r1, r3
 8004bfc:	f507 63c3 	add.w	r3, r7, #1560	; 0x618
 8004c00:	f5a3 63c1 	sub.w	r3, r3, #1544	; 0x608
 8004c04:	f8d7 2610 	ldr.w	r2, [r7, #1552]	; 0x610
 8004c08:	f823 1012 	strh.w	r1, [r3, r2, lsl #1]
 8004c0c:	f8d7 3610 	ldr.w	r3, [r7, #1552]	; 0x610
 8004c10:	3301      	adds	r3, #1
 8004c12:	f8c7 3610 	str.w	r3, [r7, #1552]	; 0x610
 8004c16:	f8d7 3610 	ldr.w	r3, [r7, #1552]	; 0x610
 8004c1a:	2bff      	cmp	r3, #255	; 0xff
 8004c1c:	d9dd      	bls.n	8004bda <cryptolab_smaug1_vec_vec_mult_add+0xda>
 8004c1e:	f107 0210 	add.w	r2, r7, #16
 8004c22:	f507 63c3 	add.w	r3, r7, #1560	; 0x618
 8004c26:	f2a3 610c 	subw	r1, r3, #1548	; 0x60c
 8004c2a:	f507 63c3 	add.w	r3, r7, #1560	; 0x618
 8004c2e:	f2a3 630c 	subw	r3, r3, #1548	; 0x60c
 8004c32:	6809      	ldr	r1, [r1, #0]
 8004c34:	6818      	ldr	r0, [r3, #0]
 8004c36:	f7ff fef5 	bl	8004a24 <poly_add>
 8004c3a:	bf00      	nop
 8004c3c:	f207 671c 	addw	r7, r7, #1564	; 0x61c
 8004c40:	46bd      	mov	sp, r7
 8004c42:	bd90      	pop	{r4, r7, pc}

08004c44 <cryptolab_smaug1_matrix_vec_mult_add>:
 8004c44:	b580      	push	{r7, lr}
 8004c46:	f5ad 6d84 	sub.w	sp, sp, #1056	; 0x420
 8004c4a:	af00      	add	r7, sp, #0
 8004c4c:	f507 6384 	add.w	r3, r7, #1056	; 0x420
 8004c50:	f2a3 4314 	subw	r3, r3, #1044	; 0x414
 8004c54:	6018      	str	r0, [r3, #0]
 8004c56:	f507 6384 	add.w	r3, r7, #1056	; 0x420
 8004c5a:	f5a3 6383 	sub.w	r3, r3, #1048	; 0x418
 8004c5e:	6019      	str	r1, [r3, #0]
 8004c60:	f507 6384 	add.w	r3, r7, #1056	; 0x420
 8004c64:	f2a3 431c 	subw	r3, r3, #1052	; 0x41c
 8004c68:	601a      	str	r2, [r3, #0]
 8004c6a:	2300      	movs	r3, #0
 8004c6c:	f8c7 341c 	str.w	r3, [r7, #1052]	; 0x41c
 8004c70:	e07a      	b.n	8004d68 <cryptolab_smaug1_matrix_vec_mult_add+0x124>
 8004c72:	2300      	movs	r3, #0
 8004c74:	f8c7 3418 	str.w	r3, [r7, #1048]	; 0x418
 8004c78:	e031      	b.n	8004cde <cryptolab_smaug1_matrix_vec_mult_add+0x9a>
 8004c7a:	2300      	movs	r3, #0
 8004c7c:	f8c7 3414 	str.w	r3, [r7, #1044]	; 0x414
 8004c80:	e024      	b.n	8004ccc <cryptolab_smaug1_matrix_vec_mult_add+0x88>
 8004c82:	f8d7 3418 	ldr.w	r3, [r7, #1048]	; 0x418
 8004c86:	029b      	lsls	r3, r3, #10
 8004c88:	f507 6284 	add.w	r2, r7, #1056	; 0x420
 8004c8c:	f5a2 6283 	sub.w	r2, r2, #1048	; 0x418
 8004c90:	6812      	ldr	r2, [r2, #0]
 8004c92:	4413      	add	r3, r2
 8004c94:	f8d7 241c 	ldr.w	r2, [r7, #1052]	; 0x41c
 8004c98:	0211      	lsls	r1, r2, #8
 8004c9a:	f8d7 2414 	ldr.w	r2, [r7, #1044]	; 0x414
 8004c9e:	440a      	add	r2, r1
 8004ca0:	f933 3012 	ldrsh.w	r3, [r3, r2, lsl #1]
 8004ca4:	119b      	asrs	r3, r3, #6
 8004ca6:	b218      	sxth	r0, r3
 8004ca8:	f507 6384 	add.w	r3, r7, #1056	; 0x420
 8004cac:	f2a3 430c 	subw	r3, r3, #1036	; 0x40c
 8004cb0:	f8d7 2418 	ldr.w	r2, [r7, #1048]	; 0x418
 8004cb4:	0211      	lsls	r1, r2, #8
 8004cb6:	f8d7 2414 	ldr.w	r2, [r7, #1044]	; 0x414
 8004cba:	440a      	add	r2, r1
 8004cbc:	4601      	mov	r1, r0
 8004cbe:	f823 1012 	strh.w	r1, [r3, r2, lsl #1]
 8004cc2:	f8d7 3414 	ldr.w	r3, [r7, #1044]	; 0x414
 8004cc6:	3301      	adds	r3, #1
 8004cc8:	f8c7 3414 	str.w	r3, [r7, #1044]	; 0x414
 8004ccc:	f8d7 3414 	ldr.w	r3, [r7, #1044]	; 0x414
 8004cd0:	2bff      	cmp	r3, #255	; 0xff
 8004cd2:	d9d6      	bls.n	8004c82 <cryptolab_smaug1_matrix_vec_mult_add+0x3e>
 8004cd4:	f8d7 3418 	ldr.w	r3, [r7, #1048]	; 0x418
 8004cd8:	3301      	adds	r3, #1
 8004cda:	f8c7 3418 	str.w	r3, [r7, #1048]	; 0x418
 8004cde:	f8d7 3418 	ldr.w	r3, [r7, #1048]	; 0x418
 8004ce2:	2b01      	cmp	r3, #1
 8004ce4:	d9c9      	bls.n	8004c7a <cryptolab_smaug1_matrix_vec_mult_add+0x36>
 8004ce6:	f507 6384 	add.w	r3, r7, #1056	; 0x420
 8004cea:	f2a3 4214 	subw	r2, r3, #1044	; 0x414
 8004cee:	f8d7 341c 	ldr.w	r3, [r7, #1052]	; 0x41c
 8004cf2:	025b      	lsls	r3, r3, #9
 8004cf4:	6812      	ldr	r2, [r2, #0]
 8004cf6:	18d0      	adds	r0, r2, r3
 8004cf8:	f507 6384 	add.w	r3, r7, #1056	; 0x420
 8004cfc:	f2a3 431c 	subw	r3, r3, #1052	; 0x41c
 8004d00:	f107 0114 	add.w	r1, r7, #20
 8004d04:	681a      	ldr	r2, [r3, #0]
 8004d06:	f7ff fedb 	bl	8004ac0 <vec_vec_mult>
 8004d0a:	2300      	movs	r3, #0
 8004d0c:	f8c7 3418 	str.w	r3, [r7, #1048]	; 0x418
 8004d10:	e021      	b.n	8004d56 <cryptolab_smaug1_matrix_vec_mult_add+0x112>
 8004d12:	f507 6384 	add.w	r3, r7, #1056	; 0x420
 8004d16:	f2a3 4314 	subw	r3, r3, #1044	; 0x414
 8004d1a:	681b      	ldr	r3, [r3, #0]
 8004d1c:	f8d7 241c 	ldr.w	r2, [r7, #1052]	; 0x41c
 8004d20:	0211      	lsls	r1, r2, #8
 8004d22:	f8d7 2418 	ldr.w	r2, [r7, #1048]	; 0x418
 8004d26:	440a      	add	r2, r1
 8004d28:	f933 3012 	ldrsh.w	r3, [r3, r2, lsl #1]
 8004d2c:	019b      	lsls	r3, r3, #6
 8004d2e:	b218      	sxth	r0, r3
 8004d30:	f507 6384 	add.w	r3, r7, #1056	; 0x420
 8004d34:	f2a3 4314 	subw	r3, r3, #1044	; 0x414
 8004d38:	681b      	ldr	r3, [r3, #0]
 8004d3a:	f8d7 241c 	ldr.w	r2, [r7, #1052]	; 0x41c
 8004d3e:	0211      	lsls	r1, r2, #8
 8004d40:	f8d7 2418 	ldr.w	r2, [r7, #1048]	; 0x418
 8004d44:	440a      	add	r2, r1
 8004d46:	4601      	mov	r1, r0
 8004d48:	f823 1012 	strh.w	r1, [r3, r2, lsl #1]
 8004d4c:	f8d7 3418 	ldr.w	r3, [r7, #1048]	; 0x418
 8004d50:	3301      	adds	r3, #1
 8004d52:	f8c7 3418 	str.w	r3, [r7, #1048]	; 0x418
 8004d56:	f8d7 3418 	ldr.w	r3, [r7, #1048]	; 0x418
 8004d5a:	2bff      	cmp	r3, #255	; 0xff
 8004d5c:	d9d9      	bls.n	8004d12 <cryptolab_smaug1_matrix_vec_mult_add+0xce>
 8004d5e:	f8d7 341c 	ldr.w	r3, [r7, #1052]	; 0x41c
 8004d62:	3301      	adds	r3, #1
 8004d64:	f8c7 341c 	str.w	r3, [r7, #1052]	; 0x41c
 8004d68:	f8d7 341c 	ldr.w	r3, [r7, #1052]	; 0x41c
 8004d6c:	2b01      	cmp	r3, #1
 8004d6e:	d980      	bls.n	8004c72 <cryptolab_smaug1_matrix_vec_mult_add+0x2e>
 8004d70:	bf00      	nop
 8004d72:	bf00      	nop
 8004d74:	f507 6784 	add.w	r7, r7, #1056	; 0x420
 8004d78:	46bd      	mov	sp, r7
 8004d7a:	bd80      	pop	{r7, pc}

08004d7c <cryptolab_smaug1_matrix_vec_mult_sub>:
 8004d7c:	b580      	push	{r7, lr}
 8004d7e:	f5ad 6dc4 	sub.w	sp, sp, #1568	; 0x620
 8004d82:	af00      	add	r7, sp, #0
 8004d84:	f507 63c4 	add.w	r3, r7, #1568	; 0x620
 8004d88:	f2a3 6314 	subw	r3, r3, #1556	; 0x614
 8004d8c:	6018      	str	r0, [r3, #0]
 8004d8e:	f507 63c4 	add.w	r3, r7, #1568	; 0x620
 8004d92:	f5a3 63c3 	sub.w	r3, r3, #1560	; 0x618
 8004d96:	6019      	str	r1, [r3, #0]
 8004d98:	f507 63c4 	add.w	r3, r7, #1568	; 0x620
 8004d9c:	f2a3 631c 	subw	r3, r3, #1564	; 0x61c
 8004da0:	601a      	str	r2, [r3, #0]
 8004da2:	2300      	movs	r3, #0
 8004da4:	f8c7 361c 	str.w	r3, [r7, #1564]	; 0x61c
 8004da8:	e087      	b.n	8004eba <cryptolab_smaug1_matrix_vec_mult_sub+0x13e>
 8004daa:	2300      	movs	r3, #0
 8004dac:	f8c7 3618 	str.w	r3, [r7, #1560]	; 0x618
 8004db0:	e031      	b.n	8004e16 <cryptolab_smaug1_matrix_vec_mult_sub+0x9a>
 8004db2:	2300      	movs	r3, #0
 8004db4:	f8c7 3614 	str.w	r3, [r7, #1556]	; 0x614
 8004db8:	e024      	b.n	8004e04 <cryptolab_smaug1_matrix_vec_mult_sub+0x88>
 8004dba:	f8d7 361c 	ldr.w	r3, [r7, #1564]	; 0x61c
 8004dbe:	029b      	lsls	r3, r3, #10
 8004dc0:	f507 62c4 	add.w	r2, r7, #1568	; 0x620
 8004dc4:	f5a2 62c3 	sub.w	r2, r2, #1560	; 0x618
 8004dc8:	6812      	ldr	r2, [r2, #0]
 8004dca:	4413      	add	r3, r2
 8004dcc:	f8d7 2618 	ldr.w	r2, [r7, #1560]	; 0x618
 8004dd0:	0211      	lsls	r1, r2, #8
 8004dd2:	f8d7 2614 	ldr.w	r2, [r7, #1556]	; 0x614
 8004dd6:	440a      	add	r2, r1
 8004dd8:	f933 3012 	ldrsh.w	r3, [r3, r2, lsl #1]
 8004ddc:	119b      	asrs	r3, r3, #6
 8004dde:	b218      	sxth	r0, r3
 8004de0:	f507 63c4 	add.w	r3, r7, #1568	; 0x620
 8004de4:	f2a3 430c 	subw	r3, r3, #1036	; 0x40c
 8004de8:	f8d7 2618 	ldr.w	r2, [r7, #1560]	; 0x618
 8004dec:	0211      	lsls	r1, r2, #8
 8004dee:	f8d7 2614 	ldr.w	r2, [r7, #1556]	; 0x614
 8004df2:	440a      	add	r2, r1
 8004df4:	4601      	mov	r1, r0
 8004df6:	f823 1012 	strh.w	r1, [r3, r2, lsl #1]
 8004dfa:	f8d7 3614 	ldr.w	r3, [r7, #1556]	; 0x614
 8004dfe:	3301      	adds	r3, #1
 8004e00:	f8c7 3614 	str.w	r3, [r7, #1556]	; 0x614
 8004e04:	f8d7 3614 	ldr.w	r3, [r7, #1556]	; 0x614
 8004e08:	2bff      	cmp	r3, #255	; 0xff
 8004e0a:	d9d6      	bls.n	8004dba <cryptolab_smaug1_matrix_vec_mult_sub+0x3e>
 8004e0c:	f8d7 3618 	ldr.w	r3, [r7, #1560]	; 0x618
 8004e10:	3301      	adds	r3, #1
 8004e12:	f8c7 3618 	str.w	r3, [r7, #1560]	; 0x618
 8004e16:	f8d7 3618 	ldr.w	r3, [r7, #1560]	; 0x618
 8004e1a:	2b01      	cmp	r3, #1
 8004e1c:	d9c9      	bls.n	8004db2 <cryptolab_smaug1_matrix_vec_mult_sub+0x36>
 8004e1e:	f107 0314 	add.w	r3, r7, #20
 8004e22:	f44f 7200 	mov.w	r2, #512	; 0x200
 8004e26:	2100      	movs	r1, #0
 8004e28:	4618      	mov	r0, r3
 8004e2a:	f002 f92b 	bl	8007084 <memset>
 8004e2e:	f507 63c4 	add.w	r3, r7, #1568	; 0x620
 8004e32:	f2a3 631c 	subw	r3, r3, #1564	; 0x61c
 8004e36:	f507 7105 	add.w	r1, r7, #532	; 0x214
 8004e3a:	f107 0014 	add.w	r0, r7, #20
 8004e3e:	681a      	ldr	r2, [r3, #0]
 8004e40:	f7ff fe3e 	bl	8004ac0 <vec_vec_mult>
 8004e44:	2300      	movs	r3, #0
 8004e46:	f8c7 3618 	str.w	r3, [r7, #1560]	; 0x618
 8004e4a:	e016      	b.n	8004e7a <cryptolab_smaug1_matrix_vec_mult_sub+0xfe>
 8004e4c:	f507 63c4 	add.w	r3, r7, #1568	; 0x620
 8004e50:	f2a3 630c 	subw	r3, r3, #1548	; 0x60c
 8004e54:	f8d7 2618 	ldr.w	r2, [r7, #1560]	; 0x618
 8004e58:	f933 3012 	ldrsh.w	r3, [r3, r2, lsl #1]
 8004e5c:	019b      	lsls	r3, r3, #6
 8004e5e:	b219      	sxth	r1, r3
 8004e60:	f507 63c4 	add.w	r3, r7, #1568	; 0x620
 8004e64:	f2a3 630c 	subw	r3, r3, #1548	; 0x60c
 8004e68:	f8d7 2618 	ldr.w	r2, [r7, #1560]	; 0x618
 8004e6c:	f823 1012 	strh.w	r1, [r3, r2, lsl #1]
 8004e70:	f8d7 3618 	ldr.w	r3, [r7, #1560]	; 0x618
 8004e74:	3301      	adds	r3, #1
 8004e76:	f8c7 3618 	str.w	r3, [r7, #1560]	; 0x618
 8004e7a:	f8d7 3618 	ldr.w	r3, [r7, #1560]	; 0x618
 8004e7e:	2bff      	cmp	r3, #255	; 0xff
 8004e80:	d9e4      	bls.n	8004e4c <cryptolab_smaug1_matrix_vec_mult_sub+0xd0>
 8004e82:	f507 63c4 	add.w	r3, r7, #1568	; 0x620
 8004e86:	f2a3 6214 	subw	r2, r3, #1556	; 0x614
 8004e8a:	f8d7 361c 	ldr.w	r3, [r7, #1564]	; 0x61c
 8004e8e:	025b      	lsls	r3, r3, #9
 8004e90:	6812      	ldr	r2, [r2, #0]
 8004e92:	18d0      	adds	r0, r2, r3
 8004e94:	f507 63c4 	add.w	r3, r7, #1568	; 0x620
 8004e98:	f2a3 6214 	subw	r2, r3, #1556	; 0x614
 8004e9c:	f8d7 361c 	ldr.w	r3, [r7, #1564]	; 0x61c
 8004ea0:	025b      	lsls	r3, r3, #9
 8004ea2:	6812      	ldr	r2, [r2, #0]
 8004ea4:	4413      	add	r3, r2
 8004ea6:	f107 0214 	add.w	r2, r7, #20
 8004eaa:	4619      	mov	r1, r3
 8004eac:	f7ff fde1 	bl	8004a72 <poly_sub>
 8004eb0:	f8d7 361c 	ldr.w	r3, [r7, #1564]	; 0x61c
 8004eb4:	3301      	adds	r3, #1
 8004eb6:	f8c7 361c 	str.w	r3, [r7, #1564]	; 0x61c
 8004eba:	f8d7 361c 	ldr.w	r3, [r7, #1564]	; 0x61c
 8004ebe:	2b01      	cmp	r3, #1
 8004ec0:	f67f af73 	bls.w	8004daa <cryptolab_smaug1_matrix_vec_mult_sub+0x2e>
 8004ec4:	bf00      	nop
 8004ec6:	bf00      	nop
 8004ec8:	f507 67c4 	add.w	r7, r7, #1568	; 0x620
 8004ecc:	46bd      	mov	sp, r7
 8004ece:	bd80      	pop	{r7, pc}

08004ed0 <karatsuba_simple>:
 8004ed0:	b580      	push	{r7, lr}
 8004ed2:	b0dc      	sub	sp, #368	; 0x170
 8004ed4:	af00      	add	r7, sp, #0
 8004ed6:	f507 73b8 	add.w	r3, r7, #368	; 0x170
 8004eda:	f5a3 73b2 	sub.w	r3, r3, #356	; 0x164
 8004ede:	6018      	str	r0, [r3, #0]
 8004ee0:	f507 73b8 	add.w	r3, r7, #368	; 0x170
 8004ee4:	f5a3 73b4 	sub.w	r3, r3, #360	; 0x168
 8004ee8:	6019      	str	r1, [r3, #0]
 8004eea:	f507 73b8 	add.w	r3, r7, #368	; 0x170
 8004eee:	f5a3 73b6 	sub.w	r3, r3, #364	; 0x16c
 8004ef2:	601a      	str	r2, [r3, #0]
 8004ef4:	f107 0314 	add.w	r3, r7, #20
 8004ef8:	227e      	movs	r2, #126	; 0x7e
 8004efa:	2100      	movs	r1, #0
 8004efc:	4618      	mov	r0, r3
 8004efe:	f002 f8c1 	bl	8007084 <memset>
 8004f02:	f507 738a 	add.w	r3, r7, #276	; 0x114
 8004f06:	223e      	movs	r2, #62	; 0x3e
 8004f08:	2100      	movs	r1, #0
 8004f0a:	4618      	mov	r0, r3
 8004f0c:	f002 f8ba 	bl	8007084 <memset>
 8004f10:	f107 03d4 	add.w	r3, r7, #212	; 0xd4
 8004f14:	223e      	movs	r2, #62	; 0x3e
 8004f16:	2100      	movs	r1, #0
 8004f18:	4618      	mov	r0, r3
 8004f1a:	f002 f8b3 	bl	8007084 <memset>
 8004f1e:	f107 0394 	add.w	r3, r7, #148	; 0x94
 8004f22:	223e      	movs	r2, #62	; 0x3e
 8004f24:	2100      	movs	r1, #0
 8004f26:	4618      	mov	r0, r3
 8004f28:	f002 f8ac 	bl	8007084 <memset>
 8004f2c:	f507 73b8 	add.w	r3, r7, #368	; 0x170
 8004f30:	f5a3 73b6 	sub.w	r3, r3, #364	; 0x16c
 8004f34:	22fe      	movs	r2, #254	; 0xfe
 8004f36:	2100      	movs	r1, #0
 8004f38:	6818      	ldr	r0, [r3, #0]
 8004f3a:	f002 f8a3 	bl	8007084 <memset>
 8004f3e:	2300      	movs	r3, #0
 8004f40:	f8c7 316c 	str.w	r3, [r7, #364]	; 0x16c
 8004f44:	e1ee      	b.n	8005324 <karatsuba_simple+0x454>
 8004f46:	f8d7 316c 	ldr.w	r3, [r7, #364]	; 0x16c
 8004f4a:	005b      	lsls	r3, r3, #1
 8004f4c:	f507 72b8 	add.w	r2, r7, #368	; 0x170
 8004f50:	f5a2 72b2 	sub.w	r2, r2, #356	; 0x164
 8004f54:	6812      	ldr	r2, [r2, #0]
 8004f56:	4413      	add	r3, r2
 8004f58:	881b      	ldrh	r3, [r3, #0]
 8004f5a:	f8a7 3166 	strh.w	r3, [r7, #358]	; 0x166
 8004f5e:	f8d7 316c 	ldr.w	r3, [r7, #364]	; 0x16c
 8004f62:	3310      	adds	r3, #16
 8004f64:	005b      	lsls	r3, r3, #1
 8004f66:	f507 72b8 	add.w	r2, r7, #368	; 0x170
 8004f6a:	f5a2 72b2 	sub.w	r2, r2, #356	; 0x164
 8004f6e:	6812      	ldr	r2, [r2, #0]
 8004f70:	4413      	add	r3, r2
 8004f72:	881b      	ldrh	r3, [r3, #0]
 8004f74:	f8a7 3164 	strh.w	r3, [r7, #356]	; 0x164
 8004f78:	f8d7 316c 	ldr.w	r3, [r7, #364]	; 0x16c
 8004f7c:	3320      	adds	r3, #32
 8004f7e:	005b      	lsls	r3, r3, #1
 8004f80:	f507 72b8 	add.w	r2, r7, #368	; 0x170
 8004f84:	f5a2 72b2 	sub.w	r2, r2, #356	; 0x164
 8004f88:	6812      	ldr	r2, [r2, #0]
 8004f8a:	4413      	add	r3, r2
 8004f8c:	881b      	ldrh	r3, [r3, #0]
 8004f8e:	f8a7 3162 	strh.w	r3, [r7, #354]	; 0x162
 8004f92:	f8d7 316c 	ldr.w	r3, [r7, #364]	; 0x16c
 8004f96:	3330      	adds	r3, #48	; 0x30
 8004f98:	005b      	lsls	r3, r3, #1
 8004f9a:	f507 72b8 	add.w	r2, r7, #368	; 0x170
 8004f9e:	f5a2 72b2 	sub.w	r2, r2, #356	; 0x164
 8004fa2:	6812      	ldr	r2, [r2, #0]
 8004fa4:	4413      	add	r3, r2
 8004fa6:	881b      	ldrh	r3, [r3, #0]
 8004fa8:	f8a7 3160 	strh.w	r3, [r7, #352]	; 0x160
 8004fac:	2300      	movs	r3, #0
 8004fae:	f8c7 3168 	str.w	r3, [r7, #360]	; 0x168
 8004fb2:	e1ad      	b.n	8005310 <karatsuba_simple+0x440>
 8004fb4:	f8d7 3168 	ldr.w	r3, [r7, #360]	; 0x168
 8004fb8:	005b      	lsls	r3, r3, #1
 8004fba:	f507 72b8 	add.w	r2, r7, #368	; 0x170
 8004fbe:	f5a2 72b4 	sub.w	r2, r2, #360	; 0x168
 8004fc2:	6812      	ldr	r2, [r2, #0]
 8004fc4:	4413      	add	r3, r2
 8004fc6:	881b      	ldrh	r3, [r3, #0]
 8004fc8:	f8a7 315e 	strh.w	r3, [r7, #350]	; 0x15e
 8004fcc:	f8d7 3168 	ldr.w	r3, [r7, #360]	; 0x168
 8004fd0:	3310      	adds	r3, #16
 8004fd2:	005b      	lsls	r3, r3, #1
 8004fd4:	f507 72b8 	add.w	r2, r7, #368	; 0x170
 8004fd8:	f5a2 72b4 	sub.w	r2, r2, #360	; 0x168
 8004fdc:	6812      	ldr	r2, [r2, #0]
 8004fde:	4413      	add	r3, r2
 8004fe0:	881b      	ldrh	r3, [r3, #0]
 8004fe2:	f8a7 315c 	strh.w	r3, [r7, #348]	; 0x15c
 8004fe6:	f8d7 216c 	ldr.w	r2, [r7, #364]	; 0x16c
 8004fea:	f8d7 3168 	ldr.w	r3, [r7, #360]	; 0x168
 8004fee:	4413      	add	r3, r2
 8004ff0:	005b      	lsls	r3, r3, #1
 8004ff2:	f507 72b8 	add.w	r2, r7, #368	; 0x170
 8004ff6:	f5a2 72b6 	sub.w	r2, r2, #364	; 0x16c
 8004ffa:	6812      	ldr	r2, [r2, #0]
 8004ffc:	4413      	add	r3, r2
 8004ffe:	8819      	ldrh	r1, [r3, #0]
 8005000:	f8b7 2166 	ldrh.w	r2, [r7, #358]	; 0x166
 8005004:	f8b7 315e 	ldrh.w	r3, [r7, #350]	; 0x15e
 8005008:	fb12 f303 	smulbb	r3, r2, r3
 800500c:	b29a      	uxth	r2, r3
 800500e:	f8d7 016c 	ldr.w	r0, [r7, #364]	; 0x16c
 8005012:	f8d7 3168 	ldr.w	r3, [r7, #360]	; 0x168
 8005016:	4403      	add	r3, r0
 8005018:	005b      	lsls	r3, r3, #1
 800501a:	f507 70b8 	add.w	r0, r7, #368	; 0x170
 800501e:	f5a0 70b6 	sub.w	r0, r0, #364	; 0x16c
 8005022:	6800      	ldr	r0, [r0, #0]
 8005024:	4403      	add	r3, r0
 8005026:	440a      	add	r2, r1
 8005028:	b292      	uxth	r2, r2
 800502a:	801a      	strh	r2, [r3, #0]
 800502c:	f8d7 216c 	ldr.w	r2, [r7, #364]	; 0x16c
 8005030:	f8d7 3168 	ldr.w	r3, [r7, #360]	; 0x168
 8005034:	4413      	add	r3, r2
 8005036:	3320      	adds	r3, #32
 8005038:	005b      	lsls	r3, r3, #1
 800503a:	f507 72b8 	add.w	r2, r7, #368	; 0x170
 800503e:	f5a2 72b6 	sub.w	r2, r2, #364	; 0x16c
 8005042:	6812      	ldr	r2, [r2, #0]
 8005044:	4413      	add	r3, r2
 8005046:	8819      	ldrh	r1, [r3, #0]
 8005048:	f8b7 2164 	ldrh.w	r2, [r7, #356]	; 0x164
 800504c:	f8b7 315c 	ldrh.w	r3, [r7, #348]	; 0x15c
 8005050:	fb12 f303 	smulbb	r3, r2, r3
 8005054:	b29a      	uxth	r2, r3
 8005056:	f8d7 016c 	ldr.w	r0, [r7, #364]	; 0x16c
 800505a:	f8d7 3168 	ldr.w	r3, [r7, #360]	; 0x168
 800505e:	4403      	add	r3, r0
 8005060:	3320      	adds	r3, #32
 8005062:	005b      	lsls	r3, r3, #1
 8005064:	f507 70b8 	add.w	r0, r7, #368	; 0x170
 8005068:	f5a0 70b6 	sub.w	r0, r0, #364	; 0x16c
 800506c:	6800      	ldr	r0, [r0, #0]
 800506e:	4403      	add	r3, r0
 8005070:	440a      	add	r2, r1
 8005072:	b292      	uxth	r2, r2
 8005074:	801a      	strh	r2, [r3, #0]
 8005076:	f8b7 215e 	ldrh.w	r2, [r7, #350]	; 0x15e
 800507a:	f8b7 315c 	ldrh.w	r3, [r7, #348]	; 0x15c
 800507e:	4413      	add	r3, r2
 8005080:	f8a7 315a 	strh.w	r3, [r7, #346]	; 0x15a
 8005084:	f8b7 2166 	ldrh.w	r2, [r7, #358]	; 0x166
 8005088:	f8b7 3164 	ldrh.w	r3, [r7, #356]	; 0x164
 800508c:	4413      	add	r3, r2
 800508e:	f8a7 3158 	strh.w	r3, [r7, #344]	; 0x158
 8005092:	f8d7 216c 	ldr.w	r2, [r7, #364]	; 0x16c
 8005096:	f8d7 3168 	ldr.w	r3, [r7, #360]	; 0x168
 800509a:	4413      	add	r3, r2
 800509c:	005b      	lsls	r3, r3, #1
 800509e:	f503 73b8 	add.w	r3, r3, #368	; 0x170
 80050a2:	443b      	add	r3, r7
 80050a4:	f833 1c5c 	ldrh.w	r1, [r3, #-92]
 80050a8:	f8b7 215a 	ldrh.w	r2, [r7, #346]	; 0x15a
 80050ac:	f8b7 3158 	ldrh.w	r3, [r7, #344]	; 0x158
 80050b0:	fb12 f303 	smulbb	r3, r2, r3
 80050b4:	b29a      	uxth	r2, r3
 80050b6:	f8d7 016c 	ldr.w	r0, [r7, #364]	; 0x16c
 80050ba:	f8d7 3168 	ldr.w	r3, [r7, #360]	; 0x168
 80050be:	4403      	add	r3, r0
 80050c0:	440a      	add	r2, r1
 80050c2:	b292      	uxth	r2, r2
 80050c4:	005b      	lsls	r3, r3, #1
 80050c6:	f503 73b8 	add.w	r3, r3, #368	; 0x170
 80050ca:	443b      	add	r3, r7
 80050cc:	f823 2c5c 	strh.w	r2, [r3, #-92]
 80050d0:	f8d7 3168 	ldr.w	r3, [r7, #360]	; 0x168
 80050d4:	3320      	adds	r3, #32
 80050d6:	005b      	lsls	r3, r3, #1
 80050d8:	f507 72b8 	add.w	r2, r7, #368	; 0x170
 80050dc:	f5a2 72b4 	sub.w	r2, r2, #360	; 0x168
 80050e0:	6812      	ldr	r2, [r2, #0]
 80050e2:	4413      	add	r3, r2
 80050e4:	881b      	ldrh	r3, [r3, #0]
 80050e6:	f8a7 315a 	strh.w	r3, [r7, #346]	; 0x15a
 80050ea:	f8d7 3168 	ldr.w	r3, [r7, #360]	; 0x168
 80050ee:	3330      	adds	r3, #48	; 0x30
 80050f0:	005b      	lsls	r3, r3, #1
 80050f2:	f507 72b8 	add.w	r2, r7, #368	; 0x170
 80050f6:	f5a2 72b4 	sub.w	r2, r2, #360	; 0x168
 80050fa:	6812      	ldr	r2, [r2, #0]
 80050fc:	4413      	add	r3, r2
 80050fe:	881b      	ldrh	r3, [r3, #0]
 8005100:	f8a7 3158 	strh.w	r3, [r7, #344]	; 0x158
 8005104:	f8d7 216c 	ldr.w	r2, [r7, #364]	; 0x16c
 8005108:	f8d7 3168 	ldr.w	r3, [r7, #360]	; 0x168
 800510c:	4413      	add	r3, r2
 800510e:	3340      	adds	r3, #64	; 0x40
 8005110:	005b      	lsls	r3, r3, #1
 8005112:	f507 72b8 	add.w	r2, r7, #368	; 0x170
 8005116:	f5a2 72b6 	sub.w	r2, r2, #364	; 0x16c
 800511a:	6812      	ldr	r2, [r2, #0]
 800511c:	4413      	add	r3, r2
 800511e:	8819      	ldrh	r1, [r3, #0]
 8005120:	f8b7 215a 	ldrh.w	r2, [r7, #346]	; 0x15a
 8005124:	f8b7 3162 	ldrh.w	r3, [r7, #354]	; 0x162
 8005128:	fb12 f303 	smulbb	r3, r2, r3
 800512c:	b29a      	uxth	r2, r3
 800512e:	f8d7 016c 	ldr.w	r0, [r7, #364]	; 0x16c
 8005132:	f8d7 3168 	ldr.w	r3, [r7, #360]	; 0x168
 8005136:	4403      	add	r3, r0
 8005138:	3340      	adds	r3, #64	; 0x40
 800513a:	005b      	lsls	r3, r3, #1
 800513c:	f507 70b8 	add.w	r0, r7, #368	; 0x170
 8005140:	f5a0 70b6 	sub.w	r0, r0, #364	; 0x16c
 8005144:	6800      	ldr	r0, [r0, #0]
 8005146:	4403      	add	r3, r0
 8005148:	440a      	add	r2, r1
 800514a:	b292      	uxth	r2, r2
 800514c:	801a      	strh	r2, [r3, #0]
 800514e:	f8d7 216c 	ldr.w	r2, [r7, #364]	; 0x16c
 8005152:	f8d7 3168 	ldr.w	r3, [r7, #360]	; 0x168
 8005156:	4413      	add	r3, r2
 8005158:	3360      	adds	r3, #96	; 0x60
 800515a:	005b      	lsls	r3, r3, #1
 800515c:	f507 72b8 	add.w	r2, r7, #368	; 0x170
 8005160:	f5a2 72b6 	sub.w	r2, r2, #364	; 0x16c
 8005164:	6812      	ldr	r2, [r2, #0]
 8005166:	4413      	add	r3, r2
 8005168:	8819      	ldrh	r1, [r3, #0]
 800516a:	f8b7 2158 	ldrh.w	r2, [r7, #344]	; 0x158
 800516e:	f8b7 3160 	ldrh.w	r3, [r7, #352]	; 0x160
 8005172:	fb12 f303 	smulbb	r3, r2, r3
 8005176:	b29a      	uxth	r2, r3
 8005178:	f8d7 016c 	ldr.w	r0, [r7, #364]	; 0x16c
 800517c:	f8d7 3168 	ldr.w	r3, [r7, #360]	; 0x168
 8005180:	4403      	add	r3, r0
 8005182:	3360      	adds	r3, #96	; 0x60
 8005184:	005b      	lsls	r3, r3, #1
 8005186:	f507 70b8 	add.w	r0, r7, #368	; 0x170
 800518a:	f5a0 70b6 	sub.w	r0, r0, #364	; 0x16c
 800518e:	6800      	ldr	r0, [r0, #0]
 8005190:	4403      	add	r3, r0
 8005192:	440a      	add	r2, r1
 8005194:	b292      	uxth	r2, r2
 8005196:	801a      	strh	r2, [r3, #0]
 8005198:	f8b7 2162 	ldrh.w	r2, [r7, #354]	; 0x162
 800519c:	f8b7 3160 	ldrh.w	r3, [r7, #352]	; 0x160
 80051a0:	4413      	add	r3, r2
 80051a2:	f8a7 3156 	strh.w	r3, [r7, #342]	; 0x156
 80051a6:	f8b7 215a 	ldrh.w	r2, [r7, #346]	; 0x15a
 80051aa:	f8b7 3158 	ldrh.w	r3, [r7, #344]	; 0x158
 80051ae:	4413      	add	r3, r2
 80051b0:	f8a7 3154 	strh.w	r3, [r7, #340]	; 0x154
 80051b4:	f8d7 216c 	ldr.w	r2, [r7, #364]	; 0x16c
 80051b8:	f8d7 3168 	ldr.w	r3, [r7, #360]	; 0x168
 80051bc:	4413      	add	r3, r2
 80051be:	005b      	lsls	r3, r3, #1
 80051c0:	f503 73b8 	add.w	r3, r3, #368	; 0x170
 80051c4:	443b      	add	r3, r7
 80051c6:	f833 1cdc 	ldrh.w	r1, [r3, #-220]
 80051ca:	f8b7 2156 	ldrh.w	r2, [r7, #342]	; 0x156
 80051ce:	f8b7 3154 	ldrh.w	r3, [r7, #340]	; 0x154
 80051d2:	fb12 f303 	smulbb	r3, r2, r3
 80051d6:	b29a      	uxth	r2, r3
 80051d8:	f8d7 016c 	ldr.w	r0, [r7, #364]	; 0x16c
 80051dc:	f8d7 3168 	ldr.w	r3, [r7, #360]	; 0x168
 80051e0:	4403      	add	r3, r0
 80051e2:	440a      	add	r2, r1
 80051e4:	b292      	uxth	r2, r2
 80051e6:	005b      	lsls	r3, r3, #1
 80051e8:	f503 73b8 	add.w	r3, r3, #368	; 0x170
 80051ec:	443b      	add	r3, r7
 80051ee:	f823 2cdc 	strh.w	r2, [r3, #-220]
 80051f2:	f8b7 215e 	ldrh.w	r2, [r7, #350]	; 0x15e
 80051f6:	f8b7 315a 	ldrh.w	r3, [r7, #346]	; 0x15a
 80051fa:	4413      	add	r3, r2
 80051fc:	f8a7 315e 	strh.w	r3, [r7, #350]	; 0x15e
 8005200:	f8b7 2166 	ldrh.w	r2, [r7, #358]	; 0x166
 8005204:	f8b7 3162 	ldrh.w	r3, [r7, #354]	; 0x162
 8005208:	4413      	add	r3, r2
 800520a:	f8a7 315a 	strh.w	r3, [r7, #346]	; 0x15a
 800520e:	f8d7 216c 	ldr.w	r2, [r7, #364]	; 0x16c
 8005212:	f8d7 3168 	ldr.w	r3, [r7, #360]	; 0x168
 8005216:	441a      	add	r2, r3
 8005218:	f507 73b8 	add.w	r3, r7, #368	; 0x170
 800521c:	f5a3 73ae 	sub.w	r3, r3, #348	; 0x15c
 8005220:	f833 1012 	ldrh.w	r1, [r3, r2, lsl #1]
 8005224:	f8b7 215e 	ldrh.w	r2, [r7, #350]	; 0x15e
 8005228:	f8b7 315a 	ldrh.w	r3, [r7, #346]	; 0x15a
 800522c:	fb12 f303 	smulbb	r3, r2, r3
 8005230:	b29b      	uxth	r3, r3
 8005232:	f8d7 016c 	ldr.w	r0, [r7, #364]	; 0x16c
 8005236:	f8d7 2168 	ldr.w	r2, [r7, #360]	; 0x168
 800523a:	4402      	add	r2, r0
 800523c:	440b      	add	r3, r1
 800523e:	b299      	uxth	r1, r3
 8005240:	f507 73b8 	add.w	r3, r7, #368	; 0x170
 8005244:	f5a3 73ae 	sub.w	r3, r3, #348	; 0x15c
 8005248:	f823 1012 	strh.w	r1, [r3, r2, lsl #1]
 800524c:	f8b7 215c 	ldrh.w	r2, [r7, #348]	; 0x15c
 8005250:	f8b7 3158 	ldrh.w	r3, [r7, #344]	; 0x158
 8005254:	4413      	add	r3, r2
 8005256:	f8a7 315c 	strh.w	r3, [r7, #348]	; 0x15c
 800525a:	f8b7 2164 	ldrh.w	r2, [r7, #356]	; 0x164
 800525e:	f8b7 3160 	ldrh.w	r3, [r7, #352]	; 0x160
 8005262:	4413      	add	r3, r2
 8005264:	f8a7 3158 	strh.w	r3, [r7, #344]	; 0x158
 8005268:	f8d7 216c 	ldr.w	r2, [r7, #364]	; 0x16c
 800526c:	f8d7 3168 	ldr.w	r3, [r7, #360]	; 0x168
 8005270:	4413      	add	r3, r2
 8005272:	f103 0220 	add.w	r2, r3, #32
 8005276:	f507 73b8 	add.w	r3, r7, #368	; 0x170
 800527a:	f5a3 73ae 	sub.w	r3, r3, #348	; 0x15c
 800527e:	f833 1012 	ldrh.w	r1, [r3, r2, lsl #1]
 8005282:	f8b7 215c 	ldrh.w	r2, [r7, #348]	; 0x15c
 8005286:	f8b7 3158 	ldrh.w	r3, [r7, #344]	; 0x158
 800528a:	fb12 f303 	smulbb	r3, r2, r3
 800528e:	b29b      	uxth	r3, r3
 8005290:	f8d7 016c 	ldr.w	r0, [r7, #364]	; 0x16c
 8005294:	f8d7 2168 	ldr.w	r2, [r7, #360]	; 0x168
 8005298:	4402      	add	r2, r0
 800529a:	3220      	adds	r2, #32
 800529c:	440b      	add	r3, r1
 800529e:	b299      	uxth	r1, r3
 80052a0:	f507 73b8 	add.w	r3, r7, #368	; 0x170
 80052a4:	f5a3 73ae 	sub.w	r3, r3, #348	; 0x15c
 80052a8:	f823 1012 	strh.w	r1, [r3, r2, lsl #1]
 80052ac:	f8b7 215e 	ldrh.w	r2, [r7, #350]	; 0x15e
 80052b0:	f8b7 315c 	ldrh.w	r3, [r7, #348]	; 0x15c
 80052b4:	4413      	add	r3, r2
 80052b6:	f8a7 315e 	strh.w	r3, [r7, #350]	; 0x15e
 80052ba:	f8b7 215a 	ldrh.w	r2, [r7, #346]	; 0x15a
 80052be:	f8b7 3158 	ldrh.w	r3, [r7, #344]	; 0x158
 80052c2:	4413      	add	r3, r2
 80052c4:	f8a7 315a 	strh.w	r3, [r7, #346]	; 0x15a
 80052c8:	f8d7 216c 	ldr.w	r2, [r7, #364]	; 0x16c
 80052cc:	f8d7 3168 	ldr.w	r3, [r7, #360]	; 0x168
 80052d0:	4413      	add	r3, r2
 80052d2:	005b      	lsls	r3, r3, #1
 80052d4:	f503 73b8 	add.w	r3, r3, #368	; 0x170
 80052d8:	443b      	add	r3, r7
 80052da:	f833 1c9c 	ldrh.w	r1, [r3, #-156]
 80052de:	f8b7 215e 	ldrh.w	r2, [r7, #350]	; 0x15e
 80052e2:	f8b7 315a 	ldrh.w	r3, [r7, #346]	; 0x15a
 80052e6:	fb12 f303 	smulbb	r3, r2, r3
 80052ea:	b29a      	uxth	r2, r3
 80052ec:	f8d7 016c 	ldr.w	r0, [r7, #364]	; 0x16c
 80052f0:	f8d7 3168 	ldr.w	r3, [r7, #360]	; 0x168
 80052f4:	4403      	add	r3, r0
 80052f6:	440a      	add	r2, r1
 80052f8:	b292      	uxth	r2, r2
 80052fa:	005b      	lsls	r3, r3, #1
 80052fc:	f503 73b8 	add.w	r3, r3, #368	; 0x170
 8005300:	443b      	add	r3, r7
 8005302:	f823 2c9c 	strh.w	r2, [r3, #-156]
 8005306:	f8d7 3168 	ldr.w	r3, [r7, #360]	; 0x168
 800530a:	3301      	adds	r3, #1
 800530c:	f8c7 3168 	str.w	r3, [r7, #360]	; 0x168
 8005310:	f8d7 3168 	ldr.w	r3, [r7, #360]	; 0x168
 8005314:	2b0f      	cmp	r3, #15
 8005316:	f77f ae4d 	ble.w	8004fb4 <karatsuba_simple+0xe4>
 800531a:	f8d7 316c 	ldr.w	r3, [r7, #364]	; 0x16c
 800531e:	3301      	adds	r3, #1
 8005320:	f8c7 316c 	str.w	r3, [r7, #364]	; 0x16c
 8005324:	f8d7 316c 	ldr.w	r3, [r7, #364]	; 0x16c
 8005328:	2b0f      	cmp	r3, #15
 800532a:	f77f ae0c 	ble.w	8004f46 <karatsuba_simple+0x76>
 800532e:	2300      	movs	r3, #0
 8005330:	f8c7 316c 	str.w	r3, [r7, #364]	; 0x16c
 8005334:	e07d      	b.n	8005432 <karatsuba_simple+0x562>
 8005336:	f8d7 316c 	ldr.w	r3, [r7, #364]	; 0x16c
 800533a:	005b      	lsls	r3, r3, #1
 800533c:	f503 73b8 	add.w	r3, r3, #368	; 0x170
 8005340:	443b      	add	r3, r7
 8005342:	f833 2c9c 	ldrh.w	r2, [r3, #-156]
 8005346:	f507 73b8 	add.w	r3, r7, #368	; 0x170
 800534a:	f5a3 73ae 	sub.w	r3, r3, #348	; 0x15c
 800534e:	f8d7 116c 	ldr.w	r1, [r7, #364]	; 0x16c
 8005352:	f833 3011 	ldrh.w	r3, [r3, r1, lsl #1]
 8005356:	1ad3      	subs	r3, r2, r3
 8005358:	b29a      	uxth	r2, r3
 800535a:	f8d7 316c 	ldr.w	r3, [r7, #364]	; 0x16c
 800535e:	f103 0120 	add.w	r1, r3, #32
 8005362:	f507 73b8 	add.w	r3, r7, #368	; 0x170
 8005366:	f5a3 73ae 	sub.w	r3, r3, #348	; 0x15c
 800536a:	f833 3011 	ldrh.w	r3, [r3, r1, lsl #1]
 800536e:	1ad3      	subs	r3, r2, r3
 8005370:	b29a      	uxth	r2, r3
 8005372:	f8d7 316c 	ldr.w	r3, [r7, #364]	; 0x16c
 8005376:	005b      	lsls	r3, r3, #1
 8005378:	f503 73b8 	add.w	r3, r3, #368	; 0x170
 800537c:	443b      	add	r3, r7
 800537e:	f823 2c9c 	strh.w	r2, [r3, #-156]
 8005382:	f8d7 316c 	ldr.w	r3, [r7, #364]	; 0x16c
 8005386:	005b      	lsls	r3, r3, #1
 8005388:	f503 73b8 	add.w	r3, r3, #368	; 0x170
 800538c:	443b      	add	r3, r7
 800538e:	f833 2c5c 	ldrh.w	r2, [r3, #-92]
 8005392:	f8d7 316c 	ldr.w	r3, [r7, #364]	; 0x16c
 8005396:	005b      	lsls	r3, r3, #1
 8005398:	f507 71b8 	add.w	r1, r7, #368	; 0x170
 800539c:	f5a1 71b6 	sub.w	r1, r1, #364	; 0x16c
 80053a0:	6809      	ldr	r1, [r1, #0]
 80053a2:	440b      	add	r3, r1
 80053a4:	881b      	ldrh	r3, [r3, #0]
 80053a6:	1ad3      	subs	r3, r2, r3
 80053a8:	b29a      	uxth	r2, r3
 80053aa:	f8d7 316c 	ldr.w	r3, [r7, #364]	; 0x16c
 80053ae:	3320      	adds	r3, #32
 80053b0:	005b      	lsls	r3, r3, #1
 80053b2:	f507 71b8 	add.w	r1, r7, #368	; 0x170
 80053b6:	f5a1 71b6 	sub.w	r1, r1, #364	; 0x16c
 80053ba:	6809      	ldr	r1, [r1, #0]
 80053bc:	440b      	add	r3, r1
 80053be:	881b      	ldrh	r3, [r3, #0]
 80053c0:	1ad3      	subs	r3, r2, r3
 80053c2:	b29a      	uxth	r2, r3
 80053c4:	f8d7 316c 	ldr.w	r3, [r7, #364]	; 0x16c
 80053c8:	005b      	lsls	r3, r3, #1
 80053ca:	f503 73b8 	add.w	r3, r3, #368	; 0x170
 80053ce:	443b      	add	r3, r7
 80053d0:	f823 2c5c 	strh.w	r2, [r3, #-92]
 80053d4:	f8d7 316c 	ldr.w	r3, [r7, #364]	; 0x16c
 80053d8:	005b      	lsls	r3, r3, #1
 80053da:	f503 73b8 	add.w	r3, r3, #368	; 0x170
 80053de:	443b      	add	r3, r7
 80053e0:	f833 2cdc 	ldrh.w	r2, [r3, #-220]
 80053e4:	f8d7 316c 	ldr.w	r3, [r7, #364]	; 0x16c
 80053e8:	3340      	adds	r3, #64	; 0x40
 80053ea:	005b      	lsls	r3, r3, #1
 80053ec:	f507 71b8 	add.w	r1, r7, #368	; 0x170
 80053f0:	f5a1 71b6 	sub.w	r1, r1, #364	; 0x16c
 80053f4:	6809      	ldr	r1, [r1, #0]
 80053f6:	440b      	add	r3, r1
 80053f8:	881b      	ldrh	r3, [r3, #0]
 80053fa:	1ad3      	subs	r3, r2, r3
 80053fc:	b29a      	uxth	r2, r3
 80053fe:	f8d7 316c 	ldr.w	r3, [r7, #364]	; 0x16c
 8005402:	3360      	adds	r3, #96	; 0x60
 8005404:	005b      	lsls	r3, r3, #1
 8005406:	f507 71b8 	add.w	r1, r7, #368	; 0x170
 800540a:	f5a1 71b6 	sub.w	r1, r1, #364	; 0x16c
 800540e:	6809      	ldr	r1, [r1, #0]
 8005410:	440b      	add	r3, r1
 8005412:	881b      	ldrh	r3, [r3, #0]
 8005414:	1ad3      	subs	r3, r2, r3
 8005416:	b29a      	uxth	r2, r3
 8005418:	f8d7 316c 	ldr.w	r3, [r7, #364]	; 0x16c
 800541c:	005b      	lsls	r3, r3, #1
 800541e:	f503 73b8 	add.w	r3, r3, #368	; 0x170
 8005422:	443b      	add	r3, r7
 8005424:	f823 2cdc 	strh.w	r2, [r3, #-220]
 8005428:	f8d7 316c 	ldr.w	r3, [r7, #364]	; 0x16c
 800542c:	3301      	adds	r3, #1
 800542e:	f8c7 316c 	str.w	r3, [r7, #364]	; 0x16c
 8005432:	f8d7 316c 	ldr.w	r3, [r7, #364]	; 0x16c
 8005436:	2b1e      	cmp	r3, #30
 8005438:	f77f af7d 	ble.w	8005336 <karatsuba_simple+0x466>
 800543c:	2300      	movs	r3, #0
 800543e:	f8c7 316c 	str.w	r3, [r7, #364]	; 0x16c
 8005442:	e061      	b.n	8005508 <karatsuba_simple+0x638>
 8005444:	f8d7 316c 	ldr.w	r3, [r7, #364]	; 0x16c
 8005448:	f103 0210 	add.w	r2, r3, #16
 800544c:	f507 73b8 	add.w	r3, r7, #368	; 0x170
 8005450:	f5a3 73ae 	sub.w	r3, r3, #348	; 0x15c
 8005454:	f833 1012 	ldrh.w	r1, [r3, r2, lsl #1]
 8005458:	f8d7 316c 	ldr.w	r3, [r7, #364]	; 0x16c
 800545c:	005b      	lsls	r3, r3, #1
 800545e:	f503 73b8 	add.w	r3, r3, #368	; 0x170
 8005462:	443b      	add	r3, r7
 8005464:	f833 3c9c 	ldrh.w	r3, [r3, #-156]
 8005468:	f8d7 216c 	ldr.w	r2, [r7, #364]	; 0x16c
 800546c:	3210      	adds	r2, #16
 800546e:	440b      	add	r3, r1
 8005470:	b299      	uxth	r1, r3
 8005472:	f507 73b8 	add.w	r3, r7, #368	; 0x170
 8005476:	f5a3 73ae 	sub.w	r3, r3, #348	; 0x15c
 800547a:	f823 1012 	strh.w	r1, [r3, r2, lsl #1]
 800547e:	f8d7 316c 	ldr.w	r3, [r7, #364]	; 0x16c
 8005482:	3310      	adds	r3, #16
 8005484:	005b      	lsls	r3, r3, #1
 8005486:	f507 72b8 	add.w	r2, r7, #368	; 0x170
 800548a:	f5a2 72b6 	sub.w	r2, r2, #364	; 0x16c
 800548e:	6812      	ldr	r2, [r2, #0]
 8005490:	4413      	add	r3, r2
 8005492:	8819      	ldrh	r1, [r3, #0]
 8005494:	f8d7 316c 	ldr.w	r3, [r7, #364]	; 0x16c
 8005498:	005b      	lsls	r3, r3, #1
 800549a:	f503 73b8 	add.w	r3, r3, #368	; 0x170
 800549e:	443b      	add	r3, r7
 80054a0:	f833 2c5c 	ldrh.w	r2, [r3, #-92]
 80054a4:	f8d7 316c 	ldr.w	r3, [r7, #364]	; 0x16c
 80054a8:	3310      	adds	r3, #16
 80054aa:	005b      	lsls	r3, r3, #1
 80054ac:	f507 70b8 	add.w	r0, r7, #368	; 0x170
 80054b0:	f5a0 70b6 	sub.w	r0, r0, #364	; 0x16c
 80054b4:	6800      	ldr	r0, [r0, #0]
 80054b6:	4403      	add	r3, r0
 80054b8:	440a      	add	r2, r1
 80054ba:	b292      	uxth	r2, r2
 80054bc:	801a      	strh	r2, [r3, #0]
 80054be:	f8d7 316c 	ldr.w	r3, [r7, #364]	; 0x16c
 80054c2:	3350      	adds	r3, #80	; 0x50
 80054c4:	005b      	lsls	r3, r3, #1
 80054c6:	f507 72b8 	add.w	r2, r7, #368	; 0x170
 80054ca:	f5a2 72b6 	sub.w	r2, r2, #364	; 0x16c
 80054ce:	6812      	ldr	r2, [r2, #0]
 80054d0:	4413      	add	r3, r2
 80054d2:	8819      	ldrh	r1, [r3, #0]
 80054d4:	f8d7 316c 	ldr.w	r3, [r7, #364]	; 0x16c
 80054d8:	005b      	lsls	r3, r3, #1
 80054da:	f503 73b8 	add.w	r3, r3, #368	; 0x170
 80054de:	443b      	add	r3, r7
 80054e0:	f833 2cdc 	ldrh.w	r2, [r3, #-220]
 80054e4:	f8d7 316c 	ldr.w	r3, [r7, #364]	; 0x16c
 80054e8:	3350      	adds	r3, #80	; 0x50
 80054ea:	005b      	lsls	r3, r3, #1
 80054ec:	f507 70b8 	add.w	r0, r7, #368	; 0x170
 80054f0:	f5a0 70b6 	sub.w	r0, r0, #364	; 0x16c
 80054f4:	6800      	ldr	r0, [r0, #0]
 80054f6:	4403      	add	r3, r0
 80054f8:	440a      	add	r2, r1
 80054fa:	b292      	uxth	r2, r2
 80054fc:	801a      	strh	r2, [r3, #0]
 80054fe:	f8d7 316c 	ldr.w	r3, [r7, #364]	; 0x16c
 8005502:	3301      	adds	r3, #1
 8005504:	f8c7 316c 	str.w	r3, [r7, #364]	; 0x16c
 8005508:	f8d7 316c 	ldr.w	r3, [r7, #364]	; 0x16c
 800550c:	2b1e      	cmp	r3, #30
 800550e:	dd99      	ble.n	8005444 <karatsuba_simple+0x574>
 8005510:	2300      	movs	r3, #0
 8005512:	f8c7 316c 	str.w	r3, [r7, #364]	; 0x16c
 8005516:	e02d      	b.n	8005574 <karatsuba_simple+0x6a4>
 8005518:	f507 73b8 	add.w	r3, r7, #368	; 0x170
 800551c:	f5a3 73ae 	sub.w	r3, r3, #348	; 0x15c
 8005520:	f8d7 216c 	ldr.w	r2, [r7, #364]	; 0x16c
 8005524:	f833 2012 	ldrh.w	r2, [r3, r2, lsl #1]
 8005528:	f8d7 316c 	ldr.w	r3, [r7, #364]	; 0x16c
 800552c:	005b      	lsls	r3, r3, #1
 800552e:	f507 71b8 	add.w	r1, r7, #368	; 0x170
 8005532:	f5a1 71b6 	sub.w	r1, r1, #364	; 0x16c
 8005536:	6809      	ldr	r1, [r1, #0]
 8005538:	440b      	add	r3, r1
 800553a:	881b      	ldrh	r3, [r3, #0]
 800553c:	1ad3      	subs	r3, r2, r3
 800553e:	b29a      	uxth	r2, r3
 8005540:	f8d7 316c 	ldr.w	r3, [r7, #364]	; 0x16c
 8005544:	3340      	adds	r3, #64	; 0x40
 8005546:	005b      	lsls	r3, r3, #1
 8005548:	f507 71b8 	add.w	r1, r7, #368	; 0x170
 800554c:	f5a1 71b6 	sub.w	r1, r1, #364	; 0x16c
 8005550:	6809      	ldr	r1, [r1, #0]
 8005552:	440b      	add	r3, r1
 8005554:	881b      	ldrh	r3, [r3, #0]
 8005556:	1ad3      	subs	r3, r2, r3
 8005558:	b299      	uxth	r1, r3
 800555a:	f507 73b8 	add.w	r3, r7, #368	; 0x170
 800555e:	f5a3 73ae 	sub.w	r3, r3, #348	; 0x15c
 8005562:	f8d7 216c 	ldr.w	r2, [r7, #364]	; 0x16c
 8005566:	f823 1012 	strh.w	r1, [r3, r2, lsl #1]
 800556a:	f8d7 316c 	ldr.w	r3, [r7, #364]	; 0x16c
 800556e:	3301      	adds	r3, #1
 8005570:	f8c7 316c 	str.w	r3, [r7, #364]	; 0x16c
 8005574:	f8d7 316c 	ldr.w	r3, [r7, #364]	; 0x16c
 8005578:	2b3e      	cmp	r3, #62	; 0x3e
 800557a:	ddcd      	ble.n	8005518 <karatsuba_simple+0x648>
 800557c:	2300      	movs	r3, #0
 800557e:	f8c7 316c 	str.w	r3, [r7, #364]	; 0x16c
 8005582:	e024      	b.n	80055ce <karatsuba_simple+0x6fe>
 8005584:	f8d7 316c 	ldr.w	r3, [r7, #364]	; 0x16c
 8005588:	3320      	adds	r3, #32
 800558a:	005b      	lsls	r3, r3, #1
 800558c:	f507 72b8 	add.w	r2, r7, #368	; 0x170
 8005590:	f5a2 72b6 	sub.w	r2, r2, #364	; 0x16c
 8005594:	6812      	ldr	r2, [r2, #0]
 8005596:	4413      	add	r3, r2
 8005598:	8819      	ldrh	r1, [r3, #0]
 800559a:	f507 73b8 	add.w	r3, r7, #368	; 0x170
 800559e:	f5a3 73ae 	sub.w	r3, r3, #348	; 0x15c
 80055a2:	f8d7 216c 	ldr.w	r2, [r7, #364]	; 0x16c
 80055a6:	f833 2012 	ldrh.w	r2, [r3, r2, lsl #1]
 80055aa:	f8d7 316c 	ldr.w	r3, [r7, #364]	; 0x16c
 80055ae:	3320      	adds	r3, #32
 80055b0:	005b      	lsls	r3, r3, #1
 80055b2:	f507 70b8 	add.w	r0, r7, #368	; 0x170
 80055b6:	f5a0 70b6 	sub.w	r0, r0, #364	; 0x16c
 80055ba:	6800      	ldr	r0, [r0, #0]
 80055bc:	4403      	add	r3, r0
 80055be:	440a      	add	r2, r1
 80055c0:	b292      	uxth	r2, r2
 80055c2:	801a      	strh	r2, [r3, #0]
 80055c4:	f8d7 316c 	ldr.w	r3, [r7, #364]	; 0x16c
 80055c8:	3301      	adds	r3, #1
 80055ca:	f8c7 316c 	str.w	r3, [r7, #364]	; 0x16c
 80055ce:	f8d7 316c 	ldr.w	r3, [r7, #364]	; 0x16c
 80055d2:	2b3e      	cmp	r3, #62	; 0x3e
 80055d4:	ddd6      	ble.n	8005584 <karatsuba_simple+0x6b4>
 80055d6:	bf00      	nop
 80055d8:	bf00      	nop
 80055da:	f507 77b8 	add.w	r7, r7, #368	; 0x170
 80055de:	46bd      	mov	sp, r7
 80055e0:	bd80      	pop	{r7, pc}

080055e2 <toom_cook_4way>:
 80055e2:	b580      	push	{r7, lr}
 80055e4:	f6ad 6d58 	subw	sp, sp, #3672	; 0xe58
 80055e8:	af00      	add	r7, sp, #0
 80055ea:	f607 6358 	addw	r3, r7, #3672	; 0xe58
 80055ee:	f6a3 634c 	subw	r3, r3, #3660	; 0xe4c
 80055f2:	6018      	str	r0, [r3, #0]
 80055f4:	f607 6358 	addw	r3, r7, #3672	; 0xe58
 80055f8:	f5a3 6365 	sub.w	r3, r3, #3664	; 0xe50
 80055fc:	6019      	str	r1, [r3, #0]
 80055fe:	f607 6358 	addw	r3, r7, #3672	; 0xe58
 8005602:	f6a3 6354 	subw	r3, r3, #3668	; 0xe54
 8005606:	601a      	str	r2, [r3, #0]
 8005608:	f64a 23ab 	movw	r3, #43691	; 0xaaab
 800560c:	f8a7 3e4e 	strh.w	r3, [r7, #3662]	; 0xe4e
 8005610:	f648 6339 	movw	r3, #36409	; 0x8e39
 8005614:	f8a7 3e4c 	strh.w	r3, [r7, #3660]	; 0xe4c
 8005618:	f64e 63ef 	movw	r3, #61167	; 0xeeef
 800561c:	f8a7 3e4a 	strh.w	r3, [r7, #3658]	; 0xe4a
 8005620:	f607 6358 	addw	r3, r7, #3672	; 0xe58
 8005624:	f6a3 0344 	subw	r3, r3, #2116	; 0x844
 8005628:	4618      	mov	r0, r3
 800562a:	23fe      	movs	r3, #254	; 0xfe
 800562c:	461a      	mov	r2, r3
 800562e:	2100      	movs	r1, #0
 8005630:	f001 fd28 	bl	8007084 <memset>
 8005634:	f607 6358 	addw	r3, r7, #3672	; 0xe58
 8005638:	f6a3 1344 	subw	r3, r3, #2372	; 0x944
 800563c:	4618      	mov	r0, r3
 800563e:	23fe      	movs	r3, #254	; 0xfe
 8005640:	461a      	mov	r2, r3
 8005642:	2100      	movs	r1, #0
 8005644:	f001 fd1e 	bl	8007084 <memset>
 8005648:	f607 6358 	addw	r3, r7, #3672	; 0xe58
 800564c:	f6a3 2344 	subw	r3, r3, #2628	; 0xa44
 8005650:	4618      	mov	r0, r3
 8005652:	23fe      	movs	r3, #254	; 0xfe
 8005654:	461a      	mov	r2, r3
 8005656:	2100      	movs	r1, #0
 8005658:	f001 fd14 	bl	8007084 <memset>
 800565c:	f607 6358 	addw	r3, r7, #3672	; 0xe58
 8005660:	f6a3 3344 	subw	r3, r3, #2884	; 0xb44
 8005664:	4618      	mov	r0, r3
 8005666:	23fe      	movs	r3, #254	; 0xfe
 8005668:	461a      	mov	r2, r3
 800566a:	2100      	movs	r1, #0
 800566c:	f001 fd0a 	bl	8007084 <memset>
 8005670:	f607 6358 	addw	r3, r7, #3672	; 0xe58
 8005674:	f6a3 4344 	subw	r3, r3, #3140	; 0xc44
 8005678:	4618      	mov	r0, r3
 800567a:	23fe      	movs	r3, #254	; 0xfe
 800567c:	461a      	mov	r2, r3
 800567e:	2100      	movs	r1, #0
 8005680:	f001 fd00 	bl	8007084 <memset>
 8005684:	f607 6358 	addw	r3, r7, #3672	; 0xe58
 8005688:	f6a3 5344 	subw	r3, r3, #3396	; 0xd44
 800568c:	4618      	mov	r0, r3
 800568e:	23fe      	movs	r3, #254	; 0xfe
 8005690:	461a      	mov	r2, r3
 8005692:	2100      	movs	r1, #0
 8005694:	f001 fcf6 	bl	8007084 <memset>
 8005698:	f607 6358 	addw	r3, r7, #3672	; 0xe58
 800569c:	f6a3 6344 	subw	r3, r3, #3652	; 0xe44
 80056a0:	4618      	mov	r0, r3
 80056a2:	23fe      	movs	r3, #254	; 0xfe
 80056a4:	461a      	mov	r2, r3
 80056a6:	2100      	movs	r1, #0
 80056a8:	f001 fcec 	bl	8007084 <memset>
 80056ac:	f607 6358 	addw	r3, r7, #3672	; 0xe58
 80056b0:	f6a3 634c 	subw	r3, r3, #3660	; 0xe4c
 80056b4:	681b      	ldr	r3, [r3, #0]
 80056b6:	f8c7 3e44 	str.w	r3, [r7, #3652]	; 0xe44
 80056ba:	f607 6358 	addw	r3, r7, #3672	; 0xe58
 80056be:	f6a3 634c 	subw	r3, r3, #3660	; 0xe4c
 80056c2:	681b      	ldr	r3, [r3, #0]
 80056c4:	3380      	adds	r3, #128	; 0x80
 80056c6:	f8c7 3e40 	str.w	r3, [r7, #3648]	; 0xe40
 80056ca:	f607 6358 	addw	r3, r7, #3672	; 0xe58
 80056ce:	f6a3 634c 	subw	r3, r3, #3660	; 0xe4c
 80056d2:	681b      	ldr	r3, [r3, #0]
 80056d4:	f503 7380 	add.w	r3, r3, #256	; 0x100
 80056d8:	f8c7 3e3c 	str.w	r3, [r7, #3644]	; 0xe3c
 80056dc:	f607 6358 	addw	r3, r7, #3672	; 0xe58
 80056e0:	f6a3 634c 	subw	r3, r3, #3660	; 0xe4c
 80056e4:	681b      	ldr	r3, [r3, #0]
 80056e6:	f503 73c0 	add.w	r3, r3, #384	; 0x180
 80056ea:	f8c7 3e38 	str.w	r3, [r7, #3640]	; 0xe38
 80056ee:	f607 6358 	addw	r3, r7, #3672	; 0xe58
 80056f2:	f5a3 6365 	sub.w	r3, r3, #3664	; 0xe50
 80056f6:	681b      	ldr	r3, [r3, #0]
 80056f8:	f8c7 3e34 	str.w	r3, [r7, #3636]	; 0xe34
 80056fc:	f607 6358 	addw	r3, r7, #3672	; 0xe58
 8005700:	f5a3 6365 	sub.w	r3, r3, #3664	; 0xe50
 8005704:	681b      	ldr	r3, [r3, #0]
 8005706:	3380      	adds	r3, #128	; 0x80
 8005708:	f8c7 3e30 	str.w	r3, [r7, #3632]	; 0xe30
 800570c:	f607 6358 	addw	r3, r7, #3672	; 0xe58
 8005710:	f5a3 6365 	sub.w	r3, r3, #3664	; 0xe50
 8005714:	681b      	ldr	r3, [r3, #0]
 8005716:	f503 7380 	add.w	r3, r3, #256	; 0x100
 800571a:	f8c7 3e2c 	str.w	r3, [r7, #3628]	; 0xe2c
 800571e:	f607 6358 	addw	r3, r7, #3672	; 0xe58
 8005722:	f5a3 6365 	sub.w	r3, r3, #3664	; 0xe50
 8005726:	681b      	ldr	r3, [r3, #0]
 8005728:	f503 73c0 	add.w	r3, r3, #384	; 0x180
 800572c:	f8c7 3e28 	str.w	r3, [r7, #3624]	; 0xe28
 8005730:	f607 6358 	addw	r3, r7, #3672	; 0xe58
 8005734:	f6a3 6354 	subw	r3, r3, #3668	; 0xe54
 8005738:	681b      	ldr	r3, [r3, #0]
 800573a:	f8c7 3e24 	str.w	r3, [r7, #3620]	; 0xe24
 800573e:	2300      	movs	r3, #0
 8005740:	f8c7 3e50 	str.w	r3, [r7, #3664]	; 0xe50
 8005744:	e0c1      	b.n	80058ca <toom_cook_4way+0x2e8>
 8005746:	f8d7 3e50 	ldr.w	r3, [r7, #3664]	; 0xe50
 800574a:	005b      	lsls	r3, r3, #1
 800574c:	f8d7 2e44 	ldr.w	r2, [r7, #3652]	; 0xe44
 8005750:	4413      	add	r3, r2
 8005752:	881b      	ldrh	r3, [r3, #0]
 8005754:	f8a7 3e22 	strh.w	r3, [r7, #3618]	; 0xe22
 8005758:	f8d7 3e50 	ldr.w	r3, [r7, #3664]	; 0xe50
 800575c:	005b      	lsls	r3, r3, #1
 800575e:	f8d7 2e40 	ldr.w	r2, [r7, #3648]	; 0xe40
 8005762:	4413      	add	r3, r2
 8005764:	881b      	ldrh	r3, [r3, #0]
 8005766:	f8a7 3e20 	strh.w	r3, [r7, #3616]	; 0xe20
 800576a:	f8d7 3e50 	ldr.w	r3, [r7, #3664]	; 0xe50
 800576e:	005b      	lsls	r3, r3, #1
 8005770:	f8d7 2e3c 	ldr.w	r2, [r7, #3644]	; 0xe3c
 8005774:	4413      	add	r3, r2
 8005776:	881b      	ldrh	r3, [r3, #0]
 8005778:	f8a7 3e1e 	strh.w	r3, [r7, #3614]	; 0xe1e
 800577c:	f8d7 3e50 	ldr.w	r3, [r7, #3664]	; 0xe50
 8005780:	005b      	lsls	r3, r3, #1
 8005782:	f8d7 2e38 	ldr.w	r2, [r7, #3640]	; 0xe38
 8005786:	4413      	add	r3, r2
 8005788:	881b      	ldrh	r3, [r3, #0]
 800578a:	f8a7 3e1c 	strh.w	r3, [r7, #3612]	; 0xe1c
 800578e:	f8b7 2e22 	ldrh.w	r2, [r7, #3618]	; 0xe22
 8005792:	f8b7 3e1e 	ldrh.w	r3, [r7, #3614]	; 0xe1e
 8005796:	4413      	add	r3, r2
 8005798:	f8a7 3e1a 	strh.w	r3, [r7, #3610]	; 0xe1a
 800579c:	f8b7 2e20 	ldrh.w	r2, [r7, #3616]	; 0xe20
 80057a0:	f8b7 3e1c 	ldrh.w	r3, [r7, #3612]	; 0xe1c
 80057a4:	4413      	add	r3, r2
 80057a6:	f8a7 3e18 	strh.w	r3, [r7, #3608]	; 0xe18
 80057aa:	f8b7 2e1a 	ldrh.w	r2, [r7, #3610]	; 0xe1a
 80057ae:	f8b7 3e18 	ldrh.w	r3, [r7, #3608]	; 0xe18
 80057b2:	4413      	add	r3, r2
 80057b4:	f8a7 3e16 	strh.w	r3, [r7, #3606]	; 0xe16
 80057b8:	f8b7 2e1a 	ldrh.w	r2, [r7, #3610]	; 0xe1a
 80057bc:	f8b7 3e18 	ldrh.w	r3, [r7, #3608]	; 0xe18
 80057c0:	1ad3      	subs	r3, r2, r3
 80057c2:	f8a7 3e14 	strh.w	r3, [r7, #3604]	; 0xe14
 80057c6:	f607 6358 	addw	r3, r7, #3672	; 0xe58
 80057ca:	f5a3 73e2 	sub.w	r3, r3, #452	; 0x1c4
 80057ce:	f8d7 2e50 	ldr.w	r2, [r7, #3664]	; 0xe50
 80057d2:	f8b7 1e16 	ldrh.w	r1, [r7, #3606]	; 0xe16
 80057d6:	f823 1012 	strh.w	r1, [r3, r2, lsl #1]
 80057da:	f607 6358 	addw	r3, r7, #3672	; 0xe58
 80057de:	f5a3 7311 	sub.w	r3, r3, #580	; 0x244
 80057e2:	f8d7 2e50 	ldr.w	r2, [r7, #3664]	; 0xe50
 80057e6:	f8b7 1e14 	ldrh.w	r1, [r7, #3604]	; 0xe14
 80057ea:	f823 1012 	strh.w	r1, [r3, r2, lsl #1]
 80057ee:	f8b7 3e22 	ldrh.w	r3, [r7, #3618]	; 0xe22
 80057f2:	009b      	lsls	r3, r3, #2
 80057f4:	b29a      	uxth	r2, r3
 80057f6:	f8b7 3e1e 	ldrh.w	r3, [r7, #3614]	; 0xe1e
 80057fa:	4413      	add	r3, r2
 80057fc:	b29b      	uxth	r3, r3
 80057fe:	005b      	lsls	r3, r3, #1
 8005800:	f8a7 3e1a 	strh.w	r3, [r7, #3610]	; 0xe1a
 8005804:	f8b7 3e20 	ldrh.w	r3, [r7, #3616]	; 0xe20
 8005808:	009b      	lsls	r3, r3, #2
 800580a:	b29a      	uxth	r2, r3
 800580c:	f8b7 3e1c 	ldrh.w	r3, [r7, #3612]	; 0xe1c
 8005810:	4413      	add	r3, r2
 8005812:	f8a7 3e18 	strh.w	r3, [r7, #3608]	; 0xe18
 8005816:	f8b7 2e1a 	ldrh.w	r2, [r7, #3610]	; 0xe1a
 800581a:	f8b7 3e18 	ldrh.w	r3, [r7, #3608]	; 0xe18
 800581e:	4413      	add	r3, r2
 8005820:	f8a7 3e16 	strh.w	r3, [r7, #3606]	; 0xe16
 8005824:	f8b7 2e1a 	ldrh.w	r2, [r7, #3610]	; 0xe1a
 8005828:	f8b7 3e18 	ldrh.w	r3, [r7, #3608]	; 0xe18
 800582c:	1ad3      	subs	r3, r2, r3
 800582e:	f8a7 3e14 	strh.w	r3, [r7, #3604]	; 0xe14
 8005832:	f607 6358 	addw	r3, r7, #3672	; 0xe58
 8005836:	f5a3 7331 	sub.w	r3, r3, #708	; 0x2c4
 800583a:	f8d7 2e50 	ldr.w	r2, [r7, #3664]	; 0xe50
 800583e:	f8b7 1e16 	ldrh.w	r1, [r7, #3606]	; 0xe16
 8005842:	f823 1012 	strh.w	r1, [r3, r2, lsl #1]
 8005846:	f607 6358 	addw	r3, r7, #3672	; 0xe58
 800584a:	f5a3 7351 	sub.w	r3, r3, #836	; 0x344
 800584e:	f8d7 2e50 	ldr.w	r2, [r7, #3664]	; 0xe50
 8005852:	f8b7 1e14 	ldrh.w	r1, [r7, #3604]	; 0xe14
 8005856:	f823 1012 	strh.w	r1, [r3, r2, lsl #1]
 800585a:	f8b7 3e1c 	ldrh.w	r3, [r7, #3612]	; 0xe1c
 800585e:	00db      	lsls	r3, r3, #3
 8005860:	b29a      	uxth	r2, r3
 8005862:	f8b7 3e1e 	ldrh.w	r3, [r7, #3614]	; 0xe1e
 8005866:	009b      	lsls	r3, r3, #2
 8005868:	b29b      	uxth	r3, r3
 800586a:	4413      	add	r3, r2
 800586c:	b29a      	uxth	r2, r3
 800586e:	f8b7 3e20 	ldrh.w	r3, [r7, #3616]	; 0xe20
 8005872:	005b      	lsls	r3, r3, #1
 8005874:	b29b      	uxth	r3, r3
 8005876:	4413      	add	r3, r2
 8005878:	b29a      	uxth	r2, r3
 800587a:	f8b7 3e22 	ldrh.w	r3, [r7, #3618]	; 0xe22
 800587e:	4413      	add	r3, r2
 8005880:	f8a7 3e1a 	strh.w	r3, [r7, #3610]	; 0xe1a
 8005884:	f607 6358 	addw	r3, r7, #3672	; 0xe58
 8005888:	f5a3 73a2 	sub.w	r3, r3, #324	; 0x144
 800588c:	f8d7 2e50 	ldr.w	r2, [r7, #3664]	; 0xe50
 8005890:	f8b7 1e1a 	ldrh.w	r1, [r7, #3610]	; 0xe1a
 8005894:	f823 1012 	strh.w	r1, [r3, r2, lsl #1]
 8005898:	f607 6358 	addw	r3, r7, #3672	; 0xe58
 800589c:	f5a3 7371 	sub.w	r3, r3, #964	; 0x3c4
 80058a0:	f8d7 2e50 	ldr.w	r2, [r7, #3664]	; 0xe50
 80058a4:	f8b7 1e22 	ldrh.w	r1, [r7, #3618]	; 0xe22
 80058a8:	f823 1012 	strh.w	r1, [r3, r2, lsl #1]
 80058ac:	f8d7 3e50 	ldr.w	r3, [r7, #3664]	; 0xe50
 80058b0:	005b      	lsls	r3, r3, #1
 80058b2:	f603 6358 	addw	r3, r3, #3672	; 0xe58
 80058b6:	443b      	add	r3, r7
 80058b8:	f8b7 2e1c 	ldrh.w	r2, [r7, #3612]	; 0xe1c
 80058bc:	f823 2cc4 	strh.w	r2, [r3, #-196]
 80058c0:	f8d7 3e50 	ldr.w	r3, [r7, #3664]	; 0xe50
 80058c4:	3301      	adds	r3, #1
 80058c6:	f8c7 3e50 	str.w	r3, [r7, #3664]	; 0xe50
 80058ca:	f8d7 3e50 	ldr.w	r3, [r7, #3664]	; 0xe50
 80058ce:	2b3f      	cmp	r3, #63	; 0x3f
 80058d0:	f77f af39 	ble.w	8005746 <toom_cook_4way+0x164>
 80058d4:	2300      	movs	r3, #0
 80058d6:	f8c7 3e50 	str.w	r3, [r7, #3664]	; 0xe50
 80058da:	e0c1      	b.n	8005a60 <toom_cook_4way+0x47e>
 80058dc:	f8d7 3e50 	ldr.w	r3, [r7, #3664]	; 0xe50
 80058e0:	005b      	lsls	r3, r3, #1
 80058e2:	f8d7 2e34 	ldr.w	r2, [r7, #3636]	; 0xe34
 80058e6:	4413      	add	r3, r2
 80058e8:	881b      	ldrh	r3, [r3, #0]
 80058ea:	f8a7 3e22 	strh.w	r3, [r7, #3618]	; 0xe22
 80058ee:	f8d7 3e50 	ldr.w	r3, [r7, #3664]	; 0xe50
 80058f2:	005b      	lsls	r3, r3, #1
 80058f4:	f8d7 2e30 	ldr.w	r2, [r7, #3632]	; 0xe30
 80058f8:	4413      	add	r3, r2
 80058fa:	881b      	ldrh	r3, [r3, #0]
 80058fc:	f8a7 3e20 	strh.w	r3, [r7, #3616]	; 0xe20
 8005900:	f8d7 3e50 	ldr.w	r3, [r7, #3664]	; 0xe50
 8005904:	005b      	lsls	r3, r3, #1
 8005906:	f8d7 2e2c 	ldr.w	r2, [r7, #3628]	; 0xe2c
 800590a:	4413      	add	r3, r2
 800590c:	881b      	ldrh	r3, [r3, #0]
 800590e:	f8a7 3e1e 	strh.w	r3, [r7, #3614]	; 0xe1e
 8005912:	f8d7 3e50 	ldr.w	r3, [r7, #3664]	; 0xe50
 8005916:	005b      	lsls	r3, r3, #1
 8005918:	f8d7 2e28 	ldr.w	r2, [r7, #3624]	; 0xe28
 800591c:	4413      	add	r3, r2
 800591e:	881b      	ldrh	r3, [r3, #0]
 8005920:	f8a7 3e1c 	strh.w	r3, [r7, #3612]	; 0xe1c
 8005924:	f8b7 2e22 	ldrh.w	r2, [r7, #3618]	; 0xe22
 8005928:	f8b7 3e1e 	ldrh.w	r3, [r7, #3614]	; 0xe1e
 800592c:	4413      	add	r3, r2
 800592e:	f8a7 3e1a 	strh.w	r3, [r7, #3610]	; 0xe1a
 8005932:	f8b7 2e20 	ldrh.w	r2, [r7, #3616]	; 0xe20
 8005936:	f8b7 3e1c 	ldrh.w	r3, [r7, #3612]	; 0xe1c
 800593a:	4413      	add	r3, r2
 800593c:	f8a7 3e18 	strh.w	r3, [r7, #3608]	; 0xe18
 8005940:	f8b7 2e1a 	ldrh.w	r2, [r7, #3610]	; 0xe1a
 8005944:	f8b7 3e18 	ldrh.w	r3, [r7, #3608]	; 0xe18
 8005948:	4413      	add	r3, r2
 800594a:	f8a7 3e16 	strh.w	r3, [r7, #3606]	; 0xe16
 800594e:	f8b7 2e1a 	ldrh.w	r2, [r7, #3610]	; 0xe1a
 8005952:	f8b7 3e18 	ldrh.w	r3, [r7, #3608]	; 0xe18
 8005956:	1ad3      	subs	r3, r2, r3
 8005958:	f8a7 3e14 	strh.w	r3, [r7, #3604]	; 0xe14
 800595c:	f607 6358 	addw	r3, r7, #3672	; 0xe58
 8005960:	f2a3 5344 	subw	r3, r3, #1348	; 0x544
 8005964:	f8d7 2e50 	ldr.w	r2, [r7, #3664]	; 0xe50
 8005968:	f8b7 1e16 	ldrh.w	r1, [r7, #3606]	; 0xe16
 800596c:	f823 1012 	strh.w	r1, [r3, r2, lsl #1]
 8005970:	f607 6358 	addw	r3, r7, #3672	; 0xe58
 8005974:	f2a3 53c4 	subw	r3, r3, #1476	; 0x5c4
 8005978:	f8d7 2e50 	ldr.w	r2, [r7, #3664]	; 0xe50
 800597c:	f8b7 1e14 	ldrh.w	r1, [r7, #3604]	; 0xe14
 8005980:	f823 1012 	strh.w	r1, [r3, r2, lsl #1]
 8005984:	f8b7 3e22 	ldrh.w	r3, [r7, #3618]	; 0xe22
 8005988:	009b      	lsls	r3, r3, #2
 800598a:	b29a      	uxth	r2, r3
 800598c:	f8b7 3e1e 	ldrh.w	r3, [r7, #3614]	; 0xe1e
 8005990:	4413      	add	r3, r2
 8005992:	b29b      	uxth	r3, r3
 8005994:	005b      	lsls	r3, r3, #1
 8005996:	f8a7 3e1a 	strh.w	r3, [r7, #3610]	; 0xe1a
 800599a:	f8b7 3e20 	ldrh.w	r3, [r7, #3616]	; 0xe20
 800599e:	009b      	lsls	r3, r3, #2
 80059a0:	b29a      	uxth	r2, r3
 80059a2:	f8b7 3e1c 	ldrh.w	r3, [r7, #3612]	; 0xe1c
 80059a6:	4413      	add	r3, r2
 80059a8:	f8a7 3e18 	strh.w	r3, [r7, #3608]	; 0xe18
 80059ac:	f8b7 2e1a 	ldrh.w	r2, [r7, #3610]	; 0xe1a
 80059b0:	f8b7 3e18 	ldrh.w	r3, [r7, #3608]	; 0xe18
 80059b4:	4413      	add	r3, r2
 80059b6:	f8a7 3e16 	strh.w	r3, [r7, #3606]	; 0xe16
 80059ba:	f8b7 2e1a 	ldrh.w	r2, [r7, #3610]	; 0xe1a
 80059be:	f8b7 3e18 	ldrh.w	r3, [r7, #3608]	; 0xe18
 80059c2:	1ad3      	subs	r3, r2, r3
 80059c4:	f8a7 3e14 	strh.w	r3, [r7, #3604]	; 0xe14
 80059c8:	f607 6358 	addw	r3, r7, #3672	; 0xe58
 80059cc:	f2a3 6344 	subw	r3, r3, #1604	; 0x644
 80059d0:	f8d7 2e50 	ldr.w	r2, [r7, #3664]	; 0xe50
 80059d4:	f8b7 1e16 	ldrh.w	r1, [r7, #3606]	; 0xe16
 80059d8:	f823 1012 	strh.w	r1, [r3, r2, lsl #1]
 80059dc:	f607 6358 	addw	r3, r7, #3672	; 0xe58
 80059e0:	f2a3 63c4 	subw	r3, r3, #1732	; 0x6c4
 80059e4:	f8d7 2e50 	ldr.w	r2, [r7, #3664]	; 0xe50
 80059e8:	f8b7 1e14 	ldrh.w	r1, [r7, #3604]	; 0xe14
 80059ec:	f823 1012 	strh.w	r1, [r3, r2, lsl #1]
 80059f0:	f8b7 3e1c 	ldrh.w	r3, [r7, #3612]	; 0xe1c
 80059f4:	00db      	lsls	r3, r3, #3
 80059f6:	b29a      	uxth	r2, r3
 80059f8:	f8b7 3e1e 	ldrh.w	r3, [r7, #3614]	; 0xe1e
 80059fc:	009b      	lsls	r3, r3, #2
 80059fe:	b29b      	uxth	r3, r3
 8005a00:	4413      	add	r3, r2
 8005a02:	b29a      	uxth	r2, r3
 8005a04:	f8b7 3e20 	ldrh.w	r3, [r7, #3616]	; 0xe20
 8005a08:	005b      	lsls	r3, r3, #1
 8005a0a:	b29b      	uxth	r3, r3
 8005a0c:	4413      	add	r3, r2
 8005a0e:	b29a      	uxth	r2, r3
 8005a10:	f8b7 3e22 	ldrh.w	r3, [r7, #3618]	; 0xe22
 8005a14:	4413      	add	r3, r2
 8005a16:	f8a7 3e1a 	strh.w	r3, [r7, #3610]	; 0xe1a
 8005a1a:	f607 6358 	addw	r3, r7, #3672	; 0xe58
 8005a1e:	f2a3 43c4 	subw	r3, r3, #1220	; 0x4c4
 8005a22:	f8d7 2e50 	ldr.w	r2, [r7, #3664]	; 0xe50
 8005a26:	f8b7 1e1a 	ldrh.w	r1, [r7, #3610]	; 0xe1a
 8005a2a:	f823 1012 	strh.w	r1, [r3, r2, lsl #1]
 8005a2e:	f607 6358 	addw	r3, r7, #3672	; 0xe58
 8005a32:	f2a3 7344 	subw	r3, r3, #1860	; 0x744
 8005a36:	f8d7 2e50 	ldr.w	r2, [r7, #3664]	; 0xe50
 8005a3a:	f8b7 1e22 	ldrh.w	r1, [r7, #3618]	; 0xe22
 8005a3e:	f823 1012 	strh.w	r1, [r3, r2, lsl #1]
 8005a42:	f607 6358 	addw	r3, r7, #3672	; 0xe58
 8005a46:	f2a3 4344 	subw	r3, r3, #1092	; 0x444
 8005a4a:	f8d7 2e50 	ldr.w	r2, [r7, #3664]	; 0xe50
 8005a4e:	f8b7 1e1c 	ldrh.w	r1, [r7, #3612]	; 0xe1c
 8005a52:	f823 1012 	strh.w	r1, [r3, r2, lsl #1]
 8005a56:	f8d7 3e50 	ldr.w	r3, [r7, #3664]	; 0xe50
 8005a5a:	3301      	adds	r3, #1
 8005a5c:	f8c7 3e50 	str.w	r3, [r7, #3664]	; 0xe50
 8005a60:	f8d7 3e50 	ldr.w	r3, [r7, #3664]	; 0xe50
 8005a64:	2b3f      	cmp	r3, #63	; 0x3f
 8005a66:	f77f af39 	ble.w	80058dc <toom_cook_4way+0x2fa>
 8005a6a:	f207 6214 	addw	r2, r7, #1556	; 0x614
 8005a6e:	f607 2114 	addw	r1, r7, #2580	; 0xa14
 8005a72:	f607 5394 	addw	r3, r7, #3476	; 0xd94
 8005a76:	4618      	mov	r0, r3
 8005a78:	f7ff fa2a 	bl	8004ed0 <karatsuba_simple>
 8005a7c:	f207 5214 	addw	r2, r7, #1300	; 0x514
 8005a80:	f607 1194 	addw	r1, r7, #2452	; 0x994
 8005a84:	f607 5314 	addw	r3, r7, #3348	; 0xd14
 8005a88:	4618      	mov	r0, r3
 8005a8a:	f7ff fa21 	bl	8004ed0 <karatsuba_simple>
 8005a8e:	f207 4214 	addw	r2, r7, #1044	; 0x414
 8005a92:	f607 1114 	addw	r1, r7, #2324	; 0x914
 8005a96:	f607 4394 	addw	r3, r7, #3220	; 0xc94
 8005a9a:	4618      	mov	r0, r3
 8005a9c:	f7ff fa18 	bl	8004ed0 <karatsuba_simple>
 8005aa0:	f507 7245 	add.w	r2, r7, #788	; 0x314
 8005aa4:	f607 0194 	addw	r1, r7, #2196	; 0x894
 8005aa8:	f607 4314 	addw	r3, r7, #3092	; 0xc14
 8005aac:	4618      	mov	r0, r3
 8005aae:	f7ff fa0f 	bl	8004ed0 <karatsuba_simple>
 8005ab2:	f507 7205 	add.w	r2, r7, #532	; 0x214
 8005ab6:	f607 0114 	addw	r1, r7, #2068	; 0x814
 8005aba:	f607 3394 	addw	r3, r7, #2964	; 0xb94
 8005abe:	4618      	mov	r0, r3
 8005ac0:	f7ff fa06 	bl	8004ed0 <karatsuba_simple>
 8005ac4:	f507 728a 	add.w	r2, r7, #276	; 0x114
 8005ac8:	f207 7194 	addw	r1, r7, #1940	; 0x794
 8005acc:	f607 3314 	addw	r3, r7, #2836	; 0xb14
 8005ad0:	4618      	mov	r0, r3
 8005ad2:	f7ff f9fd 	bl	8004ed0 <karatsuba_simple>
 8005ad6:	f107 0214 	add.w	r2, r7, #20
 8005ada:	f207 7114 	addw	r1, r7, #1812	; 0x714
 8005ade:	f607 2394 	addw	r3, r7, #2708	; 0xa94
 8005ae2:	4618      	mov	r0, r3
 8005ae4:	f7ff f9f4 	bl	8004ed0 <karatsuba_simple>
 8005ae8:	2300      	movs	r3, #0
 8005aea:	f8c7 3e54 	str.w	r3, [r7, #3668]	; 0xe54
 8005aee:	e185      	b.n	8005dfc <toom_cook_4way+0x81a>
 8005af0:	f607 6358 	addw	r3, r7, #3672	; 0xe58
 8005af4:	f6a3 0344 	subw	r3, r3, #2116	; 0x844
 8005af8:	f8d7 2e54 	ldr.w	r2, [r7, #3668]	; 0xe54
 8005afc:	f833 3012 	ldrh.w	r3, [r3, r2, lsl #1]
 8005b00:	f8a7 3e22 	strh.w	r3, [r7, #3618]	; 0xe22
 8005b04:	f607 6358 	addw	r3, r7, #3672	; 0xe58
 8005b08:	f6a3 1344 	subw	r3, r3, #2372	; 0x944
 8005b0c:	f8d7 2e54 	ldr.w	r2, [r7, #3668]	; 0xe54
 8005b10:	f833 3012 	ldrh.w	r3, [r3, r2, lsl #1]
 8005b14:	f8a7 3e20 	strh.w	r3, [r7, #3616]	; 0xe20
 8005b18:	f607 6358 	addw	r3, r7, #3672	; 0xe58
 8005b1c:	f6a3 2344 	subw	r3, r3, #2628	; 0xa44
 8005b20:	f8d7 2e54 	ldr.w	r2, [r7, #3668]	; 0xe54
 8005b24:	f833 3012 	ldrh.w	r3, [r3, r2, lsl #1]
 8005b28:	f8a7 3e1e 	strh.w	r3, [r7, #3614]	; 0xe1e
 8005b2c:	f607 6358 	addw	r3, r7, #3672	; 0xe58
 8005b30:	f6a3 3344 	subw	r3, r3, #2884	; 0xb44
 8005b34:	f8d7 2e54 	ldr.w	r2, [r7, #3668]	; 0xe54
 8005b38:	f833 3012 	ldrh.w	r3, [r3, r2, lsl #1]
 8005b3c:	f8a7 3e1c 	strh.w	r3, [r7, #3612]	; 0xe1c
 8005b40:	f607 6358 	addw	r3, r7, #3672	; 0xe58
 8005b44:	f6a3 4344 	subw	r3, r3, #3140	; 0xc44
 8005b48:	f8d7 2e54 	ldr.w	r2, [r7, #3668]	; 0xe54
 8005b4c:	f833 3012 	ldrh.w	r3, [r3, r2, lsl #1]
 8005b50:	f8a7 3e1a 	strh.w	r3, [r7, #3610]	; 0xe1a
 8005b54:	f607 6358 	addw	r3, r7, #3672	; 0xe58
 8005b58:	f6a3 5344 	subw	r3, r3, #3396	; 0xd44
 8005b5c:	f8d7 2e54 	ldr.w	r2, [r7, #3668]	; 0xe54
 8005b60:	f833 3012 	ldrh.w	r3, [r3, r2, lsl #1]
 8005b64:	f8a7 3e18 	strh.w	r3, [r7, #3608]	; 0xe18
 8005b68:	f607 6358 	addw	r3, r7, #3672	; 0xe58
 8005b6c:	f6a3 6344 	subw	r3, r3, #3652	; 0xe44
 8005b70:	f8d7 2e54 	ldr.w	r2, [r7, #3668]	; 0xe54
 8005b74:	f833 3012 	ldrh.w	r3, [r3, r2, lsl #1]
 8005b78:	f8a7 3e16 	strh.w	r3, [r7, #3606]	; 0xe16
 8005b7c:	f8b7 2e20 	ldrh.w	r2, [r7, #3616]	; 0xe20
 8005b80:	f8b7 3e1a 	ldrh.w	r3, [r7, #3610]	; 0xe1a
 8005b84:	4413      	add	r3, r2
 8005b86:	f8a7 3e20 	strh.w	r3, [r7, #3616]	; 0xe20
 8005b8a:	f8b7 2e18 	ldrh.w	r2, [r7, #3608]	; 0xe18
 8005b8e:	f8b7 3e1a 	ldrh.w	r3, [r7, #3610]	; 0xe1a
 8005b92:	1ad3      	subs	r3, r2, r3
 8005b94:	f8a7 3e18 	strh.w	r3, [r7, #3608]	; 0xe18
 8005b98:	f8b7 2e1c 	ldrh.w	r2, [r7, #3612]	; 0xe1c
 8005b9c:	f8b7 3e1e 	ldrh.w	r3, [r7, #3614]	; 0xe1e
 8005ba0:	1ad3      	subs	r3, r2, r3
 8005ba2:	105b      	asrs	r3, r3, #1
 8005ba4:	f8a7 3e1c 	strh.w	r3, [r7, #3612]	; 0xe1c
 8005ba8:	f8b7 2e1a 	ldrh.w	r2, [r7, #3610]	; 0xe1a
 8005bac:	f8b7 3e22 	ldrh.w	r3, [r7, #3618]	; 0xe22
 8005bb0:	1ad3      	subs	r3, r2, r3
 8005bb2:	f8a7 3e1a 	strh.w	r3, [r7, #3610]	; 0xe1a
 8005bb6:	f8b7 3e16 	ldrh.w	r3, [r7, #3606]	; 0xe16
 8005bba:	019b      	lsls	r3, r3, #6
 8005bbc:	b29b      	uxth	r3, r3
 8005bbe:	f8b7 2e1a 	ldrh.w	r2, [r7, #3610]	; 0xe1a
 8005bc2:	1ad3      	subs	r3, r2, r3
 8005bc4:	f8a7 3e1a 	strh.w	r3, [r7, #3610]	; 0xe1a
 8005bc8:	f8b7 3e1a 	ldrh.w	r3, [r7, #3610]	; 0xe1a
 8005bcc:	005b      	lsls	r3, r3, #1
 8005bce:	b29a      	uxth	r2, r3
 8005bd0:	f8b7 3e18 	ldrh.w	r3, [r7, #3608]	; 0xe18
 8005bd4:	4413      	add	r3, r2
 8005bd6:	f8a7 3e1a 	strh.w	r3, [r7, #3610]	; 0xe1a
 8005bda:	f8b7 2e1e 	ldrh.w	r2, [r7, #3614]	; 0xe1e
 8005bde:	f8b7 3e1c 	ldrh.w	r3, [r7, #3612]	; 0xe1c
 8005be2:	4413      	add	r3, r2
 8005be4:	f8a7 3e1e 	strh.w	r3, [r7, #3614]	; 0xe1e
 8005be8:	f8b7 3e1e 	ldrh.w	r3, [r7, #3614]	; 0xe1e
 8005bec:	019b      	lsls	r3, r3, #6
 8005bee:	b29b      	uxth	r3, r3
 8005bf0:	f8b7 2e20 	ldrh.w	r2, [r7, #3616]	; 0xe20
 8005bf4:	1ad3      	subs	r3, r2, r3
 8005bf6:	b29a      	uxth	r2, r3
 8005bf8:	f8b7 3e1e 	ldrh.w	r3, [r7, #3614]	; 0xe1e
 8005bfc:	1ad3      	subs	r3, r2, r3
 8005bfe:	f8a7 3e20 	strh.w	r3, [r7, #3616]	; 0xe20
 8005c02:	f8b7 2e1e 	ldrh.w	r2, [r7, #3614]	; 0xe1e
 8005c06:	f8b7 3e16 	ldrh.w	r3, [r7, #3606]	; 0xe16
 8005c0a:	1ad3      	subs	r3, r2, r3
 8005c0c:	f8a7 3e1e 	strh.w	r3, [r7, #3614]	; 0xe1e
 8005c10:	f8b7 2e1e 	ldrh.w	r2, [r7, #3614]	; 0xe1e
 8005c14:	f8b7 3e22 	ldrh.w	r3, [r7, #3618]	; 0xe22
 8005c18:	1ad3      	subs	r3, r2, r3
 8005c1a:	f8a7 3e1e 	strh.w	r3, [r7, #3614]	; 0xe1e
 8005c1e:	f8b7 3e1e 	ldrh.w	r3, [r7, #3614]	; 0xe1e
 8005c22:	461a      	mov	r2, r3
 8005c24:	0052      	lsls	r2, r2, #1
 8005c26:	4413      	add	r3, r2
 8005c28:	461a      	mov	r2, r3
 8005c2a:	0112      	lsls	r2, r2, #4
 8005c2c:	1ad3      	subs	r3, r2, r3
 8005c2e:	b29a      	uxth	r2, r3
 8005c30:	f8b7 3e20 	ldrh.w	r3, [r7, #3616]	; 0xe20
 8005c34:	4413      	add	r3, r2
 8005c36:	f8a7 3e20 	strh.w	r3, [r7, #3616]	; 0xe20
 8005c3a:	f8b7 2e1a 	ldrh.w	r2, [r7, #3610]	; 0xe1a
 8005c3e:	f8b7 3e1e 	ldrh.w	r3, [r7, #3614]	; 0xe1e
 8005c42:	00db      	lsls	r3, r3, #3
 8005c44:	1ad3      	subs	r3, r2, r3
 8005c46:	461a      	mov	r2, r3
 8005c48:	f8b7 3e4e 	ldrh.w	r3, [r7, #3662]	; 0xe4e
 8005c4c:	fb02 f303 	mul.w	r3, r2, r3
 8005c50:	08db      	lsrs	r3, r3, #3
 8005c52:	f8a7 3e1a 	strh.w	r3, [r7, #3610]	; 0xe1a
 8005c56:	f8b7 2e18 	ldrh.w	r2, [r7, #3608]	; 0xe18
 8005c5a:	f8b7 3e20 	ldrh.w	r3, [r7, #3616]	; 0xe20
 8005c5e:	4413      	add	r3, r2
 8005c60:	f8a7 3e18 	strh.w	r3, [r7, #3608]	; 0xe18
 8005c64:	f8b7 2e20 	ldrh.w	r2, [r7, #3616]	; 0xe20
 8005c68:	f8b7 3e1c 	ldrh.w	r3, [r7, #3612]	; 0xe1c
 8005c6c:	011b      	lsls	r3, r3, #4
 8005c6e:	4413      	add	r3, r2
 8005c70:	461a      	mov	r2, r3
 8005c72:	f8b7 3e4c 	ldrh.w	r3, [r7, #3660]	; 0xe4c
 8005c76:	fb02 f303 	mul.w	r3, r2, r3
 8005c7a:	085b      	lsrs	r3, r3, #1
 8005c7c:	f8a7 3e20 	strh.w	r3, [r7, #3616]	; 0xe20
 8005c80:	f8b7 2e1c 	ldrh.w	r2, [r7, #3612]	; 0xe1c
 8005c84:	f8b7 3e20 	ldrh.w	r3, [r7, #3616]	; 0xe20
 8005c88:	4413      	add	r3, r2
 8005c8a:	b29b      	uxth	r3, r3
 8005c8c:	425b      	negs	r3, r3
 8005c8e:	f8a7 3e1c 	strh.w	r3, [r7, #3612]	; 0xe1c
 8005c92:	f8b7 2e20 	ldrh.w	r2, [r7, #3616]	; 0xe20
 8005c96:	4613      	mov	r3, r2
 8005c98:	011b      	lsls	r3, r3, #4
 8005c9a:	1a9b      	subs	r3, r3, r2
 8005c9c:	005b      	lsls	r3, r3, #1
 8005c9e:	461a      	mov	r2, r3
 8005ca0:	f8b7 3e18 	ldrh.w	r3, [r7, #3608]	; 0xe18
 8005ca4:	1ad3      	subs	r3, r2, r3
 8005ca6:	461a      	mov	r2, r3
 8005ca8:	f8b7 3e4a 	ldrh.w	r3, [r7, #3658]	; 0xe4a
 8005cac:	fb02 f303 	mul.w	r3, r2, r3
 8005cb0:	089b      	lsrs	r3, r3, #2
 8005cb2:	f8a7 3e18 	strh.w	r3, [r7, #3608]	; 0xe18
 8005cb6:	f8b7 2e1e 	ldrh.w	r2, [r7, #3614]	; 0xe1e
 8005cba:	f8b7 3e1a 	ldrh.w	r3, [r7, #3610]	; 0xe1a
 8005cbe:	1ad3      	subs	r3, r2, r3
 8005cc0:	f8a7 3e1e 	strh.w	r3, [r7, #3614]	; 0xe1e
 8005cc4:	f8b7 2e20 	ldrh.w	r2, [r7, #3616]	; 0xe20
 8005cc8:	f8b7 3e18 	ldrh.w	r3, [r7, #3608]	; 0xe18
 8005ccc:	1ad3      	subs	r3, r2, r3
 8005cce:	f8a7 3e20 	strh.w	r3, [r7, #3616]	; 0xe20
 8005cd2:	f8d7 3e54 	ldr.w	r3, [r7, #3668]	; 0xe54
 8005cd6:	005b      	lsls	r3, r3, #1
 8005cd8:	f8d7 2e24 	ldr.w	r2, [r7, #3620]	; 0xe24
 8005cdc:	4413      	add	r3, r2
 8005cde:	8819      	ldrh	r1, [r3, #0]
 8005ce0:	f8d7 3e54 	ldr.w	r3, [r7, #3668]	; 0xe54
 8005ce4:	005b      	lsls	r3, r3, #1
 8005ce6:	f8d7 2e24 	ldr.w	r2, [r7, #3620]	; 0xe24
 8005cea:	4413      	add	r3, r2
 8005cec:	f8b7 2e16 	ldrh.w	r2, [r7, #3606]	; 0xe16
 8005cf0:	440a      	add	r2, r1
 8005cf2:	b292      	uxth	r2, r2
 8005cf4:	801a      	strh	r2, [r3, #0]
 8005cf6:	f8d7 3e54 	ldr.w	r3, [r7, #3668]	; 0xe54
 8005cfa:	3340      	adds	r3, #64	; 0x40
 8005cfc:	005b      	lsls	r3, r3, #1
 8005cfe:	f8d7 2e24 	ldr.w	r2, [r7, #3620]	; 0xe24
 8005d02:	4413      	add	r3, r2
 8005d04:	8819      	ldrh	r1, [r3, #0]
 8005d06:	f8d7 3e54 	ldr.w	r3, [r7, #3668]	; 0xe54
 8005d0a:	3340      	adds	r3, #64	; 0x40
 8005d0c:	005b      	lsls	r3, r3, #1
 8005d0e:	f8d7 2e24 	ldr.w	r2, [r7, #3620]	; 0xe24
 8005d12:	4413      	add	r3, r2
 8005d14:	f8b7 2e18 	ldrh.w	r2, [r7, #3608]	; 0xe18
 8005d18:	440a      	add	r2, r1
 8005d1a:	b292      	uxth	r2, r2
 8005d1c:	801a      	strh	r2, [r3, #0]
 8005d1e:	f8d7 3e54 	ldr.w	r3, [r7, #3668]	; 0xe54
 8005d22:	3380      	adds	r3, #128	; 0x80
 8005d24:	005b      	lsls	r3, r3, #1
 8005d26:	f8d7 2e24 	ldr.w	r2, [r7, #3620]	; 0xe24
 8005d2a:	4413      	add	r3, r2
 8005d2c:	8819      	ldrh	r1, [r3, #0]
 8005d2e:	f8d7 3e54 	ldr.w	r3, [r7, #3668]	; 0xe54
 8005d32:	3380      	adds	r3, #128	; 0x80
 8005d34:	005b      	lsls	r3, r3, #1
 8005d36:	f8d7 2e24 	ldr.w	r2, [r7, #3620]	; 0xe24
 8005d3a:	4413      	add	r3, r2
 8005d3c:	f8b7 2e1a 	ldrh.w	r2, [r7, #3610]	; 0xe1a
 8005d40:	440a      	add	r2, r1
 8005d42:	b292      	uxth	r2, r2
 8005d44:	801a      	strh	r2, [r3, #0]
 8005d46:	f8d7 3e54 	ldr.w	r3, [r7, #3668]	; 0xe54
 8005d4a:	33c0      	adds	r3, #192	; 0xc0
 8005d4c:	005b      	lsls	r3, r3, #1
 8005d4e:	f8d7 2e24 	ldr.w	r2, [r7, #3620]	; 0xe24
 8005d52:	4413      	add	r3, r2
 8005d54:	8819      	ldrh	r1, [r3, #0]
 8005d56:	f8d7 3e54 	ldr.w	r3, [r7, #3668]	; 0xe54
 8005d5a:	33c0      	adds	r3, #192	; 0xc0
 8005d5c:	005b      	lsls	r3, r3, #1
 8005d5e:	f8d7 2e24 	ldr.w	r2, [r7, #3620]	; 0xe24
 8005d62:	4413      	add	r3, r2
 8005d64:	f8b7 2e1c 	ldrh.w	r2, [r7, #3612]	; 0xe1c
 8005d68:	440a      	add	r2, r1
 8005d6a:	b292      	uxth	r2, r2
 8005d6c:	801a      	strh	r2, [r3, #0]
 8005d6e:	f8d7 3e54 	ldr.w	r3, [r7, #3668]	; 0xe54
 8005d72:	f503 7380 	add.w	r3, r3, #256	; 0x100
 8005d76:	005b      	lsls	r3, r3, #1
 8005d78:	f8d7 2e24 	ldr.w	r2, [r7, #3620]	; 0xe24
 8005d7c:	4413      	add	r3, r2
 8005d7e:	8819      	ldrh	r1, [r3, #0]
 8005d80:	f8d7 3e54 	ldr.w	r3, [r7, #3668]	; 0xe54
 8005d84:	f503 7380 	add.w	r3, r3, #256	; 0x100
 8005d88:	005b      	lsls	r3, r3, #1
 8005d8a:	f8d7 2e24 	ldr.w	r2, [r7, #3620]	; 0xe24
 8005d8e:	4413      	add	r3, r2
 8005d90:	f8b7 2e1e 	ldrh.w	r2, [r7, #3614]	; 0xe1e
 8005d94:	440a      	add	r2, r1
 8005d96:	b292      	uxth	r2, r2
 8005d98:	801a      	strh	r2, [r3, #0]
 8005d9a:	f8d7 3e54 	ldr.w	r3, [r7, #3668]	; 0xe54
 8005d9e:	f503 73a0 	add.w	r3, r3, #320	; 0x140
 8005da2:	005b      	lsls	r3, r3, #1
 8005da4:	f8d7 2e24 	ldr.w	r2, [r7, #3620]	; 0xe24
 8005da8:	4413      	add	r3, r2
 8005daa:	8819      	ldrh	r1, [r3, #0]
 8005dac:	f8d7 3e54 	ldr.w	r3, [r7, #3668]	; 0xe54
 8005db0:	f503 73a0 	add.w	r3, r3, #320	; 0x140
 8005db4:	005b      	lsls	r3, r3, #1
 8005db6:	f8d7 2e24 	ldr.w	r2, [r7, #3620]	; 0xe24
 8005dba:	4413      	add	r3, r2
 8005dbc:	f8b7 2e20 	ldrh.w	r2, [r7, #3616]	; 0xe20
 8005dc0:	440a      	add	r2, r1
 8005dc2:	b292      	uxth	r2, r2
 8005dc4:	801a      	strh	r2, [r3, #0]
 8005dc6:	f8d7 3e54 	ldr.w	r3, [r7, #3668]	; 0xe54
 8005dca:	f503 73c0 	add.w	r3, r3, #384	; 0x180
 8005dce:	005b      	lsls	r3, r3, #1
 8005dd0:	f8d7 2e24 	ldr.w	r2, [r7, #3620]	; 0xe24
 8005dd4:	4413      	add	r3, r2
 8005dd6:	8819      	ldrh	r1, [r3, #0]
 8005dd8:	f8d7 3e54 	ldr.w	r3, [r7, #3668]	; 0xe54
 8005ddc:	f503 73c0 	add.w	r3, r3, #384	; 0x180
 8005de0:	005b      	lsls	r3, r3, #1
 8005de2:	f8d7 2e24 	ldr.w	r2, [r7, #3620]	; 0xe24
 8005de6:	4413      	add	r3, r2
 8005de8:	f8b7 2e22 	ldrh.w	r2, [r7, #3618]	; 0xe22
 8005dec:	440a      	add	r2, r1
 8005dee:	b292      	uxth	r2, r2
 8005df0:	801a      	strh	r2, [r3, #0]
 8005df2:	f8d7 3e54 	ldr.w	r3, [r7, #3668]	; 0xe54
 8005df6:	3301      	adds	r3, #1
 8005df8:	f8c7 3e54 	str.w	r3, [r7, #3668]	; 0xe54
 8005dfc:	f8d7 3e54 	ldr.w	r3, [r7, #3668]	; 0xe54
 8005e00:	2b7e      	cmp	r3, #126	; 0x7e
 8005e02:	f77f ae75 	ble.w	8005af0 <toom_cook_4way+0x50e>
 8005e06:	bf00      	nop
 8005e08:	bf00      	nop
 8005e0a:	f607 6758 	addw	r7, r7, #3672	; 0xe58
 8005e0e:	46bd      	mov	sp, r7
 8005e10:	bd80      	pop	{r7, pc}

08005e12 <cryptolab_smaug1_poly_mul_acc>:
 8005e12:	b580      	push	{r7, lr}
 8005e14:	f5ad 6d83 	sub.w	sp, sp, #1048	; 0x418
 8005e18:	af00      	add	r7, sp, #0
 8005e1a:	f507 6383 	add.w	r3, r7, #1048	; 0x418
 8005e1e:	f2a3 430c 	subw	r3, r3, #1036	; 0x40c
 8005e22:	6018      	str	r0, [r3, #0]
 8005e24:	f507 6383 	add.w	r3, r7, #1048	; 0x418
 8005e28:	f5a3 6382 	sub.w	r3, r3, #1040	; 0x410
 8005e2c:	6019      	str	r1, [r3, #0]
 8005e2e:	f507 6383 	add.w	r3, r7, #1048	; 0x418
 8005e32:	f2a3 4314 	subw	r3, r3, #1044	; 0x414
 8005e36:	601a      	str	r2, [r3, #0]
 8005e38:	f507 6383 	add.w	r3, r7, #1048	; 0x418
 8005e3c:	f2a3 4304 	subw	r3, r3, #1028	; 0x404
 8005e40:	4618      	mov	r0, r3
 8005e42:	f44f 6380 	mov.w	r3, #1024	; 0x400
 8005e46:	461a      	mov	r2, r3
 8005e48:	2100      	movs	r1, #0
 8005e4a:	f001 f91b 	bl	8007084 <memset>
 8005e4e:	f107 0214 	add.w	r2, r7, #20
 8005e52:	f507 6383 	add.w	r3, r7, #1048	; 0x418
 8005e56:	f5a3 6182 	sub.w	r1, r3, #1040	; 0x410
 8005e5a:	f507 6383 	add.w	r3, r7, #1048	; 0x418
 8005e5e:	f2a3 430c 	subw	r3, r3, #1036	; 0x40c
 8005e62:	6809      	ldr	r1, [r1, #0]
 8005e64:	6818      	ldr	r0, [r3, #0]
 8005e66:	f7ff fbbc 	bl	80055e2 <toom_cook_4way>
 8005e6a:	f44f 7380 	mov.w	r3, #256	; 0x100
 8005e6e:	f8c7 3414 	str.w	r3, [r7, #1044]	; 0x414
 8005e72:	e039      	b.n	8005ee8 <cryptolab_smaug1_poly_mul_acc+0xd6>
 8005e74:	f8d7 3414 	ldr.w	r3, [r7, #1044]	; 0x414
 8005e78:	f103 4300 	add.w	r3, r3, #2147483648	; 0x80000000
 8005e7c:	f5a3 7380 	sub.w	r3, r3, #256	; 0x100
 8005e80:	005b      	lsls	r3, r3, #1
 8005e82:	f507 6283 	add.w	r2, r7, #1048	; 0x418
 8005e86:	f2a2 4214 	subw	r2, r2, #1044	; 0x414
 8005e8a:	6812      	ldr	r2, [r2, #0]
 8005e8c:	4413      	add	r3, r2
 8005e8e:	f9b3 3000 	ldrsh.w	r3, [r3]
 8005e92:	b29a      	uxth	r2, r3
 8005e94:	f8d7 3414 	ldr.w	r3, [r7, #1044]	; 0x414
 8005e98:	f5a3 7180 	sub.w	r1, r3, #256	; 0x100
 8005e9c:	f507 6383 	add.w	r3, r7, #1048	; 0x418
 8005ea0:	f2a3 4304 	subw	r3, r3, #1028	; 0x404
 8005ea4:	f833 1011 	ldrh.w	r1, [r3, r1, lsl #1]
 8005ea8:	f507 6383 	add.w	r3, r7, #1048	; 0x418
 8005eac:	f2a3 4304 	subw	r3, r3, #1028	; 0x404
 8005eb0:	f8d7 0414 	ldr.w	r0, [r7, #1044]	; 0x414
 8005eb4:	f833 3010 	ldrh.w	r3, [r3, r0, lsl #1]
 8005eb8:	1acb      	subs	r3, r1, r3
 8005eba:	b29b      	uxth	r3, r3
 8005ebc:	4413      	add	r3, r2
 8005ebe:	b299      	uxth	r1, r3
 8005ec0:	f8d7 3414 	ldr.w	r3, [r7, #1044]	; 0x414
 8005ec4:	f103 4300 	add.w	r3, r3, #2147483648	; 0x80000000
 8005ec8:	f5a3 7380 	sub.w	r3, r3, #256	; 0x100
 8005ecc:	005b      	lsls	r3, r3, #1
 8005ece:	f507 6283 	add.w	r2, r7, #1048	; 0x418
 8005ed2:	f2a2 4214 	subw	r2, r2, #1044	; 0x414
 8005ed6:	6812      	ldr	r2, [r2, #0]
 8005ed8:	4413      	add	r3, r2
 8005eda:	b20a      	sxth	r2, r1
 8005edc:	801a      	strh	r2, [r3, #0]
 8005ede:	f8d7 3414 	ldr.w	r3, [r7, #1044]	; 0x414
 8005ee2:	3301      	adds	r3, #1
 8005ee4:	f8c7 3414 	str.w	r3, [r7, #1044]	; 0x414
 8005ee8:	f8d7 3414 	ldr.w	r3, [r7, #1044]	; 0x414
 8005eec:	f5b3 7f00 	cmp.w	r3, #512	; 0x200
 8005ef0:	dbc0      	blt.n	8005e74 <cryptolab_smaug1_poly_mul_acc+0x62>
 8005ef2:	bf00      	nop
 8005ef4:	bf00      	nop
 8005ef6:	f507 6783 	add.w	r7, r7, #1048	; 0x418
 8005efa:	46bd      	mov	sp, r7
 8005efc:	bd80      	pop	{r7, pc}
 8005efe:	0000      	movs	r0, r0

08005f00 <load24_littleendian>:
 8005f00:	b480      	push	{r7}
 8005f02:	b085      	sub	sp, #20
 8005f04:	af00      	add	r7, sp, #0
 8005f06:	6078      	str	r0, [r7, #4]
 8005f08:	687b      	ldr	r3, [r7, #4]
 8005f0a:	781b      	ldrb	r3, [r3, #0]
 8005f0c:	60fb      	str	r3, [r7, #12]
 8005f0e:	687b      	ldr	r3, [r7, #4]
 8005f10:	3301      	adds	r3, #1
 8005f12:	781b      	ldrb	r3, [r3, #0]
 8005f14:	021b      	lsls	r3, r3, #8
 8005f16:	68fa      	ldr	r2, [r7, #12]
 8005f18:	4313      	orrs	r3, r2
 8005f1a:	60fb      	str	r3, [r7, #12]
 8005f1c:	687b      	ldr	r3, [r7, #4]
 8005f1e:	3302      	adds	r3, #2
 8005f20:	781b      	ldrb	r3, [r3, #0]
 8005f22:	041b      	lsls	r3, r3, #16
 8005f24:	68fa      	ldr	r2, [r7, #12]
 8005f26:	4313      	orrs	r3, r2
 8005f28:	60fb      	str	r3, [r7, #12]
 8005f2a:	68fb      	ldr	r3, [r7, #12]
 8005f2c:	4618      	mov	r0, r3
 8005f2e:	3714      	adds	r7, #20
 8005f30:	46bd      	mov	sp, r7
 8005f32:	f85d 7b04 	ldr.w	r7, [sp], #4
 8005f36:	4770      	bx	lr

08005f38 <sp_cbd1>:
 8005f38:	b580      	push	{r7, lr}
 8005f3a:	b088      	sub	sp, #32
 8005f3c:	af00      	add	r7, sp, #0
 8005f3e:	6078      	str	r0, [r7, #4]
 8005f40:	6039      	str	r1, [r7, #0]
 8005f42:	2300      	movs	r3, #0
 8005f44:	61fb      	str	r3, [r7, #28]
 8005f46:	e049      	b.n	8005fdc <sp_cbd1+0xa4>
 8005f48:	69fa      	ldr	r2, [r7, #28]
 8005f4a:	4613      	mov	r3, r2
 8005f4c:	005b      	lsls	r3, r3, #1
 8005f4e:	4413      	add	r3, r2
 8005f50:	683a      	ldr	r2, [r7, #0]
 8005f52:	4413      	add	r3, r2
 8005f54:	4618      	mov	r0, r3
 8005f56:	f7ff ffd3 	bl	8005f00 <load24_littleendian>
 8005f5a:	6178      	str	r0, [r7, #20]
 8005f5c:	697a      	ldr	r2, [r7, #20]
 8005f5e:	4b23      	ldr	r3, [pc, #140]	; (8005fec <sp_cbd1+0xb4>)
 8005f60:	4013      	ands	r3, r2
 8005f62:	613b      	str	r3, [r7, #16]
 8005f64:	697b      	ldr	r3, [r7, #20]
 8005f66:	085a      	lsrs	r2, r3, #1
 8005f68:	693b      	ldr	r3, [r7, #16]
 8005f6a:	401a      	ands	r2, r3
 8005f6c:	4b1f      	ldr	r3, [pc, #124]	; (8005fec <sp_cbd1+0xb4>)
 8005f6e:	4013      	ands	r3, r2
 8005f70:	613b      	str	r3, [r7, #16]
 8005f72:	697b      	ldr	r3, [r7, #20]
 8005f74:	089a      	lsrs	r2, r3, #2
 8005f76:	4b1d      	ldr	r3, [pc, #116]	; (8005fec <sp_cbd1+0xb4>)
 8005f78:	4013      	ands	r3, r2
 8005f7a:	60fb      	str	r3, [r7, #12]
 8005f7c:	2300      	movs	r3, #0
 8005f7e:	61bb      	str	r3, [r7, #24]
 8005f80:	e026      	b.n	8005fd0 <sp_cbd1+0x98>
 8005f82:	69ba      	ldr	r2, [r7, #24]
 8005f84:	4613      	mov	r3, r2
 8005f86:	005b      	lsls	r3, r3, #1
 8005f88:	4413      	add	r3, r2
 8005f8a:	693a      	ldr	r2, [r7, #16]
 8005f8c:	fa22 f303 	lsr.w	r3, r2, r3
 8005f90:	b21b      	sxth	r3, r3
 8005f92:	f003 0301 	and.w	r3, r3, #1
 8005f96:	817b      	strh	r3, [r7, #10]
 8005f98:	69ba      	ldr	r2, [r7, #24]
 8005f9a:	4613      	mov	r3, r2
 8005f9c:	005b      	lsls	r3, r3, #1
 8005f9e:	4413      	add	r3, r2
 8005fa0:	68fa      	ldr	r2, [r7, #12]
 8005fa2:	fa22 f303 	lsr.w	r3, r2, r3
 8005fa6:	f003 0301 	and.w	r3, r3, #1
 8005faa:	425b      	negs	r3, r3
 8005fac:	f043 0301 	orr.w	r3, r3, #1
 8005fb0:	b29a      	uxth	r2, r3
 8005fb2:	897b      	ldrh	r3, [r7, #10]
 8005fb4:	fb12 f303 	smulbb	r3, r2, r3
 8005fb8:	b299      	uxth	r1, r3
 8005fba:	69fb      	ldr	r3, [r7, #28]
 8005fbc:	00da      	lsls	r2, r3, #3
 8005fbe:	69bb      	ldr	r3, [r7, #24]
 8005fc0:	441a      	add	r2, r3
 8005fc2:	b209      	sxth	r1, r1
 8005fc4:	687b      	ldr	r3, [r7, #4]
 8005fc6:	f823 1012 	strh.w	r1, [r3, r2, lsl #1]
 8005fca:	69bb      	ldr	r3, [r7, #24]
 8005fcc:	3301      	adds	r3, #1
 8005fce:	61bb      	str	r3, [r7, #24]
 8005fd0:	69bb      	ldr	r3, [r7, #24]
 8005fd2:	2b07      	cmp	r3, #7
 8005fd4:	d9d5      	bls.n	8005f82 <sp_cbd1+0x4a>
 8005fd6:	69fb      	ldr	r3, [r7, #28]
 8005fd8:	3301      	adds	r3, #1
 8005fda:	61fb      	str	r3, [r7, #28]
 8005fdc:	69fb      	ldr	r3, [r7, #28]
 8005fde:	2b1f      	cmp	r3, #31
 8005fe0:	d9b2      	bls.n	8005f48 <sp_cbd1+0x10>
 8005fe2:	bf00      	nop
 8005fe4:	bf00      	nop
 8005fe6:	3720      	adds	r7, #32
 8005fe8:	46bd      	mov	sp, r7
 8005fea:	bd80      	pop	{r7, pc}
 8005fec:	00249249 	.word	0x00249249

08005ff0 <cryptolab_smaug1_poly_cbd>:
 8005ff0:	b580      	push	{r7, lr}
 8005ff2:	b082      	sub	sp, #8
 8005ff4:	af00      	add	r7, sp, #0
 8005ff6:	6078      	str	r0, [r7, #4]
 8005ff8:	6039      	str	r1, [r7, #0]
 8005ffa:	6839      	ldr	r1, [r7, #0]
 8005ffc:	6878      	ldr	r0, [r7, #4]
 8005ffe:	f7ff ff9b 	bl	8005f38 <sp_cbd1>
 8006002:	bf00      	nop
 8006004:	3708      	adds	r7, #8
 8006006:	46bd      	mov	sp, r7
 8006008:	bd80      	pop	{r7, pc}
 800600a:	bf00      	nop

0800600c <cryptolab_smaug1_computeC1>:
 800600c:	b580      	push	{r7, lr}
 800600e:	b086      	sub	sp, #24
 8006010:	af00      	add	r7, sp, #0
 8006012:	60f8      	str	r0, [r7, #12]
 8006014:	60b9      	str	r1, [r7, #8]
 8006016:	607a      	str	r2, [r7, #4]
 8006018:	687a      	ldr	r2, [r7, #4]
 800601a:	68b9      	ldr	r1, [r7, #8]
 800601c:	68f8      	ldr	r0, [r7, #12]
 800601e:	f7fe fe11 	bl	8004c44 <cryptolab_smaug1_matrix_vec_mult_add>
 8006022:	2300      	movs	r3, #0
 8006024:	617b      	str	r3, [r7, #20]
 8006026:	e01f      	b.n	8006068 <cryptolab_smaug1_computeC1+0x5c>
 8006028:	2300      	movs	r3, #0
 800602a:	613b      	str	r3, [r7, #16]
 800602c:	e016      	b.n	800605c <cryptolab_smaug1_computeC1+0x50>
 800602e:	68fb      	ldr	r3, [r7, #12]
 8006030:	697a      	ldr	r2, [r7, #20]
 8006032:	0211      	lsls	r1, r2, #8
 8006034:	693a      	ldr	r2, [r7, #16]
 8006036:	440a      	add	r2, r1
 8006038:	f933 3012 	ldrsh.w	r3, [r3, r2, lsl #1]
 800603c:	3380      	adds	r3, #128	; 0x80
 800603e:	121b      	asrs	r3, r3, #8
 8006040:	b21b      	sxth	r3, r3
 8006042:	b2db      	uxtb	r3, r3
 8006044:	b218      	sxth	r0, r3
 8006046:	68fb      	ldr	r3, [r7, #12]
 8006048:	697a      	ldr	r2, [r7, #20]
 800604a:	0211      	lsls	r1, r2, #8
 800604c:	693a      	ldr	r2, [r7, #16]
 800604e:	440a      	add	r2, r1
 8006050:	4601      	mov	r1, r0
 8006052:	f823 1012 	strh.w	r1, [r3, r2, lsl #1]
 8006056:	693b      	ldr	r3, [r7, #16]
 8006058:	3301      	adds	r3, #1
 800605a:	613b      	str	r3, [r7, #16]
 800605c:	693b      	ldr	r3, [r7, #16]
 800605e:	2bff      	cmp	r3, #255	; 0xff
 8006060:	d9e5      	bls.n	800602e <cryptolab_smaug1_computeC1+0x22>
 8006062:	697b      	ldr	r3, [r7, #20]
 8006064:	3301      	adds	r3, #1
 8006066:	617b      	str	r3, [r7, #20]
 8006068:	697b      	ldr	r3, [r7, #20]
 800606a:	2b01      	cmp	r3, #1
 800606c:	d9dc      	bls.n	8006028 <cryptolab_smaug1_computeC1+0x1c>
 800606e:	bf00      	nop
 8006070:	bf00      	nop
 8006072:	3718      	adds	r7, #24
 8006074:	46bd      	mov	sp, r7
 8006076:	bd80      	pop	{r7, pc}

08006078 <cryptolab_smaug1_computeC2>:
 8006078:	b580      	push	{r7, lr}
 800607a:	b086      	sub	sp, #24
 800607c:	af00      	add	r7, sp, #0
 800607e:	60f8      	str	r0, [r7, #12]
 8006080:	60b9      	str	r1, [r7, #8]
 8006082:	607a      	str	r2, [r7, #4]
 8006084:	603b      	str	r3, [r7, #0]
 8006086:	2300      	movs	r3, #0
 8006088:	617b      	str	r3, [r7, #20]
 800608a:	e01d      	b.n	80060c8 <cryptolab_smaug1_computeC2+0x50>
 800608c:	2300      	movs	r3, #0
 800608e:	613b      	str	r3, [r7, #16]
 8006090:	e014      	b.n	80060bc <cryptolab_smaug1_computeC2+0x44>
 8006092:	68ba      	ldr	r2, [r7, #8]
 8006094:	697b      	ldr	r3, [r7, #20]
 8006096:	4413      	add	r3, r2
 8006098:	781b      	ldrb	r3, [r3, #0]
 800609a:	461a      	mov	r2, r3
 800609c:	693b      	ldr	r3, [r7, #16]
 800609e:	fa42 f303 	asr.w	r3, r2, r3
 80060a2:	b21b      	sxth	r3, r3
 80060a4:	697a      	ldr	r2, [r7, #20]
 80060a6:	00d1      	lsls	r1, r2, #3
 80060a8:	693a      	ldr	r2, [r7, #16]
 80060aa:	440a      	add	r2, r1
 80060ac:	03db      	lsls	r3, r3, #15
 80060ae:	b219      	sxth	r1, r3
 80060b0:	68fb      	ldr	r3, [r7, #12]
 80060b2:	f823 1012 	strh.w	r1, [r3, r2, lsl #1]
 80060b6:	693b      	ldr	r3, [r7, #16]
 80060b8:	3301      	adds	r3, #1
 80060ba:	613b      	str	r3, [r7, #16]
 80060bc:	693b      	ldr	r3, [r7, #16]
 80060be:	2b07      	cmp	r3, #7
 80060c0:	d9e7      	bls.n	8006092 <cryptolab_smaug1_computeC2+0x1a>
 80060c2:	697b      	ldr	r3, [r7, #20]
 80060c4:	3301      	adds	r3, #1
 80060c6:	617b      	str	r3, [r7, #20]
 80060c8:	697b      	ldr	r3, [r7, #20]
 80060ca:	2b1f      	cmp	r3, #31
 80060cc:	d9de      	bls.n	800608c <cryptolab_smaug1_computeC2+0x14>
 80060ce:	2306      	movs	r3, #6
 80060d0:	683a      	ldr	r2, [r7, #0]
 80060d2:	6879      	ldr	r1, [r7, #4]
 80060d4:	68f8      	ldr	r0, [r7, #12]
 80060d6:	f7fe fd13 	bl	8004b00 <cryptolab_smaug1_vec_vec_mult_add>
 80060da:	2300      	movs	r3, #0
 80060dc:	617b      	str	r3, [r7, #20]
 80060de:	e011      	b.n	8006104 <cryptolab_smaug1_computeC2+0x8c>
 80060e0:	68fb      	ldr	r3, [r7, #12]
 80060e2:	697a      	ldr	r2, [r7, #20]
 80060e4:	f933 3012 	ldrsh.w	r3, [r3, r2, lsl #1]
 80060e8:	f503 6380 	add.w	r3, r3, #1024	; 0x400
 80060ec:	12db      	asrs	r3, r3, #11
 80060ee:	b21b      	sxth	r3, r3
 80060f0:	f003 031f 	and.w	r3, r3, #31
 80060f4:	b219      	sxth	r1, r3
 80060f6:	68fb      	ldr	r3, [r7, #12]
 80060f8:	697a      	ldr	r2, [r7, #20]
 80060fa:	f823 1012 	strh.w	r1, [r3, r2, lsl #1]
 80060fe:	697b      	ldr	r3, [r7, #20]
 8006100:	3301      	adds	r3, #1
 8006102:	617b      	str	r3, [r7, #20]
 8006104:	697b      	ldr	r3, [r7, #20]
 8006106:	2bff      	cmp	r3, #255	; 0xff
 8006108:	d9ea      	bls.n	80060e0 <cryptolab_smaug1_computeC2+0x68>
 800610a:	bf00      	nop
 800610c:	bf00      	nop
 800610e:	3718      	adds	r7, #24
 8006110:	46bd      	mov	sp, r7
 8006112:	bd80      	pop	{r7, pc}

08006114 <load64_littleendian>:
 8006114:	e92d 0fb0 	stmdb	sp!, {r4, r5, r7, r8, r9, sl, fp}
 8006118:	b0a1      	sub	sp, #132	; 0x84
 800611a:	af00      	add	r7, sp, #0
 800611c:	6778      	str	r0, [r7, #116]	; 0x74
 800611e:	6739      	str	r1, [r7, #112]	; 0x70
 8006120:	66fa      	str	r2, [r7, #108]	; 0x6c
 8006122:	2300      	movs	r3, #0
 8006124:	67bb      	str	r3, [r7, #120]	; 0x78
 8006126:	2300      	movs	r3, #0
 8006128:	67fb      	str	r3, [r7, #124]	; 0x7c
 800612a:	e0b8      	b.n	800629e <load64_littleendian+0x18a>
 800612c:	6efa      	ldr	r2, [r7, #108]	; 0x6c
 800612e:	6fbb      	ldr	r3, [r7, #120]	; 0x78
 8006130:	4413      	add	r3, r2
 8006132:	781b      	ldrb	r3, [r3, #0]
 8006134:	b2db      	uxtb	r3, r3
 8006136:	2200      	movs	r2, #0
 8006138:	653b      	str	r3, [r7, #80]	; 0x50
 800613a:	657a      	str	r2, [r7, #84]	; 0x54
 800613c:	6fbb      	ldr	r3, [r7, #120]	; 0x78
 800613e:	1c5a      	adds	r2, r3, #1
 8006140:	6efb      	ldr	r3, [r7, #108]	; 0x6c
 8006142:	4413      	add	r3, r2
 8006144:	781b      	ldrb	r3, [r3, #0]
 8006146:	b2db      	uxtb	r3, r3
 8006148:	2200      	movs	r2, #0
 800614a:	663b      	str	r3, [r7, #96]	; 0x60
 800614c:	667a      	str	r2, [r7, #100]	; 0x64
 800614e:	f04f 0200 	mov.w	r2, #0
 8006152:	f04f 0300 	mov.w	r3, #0
 8006156:	6e79      	ldr	r1, [r7, #100]	; 0x64
 8006158:	020b      	lsls	r3, r1, #8
 800615a:	6e39      	ldr	r1, [r7, #96]	; 0x60
 800615c:	ea43 6311 	orr.w	r3, r3, r1, lsr #24
 8006160:	6e39      	ldr	r1, [r7, #96]	; 0x60
 8006162:	020a      	lsls	r2, r1, #8
 8006164:	6d39      	ldr	r1, [r7, #80]	; 0x50
 8006166:	4311      	orrs	r1, r2
 8006168:	64b9      	str	r1, [r7, #72]	; 0x48
 800616a:	6d79      	ldr	r1, [r7, #84]	; 0x54
 800616c:	430b      	orrs	r3, r1
 800616e:	64fb      	str	r3, [r7, #76]	; 0x4c
 8006170:	6fbb      	ldr	r3, [r7, #120]	; 0x78
 8006172:	1c9a      	adds	r2, r3, #2
 8006174:	6efb      	ldr	r3, [r7, #108]	; 0x6c
 8006176:	4413      	add	r3, r2
 8006178:	781b      	ldrb	r3, [r3, #0]
 800617a:	b2db      	uxtb	r3, r3
 800617c:	2200      	movs	r2, #0
 800617e:	65bb      	str	r3, [r7, #88]	; 0x58
 8006180:	65fa      	str	r2, [r7, #92]	; 0x5c
 8006182:	f04f 0200 	mov.w	r2, #0
 8006186:	f04f 0300 	mov.w	r3, #0
 800618a:	6df9      	ldr	r1, [r7, #92]	; 0x5c
 800618c:	040b      	lsls	r3, r1, #16
 800618e:	6db9      	ldr	r1, [r7, #88]	; 0x58
 8006190:	ea43 4311 	orr.w	r3, r3, r1, lsr #16
 8006194:	6db9      	ldr	r1, [r7, #88]	; 0x58
 8006196:	040a      	lsls	r2, r1, #16
 8006198:	6cb9      	ldr	r1, [r7, #72]	; 0x48
 800619a:	4311      	orrs	r1, r2
 800619c:	6439      	str	r1, [r7, #64]	; 0x40
 800619e:	6cf9      	ldr	r1, [r7, #76]	; 0x4c
 80061a0:	430b      	orrs	r3, r1
 80061a2:	647b      	str	r3, [r7, #68]	; 0x44
 80061a4:	6fbb      	ldr	r3, [r7, #120]	; 0x78
 80061a6:	1cda      	adds	r2, r3, #3
 80061a8:	6efb      	ldr	r3, [r7, #108]	; 0x6c
 80061aa:	4413      	add	r3, r2
 80061ac:	781b      	ldrb	r3, [r3, #0]
 80061ae:	b2db      	uxtb	r3, r3
 80061b0:	2200      	movs	r2, #0
 80061b2:	633b      	str	r3, [r7, #48]	; 0x30
 80061b4:	637a      	str	r2, [r7, #52]	; 0x34
 80061b6:	e9d7 120c 	ldrd	r1, r2, [r7, #48]	; 0x30
 80061ba:	460b      	mov	r3, r1
 80061bc:	0a1b      	lsrs	r3, r3, #8
 80061be:	62fb      	str	r3, [r7, #44]	; 0x2c
 80061c0:	460b      	mov	r3, r1
 80061c2:	061b      	lsls	r3, r3, #24
 80061c4:	62bb      	str	r3, [r7, #40]	; 0x28
 80061c6:	6c3b      	ldr	r3, [r7, #64]	; 0x40
 80061c8:	e9d7 010a 	ldrd	r0, r1, [r7, #40]	; 0x28
 80061cc:	4602      	mov	r2, r0
 80061ce:	4313      	orrs	r3, r2
 80061d0:	63bb      	str	r3, [r7, #56]	; 0x38
 80061d2:	6c7b      	ldr	r3, [r7, #68]	; 0x44
 80061d4:	460a      	mov	r2, r1
 80061d6:	4313      	orrs	r3, r2
 80061d8:	63fb      	str	r3, [r7, #60]	; 0x3c
 80061da:	6fbb      	ldr	r3, [r7, #120]	; 0x78
 80061dc:	1d1a      	adds	r2, r3, #4
 80061de:	6efb      	ldr	r3, [r7, #108]	; 0x6c
 80061e0:	4413      	add	r3, r2
 80061e2:	781b      	ldrb	r3, [r3, #0]
 80061e4:	b2db      	uxtb	r3, r3
 80061e6:	2200      	movs	r2, #0
 80061e8:	623b      	str	r3, [r7, #32]
 80061ea:	627a      	str	r2, [r7, #36]	; 0x24
 80061ec:	f04f 0200 	mov.w	r2, #0
 80061f0:	f04f 0300 	mov.w	r3, #0
 80061f4:	6a39      	ldr	r1, [r7, #32]
 80061f6:	000b      	movs	r3, r1
 80061f8:	2200      	movs	r2, #0
 80061fa:	6bb9      	ldr	r1, [r7, #56]	; 0x38
 80061fc:	ea41 0a02 	orr.w	sl, r1, r2
 8006200:	6bf9      	ldr	r1, [r7, #60]	; 0x3c
 8006202:	ea41 0b03 	orr.w	fp, r1, r3
 8006206:	6fbb      	ldr	r3, [r7, #120]	; 0x78
 8006208:	1d5a      	adds	r2, r3, #5
 800620a:	6efb      	ldr	r3, [r7, #108]	; 0x6c
 800620c:	4413      	add	r3, r2
 800620e:	781b      	ldrb	r3, [r3, #0]
 8006210:	b2db      	uxtb	r3, r3
 8006212:	2200      	movs	r2, #0
 8006214:	61bb      	str	r3, [r7, #24]
 8006216:	61fa      	str	r2, [r7, #28]
 8006218:	f04f 0200 	mov.w	r2, #0
 800621c:	f04f 0300 	mov.w	r3, #0
 8006220:	69b9      	ldr	r1, [r7, #24]
 8006222:	020b      	lsls	r3, r1, #8
 8006224:	2200      	movs	r2, #0
 8006226:	ea4a 0802 	orr.w	r8, sl, r2
 800622a:	ea4b 0903 	orr.w	r9, fp, r3
 800622e:	6fbb      	ldr	r3, [r7, #120]	; 0x78
 8006230:	1d9a      	adds	r2, r3, #6
 8006232:	6efb      	ldr	r3, [r7, #108]	; 0x6c
 8006234:	4413      	add	r3, r2
 8006236:	781b      	ldrb	r3, [r3, #0]
 8006238:	b2db      	uxtb	r3, r3
 800623a:	2200      	movs	r2, #0
 800623c:	613b      	str	r3, [r7, #16]
 800623e:	617a      	str	r2, [r7, #20]
 8006240:	f04f 0200 	mov.w	r2, #0
 8006244:	f04f 0300 	mov.w	r3, #0
 8006248:	6939      	ldr	r1, [r7, #16]
 800624a:	040b      	lsls	r3, r1, #16
 800624c:	2200      	movs	r2, #0
 800624e:	ea48 0402 	orr.w	r4, r8, r2
 8006252:	ea49 0503 	orr.w	r5, r9, r3
 8006256:	6fbb      	ldr	r3, [r7, #120]	; 0x78
 8006258:	1dda      	adds	r2, r3, #7
 800625a:	6efb      	ldr	r3, [r7, #108]	; 0x6c
 800625c:	4413      	add	r3, r2
 800625e:	781b      	ldrb	r3, [r3, #0]
 8006260:	b2db      	uxtb	r3, r3
 8006262:	2200      	movs	r2, #0
 8006264:	60bb      	str	r3, [r7, #8]
 8006266:	60fa      	str	r2, [r7, #12]
 8006268:	f04f 0000 	mov.w	r0, #0
 800626c:	f04f 0100 	mov.w	r1, #0
 8006270:	68bb      	ldr	r3, [r7, #8]
 8006272:	0619      	lsls	r1, r3, #24
 8006274:	2000      	movs	r0, #0
 8006276:	6ffb      	ldr	r3, [r7, #124]	; 0x7c
 8006278:	00da      	lsls	r2, r3, #3
 800627a:	6f7b      	ldr	r3, [r7, #116]	; 0x74
 800627c:	4413      	add	r3, r2
 800627e:	ea44 0200 	orr.w	r2, r4, r0
 8006282:	603a      	str	r2, [r7, #0]
 8006284:	ea45 0201 	orr.w	r2, r5, r1
 8006288:	607a      	str	r2, [r7, #4]
 800628a:	e9d7 1200 	ldrd	r1, r2, [r7]
 800628e:	e9c3 1200 	strd	r1, r2, [r3]
 8006292:	6fbb      	ldr	r3, [r7, #120]	; 0x78
 8006294:	3308      	adds	r3, #8
 8006296:	67bb      	str	r3, [r7, #120]	; 0x78
 8006298:	6ffb      	ldr	r3, [r7, #124]	; 0x7c
 800629a:	3301      	adds	r3, #1
 800629c:	67fb      	str	r3, [r7, #124]	; 0x7c
 800629e:	6ffa      	ldr	r2, [r7, #124]	; 0x7c
 80062a0:	6f3b      	ldr	r3, [r7, #112]	; 0x70
 80062a2:	429a      	cmp	r2, r3
 80062a4:	f4ff af42 	bcc.w	800612c <load64_littleendian+0x18>
 80062a8:	bf00      	nop
 80062aa:	bf00      	nop
 80062ac:	3784      	adds	r7, #132	; 0x84
 80062ae:	46bd      	mov	sp, r7
 80062b0:	e8bd 0fb0 	ldmia.w	sp!, {r4, r5, r7, r8, r9, sl, fp}
 80062b4:	4770      	bx	lr

080062b6 <cryptolab_smaug1_addGaussianError>:
 80062b6:	e92d 4ff0 	stmdb	sp!, {r4, r5, r6, r7, r8, r9, sl, fp, lr}
 80062ba:	f2ad 4da4 	subw	sp, sp, #1188	; 0x4a4
 80062be:	af00      	add	r7, sp, #0
 80062c0:	f507 6394 	add.w	r3, r7, #1184	; 0x4a0
 80062c4:	f5a3 732b 	sub.w	r3, r3, #684	; 0x2ac
 80062c8:	6018      	str	r0, [r3, #0]
 80062ca:	f507 6394 	add.w	r3, r7, #1184	; 0x4a0
 80062ce:	f5a3 732c 	sub.w	r3, r3, #688	; 0x2b0
 80062d2:	6019      	str	r1, [r3, #0]
 80062d4:	2300      	movs	r3, #0
 80062d6:	f8c7 349c 	str.w	r3, [r7, #1180]	; 0x49c
 80062da:	2300      	movs	r3, #0
 80062dc:	f8c7 3498 	str.w	r3, [r7, #1176]	; 0x498
 80062e0:	2300      	movs	r3, #0
 80062e2:	f8c7 3494 	str.w	r3, [r7, #1172]	; 0x494
 80062e6:	f507 6394 	add.w	r3, r7, #1184	; 0x4a0
 80062ea:	f5a3 73ac 	sub.w	r3, r3, #344	; 0x158
 80062ee:	4618      	mov	r0, r3
 80062f0:	f44f 73a0 	mov.w	r3, #320	; 0x140
 80062f4:	461a      	mov	r2, r3
 80062f6:	2100      	movs	r1, #0
 80062f8:	f000 fec4 	bl	8007084 <memset>
 80062fc:	f507 6394 	add.w	r3, r7, #1184	; 0x4a0
 8006300:	f5a3 7326 	sub.w	r3, r3, #664	; 0x298
 8006304:	4618      	mov	r0, r3
 8006306:	f44f 73a0 	mov.w	r3, #320	; 0x140
 800630a:	461a      	mov	r2, r3
 800630c:	2100      	movs	r1, #0
 800630e:	f000 feb9 	bl	8007084 <memset>
 8006312:	f507 6394 	add.w	r3, r7, #1184	; 0x4a0
 8006316:	f5a3 732a 	sub.w	r3, r3, #680	; 0x2a8
 800631a:	461a      	mov	r2, r3
 800631c:	2300      	movs	r3, #0
 800631e:	6013      	str	r3, [r2, #0]
 8006320:	6053      	str	r3, [r2, #4]
 8006322:	6093      	str	r3, [r2, #8]
 8006324:	60d3      	str	r3, [r2, #12]
 8006326:	2300      	movs	r3, #0
 8006328:	f8c7 3490 	str.w	r3, [r7, #1168]	; 0x490
 800632c:	f507 6394 	add.w	r3, r7, #1184	; 0x4a0
 8006330:	f5a3 722c 	sub.w	r2, r3, #688	; 0x2b0
 8006334:	f507 7002 	add.w	r0, r7, #520	; 0x208
 8006338:	2321      	movs	r3, #33	; 0x21
 800633a:	6812      	ldr	r2, [r2, #0]
 800633c:	f44f 71a0 	mov.w	r1, #320	; 0x140
 8006340:	f7fa fcd8 	bl	8000cf4 <shake256>
 8006344:	f507 7302 	add.w	r3, r7, #520	; 0x208
 8006348:	f507 7052 	add.w	r0, r7, #840	; 0x348
 800634c:	461a      	mov	r2, r3
 800634e:	2128      	movs	r1, #40	; 0x28
 8006350:	f7ff fee0 	bl	8006114 <load64_littleendian>
 8006354:	2300      	movs	r3, #0
 8006356:	f8c7 349c 	str.w	r3, [r7, #1180]	; 0x49c
 800635a:	f000 bc11 	b.w	8006b80 <cryptolab_smaug1_addGaussianError+0x8ca>
 800635e:	f8d7 3498 	ldr.w	r3, [r7, #1176]	; 0x498
 8006362:	00da      	lsls	r2, r3, #3
 8006364:	f507 7352 	add.w	r3, r7, #840	; 0x348
 8006368:	4413      	add	r3, r2
 800636a:	f8c7 3490 	str.w	r3, [r7, #1168]	; 0x490
 800636e:	f8d7 3490 	ldr.w	r3, [r7, #1168]	; 0x490
 8006372:	e9d3 0100 	ldrd	r0, r1, [r3]
 8006376:	f8d7 3490 	ldr.w	r3, [r7, #1168]	; 0x490
 800637a:	3308      	adds	r3, #8
 800637c:	e9d3 2300 	ldrd	r2, r3, [r3]
 8006380:	ea00 0402 	and.w	r4, r0, r2
 8006384:	f8c7 41c8 	str.w	r4, [r7, #456]	; 0x1c8
 8006388:	400b      	ands	r3, r1
 800638a:	f8c7 31cc 	str.w	r3, [r7, #460]	; 0x1cc
 800638e:	f8d7 3490 	ldr.w	r3, [r7, #1168]	; 0x490
 8006392:	3310      	adds	r3, #16
 8006394:	e9d3 2300 	ldrd	r2, r3, [r3]
 8006398:	e9d7 4572 	ldrd	r4, r5, [r7, #456]	; 0x1c8
 800639c:	4621      	mov	r1, r4
 800639e:	4011      	ands	r1, r2
 80063a0:	f8c7 11c0 	str.w	r1, [r7, #448]	; 0x1c0
 80063a4:	4629      	mov	r1, r5
 80063a6:	400b      	ands	r3, r1
 80063a8:	f8c7 31c4 	str.w	r3, [r7, #452]	; 0x1c4
 80063ac:	f8d7 3490 	ldr.w	r3, [r7, #1168]	; 0x490
 80063b0:	3318      	adds	r3, #24
 80063b2:	e9d3 2300 	ldrd	r2, r3, [r3]
 80063b6:	e9d7 4570 	ldrd	r4, r5, [r7, #448]	; 0x1c0
 80063ba:	4621      	mov	r1, r4
 80063bc:	4011      	ands	r1, r2
 80063be:	f8c7 11b8 	str.w	r1, [r7, #440]	; 0x1b8
 80063c2:	4629      	mov	r1, r5
 80063c4:	400b      	ands	r3, r1
 80063c6:	f8c7 31bc 	str.w	r3, [r7, #444]	; 0x1bc
 80063ca:	f8d7 3490 	ldr.w	r3, [r7, #1168]	; 0x490
 80063ce:	3320      	adds	r3, #32
 80063d0:	e9d3 2300 	ldrd	r2, r3, [r3]
 80063d4:	e9d7 456e 	ldrd	r4, r5, [r7, #440]	; 0x1b8
 80063d8:	4621      	mov	r1, r4
 80063da:	4011      	ands	r1, r2
 80063dc:	f8c7 11b0 	str.w	r1, [r7, #432]	; 0x1b0
 80063e0:	4629      	mov	r1, r5
 80063e2:	400b      	ands	r3, r1
 80063e4:	f8c7 31b4 	str.w	r3, [r7, #436]	; 0x1b4
 80063e8:	f8d7 3490 	ldr.w	r3, [r7, #1168]	; 0x490
 80063ec:	3328      	adds	r3, #40	; 0x28
 80063ee:	e9d3 2300 	ldrd	r2, r3, [r3]
 80063f2:	e9d7 456c 	ldrd	r4, r5, [r7, #432]	; 0x1b0
 80063f6:	4621      	mov	r1, r4
 80063f8:	4011      	ands	r1, r2
 80063fa:	f8c7 11a8 	str.w	r1, [r7, #424]	; 0x1a8
 80063fe:	4629      	mov	r1, r5
 8006400:	400b      	ands	r3, r1
 8006402:	f8c7 31ac 	str.w	r3, [r7, #428]	; 0x1ac
 8006406:	f8d7 3490 	ldr.w	r3, [r7, #1168]	; 0x490
 800640a:	3338      	adds	r3, #56	; 0x38
 800640c:	e9d3 2300 	ldrd	r2, r3, [r3]
 8006410:	e9d7 456a 	ldrd	r4, r5, [r7, #424]	; 0x1a8
 8006414:	4621      	mov	r1, r4
 8006416:	4011      	ands	r1, r2
 8006418:	f8c7 11a0 	str.w	r1, [r7, #416]	; 0x1a0
 800641c:	4629      	mov	r1, r5
 800641e:	400b      	ands	r3, r1
 8006420:	f8c7 31a4 	str.w	r3, [r7, #420]	; 0x1a4
 8006424:	f8d7 3490 	ldr.w	r3, [r7, #1168]	; 0x490
 8006428:	3340      	adds	r3, #64	; 0x40
 800642a:	e9d3 2300 	ldrd	r2, r3, [r3]
 800642e:	43d1      	mvns	r1, r2
 8006430:	f8c7 1198 	str.w	r1, [r7, #408]	; 0x198
 8006434:	43db      	mvns	r3, r3
 8006436:	f8c7 319c 	str.w	r3, [r7, #412]	; 0x19c
 800643a:	e9d7 4568 	ldrd	r4, r5, [r7, #416]	; 0x1a0
 800643e:	4623      	mov	r3, r4
 8006440:	e9d7 0166 	ldrd	r0, r1, [r7, #408]	; 0x198
 8006444:	4602      	mov	r2, r0
 8006446:	4013      	ands	r3, r2
 8006448:	f8c7 3190 	str.w	r3, [r7, #400]	; 0x190
 800644c:	462b      	mov	r3, r5
 800644e:	460a      	mov	r2, r1
 8006450:	4013      	ands	r3, r2
 8006452:	f8c7 3194 	str.w	r3, [r7, #404]	; 0x194
 8006456:	f8d7 3490 	ldr.w	r3, [r7, #1168]	; 0x490
 800645a:	e9d3 0100 	ldrd	r0, r1, [r3]
 800645e:	f8d7 3490 	ldr.w	r3, [r7, #1168]	; 0x490
 8006462:	3318      	adds	r3, #24
 8006464:	e9d3 2300 	ldrd	r2, r3, [r3]
 8006468:	ea00 0402 	and.w	r4, r0, r2
 800646c:	f8c7 4188 	str.w	r4, [r7, #392]	; 0x188
 8006470:	400b      	ands	r3, r1
 8006472:	f8c7 318c 	str.w	r3, [r7, #396]	; 0x18c
 8006476:	f8d7 3490 	ldr.w	r3, [r7, #1168]	; 0x490
 800647a:	3320      	adds	r3, #32
 800647c:	e9d3 2300 	ldrd	r2, r3, [r3]
 8006480:	e9d7 4562 	ldrd	r4, r5, [r7, #392]	; 0x188
 8006484:	4621      	mov	r1, r4
 8006486:	4011      	ands	r1, r2
 8006488:	f8c7 1180 	str.w	r1, [r7, #384]	; 0x180
 800648c:	4629      	mov	r1, r5
 800648e:	400b      	ands	r3, r1
 8006490:	f8c7 3184 	str.w	r3, [r7, #388]	; 0x184
 8006494:	f8d7 3490 	ldr.w	r3, [r7, #1168]	; 0x490
 8006498:	3328      	adds	r3, #40	; 0x28
 800649a:	e9d3 2300 	ldrd	r2, r3, [r3]
 800649e:	e9d7 4560 	ldrd	r4, r5, [r7, #384]	; 0x180
 80064a2:	4621      	mov	r1, r4
 80064a4:	4011      	ands	r1, r2
 80064a6:	f8c7 1178 	str.w	r1, [r7, #376]	; 0x178
 80064aa:	4629      	mov	r1, r5
 80064ac:	400b      	ands	r3, r1
 80064ae:	f8c7 317c 	str.w	r3, [r7, #380]	; 0x17c
 80064b2:	f8d7 3490 	ldr.w	r3, [r7, #1168]	; 0x490
 80064b6:	3330      	adds	r3, #48	; 0x30
 80064b8:	e9d3 2300 	ldrd	r2, r3, [r3]
 80064bc:	e9d7 455e 	ldrd	r4, r5, [r7, #376]	; 0x178
 80064c0:	4621      	mov	r1, r4
 80064c2:	4011      	ands	r1, r2
 80064c4:	f8c7 1170 	str.w	r1, [r7, #368]	; 0x170
 80064c8:	4629      	mov	r1, r5
 80064ca:	400b      	ands	r3, r1
 80064cc:	f8c7 3174 	str.w	r3, [r7, #372]	; 0x174
 80064d0:	f8d7 3490 	ldr.w	r3, [r7, #1168]	; 0x490
 80064d4:	3340      	adds	r3, #64	; 0x40
 80064d6:	e9d3 2300 	ldrd	r2, r3, [r3]
 80064da:	e9d7 455c 	ldrd	r4, r5, [r7, #368]	; 0x170
 80064de:	4621      	mov	r1, r4
 80064e0:	4011      	ands	r1, r2
 80064e2:	f8c7 1168 	str.w	r1, [r7, #360]	; 0x168
 80064e6:	4629      	mov	r1, r5
 80064e8:	400b      	ands	r3, r1
 80064ea:	f8c7 316c 	str.w	r3, [r7, #364]	; 0x16c
 80064ee:	e9d7 4564 	ldrd	r4, r5, [r7, #400]	; 0x190
 80064f2:	4623      	mov	r3, r4
 80064f4:	e9d7 015a 	ldrd	r0, r1, [r7, #360]	; 0x168
 80064f8:	4602      	mov	r2, r0
 80064fa:	4313      	orrs	r3, r2
 80064fc:	f8c7 3160 	str.w	r3, [r7, #352]	; 0x160
 8006500:	462b      	mov	r3, r5
 8006502:	460a      	mov	r2, r1
 8006504:	4313      	orrs	r3, r2
 8006506:	f8c7 3164 	str.w	r3, [r7, #356]	; 0x164
 800650a:	f8d7 3490 	ldr.w	r3, [r7, #1168]	; 0x490
 800650e:	3308      	adds	r3, #8
 8006510:	e9d3 0100 	ldrd	r0, r1, [r3]
 8006514:	f8d7 3490 	ldr.w	r3, [r7, #1168]	; 0x490
 8006518:	3318      	adds	r3, #24
 800651a:	e9d3 2300 	ldrd	r2, r3, [r3]
 800651e:	ea00 0402 	and.w	r4, r0, r2
 8006522:	f8c7 4158 	str.w	r4, [r7, #344]	; 0x158
 8006526:	400b      	ands	r3, r1
 8006528:	f8c7 315c 	str.w	r3, [r7, #348]	; 0x15c
 800652c:	f8d7 3490 	ldr.w	r3, [r7, #1168]	; 0x490
 8006530:	3320      	adds	r3, #32
 8006532:	e9d3 2300 	ldrd	r2, r3, [r3]
 8006536:	e9d7 4556 	ldrd	r4, r5, [r7, #344]	; 0x158
 800653a:	4621      	mov	r1, r4
 800653c:	4011      	ands	r1, r2
 800653e:	f8c7 1150 	str.w	r1, [r7, #336]	; 0x150
 8006542:	4629      	mov	r1, r5
 8006544:	400b      	ands	r3, r1
 8006546:	f8c7 3154 	str.w	r3, [r7, #340]	; 0x154
 800654a:	f8d7 3490 	ldr.w	r3, [r7, #1168]	; 0x490
 800654e:	3328      	adds	r3, #40	; 0x28
 8006550:	e9d3 2300 	ldrd	r2, r3, [r3]
 8006554:	e9d7 4554 	ldrd	r4, r5, [r7, #336]	; 0x150
 8006558:	4621      	mov	r1, r4
 800655a:	4011      	ands	r1, r2
 800655c:	f8c7 1148 	str.w	r1, [r7, #328]	; 0x148
 8006560:	4629      	mov	r1, r5
 8006562:	400b      	ands	r3, r1
 8006564:	f8c7 314c 	str.w	r3, [r7, #332]	; 0x14c
 8006568:	f8d7 3490 	ldr.w	r3, [r7, #1168]	; 0x490
 800656c:	3330      	adds	r3, #48	; 0x30
 800656e:	e9d3 2300 	ldrd	r2, r3, [r3]
 8006572:	e9d7 4552 	ldrd	r4, r5, [r7, #328]	; 0x148
 8006576:	4621      	mov	r1, r4
 8006578:	4011      	ands	r1, r2
 800657a:	f8c7 1140 	str.w	r1, [r7, #320]	; 0x140
 800657e:	4629      	mov	r1, r5
 8006580:	400b      	ands	r3, r1
 8006582:	f8c7 3144 	str.w	r3, [r7, #324]	; 0x144
 8006586:	f8d7 3490 	ldr.w	r3, [r7, #1168]	; 0x490
 800658a:	3340      	adds	r3, #64	; 0x40
 800658c:	e9d3 2300 	ldrd	r2, r3, [r3]
 8006590:	e9d7 4550 	ldrd	r4, r5, [r7, #320]	; 0x140
 8006594:	4621      	mov	r1, r4
 8006596:	4011      	ands	r1, r2
 8006598:	f8c7 1138 	str.w	r1, [r7, #312]	; 0x138
 800659c:	4629      	mov	r1, r5
 800659e:	400b      	ands	r3, r1
 80065a0:	f8c7 313c 	str.w	r3, [r7, #316]	; 0x13c
 80065a4:	e9d7 4558 	ldrd	r4, r5, [r7, #352]	; 0x160
 80065a8:	4623      	mov	r3, r4
 80065aa:	e9d7 014e 	ldrd	r0, r1, [r7, #312]	; 0x138
 80065ae:	4602      	mov	r2, r0
 80065b0:	4313      	orrs	r3, r2
 80065b2:	f8c7 3130 	str.w	r3, [r7, #304]	; 0x130
 80065b6:	462b      	mov	r3, r5
 80065b8:	460a      	mov	r2, r1
 80065ba:	4313      	orrs	r3, r2
 80065bc:	f8c7 3134 	str.w	r3, [r7, #308]	; 0x134
 80065c0:	f8d7 3490 	ldr.w	r3, [r7, #1168]	; 0x490
 80065c4:	3310      	adds	r3, #16
 80065c6:	e9d3 0100 	ldrd	r0, r1, [r3]
 80065ca:	f8d7 3490 	ldr.w	r3, [r7, #1168]	; 0x490
 80065ce:	3318      	adds	r3, #24
 80065d0:	e9d3 2300 	ldrd	r2, r3, [r3]
 80065d4:	ea00 0402 	and.w	r4, r0, r2
 80065d8:	f8c7 4128 	str.w	r4, [r7, #296]	; 0x128
 80065dc:	400b      	ands	r3, r1
 80065de:	f8c7 312c 	str.w	r3, [r7, #300]	; 0x12c
 80065e2:	f8d7 3490 	ldr.w	r3, [r7, #1168]	; 0x490
 80065e6:	3320      	adds	r3, #32
 80065e8:	e9d3 2300 	ldrd	r2, r3, [r3]
 80065ec:	e9d7 454a 	ldrd	r4, r5, [r7, #296]	; 0x128
 80065f0:	4621      	mov	r1, r4
 80065f2:	4011      	ands	r1, r2
 80065f4:	f8c7 1120 	str.w	r1, [r7, #288]	; 0x120
 80065f8:	4629      	mov	r1, r5
 80065fa:	400b      	ands	r3, r1
 80065fc:	f8c7 3124 	str.w	r3, [r7, #292]	; 0x124
 8006600:	f8d7 3490 	ldr.w	r3, [r7, #1168]	; 0x490
 8006604:	3328      	adds	r3, #40	; 0x28
 8006606:	e9d3 2300 	ldrd	r2, r3, [r3]
 800660a:	e9d7 4548 	ldrd	r4, r5, [r7, #288]	; 0x120
 800660e:	4621      	mov	r1, r4
 8006610:	4011      	ands	r1, r2
 8006612:	f8c7 1118 	str.w	r1, [r7, #280]	; 0x118
 8006616:	4629      	mov	r1, r5
 8006618:	400b      	ands	r3, r1
 800661a:	f8c7 311c 	str.w	r3, [r7, #284]	; 0x11c
 800661e:	f8d7 3490 	ldr.w	r3, [r7, #1168]	; 0x490
 8006622:	3330      	adds	r3, #48	; 0x30
 8006624:	e9d3 2300 	ldrd	r2, r3, [r3]
 8006628:	e9d7 4546 	ldrd	r4, r5, [r7, #280]	; 0x118
 800662c:	4621      	mov	r1, r4
 800662e:	4011      	ands	r1, r2
 8006630:	f8c7 1110 	str.w	r1, [r7, #272]	; 0x110
 8006634:	4629      	mov	r1, r5
 8006636:	400b      	ands	r3, r1
 8006638:	f8c7 3114 	str.w	r3, [r7, #276]	; 0x114
 800663c:	f8d7 3490 	ldr.w	r3, [r7, #1168]	; 0x490
 8006640:	3340      	adds	r3, #64	; 0x40
 8006642:	e9d3 2300 	ldrd	r2, r3, [r3]
 8006646:	e9d7 4544 	ldrd	r4, r5, [r7, #272]	; 0x110
 800664a:	4621      	mov	r1, r4
 800664c:	4011      	ands	r1, r2
 800664e:	f8c7 1108 	str.w	r1, [r7, #264]	; 0x108
 8006652:	4629      	mov	r1, r5
 8006654:	400b      	ands	r3, r1
 8006656:	f8c7 310c 	str.w	r3, [r7, #268]	; 0x10c
 800665a:	e9d7 454c 	ldrd	r4, r5, [r7, #304]	; 0x130
 800665e:	4623      	mov	r3, r4
 8006660:	e9d7 0142 	ldrd	r0, r1, [r7, #264]	; 0x108
 8006664:	4602      	mov	r2, r0
 8006666:	4313      	orrs	r3, r2
 8006668:	f8c7 3100 	str.w	r3, [r7, #256]	; 0x100
 800666c:	462b      	mov	r3, r5
 800666e:	460a      	mov	r2, r1
 8006670:	4313      	orrs	r3, r2
 8006672:	f8c7 3104 	str.w	r3, [r7, #260]	; 0x104
 8006676:	f8d7 3490 	ldr.w	r3, [r7, #1168]	; 0x490
 800667a:	3310      	adds	r3, #16
 800667c:	e9d3 0100 	ldrd	r0, r1, [r3]
 8006680:	f8d7 3490 	ldr.w	r3, [r7, #1168]	; 0x490
 8006684:	3318      	adds	r3, #24
 8006686:	e9d3 2300 	ldrd	r2, r3, [r3]
 800668a:	ea40 0402 	orr.w	r4, r0, r2
 800668e:	f8c7 40f8 	str.w	r4, [r7, #248]	; 0xf8
 8006692:	430b      	orrs	r3, r1
 8006694:	f8c7 30fc 	str.w	r3, [r7, #252]	; 0xfc
 8006698:	f8d7 3490 	ldr.w	r3, [r7, #1168]	; 0x490
 800669c:	3330      	adds	r3, #48	; 0x30
 800669e:	e9d3 2300 	ldrd	r2, r3, [r3]
 80066a2:	e9d7 453e 	ldrd	r4, r5, [r7, #248]	; 0xf8
 80066a6:	4621      	mov	r1, r4
 80066a8:	4311      	orrs	r1, r2
 80066aa:	f8c7 10f0 	str.w	r1, [r7, #240]	; 0xf0
 80066ae:	4629      	mov	r1, r5
 80066b0:	430b      	orrs	r3, r1
 80066b2:	f8c7 30f4 	str.w	r3, [r7, #244]	; 0xf4
 80066b6:	e9d7 123c 	ldrd	r1, r2, [r7, #240]	; 0xf0
 80066ba:	460b      	mov	r3, r1
 80066bc:	43db      	mvns	r3, r3
 80066be:	f8c7 30e8 	str.w	r3, [r7, #232]	; 0xe8
 80066c2:	4613      	mov	r3, r2
 80066c4:	43db      	mvns	r3, r3
 80066c6:	f8c7 30ec 	str.w	r3, [r7, #236]	; 0xec
 80066ca:	f8d7 3490 	ldr.w	r3, [r7, #1168]	; 0x490
 80066ce:	3340      	adds	r3, #64	; 0x40
 80066d0:	e9d3 2300 	ldrd	r2, r3, [r3]
 80066d4:	e9d7 453a 	ldrd	r4, r5, [r7, #232]	; 0xe8
 80066d8:	4621      	mov	r1, r4
 80066da:	4011      	ands	r1, r2
 80066dc:	f8c7 10e0 	str.w	r1, [r7, #224]	; 0xe0
 80066e0:	4629      	mov	r1, r5
 80066e2:	400b      	ands	r3, r1
 80066e4:	f8c7 30e4 	str.w	r3, [r7, #228]	; 0xe4
 80066e8:	e9d7 4540 	ldrd	r4, r5, [r7, #256]	; 0x100
 80066ec:	4623      	mov	r3, r4
 80066ee:	e9d7 0138 	ldrd	r0, r1, [r7, #224]	; 0xe0
 80066f2:	4602      	mov	r2, r0
 80066f4:	4313      	orrs	r3, r2
 80066f6:	f8c7 30d8 	str.w	r3, [r7, #216]	; 0xd8
 80066fa:	462b      	mov	r3, r5
 80066fc:	460a      	mov	r2, r1
 80066fe:	4313      	orrs	r3, r2
 8006700:	f8c7 30dc 	str.w	r3, [r7, #220]	; 0xdc
 8006704:	f8d7 3490 	ldr.w	r3, [r7, #1168]	; 0x490
 8006708:	3308      	adds	r3, #8
 800670a:	e9d3 0100 	ldrd	r0, r1, [r3]
 800670e:	f8d7 3490 	ldr.w	r3, [r7, #1168]	; 0x490
 8006712:	3318      	adds	r3, #24
 8006714:	e9d3 2300 	ldrd	r2, r3, [r3]
 8006718:	ea40 0402 	orr.w	r4, r0, r2
 800671c:	f8c7 40d0 	str.w	r4, [r7, #208]	; 0xd0
 8006720:	430b      	orrs	r3, r1
 8006722:	f8c7 30d4 	str.w	r3, [r7, #212]	; 0xd4
 8006726:	f8d7 3490 	ldr.w	r3, [r7, #1168]	; 0x490
 800672a:	3330      	adds	r3, #48	; 0x30
 800672c:	e9d3 2300 	ldrd	r2, r3, [r3]
 8006730:	e9d7 4534 	ldrd	r4, r5, [r7, #208]	; 0xd0
 8006734:	4621      	mov	r1, r4
 8006736:	4311      	orrs	r1, r2
 8006738:	f8c7 10c8 	str.w	r1, [r7, #200]	; 0xc8
 800673c:	4629      	mov	r1, r5
 800673e:	430b      	orrs	r3, r1
 8006740:	f8c7 30cc 	str.w	r3, [r7, #204]	; 0xcc
 8006744:	e9d7 1232 	ldrd	r1, r2, [r7, #200]	; 0xc8
 8006748:	460b      	mov	r3, r1
 800674a:	43db      	mvns	r3, r3
 800674c:	f8c7 30c0 	str.w	r3, [r7, #192]	; 0xc0
 8006750:	4613      	mov	r3, r2
 8006752:	43db      	mvns	r3, r3
 8006754:	f8c7 30c4 	str.w	r3, [r7, #196]	; 0xc4
 8006758:	f8d7 3490 	ldr.w	r3, [r7, #1168]	; 0x490
 800675c:	3340      	adds	r3, #64	; 0x40
 800675e:	e9d3 2300 	ldrd	r2, r3, [r3]
 8006762:	e9d7 4530 	ldrd	r4, r5, [r7, #192]	; 0xc0
 8006766:	4621      	mov	r1, r4
 8006768:	4011      	ands	r1, r2
 800676a:	f8c7 10b8 	str.w	r1, [r7, #184]	; 0xb8
 800676e:	4629      	mov	r1, r5
 8006770:	400b      	ands	r3, r1
 8006772:	f8c7 30bc 	str.w	r3, [r7, #188]	; 0xbc
 8006776:	e9d7 4536 	ldrd	r4, r5, [r7, #216]	; 0xd8
 800677a:	4623      	mov	r3, r4
 800677c:	e9d7 012e 	ldrd	r0, r1, [r7, #184]	; 0xb8
 8006780:	4602      	mov	r2, r0
 8006782:	4313      	orrs	r3, r2
 8006784:	f8c7 30b0 	str.w	r3, [r7, #176]	; 0xb0
 8006788:	462b      	mov	r3, r5
 800678a:	460a      	mov	r2, r1
 800678c:	4313      	orrs	r3, r2
 800678e:	f8c7 30b4 	str.w	r3, [r7, #180]	; 0xb4
 8006792:	f8d7 3490 	ldr.w	r3, [r7, #1168]	; 0x490
 8006796:	3330      	adds	r3, #48	; 0x30
 8006798:	e9d3 0100 	ldrd	r0, r1, [r3]
 800679c:	f8d7 3490 	ldr.w	r3, [r7, #1168]	; 0x490
 80067a0:	3338      	adds	r3, #56	; 0x38
 80067a2:	e9d3 2300 	ldrd	r2, r3, [r3]
 80067a6:	ea00 0402 	and.w	r4, r0, r2
 80067aa:	f8c7 40a8 	str.w	r4, [r7, #168]	; 0xa8
 80067ae:	400b      	ands	r3, r1
 80067b0:	f8c7 30ac 	str.w	r3, [r7, #172]	; 0xac
 80067b4:	f8d7 3490 	ldr.w	r3, [r7, #1168]	; 0x490
 80067b8:	3340      	adds	r3, #64	; 0x40
 80067ba:	e9d3 2300 	ldrd	r2, r3, [r3]
 80067be:	43d1      	mvns	r1, r2
 80067c0:	f8c7 10a0 	str.w	r1, [r7, #160]	; 0xa0
 80067c4:	43db      	mvns	r3, r3
 80067c6:	f8c7 30a4 	str.w	r3, [r7, #164]	; 0xa4
 80067ca:	e9d7 452a 	ldrd	r4, r5, [r7, #168]	; 0xa8
 80067ce:	4623      	mov	r3, r4
 80067d0:	e9d7 0128 	ldrd	r0, r1, [r7, #160]	; 0xa0
 80067d4:	4602      	mov	r2, r0
 80067d6:	4013      	ands	r3, r2
 80067d8:	f8c7 3098 	str.w	r3, [r7, #152]	; 0x98
 80067dc:	462b      	mov	r3, r5
 80067de:	460a      	mov	r2, r1
 80067e0:	4013      	ands	r3, r2
 80067e2:	f8c7 309c 	str.w	r3, [r7, #156]	; 0x9c
 80067e6:	e9d7 452c 	ldrd	r4, r5, [r7, #176]	; 0xb0
 80067ea:	4623      	mov	r3, r4
 80067ec:	e9d7 0126 	ldrd	r0, r1, [r7, #152]	; 0x98
 80067f0:	4602      	mov	r2, r0
 80067f2:	4313      	orrs	r3, r2
 80067f4:	f8c7 3090 	str.w	r3, [r7, #144]	; 0x90
 80067f8:	462b      	mov	r3, r5
 80067fa:	460a      	mov	r2, r1
 80067fc:	4313      	orrs	r3, r2
 80067fe:	f8c7 3094 	str.w	r3, [r7, #148]	; 0x94
 8006802:	f8d7 3490 	ldr.w	r3, [r7, #1168]	; 0x490
 8006806:	3328      	adds	r3, #40	; 0x28
 8006808:	e9d3 0100 	ldrd	r0, r1, [r3]
 800680c:	f8d7 3490 	ldr.w	r3, [r7, #1168]	; 0x490
 8006810:	3330      	adds	r3, #48	; 0x30
 8006812:	e9d3 2300 	ldrd	r2, r3, [r3]
 8006816:	ea40 0402 	orr.w	r4, r0, r2
 800681a:	f8c7 4088 	str.w	r4, [r7, #136]	; 0x88
 800681e:	430b      	orrs	r3, r1
 8006820:	f8c7 308c 	str.w	r3, [r7, #140]	; 0x8c
 8006824:	e9d7 1222 	ldrd	r1, r2, [r7, #136]	; 0x88
 8006828:	460b      	mov	r3, r1
 800682a:	43db      	mvns	r3, r3
 800682c:	f8c7 3080 	str.w	r3, [r7, #128]	; 0x80
 8006830:	4613      	mov	r3, r2
 8006832:	43db      	mvns	r3, r3
 8006834:	f8c7 3084 	str.w	r3, [r7, #132]	; 0x84
 8006838:	f8d7 3490 	ldr.w	r3, [r7, #1168]	; 0x490
 800683c:	3340      	adds	r3, #64	; 0x40
 800683e:	e9d3 2300 	ldrd	r2, r3, [r3]
 8006842:	e9d7 4520 	ldrd	r4, r5, [r7, #128]	; 0x80
 8006846:	4621      	mov	r1, r4
 8006848:	4011      	ands	r1, r2
 800684a:	67b9      	str	r1, [r7, #120]	; 0x78
 800684c:	4629      	mov	r1, r5
 800684e:	400b      	ands	r3, r1
 8006850:	67fb      	str	r3, [r7, #124]	; 0x7c
 8006852:	e9d7 4524 	ldrd	r4, r5, [r7, #144]	; 0x90
 8006856:	4623      	mov	r3, r4
 8006858:	e9d7 011e 	ldrd	r0, r1, [r7, #120]	; 0x78
 800685c:	4602      	mov	r2, r0
 800685e:	4313      	orrs	r3, r2
 8006860:	673b      	str	r3, [r7, #112]	; 0x70
 8006862:	462b      	mov	r3, r5
 8006864:	460a      	mov	r2, r1
 8006866:	4313      	orrs	r3, r2
 8006868:	677b      	str	r3, [r7, #116]	; 0x74
 800686a:	f8d7 3490 	ldr.w	r3, [r7, #1168]	; 0x490
 800686e:	3320      	adds	r3, #32
 8006870:	e9d3 0100 	ldrd	r0, r1, [r3]
 8006874:	f8d7 3490 	ldr.w	r3, [r7, #1168]	; 0x490
 8006878:	3330      	adds	r3, #48	; 0x30
 800687a:	e9d3 2300 	ldrd	r2, r3, [r3]
 800687e:	ea40 0402 	orr.w	r4, r0, r2
 8006882:	66bc      	str	r4, [r7, #104]	; 0x68
 8006884:	430b      	orrs	r3, r1
 8006886:	66fb      	str	r3, [r7, #108]	; 0x6c
 8006888:	e9d7 121a 	ldrd	r1, r2, [r7, #104]	; 0x68
 800688c:	460b      	mov	r3, r1
 800688e:	43db      	mvns	r3, r3
 8006890:	663b      	str	r3, [r7, #96]	; 0x60
 8006892:	4613      	mov	r3, r2
 8006894:	43db      	mvns	r3, r3
 8006896:	667b      	str	r3, [r7, #100]	; 0x64
 8006898:	f8d7 3490 	ldr.w	r3, [r7, #1168]	; 0x490
 800689c:	3340      	adds	r3, #64	; 0x40
 800689e:	e9d3 2300 	ldrd	r2, r3, [r3]
 80068a2:	e9d7 4518 	ldrd	r4, r5, [r7, #96]	; 0x60
 80068a6:	4621      	mov	r1, r4
 80068a8:	4011      	ands	r1, r2
 80068aa:	65b9      	str	r1, [r7, #88]	; 0x58
 80068ac:	4629      	mov	r1, r5
 80068ae:	400b      	ands	r3, r1
 80068b0:	65fb      	str	r3, [r7, #92]	; 0x5c
 80068b2:	e9d7 451c 	ldrd	r4, r5, [r7, #112]	; 0x70
 80068b6:	4623      	mov	r3, r4
 80068b8:	e9d7 0116 	ldrd	r0, r1, [r7, #88]	; 0x58
 80068bc:	4602      	mov	r2, r0
 80068be:	4313      	orrs	r3, r2
 80068c0:	653b      	str	r3, [r7, #80]	; 0x50
 80068c2:	462b      	mov	r3, r5
 80068c4:	460a      	mov	r2, r1
 80068c6:	4313      	orrs	r3, r2
 80068c8:	657b      	str	r3, [r7, #84]	; 0x54
 80068ca:	f8d7 3490 	ldr.w	r3, [r7, #1168]	; 0x490
 80068ce:	3338      	adds	r3, #56	; 0x38
 80068d0:	e9d3 2300 	ldrd	r2, r3, [r3]
 80068d4:	43d1      	mvns	r1, r2
 80068d6:	64b9      	str	r1, [r7, #72]	; 0x48
 80068d8:	43db      	mvns	r3, r3
 80068da:	64fb      	str	r3, [r7, #76]	; 0x4c
 80068dc:	f8d7 3490 	ldr.w	r3, [r7, #1168]	; 0x490
 80068e0:	3340      	adds	r3, #64	; 0x40
 80068e2:	e9d3 2300 	ldrd	r2, r3, [r3]
 80068e6:	e9d7 4512 	ldrd	r4, r5, [r7, #72]	; 0x48
 80068ea:	4621      	mov	r1, r4
 80068ec:	4011      	ands	r1, r2
 80068ee:	6439      	str	r1, [r7, #64]	; 0x40
 80068f0:	4629      	mov	r1, r5
 80068f2:	400b      	ands	r3, r1
 80068f4:	647b      	str	r3, [r7, #68]	; 0x44
 80068f6:	e9d7 4514 	ldrd	r4, r5, [r7, #80]	; 0x50
 80068fa:	4623      	mov	r3, r4
 80068fc:	e9d7 0110 	ldrd	r0, r1, [r7, #64]	; 0x40
 8006900:	4602      	mov	r2, r0
 8006902:	4313      	orrs	r3, r2
 8006904:	63bb      	str	r3, [r7, #56]	; 0x38
 8006906:	462b      	mov	r3, r5
 8006908:	460a      	mov	r2, r1
 800690a:	4313      	orrs	r3, r2
 800690c:	63fb      	str	r3, [r7, #60]	; 0x3c
 800690e:	f507 6394 	add.w	r3, r7, #1184	; 0x4a0
 8006912:	f5a3 732a 	sub.w	r3, r3, #680	; 0x2a8
 8006916:	e9d7 120e 	ldrd	r1, r2, [r7, #56]	; 0x38
 800691a:	e9c3 1200 	strd	r1, r2, [r3]
 800691e:	f8d7 3490 	ldr.w	r3, [r7, #1168]	; 0x490
 8006922:	3340      	adds	r3, #64	; 0x40
 8006924:	e9d3 0100 	ldrd	r0, r1, [r3]
 8006928:	e9c7 0100 	strd	r0, r1, [r7]
 800692c:	f8d7 3490 	ldr.w	r3, [r7, #1168]	; 0x490
 8006930:	3338      	adds	r3, #56	; 0x38
 8006932:	e9d3 ab00 	ldrd	sl, fp, [r3]
 8006936:	f8d7 3490 	ldr.w	r3, [r7, #1168]	; 0x490
 800693a:	3328      	adds	r3, #40	; 0x28
 800693c:	e9d3 8900 	ldrd	r8, r9, [r3]
 8006940:	f8d7 3490 	ldr.w	r3, [r7, #1168]	; 0x490
 8006944:	3320      	adds	r3, #32
 8006946:	e9d3 4500 	ldrd	r4, r5, [r3]
 800694a:	f8d7 3490 	ldr.w	r3, [r7, #1168]	; 0x490
 800694e:	3308      	adds	r3, #8
 8006950:	e9d3 0100 	ldrd	r0, r1, [r3]
 8006954:	f8d7 3490 	ldr.w	r3, [r7, #1168]	; 0x490
 8006958:	3310      	adds	r3, #16
 800695a:	e9d3 2300 	ldrd	r2, r3, [r3]
 800695e:	ea00 0602 	and.w	r6, r0, r2
 8006962:	f8c7 61d0 	str.w	r6, [r7, #464]	; 0x1d0
 8006966:	400b      	ands	r3, r1
 8006968:	f8c7 31d4 	str.w	r3, [r7, #468]	; 0x1d4
 800696c:	f8d7 3490 	ldr.w	r3, [r7, #1168]	; 0x490
 8006970:	3318      	adds	r3, #24
 8006972:	e9d3 2300 	ldrd	r2, r3, [r3]
 8006976:	f8d7 11d0 	ldr.w	r1, [r7, #464]	; 0x1d0
 800697a:	4311      	orrs	r1, r2
 800697c:	6339      	str	r1, [r7, #48]	; 0x30
 800697e:	f8d7 11d4 	ldr.w	r1, [r7, #468]	; 0x1d4
 8006982:	430b      	orrs	r3, r1
 8006984:	637b      	str	r3, [r7, #52]	; 0x34
 8006986:	e9d7 120c 	ldrd	r1, r2, [r7, #48]	; 0x30
 800698a:	460b      	mov	r3, r1
 800698c:	4023      	ands	r3, r4
 800698e:	62bb      	str	r3, [r7, #40]	; 0x28
 8006990:	4613      	mov	r3, r2
 8006992:	402b      	ands	r3, r5
 8006994:	62fb      	str	r3, [r7, #44]	; 0x2c
 8006996:	e9d7 120a 	ldrd	r1, r2, [r7, #40]	; 0x28
 800699a:	460b      	mov	r3, r1
 800699c:	ea08 0303 	and.w	r3, r8, r3
 80069a0:	623b      	str	r3, [r7, #32]
 80069a2:	4613      	mov	r3, r2
 80069a4:	ea09 0303 	and.w	r3, r9, r3
 80069a8:	627b      	str	r3, [r7, #36]	; 0x24
 80069aa:	f8d7 3490 	ldr.w	r3, [r7, #1168]	; 0x490
 80069ae:	3330      	adds	r3, #48	; 0x30
 80069b0:	e9d3 2300 	ldrd	r2, r3, [r3]
 80069b4:	e9d7 4508 	ldrd	r4, r5, [r7, #32]
 80069b8:	4621      	mov	r1, r4
 80069ba:	4311      	orrs	r1, r2
 80069bc:	61b9      	str	r1, [r7, #24]
 80069be:	4629      	mov	r1, r5
 80069c0:	430b      	orrs	r3, r1
 80069c2:	61fb      	str	r3, [r7, #28]
 80069c4:	e9d7 1206 	ldrd	r1, r2, [r7, #24]
 80069c8:	460b      	mov	r3, r1
 80069ca:	ea0a 0303 	and.w	r3, sl, r3
 80069ce:	613b      	str	r3, [r7, #16]
 80069d0:	4613      	mov	r3, r2
 80069d2:	ea0b 0303 	and.w	r3, fp, r3
 80069d6:	617b      	str	r3, [r7, #20]
 80069d8:	e9d7 0100 	ldrd	r0, r1, [r7]
 80069dc:	4603      	mov	r3, r0
 80069de:	e9d7 4504 	ldrd	r4, r5, [r7, #16]
 80069e2:	4622      	mov	r2, r4
 80069e4:	4013      	ands	r3, r2
 80069e6:	60bb      	str	r3, [r7, #8]
 80069e8:	460b      	mov	r3, r1
 80069ea:	462a      	mov	r2, r5
 80069ec:	4013      	ands	r3, r2
 80069ee:	60fb      	str	r3, [r7, #12]
 80069f0:	f507 6394 	add.w	r3, r7, #1184	; 0x4a0
 80069f4:	f5a3 732a 	sub.w	r3, r3, #680	; 0x2a8
 80069f8:	e9d7 1202 	ldrd	r1, r2, [r7, #8]
 80069fc:	e9c3 1202 	strd	r1, r2, [r3, #8]
 8006a00:	2300      	movs	r3, #0
 8006a02:	f8c7 3494 	str.w	r3, [r7, #1172]	; 0x494
 8006a06:	e0ac      	b.n	8006b62 <cryptolab_smaug1_addGaussianError+0x8ac>
 8006a08:	f507 6394 	add.w	r3, r7, #1184	; 0x4a0
 8006a0c:	f5a3 732a 	sub.w	r3, r3, #680	; 0x2a8
 8006a10:	e9d3 2300 	ldrd	r2, r3, [r3]
 8006a14:	f8d7 4494 	ldr.w	r4, [r7, #1172]	; 0x494
 8006a18:	f1c4 0120 	rsb	r1, r4, #32
 8006a1c:	f1a4 0020 	sub.w	r0, r4, #32
 8006a20:	fa22 f504 	lsr.w	r5, r2, r4
 8006a24:	f8c7 51e8 	str.w	r5, [r7, #488]	; 0x1e8
 8006a28:	fa03 f101 	lsl.w	r1, r3, r1
 8006a2c:	f8d7 51e8 	ldr.w	r5, [r7, #488]	; 0x1e8
 8006a30:	430d      	orrs	r5, r1
 8006a32:	f8c7 51e8 	str.w	r5, [r7, #488]	; 0x1e8
 8006a36:	fa23 f000 	lsr.w	r0, r3, r0
 8006a3a:	f8d7 11e8 	ldr.w	r1, [r7, #488]	; 0x1e8
 8006a3e:	4301      	orrs	r1, r0
 8006a40:	f8c7 11e8 	str.w	r1, [r7, #488]	; 0x1e8
 8006a44:	40e3      	lsrs	r3, r4
 8006a46:	f8c7 31ec 	str.w	r3, [r7, #492]	; 0x1ec
 8006a4a:	f8b7 31e8 	ldrh.w	r3, [r7, #488]	; 0x1e8
 8006a4e:	f003 0301 	and.w	r3, r3, #1
 8006a52:	b29d      	uxth	r5, r3
 8006a54:	f507 6394 	add.w	r3, r7, #1184	; 0x4a0
 8006a58:	f5a3 732a 	sub.w	r3, r3, #680	; 0x2a8
 8006a5c:	e9d3 2302 	ldrd	r2, r3, [r3, #8]
 8006a60:	f8d7 4494 	ldr.w	r4, [r7, #1172]	; 0x494
 8006a64:	f1c4 0120 	rsb	r1, r4, #32
 8006a68:	f1a4 0020 	sub.w	r0, r4, #32
 8006a6c:	fa22 f604 	lsr.w	r6, r2, r4
 8006a70:	f8c7 61e0 	str.w	r6, [r7, #480]	; 0x1e0
 8006a74:	fa03 f101 	lsl.w	r1, r3, r1
 8006a78:	f8d7 61e0 	ldr.w	r6, [r7, #480]	; 0x1e0
 8006a7c:	430e      	orrs	r6, r1
 8006a7e:	f8c7 61e0 	str.w	r6, [r7, #480]	; 0x1e0
 8006a82:	fa23 f000 	lsr.w	r0, r3, r0
 8006a86:	f8d7 11e0 	ldr.w	r1, [r7, #480]	; 0x1e0
 8006a8a:	4301      	orrs	r1, r0
 8006a8c:	f8c7 11e0 	str.w	r1, [r7, #480]	; 0x1e0
 8006a90:	40e3      	lsrs	r3, r4
 8006a92:	f8c7 31e4 	str.w	r3, [r7, #484]	; 0x1e4
 8006a96:	f8b7 31e0 	ldrh.w	r3, [r7, #480]	; 0x1e0
 8006a9a:	005b      	lsls	r3, r3, #1
 8006a9c:	b29b      	uxth	r3, r3
 8006a9e:	f003 0302 	and.w	r3, r3, #2
 8006aa2:	b29b      	uxth	r3, r3
 8006aa4:	432b      	orrs	r3, r5
 8006aa6:	b298      	uxth	r0, r3
 8006aa8:	f8d7 249c 	ldr.w	r2, [r7, #1180]	; 0x49c
 8006aac:	f8d7 3494 	ldr.w	r3, [r7, #1172]	; 0x494
 8006ab0:	18d1      	adds	r1, r2, r3
 8006ab2:	b200      	sxth	r0, r0
 8006ab4:	f507 6394 	add.w	r3, r7, #1184	; 0x4a0
 8006ab8:	f5a3 732b 	sub.w	r3, r3, #684	; 0x2ac
 8006abc:	681a      	ldr	r2, [r3, #0]
 8006abe:	4603      	mov	r3, r0
 8006ac0:	f822 3011 	strh.w	r3, [r2, r1, lsl #1]
 8006ac4:	f8d7 3490 	ldr.w	r3, [r7, #1168]	; 0x490
 8006ac8:	3348      	adds	r3, #72	; 0x48
 8006aca:	e9d3 2300 	ldrd	r2, r3, [r3]
 8006ace:	f8d7 4494 	ldr.w	r4, [r7, #1172]	; 0x494
 8006ad2:	f1c4 0120 	rsb	r1, r4, #32
 8006ad6:	f1a4 0020 	sub.w	r0, r4, #32
 8006ada:	fa22 f504 	lsr.w	r5, r2, r4
 8006ade:	f8c7 51d8 	str.w	r5, [r7, #472]	; 0x1d8
 8006ae2:	fa03 f101 	lsl.w	r1, r3, r1
 8006ae6:	f8d7 51d8 	ldr.w	r5, [r7, #472]	; 0x1d8
 8006aea:	430d      	orrs	r5, r1
 8006aec:	f8c7 51d8 	str.w	r5, [r7, #472]	; 0x1d8
 8006af0:	fa23 f000 	lsr.w	r0, r3, r0
 8006af4:	f8d7 11d8 	ldr.w	r1, [r7, #472]	; 0x1d8
 8006af8:	4301      	orrs	r1, r0
 8006afa:	f8c7 11d8 	str.w	r1, [r7, #472]	; 0x1d8
 8006afe:	40e3      	lsrs	r3, r4
 8006b00:	f8c7 31dc 	str.w	r3, [r7, #476]	; 0x1dc
 8006b04:	f8b7 31d8 	ldrh.w	r3, [r7, #472]	; 0x1d8
 8006b08:	f003 0301 	and.w	r3, r3, #1
 8006b0c:	f8a7 348e 	strh.w	r3, [r7, #1166]	; 0x48e
 8006b10:	f8b7 348e 	ldrh.w	r3, [r7, #1166]	; 0x48e
 8006b14:	4259      	negs	r1, r3
 8006b16:	f8d7 249c 	ldr.w	r2, [r7, #1180]	; 0x49c
 8006b1a:	f8d7 3494 	ldr.w	r3, [r7, #1172]	; 0x494
 8006b1e:	441a      	add	r2, r3
 8006b20:	f507 6394 	add.w	r3, r7, #1184	; 0x4a0
 8006b24:	f5a3 732b 	sub.w	r3, r3, #684	; 0x2ac
 8006b28:	681b      	ldr	r3, [r3, #0]
 8006b2a:	f933 3012 	ldrsh.w	r3, [r3, r2, lsl #1]
 8006b2e:	ea81 0203 	eor.w	r2, r1, r3
 8006b32:	f8b7 348e 	ldrh.w	r3, [r7, #1166]	; 0x48e
 8006b36:	4413      	add	r3, r2
 8006b38:	b219      	sxth	r1, r3
 8006b3a:	f8d7 249c 	ldr.w	r2, [r7, #1180]	; 0x49c
 8006b3e:	f8d7 3494 	ldr.w	r3, [r7, #1172]	; 0x494
 8006b42:	18d0      	adds	r0, r2, r3
 8006b44:	018b      	lsls	r3, r1, #6
 8006b46:	b219      	sxth	r1, r3
 8006b48:	f507 6394 	add.w	r3, r7, #1184	; 0x4a0
 8006b4c:	f5a3 732b 	sub.w	r3, r3, #684	; 0x2ac
 8006b50:	681a      	ldr	r2, [r3, #0]
 8006b52:	460b      	mov	r3, r1
 8006b54:	f822 3010 	strh.w	r3, [r2, r0, lsl #1]
 8006b58:	f8d7 3494 	ldr.w	r3, [r7, #1172]	; 0x494
 8006b5c:	3301      	adds	r3, #1
 8006b5e:	f8c7 3494 	str.w	r3, [r7, #1172]	; 0x494
 8006b62:	f8d7 3494 	ldr.w	r3, [r7, #1172]	; 0x494
 8006b66:	2b3f      	cmp	r3, #63	; 0x3f
 8006b68:	f67f af4e 	bls.w	8006a08 <cryptolab_smaug1_addGaussianError+0x752>
 8006b6c:	f8d7 3498 	ldr.w	r3, [r7, #1176]	; 0x498
 8006b70:	330a      	adds	r3, #10
 8006b72:	f8c7 3498 	str.w	r3, [r7, #1176]	; 0x498
 8006b76:	f8d7 349c 	ldr.w	r3, [r7, #1180]	; 0x49c
 8006b7a:	3340      	adds	r3, #64	; 0x40
 8006b7c:	f8c7 349c 	str.w	r3, [r7, #1180]	; 0x49c
 8006b80:	f8d7 349c 	ldr.w	r3, [r7, #1180]	; 0x49c
 8006b84:	2bff      	cmp	r3, #255	; 0xff
 8006b86:	f67f abea 	bls.w	800635e <cryptolab_smaug1_addGaussianError+0xa8>
 8006b8a:	2300      	movs	r3, #0
 8006b8c:	4618      	mov	r0, r3
 8006b8e:	f207 47a4 	addw	r7, r7, #1188	; 0x4a4
 8006b92:	46bd      	mov	sp, r7
 8006b94:	e8bd 8ff0 	ldmia.w	sp!, {r4, r5, r6, r7, r8, r9, sl, fp, pc}

08006b98 <cryptolab_smaug1_addGaussianErrorVec>:
 8006b98:	b580      	push	{r7, lr}
 8006b9a:	b08c      	sub	sp, #48	; 0x30
 8006b9c:	af00      	add	r7, sp, #0
 8006b9e:	6078      	str	r0, [r7, #4]
 8006ba0:	6039      	str	r1, [r7, #0]
 8006ba2:	f107 0308 	add.w	r3, r7, #8
 8006ba6:	2221      	movs	r2, #33	; 0x21
 8006ba8:	2100      	movs	r1, #0
 8006baa:	4618      	mov	r0, r3
 8006bac:	f000 fa6a 	bl	8007084 <memset>
 8006bb0:	f107 0308 	add.w	r3, r7, #8
 8006bb4:	2220      	movs	r2, #32
 8006bb6:	6839      	ldr	r1, [r7, #0]
 8006bb8:	4618      	mov	r0, r3
 8006bba:	f000 f9c9 	bl	8006f50 <memcpy>
 8006bbe:	2300      	movs	r3, #0
 8006bc0:	62fb      	str	r3, [r7, #44]	; 0x2c
 8006bc2:	e012      	b.n	8006bea <cryptolab_smaug1_addGaussianErrorVec+0x52>
 8006bc4:	6afb      	ldr	r3, [r7, #44]	; 0x2c
 8006bc6:	b2db      	uxtb	r3, r3
 8006bc8:	005b      	lsls	r3, r3, #1
 8006bca:	b2db      	uxtb	r3, r3
 8006bcc:	f887 3028 	strb.w	r3, [r7, #40]	; 0x28
 8006bd0:	6afb      	ldr	r3, [r7, #44]	; 0x2c
 8006bd2:	025b      	lsls	r3, r3, #9
 8006bd4:	687a      	ldr	r2, [r7, #4]
 8006bd6:	4413      	add	r3, r2
 8006bd8:	f107 0208 	add.w	r2, r7, #8
 8006bdc:	4611      	mov	r1, r2
 8006bde:	4618      	mov	r0, r3
 8006be0:	f7ff fb69 	bl	80062b6 <cryptolab_smaug1_addGaussianError>
 8006be4:	6afb      	ldr	r3, [r7, #44]	; 0x2c
 8006be6:	3301      	adds	r3, #1
 8006be8:	62fb      	str	r3, [r7, #44]	; 0x2c
 8006bea:	6afb      	ldr	r3, [r7, #44]	; 0x2c
 8006bec:	2b01      	cmp	r3, #1
 8006bee:	d9e9      	bls.n	8006bc4 <cryptolab_smaug1_addGaussianErrorVec+0x2c>
 8006bf0:	bf00      	nop
 8006bf2:	bf00      	nop
 8006bf4:	3730      	adds	r7, #48	; 0x30
 8006bf6:	46bd      	mov	sp, r7
 8006bf8:	bd80      	pop	{r7, pc}

08006bfa <load16_littleendian>:
 8006bfa:	b480      	push	{r7}
 8006bfc:	b087      	sub	sp, #28
 8006bfe:	af00      	add	r7, sp, #0
 8006c00:	60f8      	str	r0, [r7, #12]
 8006c02:	60b9      	str	r1, [r7, #8]
 8006c04:	607a      	str	r2, [r7, #4]
 8006c06:	2300      	movs	r3, #0
 8006c08:	617b      	str	r3, [r7, #20]
 8006c0a:	2300      	movs	r3, #0
 8006c0c:	613b      	str	r3, [r7, #16]
 8006c0e:	e01a      	b.n	8006c46 <load16_littleendian+0x4c>
 8006c10:	697b      	ldr	r3, [r7, #20]
 8006c12:	687a      	ldr	r2, [r7, #4]
 8006c14:	4413      	add	r3, r2
 8006c16:	781b      	ldrb	r3, [r3, #0]
 8006c18:	b21a      	sxth	r2, r3
 8006c1a:	697b      	ldr	r3, [r7, #20]
 8006c1c:	3301      	adds	r3, #1
 8006c1e:	6879      	ldr	r1, [r7, #4]
 8006c20:	440b      	add	r3, r1
 8006c22:	781b      	ldrb	r3, [r3, #0]
 8006c24:	b21b      	sxth	r3, r3
 8006c26:	021b      	lsls	r3, r3, #8
 8006c28:	b21b      	sxth	r3, r3
 8006c2a:	4313      	orrs	r3, r2
 8006c2c:	b219      	sxth	r1, r3
 8006c2e:	693b      	ldr	r3, [r7, #16]
 8006c30:	005b      	lsls	r3, r3, #1
 8006c32:	68fa      	ldr	r2, [r7, #12]
 8006c34:	4413      	add	r3, r2
 8006c36:	b28a      	uxth	r2, r1
 8006c38:	801a      	strh	r2, [r3, #0]
 8006c3a:	697b      	ldr	r3, [r7, #20]
 8006c3c:	3302      	adds	r3, #2
 8006c3e:	617b      	str	r3, [r7, #20]
 8006c40:	693b      	ldr	r3, [r7, #16]
 8006c42:	3301      	adds	r3, #1
 8006c44:	613b      	str	r3, [r7, #16]
 8006c46:	693a      	ldr	r2, [r7, #16]
 8006c48:	68bb      	ldr	r3, [r7, #8]
 8006c4a:	429a      	cmp	r2, r3
 8006c4c:	dbe0      	blt.n	8006c10 <load16_littleendian+0x16>
 8006c4e:	bf00      	nop
 8006c50:	bf00      	nop
 8006c52:	371c      	adds	r7, #28
 8006c54:	46bd      	mov	sp, r7
 8006c56:	f85d 7b04 	ldr.w	r7, [sp], #4
 8006c5a:	4770      	bx	lr

08006c5c <rejsampling_mod>:
 8006c5c:	b480      	push	{r7}
 8006c5e:	b089      	sub	sp, #36	; 0x24
 8006c60:	af00      	add	r7, sp, #0
 8006c62:	6078      	str	r0, [r7, #4]
 8006c64:	6039      	str	r1, [r7, #0]
 8006c66:	f44f 7380 	mov.w	r3, #256	; 0x100
 8006c6a:	61bb      	str	r3, [r7, #24]
 8006c6c:	2300      	movs	r3, #0
 8006c6e:	61fb      	str	r3, [r7, #28]
 8006c70:	e03e      	b.n	8006cf0 <rejsampling_mod+0x94>
 8006c72:	69fb      	ldr	r3, [r7, #28]
 8006c74:	b29b      	uxth	r3, r3
 8006c76:	f5c3 7380 	rsb	r3, r3, #256	; 0x100
 8006c7a:	823b      	strh	r3, [r7, #16]
 8006c7c:	8a3b      	ldrh	r3, [r7, #16]
 8006c7e:	f44f 3280 	mov.w	r2, #65536	; 0x10000
 8006c82:	fb92 f1f3 	sdiv	r1, r2, r3
 8006c86:	fb01 f303 	mul.w	r3, r1, r3
 8006c8a:	1ad3      	subs	r3, r2, r3
 8006c8c:	81fb      	strh	r3, [r7, #14]
 8006c8e:	69fb      	ldr	r3, [r7, #28]
 8006c90:	005b      	lsls	r3, r3, #1
 8006c92:	683a      	ldr	r2, [r7, #0]
 8006c94:	4413      	add	r3, r2
 8006c96:	881b      	ldrh	r3, [r3, #0]
 8006c98:	461a      	mov	r2, r3
 8006c9a:	8a3b      	ldrh	r3, [r7, #16]
 8006c9c:	fb02 f303 	mul.w	r3, r2, r3
 8006ca0:	617b      	str	r3, [r7, #20]
 8006ca2:	697b      	ldr	r3, [r7, #20]
 8006ca4:	827b      	strh	r3, [r7, #18]
 8006ca6:	e014      	b.n	8006cd2 <rejsampling_mod+0x76>
 8006ca8:	69bb      	ldr	r3, [r7, #24]
 8006caa:	f5b3 7f9a 	cmp.w	r3, #308	; 0x134
 8006cae:	d302      	bcc.n	8006cb6 <rejsampling_mod+0x5a>
 8006cb0:	f04f 33ff 	mov.w	r3, #4294967295	; 0xffffffff
 8006cb4:	e020      	b.n	8006cf8 <rejsampling_mod+0x9c>
 8006cb6:	69bb      	ldr	r3, [r7, #24]
 8006cb8:	1c5a      	adds	r2, r3, #1
 8006cba:	61ba      	str	r2, [r7, #24]
 8006cbc:	005b      	lsls	r3, r3, #1
 8006cbe:	683a      	ldr	r2, [r7, #0]
 8006cc0:	4413      	add	r3, r2
 8006cc2:	881b      	ldrh	r3, [r3, #0]
 8006cc4:	461a      	mov	r2, r3
 8006cc6:	8a3b      	ldrh	r3, [r7, #16]
 8006cc8:	fb02 f303 	mul.w	r3, r2, r3
 8006ccc:	617b      	str	r3, [r7, #20]
 8006cce:	697b      	ldr	r3, [r7, #20]
 8006cd0:	827b      	strh	r3, [r7, #18]
 8006cd2:	8a7a      	ldrh	r2, [r7, #18]
 8006cd4:	89fb      	ldrh	r3, [r7, #14]
 8006cd6:	429a      	cmp	r2, r3
 8006cd8:	d3e6      	bcc.n	8006ca8 <rejsampling_mod+0x4c>
 8006cda:	697b      	ldr	r3, [r7, #20]
 8006cdc:	0c19      	lsrs	r1, r3, #16
 8006cde:	69fb      	ldr	r3, [r7, #28]
 8006ce0:	005b      	lsls	r3, r3, #1
 8006ce2:	687a      	ldr	r2, [r7, #4]
 8006ce4:	4413      	add	r3, r2
 8006ce6:	b20a      	sxth	r2, r1
 8006ce8:	801a      	strh	r2, [r3, #0]
 8006cea:	69fb      	ldr	r3, [r7, #28]
 8006cec:	3301      	adds	r3, #1
 8006cee:	61fb      	str	r3, [r7, #28]
 8006cf0:	69fb      	ldr	r3, [r7, #28]
 8006cf2:	2bff      	cmp	r3, #255	; 0xff
 8006cf4:	d9bd      	bls.n	8006c72 <rejsampling_mod+0x16>
 8006cf6:	2300      	movs	r3, #0
 8006cf8:	4618      	mov	r0, r3
 8006cfa:	3724      	adds	r7, #36	; 0x24
 8006cfc:	46bd      	mov	sp, r7
 8006cfe:	f85d 7b04 	ldr.w	r7, [sp], #4
 8006d02:	4770      	bx	lr

08006d04 <cryptolab_smaug1_hwt>:
 8006d04:	b580      	push	{r7, lr}
 8006d06:	f5ad 6dfe 	sub.w	sp, sp, #2032	; 0x7f0
 8006d0a:	af00      	add	r7, sp, #0
 8006d0c:	f507 63fe 	add.w	r3, r7, #2032	; 0x7f0
 8006d10:	f2a3 73ec 	subw	r3, r3, #2028	; 0x7ec
 8006d14:	6018      	str	r0, [r3, #0]
 8006d16:	f507 63fe 	add.w	r3, r7, #2032	; 0x7f0
 8006d1a:	f5a3 63fe 	sub.w	r3, r3, #2032	; 0x7f0
 8006d1e:	6019      	str	r1, [r3, #0]
 8006d20:	f507 63fe 	add.w	r3, r7, #2032	; 0x7f0
 8006d24:	f5a3 7302 	sub.w	r3, r3, #520	; 0x208
 8006d28:	4618      	mov	r0, r3
 8006d2a:	f44f 7300 	mov.w	r3, #512	; 0x200
 8006d2e:	461a      	mov	r2, r3
 8006d30:	2100      	movs	r1, #0
 8006d32:	f000 f9a7 	bl	8007084 <memset>
 8006d36:	f507 63fe 	add.w	r3, r7, #2032	; 0x7f0
 8006d3a:	f5a3 638e 	sub.w	r3, r3, #1136	; 0x470
 8006d3e:	4618      	mov	r0, r3
 8006d40:	f44f 731a 	mov.w	r3, #616	; 0x268
 8006d44:	461a      	mov	r2, r3
 8006d46:	2100      	movs	r1, #0
 8006d48:	f000 f99c 	bl	8007084 <memset>
 8006d4c:	f507 63fe 	add.w	r3, r7, #2032	; 0x7f0
 8006d50:	f5a3 6396 	sub.w	r3, r3, #1200	; 0x4b0
 8006d54:	4618      	mov	r0, r3
 8006d56:	2340      	movs	r3, #64	; 0x40
 8006d58:	461a      	mov	r2, r3
 8006d5a:	2100      	movs	r1, #0
 8006d5c:	f000 f992 	bl	8007084 <memset>
 8006d60:	f507 63fe 	add.w	r3, r7, #2032	; 0x7f0
 8006d64:	f5a3 63e3 	sub.w	r3, r3, #1816	; 0x718
 8006d68:	4618      	mov	r0, r3
 8006d6a:	f44f 731a 	mov.w	r3, #616	; 0x268
 8006d6e:	461a      	mov	r2, r3
 8006d70:	2100      	movs	r1, #0
 8006d72:	f000 f987 	bl	8007084 <memset>
 8006d76:	f107 0308 	add.w	r3, r7, #8
 8006d7a:	4618      	mov	r0, r3
 8006d7c:	f7f9 fe23 	bl	80009c6 <shake256_inc_init>
 8006d80:	f507 63fe 	add.w	r3, r7, #2032	; 0x7f0
 8006d84:	f5a3 63fe 	sub.w	r3, r3, #2032	; 0x7f0
 8006d88:	f107 0008 	add.w	r0, r7, #8
 8006d8c:	2222      	movs	r2, #34	; 0x22
 8006d8e:	6819      	ldr	r1, [r3, #0]
 8006d90:	f7f9 fe25 	bl	80009de <shake256_inc_absorb>
 8006d94:	f107 0208 	add.w	r2, r7, #8
 8006d98:	f107 03d8 	add.w	r3, r7, #216	; 0xd8
 8006d9c:	f44f 711a 	mov.w	r1, #616	; 0x268
 8006da0:	4618      	mov	r0, r3
 8006da2:	f7f9 fe3a 	bl	8000a1a <shake256_inc_squeeze>
 8006da6:	f107 02d8 	add.w	r2, r7, #216	; 0xd8
 8006daa:	f507 7360 	add.w	r3, r7, #896	; 0x380
 8006dae:	f44f 719a 	mov.w	r1, #308	; 0x134
 8006db2:	4618      	mov	r0, r3
 8006db4:	f7ff ff21 	bl	8006bfa <load16_littleendian>
 8006db8:	f507 7260 	add.w	r2, r7, #896	; 0x380
 8006dbc:	f507 63bd 	add.w	r3, r7, #1512	; 0x5e8
 8006dc0:	4611      	mov	r1, r2
 8006dc2:	4618      	mov	r0, r3
 8006dc4:	f7ff ff4a 	bl	8006c5c <rejsampling_mod>
 8006dc8:	4603      	mov	r3, r0
 8006dca:	2b00      	cmp	r3, #0
 8006dcc:	d002      	beq.n	8006dd4 <cryptolab_smaug1_hwt+0xd0>
 8006dce:	f04f 33ff 	mov.w	r3, #4294967295	; 0xffffffff
 8006dd2:	e078      	b.n	8006ec6 <cryptolab_smaug1_hwt+0x1c2>
 8006dd4:	f107 0208 	add.w	r2, r7, #8
 8006dd8:	f507 7350 	add.w	r3, r7, #832	; 0x340
 8006ddc:	2140      	movs	r1, #64	; 0x40
 8006dde:	4618      	mov	r0, r3
 8006de0:	f7f9 fe1b 	bl	8000a1a <shake256_inc_squeeze>
 8006de4:	23ba      	movs	r3, #186	; 0xba
 8006de6:	f8a7 37ea 	strh.w	r3, [r7, #2026]	; 0x7ea
 8006dea:	2300      	movs	r3, #0
 8006dec:	f8c7 37ec 	str.w	r3, [r7, #2028]	; 0x7ec
 8006df0:	e064      	b.n	8006ebc <cryptolab_smaug1_hwt+0x1b8>
 8006df2:	f507 63fe 	add.w	r3, r7, #2032	; 0x7f0
 8006df6:	f5a3 7302 	sub.w	r3, r3, #520	; 0x208
 8006dfa:	f8d7 27ec 	ldr.w	r2, [r7, #2028]	; 0x7ec
 8006dfe:	f933 3012 	ldrsh.w	r3, [r3, r2, lsl #1]
 8006e02:	461a      	mov	r2, r3
 8006e04:	f9b7 37ea 	ldrsh.w	r3, [r7, #2026]	; 0x7ea
 8006e08:	1ad3      	subs	r3, r2, r3
 8006e0a:	13db      	asrs	r3, r3, #15
 8006e0c:	f8a7 37e8 	strh.w	r3, [r7, #2024]	; 0x7e8
 8006e10:	f8b7 27ea 	ldrh.w	r2, [r7, #2026]	; 0x7ea
 8006e14:	f8b7 37e8 	ldrh.w	r3, [r7, #2024]	; 0x7e8
 8006e18:	4413      	add	r3, r2
 8006e1a:	b29b      	uxth	r3, r3
 8006e1c:	f8a7 37ea 	strh.w	r3, [r7, #2026]	; 0x7ea
 8006e20:	f8b7 37e8 	ldrh.w	r3, [r7, #2024]	; 0x7e8
 8006e24:	3301      	adds	r3, #1
 8006e26:	b299      	uxth	r1, r3
 8006e28:	f8d7 37ec 	ldr.w	r3, [r7, #2028]	; 0x7ec
 8006e2c:	005b      	lsls	r3, r3, #1
 8006e2e:	f507 62fe 	add.w	r2, r7, #2032	; 0x7f0
 8006e32:	f2a2 72ec 	subw	r2, r2, #2028	; 0x7ec
 8006e36:	6812      	ldr	r2, [r2, #0]
 8006e38:	4413      	add	r3, r2
 8006e3a:	b20a      	sxth	r2, r1
 8006e3c:	801a      	strh	r2, [r3, #0]
 8006e3e:	f8d7 37ec 	ldr.w	r3, [r7, #2028]	; 0x7ec
 8006e42:	005b      	lsls	r3, r3, #1
 8006e44:	f507 62fe 	add.w	r2, r7, #2032	; 0x7f0
 8006e48:	f2a2 72ec 	subw	r2, r2, #2028	; 0x7ec
 8006e4c:	6812      	ldr	r2, [r2, #0]
 8006e4e:	4413      	add	r3, r2
 8006e50:	f9b3 3000 	ldrsh.w	r3, [r3]
 8006e54:	b29b      	uxth	r3, r3
 8006e56:	425b      	negs	r3, r3
 8006e58:	b29b      	uxth	r3, r3
 8006e5a:	b219      	sxth	r1, r3
 8006e5c:	f8d7 37ec 	ldr.w	r3, [r7, #2028]	; 0x7ec
 8006e60:	09db      	lsrs	r3, r3, #7
 8006e62:	011a      	lsls	r2, r3, #4
 8006e64:	f8d7 37ec 	ldr.w	r3, [r7, #2028]	; 0x7ec
 8006e68:	f003 030f 	and.w	r3, r3, #15
 8006e6c:	4413      	add	r3, r2
 8006e6e:	f507 62fe 	add.w	r2, r7, #2032	; 0x7f0
 8006e72:	f5a2 6296 	sub.w	r2, r2, #1200	; 0x4b0
 8006e76:	5cd3      	ldrb	r3, [r2, r3]
 8006e78:	461a      	mov	r2, r3
 8006e7a:	f8d7 37ec 	ldr.w	r3, [r7, #2028]	; 0x7ec
 8006e7e:	091b      	lsrs	r3, r3, #4
 8006e80:	f003 0307 	and.w	r3, r3, #7
 8006e84:	fa42 f303 	asr.w	r3, r2, r3
 8006e88:	b29b      	uxth	r3, r3
 8006e8a:	005b      	lsls	r3, r3, #1
 8006e8c:	b29b      	uxth	r3, r3
 8006e8e:	f003 0302 	and.w	r3, r3, #2
 8006e92:	b29b      	uxth	r3, r3
 8006e94:	3b01      	subs	r3, #1
 8006e96:	b29b      	uxth	r3, r3
 8006e98:	b21a      	sxth	r2, r3
 8006e9a:	f8d7 37ec 	ldr.w	r3, [r7, #2028]	; 0x7ec
 8006e9e:	005b      	lsls	r3, r3, #1
 8006ea0:	f507 60fe 	add.w	r0, r7, #2032	; 0x7f0
 8006ea4:	f2a0 70ec 	subw	r0, r0, #2028	; 0x7ec
 8006ea8:	6800      	ldr	r0, [r0, #0]
 8006eaa:	4403      	add	r3, r0
 8006eac:	400a      	ands	r2, r1
 8006eae:	b212      	sxth	r2, r2
 8006eb0:	801a      	strh	r2, [r3, #0]
 8006eb2:	f8d7 37ec 	ldr.w	r3, [r7, #2028]	; 0x7ec
 8006eb6:	3301      	adds	r3, #1
 8006eb8:	f8c7 37ec 	str.w	r3, [r7, #2028]	; 0x7ec
 8006ebc:	f8d7 37ec 	ldr.w	r3, [r7, #2028]	; 0x7ec
 8006ec0:	2bff      	cmp	r3, #255	; 0xff
 8006ec2:	d996      	bls.n	8006df2 <cryptolab_smaug1_hwt+0xee>
 8006ec4:	2300      	movs	r3, #0
 8006ec6:	4618      	mov	r0, r3
 8006ec8:	f507 67fe 	add.w	r7, r7, #2032	; 0x7f0
 8006ecc:	46bd      	mov	sp, r7
 8006ece:	bd80      	pop	{r7, pc}

08006ed0 <atexit>:
 8006ed0:	2300      	movs	r3, #0
 8006ed2:	4601      	mov	r1, r0
 8006ed4:	461a      	mov	r2, r3
 8006ed6:	4618      	mov	r0, r3
 8006ed8:	f000 b926 	b.w	8007128 <__register_exitproc>

08006edc <__libc_fini_array>:
 8006edc:	b538      	push	{r3, r4, r5, lr}
 8006ede:	4b08      	ldr	r3, [pc, #32]	; (8006f00 <__libc_fini_array+0x24>)
 8006ee0:	4d08      	ldr	r5, [pc, #32]	; (8006f04 <__libc_fini_array+0x28>)
 8006ee2:	1b5b      	subs	r3, r3, r5
 8006ee4:	109c      	asrs	r4, r3, #2
 8006ee6:	d007      	beq.n	8006ef8 <__libc_fini_array+0x1c>
 8006ee8:	3b04      	subs	r3, #4
 8006eea:	441d      	add	r5, r3
 8006eec:	3c01      	subs	r4, #1
 8006eee:	f855 3904 	ldr.w	r3, [r5], #-4
 8006ef2:	4798      	blx	r3
 8006ef4:	2c00      	cmp	r4, #0
 8006ef6:	d1f9      	bne.n	8006eec <__libc_fini_array+0x10>
 8006ef8:	e8bd 4038 	ldmia.w	sp!, {r3, r4, r5, lr}
 8006efc:	f001 b8d2 	b.w	80080a4 <_fini>
 8006f00:	080080c0 	.word	0x080080c0
 8006f04:	080080bc 	.word	0x080080bc

08006f08 <__libc_init_array>:
 8006f08:	b570      	push	{r4, r5, r6, lr}
 8006f0a:	4e0d      	ldr	r6, [pc, #52]	; (8006f40 <__libc_init_array+0x38>)
 8006f0c:	4d0d      	ldr	r5, [pc, #52]	; (8006f44 <__libc_init_array+0x3c>)
 8006f0e:	1b76      	subs	r6, r6, r5
 8006f10:	10b6      	asrs	r6, r6, #2
 8006f12:	d006      	beq.n	8006f22 <__libc_init_array+0x1a>
 8006f14:	2400      	movs	r4, #0
 8006f16:	f855 3b04 	ldr.w	r3, [r5], #4
 8006f1a:	3401      	adds	r4, #1
 8006f1c:	4798      	blx	r3
 8006f1e:	42a6      	cmp	r6, r4
 8006f20:	d1f9      	bne.n	8006f16 <__libc_init_array+0xe>
 8006f22:	4e09      	ldr	r6, [pc, #36]	; (8006f48 <__libc_init_array+0x40>)
 8006f24:	4d09      	ldr	r5, [pc, #36]	; (8006f4c <__libc_init_array+0x44>)
 8006f26:	1b76      	subs	r6, r6, r5
 8006f28:	f001 f8b6 	bl	8008098 <_init>
 8006f2c:	10b6      	asrs	r6, r6, #2
 8006f2e:	d006      	beq.n	8006f3e <__libc_init_array+0x36>
 8006f30:	2400      	movs	r4, #0
 8006f32:	f855 3b04 	ldr.w	r3, [r5], #4
 8006f36:	3401      	adds	r4, #1
 8006f38:	4798      	blx	r3
 8006f3a:	42a6      	cmp	r6, r4
 8006f3c:	d1f9      	bne.n	8006f32 <__libc_init_array+0x2a>
 8006f3e:	bd70      	pop	{r4, r5, r6, pc}
 8006f40:	080080b4 	.word	0x080080b4
 8006f44:	080080b4 	.word	0x080080b4
 8006f48:	080080bc 	.word	0x080080bc
 8006f4c:	080080b4 	.word	0x080080b4

08006f50 <memcpy>:
 8006f50:	4684      	mov	ip, r0
 8006f52:	ea41 0300 	orr.w	r3, r1, r0
 8006f56:	f013 0303 	ands.w	r3, r3, #3
 8006f5a:	d16d      	bne.n	8007038 <memcpy+0xe8>
 8006f5c:	3a40      	subs	r2, #64	; 0x40
 8006f5e:	d341      	bcc.n	8006fe4 <memcpy+0x94>
 8006f60:	f851 3b04 	ldr.w	r3, [r1], #4
 8006f64:	f840 3b04 	str.w	r3, [r0], #4
 8006f68:	f851 3b04 	ldr.w	r3, [r1], #4
 8006f6c:	f840 3b04 	str.w	r3, [r0], #4
 8006f70:	f851 3b04 	ldr.w	r3, [r1], #4
 8006f74:	f840 3b04 	str.w	r3, [r0], #4
 8006f78:	f851 3b04 	ldr.w	r3, [r1], #4
 8006f7c:	f840 3b04 	str.w	r3, [r0], #4
 8006f80:	f851 3b04 	ldr.w	r3, [r1], #4
 8006f84:	f840 3b04 	str.w	r3, [r0], #4
 8006f88:	f851 3b04 	ldr.w	r3, [r1], #4
 8006f8c:	f840 3b04 	str.w	r3, [r0], #4
 8006f90:	f851 3b04 	ldr.w	r3, [r1], #4
 8006f94:	f840 3b04 	str.w	r3, [r0], #4
 8006f98:	f851 3b04 	ldr.w	r3, [r1], #4
 8006f9c:	f840 3b04 	str.w	r3, [r0], #4
 8006fa0:	f851 3b04 	ldr.w	r3, [r1], #4
 8006fa4:	f840 3b04 	str.w	r3, [r0], #4
 8006fa8:	f851 3b04 	ldr.w	r3, [r1], #4
 8006fac:	f840 3b04 	str.w	r3, [r0], #4
 8006fb0:	f851 3b04 	ldr.w	r3, [r1], #4
 8006fb4:	f840 3b04 	str.w	r3, [r0], #4
 8006fb8:	f851 3b04 	ldr.w	r3, [r1], #4
 8006fbc:	f840 3b04 	str.w	r3, [r0], #4
 8006fc0:	f851 3b04 	ldr.w	r3, [r1], #4
 8006fc4:	f840 3b04 	str.w	r3, [r0], #4
 8006fc8:	f851 3b04 	ldr.w	r3, [r1], #4
 8006fcc:	f840 3b04 	str.w	r3, [r0], #4
 8006fd0:	f851 3b04 	ldr.w	r3, [r1], #4
 8006fd4:	f840 3b04 	str.w	r3, [r0], #4
 8006fd8:	f851 3b04 	ldr.w	r3, [r1], #4
 8006fdc:	f840 3b04 	str.w	r3, [r0], #4
 8006fe0:	3a40      	subs	r2, #64	; 0x40
 8006fe2:	d2bd      	bcs.n	8006f60 <memcpy+0x10>
 8006fe4:	3230      	adds	r2, #48	; 0x30
 8006fe6:	d311      	bcc.n	800700c <memcpy+0xbc>
 8006fe8:	f851 3b04 	ldr.w	r3, [r1], #4
 8006fec:	f840 3b04 	str.w	r3, [r0], #4
 8006ff0:	f851 3b04 	ldr.w	r3, [r1], #4
 8006ff4:	f840 3b04 	str.w	r3, [r0], #4
 8006ff8:	f851 3b04 	ldr.w	r3, [r1], #4
 8006ffc:	f840 3b04 	str.w	r3, [r0], #4
 8007000:	f851 3b04 	ldr.w	r3, [r1], #4
 8007004:	f840 3b04 	str.w	r3, [r0], #4
 8007008:	3a10      	subs	r2, #16
 800700a:	d2ed      	bcs.n	8006fe8 <memcpy+0x98>
 800700c:	320c      	adds	r2, #12
 800700e:	d305      	bcc.n	800701c <memcpy+0xcc>
 8007010:	f851 3b04 	ldr.w	r3, [r1], #4
 8007014:	f840 3b04 	str.w	r3, [r0], #4
 8007018:	3a04      	subs	r2, #4
 800701a:	d2f9      	bcs.n	8007010 <memcpy+0xc0>
 800701c:	3204      	adds	r2, #4
 800701e:	d008      	beq.n	8007032 <memcpy+0xe2>
 8007020:	07d2      	lsls	r2, r2, #31
 8007022:	bf1c      	itt	ne
 8007024:	f811 3b01 	ldrbne.w	r3, [r1], #1
 8007028:	f800 3b01 	strbne.w	r3, [r0], #1
 800702c:	d301      	bcc.n	8007032 <memcpy+0xe2>
 800702e:	880b      	ldrh	r3, [r1, #0]
 8007030:	8003      	strh	r3, [r0, #0]
 8007032:	4660      	mov	r0, ip
 8007034:	4770      	bx	lr
 8007036:	bf00      	nop
 8007038:	2a08      	cmp	r2, #8
 800703a:	d313      	bcc.n	8007064 <memcpy+0x114>
 800703c:	078b      	lsls	r3, r1, #30
 800703e:	d08d      	beq.n	8006f5c <memcpy+0xc>
 8007040:	f010 0303 	ands.w	r3, r0, #3
 8007044:	d08a      	beq.n	8006f5c <memcpy+0xc>
 8007046:	f1c3 0304 	rsb	r3, r3, #4
 800704a:	1ad2      	subs	r2, r2, r3
 800704c:	07db      	lsls	r3, r3, #31
 800704e:	bf1c      	itt	ne
 8007050:	f811 3b01 	ldrbne.w	r3, [r1], #1
 8007054:	f800 3b01 	strbne.w	r3, [r0], #1
 8007058:	d380      	bcc.n	8006f5c <memcpy+0xc>
 800705a:	f831 3b02 	ldrh.w	r3, [r1], #2
 800705e:	f820 3b02 	strh.w	r3, [r0], #2
 8007062:	e77b      	b.n	8006f5c <memcpy+0xc>
 8007064:	3a04      	subs	r2, #4
 8007066:	d3d9      	bcc.n	800701c <memcpy+0xcc>
 8007068:	3a01      	subs	r2, #1
 800706a:	f811 3b01 	ldrb.w	r3, [r1], #1
 800706e:	f800 3b01 	strb.w	r3, [r0], #1
 8007072:	d2f9      	bcs.n	8007068 <memcpy+0x118>
 8007074:	780b      	ldrb	r3, [r1, #0]
 8007076:	7003      	strb	r3, [r0, #0]
 8007078:	784b      	ldrb	r3, [r1, #1]
 800707a:	7043      	strb	r3, [r0, #1]
 800707c:	788b      	ldrb	r3, [r1, #2]
 800707e:	7083      	strb	r3, [r0, #2]
 8007080:	4660      	mov	r0, ip
 8007082:	4770      	bx	lr

08007084 <memset>:
 8007084:	0783      	lsls	r3, r0, #30
 8007086:	b530      	push	{r4, r5, lr}
 8007088:	d048      	beq.n	800711c <memset+0x98>
 800708a:	1e54      	subs	r4, r2, #1
 800708c:	2a00      	cmp	r2, #0
 800708e:	d03f      	beq.n	8007110 <memset+0x8c>
 8007090:	b2ca      	uxtb	r2, r1
 8007092:	4603      	mov	r3, r0
 8007094:	e001      	b.n	800709a <memset+0x16>
 8007096:	3c01      	subs	r4, #1
 8007098:	d33a      	bcc.n	8007110 <memset+0x8c>
 800709a:	f803 2b01 	strb.w	r2, [r3], #1
 800709e:	079d      	lsls	r5, r3, #30
 80070a0:	d1f9      	bne.n	8007096 <memset+0x12>
 80070a2:	2c03      	cmp	r4, #3
 80070a4:	d92d      	bls.n	8007102 <memset+0x7e>
 80070a6:	b2cd      	uxtb	r5, r1
 80070a8:	ea45 2505 	orr.w	r5, r5, r5, lsl #8
 80070ac:	2c0f      	cmp	r4, #15
 80070ae:	ea45 4505 	orr.w	r5, r5, r5, lsl #16
 80070b2:	d936      	bls.n	8007122 <memset+0x9e>
 80070b4:	f1a4 0210 	sub.w	r2, r4, #16
 80070b8:	f022 0c0f 	bic.w	ip, r2, #15
 80070bc:	f103 0e20 	add.w	lr, r3, #32
 80070c0:	44e6      	add	lr, ip
 80070c2:	ea4f 1c12 	mov.w	ip, r2, lsr #4
 80070c6:	f103 0210 	add.w	r2, r3, #16
 80070ca:	e942 5504 	strd	r5, r5, [r2, #-16]
 80070ce:	e942 5502 	strd	r5, r5, [r2, #-8]
 80070d2:	3210      	adds	r2, #16
 80070d4:	4572      	cmp	r2, lr
 80070d6:	d1f8      	bne.n	80070ca <memset+0x46>
 80070d8:	f10c 0201 	add.w	r2, ip, #1
 80070dc:	f014 0f0c 	tst.w	r4, #12
 80070e0:	eb03 1202 	add.w	r2, r3, r2, lsl #4
 80070e4:	f004 0c0f 	and.w	ip, r4, #15
 80070e8:	d013      	beq.n	8007112 <memset+0x8e>
 80070ea:	f1ac 0304 	sub.w	r3, ip, #4
 80070ee:	f023 0303 	bic.w	r3, r3, #3
 80070f2:	3304      	adds	r3, #4
 80070f4:	4413      	add	r3, r2
 80070f6:	f842 5b04 	str.w	r5, [r2], #4
 80070fa:	4293      	cmp	r3, r2
 80070fc:	d1fb      	bne.n	80070f6 <memset+0x72>
 80070fe:	f00c 0403 	and.w	r4, ip, #3
 8007102:	b12c      	cbz	r4, 8007110 <memset+0x8c>
 8007104:	b2ca      	uxtb	r2, r1
 8007106:	441c      	add	r4, r3
 8007108:	f803 2b01 	strb.w	r2, [r3], #1
 800710c:	429c      	cmp	r4, r3
 800710e:	d1fb      	bne.n	8007108 <memset+0x84>
 8007110:	bd30      	pop	{r4, r5, pc}
 8007112:	4664      	mov	r4, ip
 8007114:	4613      	mov	r3, r2
 8007116:	2c00      	cmp	r4, #0
 8007118:	d1f4      	bne.n	8007104 <memset+0x80>
 800711a:	e7f9      	b.n	8007110 <memset+0x8c>
 800711c:	4603      	mov	r3, r0
 800711e:	4614      	mov	r4, r2
 8007120:	e7bf      	b.n	80070a2 <memset+0x1e>
 8007122:	461a      	mov	r2, r3
 8007124:	46a4      	mov	ip, r4
 8007126:	e7e0      	b.n	80070ea <memset+0x66>

08007128 <__register_exitproc>:
 8007128:	b470      	push	{r4, r5, r6}
 800712a:	4c18      	ldr	r4, [pc, #96]	; (800718c <__register_exitproc+0x64>)
 800712c:	6825      	ldr	r5, [r4, #0]
 800712e:	f8d5 4148 	ldr.w	r4, [r5, #328]	; 0x148
 8007132:	b31c      	cbz	r4, 800717c <__register_exitproc+0x54>
 8007134:	6865      	ldr	r5, [r4, #4]
 8007136:	2d1f      	cmp	r5, #31
 8007138:	dc25      	bgt.n	8007186 <__register_exitproc+0x5e>
 800713a:	b938      	cbnz	r0, 800714c <__register_exitproc+0x24>
 800713c:	1cab      	adds	r3, r5, #2
 800713e:	3501      	adds	r5, #1
 8007140:	6065      	str	r5, [r4, #4]
 8007142:	f844 1023 	str.w	r1, [r4, r3, lsl #2]
 8007146:	2000      	movs	r0, #0
 8007148:	bc70      	pop	{r4, r5, r6}
 800714a:	4770      	bx	lr
 800714c:	eb04 0c85 	add.w	ip, r4, r5, lsl #2
 8007150:	2802      	cmp	r0, #2
 8007152:	f8cc 2088 	str.w	r2, [ip, #136]	; 0x88
 8007156:	f8d4 6188 	ldr.w	r6, [r4, #392]	; 0x188
 800715a:	f04f 0201 	mov.w	r2, #1
 800715e:	fa02 f205 	lsl.w	r2, r2, r5
 8007162:	ea46 0602 	orr.w	r6, r6, r2
 8007166:	f8c4 6188 	str.w	r6, [r4, #392]	; 0x188
 800716a:	f8cc 3108 	str.w	r3, [ip, #264]	; 0x108
 800716e:	d1e5      	bne.n	800713c <__register_exitproc+0x14>
 8007170:	f8d4 318c 	ldr.w	r3, [r4, #396]	; 0x18c
 8007174:	4313      	orrs	r3, r2
 8007176:	f8c4 318c 	str.w	r3, [r4, #396]	; 0x18c
 800717a:	e7df      	b.n	800713c <__register_exitproc+0x14>
 800717c:	f505 74a6 	add.w	r4, r5, #332	; 0x14c
 8007180:	f8c5 4148 	str.w	r4, [r5, #328]	; 0x148
 8007184:	e7d6      	b.n	8007134 <__register_exitproc+0xc>
 8007186:	f04f 30ff 	mov.w	r0, #4294967295	; 0xffffffff
 800718a:	e7dd      	b.n	8007148 <__register_exitproc+0x20>
 800718c:	080080b0 	.word	0x080080b0

08007190 <cmd_pipeline>:
    simpleserial_put('r', 1, &status);
    return 0x00;
}

static uint8_t cmd_pipeline(uint8_t cmd, uint8_t scmd, uint8_t len, uint8_t *buf)
{
 8007190:	b537      	push	{r0, r1, r2, r4, r5, lr}
    (void)cmd; (void)scmd; (void)len; (void)buf;

    crypto_kem_keypair(pk, sk);
 8007192:	491a      	ldr	r1, [pc, #104]	; (80071fc <cmd_pipeline+0x6c>)
 8007194:	f501 7050 	add.w	r0, r1, #832	; 0x340
 8007198:	f7f9 f876 	bl	8000288 <crypto_kem_keypair>
    crypto_kem_enc(ct, ss_enc, pk);
 800719c:	4a18      	ldr	r2, [pc, #96]	; (8007200 <cmd_pipeline+0x70>)
 800719e:	f502 7128 	add.w	r1, r2, #672	; 0x2a0
 80071a2:	f502 7030 	add.w	r0, r2, #704	; 0x2c0
 80071a6:	f7f9 f896 	bl	80002d6 <crypto_kem_enc>

    trigger_high();
 80071aa:	f000 fa89 	bl	80076c0 <trigger_high>
    crypto_kem_dec(ss_dec, ct, sk);
 80071ae:	4a13      	ldr	r2, [pc, #76]	; (80071fc <cmd_pipeline+0x6c>)
 80071b0:	f502 61c0 	add.w	r1, r2, #1536	; 0x600
 80071b4:	f502 600a 	add.w	r0, r2, #2208	; 0x8a0
 80071b8:	f7f9 f8d6 	bl	8000368 <crypto_kem_dec>
    trigger_low();
 80071bc:	f000 fa88 	bl	80076d0 <trigger_low>

    uint8_t mismatch = 0;
    for (unsigned i = 0; i < CRYPTO_BYTES; i++) {
 80071c0:	4810      	ldr	r0, [pc, #64]	; (8007204 <cmd_pipeline+0x74>)
 80071c2:	2200      	movs	r2, #0
 80071c4:	f5a0 7430 	sub.w	r4, r0, #704	; 0x2c0
    uint8_t mismatch = 0;
 80071c8:	4613      	mov	r3, r2
        mismatch |= (uint8_t)(ss_dec[i] ^ ss_enc[i]);
 80071ca:	f810 1b01 	ldrb.w	r1, [r0], #1
 80071ce:	f814 5b01 	ldrb.w	r5, [r4], #1
    for (unsigned i = 0; i < CRYPTO_BYTES; i++) {
 80071d2:	3201      	adds	r2, #1
        mismatch |= (uint8_t)(ss_dec[i] ^ ss_enc[i]);
 80071d4:	4069      	eors	r1, r5
    for (unsigned i = 0; i < CRYPTO_BYTES; i++) {
 80071d6:	2a20      	cmp	r2, #32
        mismatch |= (uint8_t)(ss_dec[i] ^ ss_enc[i]);
 80071d8:	ea43 0301 	orr.w	r3, r3, r1
    for (unsigned i = 0; i < CRYPTO_BYTES; i++) {
 80071dc:	d1f5      	bne.n	80071ca <cmd_pipeline+0x3a>
    }
    uint8_t status = (mismatch != 0);
 80071de:	3b00      	subs	r3, #0
 80071e0:	bf18      	it	ne
 80071e2:	2301      	movne	r3, #1
    simpleserial_put('r', 1, &status);
 80071e4:	f10d 0207 	add.w	r2, sp, #7
 80071e8:	2101      	movs	r1, #1
 80071ea:	2072      	movs	r0, #114	; 0x72
    uint8_t status = (mismatch != 0);
 80071ec:	f88d 3007 	strb.w	r3, [sp, #7]
    simpleserial_put('r', 1, &status);
 80071f0:	f000 f8ea 	bl	80073c8 <simpleserial_put>
    return 0x00;
}
 80071f4:	2000      	movs	r0, #0
 80071f6:	b003      	add	sp, #12
 80071f8:	bd30      	pop	{r4, r5, pc}
 80071fa:	bf00      	nop
 80071fc:	2000044c 	.word	0x2000044c
 8007200:	2000078c 	.word	0x2000078c
 8007204:	20000cec 	.word	0x20000cec

08007208 <cmd_decaps>:
{
 8007208:	b537      	push	{r0, r1, r2, r4, r5, lr}
    trigger_high();
 800720a:	f000 fa59 	bl	80076c0 <trigger_high>
    crypto_kem_dec(ss_dec, ct, sk);
 800720e:	4a13      	ldr	r2, [pc, #76]	; (800725c <cmd_decaps+0x54>)
 8007210:	f502 61c0 	add.w	r1, r2, #1536	; 0x600
 8007214:	f502 600a 	add.w	r0, r2, #2208	; 0x8a0
 8007218:	f7f9 f8a6 	bl	8000368 <crypto_kem_dec>
    trigger_low();
 800721c:	f000 fa58 	bl	80076d0 <trigger_low>
    for (unsigned i = 0; i < CRYPTO_BYTES; i++) {
 8007220:	480f      	ldr	r0, [pc, #60]	; (8007260 <cmd_decaps+0x58>)
 8007222:	2200      	movs	r2, #0
 8007224:	f5a0 7430 	sub.w	r4, r0, #704	; 0x2c0
    uint8_t mismatch = 0;
 8007228:	4613      	mov	r3, r2
        mismatch |= (uint8_t)(ss_dec[i] ^ ss_enc[i]);
 800722a:	f810 1b01 	ldrb.w	r1, [r0], #1
 800722e:	f814 5b01 	ldrb.w	r5, [r4], #1
    for (unsigned i = 0; i < CRYPTO_BYTES; i++) {
 8007232:	3201      	adds	r2, #1
        mismatch |= (uint8_t)(ss_dec[i] ^ ss_enc[i]);
 8007234:	4069      	eors	r1, r5
    for (unsigned i = 0; i < CRYPTO_BYTES; i++) {
 8007236:	2a20      	cmp	r2, #32
        mismatch |= (uint8_t)(ss_dec[i] ^ ss_enc[i]);
 8007238:	ea43 0301 	orr.w	r3, r3, r1
    for (unsigned i = 0; i < CRYPTO_BYTES; i++) {
 800723c:	d1f5      	bne.n	800722a <cmd_decaps+0x22>
    uint8_t status = (mismatch != 0);
 800723e:	3b00      	subs	r3, #0
 8007240:	bf18      	it	ne
 8007242:	2301      	movne	r3, #1
    simpleserial_put('r', 1, &status);
 8007244:	f10d 0207 	add.w	r2, sp, #7
 8007248:	2101      	movs	r1, #1
 800724a:	2072      	movs	r0, #114	; 0x72
    uint8_t status = (mismatch != 0);
 800724c:	f88d 3007 	strb.w	r3, [sp, #7]
    simpleserial_put('r', 1, &status);
 8007250:	f000 f8ba 	bl	80073c8 <simpleserial_put>
}
 8007254:	2000      	movs	r0, #0
 8007256:	b003      	add	sp, #12
 8007258:	bd30      	pop	{r4, r5, pc}
 800725a:	bf00      	nop
 800725c:	2000044c 	.word	0x2000044c
 8007260:	20000cec 	.word	0x20000cec

08007264 <cmd_encaps>:
{
 8007264:	b510      	push	{r4, lr}
    crypto_kem_enc(ct, ss_enc, pk);
 8007266:	4908      	ldr	r1, [pc, #32]	; (8007288 <cmd_encaps+0x24>)
 8007268:	f501 64c0 	add.w	r4, r1, #1536	; 0x600
 800726c:	f501 7250 	add.w	r2, r1, #832	; 0x340
 8007270:	4620      	mov	r0, r4
 8007272:	f501 61bc 	add.w	r1, r1, #1504	; 0x5e0
 8007276:	f7f9 f82e 	bl	80002d6 <crypto_kem_enc>
    simpleserial_put('r', 16, ct);
 800727a:	4622      	mov	r2, r4
 800727c:	2110      	movs	r1, #16
 800727e:	2072      	movs	r0, #114	; 0x72
 8007280:	f000 f8a2 	bl	80073c8 <simpleserial_put>
}
 8007284:	2000      	movs	r0, #0
 8007286:	bd10      	pop	{r4, pc}
 8007288:	2000044c 	.word	0x2000044c

0800728c <cmd_keypair>:
{
 800728c:	b508      	push	{r3, lr}
    crypto_kem_keypair(pk, sk);
 800728e:	4906      	ldr	r1, [pc, #24]	; (80072a8 <cmd_keypair+0x1c>)
 8007290:	f501 7250 	add.w	r2, r1, #832	; 0x340
 8007294:	4610      	mov	r0, r2
 8007296:	f7f8 fff7 	bl	8000288 <crypto_kem_keypair>
    simpleserial_put('r', 16, pk);
 800729a:	4a04      	ldr	r2, [pc, #16]	; (80072ac <cmd_keypair+0x20>)
 800729c:	2110      	movs	r1, #16
 800729e:	2072      	movs	r0, #114	; 0x72
 80072a0:	f000 f892 	bl	80073c8 <simpleserial_put>
}
 80072a4:	2000      	movs	r0, #0
 80072a6:	bd08      	pop	{r3, pc}
 80072a8:	2000044c 	.word	0x2000044c
 80072ac:	2000078c 	.word	0x2000078c

080072b0 <main>:

int main(void)
{
 80072b0:	b508      	push	{r3, lr}
    platform_init();
 80072b2:	f000 f95f 	bl	8007574 <platform_init>
    init_uart();
 80072b6:	f000 f9a5 	bl	8007604 <init_uart>
    trigger_setup();
 80072ba:	f000 f9e1 	bl	8007680 <trigger_setup>

    simpleserial_init();
 80072be:	f000 f871 	bl	80073a4 <simpleserial_init>
    simpleserial_addcmd('k', 0, cmd_keypair);
 80072c2:	4a0b      	ldr	r2, [pc, #44]	; (80072f0 <main+0x40>)
 80072c4:	2100      	movs	r1, #0
 80072c6:	206b      	movs	r0, #107	; 0x6b
 80072c8:	f000 f852 	bl	8007370 <simpleserial_addcmd>
    simpleserial_addcmd('e', 0, cmd_encaps);
 80072cc:	4a09      	ldr	r2, [pc, #36]	; (80072f4 <main+0x44>)
 80072ce:	2100      	movs	r1, #0
 80072d0:	2065      	movs	r0, #101	; 0x65
 80072d2:	f000 f84d 	bl	8007370 <simpleserial_addcmd>
    simpleserial_addcmd('d', 0, cmd_decaps);
 80072d6:	4a08      	ldr	r2, [pc, #32]	; (80072f8 <main+0x48>)
 80072d8:	2100      	movs	r1, #0
 80072da:	2064      	movs	r0, #100	; 0x64
 80072dc:	f000 f848 	bl	8007370 <simpleserial_addcmd>
    simpleserial_addcmd('p', 0, cmd_pipeline);
 80072e0:	4a06      	ldr	r2, [pc, #24]	; (80072fc <main+0x4c>)
 80072e2:	2100      	movs	r1, #0
 80072e4:	2070      	movs	r0, #112	; 0x70
 80072e6:	f000 f843 	bl	8007370 <simpleserial_addcmd>

    while (1) {
        simpleserial_get();
 80072ea:	f000 f8c5 	bl	8007478 <simpleserial_get>
    while (1) {
 80072ee:	e7fc      	b.n	80072ea <main+0x3a>
 80072f0:	0800728d 	.word	0x0800728d
 80072f4:	08007265 	.word	0x08007265
 80072f8:	08007209 	.word	0x08007209
 80072fc:	08007191 	.word	0x08007191

08007300 <rng_get_random_blocking>:
extern uint32_t get_rand(void);

uint32_t rng_get_random_blocking(uint32_t rng)
{
    (void)rng;
    return get_rand();
 8007300:	f000 ba10 	b.w	8007724 <get_rand>

08007304 <ss_crc>:


// 0xA6 formerly 
#define CW_CRC 0x4D 
uint8_t ss_crc(uint8_t *buf, uint8_t len)
{
 8007304:	b510      	push	{r4, lr}
 8007306:	4602      	mov	r2, r0
	unsigned int k = 0;
	uint8_t crc = 0x00;
	while (len--) {
 8007308:	4401      	add	r1, r0
	uint8_t crc = 0x00;
 800730a:	2000      	movs	r0, #0
	while (len--) {
 800730c:	428a      	cmp	r2, r1
 800730e:	d100      	bne.n	8007312 <ss_crc+0xe>
			crc = crc & 0x80 ? (crc << 1) ^ CW_CRC: crc << 1;
		}
	}
	return crc;

}
 8007310:	bd10      	pop	{r4, pc}
		crc ^= *buf++;
 8007312:	f812 3b01 	ldrb.w	r3, [r2], #1
 8007316:	2408      	movs	r4, #8
 8007318:	4058      	eors	r0, r3
			crc = crc & 0x80 ? (crc << 1) ^ CW_CRC: crc << 1;
 800731a:	f010 0f80 	tst.w	r0, #128	; 0x80
 800731e:	ea4f 0340 	mov.w	r3, r0, lsl #1
 8007322:	bf18      	it	ne
 8007324:	f083 034d 	eorne.w	r3, r3, #77	; 0x4d
		for (k = 0; k < 8; k++) {
 8007328:	3c01      	subs	r4, #1
			crc = crc & 0x80 ? (crc << 1) ^ CW_CRC: crc << 1;
 800732a:	b2d8      	uxtb	r0, r3
		for (k = 0; k < 8; k++) {
 800732c:	d1f5      	bne.n	800731a <ss_crc+0x16>
 800732e:	e7ed      	b.n	800730c <ss_crc+0x8>

08007330 <stuff_data>:
    return 0x00;

}

uint8_t stuff_data(uint8_t *buf, uint8_t len)
{
 8007330:	b530      	push	{r4, r5, lr}
	uint8_t i = 1;
	uint8_t last = 0;
 8007332:	2200      	movs	r2, #0
 8007334:	4604      	mov	r4, r0
	uint8_t i = 1;
 8007336:	2301      	movs	r3, #1
	for (; i < len; i++) {
 8007338:	428b      	cmp	r3, r1
 800733a:	d301      	bcc.n	8007340 <stuff_data+0x10>
			buf[last] = i - last;
			last = i;
		}
	}
	return 0x00;
}
 800733c:	2000      	movs	r0, #0
 800733e:	bd30      	pop	{r4, r5, pc}
		if (buf[i] == FRAME_BYTE) {
 8007340:	f814 5f01 	ldrb.w	r5, [r4, #1]!
 8007344:	b915      	cbnz	r5, 800734c <stuff_data+0x1c>
			buf[last] = i - last;
 8007346:	1a9d      	subs	r5, r3, r2
 8007348:	5485      	strb	r5, [r0, r2]
 800734a:	461a      	mov	r2, r3
	for (; i < len; i++) {
 800734c:	3301      	adds	r3, #1
 800734e:	b2db      	uxtb	r3, r3
 8007350:	e7f2      	b.n	8007338 <stuff_data+0x8>

08007352 <unstuff_data>:

uint8_t unstuff_data(uint8_t *buf, uint8_t len)
{
 8007352:	b530      	push	{r4, r5, lr}
	uint8_t next = buf[0];
 8007354:	7804      	ldrb	r4, [r0, #0]
	buf[0] = 0x00;
 8007356:	2500      	movs	r5, #0
{
 8007358:	4602      	mov	r2, r0
	buf[0] = 0x00;
 800735a:	7005      	strb	r5, [r0, #0]
	uint8_t next = buf[0];
 800735c:	4620      	mov	r0, r4
	//len -= 1;
	uint8_t tmp = next;
	while ((next < len) && tmp != 0) {
 800735e:	4288      	cmp	r0, r1
 8007360:	d200      	bcs.n	8007364 <unstuff_data+0x12>
 8007362:	b904      	cbnz	r4, 8007366 <unstuff_data+0x14>
		tmp = buf[next];
		buf[next] = FRAME_BYTE;
		next += tmp;
	}
	return next;
}
 8007364:	bd30      	pop	{r4, r5, pc}
		tmp = buf[next];
 8007366:	5c14      	ldrb	r4, [r2, r0]
		buf[next] = FRAME_BYTE;
 8007368:	5415      	strb	r5, [r2, r0]
		next += tmp;
 800736a:	1903      	adds	r3, r0, r4
 800736c:	b2d8      	uxtb	r0, r3
 800736e:	e7f6      	b.n	800735e <unstuff_data+0xc>

08007370 <simpleserial_addcmd>:
	simpleserial_addcmd('v', 0, check_version);
    simpleserial_addcmd('w', 0, ss_get_commands);
}

int simpleserial_addcmd(char c, unsigned int len, uint8_t (*fp)(uint8_t, uint8_t, uint8_t, uint8_t*))
{
 8007370:	b538      	push	{r3, r4, r5, lr}
	if(num_commands >= MAX_SS_CMDS) {
 8007372:	4d0b      	ldr	r5, [pc, #44]	; (80073a0 <simpleserial_addcmd+0x30>)
 8007374:	682b      	ldr	r3, [r5, #0]
 8007376:	2b1f      	cmp	r3, #31
 8007378:	dd04      	ble.n	8007384 <simpleserial_addcmd+0x14>
		putch('a');
 800737a:	2061      	movs	r0, #97	; 0x61
		return 1;
	}

	if(len >= MAX_SS_LEN) {
		putch('b');
 800737c:	f000 f9c2 	bl	8007704 <putch>
		return 1;
 8007380:	2001      	movs	r0, #1
	commands[num_commands].len = len;
	commands[num_commands].fp  = fp;
	num_commands++;

	return 0;
}
 8007382:	bd38      	pop	{r3, r4, r5, pc}
	if(len >= MAX_SS_LEN) {
 8007384:	29f8      	cmp	r1, #248	; 0xf8
 8007386:	d901      	bls.n	800738c <simpleserial_addcmd+0x1c>
		putch('b');
 8007388:	2062      	movs	r0, #98	; 0x62
 800738a:	e7f7      	b.n	800737c <simpleserial_addcmd+0xc>
	commands[num_commands].c   = c;
 800738c:	240c      	movs	r4, #12
 800738e:	fb04 5403 	mla	r4, r4, r3, r5
	num_commands++;
 8007392:	3301      	adds	r3, #1
	commands[num_commands].c   = c;
 8007394:	7120      	strb	r0, [r4, #4]
	commands[num_commands].fp  = fp;
 8007396:	e9c4 1202 	strd	r1, r2, [r4, #8]
	num_commands++;
 800739a:	602b      	str	r3, [r5, #0]
	return 0;
 800739c:	2000      	movs	r0, #0
 800739e:	e7f0      	b.n	8007382 <simpleserial_addcmd+0x12>
 80073a0:	20000d0c 	.word	0x20000d0c

080073a4 <simpleserial_init>:
{
 80073a4:	b508      	push	{r3, lr}
	simpleserial_addcmd('v', 0, check_version);
 80073a6:	4a06      	ldr	r2, [pc, #24]	; (80073c0 <simpleserial_init+0x1c>)
 80073a8:	2100      	movs	r1, #0
 80073aa:	2076      	movs	r0, #118	; 0x76
 80073ac:	f7ff ffe0 	bl	8007370 <simpleserial_addcmd>
}
 80073b0:	e8bd 4008 	ldmia.w	sp!, {r3, lr}
    simpleserial_addcmd('w', 0, ss_get_commands);
 80073b4:	4a03      	ldr	r2, [pc, #12]	; (80073c4 <simpleserial_init+0x20>)
 80073b6:	2100      	movs	r1, #0
 80073b8:	2077      	movs	r0, #119	; 0x77
 80073ba:	f7ff bfd9 	b.w	8007370 <simpleserial_addcmd>
 80073be:	bf00      	nop
 80073c0:	08007421 	.word	0x08007421
 80073c4:	0800743d 	.word	0x0800743d

080073c8 <simpleserial_put>:
	simpleserial_put('e', 0x01, &err);
	return;
}

void simpleserial_put(char c, uint8_t size, uint8_t* output)
{
 80073c8:	b570      	push	{r4, r5, r6, lr}
 80073ca:	460c      	mov	r4, r1
 80073cc:	b0c0      	sub	sp, #256	; 0x100
    if (!output) return;
 80073ce:	4611      	mov	r1, r2
 80073d0:	b322      	cbz	r2, 800741c <simpleserial_put+0x54>
	data_buf[0] = 0x00;
	data_buf[1] = c;
	data_buf[2] = size;
	int i = 0;
	for (; i < size; i++) {
		data_buf[i + 3] = output[i];
 80073d2:	4622      	mov	r2, r4
	data_buf[0] = 0x00;
 80073d4:	2500      	movs	r5, #0
	data_buf[1] = c;
 80073d6:	f88d 0001 	strb.w	r0, [sp, #1]
		data_buf[i + 3] = output[i];
 80073da:	f10d 0003 	add.w	r0, sp, #3
	data_buf[2] = size;
 80073de:	f88d 4002 	strb.w	r4, [sp, #2]
	data_buf[0] = 0x00;
 80073e2:	f88d 5000 	strb.w	r5, [sp]
		data_buf[i + 3] = output[i];
 80073e6:	f7ff fdb3 	bl	8006f50 <memcpy>
	}
	data_buf[i + 3] = ss_crc(data_buf+1, size+2);
 80073ea:	1ca1      	adds	r1, r4, #2
 80073ec:	b2c9      	uxtb	r1, r1
 80073ee:	f10d 0001 	add.w	r0, sp, #1
 80073f2:	f7ff ff87 	bl	8007304 <ss_crc>
 80073f6:	eb0d 0304 	add.w	r3, sp, r4
	data_buf[i + 4] = 0x00;
 80073fa:	1d26      	adds	r6, r4, #4
	stuff_data(data_buf, i + 5);
 80073fc:	1d61      	adds	r1, r4, #5
	data_buf[i + 3] = ss_crc(data_buf+1, size+2);
 80073fe:	70d8      	strb	r0, [r3, #3]
	stuff_data(data_buf, i + 5);
 8007400:	b2c9      	uxtb	r1, r1
 8007402:	4668      	mov	r0, sp
	data_buf[i + 4] = 0x00;
 8007404:	f80d 5006 	strb.w	r5, [sp, r6]
	stuff_data(data_buf, i + 5);
 8007408:	f7ff ff92 	bl	8007330 <stuff_data>
	for (int i = 0; i < size + 5; i++) {
 800740c:	466c      	mov	r4, sp
		putch(data_buf[i]);
 800740e:	f814 0b01 	ldrb.w	r0, [r4], #1
	for (int i = 0; i < size + 5; i++) {
 8007412:	3501      	adds	r5, #1
		putch(data_buf[i]);
 8007414:	f000 f976 	bl	8007704 <putch>
	for (int i = 0; i < size + 5; i++) {
 8007418:	42ae      	cmp	r6, r5
 800741a:	daf8      	bge.n	800740e <simpleserial_put+0x46>
	}
}
 800741c:	b040      	add	sp, #256	; 0x100
 800741e:	bd70      	pop	{r4, r5, r6, pc}

08007420 <check_version>:
{
 8007420:	b507      	push	{r0, r1, r2, lr}
	uint8_t ver = SS_VER;
 8007422:	2303      	movs	r3, #3
	simpleserial_put('r', 1, &ver);
 8007424:	f10d 0207 	add.w	r2, sp, #7
 8007428:	2101      	movs	r1, #1
 800742a:	2072      	movs	r0, #114	; 0x72
	uint8_t ver = SS_VER;
 800742c:	f88d 3007 	strb.w	r3, [sp, #7]
	simpleserial_put('r', 1, &ver);
 8007430:	f7ff ffca 	bl	80073c8 <simpleserial_put>
}
 8007434:	2000      	movs	r0, #0
 8007436:	b003      	add	sp, #12
 8007438:	f85d fb04 	ldr.w	pc, [sp], #4

0800743c <ss_get_commands>:
{
 800743c:	b530      	push	{r4, r5, lr}
    for (uint8_t i = 0; i < (num_commands & 0xFF); i++) {
 800743e:	480d      	ldr	r0, [pc, #52]	; (8007474 <ss_get_commands+0x38>)
 8007440:	7801      	ldrb	r1, [r0, #0]
{
 8007442:	b089      	sub	sp, #36	; 0x24
    for (uint8_t i = 0; i < (num_commands & 0xFF); i++) {
 8007444:	2200      	movs	r2, #0
        cmd_chars[i] = commands[i].c;
 8007446:	240c      	movs	r4, #12
    for (uint8_t i = 0; i < (num_commands & 0xFF); i++) {
 8007448:	b2d3      	uxtb	r3, r2
 800744a:	428b      	cmp	r3, r1
 800744c:	f102 0201 	add.w	r2, r2, #1
 8007450:	db06      	blt.n	8007460 <ss_get_commands+0x24>
    simpleserial_put('r', num_commands & 0xFF, (void *)cmd_chars);
 8007452:	466a      	mov	r2, sp
 8007454:	2072      	movs	r0, #114	; 0x72
 8007456:	f7ff ffb7 	bl	80073c8 <simpleserial_put>
}
 800745a:	2000      	movs	r0, #0
 800745c:	b009      	add	sp, #36	; 0x24
 800745e:	bd30      	pop	{r4, r5, pc}
        cmd_chars[i] = commands[i].c;
 8007460:	f103 0520 	add.w	r5, r3, #32
 8007464:	fb04 0303 	mla	r3, r4, r3, r0
 8007468:	446d      	add	r5, sp
 800746a:	791b      	ldrb	r3, [r3, #4]
 800746c:	f805 3c20 	strb.w	r3, [r5, #-32]
    for (uint8_t i = 0; i < (num_commands & 0xFF); i++) {
 8007470:	e7ea      	b.n	8007448 <ss_get_commands+0xc>
 8007472:	bf00      	nop
 8007474:	20000d0c 	.word	0x20000d0c

08007478 <simpleserial_get>:
{
 8007478:	e92d 47f0 	stmdb	sp!, {r4, r5, r6, r7, r8, r9, sl, lr}
 800747c:	b0c0      	sub	sp, #256	; 0x100
	uint8_t err = 0;
 800747e:	2400      	movs	r4, #0
 8007480:	ad01      	add	r5, sp, #4
 8007482:	f88d 4003 	strb.w	r4, [sp, #3]
	for (int i = 0; i < 4; i++) {
 8007486:	46a9      	mov	r9, r5
		data_buf[i] = getch(); //PTR, cmd, scmd, len
 8007488:	f000 f92a 	bl	80076e0 <getch>
 800748c:	f805 0b01 	strb.w	r0, [r5], #1
		if (data_buf[i] == FRAME_BYTE) {
 8007490:	b958      	cbnz	r0, 80074aa <simpleserial_get+0x32>
			err = SS_ERR_FRAME_BYTE;
 8007492:	2305      	movs	r3, #5
		err = SS_ERR_CRC;
 8007494:	f88d 3003 	strb.w	r3, [sp, #3]
	simpleserial_put('e', 0x01, &err);
 8007498:	f10d 0203 	add.w	r2, sp, #3
 800749c:	2101      	movs	r1, #1
 800749e:	2065      	movs	r0, #101	; 0x65
 80074a0:	f7ff ff92 	bl	80073c8 <simpleserial_put>
}
 80074a4:	b040      	add	sp, #256	; 0x100
 80074a6:	e8bd 87f0 	ldmia.w	sp!, {r4, r5, r6, r7, r8, r9, sl, pc}
	for (int i = 0; i < 4; i++) {
 80074aa:	3401      	adds	r4, #1
 80074ac:	2c04      	cmp	r4, #4
 80074ae:	d1eb      	bne.n	8007488 <simpleserial_get+0x10>
	uint8_t next_frame = unstuff_data(data_buf, 4);
 80074b0:	4621      	mov	r1, r4
 80074b2:	4648      	mov	r0, r9
 80074b4:	f7ff ff4d 	bl	8007352 <unstuff_data>
	for(c = 0; c < num_commands; c++)
 80074b8:	4e2d      	ldr	r6, [pc, #180]	; (8007570 <simpleserial_get+0xf8>)
		if(commands[c].c == data_buf[1])
 80074ba:	f89d 1005 	ldrb.w	r1, [sp, #5]
	for(c = 0; c < num_commands; c++)
 80074be:	6832      	ldr	r2, [r6, #0]
	uint8_t next_frame = unstuff_data(data_buf, 4);
 80074c0:	4607      	mov	r7, r0
	for(c = 0; c < num_commands; c++)
 80074c2:	2300      	movs	r3, #0
		if(commands[c].c == data_buf[1])
 80074c4:	200c      	movs	r0, #12
	for(c = 0; c < num_commands; c++)
 80074c6:	fa5f f883 	uxtb.w	r8, r3
 80074ca:	4590      	cmp	r8, r2
 80074cc:	db02      	blt.n	80074d4 <simpleserial_get+0x5c>
	if (c == num_commands) {
 80074ce:	d107      	bne.n	80074e0 <simpleserial_get+0x68>
		err = SS_ERR_CMD;
 80074d0:	2301      	movs	r3, #1
 80074d2:	e7df      	b.n	8007494 <simpleserial_get+0x1c>
		if(commands[c].c == data_buf[1])
 80074d4:	fb00 6508 	mla	r5, r0, r8, r6
 80074d8:	3301      	adds	r3, #1
 80074da:	792d      	ldrb	r5, [r5, #4]
 80074dc:	428d      	cmp	r5, r1
 80074de:	d1f2      	bne.n	80074c6 <simpleserial_get+0x4e>
	if ((data_buf[3] + 5) < next_frame) {
 80074e0:	f89d 3007 	ldrb.w	r3, [sp, #7]
 80074e4:	3305      	adds	r3, #5
 80074e6:	42bb      	cmp	r3, r7
 80074e8:	da02      	bge.n	80074f0 <simpleserial_get+0x78>
		err = SS_ERR_LEN;
 80074ea:	2304      	movs	r3, #4
 80074ec:	e7d2      	b.n	8007494 <simpleserial_get+0x1c>
 80074ee:	462c      	mov	r4, r5
		data_buf[i] = getch();
 80074f0:	f000 f8f6 	bl	80076e0 <getch>
 80074f4:	f809 0004 	strb.w	r0, [r9, r4]
		if (data_buf[i] == FRAME_BYTE) {
 80074f8:	2800      	cmp	r0, #0
 80074fa:	d0ca      	beq.n	8007492 <simpleserial_get+0x1a>
	for (; i < data_buf[3] + 5; i++) {
 80074fc:	f89d 3007 	ldrb.w	r3, [sp, #7]
 8007500:	1c65      	adds	r5, r4, #1
 8007502:	3304      	adds	r3, #4
 8007504:	42ab      	cmp	r3, r5
 8007506:	daf2      	bge.n	80074ee <simpleserial_get+0x76>
	data_buf[i] = getch();
 8007508:	f000 f8ea 	bl	80076e0 <getch>
 800750c:	f505 7380 	add.w	r3, r5, #256	; 0x100
 8007510:	446b      	add	r3, sp
 8007512:	f803 0cfc 	strb.w	r0, [r3, #-252]
	if (data_buf[i] != FRAME_BYTE) {
 8007516:	2800      	cmp	r0, #0
 8007518:	d1e7      	bne.n	80074ea <simpleserial_get+0x72>
	unstuff_data(data_buf + next_frame, i - next_frame + 1);
 800751a:	f1c7 0101 	rsb	r1, r7, #1
 800751e:	fa51 f185 	uxtab	r1, r1, r5
 8007522:	b2c9      	uxtb	r1, r1
 8007524:	fa5f fa85 	uxtb.w	sl, r5
 8007528:	eb09 0007 	add.w	r0, r9, r7
 800752c:	f7ff ff11 	bl	8007352 <unstuff_data>
	uint8_t crc = ss_crc(data_buf+1, i-2);
 8007530:	f1aa 0102 	sub.w	r1, sl, #2
 8007534:	b2c9      	uxtb	r1, r1
 8007536:	f10d 0005 	add.w	r0, sp, #5
 800753a:	f7ff fee3 	bl	8007304 <ss_crc>
	if (crc != data_buf[i-1]) {
 800753e:	f504 7380 	add.w	r3, r4, #256	; 0x100
 8007542:	eb0d 0403 	add.w	r4, sp, r3
 8007546:	f814 3cfc 	ldrb.w	r3, [r4, #-252]
 800754a:	4283      	cmp	r3, r0
 800754c:	d001      	beq.n	8007552 <simpleserial_get+0xda>
		err = SS_ERR_CRC;
 800754e:	2302      	movs	r3, #2
 8007550:	e7a0      	b.n	8007494 <simpleserial_get+0x1c>
	err = commands[c].fp(data_buf[1], data_buf[2], data_buf[3], data_buf+4);
 8007552:	230c      	movs	r3, #12
 8007554:	fb03 6608 	mla	r6, r3, r8, r6
 8007558:	f89d 2007 	ldrb.w	r2, [sp, #7]
 800755c:	68f4      	ldr	r4, [r6, #12]
 800755e:	f89d 1006 	ldrb.w	r1, [sp, #6]
 8007562:	f89d 0005 	ldrb.w	r0, [sp, #5]
 8007566:	ab02      	add	r3, sp, #8
 8007568:	47a0      	blx	r4
 800756a:	f88d 0003 	strb.w	r0, [sp, #3]
 800756e:	e793      	b.n	8007498 <simpleserial_get+0x20>
 8007570:	20000d0c 	.word	0x20000d0c

08007574 <platform_init>:

uint8_t hw_key[16];
static CRYP_HandleTypeDef cryp;

void platform_init(void)
{
 8007574:	b530      	push	{r4, r5, lr}
	//HAL_Init();

#ifdef STM32F4FPU
     /* set CP10 and CP11 Full Access */
     SCB->CPACR |= ((3UL << 10*2)|(3UL << 11*2)); // SCB->CPACR |= 0x00f00000;
 8007576:	4a1f      	ldr	r2, [pc, #124]	; (80075f4 <platform_init+0x80>)
 8007578:	f8d2 3088 	ldr.w	r3, [r2, #136]	; 0x88
 800757c:	f443 0370 	orr.w	r3, r3, #15728640	; 0xf00000
 8007580:	f8c2 3088 	str.w	r3, [r2, #136]	; 0x88
{
 8007584:	b093      	sub	sp, #76	; 0x4c
    FLASH->ACR |= 0b111 << 8; //enable ART acceleration

#else
	RCC_OscInitTypeDef RCC_OscInitStruct;
	RCC_OscInitStruct.OscillatorType = RCC_OSCILLATORTYPE_HSE | RCC_OSCILLATORTYPE_HSI;
	RCC_OscInitStruct.HSEState       = RCC_HSE_BYPASS;
 8007586:	2203      	movs	r2, #3
 8007588:	f44f 23a0 	mov.w	r3, #327680	; 0x50000
 800758c:	e9cd 2306 	strd	r2, r3, [sp, #24]
	RCC_OscInitStruct.HSIState       = RCC_HSI_ON;  // HSI is needed for the RNG
	RCC_OscInitStruct.PLL.PLLState   = RCC_PLL_ON;  // we need PLL to use RNG
	RCC_OscInitStruct.PLL.PLLSource  = RCC_PLLSOURCE_HSE;
 8007590:	2102      	movs	r1, #2
 8007592:	f44f 0380 	mov.w	r3, #4194304	; 0x400000
 8007596:	e9cd 130c 	strd	r1, r3, [sp, #48]	; 0x30
	RCC_OscInitStruct.PLL.PLLM       = 12;  // Internal clock is 16MHz
	RCC_OscInitStruct.PLL.PLLN       = 196;
 800759a:	200c      	movs	r0, #12
 800759c:	23c4      	movs	r3, #196	; 0xc4
 800759e:	e9cd 030e 	strd	r0, r3, [sp, #56]	; 0x38
	RCC_OscInitStruct.PLL.PLLP       = RCC_PLLP_DIV4;
	RCC_OscInitStruct.PLL.PLLQ       = 7;  // divisor for RNG, USB and SDIO
 80075a2:	2404      	movs	r4, #4
 80075a4:	2307      	movs	r3, #7
	RCC_OscInitStruct.HSIState       = RCC_HSI_ON;  // HSI is needed for the RNG
 80075a6:	2501      	movs	r5, #1
	if (HAL_RCC_OscConfig(&RCC_OscInitStruct) != HAL_OK) {
 80075a8:	a806      	add	r0, sp, #24
	RCC_OscInitStruct.PLL.PLLQ       = 7;  // divisor for RNG, USB and SDIO
 80075aa:	e9cd 4310 	strd	r4, r3, [sp, #64]	; 0x40
	RCC_OscInitStruct.HSIState       = RCC_HSI_ON;  // HSI is needed for the RNG
 80075ae:	9509      	str	r5, [sp, #36]	; 0x24
	if (HAL_RCC_OscConfig(&RCC_OscInitStruct) != HAL_OK) {
 80075b0:	f000 f8d0 	bl	8007754 <HAL_RCC_OscConfig>
 80075b4:	4604      	mov	r4, r0
 80075b6:	b100      	cbz	r0, 80075ba <platform_init+0x46>
        for(;;);
 80075b8:	e7fe      	b.n	80075b8 <platform_init+0x44>
	RCC_ClkInitStruct.ClockType      = (RCC_CLOCKTYPE_SYSCLK | RCC_CLOCKTYPE_HCLK | RCC_CLOCKTYPE_PCLK1 | RCC_CLOCKTYPE_PCLK2);
	RCC_ClkInitStruct.SYSCLKSource   = RCC_SYSCLKSOURCE_HSE;
	RCC_ClkInitStruct.AHBCLKDivider  = RCC_SYSCLK_DIV1;
	RCC_ClkInitStruct.APB1CLKDivider = RCC_HCLK_DIV1;
	RCC_ClkInitStruct.APB2CLKDivider = RCC_HCLK_DIV1;
	HAL_RCC_ClockConfig(&RCC_ClkInitStruct, FLASH_ACR_LATENCY_0WS); //wait states not needed for HSE
 80075ba:	4601      	mov	r1, r0
	RCC_ClkInitStruct.APB1CLKDivider = RCC_HCLK_DIV1;
 80075bc:	e9cd 0003 	strd	r0, r0, [sp, #12]
	RCC_ClkInitStruct.ClockType      = (RCC_CLOCKTYPE_SYSCLK | RCC_CLOCKTYPE_HCLK | RCC_CLOCKTYPE_PCLK1 | RCC_CLOCKTYPE_PCLK2);
 80075c0:	230f      	movs	r3, #15
	RCC_ClkInitStruct.APB2CLKDivider = RCC_HCLK_DIV1;
 80075c2:	9005      	str	r0, [sp, #20]
	HAL_RCC_ClockConfig(&RCC_ClkInitStruct, FLASH_ACR_LATENCY_0WS); //wait states not needed for HSE
 80075c4:	a801      	add	r0, sp, #4
	RCC_ClkInitStruct.SYSCLKSource   = RCC_SYSCLKSOURCE_HSE;
 80075c6:	e9cd 3501 	strd	r3, r5, [sp, #4]
	HAL_RCC_ClockConfig(&RCC_ClkInitStruct, FLASH_ACR_LATENCY_0WS); //wait states not needed for HSE
 80075ca:	f000 fa63 	bl	8007a94 <HAL_RCC_ClockConfig>
#endif

	// Configure and starts the RNG
	__HAL_RCC_RNG_CLK_ENABLE();
 80075ce:	4b0a      	ldr	r3, [pc, #40]	; (80075f8 <platform_init+0x84>)
 80075d0:	9400      	str	r4, [sp, #0]
 80075d2:	6b5a      	ldr	r2, [r3, #52]	; 0x34
	RngHandle.Instance = RNG;
 80075d4:	4809      	ldr	r0, [pc, #36]	; (80075fc <platform_init+0x88>)
	__HAL_RCC_RNG_CLK_ENABLE();
 80075d6:	f042 0240 	orr.w	r2, r2, #64	; 0x40
 80075da:	635a      	str	r2, [r3, #52]	; 0x34
 80075dc:	6b5b      	ldr	r3, [r3, #52]	; 0x34
 80075de:	f003 0340 	and.w	r3, r3, #64	; 0x40
 80075e2:	9300      	str	r3, [sp, #0]
 80075e4:	9b00      	ldr	r3, [sp, #0]
	RngHandle.Instance = RNG;
 80075e6:	4b06      	ldr	r3, [pc, #24]	; (8007600 <platform_init+0x8c>)
 80075e8:	6003      	str	r3, [r0, #0]
	RngHandle.State = HAL_RNG_STATE_RESET;
 80075ea:	7144      	strb	r4, [r0, #5]
	HAL_RNG_Init(&RngHandle);
 80075ec:	f000 fcdc 	bl	8007fa8 <HAL_RNG_Init>

}
 80075f0:	b013      	add	sp, #76	; 0x4c
 80075f2:	bd30      	pop	{r4, r5, pc}
 80075f4:	e000ed00 	.word	0xe000ed00
 80075f8:	40023800 	.word	0x40023800
 80075fc:	20000e90 	.word	0x20000e90
 8007600:	50060800 	.word	0x50060800

08007604 <init_uart>:

void init_uart(void)
{
 8007604:	b530      	push	{r4, r5, lr}
	GPIO_InitTypeDef GpioInit;
	GpioInit.Pin       = GPIO_PIN_9 | GPIO_PIN_10;
	GpioInit.Mode      = GPIO_MODE_AF_PP;
 8007606:	2302      	movs	r3, #2
{
 8007608:	b089      	sub	sp, #36	; 0x24
	GpioInit.Mode      = GPIO_MODE_AF_PP;
 800760a:	f44f 62c0 	mov.w	r2, #1536	; 0x600
 800760e:	e9cd 2303 	strd	r2, r3, [sp, #12]
	GpioInit.Pull      = GPIO_PULLUP;
 8007612:	2201      	movs	r2, #1
	GpioInit.Speed     = GPIO_SPEED_FREQ_HIGH;
 8007614:	e9cd 2305 	strd	r2, r3, [sp, #20]
	GpioInit.Alternate = GPIO_AF7_USART1;
	__GPIOA_CLK_ENABLE();
 8007618:	4c15      	ldr	r4, [pc, #84]	; (8007670 <init_uart+0x6c>)
	HAL_GPIO_Init(GPIOA, &GpioInit);
 800761a:	4816      	ldr	r0, [pc, #88]	; (8007674 <init_uart+0x70>)
	__GPIOA_CLK_ENABLE();
 800761c:	2500      	movs	r5, #0
	GpioInit.Alternate = GPIO_AF7_USART1;
 800761e:	2307      	movs	r3, #7
	__GPIOA_CLK_ENABLE();
 8007620:	9501      	str	r5, [sp, #4]
	GpioInit.Alternate = GPIO_AF7_USART1;
 8007622:	9307      	str	r3, [sp, #28]
	__GPIOA_CLK_ENABLE();
 8007624:	6b23      	ldr	r3, [r4, #48]	; 0x30
 8007626:	4313      	orrs	r3, r2
 8007628:	6323      	str	r3, [r4, #48]	; 0x30
 800762a:	6b23      	ldr	r3, [r4, #48]	; 0x30
 800762c:	4013      	ands	r3, r2
 800762e:	9301      	str	r3, [sp, #4]
	HAL_GPIO_Init(GPIOA, &GpioInit);
 8007630:	a903      	add	r1, sp, #12
	__GPIOA_CLK_ENABLE();
 8007632:	9b01      	ldr	r3, [sp, #4]
	HAL_GPIO_Init(GPIOA, &GpioInit);
 8007634:	f000 fac8 	bl	8007bc8 <HAL_GPIO_Init>

	UartHandle.Instance        = USART1;
 8007638:	480f      	ldr	r0, [pc, #60]	; (8007678 <init_uart+0x74>)
  #if SS_VER==SS_VER_2_1
  UartHandle.Init.BaudRate   = 230400;
 800763a:	4910      	ldr	r1, [pc, #64]	; (800767c <init_uart+0x78>)
	UartHandle.Init.WordLength = UART_WORDLENGTH_8B;
	UartHandle.Init.StopBits   = UART_STOPBITS_1;
	UartHandle.Init.Parity     = UART_PARITY_NONE;
	UartHandle.Init.HwFlowCtl  = UART_HWCONTROL_NONE;
	UartHandle.Init.Mode       = UART_MODE_TX_RX;
	__USART1_CLK_ENABLE();
 800763c:	9502      	str	r5, [sp, #8]
  UartHandle.Init.BaudRate   = 230400;
 800763e:	f44f 3361 	mov.w	r3, #230400	; 0x38400
 8007642:	e9c0 1303 	strd	r1, r3, [r0, #12]
	UartHandle.Init.StopBits   = UART_STOPBITS_1;
 8007646:	e9c0 5505 	strd	r5, r5, [r0, #20]
	UartHandle.Init.Mode       = UART_MODE_TX_RX;
 800764a:	230c      	movs	r3, #12
	UartHandle.Init.Parity     = UART_PARITY_NONE;
 800764c:	61c5      	str	r5, [r0, #28]
	UartHandle.Init.HwFlowCtl  = UART_HWCONTROL_NONE;
 800764e:	6245      	str	r5, [r0, #36]	; 0x24
	UartHandle.Init.Mode       = UART_MODE_TX_RX;
 8007650:	6203      	str	r3, [r0, #32]
	__USART1_CLK_ENABLE();
 8007652:	6c63      	ldr	r3, [r4, #68]	; 0x44
 8007654:	f043 0310 	orr.w	r3, r3, #16
 8007658:	6463      	str	r3, [r4, #68]	; 0x44
 800765a:	6c63      	ldr	r3, [r4, #68]	; 0x44
 800765c:	f003 0310 	and.w	r3, r3, #16
 8007660:	9302      	str	r3, [sp, #8]
	HAL_UART_Init(&UartHandle);
 8007662:	300c      	adds	r0, #12
	__USART1_CLK_ENABLE();
 8007664:	9b02      	ldr	r3, [sp, #8]
	HAL_UART_Init(&UartHandle);
 8007666:	f000 fb9d 	bl	8007da4 <HAL_UART_Init>
}
 800766a:	b009      	add	sp, #36	; 0x24
 800766c:	bd30      	pop	{r4, r5, pc}
 800766e:	bf00      	nop
 8007670:	40023800 	.word	0x40023800
 8007674:	40020000 	.word	0x40020000
 8007678:	20000e90 	.word	0x20000e90
 800767c:	40011000 	.word	0x40011000

08007680 <trigger_setup>:

//#define STM32F4_WLCSP

void trigger_setup(void)
{
 8007680:	b57f      	push	{r0, r1, r2, r3, r4, r5, r6, lr}
	__GPIOA_CLK_ENABLE();
 8007682:	4b0d      	ldr	r3, [pc, #52]	; (80076b8 <trigger_setup+0x38>)
	GPIO_InitTypeDef GpioInit;
	GpioInit.Pin       = GPIO_PIN_12;
	GpioInit.Mode      = GPIO_MODE_OUTPUT_PP;
	GpioInit.Pull      = GPIO_NOPULL;
	GpioInit.Speed     = GPIO_SPEED_FREQ_HIGH;
	HAL_GPIO_Init(GPIOA, &GpioInit);
 8007684:	480d      	ldr	r0, [pc, #52]	; (80076bc <trigger_setup+0x3c>)
	__GPIOA_CLK_ENABLE();
 8007686:	2100      	movs	r1, #0
 8007688:	9100      	str	r1, [sp, #0]
 800768a:	6b1a      	ldr	r2, [r3, #48]	; 0x30
 800768c:	f042 0201 	orr.w	r2, r2, #1
 8007690:	631a      	str	r2, [r3, #48]	; 0x30
 8007692:	6b1b      	ldr	r3, [r3, #48]	; 0x30
	GpioInit.Pull      = GPIO_NOPULL;
 8007694:	9103      	str	r1, [sp, #12]
	__GPIOA_CLK_ENABLE();
 8007696:	f003 0301 	and.w	r3, r3, #1
 800769a:	9300      	str	r3, [sp, #0]
 800769c:	9b00      	ldr	r3, [sp, #0]
	GpioInit.Mode      = GPIO_MODE_OUTPUT_PP;
 800769e:	f44f 5280 	mov.w	r2, #4096	; 0x1000
 80076a2:	2301      	movs	r3, #1
 80076a4:	e9cd 2301 	strd	r2, r3, [sp, #4]
	HAL_GPIO_Init(GPIOA, &GpioInit);
 80076a8:	a901      	add	r1, sp, #4
	GpioInit.Speed     = GPIO_SPEED_FREQ_HIGH;
 80076aa:	2302      	movs	r3, #2
 80076ac:	9304      	str	r3, [sp, #16]
	HAL_GPIO_Init(GPIOA, &GpioInit);
 80076ae:	f000 fa8b 	bl	8007bc8 <HAL_GPIO_Init>
#endif
}
 80076b2:	b007      	add	sp, #28
 80076b4:	f85d fb04 	ldr.w	pc, [sp], #4
 80076b8:	40023800 	.word	0x40023800
 80076bc:	40020000 	.word	0x40020000

080076c0 <trigger_high>:
void trigger_high(void)
{
#ifdef STM32F4_WLCSP
    HAL_GPIO_WritePin(GPIOD, GPIO_PIN_4, SET);
#else
	HAL_GPIO_WritePin(GPIOA, GPIO_PIN_12, SET);
 80076c0:	4802      	ldr	r0, [pc, #8]	; (80076cc <trigger_high+0xc>)
 80076c2:	2201      	movs	r2, #1
 80076c4:	f44f 5180 	mov.w	r1, #4096	; 0x1000
 80076c8:	f000 bb66 	b.w	8007d98 <HAL_GPIO_WritePin>
 80076cc:	40020000 	.word	0x40020000

080076d0 <trigger_low>:
void trigger_low(void)
{
#ifdef STM32F4_WLCSP
    HAL_GPIO_WritePin(GPIOD, GPIO_PIN_4, RESET);
#else
	HAL_GPIO_WritePin(GPIOA, GPIO_PIN_12, RESET);
 80076d0:	4802      	ldr	r0, [pc, #8]	; (80076dc <trigger_low+0xc>)
 80076d2:	2200      	movs	r2, #0
 80076d4:	f44f 5180 	mov.w	r1, #4096	; 0x1000
 80076d8:	f000 bb5e 	b.w	8007d98 <HAL_GPIO_WritePin>
 80076dc:	40020000 	.word	0x40020000

080076e0 <getch>:
#endif
}
char getch(void)
{
 80076e0:	b513      	push	{r0, r1, r4, lr}
	uint8_t d;
	while (HAL_UART_Receive(&UartHandle, &d, 1, 5000) != HAL_OK);
 80076e2:	4c07      	ldr	r4, [pc, #28]	; (8007700 <getch+0x20>)
 80076e4:	f241 3388 	movw	r3, #5000	; 0x1388
 80076e8:	2201      	movs	r2, #1
 80076ea:	f10d 0107 	add.w	r1, sp, #7
 80076ee:	4620      	mov	r0, r4
 80076f0:	f000 fc0d 	bl	8007f0e <HAL_UART_Receive>
 80076f4:	2800      	cmp	r0, #0
 80076f6:	d1f5      	bne.n	80076e4 <getch+0x4>
	return d;
}
 80076f8:	f89d 0007 	ldrb.w	r0, [sp, #7]
 80076fc:	b002      	add	sp, #8
 80076fe:	bd10      	pop	{r4, pc}
 8007700:	20000e9c 	.word	0x20000e9c

08007704 <putch>:

void putch(char c)
{
 8007704:	b507      	push	{r0, r1, r2, lr}
	uint8_t d  = c;
	HAL_UART_Transmit(&UartHandle,  &d, 1, 5000);
 8007706:	f241 3388 	movw	r3, #5000	; 0x1388
	uint8_t d  = c;
 800770a:	f88d 0007 	strb.w	r0, [sp, #7]
	HAL_UART_Transmit(&UartHandle,  &d, 1, 5000);
 800770e:	2201      	movs	r2, #1
 8007710:	f10d 0107 	add.w	r1, sp, #7
 8007714:	4802      	ldr	r0, [pc, #8]	; (8007720 <putch+0x1c>)
 8007716:	f000 fbb5 	bl	8007e84 <HAL_UART_Transmit>
}
 800771a:	b003      	add	sp, #12
 800771c:	f85d fb04 	ldr.w	pc, [sp], #4
 8007720:	20000e9c 	.word	0x20000e9c

08007724 <get_rand>:

uint32_t get_rand(void)
{
 8007724:	b537      	push	{r0, r1, r2, r4, r5, lr}
	uint32_t prev_rand = RngHandle.RandomNumber;
 8007726:	4c06      	ldr	r4, [pc, #24]	; (8007740 <get_rand+0x1c>)
 8007728:	68a5      	ldr	r5, [r4, #8]
	uint32_t next_rand;
	HAL_StatusTypeDef error;

	do {
		error = HAL_RNG_GenerateRandomNumber(&RngHandle, &next_rand);
 800772a:	a901      	add	r1, sp, #4
 800772c:	4620      	mov	r0, r4
 800772e:	f000 fc58 	bl	8007fe2 <HAL_RNG_GenerateRandomNumber>
  	} while (error != HAL_OK && prev_rand == next_rand);
 8007732:	9b01      	ldr	r3, [sp, #4]
 8007734:	b108      	cbz	r0, 800773a <get_rand+0x16>
 8007736:	42ab      	cmp	r3, r5
 8007738:	d0f7      	beq.n	800772a <get_rand+0x6>
  	return next_rand;
}
 800773a:	4618      	mov	r0, r3
 800773c:	b003      	add	sp, #12
 800773e:	bd30      	pop	{r4, r5, pc}
 8007740:	20000e90 	.word	0x20000e90

08007744 <HAL_GetTick>:


uint32_t HAL_GetTick(void)
{
	static uint32_t tick;
	return tick++;;
 8007744:	4b02      	ldr	r3, [pc, #8]	; (8007750 <HAL_GetTick+0xc>)
 8007746:	6818      	ldr	r0, [r3, #0]
 8007748:	1c42      	adds	r2, r0, #1
 800774a:	601a      	str	r2, [r3, #0]
}
 800774c:	4770      	bx	lr
 800774e:	bf00      	nop
 8007750:	20000f2c 	.word	0x20000f2c

08007754 <HAL_RCC_OscConfig>:
  uint32_t tickstart = 0U;

  /* Check the parameters */
  assert_param(IS_RCC_OSCILLATORTYPE(RCC_OscInitStruct->OscillatorType));
  /*------------------------------- HSE Configuration ------------------------*/
  if(((RCC_OscInitStruct->OscillatorType) & RCC_OSCILLATORTYPE_HSE) == RCC_OSCILLATORTYPE_HSE)
 8007754:	6803      	ldr	r3, [r0, #0]
{
 8007756:	b573      	push	{r0, r1, r4, r5, r6, lr}
  if(((RCC_OscInitStruct->OscillatorType) & RCC_OSCILLATORTYPE_HSE) == RCC_OSCILLATORTYPE_HSE)
 8007758:	07de      	lsls	r6, r3, #31
{
 800775a:	4601      	mov	r1, r0
  if(((RCC_OscInitStruct->OscillatorType) & RCC_OSCILLATORTYPE_HSE) == RCC_OSCILLATORTYPE_HSE)
 800775c:	d43b      	bmi.n	80077d6 <HAL_RCC_OscConfig+0x82>
        }
      }
    }
  }
  /*----------------------------- HSI Configuration --------------------------*/
  if(((RCC_OscInitStruct->OscillatorType) & RCC_OSCILLATORTYPE_HSI) == RCC_OSCILLATORTYPE_HSI)
 800775e:	680b      	ldr	r3, [r1, #0]
 8007760:	079d      	lsls	r5, r3, #30
 8007762:	f100 808b 	bmi.w	800787c <HAL_RCC_OscConfig+0x128>
        }
      }
    }
  }
  /*------------------------------ LSI Configuration -------------------------*/
  if(((RCC_OscInitStruct->OscillatorType) & RCC_OSCILLATORTYPE_LSI) == RCC_OSCILLATORTYPE_LSI)
 8007766:	680b      	ldr	r3, [r1, #0]
 8007768:	0718      	lsls	r0, r3, #28
 800776a:	f100 80d6 	bmi.w	800791a <HAL_RCC_OscConfig+0x1c6>
        }
      }
    }
  }
  /*------------------------------ LSE Configuration -------------------------*/
  if(((RCC_OscInitStruct->OscillatorType) & RCC_OSCILLATORTYPE_LSE) == RCC_OSCILLATORTYPE_LSE)
 800776e:	680b      	ldr	r3, [r1, #0]
 8007770:	075a      	lsls	r2, r3, #29
 8007772:	d52a      	bpl.n	80077ca <HAL_RCC_OscConfig+0x76>
  {
    /* Check the parameters */
    assert_param(IS_RCC_LSE(RCC_OscInitStruct->LSEState));

    /* Enable Power Clock*/
    __HAL_RCC_PWR_CLK_ENABLE();
 8007774:	2300      	movs	r3, #0
 8007776:	9301      	str	r3, [sp, #4]
 8007778:	4b91      	ldr	r3, [pc, #580]	; (80079c0 <HAL_RCC_OscConfig+0x26c>)

    /* Enable write access to Backup domain */
    PWR->CR |= PWR_CR_DBP;
 800777a:	4c92      	ldr	r4, [pc, #584]	; (80079c4 <HAL_RCC_OscConfig+0x270>)
    __HAL_RCC_PWR_CLK_ENABLE();
 800777c:	6c1a      	ldr	r2, [r3, #64]	; 0x40
 800777e:	f042 5280 	orr.w	r2, r2, #268435456	; 0x10000000
 8007782:	641a      	str	r2, [r3, #64]	; 0x40
 8007784:	6c1b      	ldr	r3, [r3, #64]	; 0x40
 8007786:	f003 5380 	and.w	r3, r3, #268435456	; 0x10000000
 800778a:	9301      	str	r3, [sp, #4]
 800778c:	9b01      	ldr	r3, [sp, #4]
    PWR->CR |= PWR_CR_DBP;
 800778e:	6823      	ldr	r3, [r4, #0]
 8007790:	f443 7380 	orr.w	r3, r3, #256	; 0x100
 8007794:	6023      	str	r3, [r4, #0]

    /* Wait for Backup domain Write protection enable */
    tickstart = HAL_GetTick();
 8007796:	f7ff ffd5 	bl	8007744 <HAL_GetTick>
 800779a:	4605      	mov	r5, r0

    while((PWR->CR & PWR_CR_DBP) == RESET)
 800779c:	6823      	ldr	r3, [r4, #0]
 800779e:	05d8      	lsls	r0, r3, #23
 80077a0:	f140 80df 	bpl.w	8007962 <HAL_RCC_OscConfig+0x20e>
        return HAL_TIMEOUT;
      }
    }

    /* Set the new LSE configuration -----------------------------------------*/
    __HAL_RCC_LSE_CONFIG(RCC_OscInitStruct->LSEState);
 80077a4:	688b      	ldr	r3, [r1, #8]
 80077a6:	4c86      	ldr	r4, [pc, #536]	; (80079c0 <HAL_RCC_OscConfig+0x26c>)
 80077a8:	2b01      	cmp	r3, #1
 80077aa:	f040 80e1 	bne.w	8007970 <HAL_RCC_OscConfig+0x21c>
 80077ae:	6f23      	ldr	r3, [r4, #112]	; 0x70
 80077b0:	f043 0301 	orr.w	r3, r3, #1
 80077b4:	6723      	str	r3, [r4, #112]	; 0x70
    /* Check the LSE State */
    if((RCC_OscInitStruct->LSEState) != RCC_LSE_OFF)
    {
      /* Get Start Tick*/
      tickstart = HAL_GetTick();
 80077b6:	f7ff ffc5 	bl	8007744 <HAL_GetTick>

      /* Wait till LSE is ready */
      while(__HAL_RCC_GET_FLAG(RCC_FLAG_LSERDY) == RESET)
 80077ba:	4d81      	ldr	r5, [pc, #516]	; (80079c0 <HAL_RCC_OscConfig+0x26c>)
      tickstart = HAL_GetTick();
 80077bc:	4604      	mov	r4, r0
      {
        if((HAL_GetTick() - tickstart ) > RCC_LSE_TIMEOUT_VALUE)
 80077be:	f241 3688 	movw	r6, #5000	; 0x1388
      while(__HAL_RCC_GET_FLAG(RCC_FLAG_LSERDY) == RESET)
 80077c2:	6f2b      	ldr	r3, [r5, #112]	; 0x70
 80077c4:	079a      	lsls	r2, r3, #30
 80077c6:	f140 80f4 	bpl.w	80079b2 <HAL_RCC_OscConfig+0x25e>
    }
  }
  /*-------------------------------- PLL Configuration -----------------------*/
  /* Check the parameters */
  assert_param(IS_RCC_PLL(RCC_OscInitStruct->PLL.PLLState));
  if ((RCC_OscInitStruct->PLL.PLLState) != RCC_PLL_NONE)
 80077ca:	698a      	ldr	r2, [r1, #24]
 80077cc:	2a00      	cmp	r2, #0
 80077ce:	f040 80ff 	bne.w	80079d0 <HAL_RCC_OscConfig+0x27c>
    else
    {
      return HAL_ERROR;
    }
  }
  return HAL_OK;
 80077d2:	2000      	movs	r0, #0
 80077d4:	e015      	b.n	8007802 <HAL_RCC_OscConfig+0xae>
    if((__HAL_RCC_GET_SYSCLK_SOURCE() == RCC_CFGR_SWS_HSE) ||\
 80077d6:	4b7a      	ldr	r3, [pc, #488]	; (80079c0 <HAL_RCC_OscConfig+0x26c>)
 80077d8:	689a      	ldr	r2, [r3, #8]
 80077da:	f002 020c 	and.w	r2, r2, #12
 80077de:	2a04      	cmp	r2, #4
 80077e0:	d007      	beq.n	80077f2 <HAL_RCC_OscConfig+0x9e>
      ((__HAL_RCC_GET_SYSCLK_SOURCE() == RCC_CFGR_SWS_PLL) && ((RCC->PLLCFGR & RCC_PLLCFGR_PLLSRC) == RCC_PLLCFGR_PLLSRC_HSE)))
 80077e2:	689a      	ldr	r2, [r3, #8]
 80077e4:	f002 020c 	and.w	r2, r2, #12
    if((__HAL_RCC_GET_SYSCLK_SOURCE() == RCC_CFGR_SWS_HSE) ||\
 80077e8:	2a08      	cmp	r2, #8
 80077ea:	d10c      	bne.n	8007806 <HAL_RCC_OscConfig+0xb2>
      ((__HAL_RCC_GET_SYSCLK_SOURCE() == RCC_CFGR_SWS_PLL) && ((RCC->PLLCFGR & RCC_PLLCFGR_PLLSRC) == RCC_PLLCFGR_PLLSRC_HSE)))
 80077ec:	685a      	ldr	r2, [r3, #4]
 80077ee:	0254      	lsls	r4, r2, #9
 80077f0:	d509      	bpl.n	8007806 <HAL_RCC_OscConfig+0xb2>
      if((__HAL_RCC_GET_FLAG(RCC_FLAG_HSERDY) != RESET) && (RCC_OscInitStruct->HSEState == RCC_HSE_OFF))
 80077f2:	4b73      	ldr	r3, [pc, #460]	; (80079c0 <HAL_RCC_OscConfig+0x26c>)
 80077f4:	681b      	ldr	r3, [r3, #0]
 80077f6:	0398      	lsls	r0, r3, #14
 80077f8:	d5b1      	bpl.n	800775e <HAL_RCC_OscConfig+0xa>
 80077fa:	684b      	ldr	r3, [r1, #4]
 80077fc:	2b00      	cmp	r3, #0
 80077fe:	d1ae      	bne.n	800775e <HAL_RCC_OscConfig+0xa>
        return HAL_ERROR;
 8007800:	2001      	movs	r0, #1
}
 8007802:	b002      	add	sp, #8
 8007804:	bd70      	pop	{r4, r5, r6, pc}
      __HAL_RCC_HSE_CONFIG(RCC_OscInitStruct->HSEState);
 8007806:	684a      	ldr	r2, [r1, #4]
 8007808:	f5b2 3f80 	cmp.w	r2, #65536	; 0x10000
 800780c:	d112      	bne.n	8007834 <HAL_RCC_OscConfig+0xe0>
 800780e:	681a      	ldr	r2, [r3, #0]
 8007810:	f442 3280 	orr.w	r2, r2, #65536	; 0x10000
 8007814:	601a      	str	r2, [r3, #0]
        tickstart = HAL_GetTick();
 8007816:	f7ff ff95 	bl	8007744 <HAL_GetTick>
        while(__HAL_RCC_GET_FLAG(RCC_FLAG_HSERDY) == RESET)
 800781a:	4d69      	ldr	r5, [pc, #420]	; (80079c0 <HAL_RCC_OscConfig+0x26c>)
          if((HAL_GetTick() - tickstart ) > HSE_TIMEOUT_VALUE)
 800781c:	4e6a      	ldr	r6, [pc, #424]	; (80079c8 <HAL_RCC_OscConfig+0x274>)
        tickstart = HAL_GetTick();
 800781e:	4604      	mov	r4, r0
        while(__HAL_RCC_GET_FLAG(RCC_FLAG_HSERDY) == RESET)
 8007820:	682b      	ldr	r3, [r5, #0]
 8007822:	039a      	lsls	r2, r3, #14
 8007824:	d49b      	bmi.n	800775e <HAL_RCC_OscConfig+0xa>
          if((HAL_GetTick() - tickstart ) > HSE_TIMEOUT_VALUE)
 8007826:	f7ff ff8d 	bl	8007744 <HAL_GetTick>
 800782a:	1b00      	subs	r0, r0, r4
 800782c:	42b0      	cmp	r0, r6
 800782e:	d9f7      	bls.n	8007820 <HAL_RCC_OscConfig+0xcc>
            return HAL_TIMEOUT;
 8007830:	2003      	movs	r0, #3
 8007832:	e7e6      	b.n	8007802 <HAL_RCC_OscConfig+0xae>
      __HAL_RCC_HSE_CONFIG(RCC_OscInitStruct->HSEState);
 8007834:	4c62      	ldr	r4, [pc, #392]	; (80079c0 <HAL_RCC_OscConfig+0x26c>)
 8007836:	f5b2 2fa0 	cmp.w	r2, #327680	; 0x50000
 800783a:	6823      	ldr	r3, [r4, #0]
 800783c:	d107      	bne.n	800784e <HAL_RCC_OscConfig+0xfa>
 800783e:	f443 2380 	orr.w	r3, r3, #262144	; 0x40000
 8007842:	6023      	str	r3, [r4, #0]
 8007844:	6823      	ldr	r3, [r4, #0]
 8007846:	f443 3380 	orr.w	r3, r3, #65536	; 0x10000
 800784a:	6023      	str	r3, [r4, #0]
      if((RCC_OscInitStruct->HSEState) != RCC_HSE_OFF)
 800784c:	e7e3      	b.n	8007816 <HAL_RCC_OscConfig+0xc2>
      __HAL_RCC_HSE_CONFIG(RCC_OscInitStruct->HSEState);
 800784e:	f423 3380 	bic.w	r3, r3, #65536	; 0x10000
 8007852:	6023      	str	r3, [r4, #0]
 8007854:	6823      	ldr	r3, [r4, #0]
 8007856:	f423 2380 	bic.w	r3, r3, #262144	; 0x40000
 800785a:	6023      	str	r3, [r4, #0]
      if((RCC_OscInitStruct->HSEState) != RCC_HSE_OFF)
 800785c:	2a00      	cmp	r2, #0
 800785e:	d1da      	bne.n	8007816 <HAL_RCC_OscConfig+0xc2>
        tickstart = HAL_GetTick();
 8007860:	f7ff ff70 	bl	8007744 <HAL_GetTick>
          if((HAL_GetTick() - tickstart ) > HSE_TIMEOUT_VALUE)
 8007864:	4e58      	ldr	r6, [pc, #352]	; (80079c8 <HAL_RCC_OscConfig+0x274>)
        tickstart = HAL_GetTick();
 8007866:	4605      	mov	r5, r0
        while(__HAL_RCC_GET_FLAG(RCC_FLAG_HSERDY) != RESET)
 8007868:	6823      	ldr	r3, [r4, #0]
 800786a:	039b      	lsls	r3, r3, #14
 800786c:	f57f af77 	bpl.w	800775e <HAL_RCC_OscConfig+0xa>
          if((HAL_GetTick() - tickstart ) > HSE_TIMEOUT_VALUE)
 8007870:	f7ff ff68 	bl	8007744 <HAL_GetTick>
 8007874:	1b40      	subs	r0, r0, r5
 8007876:	42b0      	cmp	r0, r6
 8007878:	d9f6      	bls.n	8007868 <HAL_RCC_OscConfig+0x114>
 800787a:	e7d9      	b.n	8007830 <HAL_RCC_OscConfig+0xdc>
    if((__HAL_RCC_GET_SYSCLK_SOURCE() == RCC_CFGR_SWS_HSI) ||\
 800787c:	4b50      	ldr	r3, [pc, #320]	; (80079c0 <HAL_RCC_OscConfig+0x26c>)
 800787e:	689a      	ldr	r2, [r3, #8]
 8007880:	f012 0f0c 	tst.w	r2, #12
 8007884:	d007      	beq.n	8007896 <HAL_RCC_OscConfig+0x142>
      ((__HAL_RCC_GET_SYSCLK_SOURCE() == RCC_CFGR_SWS_PLL) && ((RCC->PLLCFGR & RCC_PLLCFGR_PLLSRC) == RCC_PLLCFGR_PLLSRC_HSI)))
 8007886:	689a      	ldr	r2, [r3, #8]
 8007888:	f002 020c 	and.w	r2, r2, #12
    if((__HAL_RCC_GET_SYSCLK_SOURCE() == RCC_CFGR_SWS_HSI) ||\
 800788c:	2a08      	cmp	r2, #8
 800788e:	d116      	bne.n	80078be <HAL_RCC_OscConfig+0x16a>
      ((__HAL_RCC_GET_SYSCLK_SOURCE() == RCC_CFGR_SWS_PLL) && ((RCC->PLLCFGR & RCC_PLLCFGR_PLLSRC) == RCC_PLLCFGR_PLLSRC_HSI)))
 8007890:	685b      	ldr	r3, [r3, #4]
 8007892:	0258      	lsls	r0, r3, #9
 8007894:	d413      	bmi.n	80078be <HAL_RCC_OscConfig+0x16a>
      if((__HAL_RCC_GET_FLAG(RCC_FLAG_HSIRDY) != RESET) && (RCC_OscInitStruct->HSIState != RCC_HSI_ON))
 8007896:	484a      	ldr	r0, [pc, #296]	; (80079c0 <HAL_RCC_OscConfig+0x26c>)
 8007898:	6803      	ldr	r3, [r0, #0]
 800789a:	079a      	lsls	r2, r3, #30
 800789c:	d502      	bpl.n	80078a4 <HAL_RCC_OscConfig+0x150>
 800789e:	68cb      	ldr	r3, [r1, #12]
 80078a0:	2b01      	cmp	r3, #1
 80078a2:	d1ad      	bne.n	8007800 <HAL_RCC_OscConfig+0xac>
        __HAL_RCC_HSI_CALIBRATIONVALUE_ADJUST(RCC_OscInitStruct->HSICalibrationValue);
 80078a4:	6804      	ldr	r4, [r0, #0]
__attribute__((always_inline)) __STATIC_INLINE uint32_t __RBIT(uint32_t value)
{
  uint32_t result;

#if       (__CORTEX_M >= 0x03U) || (__CORTEX_SC >= 300U)
   __ASM volatile ("rbit %0, %1" : "=r" (result) : "r" (value) );
 80078a6:	23f8      	movs	r3, #248	; 0xf8
 80078a8:	fa93 f3a3 	rbit	r3, r3
 80078ac:	fab3 f283 	clz	r2, r3
 80078b0:	690b      	ldr	r3, [r1, #16]
 80078b2:	4093      	lsls	r3, r2
 80078b4:	f024 02f8 	bic.w	r2, r4, #248	; 0xf8
 80078b8:	4313      	orrs	r3, r2
 80078ba:	6003      	str	r3, [r0, #0]
      if((__HAL_RCC_GET_FLAG(RCC_FLAG_HSIRDY) != RESET) && (RCC_OscInitStruct->HSIState != RCC_HSI_ON))
 80078bc:	e753      	b.n	8007766 <HAL_RCC_OscConfig+0x12>
      if((RCC_OscInitStruct->HSIState)!= RCC_HSI_OFF)
 80078be:	68ca      	ldr	r2, [r1, #12]
 80078c0:	4b42      	ldr	r3, [pc, #264]	; (80079cc <HAL_RCC_OscConfig+0x278>)
 80078c2:	b1da      	cbz	r2, 80078fc <HAL_RCC_OscConfig+0x1a8>
        __HAL_RCC_HSI_ENABLE();
 80078c4:	2201      	movs	r2, #1
 80078c6:	601a      	str	r2, [r3, #0]
        tickstart = HAL_GetTick();
 80078c8:	f7ff ff3c 	bl	8007744 <HAL_GetTick>
        while(__HAL_RCC_GET_FLAG(RCC_FLAG_HSIRDY) == RESET)
 80078cc:	4c3c      	ldr	r4, [pc, #240]	; (80079c0 <HAL_RCC_OscConfig+0x26c>)
        tickstart = HAL_GetTick();
 80078ce:	4605      	mov	r5, r0
        while(__HAL_RCC_GET_FLAG(RCC_FLAG_HSIRDY) == RESET)
 80078d0:	6823      	ldr	r3, [r4, #0]
 80078d2:	079b      	lsls	r3, r3, #30
 80078d4:	d50c      	bpl.n	80078f0 <HAL_RCC_OscConfig+0x19c>
        __HAL_RCC_HSI_CALIBRATIONVALUE_ADJUST(RCC_OscInitStruct->HSICalibrationValue);
 80078d6:	6820      	ldr	r0, [r4, #0]
 80078d8:	23f8      	movs	r3, #248	; 0xf8
 80078da:	fa93 f3a3 	rbit	r3, r3
 80078de:	fab3 f283 	clz	r2, r3
 80078e2:	690b      	ldr	r3, [r1, #16]
 80078e4:	4093      	lsls	r3, r2
 80078e6:	f020 02f8 	bic.w	r2, r0, #248	; 0xf8
 80078ea:	4313      	orrs	r3, r2
 80078ec:	6023      	str	r3, [r4, #0]
 80078ee:	e73a      	b.n	8007766 <HAL_RCC_OscConfig+0x12>
          if((HAL_GetTick() - tickstart ) > HSI_TIMEOUT_VALUE)
 80078f0:	f7ff ff28 	bl	8007744 <HAL_GetTick>
 80078f4:	1b40      	subs	r0, r0, r5
 80078f6:	2802      	cmp	r0, #2
 80078f8:	d9ea      	bls.n	80078d0 <HAL_RCC_OscConfig+0x17c>
 80078fa:	e799      	b.n	8007830 <HAL_RCC_OscConfig+0xdc>
        __HAL_RCC_HSI_DISABLE();
 80078fc:	601a      	str	r2, [r3, #0]
        tickstart = HAL_GetTick();
 80078fe:	f7ff ff21 	bl	8007744 <HAL_GetTick>
        while(__HAL_RCC_GET_FLAG(RCC_FLAG_HSIRDY) != RESET)
 8007902:	4d2f      	ldr	r5, [pc, #188]	; (80079c0 <HAL_RCC_OscConfig+0x26c>)
        tickstart = HAL_GetTick();
 8007904:	4604      	mov	r4, r0
        while(__HAL_RCC_GET_FLAG(RCC_FLAG_HSIRDY) != RESET)
 8007906:	682b      	ldr	r3, [r5, #0]
 8007908:	079e      	lsls	r6, r3, #30
 800790a:	f57f af2c 	bpl.w	8007766 <HAL_RCC_OscConfig+0x12>
          if((HAL_GetTick() - tickstart ) > HSI_TIMEOUT_VALUE)
 800790e:	f7ff ff19 	bl	8007744 <HAL_GetTick>
 8007912:	1b00      	subs	r0, r0, r4
 8007914:	2802      	cmp	r0, #2
 8007916:	d9f6      	bls.n	8007906 <HAL_RCC_OscConfig+0x1b2>
 8007918:	e78a      	b.n	8007830 <HAL_RCC_OscConfig+0xdc>
    if((RCC_OscInitStruct->LSIState)!= RCC_LSI_OFF)
 800791a:	694a      	ldr	r2, [r1, #20]
 800791c:	4b2b      	ldr	r3, [pc, #172]	; (80079cc <HAL_RCC_OscConfig+0x278>)
 800791e:	b182      	cbz	r2, 8007942 <HAL_RCC_OscConfig+0x1ee>
      __HAL_RCC_LSI_ENABLE();
 8007920:	2201      	movs	r2, #1
 8007922:	f8c3 2e80 	str.w	r2, [r3, #3712]	; 0xe80
      tickstart = HAL_GetTick();
 8007926:	f7ff ff0d 	bl	8007744 <HAL_GetTick>
      while(__HAL_RCC_GET_FLAG(RCC_FLAG_LSIRDY) == RESET)
 800792a:	4d25      	ldr	r5, [pc, #148]	; (80079c0 <HAL_RCC_OscConfig+0x26c>)
      tickstart = HAL_GetTick();
 800792c:	4604      	mov	r4, r0
      while(__HAL_RCC_GET_FLAG(RCC_FLAG_LSIRDY) == RESET)
 800792e:	6f6b      	ldr	r3, [r5, #116]	; 0x74
 8007930:	079b      	lsls	r3, r3, #30
 8007932:	f53f af1c 	bmi.w	800776e <HAL_RCC_OscConfig+0x1a>
        if((HAL_GetTick() - tickstart ) > LSI_TIMEOUT_VALUE)
 8007936:	f7ff ff05 	bl	8007744 <HAL_GetTick>
 800793a:	1b00      	subs	r0, r0, r4
 800793c:	2802      	cmp	r0, #2
 800793e:	d9f6      	bls.n	800792e <HAL_RCC_OscConfig+0x1da>
 8007940:	e776      	b.n	8007830 <HAL_RCC_OscConfig+0xdc>
      __HAL_RCC_LSI_DISABLE();
 8007942:	f8c3 2e80 	str.w	r2, [r3, #3712]	; 0xe80
      tickstart = HAL_GetTick();
 8007946:	f7ff fefd 	bl	8007744 <HAL_GetTick>
      while(__HAL_RCC_GET_FLAG(RCC_FLAG_LSIRDY) != RESET)
 800794a:	4d1d      	ldr	r5, [pc, #116]	; (80079c0 <HAL_RCC_OscConfig+0x26c>)
      tickstart = HAL_GetTick();
 800794c:	4604      	mov	r4, r0
      while(__HAL_RCC_GET_FLAG(RCC_FLAG_LSIRDY) != RESET)
 800794e:	6f6b      	ldr	r3, [r5, #116]	; 0x74
 8007950:	079e      	lsls	r6, r3, #30
 8007952:	f57f af0c 	bpl.w	800776e <HAL_RCC_OscConfig+0x1a>
        if((HAL_GetTick() - tickstart ) > LSI_TIMEOUT_VALUE)
 8007956:	f7ff fef5 	bl	8007744 <HAL_GetTick>
 800795a:	1b00      	subs	r0, r0, r4
 800795c:	2802      	cmp	r0, #2
 800795e:	d9f6      	bls.n	800794e <HAL_RCC_OscConfig+0x1fa>
 8007960:	e766      	b.n	8007830 <HAL_RCC_OscConfig+0xdc>
      if((HAL_GetTick() - tickstart ) > RCC_DBP_TIMEOUT_VALUE)
 8007962:	f7ff feef 	bl	8007744 <HAL_GetTick>
 8007966:	1b40      	subs	r0, r0, r5
 8007968:	2802      	cmp	r0, #2
 800796a:	f67f af17 	bls.w	800779c <HAL_RCC_OscConfig+0x48>
 800796e:	e75f      	b.n	8007830 <HAL_RCC_OscConfig+0xdc>
    __HAL_RCC_LSE_CONFIG(RCC_OscInitStruct->LSEState);
 8007970:	2b05      	cmp	r3, #5
 8007972:	d104      	bne.n	800797e <HAL_RCC_OscConfig+0x22a>
 8007974:	6f23      	ldr	r3, [r4, #112]	; 0x70
 8007976:	f043 0304 	orr.w	r3, r3, #4
 800797a:	6723      	str	r3, [r4, #112]	; 0x70
 800797c:	e717      	b.n	80077ae <HAL_RCC_OscConfig+0x5a>
 800797e:	6f22      	ldr	r2, [r4, #112]	; 0x70
 8007980:	f022 0201 	bic.w	r2, r2, #1
 8007984:	6722      	str	r2, [r4, #112]	; 0x70
 8007986:	6f22      	ldr	r2, [r4, #112]	; 0x70
 8007988:	f022 0204 	bic.w	r2, r2, #4
 800798c:	6722      	str	r2, [r4, #112]	; 0x70
    if((RCC_OscInitStruct->LSEState) != RCC_LSE_OFF)
 800798e:	2b00      	cmp	r3, #0
 8007990:	f47f af11 	bne.w	80077b6 <HAL_RCC_OscConfig+0x62>
      tickstart = HAL_GetTick();
 8007994:	f7ff fed6 	bl	8007744 <HAL_GetTick>
        if((HAL_GetTick() - tickstart ) > RCC_LSE_TIMEOUT_VALUE)
 8007998:	f241 3688 	movw	r6, #5000	; 0x1388
      tickstart = HAL_GetTick();
 800799c:	4605      	mov	r5, r0
      while(__HAL_RCC_GET_FLAG(RCC_FLAG_LSERDY) != RESET)
 800799e:	6f23      	ldr	r3, [r4, #112]	; 0x70
 80079a0:	079b      	lsls	r3, r3, #30
 80079a2:	f57f af12 	bpl.w	80077ca <HAL_RCC_OscConfig+0x76>
        if((HAL_GetTick() - tickstart ) > RCC_LSE_TIMEOUT_VALUE)
 80079a6:	f7ff fecd 	bl	8007744 <HAL_GetTick>
 80079aa:	1b40      	subs	r0, r0, r5
 80079ac:	42b0      	cmp	r0, r6
 80079ae:	d9f6      	bls.n	800799e <HAL_RCC_OscConfig+0x24a>
 80079b0:	e73e      	b.n	8007830 <HAL_RCC_OscConfig+0xdc>
        if((HAL_GetTick() - tickstart ) > RCC_LSE_TIMEOUT_VALUE)
 80079b2:	f7ff fec7 	bl	8007744 <HAL_GetTick>
 80079b6:	1b00      	subs	r0, r0, r4
 80079b8:	42b0      	cmp	r0, r6
 80079ba:	f67f af02 	bls.w	80077c2 <HAL_RCC_OscConfig+0x6e>
 80079be:	e737      	b.n	8007830 <HAL_RCC_OscConfig+0xdc>
 80079c0:	40023800 	.word	0x40023800
 80079c4:	40007000 	.word	0x40007000
 80079c8:	05f5e100 	.word	0x05f5e100
 80079cc:	42470000 	.word	0x42470000
    if(__HAL_RCC_GET_SYSCLK_SOURCE() != RCC_CFGR_SWS_PLL)
 80079d0:	4c2d      	ldr	r4, [pc, #180]	; (8007a88 <HAL_RCC_OscConfig+0x334>)
 80079d2:	68a3      	ldr	r3, [r4, #8]
 80079d4:	f003 030c 	and.w	r3, r3, #12
 80079d8:	2b08      	cmp	r3, #8
 80079da:	f43f af11 	beq.w	8007800 <HAL_RCC_OscConfig+0xac>
      if((RCC_OscInitStruct->PLL.PLLState) == RCC_PLL_ON)
 80079de:	4b2b      	ldr	r3, [pc, #172]	; (8007a8c <HAL_RCC_OscConfig+0x338>)
 80079e0:	2a02      	cmp	r2, #2
 80079e2:	f04f 0200 	mov.w	r2, #0
        __HAL_RCC_PLL_DISABLE();
 80079e6:	661a      	str	r2, [r3, #96]	; 0x60
      if((RCC_OscInitStruct->PLL.PLLState) == RCC_PLL_ON)
 80079e8:	d140      	bne.n	8007a6c <HAL_RCC_OscConfig+0x318>
        tickstart = HAL_GetTick();
 80079ea:	f7ff feab 	bl	8007744 <HAL_GetTick>
          if((HAL_GetTick() - tickstart ) > PLL_TIMEOUT_VALUE)
 80079ee:	4e28      	ldr	r6, [pc, #160]	; (8007a90 <HAL_RCC_OscConfig+0x33c>)
        tickstart = HAL_GetTick();
 80079f0:	4605      	mov	r5, r0
        while(__HAL_RCC_GET_FLAG(RCC_FLAG_PLLRDY) != RESET)
 80079f2:	6823      	ldr	r3, [r4, #0]
 80079f4:	0198      	lsls	r0, r3, #6
 80079f6:	d433      	bmi.n	8007a60 <HAL_RCC_OscConfig+0x30c>
 80079f8:	f647 76c0 	movw	r6, #32704	; 0x7fc0
 80079fc:	fa96 f6a6 	rbit	r6, r6
 8007a00:	f44f 3240 	mov.w	r2, #196608	; 0x30000
        WRITE_REG(RCC->PLLCFGR, (RCC_OscInitStruct->PLL.PLLSource                                            | \
 8007a04:	fab6 f686 	clz	r6, r6
 8007a08:	fa92 f2a2 	rbit	r2, r2
 8007a0c:	f04f 6070 	mov.w	r0, #251658240	; 0xf000000
 8007a10:	fab2 f582 	clz	r5, r2
 8007a14:	fa90 f0a0 	rbit	r0, r0
 8007a18:	e9d1 3207 	ldrd	r3, r2, [r1, #28]
 8007a1c:	4313      	orrs	r3, r2
 8007a1e:	6a4a      	ldr	r2, [r1, #36]	; 0x24
 8007a20:	40b2      	lsls	r2, r6
 8007a22:	4313      	orrs	r3, r2
 8007a24:	6a8a      	ldr	r2, [r1, #40]	; 0x28
 8007a26:	0852      	lsrs	r2, r2, #1
 8007a28:	3a01      	subs	r2, #1
 8007a2a:	40aa      	lsls	r2, r5
 8007a2c:	4313      	orrs	r3, r2
 8007a2e:	6aca      	ldr	r2, [r1, #44]	; 0x2c
          if((HAL_GetTick() - tickstart ) > PLL_TIMEOUT_VALUE)
 8007a30:	4d17      	ldr	r5, [pc, #92]	; (8007a90 <HAL_RCC_OscConfig+0x33c>)
        WRITE_REG(RCC->PLLCFGR, (RCC_OscInitStruct->PLL.PLLSource                                            | \
 8007a32:	fab0 f080 	clz	r0, r0
 8007a36:	fa02 f000 	lsl.w	r0, r2, r0
 8007a3a:	4303      	orrs	r3, r0
 8007a3c:	6063      	str	r3, [r4, #4]
        __HAL_RCC_PLL_ENABLE();
 8007a3e:	4b13      	ldr	r3, [pc, #76]	; (8007a8c <HAL_RCC_OscConfig+0x338>)
        while(__HAL_RCC_GET_FLAG(RCC_FLAG_PLLRDY) == RESET)
 8007a40:	4c11      	ldr	r4, [pc, #68]	; (8007a88 <HAL_RCC_OscConfig+0x334>)
        __HAL_RCC_PLL_ENABLE();
 8007a42:	2201      	movs	r2, #1
 8007a44:	661a      	str	r2, [r3, #96]	; 0x60
        tickstart = HAL_GetTick();
 8007a46:	f7ff fe7d 	bl	8007744 <HAL_GetTick>
 8007a4a:	4601      	mov	r1, r0
        while(__HAL_RCC_GET_FLAG(RCC_FLAG_PLLRDY) == RESET)
 8007a4c:	6823      	ldr	r3, [r4, #0]
 8007a4e:	019a      	lsls	r2, r3, #6
 8007a50:	f53f aebf 	bmi.w	80077d2 <HAL_RCC_OscConfig+0x7e>
          if((HAL_GetTick() - tickstart ) > PLL_TIMEOUT_VALUE)
 8007a54:	f7ff fe76 	bl	8007744 <HAL_GetTick>
 8007a58:	1a40      	subs	r0, r0, r1
 8007a5a:	42a8      	cmp	r0, r5
 8007a5c:	d9f6      	bls.n	8007a4c <HAL_RCC_OscConfig+0x2f8>
 8007a5e:	e6e7      	b.n	8007830 <HAL_RCC_OscConfig+0xdc>
          if((HAL_GetTick() - tickstart ) > PLL_TIMEOUT_VALUE)
 8007a60:	f7ff fe70 	bl	8007744 <HAL_GetTick>
 8007a64:	1b40      	subs	r0, r0, r5
 8007a66:	42b0      	cmp	r0, r6
 8007a68:	d9c3      	bls.n	80079f2 <HAL_RCC_OscConfig+0x29e>
 8007a6a:	e6e1      	b.n	8007830 <HAL_RCC_OscConfig+0xdc>
        tickstart = HAL_GetTick();
 8007a6c:	f7ff fe6a 	bl	8007744 <HAL_GetTick>
          if((HAL_GetTick() - tickstart ) > PLL_TIMEOUT_VALUE)
 8007a70:	4d07      	ldr	r5, [pc, #28]	; (8007a90 <HAL_RCC_OscConfig+0x33c>)
        tickstart = HAL_GetTick();
 8007a72:	4601      	mov	r1, r0
        while(__HAL_RCC_GET_FLAG(RCC_FLAG_PLLRDY) != RESET)
 8007a74:	6823      	ldr	r3, [r4, #0]
 8007a76:	019b      	lsls	r3, r3, #6
 8007a78:	f57f aeab 	bpl.w	80077d2 <HAL_RCC_OscConfig+0x7e>
          if((HAL_GetTick() - tickstart ) > PLL_TIMEOUT_VALUE)
 8007a7c:	f7ff fe62 	bl	8007744 <HAL_GetTick>
 8007a80:	1a40      	subs	r0, r0, r1
 8007a82:	42a8      	cmp	r0, r5
 8007a84:	d9f6      	bls.n	8007a74 <HAL_RCC_OscConfig+0x320>
 8007a86:	e6d3      	b.n	8007830 <HAL_RCC_OscConfig+0xdc>
 8007a88:	40023800 	.word	0x40023800
 8007a8c:	42470000 	.word	0x42470000
 8007a90:	001e8480 	.word	0x001e8480

08007a94 <HAL_RCC_ClockConfig>:
  *         HPRE[3:0] bits to ensure that HCLK not exceed the maximum allowed frequency
  *         (for more details refer to section above "Initialization/de-initialization functions")
  * @retval None
  */
HAL_StatusTypeDef HAL_RCC_ClockConfig(RCC_ClkInitTypeDef  *RCC_ClkInitStruct, uint32_t FLatency)
{
 8007a94:	b5f8      	push	{r3, r4, r5, r6, r7, lr}
  /* To correctly read data from FLASH memory, the number of wait states (LATENCY)
    must be correctly programmed according to the frequency of the CPU clock
    (HCLK) and the supply voltage of the device. */

  /* Increasing the number of wait states because of higher CPU frequency */
  if(FLatency > (FLASH->ACR & FLASH_ACR_LATENCY))
 8007a96:	4b4a      	ldr	r3, [pc, #296]	; (8007bc0 <HAL_RCC_ClockConfig+0x12c>)
 8007a98:	681a      	ldr	r2, [r3, #0]
 8007a9a:	f002 020f 	and.w	r2, r2, #15
 8007a9e:	428a      	cmp	r2, r1
{
 8007aa0:	4604      	mov	r4, r0
  if(FLatency > (FLASH->ACR & FLASH_ACR_LATENCY))
 8007aa2:	d31c      	bcc.n	8007ade <HAL_RCC_ClockConfig+0x4a>
      return HAL_ERROR;
    }
  }

  /*-------------------------- HCLK Configuration --------------------------*/
  if(((RCC_ClkInitStruct->ClockType) & RCC_CLOCKTYPE_HCLK) == RCC_CLOCKTYPE_HCLK)
 8007aa4:	6822      	ldr	r2, [r4, #0]
 8007aa6:	0795      	lsls	r5, r2, #30
 8007aa8:	d422      	bmi.n	8007af0 <HAL_RCC_ClockConfig+0x5c>
    assert_param(IS_RCC_HCLK(RCC_ClkInitStruct->AHBCLKDivider));
    MODIFY_REG(RCC->CFGR, RCC_CFGR_HPRE, RCC_ClkInitStruct->AHBCLKDivider);
  }

  /*------------------------- SYSCLK Configuration ---------------------------*/
  if(((RCC_ClkInitStruct->ClockType) & RCC_CLOCKTYPE_SYSCLK) == RCC_CLOCKTYPE_SYSCLK)
 8007aaa:	07d0      	lsls	r0, r2, #31
 8007aac:	d428      	bmi.n	8007b00 <HAL_RCC_ClockConfig+0x6c>
      }
    }
  }

  /* Decreasing the number of wait states because of lower CPU frequency */
  if(FLatency < (FLASH->ACR & FLASH_ACR_LATENCY))
 8007aae:	4b44      	ldr	r3, [pc, #272]	; (8007bc0 <HAL_RCC_ClockConfig+0x12c>)
 8007ab0:	681a      	ldr	r2, [r3, #0]
 8007ab2:	f002 020f 	and.w	r2, r2, #15
 8007ab6:	428a      	cmp	r2, r1
 8007ab8:	d872      	bhi.n	8007ba0 <HAL_RCC_ClockConfig+0x10c>
      return HAL_ERROR;
    }
 }

  /*-------------------------- PCLK1 Configuration ---------------------------*/
  if(((RCC_ClkInitStruct->ClockType) & RCC_CLOCKTYPE_PCLK1) == RCC_CLOCKTYPE_PCLK1)
 8007aba:	6823      	ldr	r3, [r4, #0]
 8007abc:	075a      	lsls	r2, r3, #29
 8007abe:	d477      	bmi.n	8007bb0 <HAL_RCC_ClockConfig+0x11c>
    assert_param(IS_RCC_PCLK(RCC_ClkInitStruct->APB1CLKDivider));
    MODIFY_REG(RCC->CFGR, RCC_CFGR_PPRE1, RCC_ClkInitStruct->APB1CLKDivider);
  }

  /*-------------------------- PCLK2 Configuration ---------------------------*/
  if(((RCC_ClkInitStruct->ClockType) & RCC_CLOCKTYPE_PCLK2) == RCC_CLOCKTYPE_PCLK2)
 8007ac0:	f013 0308 	ands.w	r3, r3, #8
  {
    assert_param(IS_RCC_PCLK(RCC_ClkInitStruct->APB2CLKDivider));
    MODIFY_REG(RCC->CFGR, RCC_CFGR_PPRE2, ((RCC_ClkInitStruct->APB2CLKDivider) << 3U));
 8007ac4:	bf1f      	itttt	ne
 8007ac6:	4a3f      	ldrne	r2, [pc, #252]	; (8007bc4 <HAL_RCC_ClockConfig+0x130>)
 8007ac8:	6921      	ldrne	r1, [r4, #16]
 8007aca:	6893      	ldrne	r3, [r2, #8]
 8007acc:	f423 4360 	bicne.w	r3, r3, #57344	; 0xe000
 8007ad0:	bf1d      	ittte	ne
 8007ad2:	ea43 03c1 	orrne.w	r3, r3, r1, lsl #3
 8007ad6:	6093      	strne	r3, [r2, #8]
  //SystemCoreClock = HAL_RCC_GetSysClockFreq() >> AHBPrescTable[(RCC->CFGR & RCC_CFGR_HPRE)>> POSITION_VAL(RCC_CFGR_HPRE)];

  /* Configure the source of time base considering new system clocks settings*/
  //HAL_InitTick (TICK_INT_PRIORITY);

  return HAL_OK;
 8007ad8:	2000      	movne	r0, #0
 8007ada:	4618      	moveq	r0, r3
 8007adc:	e007      	b.n	8007aee <HAL_RCC_ClockConfig+0x5a>
    __HAL_FLASH_SET_LATENCY(FLatency);
 8007ade:	b2ca      	uxtb	r2, r1
 8007ae0:	701a      	strb	r2, [r3, #0]
    if((FLASH->ACR & FLASH_ACR_LATENCY) != FLatency)
 8007ae2:	681b      	ldr	r3, [r3, #0]
 8007ae4:	f003 030f 	and.w	r3, r3, #15
 8007ae8:	428b      	cmp	r3, r1
 8007aea:	d0db      	beq.n	8007aa4 <HAL_RCC_ClockConfig+0x10>
      return HAL_ERROR;
 8007aec:	2001      	movs	r0, #1
}
 8007aee:	bdf8      	pop	{r3, r4, r5, r6, r7, pc}
    MODIFY_REG(RCC->CFGR, RCC_CFGR_HPRE, RCC_ClkInitStruct->AHBCLKDivider);
 8007af0:	4834      	ldr	r0, [pc, #208]	; (8007bc4 <HAL_RCC_ClockConfig+0x130>)
 8007af2:	68a5      	ldr	r5, [r4, #8]
 8007af4:	6883      	ldr	r3, [r0, #8]
 8007af6:	f023 03f0 	bic.w	r3, r3, #240	; 0xf0
 8007afa:	432b      	orrs	r3, r5
 8007afc:	6083      	str	r3, [r0, #8]
 8007afe:	e7d4      	b.n	8007aaa <HAL_RCC_ClockConfig+0x16>
    if(RCC_ClkInitStruct->SYSCLKSource == RCC_SYSCLKSOURCE_HSE)
 8007b00:	6862      	ldr	r2, [r4, #4]
 8007b02:	4b30      	ldr	r3, [pc, #192]	; (8007bc4 <HAL_RCC_ClockConfig+0x130>)
 8007b04:	2a01      	cmp	r2, #1
 8007b06:	d11d      	bne.n	8007b44 <HAL_RCC_ClockConfig+0xb0>
      if(__HAL_RCC_GET_FLAG(RCC_FLAG_HSERDY) == RESET)
 8007b08:	681b      	ldr	r3, [r3, #0]
 8007b0a:	f413 3f00 	tst.w	r3, #131072	; 0x20000
      if(__HAL_RCC_GET_FLAG(RCC_FLAG_HSIRDY) == RESET)
 8007b0e:	d0ed      	beq.n	8007aec <HAL_RCC_ClockConfig+0x58>
    __HAL_RCC_SYSCLK_CONFIG(RCC_ClkInitStruct->SYSCLKSource);
 8007b10:	4d2c      	ldr	r5, [pc, #176]	; (8007bc4 <HAL_RCC_ClockConfig+0x130>)
 8007b12:	68ab      	ldr	r3, [r5, #8]
 8007b14:	f023 0303 	bic.w	r3, r3, #3
 8007b18:	4313      	orrs	r3, r2
 8007b1a:	60ab      	str	r3, [r5, #8]
    tickstart = HAL_GetTick();
 8007b1c:	f7ff fe12 	bl	8007744 <HAL_GetTick>
    if(RCC_ClkInitStruct->SYSCLKSource == RCC_SYSCLKSOURCE_HSE)
 8007b20:	6863      	ldr	r3, [r4, #4]
 8007b22:	2b01      	cmp	r3, #1
    tickstart = HAL_GetTick();
 8007b24:	4606      	mov	r6, r0
        if((HAL_GetTick() - tickstart ) > CLOCKSWITCH_TIMEOUT_VALUE)
 8007b26:	f241 3788 	movw	r7, #5000	; 0x1388
    if(RCC_ClkInitStruct->SYSCLKSource == RCC_SYSCLKSOURCE_HSE)
 8007b2a:	d115      	bne.n	8007b58 <HAL_RCC_ClockConfig+0xc4>
      while (__HAL_RCC_GET_SYSCLK_SOURCE() != RCC_SYSCLKSOURCE_STATUS_HSE)
 8007b2c:	68ab      	ldr	r3, [r5, #8]
 8007b2e:	f003 030c 	and.w	r3, r3, #12
 8007b32:	2b04      	cmp	r3, #4
 8007b34:	d0bb      	beq.n	8007aae <HAL_RCC_ClockConfig+0x1a>
        if((HAL_GetTick() - tickstart ) > CLOCKSWITCH_TIMEOUT_VALUE)
 8007b36:	f7ff fe05 	bl	8007744 <HAL_GetTick>
 8007b3a:	1b80      	subs	r0, r0, r6
 8007b3c:	42b8      	cmp	r0, r7
 8007b3e:	d9f5      	bls.n	8007b2c <HAL_RCC_ClockConfig+0x98>
          return HAL_TIMEOUT;
 8007b40:	2003      	movs	r0, #3
 8007b42:	e7d4      	b.n	8007aee <HAL_RCC_ClockConfig+0x5a>
    else if((RCC_ClkInitStruct->SYSCLKSource == RCC_SYSCLKSOURCE_PLLCLK)   ||
 8007b44:	1e90      	subs	r0, r2, #2
 8007b46:	2801      	cmp	r0, #1
      if(__HAL_RCC_GET_FLAG(RCC_FLAG_PLLRDY) == RESET)
 8007b48:	681b      	ldr	r3, [r3, #0]
    else if((RCC_ClkInitStruct->SYSCLKSource == RCC_SYSCLKSOURCE_PLLCLK)   ||
 8007b4a:	d802      	bhi.n	8007b52 <HAL_RCC_ClockConfig+0xbe>
      if(__HAL_RCC_GET_FLAG(RCC_FLAG_PLLRDY) == RESET)
 8007b4c:	f013 7f00 	tst.w	r3, #33554432	; 0x2000000
 8007b50:	e7dd      	b.n	8007b0e <HAL_RCC_ClockConfig+0x7a>
      if(__HAL_RCC_GET_FLAG(RCC_FLAG_HSIRDY) == RESET)
 8007b52:	f013 0f02 	tst.w	r3, #2
 8007b56:	e7da      	b.n	8007b0e <HAL_RCC_ClockConfig+0x7a>
    else if(RCC_ClkInitStruct->SYSCLKSource == RCC_SYSCLKSOURCE_PLLCLK)
 8007b58:	2b02      	cmp	r3, #2
 8007b5a:	d10a      	bne.n	8007b72 <HAL_RCC_ClockConfig+0xde>
      while (__HAL_RCC_GET_SYSCLK_SOURCE() != RCC_SYSCLKSOURCE_STATUS_PLLCLK)
 8007b5c:	68ab      	ldr	r3, [r5, #8]
 8007b5e:	f003 030c 	and.w	r3, r3, #12
 8007b62:	2b08      	cmp	r3, #8
 8007b64:	d0a3      	beq.n	8007aae <HAL_RCC_ClockConfig+0x1a>
        if((HAL_GetTick() - tickstart ) > CLOCKSWITCH_TIMEOUT_VALUE)
 8007b66:	f7ff fded 	bl	8007744 <HAL_GetTick>
 8007b6a:	1b80      	subs	r0, r0, r6
 8007b6c:	42b8      	cmp	r0, r7
 8007b6e:	d9f5      	bls.n	8007b5c <HAL_RCC_ClockConfig+0xc8>
 8007b70:	e7e6      	b.n	8007b40 <HAL_RCC_ClockConfig+0xac>
    else if(RCC_ClkInitStruct->SYSCLKSource == RCC_SYSCLKSOURCE_PLLRCLK)
 8007b72:	2b03      	cmp	r3, #3
 8007b74:	d10f      	bne.n	8007b96 <HAL_RCC_ClockConfig+0x102>
      while (__HAL_RCC_GET_SYSCLK_SOURCE() != RCC_SYSCLKSOURCE_STATUS_PLLRCLK)
 8007b76:	68ab      	ldr	r3, [r5, #8]
 8007b78:	f003 030c 	and.w	r3, r3, #12
 8007b7c:	2b0c      	cmp	r3, #12
 8007b7e:	d096      	beq.n	8007aae <HAL_RCC_ClockConfig+0x1a>
        if((HAL_GetTick() - tickstart ) > CLOCKSWITCH_TIMEOUT_VALUE)
 8007b80:	f7ff fde0 	bl	8007744 <HAL_GetTick>
 8007b84:	1b80      	subs	r0, r0, r6
 8007b86:	42b8      	cmp	r0, r7
 8007b88:	d9f5      	bls.n	8007b76 <HAL_RCC_ClockConfig+0xe2>
 8007b8a:	e7d9      	b.n	8007b40 <HAL_RCC_ClockConfig+0xac>
        if((HAL_GetTick() - tickstart ) > CLOCKSWITCH_TIMEOUT_VALUE)
 8007b8c:	f7ff fdda 	bl	8007744 <HAL_GetTick>
 8007b90:	1b80      	subs	r0, r0, r6
 8007b92:	42b8      	cmp	r0, r7
 8007b94:	d8d4      	bhi.n	8007b40 <HAL_RCC_ClockConfig+0xac>
      while(__HAL_RCC_GET_SYSCLK_SOURCE() != RCC_SYSCLKSOURCE_STATUS_HSI)
 8007b96:	68ab      	ldr	r3, [r5, #8]
 8007b98:	f013 0f0c 	tst.w	r3, #12
 8007b9c:	d1f6      	bne.n	8007b8c <HAL_RCC_ClockConfig+0xf8>
 8007b9e:	e786      	b.n	8007aae <HAL_RCC_ClockConfig+0x1a>
    __HAL_FLASH_SET_LATENCY(FLatency);
 8007ba0:	b2ca      	uxtb	r2, r1
 8007ba2:	701a      	strb	r2, [r3, #0]
    if((FLASH->ACR & FLASH_ACR_LATENCY) != FLatency)
 8007ba4:	681b      	ldr	r3, [r3, #0]
 8007ba6:	f003 030f 	and.w	r3, r3, #15
 8007baa:	428b      	cmp	r3, r1
 8007bac:	d19e      	bne.n	8007aec <HAL_RCC_ClockConfig+0x58>
 8007bae:	e784      	b.n	8007aba <HAL_RCC_ClockConfig+0x26>
    MODIFY_REG(RCC->CFGR, RCC_CFGR_PPRE1, RCC_ClkInitStruct->APB1CLKDivider);
 8007bb0:	4904      	ldr	r1, [pc, #16]	; (8007bc4 <HAL_RCC_ClockConfig+0x130>)
 8007bb2:	68e0      	ldr	r0, [r4, #12]
 8007bb4:	688a      	ldr	r2, [r1, #8]
 8007bb6:	f422 52e0 	bic.w	r2, r2, #7168	; 0x1c00
 8007bba:	4302      	orrs	r2, r0
 8007bbc:	608a      	str	r2, [r1, #8]
 8007bbe:	e77f      	b.n	8007ac0 <HAL_RCC_ClockConfig+0x2c>
 8007bc0:	40023c00 	.word	0x40023c00
 8007bc4:	40023800 	.word	0x40023800

08007bc8 <HAL_GPIO_Init>:
  * @param  GPIO_Init: pointer to a GPIO_InitTypeDef structure that contains
  *         the configuration information for the specified GPIO peripheral.
  * @retval None
  */
void HAL_GPIO_Init(GPIO_TypeDef  *GPIOx, GPIO_InitTypeDef *GPIO_Init)
{
 8007bc8:	e92d 4ff0 	stmdb	sp!, {r4, r5, r6, r7, r8, r9, sl, fp, lr}
        temp &= ~(0x0FU << (4U * (position & 0x03U)));
        temp |= ((uint32_t)(GPIO_GET_INDEX(GPIOx)) << (4U * (position & 0x03U)));
        SYSCFG->EXTICR[position >> 2U] = temp;

        /* Clear EXTI line configuration */
        temp = EXTI->IMR;
 8007bcc:	4a6e      	ldr	r2, [pc, #440]	; (8007d88 <HAL_GPIO_Init+0x1c0>)
        __HAL_RCC_SYSCFG_CLK_ENABLE();
 8007bce:	f8df 81c0 	ldr.w	r8, [pc, #448]	; 8007d90 <HAL_GPIO_Init+0x1c8>
        temp |= ((uint32_t)(GPIO_GET_INDEX(GPIOx)) << (4U * (position & 0x03U)));
 8007bd2:	f8df 91c0 	ldr.w	r9, [pc, #448]	; 8007d94 <HAL_GPIO_Init+0x1cc>
{
 8007bd6:	b085      	sub	sp, #20
  for(position = 0U; position < GPIO_NUMBER; position++)
 8007bd8:	2300      	movs	r3, #0
    iocurrent = (uint32_t)(GPIO_Init->Pin) & ioposition;
 8007bda:	680c      	ldr	r4, [r1, #0]
    ioposition = 0x01U << position;
 8007bdc:	2701      	movs	r7, #1
 8007bde:	409f      	lsls	r7, r3
    iocurrent = (uint32_t)(GPIO_Init->Pin) & ioposition;
 8007be0:	ea07 0504 	and.w	r5, r7, r4
    if(iocurrent == ioposition)
 8007be4:	ea37 0404 	bics.w	r4, r7, r4
 8007be8:	f040 80b9 	bne.w	8007d5e <HAL_GPIO_Init+0x196>
      if((GPIO_Init->Mode == GPIO_MODE_AF_PP) || (GPIO_Init->Mode == GPIO_MODE_AF_OD))
 8007bec:	684c      	ldr	r4, [r1, #4]
 8007bee:	f024 0a10 	bic.w	sl, r4, #16
 8007bf2:	f1ba 0f02 	cmp.w	sl, #2
 8007bf6:	d116      	bne.n	8007c26 <HAL_GPIO_Init+0x5e>
        temp = GPIOx->AFR[position >> 3U];
 8007bf8:	ea4f 0ed3 	mov.w	lr, r3, lsr #3
 8007bfc:	eb00 0e8e 	add.w	lr, r0, lr, lsl #2
        temp &= ~(0xFU << ((uint32_t)(position & 0x07U) * 4U)) ;
 8007c00:	f003 0b07 	and.w	fp, r3, #7
        temp = GPIOx->AFR[position >> 3U];
 8007c04:	f8de 6020 	ldr.w	r6, [lr, #32]
        temp &= ~(0xFU << ((uint32_t)(position & 0x07U) * 4U)) ;
 8007c08:	ea4f 0b8b 	mov.w	fp, fp, lsl #2
 8007c0c:	f04f 0c0f 	mov.w	ip, #15
 8007c10:	fa0c fc0b 	lsl.w	ip, ip, fp
 8007c14:	ea26 0c0c 	bic.w	ip, r6, ip
        temp |= ((uint32_t)(GPIO_Init->Alternate) << (((uint32_t)position & 0x07U) * 4U));
 8007c18:	690e      	ldr	r6, [r1, #16]
 8007c1a:	fa06 f60b 	lsl.w	r6, r6, fp
 8007c1e:	ea46 060c 	orr.w	r6, r6, ip
        GPIOx->AFR[position >> 3U] = temp;
 8007c22:	f8ce 6020 	str.w	r6, [lr, #32]
      temp = GPIOx->MODER;
 8007c26:	f8d0 b000 	ldr.w	fp, [r0]
      temp &= ~(GPIO_MODER_MODER0 << (position * 2U));
 8007c2a:	ea4f 0e43 	mov.w	lr, r3, lsl #1
 8007c2e:	f04f 0c03 	mov.w	ip, #3
 8007c32:	fa0c fc0e 	lsl.w	ip, ip, lr
 8007c36:	ea6f 060c 	mvn.w	r6, ip
 8007c3a:	ea2b 0b0c 	bic.w	fp, fp, ip
      temp |= ((GPIO_Init->Mode & GPIO_MODE) << (position * 2U));
 8007c3e:	f004 0c03 	and.w	ip, r4, #3
 8007c42:	fa0c fc0e 	lsl.w	ip, ip, lr
      if((GPIO_Init->Mode == GPIO_MODE_OUTPUT_PP) || (GPIO_Init->Mode == GPIO_MODE_AF_PP) ||
 8007c46:	f10a 3aff 	add.w	sl, sl, #4294967295	; 0xffffffff
      temp |= ((GPIO_Init->Mode & GPIO_MODE) << (position * 2U));
 8007c4a:	ea4c 0c0b 	orr.w	ip, ip, fp
      if((GPIO_Init->Mode == GPIO_MODE_OUTPUT_PP) || (GPIO_Init->Mode == GPIO_MODE_AF_PP) ||
 8007c4e:	f1ba 0f01 	cmp.w	sl, #1
      temp &= ~(GPIO_MODER_MODER0 << (position * 2U));
 8007c52:	9601      	str	r6, [sp, #4]
      GPIOx->MODER = temp;
 8007c54:	f8c0 c000 	str.w	ip, [r0]
      if((GPIO_Init->Mode == GPIO_MODE_OUTPUT_PP) || (GPIO_Init->Mode == GPIO_MODE_AF_PP) ||
 8007c58:	d815      	bhi.n	8007c86 <HAL_GPIO_Init+0xbe>
        temp = GPIOx->OSPEEDR;
 8007c5a:	f8d0 c008 	ldr.w	ip, [r0, #8]
        temp &= ~(GPIO_OSPEEDER_OSPEEDR0 << (position * 2U));
 8007c5e:	ea06 0c0c 	and.w	ip, r6, ip
        temp |= (GPIO_Init->Speed << (position * 2U));
 8007c62:	68ce      	ldr	r6, [r1, #12]
 8007c64:	fa06 fa0e 	lsl.w	sl, r6, lr
 8007c68:	ea4a 0c0c 	orr.w	ip, sl, ip
        GPIOx->OSPEEDR = temp;
 8007c6c:	f8c0 c008 	str.w	ip, [r0, #8]
        temp = GPIOx->OTYPER;
 8007c70:	f8d0 c004 	ldr.w	ip, [r0, #4]
        temp &= ~(GPIO_OTYPER_OT_0 << position) ;
 8007c74:	ea2c 0707 	bic.w	r7, ip, r7
        temp |= (((GPIO_Init->Mode & GPIO_OUTPUT_TYPE) >> 4U) << position);
 8007c78:	f3c4 1c00 	ubfx	ip, r4, #4, #1
 8007c7c:	fa0c fc03 	lsl.w	ip, ip, r3
 8007c80:	ea4c 0707 	orr.w	r7, ip, r7
        GPIOx->OTYPER = temp;
 8007c84:	6047      	str	r7, [r0, #4]
      temp = GPIOx->PUPDR;
 8007c86:	68c7      	ldr	r7, [r0, #12]
      temp &= ~(GPIO_PUPDR_PUPDR0 << (position * 2U));
 8007c88:	9e01      	ldr	r6, [sp, #4]
 8007c8a:	4037      	ands	r7, r6
      temp |= ((GPIO_Init->Pull) << (position * 2U));
 8007c8c:	688e      	ldr	r6, [r1, #8]
 8007c8e:	fa06 f60e 	lsl.w	r6, r6, lr
 8007c92:	433e      	orrs	r6, r7
      GPIOx->PUPDR = temp;
 8007c94:	60c6      	str	r6, [r0, #12]
      if((GPIO_Init->Mode & EXTI_MODE) == EXTI_MODE)
 8007c96:	00e6      	lsls	r6, r4, #3
 8007c98:	d561      	bpl.n	8007d5e <HAL_GPIO_Init+0x196>
        __HAL_RCC_SYSCFG_CLK_ENABLE();
 8007c9a:	f04f 0b00 	mov.w	fp, #0
 8007c9e:	f8cd b00c 	str.w	fp, [sp, #12]
 8007ca2:	f8d8 7044 	ldr.w	r7, [r8, #68]	; 0x44
        temp |= ((uint32_t)(GPIO_GET_INDEX(GPIOx)) << (4U * (position & 0x03U)));
 8007ca6:	4e39      	ldr	r6, [pc, #228]	; (8007d8c <HAL_GPIO_Init+0x1c4>)
        __HAL_RCC_SYSCFG_CLK_ENABLE();
 8007ca8:	f447 4780 	orr.w	r7, r7, #16384	; 0x4000
 8007cac:	f8c8 7044 	str.w	r7, [r8, #68]	; 0x44
 8007cb0:	f8d8 7044 	ldr.w	r7, [r8, #68]	; 0x44
 8007cb4:	f407 4780 	and.w	r7, r7, #16384	; 0x4000
 8007cb8:	9703      	str	r7, [sp, #12]
 8007cba:	9f03      	ldr	r7, [sp, #12]
        temp = SYSCFG->EXTICR[position >> 2U];
 8007cbc:	f023 0703 	bic.w	r7, r3, #3
 8007cc0:	f107 4780 	add.w	r7, r7, #1073741824	; 0x40000000
 8007cc4:	f507 379c 	add.w	r7, r7, #79872	; 0x13800
        temp &= ~(0x0FU << (4U * (position & 0x03U)));
 8007cc8:	f003 0e03 	and.w	lr, r3, #3
        temp = SYSCFG->EXTICR[position >> 2U];
 8007ccc:	f8d7 a008 	ldr.w	sl, [r7, #8]
        temp &= ~(0x0FU << (4U * (position & 0x03U)));
 8007cd0:	ea4f 0e8e 	mov.w	lr, lr, lsl #2
 8007cd4:	f04f 0c0f 	mov.w	ip, #15
 8007cd8:	fa0c fc0e 	lsl.w	ip, ip, lr
        temp |= ((uint32_t)(GPIO_GET_INDEX(GPIOx)) << (4U * (position & 0x03U)));
 8007cdc:	42b0      	cmp	r0, r6
        temp &= ~(0x0FU << (4U * (position & 0x03U)));
 8007cde:	ea2a 0c0c 	bic.w	ip, sl, ip
        temp |= ((uint32_t)(GPIO_GET_INDEX(GPIOx)) << (4U * (position & 0x03U)));
 8007ce2:	d043      	beq.n	8007d6c <HAL_GPIO_Init+0x1a4>
 8007ce4:	f506 6680 	add.w	r6, r6, #1024	; 0x400
 8007ce8:	42b0      	cmp	r0, r6
 8007cea:	d041      	beq.n	8007d70 <HAL_GPIO_Init+0x1a8>
 8007cec:	f506 6680 	add.w	r6, r6, #1024	; 0x400
 8007cf0:	42b0      	cmp	r0, r6
 8007cf2:	d03f      	beq.n	8007d74 <HAL_GPIO_Init+0x1ac>
 8007cf4:	f506 6680 	add.w	r6, r6, #1024	; 0x400
 8007cf8:	42b0      	cmp	r0, r6
 8007cfa:	d03d      	beq.n	8007d78 <HAL_GPIO_Init+0x1b0>
 8007cfc:	f506 6680 	add.w	r6, r6, #1024	; 0x400
 8007d00:	42b0      	cmp	r0, r6
 8007d02:	d03b      	beq.n	8007d7c <HAL_GPIO_Init+0x1b4>
 8007d04:	4548      	cmp	r0, r9
 8007d06:	d03b      	beq.n	8007d80 <HAL_GPIO_Init+0x1b8>
 8007d08:	f506 6600 	add.w	r6, r6, #2048	; 0x800
 8007d0c:	42b0      	cmp	r0, r6
 8007d0e:	d039      	beq.n	8007d84 <HAL_GPIO_Init+0x1bc>
 8007d10:	f506 6680 	add.w	r6, r6, #1024	; 0x400
 8007d14:	42b0      	cmp	r0, r6
 8007d16:	bf0c      	ite	eq
 8007d18:	2607      	moveq	r6, #7
 8007d1a:	2608      	movne	r6, #8
 8007d1c:	fa06 f60e 	lsl.w	r6, r6, lr
 8007d20:	ea46 060c 	orr.w	r6, r6, ip
        SYSCFG->EXTICR[position >> 2U] = temp;
 8007d24:	60be      	str	r6, [r7, #8]
        temp = EXTI->IMR;
 8007d26:	6816      	ldr	r6, [r2, #0]
        temp &= ~((uint32_t)iocurrent);
 8007d28:	43ef      	mvns	r7, r5
        if((GPIO_Init->Mode & GPIO_MODE_IT) == GPIO_MODE_IT)
 8007d2a:	f414 3f80 	tst.w	r4, #65536	; 0x10000
        temp &= ~((uint32_t)iocurrent);
 8007d2e:	bf0c      	ite	eq
 8007d30:	403e      	andeq	r6, r7
        {
          temp |= iocurrent;
 8007d32:	432e      	orrne	r6, r5
        }
        EXTI->IMR = temp;
 8007d34:	6016      	str	r6, [r2, #0]

        temp = EXTI->EMR;
 8007d36:	6856      	ldr	r6, [r2, #4]
        temp &= ~((uint32_t)iocurrent);
        if((GPIO_Init->Mode & GPIO_MODE_EVT) == GPIO_MODE_EVT)
 8007d38:	f414 3f00 	tst.w	r4, #131072	; 0x20000
        temp &= ~((uint32_t)iocurrent);
 8007d3c:	bf0c      	ite	eq
 8007d3e:	403e      	andeq	r6, r7
        {
          temp |= iocurrent;
 8007d40:	432e      	orrne	r6, r5
        }
        EXTI->EMR = temp;
 8007d42:	6056      	str	r6, [r2, #4]

        /* Clear Rising Falling edge configuration */
        temp = EXTI->RTSR;
 8007d44:	6896      	ldr	r6, [r2, #8]
        temp &= ~((uint32_t)iocurrent);
        if((GPIO_Init->Mode & RISING_EDGE) == RISING_EDGE)
 8007d46:	f414 1f80 	tst.w	r4, #1048576	; 0x100000
        temp &= ~((uint32_t)iocurrent);
 8007d4a:	bf0c      	ite	eq
 8007d4c:	403e      	andeq	r6, r7
        {
          temp |= iocurrent;
 8007d4e:	432e      	orrne	r6, r5
        }
        EXTI->RTSR = temp;
 8007d50:	6096      	str	r6, [r2, #8]

        temp = EXTI->FTSR;
 8007d52:	68d6      	ldr	r6, [r2, #12]
        temp &= ~((uint32_t)iocurrent);
        if((GPIO_Init->Mode & FALLING_EDGE) == FALLING_EDGE)
 8007d54:	02a4      	lsls	r4, r4, #10
        temp &= ~((uint32_t)iocurrent);
 8007d56:	bf54      	ite	pl
 8007d58:	403e      	andpl	r6, r7
        {
          temp |= iocurrent;
 8007d5a:	432e      	orrmi	r6, r5
        }
        EXTI->FTSR = temp;
 8007d5c:	60d6      	str	r6, [r2, #12]
  for(position = 0U; position < GPIO_NUMBER; position++)
 8007d5e:	3301      	adds	r3, #1
 8007d60:	2b10      	cmp	r3, #16
 8007d62:	f47f af3a 	bne.w	8007bda <HAL_GPIO_Init+0x12>
      }
    }
  }
}
 8007d66:	b005      	add	sp, #20
 8007d68:	e8bd 8ff0 	ldmia.w	sp!, {r4, r5, r6, r7, r8, r9, sl, fp, pc}
        temp |= ((uint32_t)(GPIO_GET_INDEX(GPIOx)) << (4U * (position & 0x03U)));
 8007d6c:	465e      	mov	r6, fp
 8007d6e:	e7d5      	b.n	8007d1c <HAL_GPIO_Init+0x154>
 8007d70:	2601      	movs	r6, #1
 8007d72:	e7d3      	b.n	8007d1c <HAL_GPIO_Init+0x154>
 8007d74:	2602      	movs	r6, #2
 8007d76:	e7d1      	b.n	8007d1c <HAL_GPIO_Init+0x154>
 8007d78:	2603      	movs	r6, #3
 8007d7a:	e7cf      	b.n	8007d1c <HAL_GPIO_Init+0x154>
 8007d7c:	2604      	movs	r6, #4
 8007d7e:	e7cd      	b.n	8007d1c <HAL_GPIO_Init+0x154>
 8007d80:	2605      	movs	r6, #5
 8007d82:	e7cb      	b.n	8007d1c <HAL_GPIO_Init+0x154>
 8007d84:	2606      	movs	r6, #6
 8007d86:	e7c9      	b.n	8007d1c <HAL_GPIO_Init+0x154>
 8007d88:	40013c00 	.word	0x40013c00
 8007d8c:	40020000 	.word	0x40020000
 8007d90:	40023800 	.word	0x40023800
 8007d94:	40021400 	.word	0x40021400

08007d98 <HAL_GPIO_WritePin>:
{
  /* Check the parameters */
  assert_param(IS_GPIO_PIN(GPIO_Pin));
  assert_param(IS_GPIO_PIN_ACTION(PinState));

  if(PinState != GPIO_PIN_RESET)
 8007d98:	b10a      	cbz	r2, 8007d9e <HAL_GPIO_WritePin+0x6>
  {
    GPIOx->BSRR = GPIO_Pin;
  }
  else
  {
    GPIOx->BSRR = (uint32_t)GPIO_Pin << 16U;
 8007d9a:	6181      	str	r1, [r0, #24]
  }
}
 8007d9c:	4770      	bx	lr
    GPIOx->BSRR = (uint32_t)GPIO_Pin << 16U;
 8007d9e:	0409      	lsls	r1, r1, #16
 8007da0:	e7fb      	b.n	8007d9a <HAL_GPIO_WritePin+0x2>
 8007da2:	0000      	movs	r0, r0

08007da4 <HAL_UART_Init>:
  * @param  huart: pointer to a UART_HandleTypeDef structure that contains
  *                the configuration information for the specified UART module.
  * @retval HAL status
  */
HAL_StatusTypeDef HAL_UART_Init(UART_HandleTypeDef *huart)
{
 8007da4:	b570      	push	{r4, r5, r6, lr}
  /* Check the UART handle allocation */
  if(huart == NULL)
 8007da6:	2800      	cmp	r0, #0
 8007da8:	d067      	beq.n	8007e7a <HAL_UART_Init+0xd6>
    assert_param(IS_UART_INSTANCE(huart->Instance));
  }
  assert_param(IS_UART_WORD_LENGTH(huart->Init.WordLength));
  assert_param(IS_UART_OVERSAMPLING(huart->Init.OverSampling));

  if(huart->gState == HAL_UART_STATE_RESET)
 8007daa:	f890 3039 	ldrb.w	r3, [r0, #57]	; 0x39
 8007dae:	f003 02ff 	and.w	r2, r3, #255	; 0xff
 8007db2:	b90b      	cbnz	r3, 8007db8 <HAL_UART_Init+0x14>
  {
    /* Allocate lock resource and initialize it */
    huart->Lock = HAL_UNLOCKED;
 8007db4:	f880 2038 	strb.w	r2, [r0, #56]	; 0x38
  }

  huart->gState = HAL_UART_STATE_BUSY;

  /* Disable the peripheral */
  __HAL_UART_DISABLE(huart);
 8007db8:	6801      	ldr	r1, [r0, #0]
  tmpreg |= (uint32_t)huart->Init.StopBits;
 8007dba:	68c2      	ldr	r2, [r0, #12]
  tmpreg |= (uint32_t)huart->Init.WordLength | huart->Init.Parity | huart->Init.Mode | huart->Init.OverSampling;
 8007dbc:	6905      	ldr	r5, [r0, #16]
 8007dbe:	69c4      	ldr	r4, [r0, #28]
  huart->gState = HAL_UART_STATE_BUSY;
 8007dc0:	2324      	movs	r3, #36	; 0x24
 8007dc2:	f880 3039 	strb.w	r3, [r0, #57]	; 0x39
  __HAL_UART_DISABLE(huart);
 8007dc6:	68cb      	ldr	r3, [r1, #12]
 8007dc8:	f423 5300 	bic.w	r3, r3, #8192	; 0x2000
 8007dcc:	60cb      	str	r3, [r1, #12]
  tmpreg = huart->Instance->CR2;
 8007dce:	690b      	ldr	r3, [r1, #16]
  tmpreg &= (uint32_t)~((uint32_t)USART_CR2_STOP);
 8007dd0:	f423 5340 	bic.w	r3, r3, #12288	; 0x3000
  tmpreg |= (uint32_t)huart->Init.StopBits;
 8007dd4:	4313      	orrs	r3, r2
  WRITE_REG(huart->Instance->CR2, (uint32_t)tmpreg);
 8007dd6:	610b      	str	r3, [r1, #16]
  tmpreg |= (uint32_t)huart->Init.WordLength | huart->Init.Parity | huart->Init.Mode | huart->Init.OverSampling;
 8007dd8:	6883      	ldr	r3, [r0, #8]
  tmpreg = huart->Instance->CR1;
 8007dda:	68ca      	ldr	r2, [r1, #12]
  tmpreg |= (uint32_t)huart->Init.WordLength | huart->Init.Parity | huart->Init.Mode | huart->Init.OverSampling;
 8007ddc:	432b      	orrs	r3, r5
 8007dde:	6945      	ldr	r5, [r0, #20]
  tmpreg &= (uint32_t)~((uint32_t)(USART_CR1_M | USART_CR1_PCE | USART_CR1_PS | USART_CR1_TE | \
 8007de0:	f422 4216 	bic.w	r2, r2, #38400	; 0x9600
  tmpreg |= (uint32_t)huart->Init.WordLength | huart->Init.Parity | huart->Init.Mode | huart->Init.OverSampling;
 8007de4:	432b      	orrs	r3, r5
  tmpreg &= (uint32_t)~((uint32_t)(USART_CR1_M | USART_CR1_PCE | USART_CR1_PS | USART_CR1_TE | \
 8007de6:	f022 020c 	bic.w	r2, r2, #12
  tmpreg |= (uint32_t)huart->Init.WordLength | huart->Init.Parity | huart->Init.Mode | huart->Init.OverSampling;
 8007dea:	4323      	orrs	r3, r4
 8007dec:	4313      	orrs	r3, r2
  WRITE_REG(huart->Instance->CR1, (uint32_t)tmpreg);
 8007dee:	60cb      	str	r3, [r1, #12]
  tmpreg = huart->Instance->CR3;
 8007df0:	694b      	ldr	r3, [r1, #20]
  tmpreg |= huart->Init.HwFlowCtl;
 8007df2:	6982      	ldr	r2, [r0, #24]
  tmpreg &= (uint32_t)~((uint32_t)(USART_CR3_RTSE | USART_CR3_CTSE));
 8007df4:	f423 7340 	bic.w	r3, r3, #768	; 0x300
  tmpreg |= huart->Init.HwFlowCtl;
 8007df8:	4313      	orrs	r3, r2
  if(huart->Init.OverSampling == UART_OVERSAMPLING_8)
 8007dfa:	f5b4 4f00 	cmp.w	r4, #32768	; 0x8000
  WRITE_REG(huart->Instance->CR3, (uint32_t)tmpreg);
 8007dfe:	614b      	str	r3, [r1, #20]
  if(huart->Init.OverSampling == UART_OVERSAMPLING_8)
 8007e00:	4a1f      	ldr	r2, [pc, #124]	; (8007e80 <HAL_UART_Init+0xdc>)
      huart->Instance->BRR = UART_BRR_SAMPLING8(HAL_RCC_GetPCLK1Freq(), huart->Init.BaudRate);
 8007e02:	6843      	ldr	r3, [r0, #4]
 8007e04:	f04f 0564 	mov.w	r5, #100	; 0x64
  if(huart->Init.OverSampling == UART_OVERSAMPLING_8)
 8007e08:	d128      	bne.n	8007e5c <HAL_UART_Init+0xb8>
      huart->Instance->BRR = UART_BRR_SAMPLING8(HAL_RCC_GetPCLK1Freq(), huart->Init.BaudRate);
 8007e0a:	005b      	lsls	r3, r3, #1
 8007e0c:	fbb2 f2f3 	udiv	r2, r2, r3
 8007e10:	fbb2 f6f5 	udiv	r6, r2, r5
 8007e14:	fb05 2216 	mls	r2, r5, r6, r2
 8007e18:	00d3      	lsls	r3, r2, #3
 8007e1a:	3332      	adds	r3, #50	; 0x32
 8007e1c:	fbb3 f3f5 	udiv	r3, r3, r5
 8007e20:	f003 0207 	and.w	r2, r3, #7
 8007e24:	005b      	lsls	r3, r3, #1
 8007e26:	eb02 1206 	add.w	r2, r2, r6, lsl #4
      huart->Instance->BRR = UART_BRR_SAMPLING8(HAL_RCC_GetPCLK2Freq(), huart->Init.BaudRate);
 8007e2a:	f403 73f8 	and.w	r3, r3, #496	; 0x1f0
 8007e2e:	4413      	add	r3, r2
 8007e30:	608b      	str	r3, [r1, #8]
  UART_SetConfig(huart);

  /* In asynchronous mode, the following bits must be kept cleared:
     - LINEN and CLKEN bits in the USART_CR2 register,
     - SCEN, HDSEL and IREN  bits in the USART_CR3 register.*/
  CLEAR_BIT(huart->Instance->CR2, (USART_CR2_LINEN | USART_CR2_CLKEN));
 8007e32:	690b      	ldr	r3, [r1, #16]
 8007e34:	f423 4390 	bic.w	r3, r3, #18432	; 0x4800
 8007e38:	610b      	str	r3, [r1, #16]
  CLEAR_BIT(huart->Instance->CR3, (USART_CR3_SCEN | USART_CR3_HDSEL | USART_CR3_IREN));
 8007e3a:	694b      	ldr	r3, [r1, #20]
 8007e3c:	f023 032a 	bic.w	r3, r3, #42	; 0x2a
 8007e40:	614b      	str	r3, [r1, #20]

  /* Enable the peripheral */
  __HAL_UART_ENABLE(huart);
 8007e42:	68cb      	ldr	r3, [r1, #12]
 8007e44:	f443 5300 	orr.w	r3, r3, #8192	; 0x2000
 8007e48:	60cb      	str	r3, [r1, #12]

  /* Initialize the UART state */
  huart->ErrorCode = HAL_UART_ERROR_NONE;
  huart->gState= HAL_UART_STATE_READY;
 8007e4a:	2220      	movs	r2, #32
  huart->ErrorCode = HAL_UART_ERROR_NONE;
 8007e4c:	2300      	movs	r3, #0
 8007e4e:	63c3      	str	r3, [r0, #60]	; 0x3c
  huart->gState= HAL_UART_STATE_READY;
 8007e50:	f880 2039 	strb.w	r2, [r0, #57]	; 0x39
  huart->RxState= HAL_UART_STATE_READY;
 8007e54:	f880 203a 	strb.w	r2, [r0, #58]	; 0x3a

  return HAL_OK;
 8007e58:	4618      	mov	r0, r3
}
 8007e5a:	bd70      	pop	{r4, r5, r6, pc}
      huart->Instance->BRR = UART_BRR_SAMPLING16(HAL_RCC_GetPCLK1Freq(), huart->Init.BaudRate);
 8007e5c:	009b      	lsls	r3, r3, #2
 8007e5e:	fbb2 f2f3 	udiv	r2, r2, r3
 8007e62:	fbb2 f6f5 	udiv	r6, r2, r5
 8007e66:	fb05 2316 	mls	r3, r5, r6, r2
 8007e6a:	011b      	lsls	r3, r3, #4
 8007e6c:	3332      	adds	r3, #50	; 0x32
 8007e6e:	fbb3 f3f5 	udiv	r3, r3, r5
 8007e72:	eb03 1306 	add.w	r3, r3, r6, lsl #4
      huart->Instance->BRR = UART_BRR_SAMPLING16(HAL_RCC_GetPCLK2Freq(), huart->Init.BaudRate);
 8007e76:	608b      	str	r3, [r1, #8]
 8007e78:	e7db      	b.n	8007e32 <HAL_UART_Init+0x8e>
    return HAL_ERROR;
 8007e7a:	2001      	movs	r0, #1
 8007e7c:	e7ed      	b.n	8007e5a <HAL_UART_Init+0xb6>
 8007e7e:	bf00      	nop
 8007e80:	0afb6e90 	.word	0x0afb6e90

08007e84 <HAL_UART_Transmit>:
{
  uint16_t* tmp;
  //uint32_t tickstart = 0U;

  /* Check that a Tx process is not already ongoing */
  if(huart->gState == HAL_UART_STATE_READY)
 8007e84:	f890 3039 	ldrb.w	r3, [r0, #57]	; 0x39
 8007e88:	2b20      	cmp	r3, #32
 8007e8a:	d13e      	bne.n	8007f0a <HAL_UART_Transmit+0x86>
  {
    if((pData == NULL ) || (Size == 0))
 8007e8c:	2900      	cmp	r1, #0
 8007e8e:	d03a      	beq.n	8007f06 <HAL_UART_Transmit+0x82>
 8007e90:	2a00      	cmp	r2, #0
 8007e92:	d038      	beq.n	8007f06 <HAL_UART_Transmit+0x82>
    {
      return  HAL_ERROR;
    }

    /* Process Locked */
    __HAL_LOCK(huart);
 8007e94:	f890 3038 	ldrb.w	r3, [r0, #56]	; 0x38
 8007e98:	2b01      	cmp	r3, #1
 8007e9a:	d036      	beq.n	8007f0a <HAL_UART_Transmit+0x86>
 8007e9c:	2301      	movs	r3, #1
 8007e9e:	f880 3038 	strb.w	r3, [r0, #56]	; 0x38

    huart->ErrorCode = HAL_UART_ERROR_NONE;
 8007ea2:	2300      	movs	r3, #0
 8007ea4:	63c3      	str	r3, [r0, #60]	; 0x3c
    huart->gState = HAL_UART_STATE_BUSY_TX;
 8007ea6:	2321      	movs	r3, #33	; 0x21
 8007ea8:	f880 3039 	strb.w	r3, [r0, #57]	; 0x39
  while((__HAL_UART_GET_FLAG(huart, Flag) ? SET : RESET) == Status);
 8007eac:	6803      	ldr	r3, [r0, #0]

    /* Init tickstart for timeout managment */
    //tickstart = HAL_GetTick();

    huart->TxXferSize = Size;
 8007eae:	8482      	strh	r2, [r0, #36]	; 0x24
    huart->TxXferCount = Size;
 8007eb0:	84c2      	strh	r2, [r0, #38]	; 0x26
    while(huart->TxXferCount > 0U)
 8007eb2:	8cc2      	ldrh	r2, [r0, #38]	; 0x26
 8007eb4:	b292      	uxth	r2, r2
 8007eb6:	b952      	cbnz	r2, 8007ece <HAL_UART_Transmit+0x4a>
  while((__HAL_UART_GET_FLAG(huart, Flag) ? SET : RESET) == Status);
 8007eb8:	681a      	ldr	r2, [r3, #0]
 8007eba:	0652      	lsls	r2, r2, #25
 8007ebc:	d5fc      	bpl.n	8007eb8 <HAL_UART_Transmit+0x34>
    {
      return HAL_TIMEOUT;
    }

    /* At end of Tx process, restore huart->gState to Ready */
      huart->gState = HAL_UART_STATE_READY;
 8007ebe:	2320      	movs	r3, #32
 8007ec0:	f880 3039 	strb.w	r3, [r0, #57]	; 0x39

    /* Process Unlocked */
    __HAL_UNLOCK(huart);
 8007ec4:	2300      	movs	r3, #0
 8007ec6:	f880 3038 	strb.w	r3, [r0, #56]	; 0x38

    return HAL_OK;
 8007eca:	4618      	mov	r0, r3
 8007ecc:	4770      	bx	lr
      huart->TxXferCount--;
 8007ece:	8cc2      	ldrh	r2, [r0, #38]	; 0x26
 8007ed0:	3a01      	subs	r2, #1
 8007ed2:	b292      	uxth	r2, r2
 8007ed4:	84c2      	strh	r2, [r0, #38]	; 0x26
      if(huart->Init.WordLength == UART_WORDLENGTH_9B)
 8007ed6:	6882      	ldr	r2, [r0, #8]
 8007ed8:	f5b2 5f80 	cmp.w	r2, #4096	; 0x1000
 8007edc:	d10c      	bne.n	8007ef8 <HAL_UART_Transmit+0x74>
  while((__HAL_UART_GET_FLAG(huart, Flag) ? SET : RESET) == Status);
 8007ede:	681a      	ldr	r2, [r3, #0]
 8007ee0:	0612      	lsls	r2, r2, #24
 8007ee2:	d5fc      	bpl.n	8007ede <HAL_UART_Transmit+0x5a>
        huart->Instance->DR = (*tmp & (uint16_t)0x01FF);
 8007ee4:	880a      	ldrh	r2, [r1, #0]
 8007ee6:	f3c2 0208 	ubfx	r2, r2, #0, #9
 8007eea:	605a      	str	r2, [r3, #4]
        if(huart->Init.Parity == UART_PARITY_NONE)
 8007eec:	6902      	ldr	r2, [r0, #16]
 8007eee:	b90a      	cbnz	r2, 8007ef4 <HAL_UART_Transmit+0x70>
          pData +=2U;
 8007ef0:	3102      	adds	r1, #2
 8007ef2:	e7de      	b.n	8007eb2 <HAL_UART_Transmit+0x2e>
          pData +=1U;
 8007ef4:	3101      	adds	r1, #1
 8007ef6:	e7dc      	b.n	8007eb2 <HAL_UART_Transmit+0x2e>
  while((__HAL_UART_GET_FLAG(huart, Flag) ? SET : RESET) == Status);
 8007ef8:	681a      	ldr	r2, [r3, #0]
 8007efa:	0612      	lsls	r2, r2, #24
 8007efc:	d5fc      	bpl.n	8007ef8 <HAL_UART_Transmit+0x74>
        huart->Instance->DR = (*pData++ & (uint8_t)0xFF);
 8007efe:	f811 2b01 	ldrb.w	r2, [r1], #1
 8007f02:	605a      	str	r2, [r3, #4]
 8007f04:	e7d5      	b.n	8007eb2 <HAL_UART_Transmit+0x2e>
      return  HAL_ERROR;
 8007f06:	2001      	movs	r0, #1
 8007f08:	4770      	bx	lr
  }
  else
  {
    return HAL_BUSY;
 8007f0a:	2002      	movs	r0, #2
  }
}
 8007f0c:	4770      	bx	lr

08007f0e <HAL_UART_Receive>:
  * @param  Size: Amount of data to be received
  * @param  Timeout: Timeout duration
  * @retval HAL status
  */
HAL_StatusTypeDef HAL_UART_Receive(UART_HandleTypeDef *huart, uint8_t *pData, uint16_t Size, uint32_t Timeout)
{
 8007f0e:	b510      	push	{r4, lr}
  uint16_t* tmp;
  //uint32_t tickstart = 0U;

  /* Check that a Rx process is not already ongoing */
  if(huart->RxState == HAL_UART_STATE_READY)
 8007f10:	f890 303a 	ldrb.w	r3, [r0, #58]	; 0x3a
 8007f14:	2b20      	cmp	r3, #32
 8007f16:	d144      	bne.n	8007fa2 <HAL_UART_Receive+0x94>
  {
    if((pData == NULL ) || (Size == 0))
 8007f18:	2900      	cmp	r1, #0
 8007f1a:	d040      	beq.n	8007f9e <HAL_UART_Receive+0x90>
 8007f1c:	2a00      	cmp	r2, #0
 8007f1e:	d03e      	beq.n	8007f9e <HAL_UART_Receive+0x90>
    {
      return  HAL_ERROR;
    }

    /* Process Locked */
    __HAL_LOCK(huart);
 8007f20:	f890 3038 	ldrb.w	r3, [r0, #56]	; 0x38
 8007f24:	2b01      	cmp	r3, #1
 8007f26:	d03c      	beq.n	8007fa2 <HAL_UART_Receive+0x94>
 8007f28:	2301      	movs	r3, #1
 8007f2a:	f880 3038 	strb.w	r3, [r0, #56]	; 0x38

    huart->ErrorCode = HAL_UART_ERROR_NONE;
 8007f2e:	2300      	movs	r3, #0
 8007f30:	63c3      	str	r3, [r0, #60]	; 0x3c
    huart->RxState = HAL_UART_STATE_BUSY_RX;
 8007f32:	2322      	movs	r3, #34	; 0x22
 8007f34:	f880 303a 	strb.w	r3, [r0, #58]	; 0x3a

    /* Init tickstart for timeout managment */
    //tickstart = HAL_GetTick();

    huart->RxXferSize = Size;
 8007f38:	8582      	strh	r2, [r0, #44]	; 0x2c
    huart->RxXferCount = Size;
 8007f3a:	85c2      	strh	r2, [r0, #46]	; 0x2e

    /* Check the remain data to be received */
    while(huart->RxXferCount > 0U)
 8007f3c:	8dc3      	ldrh	r3, [r0, #46]	; 0x2e
 8007f3e:	b29b      	uxth	r3, r3
 8007f40:	b933      	cbnz	r3, 8007f50 <HAL_UART_Receive+0x42>

      }
    }

    /* At end of Rx process, restore huart->RxState to Ready */
    huart->RxState = HAL_UART_STATE_READY;
 8007f42:	2220      	movs	r2, #32
 8007f44:	f880 203a 	strb.w	r2, [r0, #58]	; 0x3a

    /* Process Unlocked */
    __HAL_UNLOCK(huart);
 8007f48:	f880 3038 	strb.w	r3, [r0, #56]	; 0x38

    return HAL_OK;
 8007f4c:	4618      	mov	r0, r3
  }
  else
  {
    return HAL_BUSY;
  }
}
 8007f4e:	bd10      	pop	{r4, pc}
      huart->RxXferCount--;
 8007f50:	8dc3      	ldrh	r3, [r0, #46]	; 0x2e
  while((__HAL_UART_GET_FLAG(huart, Flag) ? SET : RESET) == Status);
 8007f52:	6802      	ldr	r2, [r0, #0]
      huart->RxXferCount--;
 8007f54:	3b01      	subs	r3, #1
 8007f56:	b29b      	uxth	r3, r3
 8007f58:	85c3      	strh	r3, [r0, #46]	; 0x2e
      if(huart->Init.WordLength == UART_WORDLENGTH_9B)
 8007f5a:	6883      	ldr	r3, [r0, #8]
 8007f5c:	f5b3 5f80 	cmp.w	r3, #4096	; 0x1000
 8007f60:	d111      	bne.n	8007f86 <HAL_UART_Receive+0x78>
  while((__HAL_UART_GET_FLAG(huart, Flag) ? SET : RESET) == Status);
 8007f62:	6813      	ldr	r3, [r2, #0]
 8007f64:	069c      	lsls	r4, r3, #26
 8007f66:	d5fc      	bpl.n	8007f62 <HAL_UART_Receive+0x54>
        if(huart->Init.Parity == UART_PARITY_NONE)
 8007f68:	6903      	ldr	r3, [r0, #16]
          *tmp = (uint16_t)(huart->Instance->DR & (uint16_t)0x01FF);
 8007f6a:	6852      	ldr	r2, [r2, #4]
        if(huart->Init.Parity == UART_PARITY_NONE)
 8007f6c:	b933      	cbnz	r3, 8007f7c <HAL_UART_Receive+0x6e>
          *tmp = (uint16_t)(huart->Instance->DR & (uint16_t)0x01FF);
 8007f6e:	460b      	mov	r3, r1
 8007f70:	f3c2 0208 	ubfx	r2, r2, #0, #9
 8007f74:	f823 2b02 	strh.w	r2, [r3], #2
{
 8007f78:	4619      	mov	r1, r3
 8007f7a:	e7df      	b.n	8007f3c <HAL_UART_Receive+0x2e>
          *tmp = (uint16_t)(huart->Instance->DR & (uint16_t)0x00FF);
 8007f7c:	460b      	mov	r3, r1
 8007f7e:	b2d2      	uxtb	r2, r2
 8007f80:	f823 2b01 	strh.w	r2, [r3], #1
          pData +=1U;
 8007f84:	e7f8      	b.n	8007f78 <HAL_UART_Receive+0x6a>
  while((__HAL_UART_GET_FLAG(huart, Flag) ? SET : RESET) == Status);
 8007f86:	6813      	ldr	r3, [r2, #0]
 8007f88:	069b      	lsls	r3, r3, #26
 8007f8a:	d5fc      	bpl.n	8007f86 <HAL_UART_Receive+0x78>
        if(huart->Init.Parity == UART_PARITY_NONE)
 8007f8c:	6904      	ldr	r4, [r0, #16]
          *pData++ = (uint8_t)(huart->Instance->DR & (uint8_t)0x00FF);
 8007f8e:	6852      	ldr	r2, [r2, #4]
          pData +=1U;
 8007f90:	1c4b      	adds	r3, r1, #1
        if(huart->Init.Parity == UART_PARITY_NONE)
 8007f92:	b90c      	cbnz	r4, 8007f98 <HAL_UART_Receive+0x8a>
          *pData++ = (uint8_t)(huart->Instance->DR & (uint8_t)0x007F);
 8007f94:	700a      	strb	r2, [r1, #0]
 8007f96:	e7ef      	b.n	8007f78 <HAL_UART_Receive+0x6a>
 8007f98:	f002 027f 	and.w	r2, r2, #127	; 0x7f
 8007f9c:	e7fa      	b.n	8007f94 <HAL_UART_Receive+0x86>
      return  HAL_ERROR;
 8007f9e:	2001      	movs	r0, #1
 8007fa0:	e7d5      	b.n	8007f4e <HAL_UART_Receive+0x40>
    return HAL_BUSY;
 8007fa2:	2002      	movs	r0, #2
 8007fa4:	e7d3      	b.n	8007f4e <HAL_UART_Receive+0x40>

08007fa6 <HAL_RNG_MspInit>:
  /* Prevent unused argument(s) compilation warning */
  UNUSED(hrng);
  /* NOTE : This function should not be modified. When the callback is needed,
            function HAL_RNG_MspInit must be implemented in the user file.
   */
}
 8007fa6:	4770      	bx	lr

08007fa8 <HAL_RNG_Init>:
{ 
 8007fa8:	b510      	push	{r4, lr}
  if(hrng == NULL)
 8007faa:	4604      	mov	r4, r0
 8007fac:	b1a8      	cbz	r0, 8007fda <HAL_RNG_Init+0x32>
  __HAL_LOCK(hrng);
 8007fae:	7903      	ldrb	r3, [r0, #4]
 8007fb0:	2b01      	cmp	r3, #1
 8007fb2:	d014      	beq.n	8007fde <HAL_RNG_Init+0x36>
  if(hrng->State == HAL_RNG_STATE_RESET)
 8007fb4:	7943      	ldrb	r3, [r0, #5]
 8007fb6:	f003 02ff 	and.w	r2, r3, #255	; 0xff
 8007fba:	b913      	cbnz	r3, 8007fc2 <HAL_RNG_Init+0x1a>
    hrng->Lock = HAL_UNLOCKED;
 8007fbc:	7102      	strb	r2, [r0, #4]
    HAL_RNG_MspInit(hrng);
 8007fbe:	f7ff fff2 	bl	8007fa6 <HAL_RNG_MspInit>
  __HAL_RNG_ENABLE(hrng);
 8007fc2:	6822      	ldr	r2, [r4, #0]
  hrng->State = HAL_RNG_STATE_BUSY;
 8007fc4:	2302      	movs	r3, #2
 8007fc6:	7163      	strb	r3, [r4, #5]
  __HAL_RNG_ENABLE(hrng);
 8007fc8:	6813      	ldr	r3, [r2, #0]
 8007fca:	f043 0304 	orr.w	r3, r3, #4
 8007fce:	6013      	str	r3, [r2, #0]
  __HAL_UNLOCK(hrng);
 8007fd0:	2000      	movs	r0, #0
  hrng->State = HAL_RNG_STATE_READY;
 8007fd2:	2301      	movs	r3, #1
 8007fd4:	7163      	strb	r3, [r4, #5]
  __HAL_UNLOCK(hrng);
 8007fd6:	7120      	strb	r0, [r4, #4]
}
 8007fd8:	bd10      	pop	{r4, pc}
    return HAL_ERROR;
 8007fda:	2001      	movs	r0, #1
 8007fdc:	e7fc      	b.n	8007fd8 <HAL_RNG_Init+0x30>
  __HAL_LOCK(hrng);
 8007fde:	2002      	movs	r0, #2
 8007fe0:	e7fa      	b.n	8007fd8 <HAL_RNG_Init+0x30>

08007fe2 <HAL_RNG_GenerateRandomNumber>:
  * @param  random32bit: pointer to generated random number variable if successful.
  * @retval HAL status
  */

HAL_StatusTypeDef HAL_RNG_GenerateRandomNumber(RNG_HandleTypeDef *hrng, uint32_t *random32bit)
{
 8007fe2:	b5f8      	push	{r3, r4, r5, r6, r7, lr}
  uint32_t tickstart = 0U;    
  HAL_StatusTypeDef status = HAL_OK;

  /* Process Locked */
  __HAL_LOCK(hrng); 
 8007fe4:	7903      	ldrb	r3, [r0, #4]
 8007fe6:	2b01      	cmp	r3, #1
{
 8007fe8:	4604      	mov	r4, r0
 8007fea:	460e      	mov	r6, r1
  __HAL_LOCK(hrng); 
 8007fec:	d021      	beq.n	8008032 <HAL_RNG_GenerateRandomNumber+0x50>
  
  /* Check RNG peripheral state */
  if(hrng->State == HAL_RNG_STATE_READY)
 8007fee:	7963      	ldrb	r3, [r4, #5]
  __HAL_LOCK(hrng); 
 8007ff0:	2001      	movs	r0, #1
  if(hrng->State == HAL_RNG_STATE_READY)
 8007ff2:	4283      	cmp	r3, r0
  __HAL_LOCK(hrng); 
 8007ff4:	7120      	strb	r0, [r4, #4]
  if(hrng->State == HAL_RNG_STATE_READY)
 8007ff6:	d10f      	bne.n	8008018 <HAL_RNG_GenerateRandomNumber+0x36>
  {
    /* Change RNG peripheral state */  
    hrng->State = HAL_RNG_STATE_BUSY;  
 8007ff8:	2302      	movs	r3, #2
 8007ffa:	7163      	strb	r3, [r4, #5]

    /* Get tick */
    tickstart = HAL_GetTick();
 8007ffc:	f7ff fba2 	bl	8007744 <HAL_GetTick>
 8008000:	4607      	mov	r7, r0
  
    /* Check if data register contains valid random data */
    while(__HAL_RNG_GET_FLAG(hrng, RNG_FLAG_DRDY) == RESET)
 8008002:	6822      	ldr	r2, [r4, #0]
 8008004:	6855      	ldr	r5, [r2, #4]
 8008006:	f015 0501 	ands.w	r5, r5, #1
 800800a:	d008      	beq.n	800801e <HAL_RNG_GenerateRandomNumber+0x3c>
        return HAL_TIMEOUT;
      } 
    }
  
    /* Get a 32bit Random number */
    hrng->RandomNumber = hrng->Instance->DR;
 800800c:	6893      	ldr	r3, [r2, #8]
 800800e:	60a3      	str	r3, [r4, #8]
    *random32bit = hrng->RandomNumber;
 8008010:	6033      	str	r3, [r6, #0]
  
    hrng->State = HAL_RNG_STATE_READY;
 8008012:	2301      	movs	r3, #1
 8008014:	7163      	strb	r3, [r4, #5]
  HAL_StatusTypeDef status = HAL_OK;
 8008016:	2000      	movs	r0, #0
  {
    status = HAL_ERROR;
  }
  
  /* Process Unlocked */
  __HAL_UNLOCK(hrng);
 8008018:	2300      	movs	r3, #0
 800801a:	7123      	strb	r3, [r4, #4]
  
  return status;
 800801c:	e008      	b.n	8008030 <HAL_RNG_GenerateRandomNumber+0x4e>
      if((HAL_GetTick() - tickstart ) > RNG_TIMEOUT_VALUE)
 800801e:	f7ff fb91 	bl	8007744 <HAL_GetTick>
 8008022:	1bc0      	subs	r0, r0, r7
 8008024:	2802      	cmp	r0, #2
 8008026:	d9ec      	bls.n	8008002 <HAL_RNG_GenerateRandomNumber+0x20>
        hrng->State = HAL_RNG_STATE_ERROR;
 8008028:	2304      	movs	r3, #4
 800802a:	7163      	strb	r3, [r4, #5]
        __HAL_UNLOCK(hrng);
 800802c:	7125      	strb	r5, [r4, #4]
        return HAL_TIMEOUT;
 800802e:	2003      	movs	r0, #3
}
 8008030:	bdf8      	pop	{r3, r4, r5, r6, r7, pc}
  __HAL_LOCK(hrng); 
 8008032:	2002      	movs	r0, #2
 8008034:	e7fc      	b.n	8008030 <HAL_RNG_GenerateRandomNumber+0x4e>
 8008036:	0000      	movs	r0, r0

08008038 <Reset_Handler>:
 8008038:	2100      	movs	r1, #0
 800803a:	e003      	b.n	8008044 <LoopCopyDataInit>

0800803c <CopyDataInit>:
 800803c:	4b0b      	ldr	r3, [pc, #44]	; (800806c <LoopForever+0x2>)
 800803e:	585b      	ldr	r3, [r3, r1]
 8008040:	5043      	str	r3, [r0, r1]
 8008042:	3104      	adds	r1, #4

08008044 <LoopCopyDataInit>:
 8008044:	480a      	ldr	r0, [pc, #40]	; (8008070 <LoopForever+0x6>)
 8008046:	4b0b      	ldr	r3, [pc, #44]	; (8008074 <LoopForever+0xa>)
 8008048:	1842      	adds	r2, r0, r1
 800804a:	429a      	cmp	r2, r3
 800804c:	d3f6      	bcc.n	800803c <CopyDataInit>
 800804e:	4a0a      	ldr	r2, [pc, #40]	; (8008078 <LoopForever+0xe>)
 8008050:	e002      	b.n	8008058 <LoopFillZerobss>

08008052 <FillZerobss>:
 8008052:	2300      	movs	r3, #0
 8008054:	6013      	str	r3, [r2, #0]
 8008056:	3204      	adds	r2, #4

08008058 <LoopFillZerobss>:
 8008058:	4b08      	ldr	r3, [pc, #32]	; (800807c <LoopForever+0x12>)
 800805a:	429a      	cmp	r2, r3
 800805c:	d3f9      	bcc.n	8008052 <FillZerobss>
 800805e:	f3af 8000 	nop.w
 8008062:	f7fe ff51 	bl	8006f08 <__libc_init_array>
 8008066:	f7ff f923 	bl	80072b0 <main>

0800806a <LoopForever>:
 800806a:	e7fe      	b.n	800806a <LoopForever>
 800806c:	080080c0 	.word	0x080080c0
 8008070:	20000000 	.word	0x20000000
 8008074:	20000430 	.word	0x20000430
 8008078:	20000430 	.word	0x20000430
 800807c:	20000f30 	.word	0x20000f30

08008080 <BusFault_Handler>:
 8008080:	e7fe      	b.n	8008080 <BusFault_Handler>
 8008082:	0000      	movs	r0, r0

08008084 <register_fini>:
 8008084:	4b02      	ldr	r3, [pc, #8]	; (8008090 <register_fini+0xc>)
 8008086:	b113      	cbz	r3, 800808e <register_fini+0xa>
 8008088:	4802      	ldr	r0, [pc, #8]	; (8008094 <register_fini+0x10>)
 800808a:	f7fe bf21 	b.w	8006ed0 <atexit>
 800808e:	4770      	bx	lr
 8008090:	00000000 	.word	0x00000000
 8008094:	08006edd 	.word	0x08006edd

08008098 <_init>:
 8008098:	b5f8      	push	{r3, r4, r5, r6, r7, lr}
 800809a:	bf00      	nop
 800809c:	bcf8      	pop	{r3, r4, r5, r6, r7}
 800809e:	bc08      	pop	{r3}
 80080a0:	469e      	mov	lr, r3
 80080a2:	4770      	bx	lr

080080a4 <_fini>:
 80080a4:	b5f8      	push	{r3, r4, r5, r6, r7, lr}
 80080a6:	bf00      	nop
 80080a8:	bcf8      	pop	{r3, r4, r5, r6, r7}
 80080aa:	bc08      	pop	{r3}
 80080ac:	469e      	mov	lr, r3
 80080ae:	4770      	bx	lr
